company_name,slug,url
3distica,3distica,https://3distica.zohorecruit.com/
4rsvp,4rsvp,https://4rsvp.zohorecruit.com/
abiastate,abiastate,https://abiastate.zohorecruit.com/
achievetestprep,achievetestprep,https://achievetestprep.zohorecruit.com/
acspro,acspro,https://acspro.zohorecruit.com/
adlinc,adlinc,https://adlinc.zohorecruit.com/
advice,advice,https://advice.zohorecruit.com/
aewanl,aewanl,https://aewanl.zohorecruit.com/
africanmanagers,africanmanagers,https://africanmanagers.zohorecruit.com/
airenfete,airenfete,https://airenfete.zohorecruit.com/
ajialouna,ajialouna,https://ajialouna.zohorecruit.com/
alfacorp,alfacorp,https://alfacorp.zohorecruit.com/
allegiantgiving,allegiantgiving,https://allegiantgiving.zohorecruit.com/
anglo,anglo,https://anglo.zohorecruit.com/
anscer,anscer,https://anscer.zohorecruit.com/
atlasadvisors,atlasadvisors,https://atlasadvisors.zohorecruit.com/
atribsmetscon,atribsmetscon,https://atribsmetscon.zohorecruit.com/
autocorp,autocorp,https://autocorp.zohorecruit.com/
autoprint,autoprint,https://autoprint.zohorecruit.com/
avertra,avertra,https://avertra.zohorecruit.com/
avstaffingsolutions,avstaffingsolutions,https://avstaffingsolutions.zohorecruit.com/
aztia,aztia,https://aztia.zohorecruit.com/
babbangona,babbangona,https://babbangona.zohorecruit.com/
balfindevelopment,balfindevelopment,https://balfindevelopment.zohorecruit.com/
benorelogistics,benorelogistics,https://benorelogistics.zohorecruit.com/
bgplimited,bgplimited,https://bgplimited.zohorecruit.com/
bizeasy,bizeasy,https://bizeasy.zohorecruit.com/
blackwhite,blackwhite,https://blackwhite.zohorecruit.com/
blizservices,blizservices,https://blizservices.zohorecruit.com/
bluedotinsights,bluedotinsights,https://bluedotinsights.zohorecruit.com/
bluepearl,bluepearl,https://bluepearl.zohorecruit.com/
boomering,boomering,https://boomering.zohorecruit.com/
breadpartners,breadpartners,https://breadpartners.zohorecruit.com/
bruntwork,bruntwork,https://bruntwork.zohorecruit.com/
cantatahealth,cantatahealth,https://cantatahealth.zohorecruit.com/
casfod,casfod,https://casfod.zohorecruit.com/
cassotis,cassotis,https://cassotis.zohorecruit.com/
cccartagena,cccartagena,https://cccartagena.zohorecruit.com/
centiwise,centiwise,https://centiwise.zohorecruit.com/
centralacademy,centralacademy,https://centralacademy.zohorecruit.com/
christiansonco,christiansonco,https://christiansonco.zohorecruit.com/
cigmotors,cigmotors,https://cigmotors.zohorecruit.com/
cii,cii,https://cii.zohorecruit.com/
citykart,citykart,https://citykart.zohorecruit.com/
cloudtophealth,cloudtophealth,https://cloudtophealth.zohorecruit.com/
clusterlab,clusterlab,https://clusterlab.zohorecruit.com/
codroiditlabs,codroiditlabs,https://codroiditlabs.zohorecruit.com/
colband,colband,https://colband.zohorecruit.com/
compassmaritimegroup,compassmaritimegroup,https://compassmaritimegroup.zohorecruit.com/
conestogac,conestogac,https://conestogac.zohorecruit.com/
conseg,conseg,https://conseg.zohorecruit.com/
coorb,coorb,https://coorb.zohorecruit.com/
coronishealth,coronishealth,https://coronishealth.zohorecruit.com/
corviaconsulting,corviaconsulting,https://corviaconsulting.zohorecruit.com/
credpal,credpal,https://credpal.zohorecruit.com/
crtconstruction,crtconstruction,https://crtconstruction.zohorecruit.com/
cybergate,cybergate,https://cybergate.zohorecruit.com/
cybhumanresources,cybhumanresources,https://cybhumanresources.zohorecruit.com/
cydome,cydome,https://cydome.zohorecruit.com/
datacouch,datacouch,https://datacouch.zohorecruit.com/
delcen,delcen,https://delcen.zohorecruit.com/
delisoft,delisoft,https://delisoft.zohorecruit.com/
dengage,dengage,https://dengage.zohorecruit.com/
deployedstaff,deployedstaff,https://deployedstaff.zohorecruit.com/
dhk,dhk,https://dhk.zohorecruit.com/
dlk,dlk,https://dlk.zohorecruit.com/
easmed,easmed,https://easmed.zohorecruit.com/
easternrealmsolns,easternrealmsolns,https://easternrealmsolns.zohorecruit.com/
ecentric,ecentric,https://ecentric.zohorecruit.com/
ecoste,ecoste,https://ecoste.zohorecruit.com/
edgegrowth,edgegrowth,https://edgegrowth.zohorecruit.com/
elitepa,elitepa,https://elitepa.zohorecruit.com/
emiratespark,emiratespark,https://emiratespark.zohorecruit.com/
empleate,empleate,https://empleate.zohorecruit.com/
eprfireworks,eprfireworks,https://eprfireworks.zohorecruit.com/
erxgroup,erxgroup,https://erxgroup.zohorecruit.com/
execo,execo,https://execo.zohorecruit.com/
faviogroup,faviogroup,https://faviogroup.zohorecruit.com/
fetola,fetola,https://fetola.zohorecruit.com/
fhsafrica,fhsafrica,https://fhsafrica.zohorecruit.com/
firstdue,firstdue,https://firstdue.zohorecruit.com/
fiveriverstech,fiveriverstech,https://fiveriverstech.zohorecruit.com/
flatworldsolutions,flatworldsolutions,https://flatworldsolutions.zohorecruit.com/
flexisaf,flexisaf,https://flexisaf.zohorecruit.com/
friedompartners,friedompartners,https://friedompartners.zohorecruit.com/
fulcrumdigital,fulcrumdigital,https://fulcrumdigital.zohorecruit.com/
fullscale,fullscale,https://fullscale.zohorecruit.com/
fuseitglobal,fuseitglobal,https://fuseitglobal.zohorecruit.com/
gbh,gbh,https://gbh.zohorecruit.com/
genworx,genworx,https://genworx.zohorecruit.com/
giga,giga,https://giga.zohorecruit.com/
govfirst,govfirst,https://govfirst.zohorecruit.com/
greenwheels,greenwheels,https://greenwheels.zohorecruit.com/
grobocopatel,grobocopatel,https://grobocopatel.zohorecruit.com/
groupethomassin,groupethomassin,https://groupethomassin.zohorecruit.com/
groupetremblay,groupetremblay,https://groupetremblay.zohorecruit.com/
gtbank,gtbank,https://gtbank.zohorecruit.com/
harborhotelcuracao,harborhotelcuracao,https://harborhotelcuracao.zohorecruit.com/
hardwarecompletezw,hardwarecompletezw,https://hardwarecompletezw.zohorecruit.com/
hcmsnv,hcmsnv,https://hcmsnv.zohorecruit.com/
heritagehealthnetwork,heritagehealthnetwork,https://heritagehealthnetwork.zohorecruit.com/
hirewith,hirewith,https://hirewith.zohorecruit.com/
hitchpay,hitchpay,https://hitchpay.zohorecruit.com/
hivepro,hivepro,https://hivepro.zohorecruit.com/
housecall,housecall,https://housecall.zohorecruit.com/
hqmena,hqmena,https://hqmena.zohorecruit.com/
hrcapinc,hrcapinc,https://hrcapinc.zohorecruit.com/
hrknowledgesource,hrknowledgesource,https://hrknowledgesource.zohorecruit.com/
hyreharperco,hyreharperco,https://hyreharperco.zohorecruit.com/
ifitnesscentre,ifitnesscentre,https://ifitnesscentre.zohorecruit.com/
illa,illa,https://illa.zohorecruit.com/
imexcargo,imexcargo,https://imexcargo.zohorecruit.com/
incubxperts,incubxperts,https://incubxperts.zohorecruit.com/
indiumsoft,indiumsoft,https://indiumsoft.zohorecruit.com/
indusaction,indusaction,https://indusaction.zohorecruit.com/
infomazeelite,infomazeelite,https://infomazeelite.zohorecruit.com/
infoya,infoya,https://infoya.zohorecruit.com/
intelehealth,intelehealth,https://intelehealth.zohorecruit.com/
intelexoutsourcing,intelexoutsourcing,https://intelexoutsourcing.zohorecruit.com/
intense,intense,https://intense.zohorecruit.com/
internationaldevelopmentgroup,internationaldevelopmentgroup,https://internationaldevelopmentgroup.zohorecruit.com/
invent,invent,https://invent.zohorecruit.com/
inzone,inzone,https://inzone.zohorecruit.com/
ireplyservices,ireplyservices,https://ireplyservices.zohorecruit.com/
irisexecutives,irisexecutives,https://irisexecutives.zohorecruit.com/
jadagroup,jadagroup,https://jadagroup.zohorecruit.com/
jamppharma,jamppharma,https://jamppharma.zohorecruit.com/
jngroup,jngroup,https://jngroup.zohorecruit.com/
jobmada,jobmada,https://jobmada.zohorecruit.com/
johnvents,johnvents,https://johnvents.zohorecruit.com/
jsrservices,jsrservices,https://jsrservices.zohorecruit.com/
jumpup,jumpup,https://jumpup.zohorecruit.com/
jvhumancapital,jvhumancapital,https://jvhumancapital.zohorecruit.com/
kaptiva,kaptiva,https://kaptiva.zohorecruit.com/
keld,keld,https://keld.zohorecruit.com/
keliserh,keliserh,https://keliserh.zohorecruit.com/
kellergroupstaffing,kellergroupstaffing,https://kellergroupstaffing.zohorecruit.com/
kethelogroup,kethelogroup,https://kethelogroup.zohorecruit.com/
knightfrank,knightfrank,https://knightfrank.zohorecruit.com/
koantek,koantek,https://koantek.zohorecruit.com/
korridor,korridor,https://korridor.zohorecruit.com/
kratikal,kratikal,https://kratikal.zohorecruit.com/
kunodigital,kunodigital,https://kunodigital.zohorecruit.com/
lakeviewfarms,lakeviewfarms,https://lakeviewfarms.zohorecruit.com/
landingkorea,landingkorea,https://landingkorea.zohorecruit.com/
leadintop,leadintop,https://leadintop.zohorecruit.com/
levanteholding,levanteholding,https://levanteholding.zohorecruit.com/
lifekeyhealth,lifekeyhealth,https://lifekeyhealth.zohorecruit.com/
lignumsecurity,lignumsecurity,https://lignumsecurity.zohorecruit.com/
lithan,lithan,https://lithan.zohorecruit.com/
littlethinkerkw,littlethinkerkw,https://littlethinkerkw.zohorecruit.com/
lroserecruiting,lroserecruiting,https://lroserecruiting.zohorecruit.com/
luminarytalent,luminarytalent,https://luminarytalent.zohorecruit.com/
luxerone,luxerone,https://luxerone.zohorecruit.com/
macro,macro,https://macro.zohorecruit.com/
maetzco,maetzco,https://maetzco.zohorecruit.com/
manpowerchile,manpowerchile,https://manpowerchile.zohorecruit.com/
maplabs,maplabs,https://maplabs.zohorecruit.com/
marylandprinthouse,marylandprinthouse,https://marylandprinthouse.zohorecruit.com/
mazad,mazad,https://mazad.zohorecruit.com/
mcbrideconsulting,mcbrideconsulting,https://mcbrideconsulting.zohorecruit.com/
mhforce,mhforce,https://mhforce.zohorecruit.com/
mileseducation,mileseducation,https://mileseducation.zohorecruit.com/
mindwaysconsultancy,mindwaysconsultancy,https://mindwaysconsultancy.zohorecruit.com/
multimodalventures,multimodalventures,https://multimodalventures.zohorecruit.com/
mycareerplus,mycareerplus,https://mycareerplus.zohorecruit.com/
myredemption,myredemption,https://myredemption.zohorecruit.com/
nacita,nacita,https://nacita.zohorecruit.com/
ncircletech,ncircletech,https://ncircletech.zohorecruit.com/
nestara,nestara,https://nestara.zohorecruit.com/
netforemost,netforemost,https://netforemost.zohorecruit.com/
neurodiversitycentre,neurodiversitycentre,https://neurodiversitycentre.zohorecruit.com/
ngf,ngf,https://ngf.zohorecruit.com/
novalink-solutions,novalink-solutions,https://novalink-solutions.zohorecruit.com/
ns,ns,https://ns.zohorecruit.com/
nvestateplan,nvestateplan,https://nvestateplan.zohorecruit.com/
nwmea,nwmea,https://nwmea.zohorecruit.com/
oneacrefund,oneacrefund,https://oneacrefund.zohorecruit.com/
onenergy,onenergy,https://onenergy.zohorecruit.com/
onfleekq,onfleekq,https://onfleekq.zohorecruit.com/
opentrain,opentrain,https://opentrain.zohorecruit.com/
optimusbank,optimusbank,https://optimusbank.zohorecruit.com/
orientatalent,orientatalent,https://orientatalent.zohorecruit.com/
osctopsolutionsgroup,osctopsolutionsgroup,https://osctopsolutionsgroup.zohorecruit.com/
osillocpa,osillocpa,https://osillocpa.zohorecruit.com/
ourtelekom,ourtelekom,https://ourtelekom.zohorecruit.com/
outsourceaccess,outsourceaccess,https://outsourceaccess.zohorecruit.com/
outsourcedcfo,outsourcedcfo,https://outsourcedcfo.zohorecruit.com/
oysteryachts,oysteryachts,https://oysteryachts.zohorecruit.com/
pacificaircrew,pacificaircrew,https://pacificaircrew.zohorecruit.com/
pacificmanpower,pacificmanpower,https://pacificmanpower.zohorecruit.com/
panafricantowers,panafricantowers,https://panafricantowers.zohorecruit.com/
paradigminfoservices,paradigminfoservices,https://paradigminfoservices.zohorecruit.com/
paraguru,paraguru,https://paraguru.zohorecruit.com/
pasona,pasona,https://pasona.zohorecruit.com/
peoplepartnersbpo,peoplepartnersbpo,https://peoplepartnersbpo.zohorecruit.com/
phosaane,phosaane,https://phosaane.zohorecruit.com/
pineviewbuildings,pineviewbuildings,https://pineviewbuildings.zohorecruit.com/
pipelinemedical,pipelinemedical,https://pipelinemedical.zohorecruit.com/
primeinfra,primeinfra,https://primeinfra.zohorecruit.com/
promove,promove,https://promove.zohorecruit.com/
qatargreenleaders,qatargreenleaders,https://qatargreenleaders.zohorecruit.com/
qrcgroup,qrcgroup,https://qrcgroup.zohorecruit.com/
radiantbiz,radiantbiz,https://radiantbiz.zohorecruit.com/
redfrogsolutions,redfrogsolutions,https://redfrogsolutions.zohorecruit.com/
releveenforce,releveenforce,https://releveenforce.zohorecruit.com/
remoteoffice,remoteoffice,https://remoteoffice.zohorecruit.com/
revelstaffing,revelstaffing,https://revelstaffing.zohorecruit.com/
roomigroup,roomigroup,https://roomigroup.zohorecruit.com/
royalinstitute,royalinstitute,https://royalinstitute.zohorecruit.com/
sadjawebsolutions,sadjawebsolutions,https://sadjawebsolutions.zohorecruit.com/
salesworx,salesworx,https://salesworx.zohorecruit.com/
saludmasin,saludmasin,https://saludmasin.zohorecruit.com/
sandymacevolution,sandymacevolution,https://sandymacevolution.zohorecruit.com/
scale-x,scale-x,https://scale-x.zohorecruit.com/
scopicsoftware,scopicsoftware,https://scopicsoftware.zohorecruit.com/
searchlabs,searchlabs,https://searchlabs.zohorecruit.com/
sebenzana,sebenzana,https://sebenzana.zohorecruit.com/
sentientmedia,sentientmedia,https://sentientmedia.zohorecruit.com/
ship2shoreemploy,ship2shoreemploy,https://ship2shoreemploy.zohorecruit.com/
shortlist,shortlist,https://shortlist.zohorecruit.com/
slashstaffing,slashstaffing,https://slashstaffing.zohorecruit.com/
smartstart,smartstart,https://smartstart.zohorecruit.com/
solaireresort,solaireresort,https://solaireresort.zohorecruit.com/
spanishschool,spanishschool,https://spanishschool.zohorecruit.com/
spassu,spassu,https://spassu.zohorecruit.com/
srssu,srssu,https://srssu.zohorecruit.com/
startmea,startmea,https://startmea.zohorecruit.com/
stutzen,stutzen,https://stutzen.zohorecruit.com/
stylopay,stylopay,https://stylopay.zohorecruit.com/
sumotech,sumotech,https://sumotech.zohorecruit.com/
suzega,suzega,https://suzega.zohorecruit.com/
svengroup,svengroup,https://svengroup.zohorecruit.com/
talentelitegroup,talentelitegroup,https://talentelitegroup.zohorecruit.com/
talentohumanogrupounicomerhn,talentohumanogrupounicomerhn,https://talentohumanogrupounicomerhn.zohorecruit.com/
talenture,talenture,https://talenture.zohorecruit.com/
tasind,tasind,https://tasind.zohorecruit.com/
tdcgroupltd,tdcgroupltd,https://tdcgroupltd.zohorecruit.com/
teachtheworldfoundation,teachtheworldfoundation,https://teachtheworldfoundation.zohorecruit.com/
telecel,telecel,https://telecel.zohorecruit.com/
testrite,testrite,https://testrite.zohorecruit.com/
theateroutsource,theateroutsource,https://theateroutsource.zohorecruit.com/
thecleardesk,thecleardesk,https://thecleardesk.zohorecruit.com/
thehrsource,thehrsource,https://thehrsource.zohorecruit.com/
theoperator,theoperator,https://theoperator.zohorecruit.com/
theponigroup,theponigroup,https://theponigroup.zohorecruit.com/
thestaffpad,thestaffpad,https://thestaffpad.zohorecruit.com/
thetrashgurus,thetrashgurus,https://thetrashgurus.zohorecruit.com/
tpn,tpn,https://tpn.zohorecruit.com/
truechoicepack,truechoicepack,https://truechoicepack.zohorecruit.com/
ubuhlebezwe,ubuhlebezwe,https://ubuhlebezwe.zohorecruit.com/
ultracon,ultracon,https://ultracon.zohorecruit.com/
ultrarecruitment,ultrarecruitment,https://ultrarecruitment.zohorecruit.com/
uniqusus,uniqusus,https://uniqusus.zohorecruit.com/
unixlog,unixlog,https://unixlog.zohorecruit.com/
upestagio,upestagio,https://upestagio.zohorecruit.com/
valerionhealth,valerionhealth,https://valerionhealth.zohorecruit.com/
valleyhospital,valleyhospital,https://valleyhospital.zohorecruit.com/
vecros,vecros,https://vecros.zohorecruit.com/
velaio,velaio,https://velaio.zohorecruit.com/
vinfast,vinfast,https://vinfast.zohorecruit.com/
virgoandariesrecruiting,virgoandariesrecruiting,https://virgoandariesrecruiting.zohorecruit.com/
vmglabs,vmglabs,https://vmglabs.zohorecruit.com/
voltraceway,voltraceway,https://voltraceway.zohorecruit.com/
vstglobal,vstglobal,https://vstglobal.zohorecruit.com/
vulcanmetalgroup,vulcanmetalgroup,https://vulcanmetalgroup.zohorecruit.com/
wbw,wbw,https://wbw.zohorecruit.com/
weareaugustus,weareaugustus,https://weareaugustus.zohorecruit.com/
weaverecohome,weaverecohome,https://weaverecohome.zohorecruit.com/
wfgrp,wfgrp,https://wfgrp.zohorecruit.com/
wishacloud,wishacloud,https://wishacloud.zohorecruit.com/
workbetternow,workbetternow,https://workbetternow.zohorecruit.com/
workmate,workmate,https://workmate.zohorecruit.com/
xyntekinc,xyntekinc,https://xyntekinc.zohorecruit.com/
yusudi,yusudi,https://yusudi.zohorecruit.com/
zellatech,zellatech,https://zellatech.zohorecruit.com/
zylkersg,zylkersg,https://zylkersg.zohorecruit.com/
theluxurypergola,theluxurypergola,https://theluxurypergola.zohorecruit.com/
caregivershhs,caregivershhs,https://caregivershhs.zohorecruit.com/
energypal,energypal,https://energypal.zohorecruit.com/
faircode,faircode,https://faircode.zohorecruit.com/
houstonjewish,houstonjewish,https://houstonjewish.zohorecruit.com/
retailo,retailo,https://retailo.zohorecruit.com/
staffinginmotion,staffinginmotion,https://staffinginmotion.zohorecruit.com/
eticas,eticas,https://eticas.zohorecruit.com/
sopharmaegypt,sopharmaegypt,https://sopharmaegypt.zohorecruit.com/
clhebronenterprises,clhebronenterprises,https://clhebronenterprises.zohorecruit.com/
comunicagroup,comunicagroup,https://comunicagroup.zohorecruit.com/
techfriar,techfriar,https://techfriar.zohorecruit.com/
translationexcellence,translationexcellence,https://translationexcellence.zohorecruit.com/
hardbeauty,hardbeauty,https://hardbeauty.zohorecruit.com/
njlawn,njlawn,https://njlawn.zohorecruit.com/
plexitydigital,plexitydigital,https://plexitydigital.zohorecruit.com/
groupepmi,groupepmi,https://groupepmi.zohorecruit.com/
naos,naos,https://naos.zohorecruit.com/
hireblox,hireblox,https://hireblox.zohorecruit.com/
offineeds,offineeds,https://offineeds.zohorecruit.com/
cloud-kinetics,cloud-kinetics,https://cloud-kinetics.zohorecruit.com/
iqo,iqo,https://iqo.zohorecruit.com/
jobspy,jobspy,https://jobspy.zohorecruit.com/
paragonnutrishop,paragonnutrishop,https://paragonnutrishop.zohorecruit.com/
roof-tech,roof-tech,https://roof-tech.zohorecruit.com/
allurecommerce,allurecommerce,https://allurecommerce.zohorecruit.com/
career-mover,career-mover,https://career-mover.zohorecruit.com/
emhla,emhla,https://emhla.zohorecruit.com/
espprosearch,espprosearch,https://espprosearch.zohorecruit.com/
rhrexpert,rhrexpert,https://rhrexpert.zohorecruit.com/
thecareerpeak,thecareerpeak,https://thecareerpeak.zohorecruit.com/
rag-talent,rag-talent,https://rag-talent.zohorecruit.com/
wilqo,wilqo,https://wilqo.zohorecruit.com/
bkomstudios,bkomstudios,https://bkomstudios.zohorecruit.com/
rplglobal,rplglobal,https://rplglobal.zohorecruit.com/
opportunityeducation,opportunityeducation,https://opportunityeducation.zohorecruit.com/
temporis-franchise,temporis-franchise,https://temporis-franchise.zohorecruit.com/
3rdpartypeople,3rdpartypeople,https://3rdpartypeople.zohorecruit.com/
lavendo,lavendo,https://lavendo.zohorecruit.com/
quanticohr,quanticohr,https://quanticohr.zohorecruit.com/
thetonictech,thetonictech,https://thetonictech.zohorecruit.com/
criontech,criontech,https://criontech.zohorecruit.com/
admindanalytics,admindanalytics,https://admindanalytics.zohorecruit.com/
alohaconsulting,alohaconsulting,https://alohaconsulting.zohorecruit.com/
benisontech,benisontech,https://benisontech.zohorecruit.com/
employmentprocessgroup,employmentprocessgroup,https://employmentprocessgroup.zohorecruit.com/
tribaja,tribaja,https://tribaja.zohorecruit.com/
envoyhealth,envoyhealth,https://envoyhealth.zohorecruit.com/
genesis-executivesearch,genesis-executivesearch,https://genesis-executivesearch.zohorecruit.com/
getyouhousekeeping,getyouhousekeeping,https://getyouhousekeeping.zohorecruit.com/
grupoprominente,grupoprominente,https://grupoprominente.zohorecruit.com/
canadianhealthcare-agency,canadianhealthcare-agency,https://canadianhealthcare-agency.zohorecruit.com/
acedafrica,acedafrica,https://acedafrica.zohorecruit.com/
talent-trace,talent-trace,https://talent-trace.zohorecruit.com/
elham,elham,https://elham.zohorecruit.com/
grovetechnicalgroup,grovetechnicalgroup,https://grovetechnicalgroup.zohorecruit.com/
plugsmart,plugsmart,https://plugsmart.zohorecruit.com/
strongsystems,strongsystems,https://strongsystems.zohorecruit.com/
synoriq,synoriq,https://synoriq.zohorecruit.com/
bmr,bmr,https://bmr.zohorecruit.com/
jackieserviss,jackieserviss,https://jackieserviss.zohorecruit.com/
rimrocktechnology,rimrocktechnology,https://rimrocktechnology.zohorecruit.com/
tecology,tecology,https://tecology.zohorecruit.com/
goredex,goredex,https://goredex.zohorecruit.com/
turtle-tortoise,turtle-tortoise,https://turtle-tortoise.zohorecruit.com/
megaservicio,megaservicio,https://megaservicio.zohorecruit.com/
raseel,raseel,https://raseel.zohorecruit.com/
whyknottravel,whyknottravel,https://whyknottravel.zohorecruit.com/
reachsummit,reachsummit,https://reachsummit.zohorecruit.com/
frg,frg,https://frg.zohorecruit.com/
recruitners,recruitners,https://recruitners.zohorecruit.com/
virtualassistantcanada,virtualassistantcanada,https://virtualassistantcanada.zohorecruit.com/
jfkapnektrust,jfkapnektrust,https://jfkapnektrust.zohorecruit.com/
larseng11n,larseng11n,https://larseng11n.zohorecruit.com/
muawin,muawin,https://muawin.zohorecruit.com/
oxxousa,oxxousa,https://oxxousa.zohorecruit.com/
altice,altice,https://altice.zohorecruit.com/
fundacionmerced,fundacionmerced,https://fundacionmerced.zohorecruit.com/
grupoav,grupoav,https://grupoav.zohorecruit.com/
institech,institech,https://institech.zohorecruit.com/
mainstream-corp,mainstream-corp,https://mainstream-corp.zohorecruit.com/
perspective,perspective,https://perspective.zohorecruit.com/
zenatta,zenatta,https://zenatta.zohorecruit.com/
exteriorpoint,exteriorpoint,https://exteriorpoint.zohorecruit.com/
kanerika,kanerika,https://kanerika.zohorecruit.com/
seerbit,seerbit,https://seerbit.zohorecruit.com/
thesosainsurancegroup,thesosainsurancegroup,https://thesosainsurancegroup.zohorecruit.com/
unifiedmicro,unifiedmicro,https://unifiedmicro.zohorecruit.com/
gbda,gbda,https://gbda.zohorecruit.com/
engage,engage,https://engage.zohorecruit.com/
sharafdg,sharafdg,https://sharafdg.zohorecruit.com/
ixana,ixana,https://ixana.zohorecruit.com/
collierrecruitment,collierrecruitment,https://collierrecruitment.zohorecruit.com/
heartlandroofingandsiding,heartlandroofingandsiding,https://heartlandroofingandsiding.zohorecruit.com/
achcstaffing,achcstaffing,https://achcstaffing.zohorecruit.com/
cmalliance,cmalliance,https://cmalliance.zohorecruit.com/
teamfocusdirect,teamfocusdirect,https://teamfocusdirect.zohorecruit.com/
teamgreenberg,teamgreenberg,https://teamgreenberg.zohorecruit.com/
discoveryhousemontessori,discoveryhousemontessori,https://discoveryhousemontessori.zohorecruit.com/
flipr,flipr,https://flipr.zohorecruit.com/
panagoragroup,panagoragroup,https://panagoragroup.zohorecruit.com/
team-up,team-up,https://team-up.zohorecruit.com/
careernexus,careernexus,https://careernexus.zohorecruit.com/
cscs,cscs,https://cscs.zohorecruit.com/
resolutor-ti,resolutor-ti,https://resolutor-ti.zohorecruit.com/
swineworks,swineworks,https://swineworks.zohorecruit.com/
ikonicsolution,ikonicsolution,https://ikonicsolution.zohorecruit.com/
kodelabs,kodelabs,https://kodelabs.zohorecruit.com/
oraclerms,oraclerms,https://oraclerms.zohorecruit.com/
zem,zem,https://zem.zohorecruit.com/
drivelinesolutions,drivelinesolutions,https://drivelinesolutions.zohorecruit.com/
ordergrid,ordergrid,https://ordergrid.zohorecruit.com/
stateside,stateside,https://stateside.zohorecruit.com/
hawaiiagriculturallaborsolutions,hawaiiagriculturallaborsolutions,https://hawaiiagriculturallaborsolutions.zohorecruit.com/
greencoverseed,greencoverseed,https://greencoverseed.zohorecruit.com/
jobvous,jobvous,https://jobvous.zohorecruit.com/
waxed,waxed,https://waxed.zohorecruit.com/
benchmarkgoc,benchmarkgoc,https://benchmarkgoc.zohorecruit.com/
neoconnection,neoconnection,https://neoconnection.zohorecruit.com/
transmaldivian,transmaldivian,https://transmaldivian.zohorecruit.com/
trinnusrh,trinnusrh,https://trinnusrh.zohorecruit.com/
capitect,capitect,https://capitect.zohorecruit.com/
civa,civa,https://civa.zohorecruit.com/
holmelectric,holmelectric,https://holmelectric.zohorecruit.com/
merimesolutions,merimesolutions,https://merimesolutions.zohorecruit.com/
renmoney,renmoney,https://renmoney.zohorecruit.com/
yourdockexperts,yourdockexperts,https://yourdockexperts.zohorecruit.com/
oryxuni,oryxuni,https://oryxuni.zohorecruit.com/
rentingcarz,rentingcarz,https://rentingcarz.zohorecruit.com/
sumterlocalgovconsulting,sumterlocalgovconsulting,https://sumterlocalgovconsulting.zohorecruit.com/
dafatercareers,dafatercareers,https://dafatercareers.zohorecruit.com/
tsp,tsp,https://tsp.zohorecruit.com/
avivys,avivys,https://avivys.zohorecruit.com/
theglassjar,theglassjar,https://theglassjar.zohorecruit.com/
22miles,22miles,https://22miles.zohorecruit.com/
agencesolutes,agencesolutes,https://agencesolutes.zohorecruit.com/
confiemx-taadmin,confiemx-taadmin,https://confiemx-taadmin.zohorecruit.com/
mytalentpartners,mytalentpartners,https://mytalentpartners.zohorecruit.com/
square-1-recruitment,square-1-recruitment,https://square-1-recruitment.zohorecruit.com/
techfirstgulf,techfirstgulf,https://techfirstgulf.zohorecruit.com/
toprestogroup,toprestogroup,https://toprestogroup.zohorecruit.com/
careersinghana,careersinghana,https://careersinghana.zohorecruit.com/
diskal,diskal,https://diskal.zohorecruit.com/
rmsi,rmsi,https://rmsi.zohorecruit.com/
technaus,technaus,https://technaus.zohorecruit.com/
bsoln,bsoln,https://bsoln.zohorecruit.com/
globalrights,globalrights,https://globalrights.zohorecruit.com/
bani,bani,https://bani.zohorecruit.com/
emdstrategies,emdstrategies,https://emdstrategies.zohorecruit.com/
talentshark,talentshark,https://talentshark.zohorecruit.com/
wisenhr,wisenhr,https://wisenhr.zohorecruit.com/
aeolusbot,aeolusbot,https://aeolusbot.zohorecruit.com/
carelabz,carelabz,https://carelabz.zohorecruit.com/
bukable,bukable,https://bukable.zohorecruit.com/
dikshafoundation,dikshafoundation,https://dikshafoundation.zohorecruit.com/
mangrovenetworks,mangrovenetworks,https://mangrovenetworks.zohorecruit.com/
suncountrylandscape,suncountrylandscape,https://suncountrylandscape.zohorecruit.com/
cxksa,cxksa,https://cxksa.zohorecruit.com/
g4cebpo,g4cebpo,https://g4cebpo.zohorecruit.com/
virtumarc,virtumarc,https://virtumarc.zohorecruit.com/
ddxasia,ddxasia,https://ddxasia.zohorecruit.com/
goshare,goshare,https://goshare.zohorecruit.com/
art-ambulance,art-ambulance,https://art-ambulance.zohorecruit.com/
comaeaconsulting,comaeaconsulting,https://comaeaconsulting.zohorecruit.com/
macan-recrutement,macan-recrutement,https://macan-recrutement.zohorecruit.com/
imv-ci,imv-ci,https://imv-ci.zohorecruit.com/
leadingandlearning,leadingandlearning,https://leadingandlearning.zohorecruit.com/
indexinfotech,indexinfotech,https://indexinfotech.zohorecruit.com/
dinamicapps,dinamicapps,https://dinamicapps.zohorecruit.com/
rhainternational,rhainternational,https://rhainternational.zohorecruit.com/
cgasaves,cgasaves,https://cgasaves.zohorecruit.com/
chemexglobal,chemexglobal,https://chemexglobal.zohorecruit.com/
readinessit,readinessit,https://readinessit.zohorecruit.com/
savvysearch,savvysearch,https://savvysearch.zohorecruit.com/
winni,winni,https://winni.zohorecruit.com/
ababusinessgrowth,ababusinessgrowth,https://ababusinessgrowth.zohorecruit.com/
curotec,curotec,https://curotec.zohorecruit.com/
arielstaffing,arielstaffing,https://arielstaffing.zohorecruit.com/
quant,quant,https://quant.zohorecruit.com/
tfnrealty,tfnrealty,https://tfnrealty.zohorecruit.com/
habaripay,habaripay,https://habaripay.zohorecruit.com/
hammercontractors,hammercontractors,https://hammercontractors.zohorecruit.com/
instalimb,instalimb,https://instalimb.zohorecruit.com/
lukhozi,lukhozi,https://lukhozi.zohorecruit.com/
materialesdefabrica,materialesdefabrica,https://materialesdefabrica.zohorecruit.com/
sapiensdev,sapiensdev,https://sapiensdev.zohorecruit.com/
shadhavar,shadhavar,https://shadhavar.zohorecruit.com/
boavaga,boavaga,https://boavaga.zohorecruit.com/
donweb,donweb,https://donweb.zohorecruit.com/
ecolesouslemanguier,ecolesouslemanguier,https://ecolesouslemanguier.zohorecruit.com/
eficacia,eficacia,https://eficacia.zohorecruit.com/
gtcoplc,gtcoplc,https://gtcoplc.zohorecruit.com/
penntacticalsolutions,penntacticalsolutions,https://penntacticalsolutions.zohorecruit.com/
dplit,dplit,https://dplit.zohorecruit.com/
e3,e3,https://e3.zohorecruit.com/
ryandonner,ryandonner,https://ryandonner.zohorecruit.com/
ziyanaconsulting,ziyanaconsulting,https://ziyanaconsulting.zohorecruit.com/
gosecurtec,gosecurtec,https://gosecurtec.zohorecruit.com/
cyraacs,cyraacs,https://cyraacs.zohorecruit.com/
newfangledstudios,newfangledstudios,https://newfangledstudios.zohorecruit.com/
rmteam,rmteam,https://rmteam.zohorecruit.com/
solutionstobias,solutionstobias,https://solutionstobias.zohorecruit.com/
daskuwait,daskuwait,https://daskuwait.zohorecruit.com/
prayerattheheart,prayerattheheart,https://prayerattheheart.zohorecruit.com/
theenrichery,theenrichery,https://theenrichery.zohorecruit.com/
bytelabs,bytelabs,https://bytelabs.zohorecruit.com/
lendmarq,lendmarq,https://lendmarq.zohorecruit.com/
sarhaneg,sarhaneg,https://sarhaneg.zohorecruit.com/
youritrecruiter,youritrecruiter,https://youritrecruiter.zohorecruit.com/
3kmenergy,3kmenergy,https://3kmenergy.zohorecruit.com/
bra,bra,https://bra.zohorecruit.com/
eerme,eerme,https://eerme.zohorecruit.com/
trytalenthackers,trytalenthackers,https://trytalenthackers.zohorecruit.com/
aswav,aswav,https://aswav.zohorecruit.com/
buzzimpressions,buzzimpressions,https://buzzimpressions.zohorecruit.com/
innovativesystems,innovativesystems,https://innovativesystems.zohorecruit.com/
avetiumconsult,avetiumconsult,https://avetiumconsult.zohorecruit.com/
brahmavid,brahmavid,https://brahmavid.zohorecruit.com/
chiratae,chiratae,https://chiratae.zohorecruit.com/
marutee,marutee,https://marutee.zohorecruit.com/
sarasanalytics,sarasanalytics,https://sarasanalytics.zohorecruit.com/
dominionconsultingng,dominionconsultingng,https://dominionconsultingng.zohorecruit.com/
pando,pando,https://pando.zohorecruit.com/
verso,verso,https://verso.zohorecruit.com/
viravira,viravira,https://viravira.zohorecruit.com/
cvpeopleglobal-uganda,cvpeopleglobal-uganda,https://cvpeopleglobal-uganda.zohorecruit.com/
etech,etech,https://etech.zohorecruit.com/
hrcoachonline,hrcoachonline,https://hrcoachonline.zohorecruit.com/
joingivers,joingivers,https://joingivers.zohorecruit.com/
mallette-estqc,mallette-estqc,https://mallette-estqc.zohorecruit.com/
maverickedutech,maverickedutech,https://maverickedutech.zohorecruit.com/
capitalsage,capitalsage,https://capitalsage.zohorecruit.com/
skybrid,skybrid,https://skybrid.zohorecruit.com/
sphere-media,sphere-media,https://sphere-media.zohorecruit.com/
tysonmutrux,tysonmutrux,https://tysonmutrux.zohorecruit.com/
blazesoft,blazesoft,https://blazesoft.zohorecruit.com/
farmstore99,farmstore99,https://farmstore99.zohorecruit.com/
gard,gard,https://gard.zohorecruit.com/
gg-insurance,gg-insurance,https://gg-insurance.zohorecruit.com/
gpmmom,gpmmom,https://gpmmom.zohorecruit.com/
jugnu,jugnu,https://jugnu.zohorecruit.com/
cghpi,cghpi,https://cghpi.zohorecruit.com/
getitalent,getitalent,https://getitalent.zohorecruit.com/
synopticit,synopticit,https://synopticit.zohorecruit.com/
alwaysanswer,alwaysanswer,https://alwaysanswer.zohorecruit.com/
audax,audax,https://audax.zohorecruit.com/
istitutomarangoni-miami,istitutomarangoni-miami,https://istitutomarangoni-miami.zohorecruit.com/
pyxai,pyxai,https://pyxai.zohorecruit.com/
squeakyservices,squeakyservices,https://squeakyservices.zohorecruit.com/
tangramvision,tangramvision,https://tangramvision.zohorecruit.com/
cable-services,cable-services,https://cable-services.zohorecruit.com/
ymunow,ymunow,https://ymunow.zohorecruit.com/
jcperreault,jcperreault,https://jcperreault.zohorecruit.com/
mcpl,mcpl,https://mcpl.zohorecruit.com/
launchpadco,launchpadco,https://launchpadco.zohorecruit.com/
rincontechnicalsearch,rincontechnicalsearch,https://rincontechnicalsearch.zohorecruit.com/
constellation4,constellation4,https://constellation4.zohorecruit.com/
360recruitinggroup,360recruitinggroup,https://360recruitinggroup.zohorecruit.com/
betteroutcomeshomecare,betteroutcomeshomecare,https://betteroutcomeshomecare.zohorecruit.com/
experis,experis,https://experis.zohorecruit.com/
solidsystems,solidsystems,https://solidsystems.zohorecruit.com/
pycs,pycs,https://pycs.zohorecruit.com/
soharportandfreezone,soharportandfreezone,https://soharportandfreezone.zohorecruit.com/
icaasia,icaasia,https://icaasia.zohorecruit.com/
parried,parried,https://parried.zohorecruit.com/
amazingbusinessresults,amazingbusinessresults,https://amazingbusinessresults.zohorecruit.com/
aussiepaintersnetwork,aussiepaintersnetwork,https://aussiepaintersnetwork.zohorecruit.com/
marktine,marktine,https://marktine.zohorecruit.com/
mouhima,mouhima,https://mouhima.zohorecruit.com/
frostsolutions,frostsolutions,https://frostsolutions.zohorecruit.com/
petitsfreres,petitsfreres,https://petitsfreres.zohorecruit.com/
businessalliance,businessalliance,https://businessalliance.zohorecruit.com/
finreglab,finreglab,https://finreglab.zohorecruit.com/
bothand,bothand,https://bothand.zohorecruit.com/
agileprosolutions,agileprosolutions,https://agileprosolutions.zohorecruit.com/
fortemauctrix,fortemauctrix,https://fortemauctrix.zohorecruit.com/
curb360,curb360,https://curb360.zohorecruit.com/
gamalearnss,gamalearnss,https://gamalearnss.zohorecruit.com/
hatanga,hatanga,https://hatanga.zohorecruit.com/
mogulchix,mogulchix,https://mogulchix.zohorecruit.com/
piccobev,piccobev,https://piccobev.zohorecruit.com/
sakshi,sakshi,https://sakshi.zohorecruit.com/
designed,designed,https://designed.zohorecruit.com/
nationalheroescouncil,nationalheroescouncil,https://nationalheroescouncil.zohorecruit.com/
phoenixemploymentsolutions,phoenixemploymentsolutions,https://phoenixemploymentsolutions.zohorecruit.com/
united-exports,united-exports,https://united-exports.zohorecruit.com/
almanagroup,almanagroup,https://almanagroup.zohorecruit.com/
autochek,autochek,https://autochek.zohorecruit.com/
creditvidya,creditvidya,https://creditvidya.zohorecruit.com/
eliasitconsulting,eliasitconsulting,https://eliasitconsulting.zohorecruit.com/
getdatabees,getdatabees,https://getdatabees.zohorecruit.com/
globalclique,globalclique,https://globalclique.zohorecruit.com/
newhope-cdc,newhope-cdc,https://newhope-cdc.zohorecruit.com/
sparkleandshine,sparkleandshine,https://sparkleandshine.zohorecruit.com/
thriveelectrify,thriveelectrify,https://thriveelectrify.zohorecruit.com/
adelphimedicalstaffing,adelphimedicalstaffing,https://adelphimedicalstaffing.zohorecruit.com/
cascadecareers,cascadecareers,https://cascadecareers.zohorecruit.com/
e2zconsultants,e2zconsultants,https://e2zconsultants.zohorecruit.com/
tuconstruction,tuconstruction,https://tuconstruction.zohorecruit.com/
airtimeflip,airtimeflip,https://airtimeflip.zohorecruit.com/
cometeer,cometeer,https://cometeer.zohorecruit.com/
groupermo,groupermo,https://groupermo.zohorecruit.com/
orcus,orcus,https://orcus.zohorecruit.com/
totemlabs,totemlabs,https://totemlabs.zohorecruit.com/
astroloyalty,astroloyalty,https://astroloyalty.zohorecruit.com/
kashier,kashier,https://kashier.zohorecruit.com/
mastertech,mastertech,https://mastertech.zohorecruit.com/
archcorp,archcorp,https://archcorp.zohorecruit.com/
figlab,figlab,https://figlab.zohorecruit.com/
bestaxca,bestaxca,https://bestaxca.zohorecruit.com/
potentiaworkforce,potentiaworkforce,https://potentiaworkforce.zohorecruit.com/
medleadcareers,medleadcareers,https://medleadcareers.zohorecruit.com/
nationalot,nationalot,https://nationalot.zohorecruit.com/
pattersondove,pattersondove,https://pattersondove.zohorecruit.com/
brealant,brealant,https://brealant.zohorecruit.com/
fesdc,fesdc,https://fesdc.zohorecruit.com/
adhesion,adhesion,https://adhesion.zohorecruit.com/
contractorforeman,contractorforeman,https://contractorforeman.zohorecruit.com/
yourteaminternational,yourteaminternational,https://yourteaminternational.zohorecruit.com/
allforonefundraising,allforonefundraising,https://allforonefundraising.zohorecruit.com/
barkera,barkera,https://barkera.zohorecruit.com/
counthq,counthq,https://counthq.zohorecruit.com/
web-adl,web-adl,https://web-adl.zohorecruit.com/
c4cloud,c4cloud,https://c4cloud.zohorecruit.com/
nexusmarketing,nexusmarketing,https://nexusmarketing.zohorecruit.com/
proscore,proscore,https://proscore.zohorecruit.com/
studio4,studio4,https://studio4.zohorecruit.com/
talent-shore,talent-shore,https://talent-shore.zohorecruit.com/
cubcreeksciencecamp,cubcreeksciencecamp,https://cubcreeksciencecamp.zohorecruit.com/
getscandium,getscandium,https://getscandium.zohorecruit.com/
jobboxja,jobboxja,https://jobboxja.zohorecruit.com/
solaireentertainment,solaireentertainment,https://solaireentertainment.zohorecruit.com/
climateaction,climateaction,https://climateaction.zohorecruit.com/
precisionmedicalbilling,precisionmedicalbilling,https://precisionmedicalbilling.zohorecruit.com/
dmcdubai,dmcdubai,https://dmcdubai.zohorecruit.com/
passionimo,passionimo,https://passionimo.zohorecruit.com/
levillagecowork,levillagecowork,https://levillagecowork.zohorecruit.com/
almawolf,almawolf,https://almawolf.zohorecruit.com/
greekhouse,greekhouse,https://greekhouse.zohorecruit.com/
healthcare-united,healthcare-united,https://healthcare-united.zohorecruit.com/
jmango360,jmango360,https://jmango360.zohorecruit.com/
jobsbuddy,jobsbuddy,https://jobsbuddy.zohorecruit.com/
lisaprop,lisaprop,https://lisaprop.zohorecruit.com/
developers,developers,https://developers.zohorecruit.com/
getbrightwatch,getbrightwatch,https://getbrightwatch.zohorecruit.com/
infoarabmedia,infoarabmedia,https://infoarabmedia.zohorecruit.com/
nextrow,nextrow,https://nextrow.zohorecruit.com/
staffingsolutionsltc,staffingsolutionsltc,https://staffingsolutionsltc.zohorecruit.com/
ladwigconsulting,ladwigconsulting,https://ladwigconsulting.zohorecruit.com/
kounsel,kounsel,https://kounsel.zohorecruit.com/
sea,sea,https://sea.zohorecruit.com/
vetcheckforpets,vetcheckforpets,https://vetcheckforpets.zohorecruit.com/
elastacloud,elastacloud,https://elastacloud.zohorecruit.com/
prorec,prorec,https://prorec.zohorecruit.com/
vikint,vikint,https://vikint.zohorecruit.com/
lacroix-institute,lacroix-institute,https://lacroix-institute.zohorecruit.com/
lawnsbeyond,lawnsbeyond,https://lawnsbeyond.zohorecruit.com/
assuranceamerica,assuranceamerica,https://assuranceamerica.zohorecruit.com/
insurewithpetra,insurewithpetra,https://insurewithpetra.zohorecruit.com/
smartlogistica,smartlogistica,https://smartlogistica.zohorecruit.com/
wired,wired,https://wired.zohorecruit.com/
pawait,pawait,https://pawait.zohorecruit.com/
nirvanamanagedservices,nirvanamanagedservices,https://nirvanamanagedservices.zohorecruit.com/
trueimpact,trueimpact,https://trueimpact.zohorecruit.com/
paragonhomecare,paragonhomecare,https://paragonhomecare.zohorecruit.com/
antiboringproject,antiboringproject,https://antiboringproject.zohorecruit.com/
cakedefi,cakedefi,https://cakedefi.zohorecruit.com/
hiresparks,hiresparks,https://hiresparks.zohorecruit.com/
fenetresmagistral,fenetresmagistral,https://fenetresmagistral.zohorecruit.com/
powergen-re,powergen-re,https://powergen-re.zohorecruit.com/
sisimagroup,sisimagroup,https://sisimagroup.zohorecruit.com/
mindaharts,mindaharts,https://mindaharts.zohorecruit.com/
sirenassociates,sirenassociates,https://sirenassociates.zohorecruit.com/
yes-pac,yes-pac,https://yes-pac.zohorecruit.com/
bezla,bezla,https://bezla.zohorecruit.com/
futurexme,futurexme,https://futurexme.zohorecruit.com/
interfell,interfell,https://interfell.zohorecruit.com/
cloudangles,cloudangles,https://cloudangles.zohorecruit.com/
veteranseducatingveterans,veteranseducatingveterans,https://veteranseducatingveterans.zohorecruit.com/
24x7direct,24x7direct,https://24x7direct.zohorecruit.com/
sproutly,sproutly,https://sproutly.zohorecruit.com/
thesoulfactor,thesoulfactor,https://thesoulfactor.zohorecruit.com/
dlapiperafrica,dlapiperafrica,https://dlapiperafrica.zohorecruit.com/
sectona,sectona,https://sectona.zohorecruit.com/
ahlihospital,ahlihospital,https://ahlihospital.zohorecruit.com/
wowremoteteams,wowremoteteams,https://wowremoteteams.zohorecruit.com/
singota,singota,https://singota.zohorecruit.com/
tmdpersonnel,tmdpersonnel,https://tmdpersonnel.zohorecruit.com/
tongues,tongues,https://tongues.zohorecruit.com/
masterstart,masterstart,https://masterstart.zohorecruit.com/
onagent,onagent,https://onagent.zohorecruit.com/
siconrevan,siconrevan,https://siconrevan.zohorecruit.com/
softwareestrategico,softwareestrategico,https://softwareestrategico.zohorecruit.com/
thebrdge,thebrdge,https://thebrdge.zohorecruit.com/
cause-capacity,cause-capacity,https://cause-capacity.zohorecruit.com/
royalbasketballschool,royalbasketballschool,https://royalbasketballschool.zohorecruit.com/
hrdrecruitment,hrdrecruitment,https://hrdrecruitment.zohorecruit.com/
sharepal,sharepal,https://sharepal.zohorecruit.com/
shopmaivie,shopmaivie,https://shopmaivie.zohorecruit.com/
drbdistribution,drbdistribution,https://drbdistribution.zohorecruit.com/
nubedinamica,nubedinamica,https://nubedinamica.zohorecruit.com/
topwork,topwork,https://topwork.zohorecruit.com/
eduplace,eduplace,https://eduplace.zohorecruit.com/
sfstress,sfstress,https://sfstress.zohorecruit.com/
pacificfocus,pacificfocus,https://pacificfocus.zohorecruit.com/
sol-ark,sol-ark,https://sol-ark.zohorecruit.com/
5ire,5ire,https://5ire.zohorecruit.com/
paragon,paragon,https://paragon.zohorecruit.com/
blackcatdesign,blackcatdesign,https://blackcatdesign.zohorecruit.com/
frice-la,frice-la,https://frice-la.zohorecruit.com/
futurestaffinggroup,futurestaffinggroup,https://futurestaffinggroup.zohorecruit.com/
securesight,securesight,https://securesight.zohorecruit.com/
penthara,penthara,https://penthara.zohorecruit.com/
routerstack,routerstack,https://routerstack.zohorecruit.com/
th-staffing,th-staffing,https://th-staffing.zohorecruit.com/
csmisolutions,csmisolutions,https://csmisolutions.zohorecruit.com/
life1intl,life1intl,https://life1intl.zohorecruit.com/
billboxx,billboxx,https://billboxx.zohorecruit.com/
extratik,extratik,https://extratik.zohorecruit.com/
hyremote,hyremote,https://hyremote.zohorecruit.com/
midisgroup,midisgroup,https://midisgroup.zohorecruit.com/
visionplus,visionplus,https://visionplus.zohorecruit.com/
globaladmissions,globaladmissions,https://globaladmissions.zohorecruit.com/
woodlandsnorth,woodlandsnorth,https://woodlandsnorth.zohorecruit.com/
transitionsc,transitionsc,https://transitionsc.zohorecruit.com/
wnweb,wnweb,https://wnweb.zohorecruit.com/
auray,auray,https://auray.zohorecruit.com/
myelement,myelement,https://myelement.zohorecruit.com/
natuv,natuv,https://natuv.zohorecruit.com/
aviationgategroup,aviationgategroup,https://aviationgategroup.zohorecruit.com/
memorableescapes,memorableescapes,https://memorableescapes.zohorecruit.com/
naztecstaffing,naztecstaffing,https://naztecstaffing.zohorecruit.com/
arkpeoplesolutions,arkpeoplesolutions,https://arkpeoplesolutions.zohorecruit.com/
mediaman,mediaman,https://mediaman.zohorecruit.com/
milano,milano,https://milano.zohorecruit.com/
ringleader,ringleader,https://ringleader.zohorecruit.com/
sprint,sprint,https://sprint.zohorecruit.com/
cpinainsure,cpinainsure,https://cpinainsure.zohorecruit.com/
cybercentaurs,cybercentaurs,https://cybercentaurs.zohorecruit.com/
dulibaninsurance,dulibaninsurance,https://dulibaninsurance.zohorecruit.com/
ortsa,ortsa,https://ortsa.zohorecruit.com/
salientprocess,salientprocess,https://salientprocess.zohorecruit.com/
behalf,behalf,https://behalf.zohorecruit.com/
inphase,inphase,https://inphase.zohorecruit.com/
solarworksenergy,solarworksenergy,https://solarworksenergy.zohorecruit.com/
tricera,tricera,https://tricera.zohorecruit.com/
virtualtalentlatam,virtualtalentlatam,https://virtualtalentlatam.zohorecruit.com/
acq,acq,https://acq.zohorecruit.com/
aosis,aosis,https://aosis.zohorecruit.com/
credrails,credrails,https://credrails.zohorecruit.com/
worldlink-us,worldlink-us,https://worldlink-us.zohorecruit.com/
digidarts,digidarts,https://digidarts.zohorecruit.com/
kwara,kwara,https://kwara.zohorecruit.com/
vitalitemw,vitalitemw,https://vitalitemw.zohorecruit.com/
decasonic,decasonic,https://decasonic.zohorecruit.com/
infosecventures,infosecventures,https://infosecventures.zohorecruit.com/
lobb,lobb,https://lobb.zohorecruit.com/
inet,inet,https://inet.zohorecruit.com/
kbctechnologies,kbctechnologies,https://kbctechnologies.zohorecruit.com/
searchpartyrecruiting,searchpartyrecruiting,https://searchpartyrecruiting.zohorecruit.com/
sharcenergy,sharcenergy,https://sharcenergy.zohorecruit.com/
ampplacement,ampplacement,https://ampplacement.zohorecruit.com/
icredit,icredit,https://icredit.zohorecruit.com/
moreelastic,moreelastic,https://moreelastic.zohorecruit.com/
thecjid,thecjid,https://thecjid.zohorecruit.com/
trendsetterengineering,trendsetterengineering,https://trendsetterengineering.zohorecruit.com/
yourgesture,yourgesture,https://yourgesture.zohorecruit.com/
yourteaminasia,yourteaminasia,https://yourteaminasia.zohorecruit.com/
alintatechsolutions,alintatechsolutions,https://alintatechsolutions.zohorecruit.com/
alttek,alttek,https://alttek.zohorecruit.com/
angeldreamdestinations,angeldreamdestinations,https://angeldreamdestinations.zohorecruit.com/
angelica-residence,angelica-residence,https://angelica-residence.zohorecruit.com/
deskimate,deskimate,https://deskimate.zohorecruit.com/
lafontaineinc,lafontaineinc,https://lafontaineinc.zohorecruit.com/
centriz,centriz,https://centriz.zohorecruit.com/
galagroup,galagroup,https://galagroup.zohorecruit.com/
lefebvrebenoit,lefebvrebenoit,https://lefebvrebenoit.zohorecruit.com/
wotech,wotech,https://wotech.zohorecruit.com/
globish,globish,https://globish.zohorecruit.com/
nigerianwomentrustfund,nigerianwomentrustfund,https://nigerianwomentrustfund.zohorecruit.com/
nomba,nomba,https://nomba.zohorecruit.com/
docprep911,docprep911,https://docprep911.zohorecruit.com/
maidoardmore,maidoardmore,https://maidoardmore.zohorecruit.com/
augustinfotech,augustinfotech,https://augustinfotech.zohorecruit.com/
diversitydynasty,diversitydynasty,https://diversitydynasty.zohorecruit.com/
nannyninja,nannyninja,https://nannyninja.zohorecruit.com/
servicecore,servicecore,https://servicecore.zohorecruit.com/
sun360,sun360,https://sun360.zohorecruit.com/
bookyourdata,bookyourdata,https://bookyourdata.zohorecruit.com/
bulldog24x7,bulldog24x7,https://bulldog24x7.zohorecruit.com/
capital-jobs,capital-jobs,https://capital-jobs.zohorecruit.com/
epoxygenius,epoxygenius,https://epoxygenius.zohorecruit.com/
stellis,stellis,https://stellis.zohorecruit.com/
crmexpertsonline,crmexpertsonline,https://crmexpertsonline.zohorecruit.com/
dektech,dektech,https://dektech.zohorecruit.com/
leverture,leverture,https://leverture.zohorecruit.com/
tradelanes,tradelanes,https://tradelanes.zohorecruit.com/
novellaafrica,novellaafrica,https://novellaafrica.zohorecruit.com/
ke-actionagainsthunger,ke-actionagainsthunger,https://ke-actionagainsthunger.zohorecruit.com/
cvaphilippines,cvaphilippines,https://cvaphilippines.zohorecruit.com/
intellectualclouds,intellectualclouds,https://intellectualclouds.zohorecruit.com/
millennialassistants,millennialassistants,https://millennialassistants.zohorecruit.com/
secureitsecurities,secureitsecurities,https://secureitsecurities.zohorecruit.com/
wiluapp,wiluapp,https://wiluapp.zohorecruit.com/
getlivewire,getlivewire,https://getlivewire.zohorecruit.com/
litterati,litterati,https://litterati.zohorecruit.com/
lighthouse-therapy,lighthouse-therapy,https://lighthouse-therapy.zohorecruit.com/
sabi,sabi,https://sabi.zohorecruit.com/
een,een,https://een.zohorecruit.com/
alahlymomkn,alahlymomkn,https://alahlymomkn.zohorecruit.com/
expertiserecruitment,expertiserecruitment,https://expertiserecruitment.zohorecruit.com/
hotlinesone,hotlinesone,https://hotlinesone.zohorecruit.com/
skyviewadvisors,skyviewadvisors,https://skyviewadvisors.zohorecruit.com/
gsf-canada,gsf-canada,https://gsf-canada.zohorecruit.com/
ourpass,ourpass,https://ourpass.zohorecruit.com/
prbythebook,prbythebook,https://prbythebook.zohorecruit.com/
rksdesign,rksdesign,https://rksdesign.zohorecruit.com/
aberdeenathome,aberdeenathome,https://aberdeenathome.zohorecruit.com/
bigrattle,bigrattle,https://bigrattle.zohorecruit.com/
corerecruitingroup,corerecruitingroup,https://corerecruitingroup.zohorecruit.com/
jemmoma,jemmoma,https://jemmoma.zohorecruit.com/
cookpolitical,cookpolitical,https://cookpolitical.zohorecruit.com/
patternedlearning,patternedlearning,https://patternedlearning.zohorecruit.com/
nimble-cr,nimble-cr,https://nimble-cr.zohorecruit.com/
medpromedicalbilling,medpromedicalbilling,https://medpromedicalbilling.zohorecruit.com/
prizon,prizon,https://prizon.zohorecruit.com/
educohire,educohire,https://educohire.zohorecruit.com/
inventamea,inventamea,https://inventamea.zohorecruit.com/
pressone,pressone,https://pressone.zohorecruit.com/
techwish,techwish,https://techwish.zohorecruit.com/
alset,alset,https://alset.zohorecruit.com/
codebleu,codebleu,https://codebleu.zohorecruit.com/
grepsr,grepsr,https://grepsr.zohorecruit.com/
toco,toco,https://toco.zohorecruit.com/
monsterjey,monsterjey,https://monsterjey.zohorecruit.com/
consultlemonade,consultlemonade,https://consultlemonade.zohorecruit.com/
drivex,drivex,https://drivex.zohorecruit.com/
eigermarvelhr,eigermarvelhr,https://eigermarvelhr.zohorecruit.com/
crossbowlabs,crossbowlabs,https://crossbowlabs.zohorecruit.com/
myconnectx,myconnectx,https://myconnectx.zohorecruit.com/
pmostrategies,pmostrategies,https://pmostrategies.zohorecruit.com/
arianerealestate,arianerealestate,https://arianerealestate.zohorecruit.com/
cvpeopletanzania,cvpeopletanzania,https://cvpeopletanzania.zohorecruit.com/
ribbitzllc,ribbitzllc,https://ribbitzllc.zohorecruit.com/
star-knowledge,star-knowledge,https://star-knowledge.zohorecruit.com/
unit21,unit21,https://unit21.zohorecruit.com/
vitae-recrutement,vitae-recrutement,https://vitae-recrutement.zohorecruit.com/
avlc,avlc,https://avlc.zohorecruit.com/
gigmile,gigmile,https://gigmile.zohorecruit.com/
kdp,kdp,https://kdp.zohorecruit.com/
togetherbc,togetherbc,https://togetherbc.zohorecruit.com/
cultivahr,cultivahr,https://cultivahr.zohorecruit.com/
famasi,famasi,https://famasi.zohorecruit.com/
fluidtruck,fluidtruck,https://fluidtruck.zohorecruit.com/
indussystem,indussystem,https://indussystem.zohorecruit.com/
teamsquared,teamsquared,https://teamsquared.zohorecruit.com/
actsearch,actsearch,https://actsearch.zohorecruit.com/
dubimed,dubimed,https://dubimed.zohorecruit.com/
equesrecruiting,equesrecruiting,https://equesrecruiting.zohorecruit.com/
medlintc,medlintc,https://medlintc.zohorecruit.com/
mimmikasu,mimmikasu,https://mimmikasu.zohorecruit.com/
originfin,originfin,https://originfin.zohorecruit.com/
indata,indata,https://indata.zohorecruit.com/
silainsights,silainsights,https://silainsights.zohorecruit.com/
superiorboiler,superiorboiler,https://superiorboiler.zohorecruit.com/
wwfindia,wwfindia,https://wwfindia.zohorecruit.com/
cirrusav,cirrusav,https://cirrusav.zohorecruit.com/
ageye,ageye,https://ageye.zohorecruit.com/
bidlist,bidlist,https://bidlist.zohorecruit.com/
careersite,careersite,https://careersite.zohorecruit.com/
savvyhrpartner,savvyhrpartner,https://savvyhrpartner.zohorecruit.com/
yourhealthstaff,yourhealthstaff,https://yourhealthstaff.zohorecruit.com/
ancient,ancient,https://ancient.zohorecruit.com/
bwmc,bwmc,https://bwmc.zohorecruit.com/
mycommunity,mycommunity,https://mycommunity.zohorecruit.com/
core3,core3,https://core3.zohorecruit.com/
marcopolo-holidays,marcopolo-holidays,https://marcopolo-holidays.zohorecruit.com/
trefoilsearch,trefoilsearch,https://trefoilsearch.zohorecruit.com/
8bridgestalent,8bridgestalent,https://8bridgestalent.zohorecruit.com/
luchismart,luchismart,https://luchismart.zohorecruit.com/
trytoast,trytoast,https://trytoast.zohorecruit.com/
innoova,innoova,https://innoova.zohorecruit.com/
masadirservices,masadirservices,https://masadirservices.zohorecruit.com/
smart-infrastructure,smart-infrastructure,https://smart-infrastructure.zohorecruit.com/
axcesstms,axcesstms,https://axcesstms.zohorecruit.com/
azm,azm,https://azm.zohorecruit.com/
starguidehr,starguidehr,https://starguidehr.zohorecruit.com/
westhealthspa,westhealthspa,https://westhealthspa.zohorecruit.com/
applikarte,applikarte,https://applikarte.zohorecruit.com/
aventos,aventos,https://aventos.zohorecruit.com/
icschools,icschools,https://icschools.zohorecruit.com/
languagerecruiters-initiatelr,languagerecruiters-initiatelr,https://languagerecruiters-initiatelr.zohorecruit.com/
thelakhanigroup,thelakhanigroup,https://thelakhanigroup.zohorecruit.com/
uaqchamber,uaqchamber,https://uaqchamber.zohorecruit.com/
dawarconsulting,dawarconsulting,https://dawarconsulting.zohorecruit.com/
masterwise,masterwise,https://masterwise.zohorecruit.com/
metaresourcesgroup,metaresourcesgroup,https://metaresourcesgroup.zohorecruit.com/
beautyinbeyond,beautyinbeyond,https://beautyinbeyond.zohorecruit.com/
transoptimum,transoptimum,https://transoptimum.zohorecruit.com/
emu,emu,https://emu.zohorecruit.com/
aptun,aptun,https://aptun.zohorecruit.com/
bridgerphotonics,bridgerphotonics,https://bridgerphotonics.zohorecruit.com/
medfuse,medfuse,https://medfuse.zohorecruit.com/
traveljsp,traveljsp,https://traveljsp.zohorecruit.com/
frogenv,frogenv,https://frogenv.zohorecruit.com/
linkedva,linkedva,https://linkedva.zohorecruit.com/
aoprllc,aoprllc,https://aoprllc.zohorecruit.com/
infoverity,infoverity,https://infoverity.zohorecruit.com/
tyfone,tyfone,https://tyfone.zohorecruit.com/
goroameo,goroameo,https://goroameo.zohorecruit.com/
rectrain,rectrain,https://rectrain.zohorecruit.com/
cleaningresource,cleaningresource,https://cleaningresource.zohorecruit.com/
globeintegrity,globeintegrity,https://globeintegrity.zohorecruit.com/
niht-india,niht-india,https://niht-india.zohorecruit.com/
rapid-erp,rapid-erp,https://rapid-erp.zohorecruit.com/
cbdnational,cbdnational,https://cbdnational.zohorecruit.com/
corbeilelectro,corbeilelectro,https://corbeilelectro.zohorecruit.com/
mallette-sag,mallette-sag,https://mallette-sag.zohorecruit.com/
mati,mati,https://mati.zohorecruit.com/
monaire,monaire,https://monaire.zohorecruit.com/
hcfoman,hcfoman,https://hcfoman.zohorecruit.com/
hst-et,hst-et,https://hst-et.zohorecruit.com/
kiwibot,kiwibot,https://kiwibot.zohorecruit.com/
onlineinfatuation,onlineinfatuation,https://onlineinfatuation.zohorecruit.com/
recruitingunderground,recruitingunderground,https://recruitingunderground.zohorecruit.com/
reesk,reesk,https://reesk.zohorecruit.com/
702auctions,702auctions,https://702auctions.zohorecruit.com/
akmv,akmv,https://akmv.zohorecruit.com/
compassafc,compassafc,https://compassafc.zohorecruit.com/
ehstaffing,ehstaffing,https://ehstaffing.zohorecruit.com/
mimshacgroup,mimshacgroup,https://mimshacgroup.zohorecruit.com/
paykobo,paykobo,https://paykobo.zohorecruit.com/
mdgadvertising,mdgadvertising,https://mdgadvertising.zohorecruit.com/
oldcitycoffee,oldcitycoffee,https://oldcitycoffee.zohorecruit.com/
rdts,rdts,https://rdts.zohorecruit.com/
vitrinclinic,vitrinclinic,https://vitrinclinic.zohorecruit.com/
cifor,cifor,https://cifor.zohorecruit.com/
resal,resal,https://resal.zohorecruit.com/
snap-14,snap-14,https://snap-14.zohorecruit.com/
speccon,speccon,https://speccon.zohorecruit.com/
vinrocket,vinrocket,https://vinrocket.zohorecruit.com/
tanmyah,tanmyah,https://tanmyah.zohorecruit.com/
theworks,theworks,https://theworks.zohorecruit.com/
btn-solutions,btn-solutions,https://btn-solutions.zohorecruit.com/
vanguardprepacademy,vanguardprepacademy,https://vanguardprepacademy.zohorecruit.com/
datapar,datapar,https://datapar.zohorecruit.com/
workcentral,workcentral,https://workcentral.zohorecruit.com/
connexionrecrutement,connexionrecrutement,https://connexionrecrutement.zohorecruit.com/
ecobank,ecobank,https://ecobank.zohorecruit.com/
postmilitary,postmilitary,https://postmilitary.zohorecruit.com/
premiersoin,premiersoin,https://premiersoin.zohorecruit.com/
thestemmlergroup,thestemmlergroup,https://thestemmlergroup.zohorecruit.com/
ifundi,ifundi,https://ifundi.zohorecruit.com/
cortecpro,cortecpro,https://cortecpro.zohorecruit.com/
webnotics,webnotics,https://webnotics.zohorecruit.com/
fccsingapore,fccsingapore,https://fccsingapore.zohorecruit.com/
hoptek,hoptek,https://hoptek.zohorecruit.com/
uknetworksservices,uknetworksservices,https://uknetworksservices.zohorecruit.com/
globbing,globbing,https://globbing.zohorecruit.com/
knncorporates,knncorporates,https://knncorporates.zohorecruit.com/
stratlytics,stratlytics,https://stratlytics.zohorecruit.com/
deltacrontech,deltacrontech,https://deltacrontech.zohorecruit.com/
kceadventures,kceadventures,https://kceadventures.zohorecruit.com/
oakgrovesearch,oakgrovesearch,https://oakgrovesearch.zohorecruit.com/
buildup,buildup,https://buildup.zohorecruit.com/
ergodeinc,ergodeinc,https://ergodeinc.zohorecruit.com/
gomvp,gomvp,https://gomvp.zohorecruit.com/
gsecanada,gsecanada,https://gsecanada.zohorecruit.com/
pinerium,pinerium,https://pinerium.zohorecruit.com/
dunnandbraxton,dunnandbraxton,https://dunnandbraxton.zohorecruit.com/
pxlp,pxlp,https://pxlp.zohorecruit.com/
thecru,thecru,https://thecru.zohorecruit.com/
vsmerlot,vsmerlot,https://vsmerlot.zohorecruit.com/
seoclarity,seoclarity,https://seoclarity.zohorecruit.com/
itslgroup,itslgroup,https://itslgroup.zohorecruit.com/
lancastersearch,lancastersearch,https://lancastersearch.zohorecruit.com/
sprandco,sprandco,https://sprandco.zohorecruit.com/
hybridmediaworks,hybridmediaworks,https://hybridmediaworks.zohorecruit.com/
navigatenewhorizons,navigatenewhorizons,https://navigatenewhorizons.zohorecruit.com/
shinesolutions,shinesolutions,https://shinesolutions.zohorecruit.com/
simpliance,simpliance,https://simpliance.zohorecruit.com/
stacklr,stacklr,https://stacklr.zohorecruit.com/
bizfirst,bizfirst,https://bizfirst.zohorecruit.com/
geminilegalpros,geminilegalpros,https://geminilegalpros.zohorecruit.com/
gu-recruitment,gu-recruitment,https://gu-recruitment.zohorecruit.com/
reperagemarketing,reperagemarketing,https://reperagemarketing.zohorecruit.com/
gloscale,gloscale,https://gloscale.zohorecruit.com/
gtrworldwide,gtrworldwide,https://gtrworldwide.zohorecruit.com/
agrimatics,agrimatics,https://agrimatics.zohorecruit.com/
solutionsft,solutionsft,https://solutionsft.zohorecruit.com/
twenti,twenti,https://twenti.zohorecruit.com/
availproject,availproject,https://availproject.zohorecruit.com/
cxtsoftware,cxtsoftware,https://cxtsoftware.zohorecruit.com/
geodnet,geodnet,https://geodnet.zohorecruit.com/
stafide,stafide,https://stafide.zohorecruit.com/
greerfinancialservices,greerfinancialservices,https://greerfinancialservices.zohorecruit.com/
howelladvertising,howelladvertising,https://howelladvertising.zohorecruit.com/
hpamembers,hpamembers,https://hpamembers.zohorecruit.com/
aestheticrecord,aestheticrecord,https://aestheticrecord.zohorecruit.com/
automaximizer,automaximizer,https://automaximizer.zohorecruit.com/
gepcomtech,gepcomtech,https://gepcomtech.zohorecruit.com/
fulcrumgrowth,fulcrumgrowth,https://fulcrumgrowth.zohorecruit.com/
grupocahema,grupocahema,https://grupocahema.zohorecruit.com/
nimidev,nimidev,https://nimidev.zohorecruit.com/
ruheglobalresources,ruheglobalresources,https://ruheglobalresources.zohorecruit.com/
sorensenstaffing,sorensenstaffing,https://sorensenstaffing.zohorecruit.com/
ruvos,ruvos,https://ruvos.zohorecruit.com/
searchfundventures,searchfundventures,https://searchfundventures.zohorecruit.com/
softxpert,softxpert,https://softxpert.zohorecruit.com/
wellnessproinc,wellnessproinc,https://wellnessproinc.zohorecruit.com/
alteraconsulting-altera,alteraconsulting-altera,https://alteraconsulting-altera.zohorecruit.com/
askworkforce,askworkforce,https://askworkforce.zohorecruit.com/
comcast,comcast,https://comcast.zohorecruit.com/
jetbro,jetbro,https://jetbro.zohorecruit.com/
nucleom,nucleom,https://nucleom.zohorecruit.com/
nxdt,nxdt,https://nxdt.zohorecruit.com/
partnerstaffing,partnerstaffing,https://partnerstaffing.zohorecruit.com/
synkron-international,synkron-international,https://synkron-international.zohorecruit.com/
gracetransport,gracetransport,https://gracetransport.zohorecruit.com/
visavie,visavie,https://visavie.zohorecruit.com/
fenalcoantioquia,fenalcoantioquia,https://fenalcoantioquia.zohorecruit.com/
gulfsouthroofing,gulfsouthroofing,https://gulfsouthroofing.zohorecruit.com/
apolloxcm,apolloxcm,https://apolloxcm.zohorecruit.com/
uzenzele,uzenzele,https://uzenzele.zohorecruit.com/
ciamagnifier,ciamagnifier,https://ciamagnifier.zohorecruit.com/
gatesourcehrus,gatesourcehrus,https://gatesourcehrus.zohorecruit.com/
thefreelancefirm,thefreelancefirm,https://thefreelancefirm.zohorecruit.com/
zidainvest,zidainvest,https://zidainvest.zohorecruit.com/
caymanairways,caymanairways,https://caymanairways.zohorecruit.com/
jumla,jumla,https://jumla.zohorecruit.com/
neelgai,neelgai,https://neelgai.zohorecruit.com/
thepush,thepush,https://thepush.zohorecruit.com/
domesticsupport,domesticsupport,https://domesticsupport.zohorecruit.com/
ecologyottawa,ecologyottawa,https://ecologyottawa.zohorecruit.com/
ribatis,ribatis,https://ribatis.zohorecruit.com/
usconnectmobile,usconnectmobile,https://usconnectmobile.zohorecruit.com/
diversifiedinc,diversifiedinc,https://diversifiedinc.zohorecruit.com/
edmyst,edmyst,https://edmyst.zohorecruit.com/
groupevitae,groupevitae,https://groupevitae.zohorecruit.com/
hytechprous,hytechprous,https://hytechprous.zohorecruit.com/
logotech,logotech,https://logotech.zohorecruit.com/
2023canadagames,2023canadagames,https://2023canadagames.zohorecruit.com/
emiratalent,emiratalent,https://emiratalent.zohorecruit.com/
sarc-maryland,sarc-maryland,https://sarc-maryland.zohorecruit.com/
transom-group,transom-group,https://transom-group.zohorecruit.com/
virtualprofessional,virtualprofessional,https://virtualprofessional.zohorecruit.com/
myatlantapropertypros,myatlantapropertypros,https://myatlantapropertypros.zohorecruit.com/
gwgllc,gwgllc,https://gwgllc.zohorecruit.com/
move2usajobs,move2usajobs,https://move2usajobs.zohorecruit.com/
pivotalperformancegroup,pivotalperformancegroup,https://pivotalperformancegroup.zohorecruit.com/
solutiongate,solutiongate,https://solutiongate.zohorecruit.com/
tellusgroup,tellusgroup,https://tellusgroup.zohorecruit.com/
aquariusstrategies,aquariusstrategies,https://aquariusstrategies.zohorecruit.com/
syokinet,syokinet,https://syokinet.zohorecruit.com/
ucraft,ucraft,https://ucraft.zohorecruit.com/
easycare,easycare,https://easycare.zohorecruit.com/
stagingweb,stagingweb,https://stagingweb.zohorecruit.com/
tenderize,tenderize,https://tenderize.zohorecruit.com/
altitude-sports,altitude-sports,https://altitude-sports.zohorecruit.com/
oac,oac,https://oac.zohorecruit.com/
porchlight-services,porchlight-services,https://porchlight-services.zohorecruit.com/
salestransformationgroup,salestransformationgroup,https://salestransformationgroup.zohorecruit.com/
digitalmojo,digitalmojo,https://digitalmojo.zohorecruit.com/
homevy,homevy,https://homevy.zohorecruit.com/
metasolutions,metasolutions,https://metasolutions.zohorecruit.com/
creteagency,creteagency,https://creteagency.zohorecruit.com/
onebyzero,onebyzero,https://onebyzero.zohorecruit.com/
ajocinternational,ajocinternational,https://ajocinternational.zohorecruit.com/
hrperspectives,hrperspectives,https://hrperspectives.zohorecruit.com/
irdinc,irdinc,https://irdinc.zohorecruit.com/
capstonemc-llc,capstonemc-llc,https://capstonemc-llc.zohorecruit.com/
platoshealth,platoshealth,https://platoshealth.zohorecruit.com/
agilitreerecruiting,agilitreerecruiting,https://agilitreerecruiting.zohorecruit.com/
islandpezi,islandpezi,https://islandpezi.zohorecruit.com/
sashumancapital,sashumancapital,https://sashumancapital.zohorecruit.com/
tintash,tintash,https://tintash.zohorecruit.com/
americanbehavioral,americanbehavioral,https://americanbehavioral.zohorecruit.com/
brewco,brewco,https://brewco.zohorecruit.com/
highlevelplacements,highlevelplacements,https://highlevelplacements.zohorecruit.com/
univacity,univacity,https://univacity.zohorecruit.com/
asint,asint,https://asint.zohorecruit.com/
complyance,complyance,https://complyance.zohorecruit.com/
quebecentournee,quebecentournee,https://quebecentournee.zohorecruit.com/
unicornrecruitmentandcareerservices,unicornrecruitmentandcareerservices,https://unicornrecruitmentandcareerservices.zohorecruit.com/
playocityonline,playocityonline,https://playocityonline.zohorecruit.com/
amrop-pe,amrop-pe,https://amrop-pe.zohorecruit.com/
kapunitycanada,kapunitycanada,https://kapunitycanada.zohorecruit.com/
orbs-zambia,orbs-zambia,https://orbs-zambia.zohorecruit.com/
cm2software,cm2software,https://cm2software.zohorecruit.com/
geoidentity,geoidentity,https://geoidentity.zohorecruit.com/
milesstaffinggroup,milesstaffinggroup,https://milesstaffinggroup.zohorecruit.com/
netcomafrica,netcomafrica,https://netcomafrica.zohorecruit.com/
agostini,agostini,https://agostini.zohorecruit.com/
combuzzhr,combuzzhr,https://combuzzhr.zohorecruit.com/
solulan,solulan,https://solulan.zohorecruit.com/
burtandassociates,burtandassociates,https://burtandassociates.zohorecruit.com/
taleemabad,taleemabad,https://taleemabad.zohorecruit.com/
transformationlegacy,transformationlegacy,https://transformationlegacy.zohorecruit.com/
debernt,debernt,https://debernt.zohorecruit.com/
horizon-controls,horizon-controls,https://horizon-controls.zohorecruit.com/
tbcdubai,tbcdubai,https://tbcdubai.zohorecruit.com/
yoush,yoush,https://yoush.zohorecruit.com/
msquared,msquared,https://msquared.zohorecruit.com/
sentinelafricaconsulting,sentinelafricaconsulting,https://sentinelafricaconsulting.zohorecruit.com/
siscojobs,siscojobs,https://siscojobs.zohorecruit.com/
ap-md,ap-md,https://ap-md.zohorecruit.com/
macfor,macfor,https://macfor.zohorecruit.com/
dpacnc,dpacnc,https://dpacnc.zohorecruit.com/
ridhirazen,ridhirazen,https://ridhirazen.zohorecruit.com/
alignity,alignity,https://alignity.zohorecruit.com/
hamulegal,hamulegal,https://hamulegal.zohorecruit.com/
humanasset,humanasset,https://humanasset.zohorecruit.com/
waitred,waitred,https://waitred.zohorecruit.com/
ganweigroup,ganweigroup,https://ganweigroup.zohorecruit.com/
indeadesignsystems,indeadesignsystems,https://indeadesignsystems.zohorecruit.com/
jobexcel,jobexcel,https://jobexcel.zohorecruit.com/
withleaf,withleaf,https://withleaf.zohorecruit.com/
acemecanique,acemecanique,https://acemecanique.zohorecruit.com/
integratedfoodservice,integratedfoodservice,https://integratedfoodservice.zohorecruit.com/
labayh,labayh,https://labayh.zohorecruit.com/
acciorobotics,acciorobotics,https://acciorobotics.zohorecruit.com/
careerplus,careerplus,https://careerplus.zohorecruit.com/
novulsolutions,novulsolutions,https://novulsolutions.zohorecruit.com/
reelhires,reelhires,https://reelhires.zohorecruit.com/
casasatlas,casasatlas,https://casasatlas.zohorecruit.com/
cbsnorthstar,cbsnorthstar,https://cbsnorthstar.zohorecruit.com/
rmalimo,rmalimo,https://rmalimo.zohorecruit.com/
aivacreative,aivacreative,https://aivacreative.zohorecruit.com/
bluzinc,bluzinc,https://bluzinc.zohorecruit.com/
fivehotelsandresorts,fivehotelsandresorts,https://fivehotelsandresorts.zohorecruit.com/
temporis,temporis,https://temporis.zohorecruit.com/
tisins,tisins,https://tisins.zohorecruit.com/
skylandandoceantravel,skylandandoceantravel,https://skylandandoceantravel.zohorecruit.com/
thehireboost,thehireboost,https://thehireboost.zohorecruit.com/
tidyex,tidyex,https://tidyex.zohorecruit.com/
webcurso,webcurso,https://webcurso.zohorecruit.com/
culturedesigner,culturedesigner,https://culturedesigner.zohorecruit.com/
fis,fis,https://fis.zohorecruit.com/
satel,satel,https://satel.zohorecruit.com/
coplex,coplex,https://coplex.zohorecruit.com/
intelliwork,intelliwork,https://intelliwork.zohorecruit.com/
thinkmd,thinkmd,https://thinkmd.zohorecruit.com/
wearejuvo,wearejuvo,https://wearejuvo.zohorecruit.com/
beem,beem,https://beem.zohorecruit.com/
rjdesign,rjdesign,https://rjdesign.zohorecruit.com/
agrocel,agrocel,https://agrocel.zohorecruit.com/
corebfr,corebfr,https://corebfr.zohorecruit.com/
extraressources,extraressources,https://extraressources.zohorecruit.com/
reputation,reputation,https://reputation.zohorecruit.com/
boltcliq,boltcliq,https://boltcliq.zohorecruit.com/
dentemploy,dentemploy,https://dentemploy.zohorecruit.com/
baobobdirectory,baobobdirectory,https://baobobdirectory.zohorecruit.com/
bridgetalentgroup,bridgetalentgroup,https://bridgetalentgroup.zohorecruit.com/
meow-biscuit-hotel,meow-biscuit-hotel,https://meow-biscuit-hotel.zohorecruit.com/
ondefend,ondefend,https://ondefend.zohorecruit.com/
customs,customs,https://customs.zohorecruit.com/
propertytalents,propertytalents,https://propertytalents.zohorecruit.com/
roederindustries,roederindustries,https://roederindustries.zohorecruit.com/
viralsolutionss,viralsolutionss,https://viralsolutionss.zohorecruit.com/
coastlinecooling,coastlinecooling,https://coastlinecooling.zohorecruit.com/
expeditus,expeditus,https://expeditus.zohorecruit.com/
jl4staffing,jl4staffing,https://jl4staffing.zohorecruit.com/
refindable,refindable,https://refindable.zohorecruit.com/
togetherwithyou,togetherwithyou,https://togetherwithyou.zohorecruit.com/
irrationallabs,irrationallabs,https://irrationallabs.zohorecruit.com/
wareedmed,wareedmed,https://wareedmed.zohorecruit.com/
crowedna,crowedna,https://crowedna.zohorecruit.com/
easyhrgroup,easyhrgroup,https://easyhrgroup.zohorecruit.com/
kevinrootmedical,kevinrootmedical,https://kevinrootmedical.zohorecruit.com/
swedishtechnology,swedishtechnology,https://swedishtechnology.zohorecruit.com/
optimizandopty,optimizandopty,https://optimizandopty.zohorecruit.com/
segmenthr,segmenthr,https://segmenthr.zohorecruit.com/
cadremit,cadremit,https://cadremit.zohorecruit.com/
recruiters,recruiters,https://recruiters.zohorecruit.com/
tejjy,tejjy,https://tejjy.zohorecruit.com/
staffdomain-southafrica,staffdomain-southafrica,https://staffdomain-southafrica.zohorecruit.com/
strongdallas,strongdallas,https://strongdallas.zohorecruit.com/
titancareers,titancareers,https://titancareers.zohorecruit.com/
vforcesecurity,vforcesecurity,https://vforcesecurity.zohorecruit.com/
fiverose,fiverose,https://fiverose.zohorecruit.com/
scaleyourmsp,scaleyourmsp,https://scaleyourmsp.zohorecruit.com/
tspcontracting,tspcontracting,https://tspcontracting.zohorecruit.com/
antit,antit,https://antit.zohorecruit.com/
placng,placng,https://placng.zohorecruit.com/
econnectenterprise,econnectenterprise,https://econnectenterprise.zohorecruit.com/
jaydu,jaydu,https://jaydu.zohorecruit.com/
srilankan,srilankan,https://srilankan.zohorecruit.com/
preferental,preferental,https://preferental.zohorecruit.com/
rvs-it,rvs-it,https://rvs-it.zohorecruit.com/
serial1,serial1,https://serial1.zohorecruit.com/
shorooq,shorooq,https://shorooq.zohorecruit.com/
1stsos,1stsos,https://1stsos.zohorecruit.com/
datacruiter,datacruiter,https://datacruiter.zohorecruit.com/
grandrapids,grandrapids,https://grandrapids.zohorecruit.com/
impulsestrategicsolutions,impulsestrategicsolutions,https://impulsestrategicsolutions.zohorecruit.com/
nascop,nascop,https://nascop.zohorecruit.com/
wonderlab,wonderlab,https://wonderlab.zohorecruit.com/
consultationcr,consultationcr,https://consultationcr.zohorecruit.com/
fbcfcn,fbcfcn,https://fbcfcn.zohorecruit.com/
raveone,raveone,https://raveone.zohorecruit.com/
tced,tced,https://tced.zohorecruit.com/
supremacase,supremacase,https://supremacase.zohorecruit.com/
bomlead,bomlead,https://bomlead.zohorecruit.com/
candidzone,candidzone,https://candidzone.zohorecruit.com/
fqadvisory,fqadvisory,https://fqadvisory.zohorecruit.com/
hengyeinc,hengyeinc,https://hengyeinc.zohorecruit.com/
quesscorp,quesscorp,https://quesscorp.zohorecruit.com/
revive,revive,https://revive.zohorecruit.com/
heiberger-solutions,heiberger-solutions,https://heiberger-solutions.zohorecruit.com/
matta,matta,https://matta.zohorecruit.com/
tradeswomenaustralia,tradeswomenaustralia,https://tradeswomenaustralia.zohorecruit.com/
albirunia,albirunia,https://albirunia.zohorecruit.com/
ellerypartners,ellerypartners,https://ellerypartners.zohorecruit.com/
enjaz,enjaz,https://enjaz.zohorecruit.com/
mrvgroup,mrvgroup,https://mrvgroup.zohorecruit.com/
unlockhba,unlockhba,https://unlockhba.zohorecruit.com/
appliedfloors,appliedfloors,https://appliedfloors.zohorecruit.com/
groworx-hr,groworx-hr,https://groworx-hr.zohorecruit.com/
hcpa,hcpa,https://hcpa.zohorecruit.com/
ziyasiza,ziyasiza,https://ziyasiza.zohorecruit.com/
cpconsulting,cpconsulting,https://cpconsulting.zohorecruit.com/
ictkerala,ictkerala,https://ictkerala.zohorecruit.com/
medicalsolutionme,medicalsolutionme,https://medicalsolutionme.zohorecruit.com/
neutrinotechsystems,neutrinotechsystems,https://neutrinotechsystems.zohorecruit.com/
rightcrowd,rightcrowd,https://rightcrowd.zohorecruit.com/
cyclelabs,cyclelabs,https://cyclelabs.zohorecruit.com/
evareg,evareg,https://evareg.zohorecruit.com/
odayba,odayba,https://odayba.zohorecruit.com/
shubhashishhomes,shubhashishhomes,https://shubhashishhomes.zohorecruit.com/
sstsinc,sstsinc,https://sstsinc.zohorecruit.com/
kzero,kzero,https://kzero.zohorecruit.com/
pradopower,pradopower,https://pradopower.zohorecruit.com/
tkxel,tkxel,https://tkxel.zohorecruit.com/
lokia,lokia,https://lokia.zohorecruit.com/
swan,swan,https://swan.zohorecruit.com/
valify-solutions,valify-solutions,https://valify-solutions.zohorecruit.com/
ventureglobalsolution,ventureglobalsolution,https://ventureglobalsolution.zohorecruit.com/
sgurrenergy,sgurrenergy,https://sgurrenergy.zohorecruit.com/
nivaa,nivaa,https://nivaa.zohorecruit.com/
inospace,inospace,https://inospace.zohorecruit.com/
pllp,pllp,https://pllp.zohorecruit.com/
reborn,reborn,https://reborn.zohorecruit.com/
recruitmymom,recruitmymom,https://recruitmymom.zohorecruit.com/
biotech,biotech,https://biotech.zohorecruit.com/
lynchpinconsulting,lynchpinconsulting,https://lynchpinconsulting.zohorecruit.com/
netrio,netrio,https://netrio.zohorecruit.com/
piscinehippocampe,piscinehippocampe,https://piscinehippocampe.zohorecruit.com/
windercna,windercna,https://windercna.zohorecruit.com/
kris,kris,https://kris.zohorecruit.com/
mascmedical,mascmedical,https://mascmedical.zohorecruit.com/
staroffice,staroffice,https://staroffice.zohorecruit.com/
sterling-lighting,sterling-lighting,https://sterling-lighting.zohorecruit.com/
calibratenorth,calibratenorth,https://calibratenorth.zohorecruit.com/
hrpros24,hrpros24,https://hrpros24.zohorecruit.com/
samii,samii,https://samii.zohorecruit.com/
ymgit,ymgit,https://ymgit.zohorecruit.com/
al-majid,al-majid,https://al-majid.zohorecruit.com/
assigneddata,assigneddata,https://assigneddata.zohorecruit.com/
sust,sust,https://sust.zohorecruit.com/
growwithfusion,growwithfusion,https://growwithfusion.zohorecruit.com/
vsi-group,vsi-group,https://vsi-group.zohorecruit.com/
cloudpso,cloudpso,https://cloudpso.zohorecruit.com/
fawrymicrofinance,fawrymicrofinance,https://fawrymicrofinance.zohorecruit.com/
hrrecruitingservices,hrrecruitingservices,https://hrrecruitingservices.zohorecruit.com/
sproxil,sproxil,https://sproxil.zohorecruit.com/
squareshift,squareshift,https://squareshift.zohorecruit.com/
tractiondk,tractiondk,https://tractiondk.zohorecruit.com/
zayataroma,zayataroma,https://zayataroma.zohorecruit.com/
kafougroup,kafougroup,https://kafougroup.zohorecruit.com/
aimcorgroup,aimcorgroup,https://aimcorgroup.zohorecruit.com/
sharedh,sharedh,https://sharedh.zohorecruit.com/
embracesoftwareinc,embracesoftwareinc,https://embracesoftwareinc.zohorecruit.com/
ithq,ithq,https://ithq.zohorecruit.com/
mtcarmelguild,mtcarmelguild,https://mtcarmelguild.zohorecruit.com/
tayaeth,tayaeth,https://tayaeth.zohorecruit.com/
ucglobalprograms,ucglobalprograms,https://ucglobalprograms.zohorecruit.com/
digitaldentalcraftsmen,digitaldentalcraftsmen,https://digitaldentalcraftsmen.zohorecruit.com/
jgconsulting,jgconsulting,https://jgconsulting.zohorecruit.com/
selfserviceuat,selfserviceuat,https://selfserviceuat.zohorecruit.com/
tcellc,tcellc,https://tcellc.zohorecruit.com/
totaldatalimited,totaldatalimited,https://totaldatalimited.zohorecruit.com/
matchcruit,matchcruit,https://matchcruit.zohorecruit.com/
prio,prio,https://prio.zohorecruit.com/
singaporemathclasses,singaporemathclasses,https://singaporemathclasses.zohorecruit.com/
malikmedia,malikmedia,https://malikmedia.zohorecruit.com/
matchatalent,matchatalent,https://matchatalent.zohorecruit.com/
acetechresources,acetechresources,https://acetechresources.zohorecruit.com/
hanini,hanini,https://hanini.zohorecruit.com/
dtc-ctd,dtc-ctd,https://dtc-ctd.zohorecruit.com/
gabtechglobal,gabtechglobal,https://gabtechglobal.zohorecruit.com/
giantrocketship,giantrocketship,https://giantrocketship.zohorecruit.com/
dsltelecom,dsltelecom,https://dsltelecom.zohorecruit.com/
icanpr,icanpr,https://icanpr.zohorecruit.com/
markhamgroup,markhamgroup,https://markhamgroup.zohorecruit.com/
nextconversationconsulting,nextconversationconsulting,https://nextconversationconsulting.zohorecruit.com/
peakhrconsult,peakhrconsult,https://peakhrconsult.zohorecruit.com/
gl-strategies,gl-strategies,https://gl-strategies.zohorecruit.com/
infinit-o,infinit-o,https://infinit-o.zohorecruit.com/
salamair,salamair,https://salamair.zohorecruit.com/
agilisium,agilisium,https://agilisium.zohorecruit.com/
gofleet,gofleet,https://gofleet.zohorecruit.com/
ntuma,ntuma,https://ntuma.zohorecruit.com/
piggyvest,piggyvest,https://piggyvest.zohorecruit.com/
sufpr,sufpr,https://sufpr.zohorecruit.com/
techandsolve,techandsolve,https://techandsolve.zohorecruit.com/
costaricaporsiempre,costaricaporsiempre,https://costaricaporsiempre.zohorecruit.com/
urchinsys,urchinsys,https://urchinsys.zohorecruit.com/
azamrecruitment,azamrecruitment,https://azamrecruitment.zohorecruit.com/
transsion,transsion,https://transsion.zohorecruit.com/
walaplus,walaplus,https://walaplus.zohorecruit.com/
yolafresh,yolafresh,https://yolafresh.zohorecruit.com/
leadatanylevel,leadatanylevel,https://leadatanylevel.zohorecruit.com/
san3atech,san3atech,https://san3atech.zohorecruit.com/
sbits,sbits,https://sbits.zohorecruit.com/
scaleinafrica,scaleinafrica,https://scaleinafrica.zohorecruit.com/
appstrail,appstrail,https://appstrail.zohorecruit.com/
bigland,bigland,https://bigland.zohorecruit.com/
carrieres,carrieres,https://carrieres.zohorecruit.com/
maplegrc,maplegrc,https://maplegrc.zohorecruit.com/
accuratepmr,accuratepmr,https://accuratepmr.zohorecruit.com/
dorabjees,dorabjees,https://dorabjees.zohorecruit.com/
evolutiontrustees,evolutiontrustees,https://evolutiontrustees.zohorecruit.com/
incoresemi,incoresemi,https://incoresemi.zohorecruit.com/
jobsandvisas,jobsandvisas,https://jobsandvisas.zohorecruit.com/
carlinecompanies,carlinecompanies,https://carlinecompanies.zohorecruit.com/
customizosolutions,customizosolutions,https://customizosolutions.zohorecruit.com/
rightseat,rightseat,https://rightseat.zohorecruit.com/
bdcsolutions,bdcsolutions,https://bdcsolutions.zohorecruit.com/
therxcloud,therxcloud,https://therxcloud.zohorecruit.com/
wyrestorm,wyrestorm,https://wyrestorm.zohorecruit.com/
csirecruiting,csirecruiting,https://csirecruiting.zohorecruit.com/
etechlogistics,etechlogistics,https://etechlogistics.zohorecruit.com/
forbtech,forbtech,https://forbtech.zohorecruit.com/
gaidoor,gaidoor,https://gaidoor.zohorecruit.com/
hpdafrica,hpdafrica,https://hpdafrica.zohorecruit.com/
bewave,bewave,https://bewave.zohorecruit.com/
biznetnetworks,biznetnetworks,https://biznetnetworks.zohorecruit.com/
concreteshop,concreteshop,https://concreteshop.zohorecruit.com/
experiorasia,experiorasia,https://experiorasia.zohorecruit.com/
maestaffingagency,maestaffingagency,https://maestaffingagency.zohorecruit.com/
mas,mas,https://mas.zohorecruit.com/
24hours-group,24hours-group,https://24hours-group.zohorecruit.com/
businessfinancialgroup,businessfinancialgroup,https://businessfinancialgroup.zohorecruit.com/
eliteedgeconsulting,eliteedgeconsulting,https://eliteedgeconsulting.zohorecruit.com/
physicianexecutivejobs,physicianexecutivejobs,https://physicianexecutivejobs.zohorecruit.com/
b-wire,b-wire,https://b-wire.zohorecruit.com/
bytes,bytes,https://bytes.zohorecruit.com/
coicleaners,coicleaners,https://coicleaners.zohorecruit.com/
luckyegypt,luckyegypt,https://luckyegypt.zohorecruit.com/
nomadinternet,nomadinternet,https://nomadinternet.zohorecruit.com/
oems,oems,https://oems.zohorecruit.com/
thetalentcabin,thetalentcabin,https://thetalentcabin.zohorecruit.com/
ecosi,ecosi,https://ecosi.zohorecruit.com/
dulcons,dulcons,https://dulcons.zohorecruit.com/
mindzcloud,mindzcloud,https://mindzcloud.zohorecruit.com/
mobicule,mobicule,https://mobicule.zohorecruit.com/
sparc-cannabis,sparc-cannabis,https://sparc-cannabis.zohorecruit.com/
vestanceng,vestanceng,https://vestanceng.zohorecruit.com/
florencesante,florencesante,https://florencesante.zohorecruit.com/
jhelmyandco,jhelmyandco,https://jhelmyandco.zohorecruit.com/
techno-set,techno-set,https://techno-set.zohorecruit.com/
thecandidsolutions,thecandidsolutions,https://thecandidsolutions.zohorecruit.com/
interface,interface,https://interface.zohorecruit.com/
jesuits,jesuits,https://jesuits.zohorecruit.com/
get-onboard,get-onboard,https://get-onboard.zohorecruit.com/
alignhcm,alignhcm,https://alignhcm.zohorecruit.com/
engineeredtaxservices,engineeredtaxservices,https://engineeredtaxservices.zohorecruit.com/
highwestcapitalpartners,highwestcapitalpartners,https://highwestcapitalpartners.zohorecruit.com/
intempt,intempt,https://intempt.zohorecruit.com/
solutech,solutech,https://solutech.zohorecruit.com/
topring,topring,https://topring.zohorecruit.com/
blackmarketers,blackmarketers,https://blackmarketers.zohorecruit.com/
seenapay,seenapay,https://seenapay.zohorecruit.com/
workplaceoptions,workplaceoptions,https://workplaceoptions.zohorecruit.com/
alankaram,alankaram,https://alankaram.zohorecruit.com/
lacorta,lacorta,https://lacorta.zohorecruit.com/
myprestigeservices,myprestigeservices,https://myprestigeservices.zohorecruit.com/
bluepineapple,bluepineapple,https://bluepineapple.zohorecruit.com/
compassionnetwork,compassionnetwork,https://compassionnetwork.zohorecruit.com/
daspac,daspac,https://daspac.zohorecruit.com/
hotelonline,hotelonline,https://hotelonline.zohorecruit.com/
snappycx,snappycx,https://snappycx.zohorecruit.com/
primusworkforce,primusworkforce,https://primusworkforce.zohorecruit.com/
sidgs,sidgs,https://sidgs.zohorecruit.com/
furtherium,furtherium,https://furtherium.zohorecruit.com/
ingoldsolutions,ingoldsolutions,https://ingoldsolutions.zohorecruit.com/
modus-lights,modus-lights,https://modus-lights.zohorecruit.com/
savagepalmer,savagepalmer,https://savagepalmer.zohorecruit.com/
verosource,verosource,https://verosource.zohorecruit.com/
aarete,aarete,https://aarete.zohorecruit.com/
brickclay,brickclay,https://brickclay.zohorecruit.com/
educatly,educatly,https://educatly.zohorecruit.com/
geneva-msf,geneva-msf,https://geneva-msf.zohorecruit.com/
beeline,beeline,https://beeline.zohorecruit.com/
cominity,cominity,https://cominity.zohorecruit.com/
gmlsoftware,gmlsoftware,https://gmlsoftware.zohorecruit.com/
taxconnex,taxconnex,https://taxconnex.zohorecruit.com/
invictuseducation,invictuseducation,https://invictuseducation.zohorecruit.com/
a-teamdentalstaffing,a-teamdentalstaffing,https://a-teamdentalstaffing.zohorecruit.com/
alliancevirtualsolutions,alliancevirtualsolutions,https://alliancevirtualsolutions.zohorecruit.com/
cra,cra,https://cra.zohorecruit.com/
amkyphysicians,amkyphysicians,https://amkyphysicians.zohorecruit.com/
icebergmanagement,icebergmanagement,https://icebergmanagement.zohorecruit.com/
909brokers,909brokers,https://909brokers.zohorecruit.com/
groupesgm,groupesgm,https://groupesgm.zohorecruit.com/
intelligentsolutionshr,intelligentsolutionshr,https://intelligentsolutionshr.zohorecruit.com/
rize,rize,https://rize.zohorecruit.com/
beyondgrad,beyondgrad,https://beyondgrad.zohorecruit.com/
enamix,enamix,https://enamix.zohorecruit.com/
agtechsolutions,agtechsolutions,https://agtechsolutions.zohorecruit.com/
zucisystems,zucisystems,https://zucisystems.zohorecruit.com/
gogauge,gogauge,https://gogauge.zohorecruit.com/
loatesrecruitment,loatesrecruitment,https://loatesrecruitment.zohorecruit.com/
lumetec,lumetec,https://lumetec.zohorecruit.com/
effizient,effizient,https://effizient.zohorecruit.com/
myoperator-careers,myoperator-careers,https://myoperator-careers.zohorecruit.com/
xoatax,xoatax,https://xoatax.zohorecruit.com/
cannabisemploymentpros,cannabisemploymentpros,https://cannabisemploymentpros.zohorecruit.com/
elsuccessforum,elsuccessforum,https://elsuccessforum.zohorecruit.com/
pecb,pecb,https://pecb.zohorecruit.com/
swatmaps,swatmaps,https://swatmaps.zohorecruit.com/
topmanagement,topmanagement,https://topmanagement.zohorecruit.com/
computers4people,computers4people,https://computers4people.zohorecruit.com/
foresight-analytix,foresight-analytix,https://foresight-analytix.zohorecruit.com/
matrixenergygroup,matrixenergygroup,https://matrixenergygroup.zohorecruit.com/
peopleandpartnersgroup,peopleandpartnersgroup,https://peopleandpartnersgroup.zohorecruit.com/
synapsun,synapsun,https://synapsun.zohorecruit.com/
wfdsolutions,wfdsolutions,https://wfdsolutions.zohorecruit.com/
naztecgroup,naztecgroup,https://naztecgroup.zohorecruit.com/
cei-halfaoui,cei-halfaoui,https://cei-halfaoui.zohorecruit.com/
coegawear,coegawear,https://coegawear.zohorecruit.com/
mediacent,mediacent,https://mediacent.zohorecruit.com/
oberstaff,oberstaff,https://oberstaff.zohorecruit.com/
blocktxm,blocktxm,https://blocktxm.zohorecruit.com/
dotmac,dotmac,https://dotmac.zohorecruit.com/
ifza,ifza,https://ifza.zohorecruit.com/
loba,loba,https://loba.zohorecruit.com/
onemindservices,onemindservices,https://onemindservices.zohorecruit.com/
teamuphr,teamuphr,https://teamuphr.zohorecruit.com/
captainfresh,captainfresh,https://captainfresh.zohorecruit.com/
coffeycrown,coffeycrown,https://coffeycrown.zohorecruit.com/
enterwise,enterwise,https://enterwise.zohorecruit.com/
amigroups,amigroups,https://amigroups.zohorecruit.com/
cvgstaffingsolutions,cvgstaffingsolutions,https://cvgstaffingsolutions.zohorecruit.com/
omnidelvecompany,omnidelvecompany,https://omnidelvecompany.zohorecruit.com/
mindojo,mindojo,https://mindojo.zohorecruit.com/
richardjanes,richardjanes,https://richardjanes.zohorecruit.com/
thorens-solutions,thorens-solutions,https://thorens-solutions.zohorecruit.com/
transcend,transcend,https://transcend.zohorecruit.com/
glorinz,glorinz,https://glorinz.zohorecruit.com/
nerdbug,nerdbug,https://nerdbug.zohorecruit.com/
rossorecruiting,rossorecruiting,https://rossorecruiting.zohorecruit.com/
smartsaver,smartsaver,https://smartsaver.zohorecruit.com/
confiancecompanies,confiancecompanies,https://confiancecompanies.zohorecruit.com/
greenshielddeckbuilders,greenshielddeckbuilders,https://greenshielddeckbuilders.zohorecruit.com/
izo,izo,https://izo.zohorecruit.com/
otsi-global,otsi-global,https://otsi-global.zohorecruit.com/
spatial,spatial,https://spatial.zohorecruit.com/
tandemsd,tandemsd,https://tandemsd.zohorecruit.com/
boost,boost,https://boost.zohorecruit.com/
folkpy,folkpy,https://folkpy.zohorecruit.com/
harpglobalsol,harpglobalsol,https://harpglobalsol.zohorecruit.com/
jettmedicalstaffing,jettmedicalstaffing,https://jettmedicalstaffing.zohorecruit.com/
redember-recruitment,redember-recruitment,https://redember-recruitment.zohorecruit.com/
emaptaph,emaptaph,https://emaptaph.zohorecruit.com/
krea-eknowledge,krea-eknowledge,https://krea-eknowledge.zohorecruit.com/
northstarvets,northstarvets,https://northstarvets.zohorecruit.com/
qsourcing,qsourcing,https://qsourcing.zohorecruit.com/
arturo,arturo,https://arturo.zohorecruit.com/
compass-pc,compass-pc,https://compass-pc.zohorecruit.com/
fibonacciagency,fibonacciagency,https://fibonacciagency.zohorecruit.com/
pixelstrade,pixelstrade,https://pixelstrade.zohorecruit.com/
wakanow,wakanow,https://wakanow.zohorecruit.com/
excellium,excellium,https://excellium.zohorecruit.com/
digitalrubi,digitalrubi,https://digitalrubi.zohorecruit.com/
exploremypc,exploremypc,https://exploremypc.zohorecruit.com/
mallette-gmtl,mallette-gmtl,https://mallette-gmtl.zohorecruit.com/
optimec,optimec,https://optimec.zohorecruit.com/
tharwah,tharwah,https://tharwah.zohorecruit.com/
tcs,tcs,https://tcs.zohorecruit.com/
jetluxe,jetluxe,https://jetluxe.zohorecruit.com/
bsa-solutions-inc,bsa-solutions-inc,https://bsa-solutions-inc.zohorecruit.com/
cascadecredit,cascadecredit,https://cascadecredit.zohorecruit.com/
dnaeconomics,dnaeconomics,https://dnaeconomics.zohorecruit.com/
piposoft,piposoft,https://piposoft.zohorecruit.com/
acl,acl,https://acl.zohorecruit.com/
bargainsonline,bargainsonline,https://bargainsonline.zohorecruit.com/
dnbik,dnbik,https://dnbik.zohorecruit.com/
findurjob,findurjob,https://findurjob.zohorecruit.com/
breaktheweb,breaktheweb,https://breaktheweb.zohorecruit.com/
fundacioncapital,fundacioncapital,https://fundacioncapital.zohorecruit.com/
dentago,dentago,https://dentago.zohorecruit.com/
hireups,hireups,https://hireups.zohorecruit.com/
recruteaction,recruteaction,https://recruteaction.zohorecruit.com/
innovationlab,innovationlab,https://innovationlab.zohorecruit.com/
incrediblepeople,incrediblepeople,https://incrediblepeople.zohorecruit.com/
mechoautotech,mechoautotech,https://mechoautotech.zohorecruit.com/
paieguru,paieguru,https://paieguru.zohorecruit.com/
quintype,quintype,https://quintype.zohorecruit.com/
restauration,restauration,https://restauration.zohorecruit.com/
troyconsultancy,troyconsultancy,https://troyconsultancy.zohorecruit.com/
solorecruit,solorecruit,https://solorecruit.zohorecruit.com/
bbold,bbold,https://bbold.zohorecruit.com/
dxfuturetech,dxfuturetech,https://dxfuturetech.zohorecruit.com/
itseasyco,itseasyco,https://itseasyco.zohorecruit.com/
marketing-boutique,marketing-boutique,https://marketing-boutique.zohorecruit.com/
hi,hi,https://hi.zohorecruit.com/
hopewellcpr,hopewellcpr,https://hopewellcpr.zohorecruit.com/
scaleupally,scaleupally,https://scaleupally.zohorecruit.com/
t2professionalconsulting,t2professionalconsulting,https://t2professionalconsulting.zohorecruit.com/
tangorh,tangorh,https://tangorh.zohorecruit.com/
wuilt,wuilt,https://wuilt.zohorecruit.com/
catalystoz,catalystoz,https://catalystoz.zohorecruit.com/
labtechinnovations,labtechinnovations,https://labtechinnovations.zohorecruit.com/
positecgroup,positecgroup,https://positecgroup.zohorecruit.com/
bumblebeerecruitment,bumblebeerecruitment,https://bumblebeerecruitment.zohorecruit.com/
harmonioushiring,harmonioushiring,https://harmonioushiring.zohorecruit.com/
sullaser,sullaser,https://sullaser.zohorecruit.com/
voxus,voxus,https://voxus.zohorecruit.com/
allenergywestafrica,allenergywestafrica,https://allenergywestafrica.zohorecruit.com/
logient,logient,https://logient.zohorecruit.com/
vandemark,vandemark,https://vandemark.zohorecruit.com/
futureaccess,futureaccess,https://futureaccess.zohorecruit.com/
canadianhealthlabs,canadianhealthlabs,https://canadianhealthlabs.zohorecruit.com/
karooooo,karooooo,https://karooooo.zohorecruit.com/
syarah,syarah,https://syarah.zohorecruit.com/
maids,maids,https://maids.zohorecruit.com/
mayatanfoundation,mayatanfoundation,https://mayatanfoundation.zohorecruit.com/
sicanada,sicanada,https://sicanada.zohorecruit.com/
dwell-inc,dwell-inc,https://dwell-inc.zohorecruit.com/
expatgroup,expatgroup,https://expatgroup.zohorecruit.com/
systemsltd,systemsltd,https://systemsltd.zohorecruit.com/
talentosenior,talentosenior,https://talentosenior.zohorecruit.com/
7riverlabs,7riverlabs,https://7riverlabs.zohorecruit.com/
absinc,absinc,https://absinc.zohorecruit.com/
altres,altres,https://altres.zohorecruit.com/
candorecruitment,candorecruitment,https://candorecruitment.zohorecruit.com/
blufig,blufig,https://blufig.zohorecruit.com/
cidconsulting,cidconsulting,https://cidconsulting.zohorecruit.com/
trainalberta,trainalberta,https://trainalberta.zohorecruit.com/
tutordoctormarin,tutordoctormarin,https://tutordoctormarin.zohorecruit.com/
concreteworkseast,concreteworkseast,https://concreteworkseast.zohorecruit.com/
cquail,cquail,https://cquail.zohorecruit.com/
newinitiativeshr,newinitiativeshr,https://newinitiativeshr.zohorecruit.com/
nutrifactor,nutrifactor,https://nutrifactor.zohorecruit.com/
ohscompliance,ohscompliance,https://ohscompliance.zohorecruit.com/
amanleek,amanleek,https://amanleek.zohorecruit.com/
brilliantccit,brilliantccit,https://brilliantccit.zohorecruit.com/
ibygroup,ibygroup,https://ibygroup.zohorecruit.com/
thehealthyhome,thehealthyhome,https://thehealthyhome.zohorecruit.com/
upgrade-now,upgrade-now,https://upgrade-now.zohorecruit.com/
aitp,aitp,https://aitp.zohorecruit.com/
cwimoney,cwimoney,https://cwimoney.zohorecruit.com/
kissolutions,kissolutions,https://kissolutions.zohorecruit.com/
angleorange,angleorange,https://angleorange.zohorecruit.com/
boomerangsa,boomerangsa,https://boomerangsa.zohorecruit.com/
bssconstruction,bssconstruction,https://bssconstruction.zohorecruit.com/
cscec,cscec,https://cscec.zohorecruit.com/
enablesa,enablesa,https://enablesa.zohorecruit.com/
holohire,holohire,https://holohire.zohorecruit.com/
auxility,auxility,https://auxility.zohorecruit.com/
kreativstorm,kreativstorm,https://kreativstorm.zohorecruit.com/
orchidsluxhome,orchidsluxhome,https://orchidsluxhome.zohorecruit.com/
clariadevelopment,clariadevelopment,https://clariadevelopment.zohorecruit.com/
hreade,hreade,https://hreade.zohorecruit.com/
onmyway,onmyway,https://onmyway.zohorecruit.com/
2c2s,2c2s,https://2c2s.zohorecruit.com/
genesisgroupng,genesisgroupng,https://genesisgroupng.zohorecruit.com/
hopesquad,hopesquad,https://hopesquad.zohorecruit.com/
wis-consultancy,wis-consultancy,https://wis-consultancy.zohorecruit.com/
technicusinfotech,technicusinfotech,https://technicusinfotech.zohorecruit.com/
the99edge,the99edge,https://the99edge.zohorecruit.com/
msuite,msuite,https://msuite.zohorecruit.com/
fosadconsulting,fosadconsulting,https://fosadconsulting.zohorecruit.com/
techkraftinc,techkraftinc,https://techkraftinc.zohorecruit.com/
inhrgroup,inhrgroup,https://inhrgroup.zohorecruit.com/
baralmighty,baralmighty,https://baralmighty.zohorecruit.com/
evolvecontracted,evolvecontracted,https://evolvecontracted.zohorecruit.com/
gulfbird,gulfbird,https://gulfbird.zohorecruit.com/
incture,incture,https://incture.zohorecruit.com/
cgiar,cgiar,https://cgiar.zohorecruit.com/
enlitic,enlitic,https://enlitic.zohorecruit.com/
maan-ctr,maan-ctr,https://maan-ctr.zohorecruit.com/
perspire,perspire,https://perspire.zohorecruit.com/
sama,sama,https://sama.zohorecruit.com/
siriuseducationsolutions,siriuseducationsolutions,https://siriuseducationsolutions.zohorecruit.com/
heybada,heybada,https://heybada.zohorecruit.com/
ifiveglobal,ifiveglobal,https://ifiveglobal.zohorecruit.com/
magnetoitsolutions,magnetoitsolutions,https://magnetoitsolutions.zohorecruit.com/
nauticall,nauticall,https://nauticall.zohorecruit.com/
arancione,arancione,https://arancione.zohorecruit.com/
cavalryclean,cavalryclean,https://cavalryclean.zohorecruit.com/
healthfirststaff,healthfirststaff,https://healthfirststaff.zohorecruit.com/
likecard,likecard,https://likecard.zohorecruit.com/
skillhat,skillhat,https://skillhat.zohorecruit.com/
trak-services,trak-services,https://trak-services.zohorecruit.com/
adstartmedia,adstartmedia,https://adstartmedia.zohorecruit.com/
arwizon,arwizon,https://arwizon.zohorecruit.com/
comerit,comerit,https://comerit.zohorecruit.com/
etched,etched,https://etched.zohorecruit.com/
kgcrmsolutions,kgcrmsolutions,https://kgcrmsolutions.zohorecruit.com/
mallette,mallette,https://mallette.zohorecruit.com/
cityonetours,cityonetours,https://cityonetours.zohorecruit.com/
ibbglobal,ibbglobal,https://ibbglobal.zohorecruit.com/
leadershipagency,leadershipagency,https://leadershipagency.zohorecruit.com/
sprachzentrum,sprachzentrum,https://sprachzentrum.zohorecruit.com/
cdl,cdl,https://cdl.zohorecruit.com/
unfoldhr,unfoldhr,https://unfoldhr.zohorecruit.com/
camptratech,camptratech,https://camptratech.zohorecruit.com/
goldzonecenter,goldzonecenter,https://goldzonecenter.zohorecruit.com/
marshalf,marshalf,https://marshalf.zohorecruit.com/
myccigroup,myccigroup,https://myccigroup.zohorecruit.com/
apolloseiko,apolloseiko,https://apolloseiko.zohorecruit.com/
mindblazetech,mindblazetech,https://mindblazetech.zohorecruit.com/
trust-etiquette,trust-etiquette,https://trust-etiquette.zohorecruit.com/
billionbricks,billionbricks,https://billionbricks.zohorecruit.com/
marlinstrafeconsulting,marlinstrafeconsulting,https://marlinstrafeconsulting.zohorecruit.com/
nickelfox,nickelfox,https://nickelfox.zohorecruit.com/
sp-consult,sp-consult,https://sp-consult.zohorecruit.com/
forumciv,forumciv,https://forumciv.zohorecruit.com/
justpoint,justpoint,https://justpoint.zohorecruit.com/
qualitystaffingpro,qualitystaffingpro,https://qualitystaffingpro.zohorecruit.com/
thebeancounter,thebeancounter,https://thebeancounter.zohorecruit.com/
voyageravelo,voyageravelo,https://voyageravelo.zohorecruit.com/
aebi-schmidt,aebi-schmidt,https://aebi-schmidt.zohorecruit.com/
hhcare,hhcare,https://hhcare.zohorecruit.com/
param,param,https://param.zohorecruit.com/
rtnow,rtnow,https://rtnow.zohorecruit.com/
cspsafety,cspsafety,https://cspsafety.zohorecruit.com/
hci-career,hci-career,https://hci-career.zohorecruit.com/
mindsearch,mindsearch,https://mindsearch.zohorecruit.com/
teloscoaches,teloscoaches,https://teloscoaches.zohorecruit.com/
proven-sa,proven-sa,https://proven-sa.zohorecruit.com/
seismicconsults,seismicconsults,https://seismicconsults.zohorecruit.com/
business-umbrella,business-umbrella,https://business-umbrella.zohorecruit.com/
eliasoftware,eliasoftware,https://eliasoftware.zohorecruit.com/
uptime365,uptime365,https://uptime365.zohorecruit.com/
alluredigital,alluredigital,https://alluredigital.zohorecruit.com/
detecno,detecno,https://detecno.zohorecruit.com/
hrassistance,hrassistance,https://hrassistance.zohorecruit.com/
evolutionpgs,evolutionpgs,https://evolutionpgs.zohorecruit.com/
nurturelife,nurturelife,https://nurturelife.zohorecruit.com/
hermd,hermd,https://hermd.zohorecruit.com/
pointofviewconsultancy,pointofviewconsultancy,https://pointofviewconsultancy.zohorecruit.com/
truckitin,truckitin,https://truckitin.zohorecruit.com/
compostnow,compostnow,https://compostnow.zohorecruit.com/
gowrievictoria,gowrievictoria,https://gowrievictoria.zohorecruit.com/
ramproclean,ramproclean,https://ramproclean.zohorecruit.com/
totaltec-os,totaltec-os,https://totaltec-os.zohorecruit.com/
aodmalaysia,aodmalaysia,https://aodmalaysia.zohorecruit.com/
andradamining,andradamining,https://andradamining.zohorecruit.com/
m-payaenergy,m-payaenergy,https://m-payaenergy.zohorecruit.com/
narcbox,narcbox,https://narcbox.zohorecruit.com/
pnemir,pnemir,https://pnemir.zohorecruit.com/
alttrix,alttrix,https://alttrix.zohorecruit.com/
benchmarkit,benchmarkit,https://benchmarkit.zohorecruit.com/
feyerassociates,feyerassociates,https://feyerassociates.zohorecruit.com/
klsworkforcesolutions,klsworkforcesolutions,https://klsworkforcesolutions.zohorecruit.com/
tibblestalent,tibblestalent,https://tibblestalent.zohorecruit.com/
welcome2africaint,welcome2africaint,https://welcome2africaint.zohorecruit.com/
dixinfotech,dixinfotech,https://dixinfotech.zohorecruit.com/
hiremefast,hiremefast,https://hiremefast.zohorecruit.com/
spendflo,spendflo,https://spendflo.zohorecruit.com/
datalockcg,datalockcg,https://datalockcg.zohorecruit.com/
galileopartners,galileopartners,https://galileopartners.zohorecruit.com/
ncet,ncet,https://ncet.zohorecruit.com/
plumjobs,plumjobs,https://plumjobs.zohorecruit.com/
virtualbin,virtualbin,https://virtualbin.zohorecruit.com/
ictengage,ictengage,https://ictengage.zohorecruit.com/
lithiontechnologies,lithiontechnologies,https://lithiontechnologies.zohorecruit.com/
smgeac,smgeac,https://smgeac.zohorecruit.com/
abonelaw,abonelaw,https://abonelaw.zohorecruit.com/
rmvsolutions,rmvsolutions,https://rmvsolutions.zohorecruit.com/
alohapanama,alohapanama,https://alohapanama.zohorecruit.com/
bergmortuary,bergmortuary,https://bergmortuary.zohorecruit.com/
greenseal,greenseal,https://greenseal.zohorecruit.com/
piglerautomation,piglerautomation,https://piglerautomation.zohorecruit.com/
tunesandtint,tunesandtint,https://tunesandtint.zohorecruit.com/
jobartgroup,jobartgroup,https://jobartgroup.zohorecruit.com/
rpm,rpm,https://rpm.zohorecruit.com/
hangar49,hangar49,https://hangar49.zohorecruit.com/
asidu,asidu,https://asidu.zohorecruit.com/
cvloft,cvloft,https://cvloft.zohorecruit.com/
jacklauriegroup,jacklauriegroup,https://jacklauriegroup.zohorecruit.com/
quardintel,quardintel,https://quardintel.zohorecruit.com/
villvay,villvay,https://villvay.zohorecruit.com/
canmar,canmar,https://canmar.zohorecruit.com/
pegasusbuilds,pegasusbuilds,https://pegasusbuilds.zohorecruit.com/
be-consultancy-group,be-consultancy-group,https://be-consultancy-group.zohorecruit.com/
parvana,parvana,https://parvana.zohorecruit.com/
sevenofficial,sevenofficial,https://sevenofficial.zohorecruit.com/
bmc,bmc,https://bmc.zohorecruit.com/
ecstoledo,ecstoledo,https://ecstoledo.zohorecruit.com/
pinnaclefinancialstrategies,pinnaclefinancialstrategies,https://pinnaclefinancialstrategies.zohorecruit.com/
toyboxconsulting,toyboxconsulting,https://toyboxconsulting.zohorecruit.com/
bffwh,bffwh,https://bffwh.zohorecruit.com/
globalnurseforce,globalnurseforce,https://globalnurseforce.zohorecruit.com/
mdsearch,mdsearch,https://mdsearch.zohorecruit.com/
naqla,naqla,https://naqla.zohorecruit.com/
pulselive,pulselive,https://pulselive.zohorecruit.com/
qrrh,qrrh,https://qrrh.zohorecruit.com/
initiumsoft,initiumsoft,https://initiumsoft.zohorecruit.com/
eathos,eathos,https://eathos.zohorecruit.com/
nilux-gmbh,nilux-gmbh,https://nilux-gmbh.zohorecruit.com/
sunupsolar,sunupsolar,https://sunupsolar.zohorecruit.com/
tawifresh,tawifresh,https://tawifresh.zohorecruit.com/
workatyhp,workatyhp,https://workatyhp.zohorecruit.com/
foxmorestaffing,foxmorestaffing,https://foxmorestaffing.zohorecruit.com/
udonis,udonis,https://udonis.zohorecruit.com/
venuebrandexperience,venuebrandexperience,https://venuebrandexperience.zohorecruit.com/
webpeak,webpeak,https://webpeak.zohorecruit.com/
4nrecrutamentoeselecao,4nrecrutamentoeselecao,https://4nrecrutamentoeselecao.zohorecruit.com/
aquariumfisheries,aquariumfisheries,https://aquariumfisheries.zohorecruit.com/
bitbang,bitbang,https://bitbang.zohorecruit.com/
deriv,deriv,https://deriv.zohorecruit.com/
areebhr,areebhr,https://areebhr.zohorecruit.com/
kenyapowerrecruitment,kenyapowerrecruitment,https://kenyapowerrecruitment.zohorecruit.com/
migrationit,migrationit,https://migrationit.zohorecruit.com/
opportunitybank,opportunitybank,https://opportunitybank.zohorecruit.com/
kn-it,kn-it,https://kn-it.zohorecruit.com/
ubuntuimpact,ubuntuimpact,https://ubuntuimpact.zohorecruit.com/
careerbridge,careerbridge,https://careerbridge.zohorecruit.com/
d2vclinical,d2vclinical,https://d2vclinical.zohorecruit.com/
headwaywfs,headwaywfs,https://headwaywfs.zohorecruit.com/
conicsports,conicsports,https://conicsports.zohorecruit.com/
nowpay,nowpay,https://nowpay.zohorecruit.com/
onelinewellness,onelinewellness,https://onelinewellness.zohorecruit.com/
openloophealth,openloophealth,https://openloophealth.zohorecruit.com/
polarisbanklimited,polarisbanklimited,https://polarisbanklimited.zohorecruit.com/
restore-talent,restore-talent,https://restore-talent.zohorecruit.com/
metasource,metasource,https://metasource.zohorecruit.com/
weareaegis,weareaegis,https://weareaegis.zohorecruit.com/
coachfoundation,coachfoundation,https://coachfoundation.zohorecruit.com/
exeterpremedia,exeterpremedia,https://exeterpremedia.zohorecruit.com/
umanrecrutement,umanrecrutement,https://umanrecrutement.zohorecruit.com/
itjobsearch,itjobsearch,https://itjobsearch.zohorecruit.com/
yinternational,yinternational,https://yinternational.zohorecruit.com/
amc-travaux,amc-travaux,https://amc-travaux.zohorecruit.com/
jobs-raqtan,jobs-raqtan,https://jobs-raqtan.zohorecruit.com/
netlevel,netlevel,https://netlevel.zohorecruit.com/
omanagencies,omanagencies,https://omanagencies.zohorecruit.com/
teenprolifers,teenprolifers,https://teenprolifers.zohorecruit.com/
etutorworld,etutorworld,https://etutorworld.zohorecruit.com/
hiringritual,hiringritual,https://hiringritual.zohorecruit.com/
scpowerhouse,scpowerhouse,https://scpowerhouse.zohorecruit.com/
brandergroup,brandergroup,https://brandergroup.zohorecruit.com/
jhendersonconsulting,jhendersonconsulting,https://jhendersonconsulting.zohorecruit.com/
cappslawfirm,cappslawfirm,https://cappslawfirm.zohorecruit.com/
galehealthcaresolutions,galehealthcaresolutions,https://galehealthcaresolutions.zohorecruit.com/
martenlaw,martenlaw,https://martenlaw.zohorecruit.com/
parempire,parempire,https://parempire.zohorecruit.com/
dotit,dotit,https://dotit.zohorecruit.com/
medicliq,medicliq,https://medicliq.zohorecruit.com/
nilewhc,nilewhc,https://nilewhc.zohorecruit.com/
responsiv,responsiv,https://responsiv.zohorecruit.com/
emapta,emapta,https://emapta.zohorecruit.com/
ferique,ferique,https://ferique.zohorecruit.com/
northlandss,northlandss,https://northlandss.zohorecruit.com/
shopdev,shopdev,https://shopdev.zohorecruit.com/
lesmanoirs3r,lesmanoirs3r,https://lesmanoirs3r.zohorecruit.com/
mojro,mojro,https://mojro.zohorecruit.com/
pbi1988,pbi1988,https://pbi1988.zohorecruit.com/
raethpracticesolutions,raethpracticesolutions,https://raethpracticesolutions.zohorecruit.com/
bskinternationale,bskinternationale,https://bskinternationale.zohorecruit.com/
marketproinc,marketproinc,https://marketproinc.zohorecruit.com/
pmglobalinstitute,pmglobalinstitute,https://pmglobalinstitute.zohorecruit.com/
arventek,arventek,https://arventek.zohorecruit.com/
basecodetech,basecodetech,https://basecodetech.zohorecruit.com/
pivotageconsulting,pivotageconsulting,https://pivotageconsulting.zohorecruit.com/
tis-hub,tis-hub,https://tis-hub.zohorecruit.com/
zenfreed,zenfreed,https://zenfreed.zohorecruit.com/
gotocme,gotocme,https://gotocme.zohorecruit.com/
resourceplus,resourceplus,https://resourceplus.zohorecruit.com/
zoclik,zoclik,https://zoclik.zohorecruit.com/
