company_name,slug,url
10-west-reg,10-west-reg,https://ats.rippling.com/10-west-reg/jobs
15-lightyears-careers,15-lightyears-careers,https://ats.rippling.com/15-lightyears-careers/jobs
1nhealth,1nhealth,https://ats.rippling.com/1nhealth/jobs
3msservicesllc,3msservicesllc,https://ats.rippling.com/3msservicesllc/jobs
3rd-street-youth-center-clinic,3rd-street-youth-center-clinic,https://ats.rippling.com/3rd-street-youth-center-clinic/jobs
3rllc,3rllc,https://ats.rippling.com/3rllc/jobs
aalo-atomics,aalo-atomics,https://ats.rippling.com/aalo-atomics/jobs
aalyria-careers,aalyria-careers,https://ats.rippling.com/aalyria-careers/jobs
aamedical,aamedical,https://ats.rippling.com/aamedical/jobs
aapd-jobs,aapd-jobs,https://ats.rippling.com/aapd-jobs/jobs
ab-spectrum,ab-spectrum,https://ats.rippling.com/ab-spectrum/jobs
abh-newhampshire-careers,abh-newhampshire-careers,https://ats.rippling.com/abh-newhampshire-careers/jobs
abh-ohio-careers,abh-ohio-careers,https://ats.rippling.com/abh-ohio-careers/jobs
abi,abi,https://ats.rippling.com/abi/jobs
ablefs,ablefs,https://ats.rippling.com/ablefs/jobs
academy-of-creative-technology-antelope-valley,academy-of-creative-technology-antelope-valley,https://ats.rippling.com/academy-of-creative-technology-antelope-valley/jobs
accelerant,accelerant,https://ats.rippling.com/accelerant/jobs
acceleration-academies,acceleration-academies,https://ats.rippling.com/acceleration-academies/jobs
accelint-holdings-llc,accelint-holdings-llc,https://ats.rippling.com/accelint-holdings-llc/jobs
accelintjobboardtest,accelintjobboardtest,https://ats.rippling.com/accelintjobboardtest/jobs
accruity-careers,accruity-careers,https://ats.rippling.com/accruity-careers/jobs
acoufeltna,acoufeltna,https://ats.rippling.com/acoufeltna/jobs
acretrader-jobs,acretrader-jobs,https://ats.rippling.com/acretrader-jobs/jobs
acts,acts,https://ats.rippling.com/acts/jobs
advanced-energy-united-career-opportunities,advanced-energy-united-career-opportunities,https://ats.rippling.com/advanced-energy-united-career-opportunities/jobs
adventure-medics,adventure-medics,https://ats.rippling.com/adventure-medics/jobs
aegis,aegis,https://ats.rippling.com/aegis/jobs
aery-aviation-llc,aery-aviation-llc,https://ats.rippling.com/aery-aviation-llc/jobs
aftonpartners,aftonpartners,https://ats.rippling.com/aftonpartners/jobs
aftons-job-board,aftons-job-board,https://ats.rippling.com/aftons-job-board/jobs
agamerica-careers,agamerica-careers,https://ats.rippling.com/agamerica-careers/jobs
agelessrx,agelessrx,https://ats.rippling.com/agelessrx/jobs
agencycyber,agencycyber,https://ats.rippling.com/agencycyber/jobs
agentsync-careers,agentsync-careers,https://ats.rippling.com/agentsync-careers/jobs
agital-careers,agital-careers,https://ats.rippling.com/agital-careers/jobs
agora,agora,https://ats.rippling.com/agora/jobs
ai2io,ai2io,https://ats.rippling.com/ai2io/jobs
aidkit,aidkit,https://ats.rippling.com/aidkit/jobs
aigent-energy,aigent-energy,https://ats.rippling.com/aigent-energy/jobs
aimtal,aimtal,https://ats.rippling.com/aimtal/jobs
aiq-careers,aiq-careers,https://ats.rippling.com/aiq-careers/jobs
airloom-open-roles,airloom-open-roles,https://ats.rippling.com/airloom-open-roles/jobs
airo-mechanical-job-board,airo-mechanical-job-board,https://ats.rippling.com/airo-mechanical-job-board/jobs
al-warren-oil-jobs,al-warren-oil-jobs,https://ats.rippling.com/al-warren-oil-jobs/jobs
alaan-careers,alaan-careers,https://ats.rippling.com/alaan-careers/jobs
albers-aersopace,albers-aersopace,https://ats.rippling.com/albers-aersopace/jobs
albert-invent-corp,albert-invent-corp,https://ats.rippling.com/albert-invent-corp/jobs
aldea-inc,aldea-inc,https://ats.rippling.com/aldea-inc/jobs
aleracare,aleracare,https://ats.rippling.com/aleracare/jobs
allaboveall,allaboveall,https://ats.rippling.com/allaboveall/jobs
alliance-solutions-group,alliance-solutions-group,https://ats.rippling.com/alliance-solutions-group/jobs
allsup,allsup,https://ats.rippling.com/allsup/jobs
altom-transport-jobs,altom-transport-jobs,https://ats.rippling.com/altom-transport-jobs/jobs
always-dream,always-dream,https://ats.rippling.com/always-dream/jobs
ambico-careers,ambico-careers,https://ats.rippling.com/ambico-careers/jobs
ambition-prep-careers,ambition-prep-careers,https://ats.rippling.com/ambition-prep-careers/jobs
american-kids-sports-center,american-kids-sports-center,https://ats.rippling.com/american-kids-sports-center/jobs
american-spoon-careers,american-spoon-careers,https://ats.rippling.com/american-spoon-careers/jobs
americans-for-responsible-innovation,americans-for-responsible-innovation,https://ats.rippling.com/americans-for-responsible-innovation/jobs
amika-careers,amika-careers,https://ats.rippling.com/amika-careers/jobs
amopportunities,amopportunities,https://ats.rippling.com/amopportunities/jobs
ampa,ampa,https://ats.rippling.com/ampa/jobs
ampersandbrands,ampersandbrands,https://ats.rippling.com/ampersandbrands/jobs
ampleo-careers-page,ampleo-careers-page,https://ats.rippling.com/ampleo-careers-page/jobs
anabranchsolutions,anabranchsolutions,https://ats.rippling.com/anabranchsolutions/jobs
analyte-health-careers,analyte-health-careers,https://ats.rippling.com/analyte-health-careers/jobs
anchorhome,anchorhome,https://ats.rippling.com/anchorhome/jobs
anderson-injury-lawyers-jobs,anderson-injury-lawyers-jobs,https://ats.rippling.com/anderson-injury-lawyers-jobs/jobs
andesa-services,andesa-services,https://ats.rippling.com/andesa-services/jobs
andium-careers,andium-careers,https://ats.rippling.com/andium-careers/jobs
anovaeon,anovaeon,https://ats.rippling.com/anovaeon/jobs
answering-service-care,answering-service-care,https://ats.rippling.com/answering-service-care/jobs
anton-rx,anton-rx,https://ats.rippling.com/anton-rx/jobs
anza-mortgage-insurance-company,anza-mortgage-insurance-company,https://ats.rippling.com/anza-mortgage-insurance-company/jobs
anza-re-llc,anza-re-llc,https://ats.rippling.com/anza-re-llc/jobs
aoii-fraternity,aoii-fraternity,https://ats.rippling.com/aoii-fraternity/jobs
apen-job-opportunities,apen-job-opportunities,https://ats.rippling.com/apen-job-opportunities/jobs
apexanalytix-careers,apexanalytix-careers,https://ats.rippling.com/apexanalytix-careers/jobs
apprenticareers,apprenticareers,https://ats.rippling.com/apprenticareers/jobs
appriss-retail,appriss-retail,https://ats.rippling.com/appriss-retail/jobs
apres-nail,apres-nail,https://ats.rippling.com/apres-nail/jobs
aptera,aptera,https://ats.rippling.com/aptera/jobs
arbor,arbor,https://ats.rippling.com/arbor/jobs
arc,arc,https://ats.rippling.com/arc/jobs
arcade-job-board,arcade-job-board,https://ats.rippling.com/arcade-job-board/jobs
arcgno-jobs,arcgno-jobs,https://ats.rippling.com/arcgno-jobs/jobs
archehealth-job-board,archehealth-job-board,https://ats.rippling.com/archehealth-job-board/jobs
archer,archer,https://ats.rippling.com/archer/jobs
argyle,argyle,https://ats.rippling.com/argyle/jobs
arion-care-careers,arion-care-careers,https://ats.rippling.com/arion-care-careers/jobs
arkansas-baptist-children-family-ministries,arkansas-baptist-children-family-ministries,https://ats.rippling.com/arkansas-baptist-children-family-ministries/jobs
armada-careers,armada-careers,https://ats.rippling.com/armada-careers/jobs
aropa-consulting,aropa-consulting,https://ats.rippling.com/aropa-consulting/jobs
arrive-health-careers,arrive-health-careers,https://ats.rippling.com/arrive-health-careers/jobs
artemis-careers,artemis-careers,https://ats.rippling.com/artemis-careers/jobs
arthaus,arthaus,https://ats.rippling.com/arthaus/jobs
ascension-coffee-careers,ascension-coffee-careers,https://ats.rippling.com/ascension-coffee-careers/jobs
ascentt,ascentt,https://ats.rippling.com/ascentt/jobs
ash-people,ash-people,https://ats.rippling.com/ash-people/jobs
aspenview,aspenview,https://ats.rippling.com/aspenview/jobs
aspire-general-insurance-careers,aspire-general-insurance-careers,https://ats.rippling.com/aspire-general-insurance-careers/jobs
astra,astra,https://ats.rippling.com/astra/jobs
ata,ata,https://ats.rippling.com/ata/jobs
athos-commerce-careers,athos-commerce-careers,https://ats.rippling.com/athos-commerce-careers/jobs
atlantic-coast-mortgage,atlantic-coast-mortgage,https://ats.rippling.com/atlantic-coast-mortgage/jobs
atlas-data-storage,atlas-data-storage,https://ats.rippling.com/atlas-data-storage/jobs
atmoszero-careers,atmoszero-careers,https://ats.rippling.com/atmoszero-careers/jobs
audien-hearing,audien-hearing,https://ats.rippling.com/audien-hearing/jobs
auris-practice-solutions,auris-practice-solutions,https://ats.rippling.com/auris-practice-solutions/jobs
auxi,auxi,https://ats.rippling.com/auxi/jobs
auxo-solutions,auxo-solutions,https://ats.rippling.com/auxo-solutions/jobs
avadim-careers,avadim-careers,https://ats.rippling.com/avadim-careers/jobs
avenue-z-careers,avenue-z-careers,https://ats.rippling.com/avenue-z-careers/jobs
averys-house,averys-house,https://ats.rippling.com/averys-house/jobs
axisair-careers,axisair-careers,https://ats.rippling.com/axisair-careers/jobs
axlelogistics,axlelogistics,https://ats.rippling.com/axlelogistics/jobs
azzip-pizza,azzip-pizza,https://ats.rippling.com/azzip-pizza/jobs
bad-birdie,bad-birdie,https://ats.rippling.com/bad-birdie/jobs
baft-inc,baft-inc,https://ats.rippling.com/baft-inc/jobs
bairdcareers,bairdcareers,https://ats.rippling.com/bairdcareers/jobs
bakkt-llc,bakkt-llc,https://ats.rippling.com/bakkt-llc/jobs
balentine,balentine,https://ats.rippling.com/balentine/jobs
ballentine-partners,ballentine-partners,https://ats.rippling.com/ballentine-partners/jobs
balto,balto,https://ats.rippling.com/balto/jobs
bamboo-health-careers,bamboo-health-careers,https://ats.rippling.com/bamboo-health-careers/jobs
bancroft,bancroft,https://ats.rippling.com/bancroft/jobs
banner-house-at-t-bar-m,banner-house-at-t-bar-m,https://ats.rippling.com/banner-house-at-t-bar-m/jobs
barr-careers,barr-careers,https://ats.rippling.com/barr-careers/jobs
barron-career-board,barron-career-board,https://ats.rippling.com/barron-career-board/jobs
barrys-careers,barrys-careers,https://ats.rippling.com/barrys-careers/jobs
baseball-lifestyle-101,baseball-lifestyle-101,https://ats.rippling.com/baseball-lifestyle-101/jobs
battlecreekchurch,battlecreekchurch,https://ats.rippling.com/battlecreekchurch/jobs
bay-fc-jobs,bay-fc-jobs,https://ats.rippling.com/bay-fc-jobs/jobs
bayaud-works,bayaud-works,https://ats.rippling.com/bayaud-works/jobs
bcbm,bcbm,https://ats.rippling.com/bcbm/jobs
beehive-industries,beehive-industries,https://ats.rippling.com/beehive-industries/jobs
begin-careers,begin-careers,https://ats.rippling.com/begin-careers/jobs
bellhop,bellhop,https://ats.rippling.com/bellhop/jobs
bender-companies,bender-companies,https://ats.rippling.com/bender-companies/jobs
bent-tree-market,bent-tree-market,https://ats.rippling.com/bent-tree-market/jobs
bethel-university-staff,bethel-university-staff,https://ats.rippling.com/bethel-university-staff/jobs
bettercomp,bettercomp,https://ats.rippling.com/bettercomp/jobs
beyonder-camp,beyonder-camp,https://ats.rippling.com/beyonder-camp/jobs
bgcgsl-careers,bgcgsl-careers,https://ats.rippling.com/bgcgsl-careers/jobs
bid-employment-opportunities,bid-employment-opportunities,https://ats.rippling.com/bid-employment-opportunities/jobs
billingsleycareers,billingsleycareers,https://ats.rippling.com/billingsleycareers/jobs
biscuit,biscuit,https://ats.rippling.com/biscuit/jobs
bizzycar,bizzycar,https://ats.rippling.com/bizzycar/jobs
blanchard,blanchard,https://ats.rippling.com/blanchard/jobs
blitzy-jobs,blitzy-jobs,https://ats.rippling.com/blitzy-jobs/jobs
blue-water-autonomy,blue-water-autonomy,https://ats.rippling.com/blue-water-autonomy/jobs
blueridge,blueridge,https://ats.rippling.com/blueridge/jobs
bluetree-providers,bluetree-providers,https://ats.rippling.com/bluetree-providers/jobs
bluetree,bluetree,https://ats.rippling.com/bluetree/jobs
bluewave,bluewave,https://ats.rippling.com/bluewave/jobs
bmsc-careers,bmsc-careers,https://ats.rippling.com/bmsc-careers/jobs
bodwe-professional-services-group-companies,bodwe-professional-services-group-companies,https://ats.rippling.com/bodwe-professional-services-group-companies/jobs
bohme,bohme,https://ats.rippling.com/bohme/jobs
bonnevillelabs,bonnevillelabs,https://ats.rippling.com/bonnevillelabs/jobs
bonsairoboticsmain,bonsairoboticsmain,https://ats.rippling.com/bonsairoboticsmain/jobs
bonusly,bonusly,https://ats.rippling.com/bonusly/jobs
bookmans-careers,bookmans-careers,https://ats.rippling.com/bookmans-careers/jobs
booknook-inc,booknook-inc,https://ats.rippling.com/booknook-inc/jobs
boom-supersonic,boom-supersonic,https://ats.rippling.com/boom-supersonic/jobs
boompop,boompop,https://ats.rippling.com/boompop/jobs
boosted,boosted,https://ats.rippling.com/boosted/jobs
booster-juice-corporate-office,booster-juice-corporate-office,https://ats.rippling.com/booster-juice-corporate-office/jobs
botbuilt,botbuilt,https://ats.rippling.com/botbuilt/jobs
bound,bound,https://ats.rippling.com/bound/jobs
bowery-valuation,bowery-valuation,https://ats.rippling.com/bowery-valuation/jobs
boys-girls-club-of-manhattan,boys-girls-club-of-manhattan,https://ats.rippling.com/boys-girls-club-of-manhattan/jobs
bradleycocareers,bradleycocareers,https://ats.rippling.com/bradleycocareers/jobs
brains,brains,https://ats.rippling.com/brains/jobs
breakthrough-central-texas,breakthrough-central-texas,https://ats.rippling.com/breakthrough-central-texas/jobs
brevian-careers,brevian-careers,https://ats.rippling.com/brevian-careers/jobs
brewing-coach-opportunities,brewing-coach-opportunities,https://ats.rippling.com/brewing-coach-opportunities/jobs
bridge-defense,bridge-defense,https://ats.rippling.com/bridge-defense/jobs
brightside-health-jobs,brightside-health-jobs,https://ats.rippling.com/brightside-health-jobs/jobs
brightside,brightside,https://ats.rippling.com/brightside/jobs
brightspanhealth,brightspanhealth,https://ats.rippling.com/brightspanhealth/jobs
briowt,briowt,https://ats.rippling.com/briowt/jobs
brokkr-labs,brokkr-labs,https://ats.rippling.com/brokkr-labs/jobs
bronco-ai,bronco-ai,https://ats.rippling.com/bronco-ai/jobs
brook-health,brook-health,https://ats.rippling.com/brook-health/jobs
bryson-gillette,bryson-gillette,https://ats.rippling.com/bryson-gillette/jobs
btc-inc,btc-inc,https://ats.rippling.com/btc-inc/jobs
bts-bioenergy-usa-careers,bts-bioenergy-usa-careers,https://ats.rippling.com/bts-bioenergy-usa-careers/jobs
buildpass,buildpass,https://ats.rippling.com/buildpass/jobs
bullet-labs-career,bullet-labs-career,https://ats.rippling.com/bullet-labs-career/jobs
burgmann,burgmann,https://ats.rippling.com/burgmann/jobs
button,button,https://ats.rippling.com/button/jobs
buxtoncocareers,buxtoncocareers,https://ats.rippling.com/buxtoncocareers/jobs
ca-ferolie-careers,ca-ferolie-careers,https://ats.rippling.com/ca-ferolie-careers/jobs
callrevu,callrevu,https://ats.rippling.com/callrevu/jobs
campspot,campspot,https://ats.rippling.com/campspot/jobs
cancer-research-institute-inc,cancer-research-institute-inc,https://ats.rippling.com/cancer-research-institute-inc/jobs
capacity,capacity,https://ats.rippling.com/capacity/jobs
capitolengineering,capitolengineering,https://ats.rippling.com/capitolengineering/jobs
caqh,caqh,https://ats.rippling.com/caqh/jobs
cardamom,cardamom,https://ats.rippling.com/cardamom/jobs
careatlas,careatlas,https://ats.rippling.com/careatlas/jobs
career-opportunities-at-mindset,career-opportunities-at-mindset,https://ats.rippling.com/career-opportunities-at-mindset/jobs
career_opportunities,career_opportunities,https://ats.rippling.com/career_opportunities/jobs
careers-at-harver,careers-at-harver,https://ats.rippling.com/careers-at-harver/jobs
careers-at-pearl,careers-at-pearl,https://ats.rippling.com/careers-at-pearl/jobs
careers-at-queenscare,careers-at-queenscare,https://ats.rippling.com/careers-at-queenscare/jobs
careers-at-ves,careers-at-ves,https://ats.rippling.com/careers-at-ves/jobs
careers-neuronetics,careers-neuronetics,https://ats.rippling.com/careers-neuronetics/jobs
careers-page,careers-page,https://ats.rippling.com/careers-page/jobs
careers-quartile,careers-quartile,https://ats.rippling.com/careers-quartile/jobs
careers-tendit-group,careers-tendit-group,https://ats.rippling.com/careers-tendit-group/jobs
careers-ucfs,careers-ucfs,https://ats.rippling.com/careers-ucfs/jobs
careershrpd,careershrpd,https://ats.rippling.com/careershrpd/jobs
cargosprint,cargosprint,https://ats.rippling.com/cargosprint/jobs
cariskpartners,cariskpartners,https://ats.rippling.com/cariskpartners/jobs
cars-and-bids-job-board,cars-and-bids-job-board,https://ats.rippling.com/cars-and-bids-job-board/jobs
casa-esperanza,casa-esperanza,https://ats.rippling.com/casa-esperanza/jobs
caspermedicalimagingcareers,caspermedicalimagingcareers,https://ats.rippling.com/caspermedicalimagingcareers/jobs
catalystcr-careers,catalystcr-careers,https://ats.rippling.com/catalystcr-careers/jobs
catholic-charities,catholic-charities,https://ats.rippling.com/catholic-charities/jobs
cavh,cavh,https://ats.rippling.com/cavh/jobs
cbts,cbts,https://ats.rippling.com/cbts/jobs
cbtsindia,cbtsindia,https://ats.rippling.com/cbtsindia/jobs
cdata-software,cdata-software,https://ats.rippling.com/cdata-software/jobs
cdpeacock,cdpeacock,https://ats.rippling.com/cdpeacock/jobs
celerdataopenroles,celerdataopenroles,https://ats.rippling.com/celerdataopenroles/jobs
center-for-food-safety,center-for-food-safety,https://ats.rippling.com/center-for-food-safety/jobs
centil-jobs,centil-jobs,https://ats.rippling.com/centil-jobs/jobs
centr,centr,https://ats.rippling.com/centr/jobs
cerby,cerby,https://ats.rippling.com/cerby/jobs
cfi-solutions,cfi-solutions,https://ats.rippling.com/cfi-solutions/jobs
cfj,cfj,https://ats.rippling.com/cfj/jobs
cgla,cgla,https://ats.rippling.com/cgla/jobs
cgoncologycareers,cgoncologycareers,https://ats.rippling.com/cgoncologycareers/jobs
chad-jones-law,chad-jones-law,https://ats.rippling.com/chad-jones-law/jobs
character-biosciences,character-biosciences,https://ats.rippling.com/character-biosciences/jobs
cheselectriccareers,cheselectriccareers,https://ats.rippling.com/cheselectriccareers/jobs
chess,chess,https://ats.rippling.com/chess/jobs
chicagoathleticclubs,chicagoathleticclubs,https://ats.rippling.com/chicagoathleticclubs/jobs
chickennpickle,chickennpickle,https://ats.rippling.com/chickennpickle/jobs
childrenscouncilsf,childrenscouncilsf,https://ats.rippling.com/childrenscouncilsf/jobs
choose180,choose180,https://ats.rippling.com/choose180/jobs
christ-covenant-church,christ-covenant-church,https://ats.rippling.com/christ-covenant-church/jobs
chrome-hearts-careers,chrome-hearts-careers,https://ats.rippling.com/chrome-hearts-careers/jobs
ci-denver,ci-denver,https://ats.rippling.com/ci-denver/jobs
circle-u-foods-inc,circle-u-foods-inc,https://ats.rippling.com/circle-u-foods-inc/jobs
citrine-informatics,citrine-informatics,https://ats.rippling.com/citrine-informatics/jobs
citylogix,citylogix,https://ats.rippling.com/citylogix/jobs
cjnrc,cjnrc,https://ats.rippling.com/cjnrc/jobs
clackamas-womens-services,clackamas-womens-services,https://ats.rippling.com/clackamas-womens-services/jobs
clarity-clinic,clarity-clinic,https://ats.rippling.com/clarity-clinic/jobs
clean-energy-services-careers,clean-energy-services-careers,https://ats.rippling.com/clean-energy-services-careers/jobs
clearbags,clearbags,https://ats.rippling.com/clearbags/jobs
clearhome-self-storage-llc,clearhome-self-storage-llc,https://ats.rippling.com/clearhome-self-storage-llc/jobs
clearpath,clearpath,https://ats.rippling.com/clearpath/jobs
clearstar,clearstar,https://ats.rippling.com/clearstar/jobs
cleo-robotics,cleo-robotics,https://ats.rippling.com/cleo-robotics/jobs
clicklease,clicklease,https://ats.rippling.com/clicklease/jobs
climatepower,climatepower,https://ats.rippling.com/climatepower/jobs
closinglock,closinglock,https://ats.rippling.com/closinglock/jobs
cloud-synapps-inc,cloud-synapps-inc,https://ats.rippling.com/cloud-synapps-inc/jobs
cloudpoint-geospatial,cloudpoint-geospatial,https://ats.rippling.com/cloudpoint-geospatial/jobs
cloudtech,cloudtech,https://ats.rippling.com/cloudtech/jobs
club-capital-careers,club-capital-careers,https://ats.rippling.com/club-capital-careers/jobs
clubessential-holdings-cjb,clubessential-holdings-cjb,https://ats.rippling.com/clubessential-holdings-cjb/jobs
clubessential,clubessential,https://ats.rippling.com/clubessential/jobs
clubready,clubready,https://ats.rippling.com/clubready/jobs
cmls,cmls,https://ats.rippling.com/cmls/jobs
codedifferently,codedifferently,https://ats.rippling.com/codedifferently/jobs
codehs,codehs,https://ats.rippling.com/codehs/jobs
coenterprise,coenterprise,https://ats.rippling.com/coenterprise/jobs
coffee-meets-bagel-job-board,coffee-meets-bagel-job-board,https://ats.rippling.com/coffee-meets-bagel-job-board/jobs
colheli,colheli,https://ats.rippling.com/colheli/jobs
collegewise,collegewise,https://ats.rippling.com/collegewise/jobs
collieraerospace,collieraerospace,https://ats.rippling.com/collieraerospace/jobs
column,column,https://ats.rippling.com/column/jobs
combase-usa,combase-usa,https://ats.rippling.com/combase-usa/jobs
command,command,https://ats.rippling.com/command/jobs
commandlink,commandlink,https://ats.rippling.com/commandlink/jobs
community-action-marin-careers,community-action-marin-careers,https://ats.rippling.com/community-action-marin-careers/jobs
community-phone-careers,community-phone-careers,https://ats.rippling.com/community-phone-careers/jobs
compass-mining,compass-mining,https://ats.rippling.com/compass-mining/jobs
complexly,complexly,https://ats.rippling.com/complexly/jobs
conceptplus,conceptplus,https://ats.rippling.com/conceptplus/jobs
concerthealthcareers,concerthealthcareers,https://ats.rippling.com/concerthealthcareers/jobs
concntric,concntric,https://ats.rippling.com/concntric/jobs
conco-louisville,conco-louisville,https://ats.rippling.com/conco-louisville/jobs
consensus,consensus,https://ats.rippling.com/consensus/jobs
consulting-careers,consulting-careers,https://ats.rippling.com/consulting-careers/jobs
contingentcrew,contingentcrew,https://ats.rippling.com/contingentcrew/jobs
contractor-opportunities,contractor-opportunities,https://ats.rippling.com/contractor-opportunities/jobs
convo-communications-llc,convo-communications-llc,https://ats.rippling.com/convo-communications-llc/jobs
coopcareers,coopcareers,https://ats.rippling.com/coopcareers/jobs
copfcu-careers,copfcu-careers,https://ats.rippling.com/copfcu-careers/jobs
cor,cor,https://ats.rippling.com/cor/jobs
cord-careers,cord-careers,https://ats.rippling.com/cord-careers/jobs
core-education-services-pbc,core-education-services-pbc,https://ats.rippling.com/core-education-services-pbc/jobs
core-group-restorations,core-group-restorations,https://ats.rippling.com/core-group-restorations/jobs
cornerstonefootandankle,cornerstonefootandankle,https://ats.rippling.com/cornerstonefootandankle/jobs
coterie-careers,coterie-careers,https://ats.rippling.com/coterie-careers/jobs
cour,cour,https://ats.rippling.com/cour/jobs
courtyard,courtyard,https://ats.rippling.com/courtyard/jobs
covetcareers,covetcareers,https://ats.rippling.com/covetcareers/jobs
cozey-internships,cozey-internships,https://ats.rippling.com/cozey-internships/jobs
cozey,cozey,https://ats.rippling.com/cozey/jobs
cpp-careers,cpp-careers,https://ats.rippling.com/cpp-careers/jobs
crafty,crafty,https://ats.rippling.com/crafty/jobs
crane-center-careers-page,crane-center-careers-page,https://ats.rippling.com/crane-center-careers-page/jobs
crawford-mechanical-services,crawford-mechanical-services,https://ats.rippling.com/crawford-mechanical-services/jobs
crbwater,crbwater,https://ats.rippling.com/crbwater/jobs
createmusicgroup,createmusicgroup,https://ats.rippling.com/createmusicgroup/jobs
crenndininggroup,crenndininggroup,https://ats.rippling.com/crenndininggroup/jobs
crescent-communities,crescent-communities,https://ats.rippling.com/crescent-communities/jobs
cressy,cressy,https://ats.rippling.com/cressy/jobs
crio,crio,https://ats.rippling.com/crio/jobs
crisalis,crisalis,https://ats.rippling.com/crisalis/jobs
crisp-careers,crisp-careers,https://ats.rippling.com/crisp-careers/jobs
cristcot-management-company-inc,cristcot-management-company-inc,https://ats.rippling.com/cristcot-management-company-inc/jobs
cristcot,cristcot,https://ats.rippling.com/cristcot/jobs
crosswalk-health-inc,crosswalk-health-inc,https://ats.rippling.com/crosswalk-health-inc/jobs
cruciallogics,cruciallogics,https://ats.rippling.com/cruciallogics/jobs
crunchafi-llc,crunchafi-llc,https://ats.rippling.com/crunchafi-llc/jobs
cs-erickson-careers,cs-erickson-careers,https://ats.rippling.com/cs-erickson-careers/jobs
curiosity-current-openings,curiosity-current-openings,https://ats.rippling.com/curiosity-current-openings/jobs
current-clinic,current-clinic,https://ats.rippling.com/current-clinic/jobs
current-openings,current-openings,https://ats.rippling.com/current-openings/jobs
custer-inc,custer-inc,https://ats.rippling.com/custer-inc/jobs
cxponent,cxponent,https://ats.rippling.com/cxponent/jobs
cygnuspay,cygnuspay,https://ats.rippling.com/cygnuspay/jobs
d-wave-quantum,d-wave-quantum,https://ats.rippling.com/d-wave-quantum/jobs
dailyjournal,dailyjournal,https://ats.rippling.com/dailyjournal/jobs
daniels-fund,daniels-fund,https://ats.rippling.com/daniels-fund/jobs
darwin-homes,darwin-homes,https://ats.rippling.com/darwin-homes/jobs
dashdot,dashdot,https://ats.rippling.com/dashdot/jobs
databahn,databahn,https://ats.rippling.com/databahn/jobs
daversa-partners,daversa-partners,https://ats.rippling.com/daversa-partners/jobs
dbhw-wealth-partners,dbhw-wealth-partners,https://ats.rippling.com/dbhw-wealth-partners/jobs
dc-blox-careers,dc-blox-careers,https://ats.rippling.com/dc-blox-careers/jobs
deeplydigital-careers,deeplydigital-careers,https://ats.rippling.com/deeplydigital-careers/jobs
delos-careers,delos-careers,https://ats.rippling.com/delos-careers/jobs
delta-e-careers,delta-e-careers,https://ats.rippling.com/delta-e-careers/jobs
demandpdx,demandpdx,https://ats.rippling.com/demandpdx/jobs
democracy-docket,democracy-docket,https://ats.rippling.com/democracy-docket/jobs
democratic-national-committee,democratic-national-committee,https://ats.rippling.com/democratic-national-committee/jobs
dental-intelligence-careers,dental-intelligence-careers,https://ats.rippling.com/dental-intelligence-careers/jobs
dermot-realty-management-co-lp,dermot-realty-management-co-lp,https://ats.rippling.com/dermot-realty-management-co-lp/jobs
desri-careers,desri-careers,https://ats.rippling.com/desri-careers/jobs
dext-capital-llc,dext-capital-llc,https://ats.rippling.com/dext-capital-llc/jobs
dftba-jobs,dftba-jobs,https://ats.rippling.com/dftba-jobs/jobs
dgpt,dgpt,https://ats.rippling.com/dgpt/jobs
dgrsystems,dgrsystems,https://ats.rippling.com/dgrsystems/jobs
dialogue-en,dialogue-en,https://ats.rippling.com/dialogue-en/jobs
digitalpathopenpositions,digitalpathopenpositions,https://ats.rippling.com/digitalpathopenpositions/jobs
dirty-hands,dirty-hands,https://ats.rippling.com/dirty-hands/jobs
distinctionllc,distinctionllc,https://ats.rippling.com/distinctionllc/jobs
divcon-controls,divcon-controls,https://ats.rippling.com/divcon-controls/jobs
dlb-associates,dlb-associates,https://ats.rippling.com/dlb-associates/jobs
dlsengineering,dlsengineering,https://ats.rippling.com/dlsengineering/jobs
dmrtechnologies,dmrtechnologies,https://ats.rippling.com/dmrtechnologies/jobs
dockwa,dockwa,https://ats.rippling.com/dockwa/jobs
docuvault-genvault,docuvault-genvault,https://ats.rippling.com/docuvault-genvault/jobs
donovan-job-board,donovan-job-board,https://ats.rippling.com/donovan-job-board/jobs
door-controls-usa,door-controls-usa,https://ats.rippling.com/door-controls-usa/jobs
door,door,https://ats.rippling.com/door/jobs
dpirecruiting,dpirecruiting,https://ats.rippling.com/dpirecruiting/jobs
drivesocialmedia,drivesocialmedia,https://ats.rippling.com/drivesocialmedia/jobs
droneshield,droneshield,https://ats.rippling.com/droneshield/jobs
droneup,droneup,https://ats.rippling.com/droneup/jobs
dropzone-ai,dropzone-ai,https://ats.rippling.com/dropzone-ai/jobs
dtj-design-inc,dtj-design-inc,https://ats.rippling.com/dtj-design-inc/jobs
dub,dub,https://ats.rippling.com/dub/jobs
dude-products,dude-products,https://ats.rippling.com/dude-products/jobs
dunder-mifflin845a6671-e3ae-4be6-ab4e-b06beb1cf02a,dunder-mifflin845a6671-e3ae-4be6-ab4e-b06beb1cf02a,https://ats.rippling.com/dunder-mifflin845a6671-e3ae-4be6-ab4e-b06beb1cf02a/jobs
dunham-jones-law-careers,dunham-jones-law-careers,https://ats.rippling.com/dunham-jones-law-careers/jobs
duplocloud,duplocloud,https://ats.rippling.com/duplocloud/jobs
dwelldesignstudio,dwelldesignstudio,https://ats.rippling.com/dwelldesignstudio/jobs
dyna-careers,dyna-careers,https://ats.rippling.com/dyna-careers/jobs
dynamic-slr,dynamic-slr,https://ats.rippling.com/dynamic-slr/jobs
eaglepointsoftware,eaglepointsoftware,https://ats.rippling.com/eaglepointsoftware/jobs
earthbanc_careers,earthbanc_careers,https://ats.rippling.com/earthbanc_careers/jobs
easy-dynamics-corporation,easy-dynamics-corporation,https://ats.rippling.com/easy-dynamics-corporation/jobs
eatfuku,eatfuku,https://ats.rippling.com/eatfuku/jobs
ecc-job-board,ecc-job-board,https://ats.rippling.com/ecc-job-board/jobs
echeloncareers,echeloncareers,https://ats.rippling.com/echeloncareers/jobs
eco-battery,eco-battery,https://ats.rippling.com/eco-battery/jobs
econorthwest,econorthwest,https://ats.rippling.com/econorthwest/jobs
ecsbrands,ecsbrands,https://ats.rippling.com/ecsbrands/jobs
edgehog-trading,edgehog-trading,https://ats.rippling.com/edgehog-trading/jobs
ediphi,ediphi,https://ats.rippling.com/ediphi/jobs
egelloc,egelloc,https://ats.rippling.com/egelloc/jobs
ehouse-studio-llc,ehouse-studio-llc,https://ats.rippling.com/ehouse-studio-llc/jobs
eim,eim,https://ats.rippling.com/eim/jobs
einc,einc,https://ats.rippling.com/einc/jobs
el-education,el-education,https://ats.rippling.com/el-education/jobs
eleanor-health-careers,eleanor-health-careers,https://ats.rippling.com/eleanor-health-careers/jobs
elephant,elephant,https://ats.rippling.com/elephant/jobs
elevaris-medical-devices,elevaris-medical-devices,https://ats.rippling.com/elevaris-medical-devices/jobs
elevate-consulting,elevate-consulting,https://ats.rippling.com/elevate-consulting/jobs
elevate-surgical,elevate-surgical,https://ats.rippling.com/elevate-surgical/jobs
elevate,elevate,https://ats.rippling.com/elevate/jobs
elg-careers-attorneys,elg-careers-attorneys,https://ats.rippling.com/elg-careers-attorneys/jobs
elg-careers,elg-careers,https://ats.rippling.com/elg-careers/jobs
ellit-groups-llc,ellit-groups-llc,https://ats.rippling.com/ellit-groups-llc/jobs
elmwood-institute-llc,elmwood-institute-llc,https://ats.rippling.com/elmwood-institute-llc/jobs
emeraldx,emeraldx,https://ats.rippling.com/emeraldx/jobs
emovis,emovis,https://ats.rippling.com/emovis/jobs
empist,empist,https://ats.rippling.com/empist/jobs
encamp,encamp,https://ats.rippling.com/encamp/jobs
endpointsnews,endpointsnews,https://ats.rippling.com/endpointsnews/jobs
energycap-external-career-page,energycap-external-career-page,https://ats.rippling.com/energycap-external-career-page/jobs
enertiv-jobs,enertiv-jobs,https://ats.rippling.com/enertiv-jobs/jobs
enervenue-inc,enervenue-inc,https://ats.rippling.com/enervenue-inc/jobs
ensembleiq,ensembleiq,https://ats.rippling.com/ensembleiq/jobs
entrust-community-services-job-board,entrust-community-services-job-board,https://ats.rippling.com/entrust-community-services-job-board/jobs
enzo-health,enzo-health,https://ats.rippling.com/enzo-health/jobs
epic-gardening,epic-gardening,https://ats.rippling.com/epic-gardening/jobs
epic-software,epic-software,https://ats.rippling.com/epic-software/jobs
epicio,epicio,https://ats.rippling.com/epicio/jobs
epiphany-school,epiphany-school,https://ats.rippling.com/epiphany-school/jobs
erepublic,erepublic,https://ats.rippling.com/erepublic/jobs
eridu-ai,eridu-ai,https://ats.rippling.com/eridu-ai/jobs
esatto,esatto,https://ats.rippling.com/esatto/jobs
eskillz,eskillz,https://ats.rippling.com/eskillz/jobs
essmetron,essmetron,https://ats.rippling.com/essmetron/jobs
essor,essor,https://ats.rippling.com/essor/jobs
estateguru,estateguru,https://ats.rippling.com/estateguru/jobs
estes-energetics,estes-energetics,https://ats.rippling.com/estes-energetics/jobs
eternal,eternal,https://ats.rippling.com/eternal/jobs
etix,etix,https://ats.rippling.com/etix/jobs
eurasia-group,eurasia-group,https://ats.rippling.com/eurasia-group/jobs
euvtech,euvtech,https://ats.rippling.com/euvtech/jobs
eva-nyc-careers,eva-nyc-careers,https://ats.rippling.com/eva-nyc-careers/jobs
eventeny,eventeny,https://ats.rippling.com/eventeny/jobs
evercharge-careers,evercharge-careers,https://ats.rippling.com/evercharge-careers/jobs
everfi,everfi,https://ats.rippling.com/everfi/jobs
everflow,everflow,https://ats.rippling.com/everflow/jobs
everland,everland,https://ats.rippling.com/everland/jobs
everyday-speech,everyday-speech,https://ats.rippling.com/everyday-speech/jobs
everythingbagelcareers,everythingbagelcareers,https://ats.rippling.com/everythingbagelcareers/jobs
exact-careers,exact-careers,https://ats.rippling.com/exact-careers/jobs
exact-medicare-secret,exact-medicare-secret,https://ats.rippling.com/exact-medicare-secret/jobs
excel,excel,https://ats.rippling.com/excel/jobs
exp-jobs,exp-jobs,https://ats.rippling.com/exp-jobs/jobs
external-job-board,external-job-board,https://ats.rippling.com/external-job-board/jobs
exus-renewables-north-america,exus-renewables-north-america,https://ats.rippling.com/exus-renewables-north-america/jobs
ez-hiring,ez-hiring,https://ats.rippling.com/ez-hiring/jobs
fabric-inc,fabric-inc,https://ats.rippling.com/fabric-inc/jobs
facereality,facereality,https://ats.rippling.com/facereality/jobs
factory6-job-board,factory6-job-board,https://ats.rippling.com/factory6-job-board/jobs
falvey-insurance-group-careers,falvey-insurance-group-careers,https://ats.rippling.com/falvey-insurance-group-careers/jobs
farmandforgeclub,farmandforgeclub,https://ats.rippling.com/farmandforgeclub/jobs
fdsdba-fox-pest,fdsdba-fox-pest,https://ats.rippling.com/fdsdba-fox-pest/jobs
fears-law,fears-law,https://ats.rippling.com/fears-law/jobs
feed-media-group,feed-media-group,https://ats.rippling.com/feed-media-group/jobs
fellers,fellers,https://ats.rippling.com/fellers/jobs
ffaesthetics,ffaesthetics,https://ats.rippling.com/ffaesthetics/jobs
fgcplus,fgcplus,https://ats.rippling.com/fgcplus/jobs
fieldpulse,fieldpulse,https://ats.rippling.com/fieldpulse/jobs
fintrx-careers,fintrx-careers,https://ats.rippling.com/fintrx-careers/jobs
fireclay-tile,fireclay-tile,https://ats.rippling.com/fireclay-tile/jobs
firehydrant,firehydrant,https://ats.rippling.com/firehydrant/jobs
firstfedcareers,firstfedcareers,https://ats.rippling.com/firstfedcareers/jobs
firstservicebank,firstservicebank,https://ats.rippling.com/firstservicebank/jobs
five-star-careers,five-star-careers,https://ats.rippling.com/five-star-careers/jobs
flatiron-school,flatiron-school,https://ats.rippling.com/flatiron-school/jobs
flatirons-recovery,flatirons-recovery,https://ats.rippling.com/flatirons-recovery/jobs
fleet-data-centers,fleet-data-centers,https://ats.rippling.com/fleet-data-centers/jobs
flex-dental,flex-dental,https://ats.rippling.com/flex-dental/jobs
flexai,flexai,https://ats.rippling.com/flexai/jobs
flighthouse,flighthouse,https://ats.rippling.com/flighthouse/jobs
flipsystem-jobs,flipsystem-jobs,https://ats.rippling.com/flipsystem-jobs/jobs
flourish-and-thrive-labs,flourish-and-thrive-labs,https://ats.rippling.com/flourish-and-thrive-labs/jobs
fluidlogic,fluidlogic,https://ats.rippling.com/fluidlogic/jobs
flyover-chicago,flyover-chicago,https://ats.rippling.com/flyover-chicago/jobs
forbestravelguide,forbestravelguide,https://ats.rippling.com/forbestravelguide/jobs
formant-careers,formant-careers,https://ats.rippling.com/formant-careers/jobs
forterra,forterra,https://ats.rippling.com/forterra/jobs
forum-solutions-llc,forum-solutions-llc,https://ats.rippling.com/forum-solutions-llc/jobs
fotfp,fotfp,https://ats.rippling.com/fotfp/jobs
foundant-careers,foundant-careers,https://ats.rippling.com/foundant-careers/jobs
foundation-robotics,foundation-robotics,https://ats.rippling.com/foundation-robotics/jobs
foundersgroveclassicalacademy,foundersgroveclassicalacademy,https://ats.rippling.com/foundersgroveclassicalacademy/jobs
fountainlife,fountainlife,https://ats.rippling.com/fountainlife/jobs
fragile,fragile,https://ats.rippling.com/fragile/jobs
framework,framework,https://ats.rippling.com/framework/jobs
frank-and-eileen,frank-and-eileen,https://ats.rippling.com/frank-and-eileen/jobs
frank-kent-family-of-brands,frank-kent-family-of-brands,https://ats.rippling.com/frank-kent-family-of-brands/jobs
free-market-health,free-market-health,https://ats.rippling.com/free-market-health/jobs
frps,frps,https://ats.rippling.com/frps/jobs
fs-builder-resources,fs-builder-resources,https://ats.rippling.com/fs-builder-resources/jobs
fuku-fl-careers,fuku-fl-careers,https://ats.rippling.com/fuku-fl-careers/jobs
functionofbeauty,functionofbeauty,https://ats.rippling.com/functionofbeauty/jobs
fusionsleep,fusionsleep,https://ats.rippling.com/fusionsleep/jobs
futu-us_moomoo,futu-us_moomoo,https://ats.rippling.com/futu-us_moomoo/jobs
futuri-careers,futuri-careers,https://ats.rippling.com/futuri-careers/jobs
gains-intermediate,gains-intermediate,https://ats.rippling.com/gains-intermediate/jobs
galileo,galileo,https://ats.rippling.com/galileo/jobs
galleon-advisors,galleon-advisors,https://ats.rippling.com/galleon-advisors/jobs
gamerschoice,gamerschoice,https://ats.rippling.com/gamerschoice/jobs
gamesight,gamesight,https://ats.rippling.com/gamesight/jobs
gather,gather,https://ats.rippling.com/gather/jobs
gearhead-outfitters-careers,gearhead-outfitters-careers,https://ats.rippling.com/gearhead-outfitters-careers/jobs
gelberg-signs-careers,gelberg-signs-careers,https://ats.rippling.com/gelberg-signs-careers/jobs
general,general,https://ats.rippling.com/general/jobs
genlogs-corporation,genlogs-corporation,https://ats.rippling.com/genlogs-corporation/jobs
geological-society-of-america,geological-society-of-america,https://ats.rippling.com/geological-society-of-america/jobs
gershautism,gershautism,https://ats.rippling.com/gershautism/jobs
get-engaged,get-engaged,https://ats.rippling.com/get-engaged/jobs
getsetup-job-board,getsetup-job-board,https://ats.rippling.com/getsetup-job-board/jobs
gevo-careers,gevo-careers,https://ats.rippling.com/gevo-careers/jobs
gff-careers,gff-careers,https://ats.rippling.com/gff-careers/jobs
gfg-career-page,gfg-career-page,https://ats.rippling.com/gfg-career-page/jobs
givebacks,givebacks,https://ats.rippling.com/givebacks/jobs
glasshouse,glasshouse,https://ats.rippling.com/glasshouse/jobs
glasstintusa,glasstintusa,https://ats.rippling.com/glasstintusa/jobs
glen-group-v2,glen-group-v2,https://ats.rippling.com/glen-group-v2/jobs
gloo-llc,gloo-llc,https://ats.rippling.com/gloo-llc/jobs
gobolt,gobolt,https://ats.rippling.com/gobolt/jobs
goddard-technologies,goddard-technologies,https://ats.rippling.com/goddard-technologies/jobs
gofishdigital,gofishdigital,https://ats.rippling.com/gofishdigital/jobs
good-roots-hiring-fy-2025,good-roots-hiring-fy-2025,https://ats.rippling.com/good-roots-hiring-fy-2025/jobs
good-samaritan-hospice,good-samaritan-hospice,https://ats.rippling.com/good-samaritan-hospice/jobs
goodkind,goodkind,https://ats.rippling.com/goodkind/jobs
gordian-biotechnology,gordian-biotechnology,https://ats.rippling.com/gordian-biotechnology/jobs
gotab,gotab,https://ats.rippling.com/gotab/jobs
gotenna-inc,gotenna-inc,https://ats.rippling.com/gotenna-inc/jobs
gotu-careers,gotu-careers,https://ats.rippling.com/gotu-careers/jobs
govly-inc,govly-inc,https://ats.rippling.com/govly-inc/jobs
gradguard,gradguard,https://ats.rippling.com/gradguard/jobs
grandbridge-corporation-careers,grandbridge-corporation-careers,https://ats.rippling.com/grandbridge-corporation-careers/jobs
grandcentralbakery,grandcentralbakery,https://ats.rippling.com/grandcentralbakery/jobs
grange-co-op-careers,grange-co-op-careers,https://ats.rippling.com/grange-co-op-careers/jobs
gravity,gravity,https://ats.rippling.com/gravity/jobs
graylinetn,graylinetn,https://ats.rippling.com/graylinetn/jobs
gridline,gridline,https://ats.rippling.com/gridline/jobs
grifin,grifin,https://ats.rippling.com/grifin/jobs
gshawaii,gshawaii,https://ats.rippling.com/gshawaii/jobs
gsm-jobs,gsm-jobs,https://ats.rippling.com/gsm-jobs/jobs
gsos,gsos,https://ats.rippling.com/gsos/jobs
guru-careers,guru-careers,https://ats.rippling.com/guru-careers/jobs
hacksmith,hacksmith,https://ats.rippling.com/hacksmith/jobs
halda-therapeutics,halda-therapeutics,https://ats.rippling.com/halda-therapeutics/jobs
hammer-creative,hammer-creative,https://ats.rippling.com/hammer-creative/jobs
hammerspace,hammerspace,https://ats.rippling.com/hammerspace/jobs
handscareers,handscareers,https://ats.rippling.com/handscareers/jobs
harbor-breeze-corp,harbor-breeze-corp,https://ats.rippling.com/harbor-breeze-corp/jobs
harborcompliance,harborcompliance,https://ats.rippling.com/harborcompliance/jobs
harness-careers,harness-careers,https://ats.rippling.com/harness-careers/jobs
harrison-group,harrison-group,https://ats.rippling.com/harrison-group/jobs
harvest,harvest,https://ats.rippling.com/harvest/jobs
hatchmed,hatchmed,https://ats.rippling.com/hatchmed/jobs
heads-up-technologies,heads-up-technologies,https://ats.rippling.com/heads-up-technologies/jobs
healthbar-careers,healthbar-careers,https://ats.rippling.com/healthbar-careers/jobs
healthbridge,healthbridge,https://ats.rippling.com/healthbridge/jobs
healthcare-provider-solutions,healthcare-provider-solutions,https://ats.rippling.com/healthcare-provider-solutions/jobs
healthsnapcareers,healthsnapcareers,https://ats.rippling.com/healthsnapcareers/jobs
healthwarehouse-careers,healthwarehouse-careers,https://ats.rippling.com/healthwarehouse-careers/jobs
heed-health,heed-health,https://ats.rippling.com/heed-health/jobs
heggerty-careers,heggerty-careers,https://ats.rippling.com/heggerty-careers/jobs
hello82-careers,hello82-careers,https://ats.rippling.com/hello82-careers/jobs
helloherojobboard,helloherojobboard,https://ats.rippling.com/helloherojobboard/jobs
hep-north-america-careers,hep-north-america-careers,https://ats.rippling.com/hep-north-america-careers/jobs
hey-lieu,hey-lieu,https://ats.rippling.com/hey-lieu/jobs
heymarvin,heymarvin,https://ats.rippling.com/heymarvin/jobs
hhrocjobs,hhrocjobs,https://ats.rippling.com/hhrocjobs/jobs
hockeystack-careers,hockeystack-careers,https://ats.rippling.com/hockeystack-careers/jobs
holly,holly,https://ats.rippling.com/holly/jobs
hona,hona,https://ats.rippling.com/hona/jobs
honeymoon,honeymoon,https://ats.rippling.com/honeymoon/jobs
hoponthewaggon,hoponthewaggon,https://ats.rippling.com/hoponthewaggon/jobs
howard-financial,howard-financial,https://ats.rippling.com/howard-financial/jobs
hqo,hqo,https://ats.rippling.com/hqo/jobs
hrcrs_careers,hrcrs_careers,https://ats.rippling.com/hrcrs_careers/jobs
humane-society-for-tacoma-pierce-county,humane-society-for-tacoma-pierce-county,https://ats.rippling.com/humane-society-for-tacoma-pierce-county/jobs
hunterstrategy,hunterstrategy,https://ats.rippling.com/hunterstrategy/jobs
hutch-ads-job-board,hutch-ads-job-board,https://ats.rippling.com/hutch-ads-job-board/jobs
hygeahealthcare,hygeahealthcare,https://ats.rippling.com/hygeahealthcare/jobs
ias-careers,ias-careers,https://ats.rippling.com/ias-careers/jobs
icp,icp,https://ats.rippling.com/icp/jobs
iec,iec,https://ats.rippling.com/iec/jobs
ieducate,ieducate,https://ats.rippling.com/ieducate/jobs
ignitium-llc,ignitium-llc,https://ats.rippling.com/ignitium-llc/jobs
imstrat,imstrat,https://ats.rippling.com/imstrat/jobs
in-time-tec,in-time-tec,https://ats.rippling.com/in-time-tec/jobs
incline-pc-group,incline-pc-group,https://ats.rippling.com/incline-pc-group/jobs
incredible-health,incredible-health,https://ats.rippling.com/incredible-health/jobs
indivisible-project-careers,indivisible-project-careers,https://ats.rippling.com/indivisible-project-careers/jobs
infinitus,infinitus,https://ats.rippling.com/infinitus/jobs
infinitygroup,infinitygroup,https://ats.rippling.com/infinitygroup/jobs
infodash,infodash,https://ats.rippling.com/infodash/jobs
infra,infra,https://ats.rippling.com/infra/jobs
inhance-technologies,inhance-technologies,https://ats.rippling.com/inhance-technologies/jobs
initialized-capital-management-llc,initialized-capital-management-llc,https://ats.rippling.com/initialized-capital-management-llc/jobs
inlyte-energy,inlyte-energy,https://ats.rippling.com/inlyte-energy/jobs
inn-flow,inn-flow,https://ats.rippling.com/inn-flow/jobs
inquired-careers,inquired-careers,https://ats.rippling.com/inquired-careers/jobs
inrule,inrule,https://ats.rippling.com/inrule/jobs
inseego,inseego,https://ats.rippling.com/inseego/jobs
instrumentum,instrumentum,https://ats.rippling.com/instrumentum/jobs
integrated-community-options,integrated-community-options,https://ats.rippling.com/integrated-community-options/jobs
integrity-corps-careers,integrity-corps-careers,https://ats.rippling.com/integrity-corps-careers/jobs
intelliguard,intelliguard,https://ats.rippling.com/intelliguard/jobs
intern4samtek,intern4samtek,https://ats.rippling.com/intern4samtek/jobs
internal-postings,internal-postings,https://ats.rippling.com/internal-postings/jobs
interplaylearning,interplaylearning,https://ats.rippling.com/interplaylearning/jobs
intersection,intersection,https://ats.rippling.com/intersection/jobs
intrinsic-llc,intrinsic-llc,https://ats.rippling.com/intrinsic-llc/jobs
invaio-job-board,invaio-job-board,https://ats.rippling.com/invaio-job-board/jobs
invision,invision,https://ats.rippling.com/invision/jobs
invita-healthcare-technologies,invita-healthcare-technologies,https://ats.rippling.com/invita-healthcare-technologies/jobs
ip-house,ip-house,https://ats.rippling.com/ip-house/jobs
iq-sig,iq-sig,https://ats.rippling.com/iq-sig/jobs
isi-careers,isi-careers,https://ats.rippling.com/isi-careers/jobs
isonohealth,isonohealth,https://ats.rippling.com/isonohealth/jobs
issa,issa,https://ats.rippling.com/issa/jobs
itc-jobs,itc-jobs,https://ats.rippling.com/itc-jobs/jobs
iugis-job-board,iugis-job-board,https://ats.rippling.com/iugis-job-board/jobs
ivywoodclassicalacademy,ivywoodclassicalacademy,https://ats.rippling.com/ivywoodclassicalacademy/jobs
ixis-career-board,ixis-career-board,https://ats.rippling.com/ixis-career-board/jobs
j2-careers,j2-careers,https://ats.rippling.com/j2-careers/jobs
jacobson-lawrence-company,jacobson-lawrence-company,https://ats.rippling.com/jacobson-lawrence-company/jobs
janus,janus,https://ats.rippling.com/janus/jobs
javvy-coffee-company,javvy-coffee-company,https://ats.rippling.com/javvy-coffee-company/jobs
jaxen-grey,jaxen-grey,https://ats.rippling.com/jaxen-grey/jobs
jhsscareers,jhsscareers,https://ats.rippling.com/jhsscareers/jobs
jitsu,jitsu,https://ats.rippling.com/jitsu/jobs
jmark-careers,jmark-careers,https://ats.rippling.com/jmark-careers/jobs
job-openings,job-openings,https://ats.rippling.com/job-openings/jobs
job-opportunities,job-opportunities,https://ats.rippling.com/job-opportunities/jobs
jobboard,jobboard,https://ats.rippling.com/jobboard/jobs
jobs-at-fleet-glass-services,jobs-at-fleet-glass-services,https://ats.rippling.com/jobs-at-fleet-glass-services/jobs
jobs-at-tuesday-health,jobs-at-tuesday-health,https://ats.rippling.com/jobs-at-tuesday-health/jobs
jobs-in-true-legacy-homes,jobs-in-true-legacy-homes,https://ats.rippling.com/jobs-in-true-legacy-homes/jobs
jobsitecare-inc,jobsitecare-inc,https://ats.rippling.com/jobsitecare-inc/jobs
johnson-lambert-careers,johnson-lambert-careers,https://ats.rippling.com/johnson-lambert-careers/jobs
join-modern,join-modern,https://ats.rippling.com/join-modern/jobs
join-team-ideal,join-team-ideal,https://ats.rippling.com/join-team-ideal/jobs
join-the-hipcamp-team,join-the-hipcamp-team,https://ats.rippling.com/join-the-hipcamp-team/jobs
joinroot,joinroot,https://ats.rippling.com/joinroot/jobs
jointheauctusteam,jointheauctusteam,https://ats.rippling.com/jointheauctusteam/jobs
jome,jome,https://ats.rippling.com/jome/jobs
journaltech,journaltech,https://ats.rippling.com/journaltech/jobs
jubilee-housing,jubilee-housing,https://ats.rippling.com/jubilee-housing/jobs
just-appraised-jobs,just-appraised-jobs,https://ats.rippling.com/just-appraised-jobs/jobs
justfoia,justfoia,https://ats.rippling.com/justfoia/jobs
kalamazoo-gospel-ministries,kalamazoo-gospel-ministries,https://ats.rippling.com/kalamazoo-gospel-ministries/jobs
kaporcapital,kaporcapital,https://ats.rippling.com/kaporcapital/jobs
kaptyn-careers,kaptyn-careers,https://ats.rippling.com/kaptyn-careers/jobs
karoo-health,karoo-health,https://ats.rippling.com/karoo-health/jobs
keeblerhealth,keeblerhealth,https://ats.rippling.com/keeblerhealth/jobs
keel-labs-careers,keel-labs-careers,https://ats.rippling.com/keel-labs-careers/jobs
kelcoindustries,kelcoindustries,https://ats.rippling.com/kelcoindustries/jobs
kellen,kellen,https://ats.rippling.com/kellen/jobs
keto-mojo-jobs,keto-mojo-jobs,https://ats.rippling.com/keto-mojo-jobs/jobs
kevel-careers,kevel-careers,https://ats.rippling.com/kevel-careers/jobs
kick,kick,https://ats.rippling.com/kick/jobs
kido-careers,kido-careers,https://ats.rippling.com/kido-careers/jobs
kidspacemuseum,kidspacemuseum,https://ats.rippling.com/kidspacemuseum/jobs
kinetic-custom-trailers,kinetic-custom-trailers,https://ats.rippling.com/kinetic-custom-trailers/jobs
kinetic-games-careers,kinetic-games-careers,https://ats.rippling.com/kinetic-games-careers/jobs
kinetic,kinetic,https://ats.rippling.com/kinetic/jobs
kinsmen-group-job-board,kinsmen-group-job-board,https://ats.rippling.com/kinsmen-group-job-board/jobs
kisi-jobs,kisi-jobs,https://ats.rippling.com/kisi-jobs/jobs
klen-space-inc,klen-space-inc,https://ats.rippling.com/klen-space-inc/jobs
klir,klir,https://ats.rippling.com/klir/jobs
knotch-inc,knotch-inc,https://ats.rippling.com/knotch-inc/jobs
kolar-design-career-opportunities,kolar-design-career-opportunities,https://ats.rippling.com/kolar-design-career-opportunities/jobs
kraken-robotics-inc,kraken-robotics-inc,https://ats.rippling.com/kraken-robotics-inc/jobs
krakenpennquarter,krakenpennquarter,https://ats.rippling.com/krakenpennquarter/jobs
krewe,krewe,https://ats.rippling.com/krewe/jobs
kubota-basol-llp-job-board,kubota-basol-llp-job-board,https://ats.rippling.com/kubota-basol-llp-job-board/jobs
kuvare-jobs,kuvare-jobs,https://ats.rippling.com/kuvare-jobs/jobs
l2l-openings,l2l-openings,https://ats.rippling.com/l2l-openings/jobs
ladybird,ladybird,https://ats.rippling.com/ladybird/jobs
lagos,lagos,https://ats.rippling.com/lagos/jobs
lake-careers,lake-careers,https://ats.rippling.com/lake-careers/jobs
land-sea-career,land-sea-career,https://ats.rippling.com/land-sea-career/jobs
landtrustsantacruz-careers,landtrustsantacruz-careers,https://ats.rippling.com/landtrustsantacruz-careers/jobs
lashify,lashify,https://ats.rippling.com/lashify/jobs
lavender-careers,lavender-careers,https://ats.rippling.com/lavender-careers/jobs
lavu-inc,lavu-inc,https://ats.rippling.com/lavu-inc/jobs
lawvu-careers,lawvu-careers,https://ats.rippling.com/lawvu-careers/jobs
lcacareers,lcacareers,https://ats.rippling.com/lcacareers/jobs
le-research-employment-opportunities,le-research-employment-opportunities,https://ats.rippling.com/le-research-employment-opportunities/jobs
leaflabs,leaflabs,https://ats.rippling.com/leaflabs/jobs
leandna,leandna,https://ats.rippling.com/leandna/jobs
leapfrog-careers,leapfrog-careers,https://ats.rippling.com/leapfrog-careers/jobs
learnla-careers,learnla-careers,https://ats.rippling.com/learnla-careers/jobs
leeo,leeo,https://ats.rippling.com/leeo/jobs
left-lane-hospitality-group-llc,left-lane-hospitality-group-llc,https://ats.rippling.com/left-lane-hospitality-group-llc/jobs
legitscript-careers,legitscript-careers,https://ats.rippling.com/legitscript-careers/jobs
lemonaid-health,lemonaid-health,https://ats.rippling.com/lemonaid-health/jobs
lendtable-job-board,lendtable-job-board,https://ats.rippling.com/lendtable-job-board/jobs
letterhead,letterhead,https://ats.rippling.com/letterhead/jobs
lexitas-open-positions,lexitas-open-positions,https://ats.rippling.com/lexitas-open-positions/jobs
liberty-in-north-korea,liberty-in-north-korea,https://ats.rippling.com/liberty-in-north-korea/jobs
lightguide,lightguide,https://ats.rippling.com/lightguide/jobs
lighthouse-senior-living,lighthouse-senior-living,https://ats.rippling.com/lighthouse-senior-living/jobs
lighthouseai-careers,lighthouseai-careers,https://ats.rippling.com/lighthouseai-careers/jobs
lilac-solutions,lilac-solutions,https://ats.rippling.com/lilac-solutions/jobs
linkly,linkly,https://ats.rippling.com/linkly/jobs
linqcare-careers,linqcare-careers,https://ats.rippling.com/linqcare-careers/jobs
linxup,linxup,https://ats.rippling.com/linxup/jobs
liquiddeath,liquiddeath,https://ats.rippling.com/liquiddeath/jobs
lisinski-law-firm,lisinski-law-firm,https://ats.rippling.com/lisinski-law-firm/jobs
liven,liven,https://ats.rippling.com/liven/jobs
liveops,liveops,https://ats.rippling.com/liveops/jobs
livewire,livewire,https://ats.rippling.com/livewire/jobs
loggerhead-risk-management-llc,loggerhead-risk-management-llc,https://ats.rippling.com/loggerhead-risk-management-llc/jobs
logixhealth-inc,logixhealth-inc,https://ats.rippling.com/logixhealth-inc/jobs
logixhealth,logixhealth,https://ats.rippling.com/logixhealth/jobs
londonsouthendairport,londonsouthendairport,https://ats.rippling.com/londonsouthendairport/jobs
long-center,long-center,https://ats.rippling.com/long-center/jobs
longevity-holdings,longevity-holdings,https://ats.rippling.com/longevity-holdings/jobs
looma,looma,https://ats.rippling.com/looma/jobs
los-angeles-orthopedic-surgery-specialists,los-angeles-orthopedic-surgery-specialists,https://ats.rippling.com/los-angeles-orthopedic-surgery-specialists/jobs
lpfch,lpfch,https://ats.rippling.com/lpfch/jobs
lths-main,lths-main,https://ats.rippling.com/lths-main/jobs
luma-financial-technologies,luma-financial-technologies,https://ats.rippling.com/luma-financial-technologies/jobs
luminarycloud,luminarycloud,https://ats.rippling.com/luminarycloud/jobs
lunastacos,lunastacos,https://ats.rippling.com/lunastacos/jobs
luupli,luupli,https://ats.rippling.com/luupli/jobs
luxgive,luxgive,https://ats.rippling.com/luxgive/jobs
lynx-software-technologies,lynx-software-technologies,https://ats.rippling.com/lynx-software-technologies/jobs
lyte,lyte,https://ats.rippling.com/lyte/jobs
madtree-careers,madtree-careers,https://ats.rippling.com/madtree-careers/jobs
mainline,mainline,https://ats.rippling.com/mainline/jobs
mainspringrecovery,mainspringrecovery,https://ats.rippling.com/mainspringrecovery/jobs
malone-center,malone-center,https://ats.rippling.com/malone-center/jobs
malwarebytes,malwarebytes,https://ats.rippling.com/malwarebytes/jobs
managed-careers,managed-careers,https://ats.rippling.com/managed-careers/jobs
manhead-careers,manhead-careers,https://ats.rippling.com/manhead-careers/jobs
maps,maps,https://ats.rippling.com/maps/jobs
marcus-thomas-careers,marcus-thomas-careers,https://ats.rippling.com/marcus-thomas-careers/jobs
marketonce,marketonce,https://ats.rippling.com/marketonce/jobs
martello-re,martello-re,https://ats.rippling.com/martello-re/jobs
martin-company,martin-company,https://ats.rippling.com/martin-company/jobs
mastery-logistics-systems,mastery-logistics-systems,https://ats.rippling.com/mastery-logistics-systems/jobs
maven-roofing,maven-roofing,https://ats.rippling.com/maven-roofing/jobs
maxhealth-mso,maxhealth-mso,https://ats.rippling.com/maxhealth-mso/jobs
maxwell-careers,maxwell-careers,https://ats.rippling.com/maxwell-careers/jobs
maya-angelou-schools-see-forever-foundation,maya-angelou-schools-see-forever-foundation,https://ats.rippling.com/maya-angelou-schools-see-forever-foundation/jobs
mayorga-organics,mayorga-organics,https://ats.rippling.com/mayorga-organics/jobs
mb-careers,mb-careers,https://ats.rippling.com/mb-careers/jobs
mbryonics,mbryonics,https://ats.rippling.com/mbryonics/jobs
mccicareers,mccicareers,https://ats.rippling.com/mccicareers/jobs
mclean,mclean,https://ats.rippling.com/mclean/jobs
mdb-health-services,mdb-health-services,https://ats.rippling.com/mdb-health-services/jobs
mdintegrations,mdintegrations,https://ats.rippling.com/mdintegrations/jobs
mdjobboard,mdjobboard,https://ats.rippling.com/mdjobboard/jobs
medicom-careers,medicom-careers,https://ats.rippling.com/medicom-careers/jobs
mei-employment,mei-employment,https://ats.rippling.com/mei-employment/jobs
memacareers,memacareers,https://ats.rippling.com/memacareers/jobs
menadier,menadier,https://ats.rippling.com/menadier/jobs
menlochurch,menlochurch,https://ats.rippling.com/menlochurch/jobs
mergeco,mergeco,https://ats.rippling.com/mergeco/jobs
meritus-property-group,meritus-property-group,https://ats.rippling.com/meritus-property-group/jobs
meternetusa,meternetusa,https://ats.rippling.com/meternetusa/jobs
meundies-recruiting,meundies-recruiting,https://ats.rippling.com/meundies-recruiting/jobs
mexcor,mexcor,https://ats.rippling.com/mexcor/jobs
microtransponder,microtransponder,https://ats.rippling.com/microtransponder/jobs
mikata,mikata,https://ats.rippling.com/mikata/jobs
mila-careers,mila-careers,https://ats.rippling.com/mila-careers/jobs
mile-marker,mile-marker,https://ats.rippling.com/mile-marker/jobs
mills-current-openings,mills-current-openings,https://ats.rippling.com/mills-current-openings/jobs
mindcaresolutions-careers,mindcaresolutions-careers,https://ats.rippling.com/mindcaresolutions-careers/jobs
mira-home,mira-home,https://ats.rippling.com/mira-home/jobs
mission-underwriting-services,mission-underwriting-services,https://ats.rippling.com/mission-underwriting-services/jobs
misterpexpress,misterpexpress,https://ats.rippling.com/misterpexpress/jobs
mitra9brands,mitra9brands,https://ats.rippling.com/mitra9brands/jobs
mnl,mnl,https://ats.rippling.com/mnl/jobs
modern-recovery-services,modern-recovery-services,https://ats.rippling.com/modern-recovery-services/jobs
moderncampus,moderncampus,https://ats.rippling.com/moderncampus/jobs
momentum,momentum,https://ats.rippling.com/momentum/jobs
momentumcareers,momentumcareers,https://ats.rippling.com/momentumcareers/jobs
monevate-careers,monevate-careers,https://ats.rippling.com/monevate-careers/jobs
montech-inc,montech-inc,https://ats.rippling.com/montech-inc/jobs
monteith,monteith,https://ats.rippling.com/monteith/jobs
moon,moon,https://ats.rippling.com/moon/jobs
moonspin,moonspin,https://ats.rippling.com/moonspin/jobs
motion,motion,https://ats.rippling.com/motion/jobs
motivo,motivo,https://ats.rippling.com/motivo/jobs
motown-museum-employment,motown-museum-employment,https://ats.rippling.com/motown-museum-employment/jobs
moxiworks-careers,moxiworks-careers,https://ats.rippling.com/moxiworks-careers/jobs
mozn-ai,mozn-ai,https://ats.rippling.com/mozn-ai/jobs
mrortho,mrortho,https://ats.rippling.com/mrortho/jobs
mspark-careers,mspark-careers,https://ats.rippling.com/mspark-careers/jobs
muchacho,muchacho,https://ats.rippling.com/muchacho/jobs
muchachohemphill,muchachohemphill,https://ats.rippling.com/muchachohemphill/jobs
mydnainc,mydnainc,https://ats.rippling.com/mydnainc/jobs
mykaarma,mykaarma,https://ats.rippling.com/mykaarma/jobs
mymenopauserx,mymenopauserx,https://ats.rippling.com/mymenopauserx/jobs
myplanadvocate,myplanadvocate,https://ats.rippling.com/myplanadvocate/jobs
mytra,mytra,https://ats.rippling.com/mytra/jobs
n3xt-jobs,n3xt-jobs,https://ats.rippling.com/n3xt-jobs/jobs
nahq,nahq,https://ats.rippling.com/nahq/jobs
nanovation-careers,nanovation-careers,https://ats.rippling.com/nanovation-careers/jobs
nassauda,nassauda,https://ats.rippling.com/nassauda/jobs
nativo,nativo,https://ats.rippling.com/nativo/jobs
nbr,nbr,https://ats.rippling.com/nbr/jobs
ncd,ncd,https://ats.rippling.com/ncd/jobs
ncheng,ncheng,https://ats.rippling.com/ncheng/jobs
neighborhood-association-for-inter-cultural-affairs-inc,neighborhood-association-for-inter-cultural-affairs-inc,https://ats.rippling.com/neighborhood-association-for-inter-cultural-affairs-inc/jobs
neosigma,neosigma,https://ats.rippling.com/neosigma/jobs
nerdio-careers,nerdio-careers,https://ats.rippling.com/nerdio-careers/jobs
nest-collaborative-nursing,nest-collaborative-nursing,https://ats.rippling.com/nest-collaborative-nursing/jobs
nest,nest,https://ats.rippling.com/nest/jobs
nesto,nesto,https://ats.rippling.com/nesto/jobs
netatwork,netatwork,https://ats.rippling.com/netatwork/jobs
netrality-careers,netrality-careers,https://ats.rippling.com/netrality-careers/jobs
netrio,netrio,https://ats.rippling.com/netrio/jobs
netwrix-corporation,netwrix-corporation,https://ats.rippling.com/netwrix-corporation/jobs
newreacheducation,newreacheducation,https://ats.rippling.com/newreacheducation/jobs
newuni-careers,newuni-careers,https://ats.rippling.com/newuni-careers/jobs
nihao,nihao,https://ats.rippling.com/nihao/jobs
niron,niron,https://ats.rippling.com/niron/jobs
nocd,nocd,https://ats.rippling.com/nocd/jobs
nomacoinc,nomacoinc,https://ats.rippling.com/nomacoinc/jobs
north-point-hospitality,north-point-hospitality,https://ats.rippling.com/north-point-hospitality/jobs
northern-montana-hospital,northern-montana-hospital,https://ats.rippling.com/northern-montana-hospital/jobs
novella,novella,https://ats.rippling.com/novella/jobs
novellus-careers,novellus-careers,https://ats.rippling.com/novellus-careers/jobs
nox-health,nox-health,https://ats.rippling.com/nox-health/jobs
nox-medical,nox-medical,https://ats.rippling.com/nox-medical/jobs
noynim,noynim,https://ats.rippling.com/noynim/jobs
nstxl,nstxl,https://ats.rippling.com/nstxl/jobs
nucleus-biologics-careers,nucleus-biologics-careers,https://ats.rippling.com/nucleus-biologics-careers/jobs
nve,nve,https://ats.rippling.com/nve/jobs
nwcare,nwcare,https://ats.rippling.com/nwcare/jobs
nws,nws,https://ats.rippling.com/nws/jobs
nwsl-boston-open-positions,nwsl-boston-open-positions,https://ats.rippling.com/nwsl-boston-open-positions/jobs
nwsl,nwsl,https://ats.rippling.com/nwsl/jobs
oasistreatment,oasistreatment,https://ats.rippling.com/oasistreatment/jobs
obhs-careers,obhs-careers,https://ats.rippling.com/obhs-careers/jobs
obie,obie,https://ats.rippling.com/obie/jobs
obr,obr,https://ats.rippling.com/obr/jobs
occidentalroofing,occidentalroofing,https://ats.rippling.com/occidentalroofing/jobs
oddbytes-llc,oddbytes-llc,https://ats.rippling.com/oddbytes-llc/jobs
offprem-technology,offprem-technology,https://ats.rippling.com/offprem-technology/jobs
ogp,ogp,https://ats.rippling.com/ogp/jobs
on-point-holdings-llc,on-point-holdings-llc,https://ats.rippling.com/on-point-holdings-llc/jobs
onebeatdancebrands,onebeatdancebrands,https://ats.rippling.com/onebeatdancebrands/jobs
onesourceconstruction,onesourceconstruction,https://ats.rippling.com/onesourceconstruction/jobs
ontrackcommunications,ontrackcommunications,https://ats.rippling.com/ontrackcommunications/jobs
onx,onx,https://ats.rippling.com/onx/jobs
onyxcentersource,onyxcentersource,https://ats.rippling.com/onyxcentersource/jobs
oow-careers,oow-careers,https://ats.rippling.com/oow-careers/jobs
open-jobs,open-jobs,https://ats.rippling.com/open-jobs/jobs
open-roles,open-roles,https://ats.rippling.com/open-roles/jobs
openpositions,openpositions,https://ats.rippling.com/openpositions/jobs
opiniion,opiniion,https://ats.rippling.com/opiniion/jobs
opportunities-inc,opportunities-inc,https://ats.rippling.com/opportunities-inc/jobs
opportunities,opportunities,https://ats.rippling.com/opportunities/jobs
optilogic,optilogic,https://ats.rippling.com/optilogic/jobs
orbee-careers,orbee-careers,https://ats.rippling.com/orbee-careers/jobs
orbital-operations,orbital-operations,https://ats.rippling.com/orbital-operations/jobs
orbitfab,orbitfab,https://ats.rippling.com/orbitfab/jobs
orderco,orderco,https://ats.rippling.com/orderco/jobs
orderful,orderful,https://ats.rippling.com/orderful/jobs
orderly-wellness,orderly-wellness,https://ats.rippling.com/orderly-wellness/jobs
orion180,orion180,https://ats.rippling.com/orion180/jobs
orthoatlanta,orthoatlanta,https://ats.rippling.com/orthoatlanta/jobs
orthofeet,orthofeet,https://ats.rippling.com/orthofeet/jobs
orthopediatrics,orthopediatrics,https://ats.rippling.com/orthopediatrics/jobs
ourcalling,ourcalling,https://ats.rippling.com/ourcalling/jobs
outsmart,outsmart,https://ats.rippling.com/outsmart/jobs
ow-careers,ow-careers,https://ats.rippling.com/ow-careers/jobs
owc,owc,https://ats.rippling.com/owc/jobs
owlet,owlet,https://ats.rippling.com/owlet/jobs
oxbridge-health,oxbridge-health,https://ats.rippling.com/oxbridge-health/jobs
ozmocareers,ozmocareers,https://ats.rippling.com/ozmocareers/jobs
pace,pace,https://ats.rippling.com/pace/jobs
pacific-summit-energy-llc,pacific-summit-energy-llc,https://ats.rippling.com/pacific-summit-energy-llc/jobs
pacifica-christian,pacifica-christian,https://ats.rippling.com/pacifica-christian/jobs
packback-careers,packback-careers,https://ats.rippling.com/packback-careers/jobs
packetlabs,packetlabs,https://ats.rippling.com/packetlabs/jobs
pai-job-board,pai-job-board,https://ats.rippling.com/pai-job-board/jobs
panorama,panorama,https://ats.rippling.com/panorama/jobs
panthera-careers,panthera-careers,https://ats.rippling.com/panthera-careers/jobs
parentsquare,parentsquare,https://ats.rippling.com/parentsquare/jobs
park-side-external-positions,park-side-external-positions,https://ats.rippling.com/park-side-external-positions/jobs
park7-group,park7-group,https://ats.rippling.com/park7-group/jobs
partnerco,partnerco,https://ats.rippling.com/partnerco/jobs
pathos,pathos,https://ats.rippling.com/pathos/jobs
pathrise,pathrise,https://ats.rippling.com/pathrise/jobs
pathways-healthcare-careers,pathways-healthcare-careers,https://ats.rippling.com/pathways-healthcare-careers/jobs
patientfi,patientfi,https://ats.rippling.com/patientfi/jobs
patientnow,patientnow,https://ats.rippling.com/patientnow/jobs
patriot-erectors-llc,patriot-erectors-llc,https://ats.rippling.com/patriot-erectors-llc/jobs
patriot-trinity-llc,patriot-trinity-llc,https://ats.rippling.com/patriot-trinity-llc/jobs
patronus-ai-jobs,patronus-ai-jobs,https://ats.rippling.com/patronus-ai-jobs/jobs
paubox-careers,paubox-careers,https://ats.rippling.com/paubox-careers/jobs
pdq,pdq,https://ats.rippling.com/pdq/jobs
peach-finance,peach-finance,https://ats.rippling.com/peach-finance/jobs
pear-suites-career-page,pear-suites-career-page,https://ats.rippling.com/pear-suites-career-page/jobs
peerlesscareers,peerlesscareers,https://ats.rippling.com/peerlesscareers/jobs
pendulum-intelligence-jobs,pendulum-intelligence-jobs,https://ats.rippling.com/pendulum-intelligence-jobs/jobs
pepsi,pepsi,https://ats.rippling.com/pepsi/jobs
performanceio-ltd,performanceio-ltd,https://ats.rippling.com/performanceio-ltd/jobs
perle,perle,https://ats.rippling.com/perle/jobs
petersen-automotive-museum,petersen-automotive-museum,https://ats.rippling.com/petersen-automotive-museum/jobs
petfolk,petfolk,https://ats.rippling.com/petfolk/jobs
petrelli-previtera,petrelli-previtera,https://ats.rippling.com/petrelli-previtera/jobs
pets-in-need,pets-in-need,https://ats.rippling.com/pets-in-need/jobs
pff-careers,pff-careers,https://ats.rippling.com/pff-careers/jobs
pgcareers,pgcareers,https://ats.rippling.com/pgcareers/jobs
phase2-careers,phase2-careers,https://ats.rippling.com/phase2-careers/jobs
phi-open-jobs,phi-open-jobs,https://ats.rippling.com/phi-open-jobs/jobs
picpa-careers,picpa-careers,https://ats.rippling.com/picpa-careers/jobs
pimlico-capital,pimlico-capital,https://ats.rippling.com/pimlico-capital/jobs
planhub-inc,planhub-inc,https://ats.rippling.com/planhub-inc/jobs
planning-center-careers,planning-center-careers,https://ats.rippling.com/planning-center-careers/jobs
plantiblefoods,plantiblefoods,https://ats.rippling.com/plantiblefoods/jobs
plcjobs,plcjobs,https://ats.rippling.com/plcjobs/jobs
plenful,plenful,https://ats.rippling.com/plenful/jobs
plmrcareers,plmrcareers,https://ats.rippling.com/plmrcareers/jobs
pna-internal,pna-internal,https://ats.rippling.com/pna-internal/jobs
pocketbook-strategies,pocketbook-strategies,https://ats.rippling.com/pocketbook-strategies/jobs
poggio,poggio,https://ats.rippling.com/poggio/jobs
popstroke-job-board-1924,popstroke-job-board-1924,https://ats.rippling.com/popstroke-job-board-1924/jobs
portside,portside,https://ats.rippling.com/portside/jobs
power-takeoff-careers,power-takeoff-careers,https://ats.rippling.com/power-takeoff-careers/jobs
powerhouse-recycling,powerhouse-recycling,https://ats.rippling.com/powerhouse-recycling/jobs
ppa,ppa,https://ats.rippling.com/ppa/jobs
practifi,practifi,https://ats.rippling.com/practifi/jobs
pragma,pragma,https://ats.rippling.com/pragma/jobs
praia-health,praia-health,https://ats.rippling.com/praia-health/jobs
prc,prc,https://ats.rippling.com/prc/jobs
prepory,prepory,https://ats.rippling.com/prepory/jobs
prestige-careers,prestige-careers,https://ats.rippling.com/prestige-careers/jobs
preventive-medicine,preventive-medicine,https://ats.rippling.com/preventive-medicine/jobs
primavera-careers,primavera-careers,https://ats.rippling.com/primavera-careers/jobs
primavera,primavera,https://ats.rippling.com/primavera/jobs
primerx,primerx,https://ats.rippling.com/primerx/jobs
primestin-care,primestin-care,https://ats.rippling.com/primestin-care/jobs
priorities,priorities,https://ats.rippling.com/priorities/jobs
prisma-careers,prisma-careers,https://ats.rippling.com/prisma-careers/jobs
processunity,processunity,https://ats.rippling.com/processunity/jobs
proformance-builder-solutions,proformance-builder-solutions,https://ats.rippling.com/proformance-builder-solutions/jobs
programa,programa,https://ats.rippling.com/programa/jobs
project-access-jobs,project-access-jobs,https://ats.rippling.com/project-access-jobs/jobs
project-zero-enterprises-llc,project-zero-enterprises-llc,https://ats.rippling.com/project-zero-enterprises-llc/jobs
pronghorn-careers,pronghorn-careers,https://ats.rippling.com/pronghorn-careers/jobs
pronto,pronto,https://ats.rippling.com/pronto/jobs
prospekt,prospekt,https://ats.rippling.com/prospekt/jobs
protecs-inc,protecs-inc,https://ats.rippling.com/protecs-inc/jobs
protect-life-careers,protect-life-careers,https://ats.rippling.com/protect-life-careers/jobs
protopie-careers,protopie-careers,https://ats.rippling.com/protopie-careers/jobs
prowler,prowler,https://ats.rippling.com/prowler/jobs
prr,prr,https://ats.rippling.com/prr/jobs
ptla-careers,ptla-careers,https://ats.rippling.com/ptla-careers/jobs
ptmacareers,ptmacareers,https://ats.rippling.com/ptmacareers/jobs
pug-careers,pug-careers,https://ats.rippling.com/pug-careers/jobs
purefacts_jobs,purefacts_jobs,https://ats.rippling.com/purefacts_jobs/jobs
pythian,pythian,https://ats.rippling.com/pythian/jobs
qalamcareers,qalamcareers,https://ats.rippling.com/qalamcareers/jobs
qbs,qbs,https://ats.rippling.com/qbs/jobs
qc-ecosystem-of-companies,qc-ecosystem-of-companies,https://ats.rippling.com/qc-ecosystem-of-companies/jobs
qoria,qoria,https://ats.rippling.com/qoria/jobs
qu-careers,qu-careers,https://ats.rippling.com/qu-careers/jobs
quadrant-strategies,quadrant-strategies,https://ats.rippling.com/quadrant-strategies/jobs
qualsights,qualsights,https://ats.rippling.com/qualsights/jobs
quantum-industrial-services,quantum-industrial-services,https://ats.rippling.com/quantum-industrial-services/jobs
quavo-inc,quavo-inc,https://ats.rippling.com/quavo-inc/jobs
quotapath,quotapath,https://ats.rippling.com/quotapath/jobs
quprod,quprod,https://ats.rippling.com/quprod/jobs
r2,r2,https://ats.rippling.com/r2/jobs
radian-generation,radian-generation,https://ats.rippling.com/radian-generation/jobs
radicl-defense,radicl-defense,https://ats.rippling.com/radicl-defense/jobs
rainey-careers,rainey-careers,https://ats.rippling.com/rainey-careers/jobs
raptor-maps-inc,raptor-maps-inc,https://ats.rippling.com/raptor-maps-inc/jobs
rarecarat-career,rarecarat-career,https://ats.rippling.com/rarecarat-career/jobs
razorhorse-capital,razorhorse-capital,https://ats.rippling.com/razorhorse-capital/jobs
rbmediacareers,rbmediacareers,https://ats.rippling.com/rbmediacareers/jobs
rbw,rbw,https://ats.rippling.com/rbw/jobs
rcx-sports,rcx-sports,https://ats.rippling.com/rcx-sports/jobs
readyset-careers,readyset-careers,https://ats.rippling.com/readyset-careers/jobs
readysetconnect,readysetconnect,https://ats.rippling.com/readysetconnect/jobs
reailizecareers,reailizecareers,https://ats.rippling.com/reailizecareers/jobs
realwork,realwork,https://ats.rippling.com/realwork/jobs
rearc,rearc,https://ats.rippling.com/rearc/jobs
rebel-athletic,rebel-athletic,https://ats.rippling.com/rebel-athletic/jobs
recom-careers,recom-careers,https://ats.rippling.com/recom-careers/jobs
red-e-llc,red-e-llc,https://ats.rippling.com/red-e-llc/jobs
redaspen-careers,redaspen-careers,https://ats.rippling.com/redaspen-careers/jobs
redeemer-counseling,redeemer-counseling,https://ats.rippling.com/redeemer-counseling/jobs
redeemer-presbyterian-church-brooklyn,redeemer-presbyterian-church-brooklyn,https://ats.rippling.com/redeemer-presbyterian-church-brooklyn/jobs
redesigncareers,redesigncareers,https://ats.rippling.com/redesigncareers/jobs
redirect-health-careers,redirect-health-careers,https://ats.rippling.com/redirect-health-careers/jobs
refine-labs,refine-labs,https://ats.rippling.com/refine-labs/jobs
reforge,reforge,https://ats.rippling.com/reforge/jobs
regent-surgical-careers,regent-surgical-careers,https://ats.rippling.com/regent-surgical-careers/jobs
rely-health,rely-health,https://ats.rippling.com/rely-health/jobs
remanag,remanag,https://ats.rippling.com/remanag/jobs
remote-legal,remote-legal,https://ats.rippling.com/remote-legal/jobs
rentspree,rentspree,https://ats.rippling.com/rentspree/jobs
rentsync_careers,rentsync_careers,https://ats.rippling.com/rentsync_careers/jobs
rentvine,rentvine,https://ats.rippling.com/rentvine/jobs
reperio,reperio,https://ats.rippling.com/reperio/jobs
reqcareers,reqcareers,https://ats.rippling.com/reqcareers/jobs
reserv,reserv,https://ats.rippling.com/reserv/jobs
resibrands-careers,resibrands-careers,https://ats.rippling.com/resibrands-careers/jobs
resident-interface,resident-interface,https://ats.rippling.com/resident-interface/jobs
resourcemonitor,resourcemonitor,https://ats.rippling.com/resourcemonitor/jobs
resourceone-global-llc,resourceone-global-llc,https://ats.rippling.com/resourceone-global-llc/jobs
resourcewise,resourcewise,https://ats.rippling.com/resourcewise/jobs
restart-inc,restart-inc,https://ats.rippling.com/restart-inc/jobs
resurety,resurety,https://ats.rippling.com/resurety/jobs
reup-education,reup-education,https://ats.rippling.com/reup-education/jobs
rev-robotics,rev-robotics,https://ats.rippling.com/rev-robotics/jobs
revalia,revalia,https://ats.rippling.com/revalia/jobs
reverb-careers,reverb-careers,https://ats.rippling.com/reverb-careers/jobs
revhealth,revhealth,https://ats.rippling.com/revhealth/jobs
revologyhealth,revologyhealth,https://ats.rippling.com/revologyhealth/jobs
revolution-prep-careers,revolution-prep-careers,https://ats.rippling.com/revolution-prep-careers/jobs
revolution-prep-handshake,revolution-prep-handshake,https://ats.rippling.com/revolution-prep-handshake/jobs
revyse,revyse,https://ats.rippling.com/revyse/jobs
rheosense-inc,rheosense-inc,https://ats.rippling.com/rheosense-inc/jobs
rhodiangroup,rhodiangroup,https://ats.rippling.com/rhodiangroup/jobs
rhythms,rhythms,https://ats.rippling.com/rhythms/jobs
richmond-aesthetic-surgery-and-dermlounge,richmond-aesthetic-surgery-and-dermlounge,https://ats.rippling.com/richmond-aesthetic-surgery-and-dermlounge/jobs
rightcrowdcareers,rightcrowdcareers,https://ats.rippling.com/rightcrowdcareers/jobs
rimsys-careers,rimsys-careers,https://ats.rippling.com/rimsys-careers/jobs
riot-platforms-careers,riot-platforms-careers,https://ats.rippling.com/riot-platforms-careers/jobs
rippling,rippling,https://ats.rippling.com/rippling/jobs
rising-sun-center-for-opportunity,rising-sun-center-for-opportunity,https://ats.rippling.com/rising-sun-center-for-opportunity/jobs
ritual,ritual,https://ats.rippling.com/ritual/jobs
riverhealth,riverhealth,https://ats.rippling.com/riverhealth/jobs
rivet-industries,rivet-industries,https://ats.rippling.com/rivet-industries/jobs
rivet,rivet,https://ats.rippling.com/rivet/jobs
rivia-health-inc,rivia-health-inc,https://ats.rippling.com/rivia-health-inc/jobs
rlb-llp,rlb-llp,https://ats.rippling.com/rlb-llp/jobs
rnt,rnt,https://ats.rippling.com/rnt/jobs
roam-america,roam-america,https://ats.rippling.com/roam-america/jobs
roar,roar,https://ats.rippling.com/roar/jobs
rohirrim,rohirrim,https://ats.rippling.com/rohirrim/jobs
rollkall-technologies-llc,rollkall-technologies-llc,https://ats.rippling.com/rollkall-technologies-llc/jobs
routegenie,routegenie,https://ats.rippling.com/routegenie/jobs
routeware-careers,routeware-careers,https://ats.rippling.com/routeware-careers/jobs
rovia,rovia,https://ats.rippling.com/rovia/jobs
rowi,rowi,https://ats.rippling.com/rowi/jobs
roxbox-careers,roxbox-careers,https://ats.rippling.com/roxbox-careers/jobs
royalbrassandhose,royalbrassandhose,https://ats.rippling.com/royalbrassandhose/jobs
rsa-security,rsa-security,https://ats.rippling.com/rsa-security/jobs
rugsusa,rugsusa,https://ats.rippling.com/rugsusa/jobs
rust-automation-controls,rust-automation-controls,https://ats.rippling.com/rust-automation-controls/jobs
rxredefined,rxredefined,https://ats.rippling.com/rxredefined/jobs
saga-diagnostics-careers,saga-diagnostics-careers,https://ats.rippling.com/saga-diagnostics-careers/jobs
sage-health-careers,sage-health-careers,https://ats.rippling.com/sage-health-careers/jobs
salesai,salesai,https://ats.rippling.com/salesai/jobs
salus-careers,salus-careers,https://ats.rippling.com/salus-careers/jobs
samtek,samtek,https://ats.rippling.com/samtek/jobs
sarasota-arthritis-center,sarasota-arthritis-center,https://ats.rippling.com/sarasota-arthritis-center/jobs
sas,sas,https://ats.rippling.com/sas/jobs
satomic,satomic,https://ats.rippling.com/satomic/jobs
scarlet-oak-tavern,scarlet-oak-tavern,https://ats.rippling.com/scarlet-oak-tavern/jobs
scc,scc,https://ats.rippling.com/scc/jobs
scentbird,scentbird,https://ats.rippling.com/scentbird/jobs
schoolai,schoolai,https://ats.rippling.com/schoolai/jobs
schwartz-brothers-restaurants,schwartz-brothers-restaurants,https://ats.rippling.com/schwartz-brothers-restaurants/jobs
sciens-logistics,sciens-logistics,https://ats.rippling.com/sciens-logistics/jobs
scm-job-board,scm-job-board,https://ats.rippling.com/scm-job-board/jobs
scratch-financial,scratch-financial,https://ats.rippling.com/scratch-financial/jobs
scs-job-board,scs-job-board,https://ats.rippling.com/scs-job-board/jobs
sdl,sdl,https://ats.rippling.com/sdl/jobs
seadc,seadc,https://ats.rippling.com/seadc/jobs
season-health,season-health,https://ats.rippling.com/season-health/jobs
seasoncareers,seasoncareers,https://ats.rippling.com/seasoncareers/jobs
seattle-credit-union-careers,seattle-credit-union-careers,https://ats.rippling.com/seattle-credit-union-careers/jobs
selfpublishingcom-careers,selfpublishingcom-careers,https://ats.rippling.com/selfpublishingcom-careers/jobs
senestechcareers,senestechcareers,https://ats.rippling.com/senestechcareers/jobs
senne-open-roles,senne-open-roles,https://ats.rippling.com/senne-open-roles/jobs
sennos,sennos,https://ats.rippling.com/sennos/jobs
servicesanitation,servicesanitation,https://ats.rippling.com/servicesanitation/jobs
serviceupcareers,serviceupcareers,https://ats.rippling.com/serviceupcareers/jobs
sevlaser,sevlaser,https://ats.rippling.com/sevlaser/jobs
sgs,sgs,https://ats.rippling.com/sgs/jobs
sharetown-careers,sharetown-careers,https://ats.rippling.com/sharetown-careers/jobs
sharp-performance,sharp-performance,https://ats.rippling.com/sharp-performance/jobs
sheerid,sheerid,https://ats.rippling.com/sheerid/jobs
shelter-inc,shelter-inc,https://ats.rippling.com/shelter-inc/jobs
shiji-us-careers,shiji-us-careers,https://ats.rippling.com/shiji-us-careers/jobs
ship-sticks,ship-sticks,https://ats.rippling.com/ship-sticks/jobs
shipium,shipium,https://ats.rippling.com/shipium/jobs
shippo,shippo,https://ats.rippling.com/shippo/jobs
sibros-technologies,sibros-technologies,https://ats.rippling.com/sibros-technologies/jobs
sidekick-job-board,sidekick-job-board,https://ats.rippling.com/sidekick-job-board/jobs
sifted-open-jobs,sifted-open-jobs,https://ats.rippling.com/sifted-open-jobs/jobs
sightmachine,sightmachine,https://ats.rippling.com/sightmachine/jobs
sigma-theta-tau,sigma-theta-tau,https://ats.rippling.com/sigma-theta-tau/jobs
signaladvisors,signaladvisors,https://ats.rippling.com/signaladvisors/jobs
signwarehouse,signwarehouse,https://ats.rippling.com/signwarehouse/jobs
silo,silo,https://ats.rippling.com/silo/jobs
simeon-global-consulting,simeon-global-consulting,https://ats.rippling.com/simeon-global-consulting/jobs
simple-modern,simple-modern,https://ats.rippling.com/simple-modern/jobs
simplex-health,simplex-health,https://ats.rippling.com/simplex-health/jobs
singularity-defense,singularity-defense,https://ats.rippling.com/singularity-defense/jobs
skeelo,skeelo,https://ats.rippling.com/skeelo/jobs
sketchy,sketchy,https://ats.rippling.com/sketchy/jobs
skillable-careers,skillable-careers,https://ats.rippling.com/skillable-careers/jobs
skutopia,skutopia,https://ats.rippling.com/skutopia/jobs
slick-rock-tanning-spa,slick-rock-tanning-spa,https://ats.rippling.com/slick-rock-tanning-spa/jobs
sm-jobs,sm-jobs,https://ats.rippling.com/sm-jobs/jobs
smart-tech-contracting,smart-tech-contracting,https://ats.rippling.com/smart-tech-contracting/jobs
smarthostjobs,smarthostjobs,https://ats.rippling.com/smarthostjobs/jobs
smarty,smarty,https://ats.rippling.com/smarty/jobs
smash,smash,https://ats.rippling.com/smash/jobs
smcnational-careers,smcnational-careers,https://ats.rippling.com/smcnational-careers/jobs
smokeballcareers,smokeballcareers,https://ats.rippling.com/smokeballcareers/jobs
smt-corp,smt-corp,https://ats.rippling.com/smt-corp/jobs
snow-peak-usa,snow-peak-usa,https://ats.rippling.com/snow-peak-usa/jobs
sofive,sofive,https://ats.rippling.com/sofive/jobs
softengine,softengine,https://ats.rippling.com/softengine/jobs
soleno,soleno,https://ats.rippling.com/soleno/jobs
solterra-school,solterra-school,https://ats.rippling.com/solterra-school/jobs
soluna-us-services-llc,soluna-us-services-llc,https://ats.rippling.com/soluna-us-services-llc/jobs
solv-health,solv-health,https://ats.rippling.com/solv-health/jobs
soter-recruiting,soter-recruiting,https://ats.rippling.com/soter-recruiting/jobs
southwest-equity-partners,southwest-equity-partners,https://ats.rippling.com/southwest-equity-partners/jobs
spacerake,spacerake,https://ats.rippling.com/spacerake/jobs
sparq,sparq,https://ats.rippling.com/sparq/jobs
spartanx-llc,spartanx-llc,https://ats.rippling.com/spartanx-llc/jobs
specenviro,specenviro,https://ats.rippling.com/specenviro/jobs
speed-xpress-inc,speed-xpress-inc,https://ats.rippling.com/speed-xpress-inc/jobs
speedyglass,speedyglass,https://ats.rippling.com/speedyglass/jobs
sperra,sperra,https://ats.rippling.com/sperra/jobs
splash-international,splash-international,https://ats.rippling.com/splash-international/jobs
spreeai,spreeai,https://ats.rippling.com/spreeai/jobs
sprout-therapy-pdx,sprout-therapy-pdx,https://ats.rippling.com/sprout-therapy-pdx/jobs
spyder,spyder,https://ats.rippling.com/spyder/jobs
sqr-careers,sqr-careers,https://ats.rippling.com/sqr-careers/jobs
squanchgames,squanchgames,https://ats.rippling.com/squanchgames/jobs
stag-careers,stag-careers,https://ats.rippling.com/stag-careers/jobs
stampede-studios,stampede-studios,https://ats.rippling.com/stampede-studios/jobs
starry,starry,https://ats.rippling.com/starry/jobs
steamroller-animation,steamroller-animation,https://ats.rippling.com/steamroller-animation/jobs
steed-global-llc,steed-global-llc,https://ats.rippling.com/steed-global-llc/jobs
stella-mental-health,stella-mental-health,https://ats.rippling.com/stella-mental-health/jobs
stellar-virtual,stellar-virtual,https://ats.rippling.com/stellar-virtual/jobs
stellaromics-inc,stellaromics-inc,https://ats.rippling.com/stellaromics-inc/jobs
steno-careers-page,steno-careers-page,https://ats.rippling.com/steno-careers-page/jobs
stocktwits,stocktwits,https://ats.rippling.com/stocktwits/jobs
storesight,storesight,https://ats.rippling.com/storesight/jobs
stratapt,stratapt,https://ats.rippling.com/stratapt/jobs
strategic-analytix-careers,strategic-analytix-careers,https://ats.rippling.com/strategic-analytix-careers/jobs
strategic-operations-inc,strategic-operations-inc,https://ats.rippling.com/strategic-operations-inc/jobs
streets2schools,streets2schools,https://ats.rippling.com/streets2schools/jobs
strong-technical-services-inc,strong-technical-services-inc,https://ats.rippling.com/strong-technical-services-inc/jobs
structurecraft,structurecraft,https://ats.rippling.com/structurecraft/jobs
studiomuseumcareers,studiomuseumcareers,https://ats.rippling.com/studiomuseumcareers/jobs
studyfetch,studyfetch,https://ats.rippling.com/studyfetch/jobs
subbase,subbase,https://ats.rippling.com/subbase/jobs
sugar23-inc,sugar23-inc,https://ats.rippling.com/sugar23-inc/jobs
sugaredandbronzed,sugaredandbronzed,https://ats.rippling.com/sugaredandbronzed/jobs
sumersports,sumersports,https://ats.rippling.com/sumersports/jobs
summer-discovery,summer-discovery,https://ats.rippling.com/summer-discovery/jobs
summerset,summerset,https://ats.rippling.com/summerset/jobs
summit,summit,https://ats.rippling.com/summit/jobs
summithq,summithq,https://ats.rippling.com/summithq/jobs
sunco-lighting,sunco-lighting,https://ats.rippling.com/sunco-lighting/jobs
sundaysfordogs,sundaysfordogs,https://ats.rippling.com/sundaysfordogs/jobs
sunnymac-careers,sunnymac-careers,https://ats.rippling.com/sunnymac-careers/jobs
sunshine-enterprise-usa-llc,sunshine-enterprise-usa-llc,https://ats.rippling.com/sunshine-enterprise-usa-llc/jobs
sunshineschoolsnc,sunshineschoolsnc,https://ats.rippling.com/sunshineschoolsnc/jobs
super-steel,super-steel,https://ats.rippling.com/super-steel/jobs
supper,supper,https://ats.rippling.com/supper/jobs
supportpay,supportpay,https://ats.rippling.com/supportpay/jobs
surepath-ai,surepath-ai,https://ats.rippling.com/surepath-ai/jobs
suvida-careers,suvida-careers,https://ats.rippling.com/suvida-careers/jobs
swag,swag,https://ats.rippling.com/swag/jobs
swat,swat,https://ats.rippling.com/swat/jobs
sway,sway,https://ats.rippling.com/sway/jobs
swe,swe,https://ats.rippling.com/swe/jobs
swimlane,swimlane,https://ats.rippling.com/swimlane/jobs
swingtech-careers,swingtech-careers,https://ats.rippling.com/swingtech-careers/jobs
swoopishiring,swoopishiring,https://ats.rippling.com/swoopishiring/jobs
t2-flex-force,t2-flex-force,https://ats.rippling.com/t2-flex-force/jobs
ta-realty-llc,ta-realty-llc,https://ats.rippling.com/ta-realty-llc/jobs
talent-101-inc,talent-101-inc,https://ats.rippling.com/talent-101-inc/jobs
talentneuroncareers,talentneuroncareers,https://ats.rippling.com/talentneuroncareers/jobs
tavernresearch,tavernresearch,https://ats.rippling.com/tavernresearch/jobs
tbcareers,tbcareers,https://ats.rippling.com/tbcareers/jobs
teachingcom,teachingcom,https://ats.rippling.com/teachingcom/jobs
team-outsider,team-outsider,https://ats.rippling.com/team-outsider/jobs
teamsideline-job-board,teamsideline-job-board,https://ats.rippling.com/teamsideline-job-board/jobs
teamworks-careers,teamworks-careers,https://ats.rippling.com/teamworks-careers/jobs
tech9,tech9,https://ats.rippling.com/tech9/jobs
telespeech-careers,telespeech-careers,https://ats.rippling.com/telespeech-careers/jobs
temp,temp,https://ats.rippling.com/temp/jobs
tenpointtx,tenpointtx,https://ats.rippling.com/tenpointtx/jobs
tensure,tensure,https://ats.rippling.com/tensure/jobs
ternus-lending-llc,ternus-lending-llc,https://ats.rippling.com/ternus-lending-llc/jobs
terra-dotta,terra-dotta,https://ats.rippling.com/terra-dotta/jobs
terraytx,terraytx,https://ats.rippling.com/terraytx/jobs
tersus-solutions,tersus-solutions,https://ats.rippling.com/tersus-solutions/jobs
tevet,tevet,https://ats.rippling.com/tevet/jobs
texas-democratic-party,texas-democratic-party,https://ats.rippling.com/texas-democratic-party/jobs
texicare,texicare,https://ats.rippling.com/texicare/jobs
the-accel-group,the-accel-group,https://ats.rippling.com/the-accel-group/jobs
the-blackhawk-group,the-blackhawk-group,https://ats.rippling.com/the-blackhawk-group/jobs
the-block,the-block,https://ats.rippling.com/the-block/jobs
the-bright-hospitality-management,the-bright-hospitality-management,https://ats.rippling.com/the-bright-hospitality-management/jobs
the-bureau-adventure-games,the-bureau-adventure-games,https://ats.rippling.com/the-bureau-adventure-games/jobs
the-corning-museum-of-glass,the-corning-museum-of-glass,https://ats.rippling.com/the-corning-museum-of-glass/jobs
the-dermatology-specialists,the-dermatology-specialists,https://ats.rippling.com/the-dermatology-specialists/jobs
the-hirsh-center,the-hirsh-center,https://ats.rippling.com/the-hirsh-center/jobs
the-hunt-institute,the-hunt-institute,https://ats.rippling.com/the-hunt-institute/jobs
the-immune-co,the-immune-co,https://ats.rippling.com/the-immune-co/jobs
the-kings-trust-usa,the-kings-trust-usa,https://ats.rippling.com/the-kings-trust-usa/jobs
the-lactation-network,the-lactation-network,https://ats.rippling.com/the-lactation-network/jobs
the-manchester-hotel-granddam-and-lost-palm,the-manchester-hotel-granddam-and-lost-palm,https://ats.rippling.com/the-manchester-hotel-granddam-and-lost-palm/jobs
the-nsls-job-board,the-nsls-job-board,https://ats.rippling.com/the-nsls-job-board/jobs
the-origin-way-careers,the-origin-way-careers,https://ats.rippling.com/the-origin-way-careers/jobs
the-potters-house-of-dallas-inc,the-potters-house-of-dallas-inc,https://ats.rippling.com/the-potters-house-of-dallas-inc/jobs
the-pulitzer-center-on-crisis-reporting,the-pulitzer-center-on-crisis-reporting,https://ats.rippling.com/the-pulitzer-center-on-crisis-reporting/jobs
the-road-home-dane-county,the-road-home-dane-county,https://ats.rippling.com/the-road-home-dane-county/jobs
the-shelf-careers,the-shelf-careers,https://ats.rippling.com/the-shelf-careers/jobs
the-signatry,the-signatry,https://ats.rippling.com/the-signatry/jobs
the-tech,the-tech,https://ats.rippling.com/the-tech/jobs
the-therapy-place,the-therapy-place,https://ats.rippling.com/the-therapy-place/jobs
the-vida-agency,the-vida-agency,https://ats.rippling.com/the-vida-agency/jobs
the-wonder-project,the-wonder-project,https://ats.rippling.com/the-wonder-project/jobs
theguarantors-open-positions,theguarantors-open-positions,https://ats.rippling.com/theguarantors-open-positions/jobs
thehumanreach,thehumanreach,https://ats.rippling.com/thehumanreach/jobs
theinformation-jobs,theinformation-jobs,https://ats.rippling.com/theinformation-jobs/jobs
thoroughcare-careers,thoroughcare-careers,https://ats.rippling.com/thoroughcare-careers/jobs
thrive-scholars-jobs,thrive-scholars-jobs,https://ats.rippling.com/thrive-scholars-jobs/jobs
thriveglobal,thriveglobal,https://ats.rippling.com/thriveglobal/jobs
tiens-america-careers,tiens-america-careers,https://ats.rippling.com/tiens-america-careers/jobs
tiledb-careers,tiledb-careers,https://ats.rippling.com/tiledb-careers/jobs
tilledcareers,tilledcareers,https://ats.rippling.com/tilledcareers/jobs
tissuehealthplus,tissuehealthplus,https://ats.rippling.com/tissuehealthplus/jobs
tive-careers,tive-careers,https://ats.rippling.com/tive-careers/jobs
tixr,tixr,https://ats.rippling.com/tixr/jobs
tllignitejobs,tllignitejobs,https://ats.rippling.com/tllignitejobs/jobs
tmc-hospitality,tmc-hospitality,https://ats.rippling.com/tmc-hospitality/jobs
tombrascareers,tombrascareers,https://ats.rippling.com/tombrascareers/jobs
tomis-careers,tomis-careers,https://ats.rippling.com/tomis-careers/jobs
topdoglaw,topdoglaw,https://ats.rippling.com/topdoglaw/jobs
topquadrant,topquadrant,https://ats.rippling.com/topquadrant/jobs
tort-experts,tort-experts,https://ats.rippling.com/tort-experts/jobs
torus,torus,https://ats.rippling.com/torus/jobs
totango,totango,https://ats.rippling.com/totango/jobs
touchstone-climbing,touchstone-climbing,https://ats.rippling.com/touchstone-climbing/jobs
tpstalent,tpstalent,https://ats.rippling.com/tpstalent/jobs
tract-capital,tract-capital,https://ats.rippling.com/tract-capital/jobs
tract,tract,https://ats.rippling.com/tract/jobs
treehouse-job-board,treehouse-job-board,https://ats.rippling.com/treehouse-job-board/jobs
trees,trees,https://ats.rippling.com/trees/jobs
tri-merit-job-openings,tri-merit-job-openings,https://ats.rippling.com/tri-merit-job-openings/jobs
triplecareers,triplecareers,https://ats.rippling.com/triplecareers/jobs
triplemoon,triplemoon,https://ats.rippling.com/triplemoon/jobs
troost-management-llc,troost-management-llc,https://ats.rippling.com/troost-management-llc/jobs
trovata,trovata,https://ats.rippling.com/trovata/jobs
trove-home-care,trove-home-care,https://ats.rippling.com/trove-home-care/jobs
trucut-incorporated-careers,trucut-incorporated-careers,https://ats.rippling.com/trucut-incorporated-careers/jobs
trustwell-careers,trustwell-careers,https://ats.rippling.com/trustwell-careers/jobs
ttcinnovations,ttcinnovations,https://ats.rippling.com/ttcinnovations/jobs
turntide-careers,turntide-careers,https://ats.rippling.com/turntide-careers/jobs
turtlebox,turtlebox,https://ats.rippling.com/turtlebox/jobs
ubnv,ubnv,https://ats.rippling.com/ubnv/jobs
uga-finance,uga-finance,https://ats.rippling.com/uga-finance/jobs
ugsolutions,ugsolutions,https://ats.rippling.com/ugsolutions/jobs
ujv,ujv,https://ats.rippling.com/ujv/jobs
unchained,unchained,https://ats.rippling.com/unchained/jobs
union-kitchen,union-kitchen,https://ats.rippling.com/union-kitchen/jobs
uniuni,uniuni,https://ats.rippling.com/uniuni/jobs
unlimited-tech-solutions,unlimited-tech-solutions,https://ats.rippling.com/unlimited-tech-solutions/jobs
urban-initiatives,urban-initiatives,https://ats.rippling.com/urban-initiatives/jobs
urban-sdk,urban-sdk,https://ats.rippling.com/urban-sdk/jobs
uride-careers,uride-careers,https://ats.rippling.com/uride-careers/jobs
us-lawshield,us-lawshield,https://ats.rippling.com/us-lawshield/jobs
usare,usare,https://ats.rippling.com/usare/jobs
useorigin,useorigin,https://ats.rippling.com/useorigin/jobs
usi-consultants,usi-consultants,https://ats.rippling.com/usi-consultants/jobs
valkyrie,valkyrie,https://ats.rippling.com/valkyrie/jobs
valle-del-sol,valle-del-sol,https://ats.rippling.com/valle-del-sol/jobs
valmarholdings,valmarholdings,https://ats.rippling.com/valmarholdings/jobs
valorprep,valorprep,https://ats.rippling.com/valorprep/jobs
vectored-approach,vectored-approach,https://ats.rippling.com/vectored-approach/jobs
veefriends-llc,veefriends-llc,https://ats.rippling.com/veefriends-llc/jobs
velatura,velatura,https://ats.rippling.com/velatura/jobs
vella,vella,https://ats.rippling.com/vella/jobs
vendorpanel,vendorpanel,https://ats.rippling.com/vendorpanel/jobs
vendr,vendr,https://ats.rippling.com/vendr/jobs
venncareers,venncareers,https://ats.rippling.com/venncareers/jobs
ventriclehealth,ventriclehealth,https://ats.rippling.com/ventriclehealth/jobs
venture-outdoors-careeropportunities,venture-outdoors-careeropportunities,https://ats.rippling.com/venture-outdoors-careeropportunities/jobs
veracityinsurance-careers,veracityinsurance-careers,https://ats.rippling.com/veracityinsurance-careers/jobs
veridian-service-partners,veridian-service-partners,https://ats.rippling.com/veridian-service-partners/jobs
verifast-inc,verifast-inc,https://ats.rippling.com/verifast-inc/jobs
verndale-llc,verndale-llc,https://ats.rippling.com/verndale-llc/jobs
verra-opportunities,verra-opportunities,https://ats.rippling.com/verra-opportunities/jobs
veryable-careers,veryable-careers,https://ats.rippling.com/veryable-careers/jobs
vesta,vesta,https://ats.rippling.com/vesta/jobs
vheda-health,vheda-health,https://ats.rippling.com/vheda-health/jobs
vimachem,vimachem,https://ats.rippling.com/vimachem/jobs
vip-hospitality-llc,vip-hospitality-llc,https://ats.rippling.com/vip-hospitality-llc/jobs
virtual-front-office,virtual-front-office,https://ats.rippling.com/virtual-front-office/jobs
vision-quest-solutions-inc,vision-quest-solutions-inc,https://ats.rippling.com/vision-quest-solutions-inc/jobs
vistapower,vistapower,https://ats.rippling.com/vistapower/jobs
vmsc,vmsc,https://ats.rippling.com/vmsc/jobs
vodori-careers,vodori-careers,https://ats.rippling.com/vodori-careers/jobs
voiantcareers,voiantcareers,https://ats.rippling.com/voiantcareers/jobs
voltaiq-careers,voltaiq-careers,https://ats.rippling.com/voltaiq-careers/jobs
vortex-companies-llc,vortex-companies-llc,https://ats.rippling.com/vortex-companies-llc/jobs
vouch-inc,vouch-inc,https://ats.rippling.com/vouch-inc/jobs
vq-career-page,vq-career-page,https://ats.rippling.com/vq-career-page/jobs
vse-careers,vse-careers,https://ats.rippling.com/vse-careers/jobs
vtdigger,vtdigger,https://ats.rippling.com/vtdigger/jobs
vulcanforms,vulcanforms,https://ats.rippling.com/vulcanforms/jobs
wa-opportunities,wa-opportunities,https://ats.rippling.com/wa-opportunities/jobs
wacbd,wacbd,https://ats.rippling.com/wacbd/jobs
walden-robotics,walden-robotics,https://ats.rippling.com/walden-robotics/jobs
walker-armstrong-llp,walker-armstrong-llp,https://ats.rippling.com/walker-armstrong-llp/jobs
wam-global-careers,wam-global-careers,https://ats.rippling.com/wam-global-careers/jobs
wanta-thome,wanta-thome,https://ats.rippling.com/wanta-thome/jobs
warriorbabe-careers,warriorbabe-careers,https://ats.rippling.com/warriorbabe-careers/jobs
waymaker-resource-group,waymaker-resource-group,https://ats.rippling.com/waymaker-resource-group/jobs
wdba,wdba,https://ats.rippling.com/wdba/jobs
wdg,wdg,https://ats.rippling.com/wdg/jobs
wdscareers,wdscareers,https://ats.rippling.com/wdscareers/jobs
weaquatics,weaquatics,https://ats.rippling.com/weaquatics/jobs
wearephaedon,wearephaedon,https://ats.rippling.com/wearephaedon/jobs
wearerally,wearerally,https://ats.rippling.com/wearerally/jobs
webull,webull,https://ats.rippling.com/webull/jobs
weekenderhotels,weekenderhotels,https://ats.rippling.com/weekenderhotels/jobs
weihao-industries,weihao-industries,https://ats.rippling.com/weihao-industries/jobs
wellinkscareers,wellinkscareers,https://ats.rippling.com/wellinkscareers/jobs
wellityhealth,wellityhealth,https://ats.rippling.com/wellityhealth/jobs
wellspring,wellspring,https://ats.rippling.com/wellspring/jobs
western-camps-inc,western-camps-inc,https://ats.rippling.com/western-camps-inc/jobs
western-welding-academy,western-welding-academy,https://ats.rippling.com/western-welding-academy/jobs
westwin-jobs,westwin-jobs,https://ats.rippling.com/westwin-jobs/jobs
when-we-first,when-we-first,https://ats.rippling.com/when-we-first/jobs
whisker-labs-careers,whisker-labs-careers,https://ats.rippling.com/whisker-labs-careers/jobs
whistic-careers,whistic-careers,https://ats.rippling.com/whistic-careers/jobs
whitestone-branding-careers,whitestone-branding-careers,https://ats.rippling.com/whitestone-branding-careers/jobs
widewail,widewail,https://ats.rippling.com/widewail/jobs
wildfire-defense-systems-inc,wildfire-defense-systems-inc,https://ats.rippling.com/wildfire-defense-systems-inc/jobs
williamsburg-learning,williamsburg-learning,https://ats.rippling.com/williamsburg-learning/jobs
wingshack,wingshack,https://ats.rippling.com/wingshack/jobs
winston-artory-group,winston-artory-group,https://ats.rippling.com/winston-artory-group/jobs
wiq-careers,wiq-careers,https://ats.rippling.com/wiq-careers/jobs
wisdems,wisdems,https://ats.rippling.com/wisdems/jobs
within-health-provider-services,within-health-provider-services,https://ats.rippling.com/within-health-provider-services/jobs
within-health,within-health,https://ats.rippling.com/within-health/jobs
wlc-jobs,wlc-jobs,https://ats.rippling.com/wlc-jobs/jobs
wolfjaw-careers,wolfjaw-careers,https://ats.rippling.com/wolfjaw-careers/jobs
workshopapdjobs,workshopapdjobs,https://ats.rippling.com/workshopapdjobs/jobs
workshopdigital,workshopdigital,https://ats.rippling.com/workshopdigital/jobs
workstreet,workstreet,https://ats.rippling.com/workstreet/jobs
workweek,workweek,https://ats.rippling.com/workweek/jobs
wovenx-health-inc,wovenx-health-inc,https://ats.rippling.com/wovenx-health-inc/jobs
ww-job-board,ww-job-board,https://ats.rippling.com/ww-job-board/jobs
xirgo-technologies,xirgo-technologies,https://ats.rippling.com/xirgo-technologies/jobs
xwp,xwp,https://ats.rippling.com/xwp/jobs
xypncareers,xypncareers,https://ats.rippling.com/xypncareers/jobs
xyz-careers,xyz-careers,https://ats.rippling.com/xyz-careers/jobs
y7-careers,y7-careers,https://ats.rippling.com/y7-careers/jobs
yaqeencareers,yaqeencareers,https://ats.rippling.com/yaqeencareers/jobs
yembo,yembo,https://ats.rippling.com/yembo/jobs
yieldstreet,yieldstreet,https://ats.rippling.com/yieldstreet/jobs
youlify-inc,youlify-inc,https://ats.rippling.com/youlify-inc/jobs
young-americans-for-liberty,young-americans-for-liberty,https://ats.rippling.com/young-americans-for-liberty/jobs
youtooz,youtooz,https://ats.rippling.com/youtooz/jobs
zap-energy-careers,zap-energy-careers,https://ats.rippling.com/zap-energy-careers/jobs
zapata-quantum,zapata-quantum,https://ats.rippling.com/zapata-quantum/jobs
zededa,zededa,https://ats.rippling.com/zededa/jobs
zetacareers,zetacareers,https://ats.rippling.com/zetacareers/jobs
zevra,zevra,https://ats.rippling.com/zevra/jobs
zivian-health-inc,zivian-health-inc,https://ats.rippling.com/zivian-health-inc/jobs
zo-motors-north-america-llc,zo-motors-north-america-llc,https://ats.rippling.com/zo-motors-north-america-llc/jobs
zooby-neighborhood-superheroes,zooby-neighborhood-superheroes,https://ats.rippling.com/zooby-neighborhood-superheroes/jobs
zrg-partners-careers,zrg-partners-careers,https://ats.rippling.com/zrg-partners-careers/jobs
zuckerman-investment-group,zuckerman-investment-group,https://ats.rippling.com/zuckerman-investment-group/jobs
zymeworks-careers,zymeworks-careers,https://ats.rippling.com/zymeworks-careers/jobs
foreup,foreup,https://ats.rippling.com/foreup/jobs
