company_name,slug,url
barringtonstageco,barringtonstageco,https://barringtonstageco.bamboohr.com/careers
baumtech,baumtech,https://baumtech.bamboohr.com/careers
beeflambnz,beeflambnz,https://beeflambnz.bamboohr.com/careers
cabinetpeaks,cabinetpeaks,https://cabinetpeaks.bamboohr.com/careers
insurancetechnologyservices,insurancetechnologyservices,https://insurancetechnologyservices.bamboohr.com/careers
thethinkingtraveller,thethinkingtraveller,https://thethinkingtraveller.bamboohr.com/careers
uptakestrategies,uptakestrategies,https://uptakestrategies.bamboohr.com/careers
17triggers,17triggers,https://17triggers.bamboohr.com/careers
ambank,ambank,https://ambank.bamboohr.com/careers
harambee,harambee,https://harambee.bamboohr.com/careers
maamwesying,maamwesying,https://maamwesying.bamboohr.com/careers
openfieldx,openfieldx,https://openfieldx.bamboohr.com/careers
vendasta,vendasta,https://vendasta.bamboohr.com/careers
ducker,ducker,https://ducker.bamboohr.com/careers
jobswithjusticesanfrancisco,jobswithjusticesanfrancisco,https://jobswithjusticesanfrancisco.bamboohr.com/careers
newbirthoffreedom,newbirthoffreedom,https://newbirthoffreedom.bamboohr.com/careers
welove9am,welove9am,https://welove9am.bamboohr.com/careers
ylc,ylc,https://ylc.bamboohr.com/careers
chrysos,chrysos,https://chrysos.bamboohr.com/careers
databox,databox,https://databox.bamboohr.com/careers
gogebicmedical,gogebicmedical,https://gogebicmedical.bamboohr.com/careers
gsdngo,gsdngo,https://gsdngo.bamboohr.com/careers
hetheringtongroup,hetheringtongroup,https://hetheringtongroup.bamboohr.com/careers
jodymiller,jodymiller,https://jodymiller.bamboohr.com/careers
phoenixlaser,phoenixlaser,https://phoenixlaser.bamboohr.com/careers
excelsiorwellness,excelsiorwellness,https://excelsiorwellness.bamboohr.com/careers
gardnerbuilders,gardnerbuilders,https://gardnerbuilders.bamboohr.com/careers
pierpont,pierpont,https://pierpont.bamboohr.com/careers
tiereleven,tiereleven,https://tiereleven.bamboohr.com/careers
zeropoint,zeropoint,https://zeropoint.bamboohr.com/careers
atheycreek,atheycreek,https://atheycreek.bamboohr.com/careers
dps,dps,https://dps.bamboohr.com/careers
ictcctic,ictcctic,https://ictcctic.bamboohr.com/careers
studios,studios,https://studios.bamboohr.com/careers
cim,cim,https://cim.bamboohr.com/careers
climatefocus,climatefocus,https://climatefocus.bamboohr.com/careers
coastalclaims,coastalclaims,https://coastalclaims.bamboohr.com/careers
crystaltravel,crystaltravel,https://crystaltravel.bamboohr.com/careers
imageengine,imageengine,https://imageengine.bamboohr.com/careers
topdata,topdata,https://topdata.bamboohr.com/careers
geta,geta,https://geta.bamboohr.com/careers
meridianllc,meridianllc,https://meridianllc.bamboohr.com/careers
superiorpak,superiorpak,https://superiorpak.bamboohr.com/careers
unionchurch,unionchurch,https://unionchurch.bamboohr.com/careers
wildplay,wildplay,https://wildplay.bamboohr.com/careers
checkoffyourlist,checkoffyourlist,https://checkoffyourlist.bamboohr.com/careers
issgh,issgh,https://issgh.bamboohr.com/careers
neuanalytics,neuanalytics,https://neuanalytics.bamboohr.com/careers
shopback,shopback,https://shopback.bamboohr.com/careers
thelabnyc,thelabnyc,https://thelabnyc.bamboohr.com/careers
ubco,ubco,https://ubco.bamboohr.com/careers
bakerave,bakerave,https://bakerave.bamboohr.com/careers
displaydata,displaydata,https://displaydata.bamboohr.com/careers
masonkorea,masonkorea,https://masonkorea.bamboohr.com/careers
certex,certex,https://certex.bamboohr.com/careers
erdosmiller,erdosmiller,https://erdosmiller.bamboohr.com/careers
silverlogic,silverlogic,https://silverlogic.bamboohr.com/careers
textileexchange,textileexchange,https://textileexchange.bamboohr.com/careers
vincentinc,vincentinc,https://vincentinc.bamboohr.com/careers
anteristech,anteristech,https://anteristech.bamboohr.com/careers
marianaoncology,marianaoncology,https://marianaoncology.bamboohr.com/careers
nhc247,nhc247,https://nhc247.bamboohr.com/careers
theapplabb,theapplabb,https://theapplabb.bamboohr.com/careers
earthfreshatl,earthfreshatl,https://earthfreshatl.bamboohr.com/careers
ravenadvisory,ravenadvisory,https://ravenadvisory.bamboohr.com/careers
wabanakipublichealth,wabanakipublichealth,https://wabanakipublichealth.bamboohr.com/careers
commonscompany,commonscompany,https://commonscompany.bamboohr.com/careers
executiveoption,executiveoption,https://executiveoption.bamboohr.com/careers
gems,gems,https://gems.bamboohr.com/careers
holtbrothersinc,holtbrothersinc,https://holtbrothersinc.bamboohr.com/careers
switchboardlgbt,switchboardlgbt,https://switchboardlgbt.bamboohr.com/careers
thetimothycenter,thetimothycenter,https://thetimothycenter.bamboohr.com/careers
albertamt,albertamt,https://albertamt.bamboohr.com/careers
smartacre,smartacre,https://smartacre.bamboohr.com/careers
streamlinestudios,streamlinestudios,https://streamlinestudios.bamboohr.com/careers
ikeja,ikeja,https://ikeja.bamboohr.com/careers
looperinsights,looperinsights,https://looperinsights.bamboohr.com/careers
sullivanmotors,sullivanmotors,https://sullivanmotors.bamboohr.com/careers
anaergia,anaergia,https://anaergia.bamboohr.com/careers
iwpr,iwpr,https://iwpr.bamboohr.com/careers
stance,stance,https://stance.bamboohr.com/careers
stclairsrc,stclairsrc,https://stclairsrc.bamboohr.com/careers
50north,50north,https://50north.bamboohr.com/careers
dawnaerospace,dawnaerospace,https://dawnaerospace.bamboohr.com/careers
kellerassociates,kellerassociates,https://kellerassociates.bamboohr.com/careers
magmalabs,magmalabs,https://magmalabs.bamboohr.com/careers
orcid,orcid,https://orcid.bamboohr.com/careers
mslogisticsltd,mslogisticsltd,https://mslogisticsltd.bamboohr.com/careers
qalipu,qalipu,https://qalipu.bamboohr.com/careers
welbi,welbi,https://welbi.bamboohr.com/careers
17capital,17capital,https://17capital.bamboohr.com/careers
blumetric,blumetric,https://blumetric.bamboohr.com/careers
directagents,directagents,https://directagents.bamboohr.com/careers
urbania,urbania,https://urbania.bamboohr.com/careers
autonettv,autonettv,https://autonettv.bamboohr.com/careers
blanclabs,blanclabs,https://blanclabs.bamboohr.com/careers
dreamcorps,dreamcorps,https://dreamcorps.bamboohr.com/careers
optiom,optiom,https://optiom.bamboohr.com/careers
prismfly,prismfly,https://prismfly.bamboohr.com/careers
remotepartneraccount,remotepartneraccount,https://remotepartneraccount.bamboohr.com/careers
scgreencharter,scgreencharter,https://scgreencharter.bamboohr.com/careers
xapo,xapo,https://xapo.bamboohr.com/careers
fallriverelectric,fallriverelectric,https://fallriverelectric.bamboohr.com/careers
finalstrikegames,finalstrikegames,https://finalstrikegames.bamboohr.com/careers
grassrootsinternational,grassrootsinternational,https://grassrootsinternational.bamboohr.com/careers
growthleads,growthleads,https://growthleads.bamboohr.com/careers
alphahousecalgary,alphahousecalgary,https://alphahousecalgary.bamboohr.com/careers
csswashtenaw,csswashtenaw,https://csswashtenaw.bamboohr.com/careers
ggreeneconstruction,ggreeneconstruction,https://ggreeneconstruction.bamboohr.com/careers
searchlight,searchlight,https://searchlight.bamboohr.com/careers
teamcubation,teamcubation,https://teamcubation.bamboohr.com/careers
cardinal,cardinal,https://cardinal.bamboohr.com/careers
chinooktx,chinooktx,https://chinooktx.bamboohr.com/careers
dreamhaven,dreamhaven,https://dreamhaven.bamboohr.com/careers
midwestrailcarrepair,midwestrailcarrepair,https://midwestrailcarrepair.bamboohr.com/careers
twelvetonemusicschool,twelvetonemusicschool,https://twelvetonemusicschool.bamboohr.com/careers
duxtoncapital,duxtoncapital,https://duxtoncapital.bamboohr.com/careers
icibuilds,icibuilds,https://icibuilds.bamboohr.com/careers
igopeople,igopeople,https://igopeople.bamboohr.com/careers
jwv,jwv,https://jwv.bamboohr.com/careers
lighthousetechio,lighthousetechio,https://lighthousetechio.bamboohr.com/careers
saltandsmoke,saltandsmoke,https://saltandsmoke.bamboohr.com/careers
aflatoun,aflatoun,https://aflatoun.bamboohr.com/careers
firstnationscapital,firstnationscapital,https://firstnationscapital.bamboohr.com/careers
koehnpainting,koehnpainting,https://koehnpainting.bamboohr.com/careers
serasanasw,serasanasw,https://serasanasw.bamboohr.com/careers
thepathschool,thepathschool,https://thepathschool.bamboohr.com/careers
vkey,vkey,https://vkey.bamboohr.com/careers
engage3,engage3,https://engage3.bamboohr.com/careers
officeprinciples,officeprinciples,https://officeprinciples.bamboohr.com/careers
skispainting,skispainting,https://skispainting.bamboohr.com/careers
cnwr,cnwr,https://cnwr.bamboohr.com/careers
couriernewsroom,couriernewsroom,https://couriernewsroom.bamboohr.com/careers
itps,itps,https://itps.bamboohr.com/careers
justicedemocrats,justicedemocrats,https://justicedemocrats.bamboohr.com/careers
parser,parser,https://parser.bamboohr.com/careers
riverkeeper,riverkeeper,https://riverkeeper.bamboohr.com/careers
ttacorp,ttacorp,https://ttacorp.bamboohr.com/careers
centricmarketing,centricmarketing,https://centricmarketing.bamboohr.com/careers
jonesmandel,jonesmandel,https://jonesmandel.bamboohr.com/careers
leetrans,leetrans,https://leetrans.bamboohr.com/careers
ligadata,ligadata,https://ligadata.bamboohr.com/careers
otcflow,otcflow,https://otcflow.bamboohr.com/careers
remoteli,remoteli,https://remoteli.bamboohr.com/careers
ripplecompanies,ripplecompanies,https://ripplecompanies.bamboohr.com/careers
nwpd,nwpd,https://nwpd.bamboohr.com/careers
revolgy,revolgy,https://revolgy.bamboohr.com/careers
togetherforgirls,togetherforgirls,https://togetherforgirls.bamboohr.com/careers
whitbywood,whitbywood,https://whitbywood.bamboohr.com/careers
xs,xs,https://xs.bamboohr.com/careers
bmit,bmit,https://bmit.bamboohr.com/careers
korte,korte,https://korte.bamboohr.com/careers
rustcompanycpa,rustcompanycpa,https://rustcompanycpa.bamboohr.com/careers
associatedambulance,associatedambulance,https://associatedambulance.bamboohr.com/careers
bhrrc,bhrrc,https://bhrrc.bamboohr.com/careers
michiganlabs,michiganlabs,https://michiganlabs.bamboohr.com/careers
q3restaurantgroup,q3restaurantgroup,https://q3restaurantgroup.bamboohr.com/careers
acclaro,acclaro,https://acclaro.bamboohr.com/careers
cochraneco,cochraneco,https://cochraneco.bamboohr.com/careers
eteamsponsor,eteamsponsor,https://eteamsponsor.bamboohr.com/careers
samaritanlancaster,samaritanlancaster,https://samaritanlancaster.bamboohr.com/careers
skylum,skylum,https://skylum.bamboohr.com/careers
somamedicalcenter,somamedicalcenter,https://somamedicalcenter.bamboohr.com/careers
americanrivers,americanrivers,https://americanrivers.bamboohr.com/careers
gitkraken,gitkraken,https://gitkraken.bamboohr.com/careers
j2solutionsinc,j2solutionsinc,https://j2solutionsinc.bamboohr.com/careers
p31,p31,https://p31.bamboohr.com/careers
socbox,socbox,https://socbox.bamboohr.com/careers
wolcenstudio,wolcenstudio,https://wolcenstudio.bamboohr.com/careers
bridgetownnaturalfoods,bridgetownnaturalfoods,https://bridgetownnaturalfoods.bamboohr.com/careers
microharvest,microharvest,https://microharvest.bamboohr.com/careers
omnimed,omnimed,https://omnimed.bamboohr.com/careers
stardock,stardock,https://stardock.bamboohr.com/careers
bbagency,bbagency,https://bbagency.bamboohr.com/careers
bemyguest,bemyguest,https://bemyguest.bamboohr.com/careers
childpeace,childpeace,https://childpeace.bamboohr.com/careers
houlihancapital,houlihancapital,https://houlihancapital.bamboohr.com/careers
lendesk,lendesk,https://lendesk.bamboohr.com/careers
progresso,progresso,https://progresso.bamboohr.com/careers
samesunbanff,samesunbanff,https://samesunbanff.bamboohr.com/careers
kalambagames,kalambagames,https://kalambagames.bamboohr.com/careers
samsters,samsters,https://samsters.bamboohr.com/careers
wqscc,wqscc,https://wqscc.bamboohr.com/careers
cinesitelondon,cinesitelondon,https://cinesitelondon.bamboohr.com/careers
digitaled,digitaled,https://digitaled.bamboohr.com/careers
flchealth,flchealth,https://flchealth.bamboohr.com/careers
foodee,foodee,https://foodee.bamboohr.com/careers
ottawakent,ottawakent,https://ottawakent.bamboohr.com/careers
squirro,squirro,https://squirro.bamboohr.com/careers
tevalis,tevalis,https://tevalis.bamboohr.com/careers
30fe,30fe,https://30fe.bamboohr.com/careers
ctgbrands,ctgbrands,https://ctgbrands.bamboohr.com/careers
cunninghamcontracts,cunninghamcontracts,https://cunninghamcontracts.bamboohr.com/careers
reospartners,reospartners,https://reospartners.bamboohr.com/careers
traderphdllc,traderphdllc,https://traderphdllc.bamboohr.com/careers
tubman,tubman,https://tubman.bamboohr.com/careers
venarisecurity,venarisecurity,https://venarisecurity.bamboohr.com/careers
coxecurry,coxecurry,https://coxecurry.bamboohr.com/careers
sasso,sasso,https://sasso.bamboohr.com/careers
sunshineacad,sunshineacad,https://sunshineacad.bamboohr.com/careers
watersconst,watersconst,https://watersconst.bamboohr.com/careers
clearobject,clearobject,https://clearobject.bamboohr.com/careers
itcap,itcap,https://itcap.bamboohr.com/careers
masterscapes,masterscapes,https://masterscapes.bamboohr.com/careers
vcchc,vcchc,https://vcchc.bamboohr.com/careers
familyark,familyark,https://familyark.bamboohr.com/careers
greenview,greenview,https://greenview.bamboohr.com/careers
pay,pay,https://pay.bamboohr.com/careers
preciseley,preciseley,https://preciseley.bamboohr.com/careers
solace,solace,https://solace.bamboohr.com/careers
agritechnovation,agritechnovation,https://agritechnovation.bamboohr.com/careers
charmfertility,charmfertility,https://charmfertility.bamboohr.com/careers
creditrepaircloud,creditrepaircloud,https://creditrepaircloud.bamboohr.com/careers
endace,endace,https://endace.bamboohr.com/careers
guelphchc,guelphchc,https://guelphchc.bamboohr.com/careers
isl,isl,https://isl.bamboohr.com/careers
livespot360,livespot360,https://livespot360.bamboohr.com/careers
mcfa,mcfa,https://mcfa.bamboohr.com/careers
carepros,carepros,https://carepros.bamboohr.com/careers
okaymedia,okaymedia,https://okaymedia.bamboohr.com/careers
probi,probi,https://probi.bamboohr.com/careers
wisharemedia,wisharemedia,https://wisharemedia.bamboohr.com/careers
bayfarm,bayfarm,https://bayfarm.bamboohr.com/careers
beatymasonry,beatymasonry,https://beatymasonry.bamboohr.com/careers
birchmeregroup,birchmeregroup,https://birchmeregroup.bamboohr.com/careers
ranovus,ranovus,https://ranovus.bamboohr.com/careers
rightlane,rightlane,https://rightlane.bamboohr.com/careers
tpud,tpud,https://tpud.bamboohr.com/careers
bitaksi,bitaksi,https://bitaksi.bamboohr.com/careers
innovu,innovu,https://innovu.bamboohr.com/careers
viaevaluationaccount,viaevaluationaccount,https://viaevaluationaccount.bamboohr.com/careers
cbi,cbi,https://cbi.bamboohr.com/careers
piedmontlube,piedmontlube,https://piedmontlube.bamboohr.com/careers
truecontext,truecontext,https://truecontext.bamboohr.com/careers
vivecrop,vivecrop,https://vivecrop.bamboohr.com/careers
wangengroup,wangengroup,https://wangengroup.bamboohr.com/careers
windmilldevelopmentgroup,windmilldevelopmentgroup,https://windmilldevelopmentgroup.bamboohr.com/careers
digdeep,digdeep,https://digdeep.bamboohr.com/careers
mikisewgroup,mikisewgroup,https://mikisewgroup.bamboohr.com/careers
peak,peak,https://peak.bamboohr.com/careers
vie,vie,https://vie.bamboohr.com/careers
anvilsecure,anvilsecure,https://anvilsecure.bamboohr.com/careers
dtpd,dtpd,https://dtpd.bamboohr.com/careers
magnoliamedical,magnoliamedical,https://magnoliamedical.bamboohr.com/careers
parametricsmedical,parametricsmedical,https://parametricsmedical.bamboohr.com/careers
trevipay,trevipay,https://trevipay.bamboohr.com/careers
bitwerxinc,bitwerxinc,https://bitwerxinc.bamboohr.com/careers
darkslope,darkslope,https://darkslope.bamboohr.com/careers
dcbel,dcbel,https://dcbel.bamboohr.com/careers
lacahsa,lacahsa,https://lacahsa.bamboohr.com/careers
arcadian,arcadian,https://arcadian.bamboohr.com/careers
fmsaerospace,fmsaerospace,https://fmsaerospace.bamboohr.com/careers
hkm,hkm,https://hkm.bamboohr.com/careers
treasuryprime,treasuryprime,https://treasuryprime.bamboohr.com/careers
doublemaviation,doublemaviation,https://doublemaviation.bamboohr.com/careers
mercyurgentcare,mercyurgentcare,https://mercyurgentcare.bamboohr.com/careers
psychologyspecialistsofmaine,psychologyspecialistsofmaine,https://psychologyspecialistsofmaine.bamboohr.com/careers
uwswva,uwswva,https://uwswva.bamboohr.com/careers
1stnationalbankslu,1stnationalbankslu,https://1stnationalbankslu.bamboohr.com/careers
asfg,asfg,https://asfg.bamboohr.com/careers
caanv,caanv,https://caanv.bamboohr.com/careers
lbmx,lbmx,https://lbmx.bamboohr.com/careers
wonderstate,wonderstate,https://wonderstate.bamboohr.com/careers
work4u,work4u,https://work4u.bamboohr.com/careers
zilia,zilia,https://zilia.bamboohr.com/careers
ashememorial,ashememorial,https://ashememorial.bamboohr.com/careers
calbright,calbright,https://calbright.bamboohr.com/careers
chimp,chimp,https://chimp.bamboohr.com/careers
goodwilltnva,goodwilltnva,https://goodwilltnva.bamboohr.com/careers
nacca,nacca,https://nacca.bamboohr.com/careers
tentbox,tentbox,https://tentbox.bamboohr.com/careers
animalz,animalz,https://animalz.bamboohr.com/careers
beqom,beqom,https://beqom.bamboohr.com/careers
bidayamedia,bidayamedia,https://bidayamedia.bamboohr.com/careers
chapelpointe,chapelpointe,https://chapelpointe.bamboohr.com/careers
edenroc,edenroc,https://edenroc.bamboohr.com/careers
ganintegrity,ganintegrity,https://ganintegrity.bamboohr.com/careers
lonsec,lonsec,https://lonsec.bamboohr.com/careers
millscnc,millscnc,https://millscnc.bamboohr.com/careers
rayelectric,rayelectric,https://rayelectric.bamboohr.com/careers
savetheredwoods,savetheredwoods,https://savetheredwoods.bamboohr.com/careers
scppa,scppa,https://scppa.bamboohr.com/careers
spcawc,spcawc,https://spcawc.bamboohr.com/careers
advancemetrics,advancemetrics,https://advancemetrics.bamboohr.com/careers
apcawl,apcawl,https://apcawl.bamboohr.com/careers
evolve,evolve,https://evolve.bamboohr.com/careers
intrinsicdigital,intrinsicdigital,https://intrinsicdigital.bamboohr.com/careers
pateam,pateam,https://pateam.bamboohr.com/careers
dharmannstudios,dharmannstudios,https://dharmannstudios.bamboohr.com/careers
edpro,edpro,https://edpro.bamboohr.com/careers
fxpro,fxpro,https://fxpro.bamboohr.com/careers
smardt,smardt,https://smardt.bamboohr.com/careers
tornbanner,tornbanner,https://tornbanner.bamboohr.com/careers
dfn,dfn,https://dfn.bamboohr.com/careers
flutterwavego,flutterwavego,https://flutterwavego.bamboohr.com/careers
londonsquare,londonsquare,https://londonsquare.bamboohr.com/careers
marioncountyclerk,marioncountyclerk,https://marioncountyclerk.bamboohr.com/careers
zibber,zibber,https://zibber.bamboohr.com/careers
aspenridgell,aspenridgell,https://aspenridgell.bamboohr.com/careers
campuskey,campuskey,https://campuskey.bamboohr.com/careers
csgeneticsltd,csgeneticsltd,https://csgeneticsltd.bamboohr.com/careers
mbdesign,mbdesign,https://mbdesign.bamboohr.com/careers
theliocegroup,theliocegroup,https://theliocegroup.bamboohr.com/careers
victoriasexualassault,victoriasexualassault,https://victoriasexualassault.bamboohr.com/careers
fapeinado,fapeinado,https://fapeinado.bamboohr.com/careers
ie2construction,ie2construction,https://ie2construction.bamboohr.com/careers
jfcspgh,jfcspgh,https://jfcspgh.bamboohr.com/careers
truevo,truevo,https://truevo.bamboohr.com/careers
aypa,aypa,https://aypa.bamboohr.com/careers
gadellnet,gadellnet,https://gadellnet.bamboohr.com/careers
geekbot,geekbot,https://geekbot.bamboohr.com/careers
mechanicalsolutions,mechanicalsolutions,https://mechanicalsolutions.bamboohr.com/careers
spirii,spirii,https://spirii.bamboohr.com/careers
clarkre,clarkre,https://clarkre.bamboohr.com/careers
haasf1team,haasf1team,https://haasf1team.bamboohr.com/careers
montanasupplyco,montanasupplyco,https://montanasupplyco.bamboohr.com/careers
tbmentalhealth,tbmentalhealth,https://tbmentalhealth.bamboohr.com/careers
theweitzcompany,theweitzcompany,https://theweitzcompany.bamboohr.com/careers
waterloofiber,waterloofiber,https://waterloofiber.bamboohr.com/careers
adventservices,adventservices,https://adventservices.bamboohr.com/careers
arctickingdom,arctickingdom,https://arctickingdom.bamboohr.com/careers
cdcw,cdcw,https://cdcw.bamboohr.com/careers
ethixbase360,ethixbase360,https://ethixbase360.bamboohr.com/careers
fl0,fl0,https://fl0.bamboohr.com/careers
marshallwhite,marshallwhite,https://marshallwhite.bamboohr.com/careers
aoicorp,aoicorp,https://aoicorp.bamboohr.com/careers
onetreeplanted,onetreeplanted,https://onetreeplanted.bamboohr.com/careers
sirex,sirex,https://sirex.bamboohr.com/careers
truewealth,truewealth,https://truewealth.bamboohr.com/careers
401auto,401auto,https://401auto.bamboohr.com/careers
cityofhorseshoebay,cityofhorseshoebay,https://cityofhorseshoebay.bamboohr.com/careers
dreaam,dreaam,https://dreaam.bamboohr.com/careers
innovex,innovex,https://innovex.bamboohr.com/careers
itproactive,itproactive,https://itproactive.bamboohr.com/careers
tctnetwork,tctnetwork,https://tctnetwork.bamboohr.com/careers
capnz,capnz,https://capnz.bamboohr.com/careers
goasg,goasg,https://goasg.bamboohr.com/careers
twohat,twohat,https://twohat.bamboohr.com/careers
cleverprofits,cleverprofits,https://cleverprofits.bamboohr.com/careers
drainedge,drainedge,https://drainedge.bamboohr.com/careers
basicresearch1,basicresearch1,https://basicresearch1.bamboohr.com/careers
envitia,envitia,https://envitia.bamboohr.com/careers
kbebuilding,kbebuilding,https://kbebuilding.bamboohr.com/careers
razoredgesystems,razoredgesystems,https://razoredgesystems.bamboohr.com/careers
thewellnesscentre,thewellnesscentre,https://thewellnesscentre.bamboohr.com/careers
esoppartners,esoppartners,https://esoppartners.bamboohr.com/careers
keishenv,keishenv,https://keishenv.bamboohr.com/careers
klar,klar,https://klar.bamboohr.com/careers
preface,preface,https://preface.bamboohr.com/careers
bekhealthcorp,bekhealthcorp,https://bekhealthcorp.bamboohr.com/careers
ecogra,ecogra,https://ecogra.bamboohr.com/careers
furniturerow,furniturerow,https://furniturerow.bamboohr.com/careers
hospiceofredmond,hospiceofredmond,https://hospiceofredmond.bamboohr.com/careers
silverstar,silverstar,https://silverstar.bamboohr.com/careers
amii,amii,https://amii.bamboohr.com/careers
bayswater,bayswater,https://bayswater.bamboohr.com/careers
carecounseling,carecounseling,https://carecounseling.bamboohr.com/careers
cigrovestx,cigrovestx,https://cigrovestx.bamboohr.com/careers
familypromiseinc,familypromiseinc,https://familypromiseinc.bamboohr.com/careers
hellochef,hellochef,https://hellochef.bamboohr.com/careers
hivos,hivos,https://hivos.bamboohr.com/careers
22bet,22bet,https://22bet.bamboohr.com/careers
50can,50can,https://50can.bamboohr.com/careers
aline,aline,https://aline.bamboohr.com/careers
cityofrockport,cityofrockport,https://cityofrockport.bamboohr.com/careers
dogwoodmedia,dogwoodmedia,https://dogwoodmedia.bamboohr.com/careers
familyreliefresources,familyreliefresources,https://familyreliefresources.bamboohr.com/careers
ltlgroup,ltlgroup,https://ltlgroup.bamboohr.com/careers
drugpolicy,drugpolicy,https://drugpolicy.bamboohr.com/careers
hhofet,hhofet,https://hhofet.bamboohr.com/careers
maxa,maxa,https://maxa.bamboohr.com/careers
messagepoint,messagepoint,https://messagepoint.bamboohr.com/careers
nove,nove,https://nove.bamboohr.com/careers
onetechcapital,onetechcapital,https://onetechcapital.bamboohr.com/careers
southwestflfence,southwestflfence,https://southwestflfence.bamboohr.com/careers
dtree,dtree,https://dtree.bamboohr.com/careers
flxpoint,flxpoint,https://flxpoint.bamboohr.com/careers
metalenz,metalenz,https://metalenz.bamboohr.com/careers
morleybuilders,morleybuilders,https://morleybuilders.bamboohr.com/careers
sastairs,sastairs,https://sastairs.bamboohr.com/careers
steigerwaldt,steigerwaldt,https://steigerwaldt.bamboohr.com/careers
cdispaces,cdispaces,https://cdispaces.bamboohr.com/careers
ncwlibraries,ncwlibraries,https://ncwlibraries.bamboohr.com/careers
therapycare,therapycare,https://therapycare.bamboohr.com/careers
westtexasautorecovery,westtexasautorecovery,https://westtexasautorecovery.bamboohr.com/careers
williscc,williscc,https://williscc.bamboohr.com/careers
boilerroom,boilerroom,https://boilerroom.bamboohr.com/careers
commonsku,commonsku,https://commonsku.bamboohr.com/careers
metricstrategies,metricstrategies,https://metricstrategies.bamboohr.com/careers
naminh,naminh,https://naminh.bamboohr.com/careers
proteq,proteq,https://proteq.bamboohr.com/careers
sdgcounties,sdgcounties,https://sdgcounties.bamboohr.com/careers
ssdigitalmedia,ssdigitalmedia,https://ssdigitalmedia.bamboohr.com/careers
teravisiongames,teravisiongames,https://teravisiongames.bamboohr.com/careers
tymusbeverlypllc,tymusbeverlypllc,https://tymusbeverlypllc.bamboohr.com/careers
willbee,willbee,https://willbee.bamboohr.com/careers
atiinc,atiinc,https://atiinc.bamboohr.com/careers
cleaningconcierge,cleaningconcierge,https://cleaningconcierge.bamboohr.com/careers
coregeomatics,coregeomatics,https://coregeomatics.bamboohr.com/careers
evconstruction,evconstruction,https://evconstruction.bamboohr.com/careers
exportpackers,exportpackers,https://exportpackers.bamboohr.com/careers
glenarbour,glenarbour,https://glenarbour.bamboohr.com/careers
leaf,leaf,https://leaf.bamboohr.com/careers
ahandyhomeinspector,ahandyhomeinspector,https://ahandyhomeinspector.bamboohr.com/careers
baileylauerman,baileylauerman,https://baileylauerman.bamboohr.com/careers
cusointernational,cusointernational,https://cusointernational.bamboohr.com/careers
deltagroup,deltagroup,https://deltagroup.bamboohr.com/careers
loftwork,loftwork,https://loftwork.bamboohr.com/careers
seattlefoodtech,seattlefoodtech,https://seattlefoodtech.bamboohr.com/careers
bitrise,bitrise,https://bitrise.bamboohr.com/careers
denizen,denizen,https://denizen.bamboohr.com/careers
eiturbanmobility,eiturbanmobility,https://eiturbanmobility.bamboohr.com/careers
aircraftperformancegroup,aircraftperformancegroup,https://aircraftperformancegroup.bamboohr.com/careers
bonaventurelab,bonaventurelab,https://bonaventurelab.bamboohr.com/careers
pioneergen,pioneergen,https://pioneergen.bamboohr.com/careers
seniorpsych,seniorpsych,https://seniorpsych.bamboohr.com/careers
biofiredefense,biofiredefense,https://biofiredefense.bamboohr.com/careers
integrity360,integrity360,https://integrity360.bamboohr.com/careers
inxile,inxile,https://inxile.bamboohr.com/careers
patchstack,patchstack,https://patchstack.bamboohr.com/careers
thekey,thekey,https://thekey.bamboohr.com/careers
throneentertainment,throneentertainment,https://throneentertainment.bamboohr.com/careers
cnas,cnas,https://cnas.bamboohr.com/careers
hatalom,hatalom,https://hatalom.bamboohr.com/careers
searchstax,searchstax,https://searchstax.bamboohr.com/careers
skilledtradesofwestalabama,skilledtradesofwestalabama,https://skilledtradesofwestalabama.bamboohr.com/careers
theforage,theforage,https://theforage.bamboohr.com/careers
tuffiassandberg,tuffiassandberg,https://tuffiassandberg.bamboohr.com/careers
vertexroofing,vertexroofing,https://vertexroofing.bamboohr.com/careers
circledesk,circledesk,https://circledesk.bamboohr.com/careers
crossroadsmission,crossroadsmission,https://crossroadsmission.bamboohr.com/careers
bethanyassemblymi,bethanyassemblymi,https://bethanyassemblymi.bamboohr.com/careers
contextlabs,contextlabs,https://contextlabs.bamboohr.com/careers
starlimna,starlimna,https://starlimna.bamboohr.com/careers
eksobionics,eksobionics,https://eksobionics.bamboohr.com/careers
mediadesign,mediadesign,https://mediadesign.bamboohr.com/careers
searchandgather,searchandgather,https://searchandgather.bamboohr.com/careers
sixthman,sixthman,https://sixthman.bamboohr.com/careers
swyfft,swyfft,https://swyfft.bamboohr.com/careers
98ventures,98ventures,https://98ventures.bamboohr.com/careers
enghouse,enghouse,https://enghouse.bamboohr.com/careers
gibraltar,gibraltar,https://gibraltar.bamboohr.com/careers
islandinstitute,islandinstitute,https://islandinstitute.bamboohr.com/careers
joycefoundation,joycefoundation,https://joycefoundation.bamboohr.com/careers
versafile1,versafile1,https://versafile1.bamboohr.com/careers
acddirect,acddirect,https://acddirect.bamboohr.com/careers
eaglebuilderslp,eaglebuilderslp,https://eaglebuilderslp.bamboohr.com/careers
gwinc,gwinc,https://gwinc.bamboohr.com/careers
puregrenada,puregrenada,https://puregrenada.bamboohr.com/careers
vilcap,vilcap,https://vilcap.bamboohr.com/careers
zaizi,zaizi,https://zaizi.bamboohr.com/careers
huntelectric,huntelectric,https://huntelectric.bamboohr.com/careers
keymediahr,keymediahr,https://keymediahr.bamboohr.com/careers
korowai,korowai,https://korowai.bamboohr.com/careers
mymoria,mymoria,https://mymoria.bamboohr.com/careers
qtu,qtu,https://qtu.bamboohr.com/careers
tanhealthcareaccount,tanhealthcareaccount,https://tanhealthcareaccount.bamboohr.com/careers
cvos,cvos,https://cvos.bamboohr.com/careers
gworks,gworks,https://gworks.bamboohr.com/careers
levellegal,levellegal,https://levellegal.bamboohr.com/careers
abfnhc,abfnhc,https://abfnhc.bamboohr.com/careers
doyle,doyle,https://doyle.bamboohr.com/careers
elementalenzymes,elementalenzymes,https://elementalenzymes.bamboohr.com/careers
newlondonarchitecture,newlondonarchitecture,https://newlondonarchitecture.bamboohr.com/careers
ninjatrader,ninjatrader,https://ninjatrader.bamboohr.com/careers
pathcrisis,pathcrisis,https://pathcrisis.bamboohr.com/careers
provoc,provoc,https://provoc.bamboohr.com/careers
whcchome,whcchome,https://whcchome.bamboohr.com/careers
earthshotprize,earthshotprize,https://earthshotprize.bamboohr.com/careers
galaxygaming,galaxygaming,https://galaxygaming.bamboohr.com/careers
hilite,hilite,https://hilite.bamboohr.com/careers
mighty,mighty,https://mighty.bamboohr.com/careers
ott,ott,https://ott.bamboohr.com/careers
pcm,pcm,https://pcm.bamboohr.com/careers
rcmississauga,rcmississauga,https://rcmississauga.bamboohr.com/careers
teamjapa,teamjapa,https://teamjapa.bamboohr.com/careers
comlux,comlux,https://comlux.bamboohr.com/careers
nciins,nciins,https://nciins.bamboohr.com/careers
powerplay,powerplay,https://powerplay.bamboohr.com/careers
customhomemedic,customhomemedic,https://customhomemedic.bamboohr.com/careers
hrnetrefer,hrnetrefer,https://hrnetrefer.bamboohr.com/careers
silvericing,silvericing,https://silvericing.bamboohr.com/careers
simetrik,simetrik,https://simetrik.bamboohr.com/careers
zogics,zogics,https://zogics.bamboohr.com/careers
atchleycpas,atchleycpas,https://atchleycpas.bamboohr.com/careers
cgibson,cgibson,https://cgibson.bamboohr.com/careers
consensusinc,consensusinc,https://consensusinc.bamboohr.com/careers
dcs,dcs,https://dcs.bamboohr.com/careers
jiko,jiko,https://jiko.bamboohr.com/careers
greyeaglepork,greyeaglepork,https://greyeaglepork.bamboohr.com/careers
nwgb,nwgb,https://nwgb.bamboohr.com/careers
projectbread,projectbread,https://projectbread.bamboohr.com/careers
rcsinc,rcsinc,https://rcsinc.bamboohr.com/careers
scancom,scancom,https://scancom.bamboohr.com/careers
songtradr,songtradr,https://songtradr.bamboohr.com/careers
tritech,tritech,https://tritech.bamboohr.com/careers
aplusgaragedoors,aplusgaragedoors,https://aplusgaragedoors.bamboohr.com/careers
dciconsult,dciconsult,https://dciconsult.bamboohr.com/careers
funnow,funnow,https://funnow.bamboohr.com/careers
glas,glas,https://glas.bamboohr.com/careers
healthcaringkw,healthcaringkw,https://healthcaringkw.bamboohr.com/careers
luckyspot,luckyspot,https://luckyspot.bamboohr.com/careers
locafy,locafy,https://locafy.bamboohr.com/careers
northcentralelectric,northcentralelectric,https://northcentralelectric.bamboohr.com/careers
section6,section6,https://section6.bamboohr.com/careers
beyondplay,beyondplay,https://beyondplay.bamboohr.com/careers
futuresforall,futuresforall,https://futuresforall.bamboohr.com/careers
groworxglobal,groworxglobal,https://groworxglobal.bamboohr.com/careers
makeship,makeship,https://makeship.bamboohr.com/careers
metrogolf,metrogolf,https://metrogolf.bamboohr.com/careers
relicentertainment,relicentertainment,https://relicentertainment.bamboohr.com/careers
sai360,sai360,https://sai360.bamboohr.com/careers
cornelltechnicalservices,cornelltechnicalservices,https://cornelltechnicalservices.bamboohr.com/careers
dijeauconstruction,dijeauconstruction,https://dijeauconstruction.bamboohr.com/careers
ewbinc,ewbinc,https://ewbinc.bamboohr.com/careers
iridium,iridium,https://iridium.bamboohr.com/careers
smrsi,smrsi,https://smrsi.bamboohr.com/careers
omeat,omeat,https://omeat.bamboohr.com/careers
msf,msf,https://msf.bamboohr.com/careers
oaciq,oaciq,https://oaciq.bamboohr.com/careers
plainstowing,plainstowing,https://plainstowing.bamboohr.com/careers
retiresmart,retiresmart,https://retiresmart.bamboohr.com/careers
weatherstream,weatherstream,https://weatherstream.bamboohr.com/careers
kciconstruction,kciconstruction,https://kciconstruction.bamboohr.com/careers
lawny,lawny,https://lawny.bamboohr.com/careers
safeharborsc,safeharborsc,https://safeharborsc.bamboohr.com/careers
capegroupca,capegroupca,https://capegroupca.bamboohr.com/careers
jobbatical,jobbatical,https://jobbatical.bamboohr.com/careers
extrastaff,extrastaff,https://extrastaff.bamboohr.com/careers
healthpreneur,healthpreneur,https://healthpreneur.bamboohr.com/careers
lakesidefire,lakesidefire,https://lakesidefire.bamboohr.com/careers
lawpath,lawpath,https://lawpath.bamboohr.com/careers
standwithus,standwithus,https://standwithus.bamboohr.com/careers
worldmobile,worldmobile,https://worldmobile.bamboohr.com/careers
mangaroafarms,mangaroafarms,https://mangaroafarms.bamboohr.com/careers
npe,npe,https://npe.bamboohr.com/careers
uppai,uppai,https://uppai.bamboohr.com/careers
adso,adso,https://adso.bamboohr.com/careers
bluearray,bluearray,https://bluearray.bamboohr.com/careers
imagineenglewoodif,imagineenglewoodif,https://imagineenglewoodif.bamboohr.com/careers
myhcd,myhcd,https://myhcd.bamboohr.com/careers
seiuusww,seiuusww,https://seiuusww.bamboohr.com/careers
kanrad,kanrad,https://kanrad.bamboohr.com/careers
keyrussa,keyrussa,https://keyrussa.bamboohr.com/careers
oxipitalai,oxipitalai,https://oxipitalai.bamboohr.com/careers
pathways,pathways,https://pathways.bamboohr.com/careers
totalis,totalis,https://totalis.bamboohr.com/careers
americandatanetwork,americandatanetwork,https://americandatanetwork.bamboohr.com/careers
broadviewnetworks,broadviewnetworks,https://broadviewnetworks.bamboohr.com/careers
campharborview,campharborview,https://campharborview.bamboohr.com/careers
finsana,finsana,https://finsana.bamboohr.com/careers
hcahamilton,hcahamilton,https://hcahamilton.bamboohr.com/careers
nerdware,nerdware,https://nerdware.bamboohr.com/careers
rcdrv,rcdrv,https://rcdrv.bamboohr.com/careers
blackmountainroadpet,blackmountainroadpet,https://blackmountainroadpet.bamboohr.com/careers
gambyt,gambyt,https://gambyt.bamboohr.com/careers
teslarsoftware,teslarsoftware,https://teslarsoftware.bamboohr.com/careers
baptist,baptist,https://baptist.bamboohr.com/careers
g2cap,g2cap,https://g2cap.bamboohr.com/careers
matpelbuilders,matpelbuilders,https://matpelbuilders.bamboohr.com/careers
nwra,nwra,https://nwra.bamboohr.com/careers
ottawasenators,ottawasenators,https://ottawasenators.bamboohr.com/careers
sarssm,sarssm,https://sarssm.bamboohr.com/careers
cfe,cfe,https://cfe.bamboohr.com/careers
crossroadshealth,crossroadshealth,https://crossroadshealth.bamboohr.com/careers
metrowestnutrition,metrowestnutrition,https://metrowestnutrition.bamboohr.com/careers
relaxgaming,relaxgaming,https://relaxgaming.bamboohr.com/careers
spinielloco,spinielloco,https://spinielloco.bamboohr.com/careers
stichtingicfg,stichtingicfg,https://stichtingicfg.bamboohr.com/careers
teamturnkey,teamturnkey,https://teamturnkey.bamboohr.com/careers
bxcc,bxcc,https://bxcc.bamboohr.com/careers
coralbeachandtennisclub,coralbeachandtennisclub,https://coralbeachandtennisclub.bamboohr.com/careers
embers,embers,https://embers.bamboohr.com/careers
mednetworkak,mednetworkak,https://mednetworkak.bamboohr.com/careers
compgihealth,compgihealth,https://compgihealth.bamboohr.com/careers
grey,grey,https://grey.bamboohr.com/careers
kirkmarket,kirkmarket,https://kirkmarket.bamboohr.com/careers
proximity,proximity,https://proximity.bamboohr.com/careers
firrp,firrp,https://firrp.bamboohr.com/careers
nationaldelivery,nationaldelivery,https://nationaldelivery.bamboohr.com/careers
peariverelectric,peariverelectric,https://peariverelectric.bamboohr.com/careers
vidoshnorth,vidoshnorth,https://vidoshnorth.bamboohr.com/careers
colden,colden,https://colden.bamboohr.com/careers
extracellular,extracellular,https://extracellular.bamboohr.com/careers
hubtechnologysolutions,hubtechnologysolutions,https://hubtechnologysolutions.bamboohr.com/careers
krazy,krazy,https://krazy.bamboohr.com/careers
oakmi,oakmi,https://oakmi.bamboohr.com/careers
securis,securis,https://securis.bamboohr.com/careers
cachet,cachet,https://cachet.bamboohr.com/careers
ethos,ethos,https://ethos.bamboohr.com/careers
madeincookware,madeincookware,https://madeincookware.bamboohr.com/careers
softube,softube,https://softube.bamboohr.com/careers
fredrogers,fredrogers,https://fredrogers.bamboohr.com/careers
maishameds,maishameds,https://maishameds.bamboohr.com/careers
marblehead,marblehead,https://marblehead.bamboohr.com/careers
ncns,ncns,https://ncns.bamboohr.com/careers
spreporting,spreporting,https://spreporting.bamboohr.com/careers
ascentprostaff,ascentprostaff,https://ascentprostaff.bamboohr.com/careers
bahras,bahras,https://bahras.bamboohr.com/careers
cfvc,cfvc,https://cfvc.bamboohr.com/careers
graberpost,graberpost,https://graberpost.bamboohr.com/careers
illuminatefinancial,illuminatefinancial,https://illuminatefinancial.bamboohr.com/careers
nicindustries,nicindustries,https://nicindustries.bamboohr.com/careers
aaalandscape,aaalandscape,https://aaalandscape.bamboohr.com/careers
banac,banac,https://banac.bamboohr.com/careers
eastlandfood,eastlandfood,https://eastlandfood.bamboohr.com/careers
p38,p38,https://p38.bamboohr.com/careers
techcyte,techcyte,https://techcyte.bamboohr.com/careers
crinsurance,crinsurance,https://crinsurance.bamboohr.com/careers
piwapan,piwapan,https://piwapan.bamboohr.com/careers
thecpin,thecpin,https://thecpin.bamboohr.com/careers
timoneygroup,timoneygroup,https://timoneygroup.bamboohr.com/careers
vantagelogistics,vantagelogistics,https://vantagelogistics.bamboohr.com/careers
ywcautah,ywcautah,https://ywcautah.bamboohr.com/careers
boldprogressives,boldprogressives,https://boldprogressives.bamboohr.com/careers
dpworldvancouver,dpworldvancouver,https://dpworldvancouver.bamboohr.com/careers
goldenstate,goldenstate,https://goldenstate.bamboohr.com/careers
hotelbethlehem,hotelbethlehem,https://hotelbethlehem.bamboohr.com/careers
jbssolutions,jbssolutions,https://jbssolutions.bamboohr.com/careers
sekon,sekon,https://sekon.bamboohr.com/careers
dorepartnership,dorepartnership,https://dorepartnership.bamboohr.com/careers
gfainc,gfainc,https://gfainc.bamboohr.com/careers
lambertandassociates,lambertandassociates,https://lambertandassociates.bamboohr.com/careers
equilliumbio,equilliumbio,https://equilliumbio.bamboohr.com/careers
getrepowered,getrepowered,https://getrepowered.bamboohr.com/careers
grubtech,grubtech,https://grubtech.bamboohr.com/careers
pmgintelligence,pmgintelligence,https://pmgintelligence.bamboohr.com/careers
justo,justo,https://justo.bamboohr.com/careers
scorpiogroup,scorpiogroup,https://scorpiogroup.bamboohr.com/careers
serolife,serolife,https://serolife.bamboohr.com/careers
cambridgeaudio,cambridgeaudio,https://cambridgeaudio.bamboohr.com/careers
helmes,helmes,https://helmes.bamboohr.com/careers
newfts,newfts,https://newfts.bamboohr.com/careers
preventionworks,preventionworks,https://preventionworks.bamboohr.com/careers
responselabs,responselabs,https://responselabs.bamboohr.com/careers
ysm,ysm,https://ysm.bamboohr.com/careers
newicon,newicon,https://newicon.bamboohr.com/careers
ingotbrokers,ingotbrokers,https://ingotbrokers.bamboohr.com/careers
beauregard,beauregard,https://beauregard.bamboohr.com/careers
openstay,openstay,https://openstay.bamboohr.com/careers
abortionfunds,abortionfunds,https://abortionfunds.bamboohr.com/careers
cookbrothersbars,cookbrothersbars,https://cookbrothersbars.bamboohr.com/careers
fuel,fuel,https://fuel.bamboohr.com/careers
woodbridgehomes,woodbridgehomes,https://woodbridgehomes.bamboohr.com/careers
greenlightworldwide,greenlightworldwide,https://greenlightworldwide.bamboohr.com/careers
jmelectronicengineering,jmelectronicengineering,https://jmelectronicengineering.bamboohr.com/careers
openenglish,openenglish,https://openenglish.bamboohr.com/careers
pliant,pliant,https://pliant.bamboohr.com/careers
thompsonriverlumber,thompsonriverlumber,https://thompsonriverlumber.bamboohr.com/careers
awcc,awcc,https://awcc.bamboohr.com/careers
questel,questel,https://questel.bamboohr.com/careers
utg,utg,https://utg.bamboohr.com/careers
fiscalfx,fiscalfx,https://fiscalfx.bamboohr.com/careers
neservices,neservices,https://neservices.bamboohr.com/careers
greenspacerecycling,greenspacerecycling,https://greenspacerecycling.bamboohr.com/careers
singlesourcesystems,singlesourcesystems,https://singlesourcesystems.bamboohr.com/careers
aquanty,aquanty,https://aquanty.bamboohr.com/careers
bridgephilanthropicconsulting,bridgephilanthropicconsulting,https://bridgephilanthropicconsulting.bamboohr.com/careers
pdrvirginia,pdrvirginia,https://pdrvirginia.bamboohr.com/careers
slite,slite,https://slite.bamboohr.com/careers
homefirstservices,homefirstservices,https://homefirstservices.bamboohr.com/careers
supportersdk,supportersdk,https://supportersdk.bamboohr.com/careers
kingsway,kingsway,https://kingsway.bamboohr.com/careers
mustardseedca,mustardseedca,https://mustardseedca.bamboohr.com/careers
allout,allout,https://allout.bamboohr.com/careers
proximitydesigns,proximitydesigns,https://proximitydesigns.bamboohr.com/careers
stewarttalent,stewarttalent,https://stewarttalent.bamboohr.com/careers
devnw,devnw,https://devnw.bamboohr.com/careers
shimanoaustralia,shimanoaustralia,https://shimanoaustralia.bamboohr.com/careers
versasec,versasec,https://versasec.bamboohr.com/careers
insurancecaredirect,insurancecaredirect,https://insurancecaredirect.bamboohr.com/careers
openmindt,openmindt,https://openmindt.bamboohr.com/careers
spartancarriergroup,spartancarriergroup,https://spartancarriergroup.bamboohr.com/careers
hsnri,hsnri,https://hsnri.bamboohr.com/careers
10web,10web,https://10web.bamboohr.com/careers
firstcareservices,firstcareservices,https://firstcareservices.bamboohr.com/careers
iar,iar,https://iar.bamboohr.com/careers
3fs,3fs,https://3fs.bamboohr.com/careers
fcchudson,fcchudson,https://fcchudson.bamboohr.com/careers
solutionsdriven,solutionsdriven,https://solutionsdriven.bamboohr.com/careers
cabinforestry,cabinforestry,https://cabinforestry.bamboohr.com/careers
conetec,conetec,https://conetec.bamboohr.com/careers
lemonio,lemonio,https://lemonio.bamboohr.com/careers
qualityworksconsulting,qualityworksconsulting,https://qualityworksconsulting.bamboohr.com/careers
bvifinance,bvifinance,https://bvifinance.bamboohr.com/careers
venn,venn,https://venn.bamboohr.com/careers
ccem,ccem,https://ccem.bamboohr.com/careers
thesource,thesource,https://thesource.bamboohr.com/careers
nozebra,nozebra,https://nozebra.bamboohr.com/careers
constantine,constantine,https://constantine.bamboohr.com/careers
supremeservices,supremeservices,https://supremeservices.bamboohr.com/careers
medstarambulance,medstarambulance,https://medstarambulance.bamboohr.com/careers
missionagency,missionagency,https://missionagency.bamboohr.com/careers
cydaptivsolutions,cydaptivsolutions,https://cydaptivsolutions.bamboohr.com/careers
threesixtygroup,threesixtygroup,https://threesixtygroup.bamboohr.com/careers
clgs,clgs,https://clgs.bamboohr.com/careers
rr46,rr46,https://rr46.bamboohr.com/careers
gospooky,gospooky,https://gospooky.bamboohr.com/careers
kubermatic,kubermatic,https://kubermatic.bamboohr.com/careers
foodhero,foodhero,https://foodhero.bamboohr.com/careers
sunshinegospel,sunshinegospel,https://sunshinegospel.bamboohr.com/careers
calvoices,calvoices,https://calvoices.bamboohr.com/careers
knickerbockergroup,knickerbockergroup,https://knickerbockergroup.bamboohr.com/careers
cortina,cortina,https://cortina.bamboohr.com/careers
leevin,leevin,https://leevin.bamboohr.com/careers
venture,venture,https://venture.bamboohr.com/careers
bedc,bedc,https://bedc.bamboohr.com/careers
calartscap,calartscap,https://calartscap.bamboohr.com/careers
jmanuelparis,jmanuelparis,https://jmanuelparis.bamboohr.com/careers
pchs,pchs,https://pchs.bamboohr.com/careers
prezi,prezi,https://prezi.bamboohr.com/careers
mordencollege,mordencollege,https://mordencollege.bamboohr.com/careers
imagecarecenters,imagecarecenters,https://imagecarecenters.bamboohr.com/careers
newkd,newkd,https://newkd.bamboohr.com/careers
seakeeper,seakeeper,https://seakeeper.bamboohr.com/careers
ventientenergy,ventientenergy,https://ventientenergy.bamboohr.com/careers
impactenv,impactenv,https://impactenv.bamboohr.com/careers
veriday,veriday,https://veriday.bamboohr.com/careers
apadventista,apadventista,https://apadventista.bamboohr.com/careers
bonnessinc,bonnessinc,https://bonnessinc.bamboohr.com/careers
cloudsmith,cloudsmith,https://cloudsmith.bamboohr.com/careers
pandagm,pandagm,https://pandagm.bamboohr.com/careers
athenastudio,athenastudio,https://athenastudio.bamboohr.com/careers
milrem,milrem,https://milrem.bamboohr.com/careers
obyteshr,obyteshr,https://obyteshr.bamboohr.com/careers
sparsolutions,sparsolutions,https://sparsolutions.bamboohr.com/careers
sscva,sscva,https://sscva.bamboohr.com/careers
globalland,globalland,https://globalland.bamboohr.com/careers
claritycx,claritycx,https://claritycx.bamboohr.com/careers
lanubiaconsult,lanubiaconsult,https://lanubiaconsult.bamboohr.com/careers
lbphd,lbphd,https://lbphd.bamboohr.com/careers
avaindustries,avaindustries,https://avaindustries.bamboohr.com/careers
dymin,dymin,https://dymin.bamboohr.com/careers
greatamericanmediaservices,greatamericanmediaservices,https://greatamericanmediaservices.bamboohr.com/careers
ccawpa,ccawpa,https://ccawpa.bamboohr.com/careers
christireece,christireece,https://christireece.bamboohr.com/careers
fourgen,fourgen,https://fourgen.bamboohr.com/careers
cacjamaica,cacjamaica,https://cacjamaica.bamboohr.com/careers
heimdalsecurity,heimdalsecurity,https://heimdalsecurity.bamboohr.com/careers
hotelco51,hotelco51,https://hotelco51.bamboohr.com/careers
premiermarketing,premiermarketing,https://premiermarketing.bamboohr.com/careers
sbcfs,sbcfs,https://sbcfs.bamboohr.com/careers
arkeabio,arkeabio,https://arkeabio.bamboohr.com/careers
designeradvantage,designeradvantage,https://designeradvantage.bamboohr.com/careers
globalfundforwomen,globalfundforwomen,https://globalfundforwomen.bamboohr.com/careers
phe,phe,https://phe.bamboohr.com/careers
pacific,pacific,https://pacific.bamboohr.com/careers
tggaccounting,tggaccounting,https://tggaccounting.bamboohr.com/careers
genpride,genpride,https://genpride.bamboohr.com/careers
consulum,consulum,https://consulum.bamboohr.com/careers
gleim,gleim,https://gleim.bamboohr.com/careers
beadindustries,beadindustries,https://beadindustries.bamboohr.com/careers
alabamapublictv,alabamapublictv,https://alabamapublictv.bamboohr.com/careers
americansunited,americansunited,https://americansunited.bamboohr.com/careers
paladininc,paladininc,https://paladininc.bamboohr.com/careers
portofskagit,portofskagit,https://portofskagit.bamboohr.com/careers
tyto,tyto,https://tyto.bamboohr.com/careers
agriconnect,agriconnect,https://agriconnect.bamboohr.com/careers
amadeuscapitalaccount,amadeuscapitalaccount,https://amadeuscapitalaccount.bamboohr.com/careers
americanalpineclub,americanalpineclub,https://americanalpineclub.bamboohr.com/careers
covechurchministries,covechurchministries,https://covechurchministries.bamboohr.com/careers
emoryday,emoryday,https://emoryday.bamboohr.com/careers
foodhub,foodhub,https://foodhub.bamboohr.com/careers
cdcyukon,cdcyukon,https://cdcyukon.bamboohr.com/careers
p3group,p3group,https://p3group.bamboohr.com/careers
amgmed,amgmed,https://amgmed.bamboohr.com/careers
elitecamps,elitecamps,https://elitecamps.bamboohr.com/careers
inheritingearth,inheritingearth,https://inheritingearth.bamboohr.com/careers
mcfn,mcfn,https://mcfn.bamboohr.com/careers
nsifoods,nsifoods,https://nsifoods.bamboohr.com/careers
spacecentre,spacecentre,https://spacecentre.bamboohr.com/careers
voigtie,voigtie,https://voigtie.bamboohr.com/careers
payrange,payrange,https://payrange.bamboohr.com/careers
xata,xata,https://xata.bamboohr.com/careers
classicfls,classicfls,https://classicfls.bamboohr.com/careers
wha1,wha1,https://wha1.bamboohr.com/careers
lootrentals,lootrentals,https://lootrentals.bamboohr.com/careers
1stforawarding,1stforawarding,https://1stforawarding.bamboohr.com/careers
ensiteusa,ensiteusa,https://ensiteusa.bamboohr.com/careers
matter,matter,https://matter.bamboohr.com/careers
grapecityindia,grapecityindia,https://grapecityindia.bamboohr.com/careers
farharoofing,farharoofing,https://farharoofing.bamboohr.com/careers
monarchfamilyservices,monarchfamilyservices,https://monarchfamilyservices.bamboohr.com/careers
spc1,spc1,https://spc1.bamboohr.com/careers
gbdevco,gbdevco,https://gbdevco.bamboohr.com/careers
maestrotech,maestrotech,https://maestrotech.bamboohr.com/careers
creditbook,creditbook,https://creditbook.bamboohr.com/careers
greenlifeenergy,greenlifeenergy,https://greenlifeenergy.bamboohr.com/careers
tcypher,tcypher,https://tcypher.bamboohr.com/careers
parkview,parkview,https://parkview.bamboohr.com/careers
stellarcare,stellarcare,https://stellarcare.bamboohr.com/careers
worldreader,worldreader,https://worldreader.bamboohr.com/careers
lifeinsight,lifeinsight,https://lifeinsight.bamboohr.com/careers
pinehavenfarm,pinehavenfarm,https://pinehavenfarm.bamboohr.com/careers
azayaranch,azayaranch,https://azayaranch.bamboohr.com/careers
filamentgames,filamentgames,https://filamentgames.bamboohr.com/careers
truspace,truspace,https://truspace.bamboohr.com/careers
powervision,powervision,https://powervision.bamboohr.com/careers
artbio,artbio,https://artbio.bamboohr.com/careers
beyondexpectation,beyondexpectation,https://beyondexpectation.bamboohr.com/careers
ageofunion,ageofunion,https://ageofunion.bamboohr.com/careers
sistemaaccount,sistemaaccount,https://sistemaaccount.bamboohr.com/careers
regionalgroup,regionalgroup,https://regionalgroup.bamboohr.com/careers
syrcl,syrcl,https://syrcl.bamboohr.com/careers
acino,acino,https://acino.bamboohr.com/careers
delinebox,delinebox,https://delinebox.bamboohr.com/careers
housingassistance,housingassistance,https://housingassistance.bamboohr.com/careers
lemonskystudios,lemonskystudios,https://lemonskystudios.bamboohr.com/careers
timezest,timezest,https://timezest.bamboohr.com/careers
kohr,kohr,https://kohr.bamboohr.com/careers
servicetec,servicetec,https://servicetec.bamboohr.com/careers
vaccibody,vaccibody,https://vaccibody.bamboohr.com/careers
industriallouvers,industriallouvers,https://industriallouvers.bamboohr.com/careers
mvaz,mvaz,https://mvaz.bamboohr.com/careers
greenco,greenco,https://greenco.bamboohr.com/careers
theharbourschool,theharbourschool,https://theharbourschool.bamboohr.com/careers
zephyrtoolgroup,zephyrtoolgroup,https://zephyrtoolgroup.bamboohr.com/careers
awh,awh,https://awh.bamboohr.com/careers
centralchurch,centralchurch,https://centralchurch.bamboohr.com/careers
chickaloon,chickaloon,https://chickaloon.bamboohr.com/careers
mrjohnpit,mrjohnpit,https://mrjohnpit.bamboohr.com/careers
headspin,headspin,https://headspin.bamboohr.com/careers
herbalgoodness,herbalgoodness,https://herbalgoodness.bamboohr.com/careers
nourishinghopechi,nourishinghopechi,https://nourishinghopechi.bamboohr.com/careers
secondmind,secondmind,https://secondmind.bamboohr.com/careers
bnktothefuture,bnktothefuture,https://bnktothefuture.bamboohr.com/careers
mdn,mdn,https://mdn.bamboohr.com/careers
coyoterock,coyoterock,https://coyoterock.bamboohr.com/careers
butlerlaw,butlerlaw,https://butlerlaw.bamboohr.com/careers
givecloud,givecloud,https://givecloud.bamboohr.com/careers
prospect,prospect,https://prospect.bamboohr.com/careers
cmhawecb,cmhawecb,https://cmhawecb.bamboohr.com/careers
gigastar,gigastar,https://gigastar.bamboohr.com/careers
nonviolentpeaceforce,nonviolentpeaceforce,https://nonviolentpeaceforce.bamboohr.com/careers
orbitapps,orbitapps,https://orbitapps.bamboohr.com/careers
fortehealth,fortehealth,https://fortehealth.bamboohr.com/careers
ibsco,ibsco,https://ibsco.bamboohr.com/careers
byassociationonly,byassociationonly,https://byassociationonly.bamboohr.com/careers
ddcos,ddcos,https://ddcos.bamboohr.com/careers
svdpdisaster,svdpdisaster,https://svdpdisaster.bamboohr.com/careers
eltropy,eltropy,https://eltropy.bamboohr.com/careers
junipercreates,junipercreates,https://junipercreates.bamboohr.com/careers
navipartner,navipartner,https://navipartner.bamboohr.com/careers
pexapark,pexapark,https://pexapark.bamboohr.com/careers
pyramidtransport,pyramidtransport,https://pyramidtransport.bamboohr.com/careers
daso,daso,https://daso.bamboohr.com/careers
ensurge,ensurge,https://ensurge.bamboohr.com/careers
foxgroupcanada,foxgroupcanada,https://foxgroupcanada.bamboohr.com/careers
braintrusttutors,braintrusttutors,https://braintrusttutors.bamboohr.com/careers
chgroup,chgroup,https://chgroup.bamboohr.com/careers
shifttransit,shifttransit,https://shifttransit.bamboohr.com/careers
knappett,knappett,https://knappett.bamboohr.com/careers
webreality,webreality,https://webreality.bamboohr.com/careers
spalah,spalah,https://spalah.bamboohr.com/careers
cheryindustrial,cheryindustrial,https://cheryindustrial.bamboohr.com/careers
coolchurch,coolchurch,https://coolchurch.bamboohr.com/careers
designs,designs,https://designs.bamboohr.com/careers
starcjc,starcjc,https://starcjc.bamboohr.com/careers
verticalscope,verticalscope,https://verticalscope.bamboohr.com/careers
foodpeople,foodpeople,https://foodpeople.bamboohr.com/careers
radianaerospace,radianaerospace,https://radianaerospace.bamboohr.com/careers
anmut,anmut,https://anmut.bamboohr.com/careers
bostonlyricopera,bostonlyricopera,https://bostonlyricopera.bamboohr.com/careers
kinsley,kinsley,https://kinsley.bamboohr.com/careers
sfo,sfo,https://sfo.bamboohr.com/careers
theheinzendowments,theheinzendowments,https://theheinzendowments.bamboohr.com/careers
accesssupportnetwork,accesssupportnetwork,https://accesssupportnetwork.bamboohr.com/careers
oicr,oicr,https://oicr.bamboohr.com/careers
bga,bga,https://bga.bamboohr.com/careers
etr,etr,https://etr.bamboohr.com/careers
finbourne,finbourne,https://finbourne.bamboohr.com/careers
gatewayvet,gatewayvet,https://gatewayvet.bamboohr.com/careers
itsolutionsco,itsolutionsco,https://itsolutionsco.bamboohr.com/careers
quantumdice,quantumdice,https://quantumdice.bamboohr.com/careers
safetrust,safetrust,https://safetrust.bamboohr.com/careers
aqueoussolutions,aqueoussolutions,https://aqueoussolutions.bamboohr.com/careers
mutualone,mutualone,https://mutualone.bamboohr.com/careers
sungas,sungas,https://sungas.bamboohr.com/careers
syntasauk,syntasauk,https://syntasauk.bamboohr.com/careers
ymcacayman,ymcacayman,https://ymcacayman.bamboohr.com/careers
jcescvla,jcescvla,https://jcescvla.bamboohr.com/careers
kaydongroup,kaydongroup,https://kaydongroup.bamboohr.com/careers
odonata,odonata,https://odonata.bamboohr.com/careers
pasedfoundation,pasedfoundation,https://pasedfoundation.bamboohr.com/careers
bcinvasives,bcinvasives,https://bcinvasives.bamboohr.com/careers
ekohe,ekohe,https://ekohe.bamboohr.com/careers
carlsmed,carlsmed,https://carlsmed.bamboohr.com/careers
finnomena,finnomena,https://finnomena.bamboohr.com/careers
dizolve,dizolve,https://dizolve.bamboohr.com/careers
kitchenmag,kitchenmag,https://kitchenmag.bamboohr.com/careers
rhinox,rhinox,https://rhinox.bamboohr.com/careers
rainbowvillage,rainbowvillage,https://rainbowvillage.bamboohr.com/careers
brighthope,brighthope,https://brighthope.bamboohr.com/careers
hireops,hireops,https://hireops.bamboohr.com/careers
livwellchs,livwellchs,https://livwellchs.bamboohr.com/careers
myccu,myccu,https://myccu.bamboohr.com/careers
sharedvaluesolutions,sharedvaluesolutions,https://sharedvaluesolutions.bamboohr.com/careers
enscharterschool,enscharterschool,https://enscharterschool.bamboohr.com/careers
fossilfuelnpt,fossilfuelnpt,https://fossilfuelnpt.bamboohr.com/careers
maropost,maropost,https://maropost.bamboohr.com/careers
sealeharris,sealeharris,https://sealeharris.bamboohr.com/careers
catface,catface,https://catface.bamboohr.com/careers
siouxmanufacturing,siouxmanufacturing,https://siouxmanufacturing.bamboohr.com/careers
aoasis,aoasis,https://aoasis.bamboohr.com/careers
bdozambia,bdozambia,https://bdozambia.bamboohr.com/careers
hsvarc,hsvarc,https://hsvarc.bamboohr.com/careers
makorecruiting,makorecruiting,https://makorecruiting.bamboohr.com/careers
3ap,3ap,https://3ap.bamboohr.com/careers
asuresoftware,asuresoftware,https://asuresoftware.bamboohr.com/careers
careertech,careertech,https://careertech.bamboohr.com/careers
cfci,cfci,https://cfci.bamboohr.com/careers
thirdspaceproperties,thirdspaceproperties,https://thirdspaceproperties.bamboohr.com/careers
vividmachines,vividmachines,https://vividmachines.bamboohr.com/careers
barrinc,barrinc,https://barrinc.bamboohr.com/careers
krfr,krfr,https://krfr.bamboohr.com/careers
countyrescueservices,countyrescueservices,https://countyrescueservices.bamboohr.com/careers
geospectrum,geospectrum,https://geospectrum.bamboohr.com/careers
lupl,lupl,https://lupl.bamboohr.com/careers
rapidratings,rapidratings,https://rapidratings.bamboohr.com/careers
smosh,smosh,https://smosh.bamboohr.com/careers
spearbio,spearbio,https://spearbio.bamboohr.com/careers
prci,prci,https://prci.bamboohr.com/careers
fontisenergy,fontisenergy,https://fontisenergy.bamboohr.com/careers
korumlegal,korumlegal,https://korumlegal.bamboohr.com/careers
minneolahealth,minneolahealth,https://minneolahealth.bamboohr.com/careers
wallop,wallop,https://wallop.bamboohr.com/careers
intellecteu,intellecteu,https://intellecteu.bamboohr.com/careers
aicdac,aicdac,https://aicdac.bamboohr.com/careers
cjc,cjc,https://cjc.bamboohr.com/careers
hillsidefellowship,hillsidefellowship,https://hillsidefellowship.bamboohr.com/careers
jacksonthornton,jacksonthornton,https://jacksonthornton.bamboohr.com/careers
johnmcneilstudio,johnmcneilstudio,https://johnmcneilstudio.bamboohr.com/careers
qehome,qehome,https://qehome.bamboohr.com/careers
cressetgroup,cressetgroup,https://cressetgroup.bamboohr.com/careers
homesforgood,homesforgood,https://homesforgood.bamboohr.com/careers
mbcparksrec,mbcparksrec,https://mbcparksrec.bamboohr.com/careers
rei,rei,https://rei.bamboohr.com/careers
absci,absci,https://absci.bamboohr.com/careers
channelassistca,channelassistca,https://channelassistca.bamboohr.com/careers
wcwcd,wcwcd,https://wcwcd.bamboohr.com/careers
clarkconstruct,clarkconstruct,https://clarkconstruct.bamboohr.com/careers
pughcpas,pughcpas,https://pughcpas.bamboohr.com/careers
iownit,iownit,https://iownit.bamboohr.com/careers
agua,agua,https://agua.bamboohr.com/careers
avanzallc,avanzallc,https://avanzallc.bamboohr.com/careers
gralpharchitect,gralpharchitect,https://gralpharchitect.bamboohr.com/careers
kandou,kandou,https://kandou.bamboohr.com/careers
thomasjpaul,thomasjpaul,https://thomasjpaul.bamboohr.com/careers
smartfrogandcanary,smartfrogandcanary,https://smartfrogandcanary.bamboohr.com/careers
absedu,absedu,https://absedu.bamboohr.com/careers
bricartsmedia,bricartsmedia,https://bricartsmedia.bamboohr.com/careers
impalastudios,impalastudios,https://impalastudios.bamboohr.com/careers
merciaassetmanagement,merciaassetmanagement,https://merciaassetmanagement.bamboohr.com/careers
ngaiteranginz,ngaiteranginz,https://ngaiteranginz.bamboohr.com/careers
quandri,quandri,https://quandri.bamboohr.com/careers
resaroai,resaroai,https://resaroai.bamboohr.com/careers
greenschool,greenschool,https://greenschool.bamboohr.com/careers
learningforward,learningforward,https://learningforward.bamboohr.com/careers
pollination,pollination,https://pollination.bamboohr.com/careers
ilgpa,ilgpa,https://ilgpa.bamboohr.com/careers
michif,michif,https://michif.bamboohr.com/careers
securonix,securonix,https://securonix.bamboohr.com/careers
anthonyharper,anthonyharper,https://anthonyharper.bamboohr.com/careers
mytbas,mytbas,https://mytbas.bamboohr.com/careers
wpgov,wpgov,https://wpgov.bamboohr.com/careers
accessnow,accessnow,https://accessnow.bamboohr.com/careers
crownautogroup,crownautogroup,https://crownautogroup.bamboohr.com/careers
newmomsinc,newmomsinc,https://newmomsinc.bamboohr.com/careers
anchorqea,anchorqea,https://anchorqea.bamboohr.com/careers
bontonassociates,bontonassociates,https://bontonassociates.bamboohr.com/careers
lawsocietyie,lawsocietyie,https://lawsocietyie.bamboohr.com/careers
urang,urang,https://urang.bamboohr.com/careers
alicetechnologies,alicetechnologies,https://alicetechnologies.bamboohr.com/careers
financeincorporated,financeincorporated,https://financeincorporated.bamboohr.com/careers
sfcb,sfcb,https://sfcb.bamboohr.com/careers
bvitourism,bvitourism,https://bvitourism.bamboohr.com/careers
pndengineers1,pndengineers1,https://pndengineers1.bamboohr.com/careers
dnadesign,dnadesign,https://dnadesign.bamboohr.com/careers
fsstechnologies,fsstechnologies,https://fsstechnologies.bamboohr.com/careers
gradient,gradient,https://gradient.bamboohr.com/careers
kac,kac,https://kac.bamboohr.com/careers
soas,soas,https://soas.bamboohr.com/careers
demersbeaulne,demersbeaulne,https://demersbeaulne.bamboohr.com/careers
douglaspcs,douglaspcs,https://douglaspcs.bamboohr.com/careers
e360,e360,https://e360.bamboohr.com/careers
fusethree,fusethree,https://fusethree.bamboohr.com/careers
qs,qs,https://qs.bamboohr.com/careers
arksen,arksen,https://arksen.bamboohr.com/careers
girlsincofchicago,girlsincofchicago,https://girlsincofchicago.bamboohr.com/careers
goldenstatecider,goldenstatecider,https://goldenstatecider.bamboohr.com/careers
tourismemtl,tourismemtl,https://tourismemtl.bamboohr.com/careers
1stmile,1stmile,https://1stmile.bamboohr.com/careers
eptec,eptec,https://eptec.bamboohr.com/careers
fatiguescience,fatiguescience,https://fatiguescience.bamboohr.com/careers
kobalt,kobalt,https://kobalt.bamboohr.com/careers
faithlife,faithlife,https://faithlife.bamboohr.com/careers
sonatafytechnology,sonatafytechnology,https://sonatafytechnology.bamboohr.com/careers
alminerech,alminerech,https://alminerech.bamboohr.com/careers
avjet,avjet,https://avjet.bamboohr.com/careers
materialexchange,materialexchange,https://materialexchange.bamboohr.com/careers
akinox,akinox,https://akinox.bamboohr.com/careers
allinenergy,allinenergy,https://allinenergy.bamboohr.com/careers
eco,eco,https://eco.bamboohr.com/careers
everymanjack,everymanjack,https://everymanjack.bamboohr.com/careers
loka,loka,https://loka.bamboohr.com/careers
mcprep,mcprep,https://mcprep.bamboohr.com/careers
idex,idex,https://idex.bamboohr.com/careers
refractionpoint,refractionpoint,https://refractionpoint.bamboohr.com/careers
summitproducts,summitproducts,https://summitproducts.bamboohr.com/careers
maxbetonline,maxbetonline,https://maxbetonline.bamboohr.com/careers
reorbit,reorbit,https://reorbit.bamboohr.com/careers
businessinstincts,businessinstincts,https://businessinstincts.bamboohr.com/careers
galenband,galenband,https://galenband.bamboohr.com/careers
discoursemedia,discoursemedia,https://discoursemedia.bamboohr.com/careers
enviolo,enviolo,https://enviolo.bamboohr.com/careers
gladstone,gladstone,https://gladstone.bamboohr.com/careers
issueonereform,issueonereform,https://issueonereform.bamboohr.com/careers
roclub,roclub,https://roclub.bamboohr.com/careers
evolutionwellnessnc,evolutionwellnessnc,https://evolutionwellnessnc.bamboohr.com/careers
ffoxservices,ffoxservices,https://ffoxservices.bamboohr.com/careers
laprc,laprc,https://laprc.bamboohr.com/careers
cxfort,cxfort,https://cxfort.bamboohr.com/careers
earthoptics,earthoptics,https://earthoptics.bamboohr.com/careers
impactcs,impactcs,https://impactcs.bamboohr.com/careers
logmet,logmet,https://logmet.bamboohr.com/careers
jrandco,jrandco,https://jrandco.bamboohr.com/careers
prominentedge,prominentedge,https://prominentedge.bamboohr.com/careers
synergysettlements,synergysettlements,https://synergysettlements.bamboohr.com/careers
whca,whca,https://whca.bamboohr.com/careers
demariabuildingcompany,demariabuildingcompany,https://demariabuildingcompany.bamboohr.com/careers
pivothr,pivothr,https://pivothr.bamboohr.com/careers
cassini,cassini,https://cassini.bamboohr.com/careers
beverlysbirthdays,beverlysbirthdays,https://beverlysbirthdays.bamboohr.com/careers
phase3mc,phase3mc,https://phase3mc.bamboohr.com/careers
hardyserv,hardyserv,https://hardyserv.bamboohr.com/careers
mytlc,mytlc,https://mytlc.bamboohr.com/careers
sagesse,sagesse,https://sagesse.bamboohr.com/careers
intuitsolutions,intuitsolutions,https://intuitsolutions.bamboohr.com/careers
peninsulacleanenergy,peninsulacleanenergy,https://peninsulacleanenergy.bamboohr.com/careers
spottersecurityinc,spottersecurityinc,https://spottersecurityinc.bamboohr.com/careers
bigstonecounty,bigstonecounty,https://bigstonecounty.bamboohr.com/careers
danacole,danacole,https://danacole.bamboohr.com/careers
houstonlandscapesetc,houstonlandscapesetc,https://houstonlandscapesetc.bamboohr.com/careers
nftcouncil,nftcouncil,https://nftcouncil.bamboohr.com/careers
rabbies,rabbies,https://rabbies.bamboohr.com/careers
checkcenters,checkcenters,https://checkcenters.bamboohr.com/careers
miquido,miquido,https://miquido.bamboohr.com/careers
centralvalleyelectric,centralvalleyelectric,https://centralvalleyelectric.bamboohr.com/careers
jamboree,jamboree,https://jamboree.bamboohr.com/careers
kredi,kredi,https://kredi.bamboohr.com/careers
biophorum,biophorum,https://biophorum.bamboohr.com/careers
sonomalandtrust,sonomalandtrust,https://sonomalandtrust.bamboohr.com/careers
zgmemployees,zgmemployees,https://zgmemployees.bamboohr.com/careers
cancersupportcommunity,cancersupportcommunity,https://cancersupportcommunity.bamboohr.com/careers
taytosnacks,taytosnacks,https://taytosnacks.bamboohr.com/careers
clemonsmgmt,clemonsmgmt,https://clemonsmgmt.bamboohr.com/careers
currenxie,currenxie,https://currenxie.bamboohr.com/careers
loweswholesale,loweswholesale,https://loweswholesale.bamboohr.com/careers
wep,wep,https://wep.bamboohr.com/careers
rcmtransport,rcmtransport,https://rcmtransport.bamboohr.com/careers
birdscanada,birdscanada,https://birdscanada.bamboohr.com/careers
arctiq,arctiq,https://arctiq.bamboohr.com/careers
mvmhr,mvmhr,https://mvmhr.bamboohr.com/careers
oversightboard,oversightboard,https://oversightboard.bamboohr.com/careers
benjipays3,benjipays3,https://benjipays3.bamboohr.com/careers
cleantekinc,cleantekinc,https://cleantekinc.bamboohr.com/careers
ghgsat,ghgsat,https://ghgsat.bamboohr.com/careers
parsectechnologies,parsectechnologies,https://parsectechnologies.bamboohr.com/careers
cygcap,cygcap,https://cygcap.bamboohr.com/careers
foxlogistics,foxlogistics,https://foxlogistics.bamboohr.com/careers
qtcinc,qtcinc,https://qtcinc.bamboohr.com/careers
rebeccakitsonlaw,rebeccakitsonlaw,https://rebeccakitsonlaw.bamboohr.com/careers
tiled,tiled,https://tiled.bamboohr.com/careers
grafixarts,grafixarts,https://grafixarts.bamboohr.com/careers
hellskitchen,hellskitchen,https://hellskitchen.bamboohr.com/careers
ciri,ciri,https://ciri.bamboohr.com/careers
harmonicfundservices,harmonicfundservices,https://harmonicfundservices.bamboohr.com/careers
leighenterprises,leighenterprises,https://leighenterprises.bamboohr.com/careers
xtrm,xtrm,https://xtrm.bamboohr.com/careers
binsentry,binsentry,https://binsentry.bamboohr.com/careers
charitonvalley,charitonvalley,https://charitonvalley.bamboohr.com/careers
fedsoc,fedsoc,https://fedsoc.bamboohr.com/careers
calcasieulibrary,calcasieulibrary,https://calcasieulibrary.bamboohr.com/careers
hillrobinson,hillrobinson,https://hillrobinson.bamboohr.com/careers
initiate,initiate,https://initiate.bamboohr.com/careers
mspbots,mspbots,https://mspbots.bamboohr.com/careers
nourish,nourish,https://nourish.bamboohr.com/careers
teckro,teckro,https://teckro.bamboohr.com/careers
validic,validic,https://validic.bamboohr.com/careers
eystwales,eystwales,https://eystwales.bamboohr.com/careers
mrbway,mrbway,https://mrbway.bamboohr.com/careers
ipd,ipd,https://ipd.bamboohr.com/careers
certifiedangusbeef,certifiedangusbeef,https://certifiedangusbeef.bamboohr.com/careers
digitainsoftware,digitainsoftware,https://digitainsoftware.bamboohr.com/careers
mccallumrock,mccallumrock,https://mccallumrock.bamboohr.com/careers
cmciks,cmciks,https://cmciks.bamboohr.com/careers
copacino,copacino,https://copacino.bamboohr.com/careers
solidaritycenter,solidaritycenter,https://solidaritycenter.bamboohr.com/careers
belaydiagnostics,belaydiagnostics,https://belaydiagnostics.bamboohr.com/careers
equiposoventix,equiposoventix,https://equiposoventix.bamboohr.com/careers
hungerfordproperties,hungerfordproperties,https://hungerfordproperties.bamboohr.com/careers
imhotepcharter,imhotepcharter,https://imhotepcharter.bamboohr.com/careers
keeldigital,keeldigital,https://keeldigital.bamboohr.com/careers
nursiecosmeticsbeauty,nursiecosmeticsbeauty,https://nursiecosmeticsbeauty.bamboohr.com/careers
edgeworks,edgeworks,https://edgeworks.bamboohr.com/careers
fincoreltd,fincoreltd,https://fincoreltd.bamboohr.com/careers
kiln,kiln,https://kiln.bamboohr.com/careers
medelite,medelite,https://medelite.bamboohr.com/careers
thinkkaleidoscope,thinkkaleidoscope,https://thinkkaleidoscope.bamboohr.com/careers
waveaquatics,waveaquatics,https://waveaquatics.bamboohr.com/careers
forwardcareers,forwardcareers,https://forwardcareers.bamboohr.com/careers
audoo,audoo,https://audoo.bamboohr.com/careers
montroseholdings,montroseholdings,https://montroseholdings.bamboohr.com/careers
safransed,safransed,https://safransed.bamboohr.com/careers
evangel,evangel,https://evangel.bamboohr.com/careers
gridbeyond,gridbeyond,https://gridbeyond.bamboohr.com/careers
hunterhealth,hunterhealth,https://hunterhealth.bamboohr.com/careers
jpisolutions,jpisolutions,https://jpisolutions.bamboohr.com/careers
netsweeper,netsweeper,https://netsweeper.bamboohr.com/careers
yellowcard,yellowcard,https://yellowcard.bamboohr.com/careers
plymouthdistrictlibrary,plymouthdistrictlibrary,https://plymouthdistrictlibrary.bamboohr.com/careers
tlaaminfirst,tlaaminfirst,https://tlaaminfirst.bamboohr.com/careers
gs1nz,gs1nz,https://gs1nz.bamboohr.com/careers
netint,netint,https://netint.bamboohr.com/careers
people,people,https://people.bamboohr.com/careers
positrace,positrace,https://positrace.bamboohr.com/careers
yeshouse,yeshouse,https://yeshouse.bamboohr.com/careers
acemetal,acemetal,https://acemetal.bamboohr.com/careers
aspennature,aspennature,https://aspennature.bamboohr.com/careers
friendsofbroomfield,friendsofbroomfield,https://friendsofbroomfield.bamboohr.com/careers
gbta,gbta,https://gbta.bamboohr.com/careers
etika,etika,https://etika.bamboohr.com/careers
jemgroup,jemgroup,https://jemgroup.bamboohr.com/careers
stengelhill,stengelhill,https://stengelhill.bamboohr.com/careers
blackrockresort,blackrockresort,https://blackrockresort.bamboohr.com/careers
calproinspectiongroup,calproinspectiongroup,https://calproinspectiongroup.bamboohr.com/careers
fullbeaker,fullbeaker,https://fullbeaker.bamboohr.com/careers
intuji,intuji,https://intuji.bamboohr.com/careers
rpmglobal,rpmglobal,https://rpmglobal.bamboohr.com/careers
wingsofhope,wingsofhope,https://wingsofhope.bamboohr.com/careers
alleghenycounty,alleghenycounty,https://alleghenycounty.bamboohr.com/careers
doctoranywhere,doctoranywhere,https://doctoranywhere.bamboohr.com/careers
securitypal,securitypal,https://securitypal.bamboohr.com/careers
wyo,wyo,https://wyo.bamboohr.com/careers
sidekickhealth,sidekickhealth,https://sidekickhealth.bamboohr.com/careers
stormagic,stormagic,https://stormagic.bamboohr.com/careers
wildanimalsanctuary,wildanimalsanctuary,https://wildanimalsanctuary.bamboohr.com/careers
cornelisnetworks,cornelisnetworks,https://cornelisnetworks.bamboohr.com/careers
climbingcentregroup,climbingcentregroup,https://climbingcentregroup.bamboohr.com/careers
later,later,https://later.bamboohr.com/careers
mednet,mednet,https://mednet.bamboohr.com/careers
outsurance,outsurance,https://outsurance.bamboohr.com/careers
upequity,upequity,https://upequity.bamboohr.com/careers
cpehn,cpehn,https://cpehn.bamboohr.com/careers
crossroadscharterschools,crossroadscharterschools,https://crossroadscharterschools.bamboohr.com/careers
allpressespresso,allpressespresso,https://allpressespresso.bamboohr.com/careers
bergstrom,bergstrom,https://bergstrom.bamboohr.com/careers
caringnetwork,caringnetwork,https://caringnetwork.bamboohr.com/careers
skillcast,skillcast,https://skillcast.bamboohr.com/careers
enable,enable,https://enable.bamboohr.com/careers
solmillenniummed,solmillenniummed,https://solmillenniummed.bamboohr.com/careers
taxaoutdoors,taxaoutdoors,https://taxaoutdoors.bamboohr.com/careers
sorgecpa,sorgecpa,https://sorgecpa.bamboohr.com/careers
americanflyers,americanflyers,https://americanflyers.bamboohr.com/careers
cenfri,cenfri,https://cenfri.bamboohr.com/careers
clfns,clfns,https://clfns.bamboohr.com/careers
fullsupportgroup,fullsupportgroup,https://fullsupportgroup.bamboohr.com/careers
m2dot,m2dot,https://m2dot.bamboohr.com/careers
triumph,triumph,https://triumph.bamboohr.com/careers
theshiftnetwork,theshiftnetwork,https://theshiftnetwork.bamboohr.com/careers
bitsinglassca,bitsinglassca,https://bitsinglassca.bamboohr.com/careers
chci,chci,https://chci.bamboohr.com/careers
earthrightsinternational,earthrightsinternational,https://earthrightsinternational.bamboohr.com/careers
zurb,zurb,https://zurb.bamboohr.com/careers
abqcf,abqcf,https://abqcf.bamboohr.com/careers
ideallivingmanagement,ideallivingmanagement,https://ideallivingmanagement.bamboohr.com/careers
cerbexa,cerbexa,https://cerbexa.bamboohr.com/careers
theoneill,theoneill,https://theoneill.bamboohr.com/careers
marinelife,marinelife,https://marinelife.bamboohr.com/careers
ncose,ncose,https://ncose.bamboohr.com/careers
rewire,rewire,https://rewire.bamboohr.com/careers
cvims,cvims,https://cvims.bamboohr.com/careers
achievebh,achievebh,https://achievebh.bamboohr.com/careers
cchihr,cchihr,https://cchihr.bamboohr.com/careers
csipacific,csipacific,https://csipacific.bamboohr.com/careers
calyanwaxco,calyanwaxco,https://calyanwaxco.bamboohr.com/careers
vistairhr,vistairhr,https://vistairhr.bamboohr.com/careers
eastpointenergy,eastpointenergy,https://eastpointenergy.bamboohr.com/careers
sagamokanishnawbek,sagamokanishnawbek,https://sagamokanishnawbek.bamboohr.com/careers
ahcmo,ahcmo,https://ahcmo.bamboohr.com/careers
iugo,iugo,https://iugo.bamboohr.com/careers
nextenvironmental,nextenvironmental,https://nextenvironmental.bamboohr.com/careers
satorihealthca,satorihealthca,https://satorihealthca.bamboohr.com/careers
supportiveci,supportiveci,https://supportiveci.bamboohr.com/careers
woom,woom,https://woom.bamboohr.com/careers
preti,preti,https://preti.bamboohr.com/careers
wavo,wavo,https://wavo.bamboohr.com/careers
showcasedancestudio,showcasedancestudio,https://showcasedancestudio.bamboohr.com/careers
skyfire,skyfire,https://skyfire.bamboohr.com/careers
boilermasters,boilermasters,https://boilermasters.bamboohr.com/careers
gravyty,gravyty,https://gravyty.bamboohr.com/careers
sherpadesign,sherpadesign,https://sherpadesign.bamboohr.com/careers
wateraidamerica,wateraidamerica,https://wateraidamerica.bamboohr.com/careers
cookingwithkids,cookingwithkids,https://cookingwithkids.bamboohr.com/careers
raona,raona,https://raona.bamboohr.com/careers
chargy,chargy,https://chargy.bamboohr.com/careers
massago,massago,https://massago.bamboohr.com/careers
seochc,seochc,https://seochc.bamboohr.com/careers
cahull,cahull,https://cahull.bamboohr.com/careers
espositoconstruction,espositoconstruction,https://espositoconstruction.bamboohr.com/careers
seaoatsgroup,seaoatsgroup,https://seaoatsgroup.bamboohr.com/careers
hillsonguk,hillsonguk,https://hillsonguk.bamboohr.com/careers
angelhost,angelhost,https://angelhost.bamboohr.com/careers
smith,smith,https://smith.bamboohr.com/careers
uovowine,uovowine,https://uovowine.bamboohr.com/careers
morrisonexpress,morrisonexpress,https://morrisonexpress.bamboohr.com/careers
nursenextdoor,nursenextdoor,https://nursenextdoor.bamboohr.com/careers
outlierventures,outlierventures,https://outlierventures.bamboohr.com/careers
parttimecfo,parttimecfo,https://parttimecfo.bamboohr.com/careers
qoyod,qoyod,https://qoyod.bamboohr.com/careers
gblhr,gblhr,https://gblhr.bamboohr.com/careers
hoovershatchery,hoovershatchery,https://hoovershatchery.bamboohr.com/careers
sporttrade,sporttrade,https://sporttrade.bamboohr.com/careers
hmarkets,hmarkets,https://hmarkets.bamboohr.com/careers
incomdirect,incomdirect,https://incomdirect.bamboohr.com/careers
iodparc,iodparc,https://iodparc.bamboohr.com/careers
healthresearchbc,healthresearchbc,https://healthresearchbc.bamboohr.com/careers
rslogistics,rslogistics,https://rslogistics.bamboohr.com/careers
duco,duco,https://duco.bamboohr.com/careers
editshare,editshare,https://editshare.bamboohr.com/careers
sui,sui,https://sui.bamboohr.com/careers
dorot,dorot,https://dorot.bamboohr.com/careers
abellgroup,abellgroup,https://abellgroup.bamboohr.com/careers
centralozarks,centralozarks,https://centralozarks.bamboohr.com/careers
fibersmith,fibersmith,https://fibersmith.bamboohr.com/careers
sccm,sccm,https://sccm.bamboohr.com/careers
valleybankofkalispell,valleybankofkalispell,https://valleybankofkalispell.bamboohr.com/careers
cornerstonesupportservices,cornerstonesupportservices,https://cornerstonesupportservices.bamboohr.com/careers
fresnelsoftware,fresnelsoftware,https://fresnelsoftware.bamboohr.com/careers
r2net,r2net,https://r2net.bamboohr.com/careers
emporix,emporix,https://emporix.bamboohr.com/careers
worldwinner,worldwinner,https://worldwinner.bamboohr.com/careers
brms,brms,https://brms.bamboohr.com/careers
conrado,conrado,https://conrado.bamboohr.com/careers
facit,facit,https://facit.bamboohr.com/careers
ncfire,ncfire,https://ncfire.bamboohr.com/careers
wellnessspa,wellnessspa,https://wellnessspa.bamboohr.com/careers
wesley,wesley,https://wesley.bamboohr.com/careers
amwhealth,amwhealth,https://amwhealth.bamboohr.com/careers
ctmins,ctmins,https://ctmins.bamboohr.com/careers
jokake,jokake,https://jokake.bamboohr.com/careers
pemcco,pemcco,https://pemcco.bamboohr.com/careers
radcliffe,radcliffe,https://radcliffe.bamboohr.com/careers
staffzone,staffzone,https://staffzone.bamboohr.com/careers
uhlco,uhlco,https://uhlco.bamboohr.com/careers
poainternet,poainternet,https://poainternet.bamboohr.com/careers
aptose,aptose,https://aptose.bamboohr.com/careers
hlc,hlc,https://hlc.bamboohr.com/careers
truenorthitg,truenorthitg,https://truenorthitg.bamboohr.com/careers
bgcengineering,bgcengineering,https://bgcengineering.bamboohr.com/careers
bsr1,bsr1,https://bsr1.bamboohr.com/careers
redmondconstruction,redmondconstruction,https://redmondconstruction.bamboohr.com/careers
wnaengineering,wnaengineering,https://wnaengineering.bamboohr.com/careers
pneco,pneco,https://pneco.bamboohr.com/careers
hdsilga,hdsilga,https://hdsilga.bamboohr.com/careers
sharedhope,sharedhope,https://sharedhope.bamboohr.com/careers
greatwhitenorth,greatwhitenorth,https://greatwhitenorth.bamboohr.com/careers
miraclefeet,miraclefeet,https://miraclefeet.bamboohr.com/careers
wavefrontsoftware,wavefrontsoftware,https://wavefrontsoftware.bamboohr.com/careers
coollaw,coollaw,https://coollaw.bamboohr.com/careers
kings,kings,https://kings.bamboohr.com/careers
mec,mec,https://mec.bamboohr.com/careers
peoplesaction,peoplesaction,https://peoplesaction.bamboohr.com/careers
cchs,cchs,https://cchs.bamboohr.com/careers
croftsystems,croftsystems,https://croftsystems.bamboohr.com/careers
southpointeacademy,southpointeacademy,https://southpointeacademy.bamboohr.com/careers
infiniteglobal,infiniteglobal,https://infiniteglobal.bamboohr.com/careers
insurancemarket,insurancemarket,https://insurancemarket.bamboohr.com/careers
nksfb,nksfb,https://nksfb.bamboohr.com/careers
babyscripts,babyscripts,https://babyscripts.bamboohr.com/careers
endeavoursolutions,endeavoursolutions,https://endeavoursolutions.bamboohr.com/careers
nwaea,nwaea,https://nwaea.bamboohr.com/careers
sebastiancorp,sebastiancorp,https://sebastiancorp.bamboohr.com/careers
aboitiz,aboitiz,https://aboitiz.bamboohr.com/careers
culturalsurvival,culturalsurvival,https://culturalsurvival.bamboohr.com/careers
faxoutreach,faxoutreach,https://faxoutreach.bamboohr.com/careers
chfbc,chfbc,https://chfbc.bamboohr.com/careers
icct,icct,https://icct.bamboohr.com/careers
mrsassociates,mrsassociates,https://mrsassociates.bamboohr.com/careers
xtm,xtm,https://xtm.bamboohr.com/careers
atabus,atabus,https://atabus.bamboohr.com/careers
metalquest,metalquest,https://metalquest.bamboohr.com/careers
awp,awp,https://awp.bamboohr.com/careers
caymanentcity,caymanentcity,https://caymanentcity.bamboohr.com/careers
groundworkusa,groundworkusa,https://groundworkusa.bamboohr.com/careers
buildology,buildology,https://buildology.bamboohr.com/careers
mypicture,mypicture,https://mypicture.bamboohr.com/careers
cr2,cr2,https://cr2.bamboohr.com/careers
kairoscanada,kairoscanada,https://kairoscanada.bamboohr.com/careers
sawdaysandcanopyandstars,sawdaysandcanopyandstars,https://sawdaysandcanopyandstars.bamboohr.com/careers
jmanuellille,jmanuellille,https://jmanuellille.bamboohr.com/careers
rollee,rollee,https://rollee.bamboohr.com/careers
idplans1,idplans1,https://idplans1.bamboohr.com/careers
wiley,wiley,https://wiley.bamboohr.com/careers
cira,cira,https://cira.bamboohr.com/careers
owi,owi,https://owi.bamboohr.com/careers
hitstrat,hitstrat,https://hitstrat.bamboohr.com/careers
hualapai,hualapai,https://hualapai.bamboohr.com/careers
logelhomes,logelhomes,https://logelhomes.bamboohr.com/careers
mfd,mfd,https://mfd.bamboohr.com/careers
rmautogroup,rmautogroup,https://rmautogroup.bamboohr.com/careers
pcsglobal,pcsglobal,https://pcsglobal.bamboohr.com/careers
pregnancyjustice,pregnancyjustice,https://pregnancyjustice.bamboohr.com/careers
zenetec,zenetec,https://zenetec.bamboohr.com/careers
clovealliance,clovealliance,https://clovealliance.bamboohr.com/careers
humanevet,humanevet,https://humanevet.bamboohr.com/careers
yuppiechef,yuppiechef,https://yuppiechef.bamboohr.com/careers
interiorhealthalaska,interiorhealthalaska,https://interiorhealthalaska.bamboohr.com/careers
kolmeo,kolmeo,https://kolmeo.bamboohr.com/careers
lighthouse,lighthouse,https://lighthouse.bamboohr.com/careers
harperrainsknight,harperrainsknight,https://harperrainsknight.bamboohr.com/careers
adverscale,adverscale,https://adverscale.bamboohr.com/careers
atijet,atijet,https://atijet.bamboohr.com/careers
lct,lct,https://lct.bamboohr.com/careers
medenterprises,medenterprises,https://medenterprises.bamboohr.com/careers
newmans,newmans,https://newmans.bamboohr.com/careers
premierservice,premierservice,https://premierservice.bamboohr.com/careers
saaia,saaia,https://saaia.bamboohr.com/careers
cdental,cdental,https://cdental.bamboohr.com/careers
lawvu,lawvu,https://lawvu.bamboohr.com/careers
nadc,nadc,https://nadc.bamboohr.com/careers
swchc,swchc,https://swchc.bamboohr.com/careers
ventureforcanada,ventureforcanada,https://ventureforcanada.bamboohr.com/careers
firstlightai,firstlightai,https://firstlightai.bamboohr.com/careers
smedia,smedia,https://smedia.bamboohr.com/careers
sundae,sundae,https://sundae.bamboohr.com/careers
joymo,joymo,https://joymo.bamboohr.com/careers
seqserv,seqserv,https://seqserv.bamboohr.com/careers
caporegon,caporegon,https://caporegon.bamboohr.com/careers
eastwestcenter,eastwestcenter,https://eastwestcenter.bamboohr.com/careers
fstichem,fstichem,https://fstichem.bamboohr.com/careers
agorocarbon,agorocarbon,https://agorocarbon.bamboohr.com/careers
medcommsexperts,medcommsexperts,https://medcommsexperts.bamboohr.com/careers
tvsinc,tvsinc,https://tvsinc.bamboohr.com/careers
wecommerce,wecommerce,https://wecommerce.bamboohr.com/careers
aspiretech,aspiretech,https://aspiretech.bamboohr.com/careers
lethbridgepolice,lethbridgepolice,https://lethbridgepolice.bamboohr.com/careers
insightsoftmax,insightsoftmax,https://insightsoftmax.bamboohr.com/careers
forensicaccess,forensicaccess,https://forensicaccess.bamboohr.com/careers
lyssna,lyssna,https://lyssna.bamboohr.com/careers
odkmedia,odkmedia,https://odkmedia.bamboohr.com/careers
theottawafoodbank,theottawafoodbank,https://theottawafoodbank.bamboohr.com/careers
abaxx,abaxx,https://abaxx.bamboohr.com/careers
earthcraft,earthcraft,https://earthcraft.bamboohr.com/careers
gohighlevel,gohighlevel,https://gohighlevel.bamboohr.com/careers
msu,msu,https://msu.bamboohr.com/careers
sqfin,sqfin,https://sqfin.bamboohr.com/careers
groupegibault,groupegibault,https://groupegibault.bamboohr.com/careers
gvl,gvl,https://gvl.bamboohr.com/careers
paytabs,paytabs,https://paytabs.bamboohr.com/careers
visterrainc,visterrainc,https://visterrainc.bamboohr.com/careers
klsearthworks,klsearthworks,https://klsearthworks.bamboohr.com/careers
vanguardclinical,vanguardclinical,https://vanguardclinical.bamboohr.com/careers
apexkhomecare,apexkhomecare,https://apexkhomecare.bamboohr.com/careers
australeducationgroup,australeducationgroup,https://australeducationgroup.bamboohr.com/careers
d1g1t,d1g1t,https://d1g1t.bamboohr.com/careers
eastoaklandcollective,eastoaklandcollective,https://eastoaklandcollective.bamboohr.com/careers
gracefellowship,gracefellowship,https://gracefellowship.bamboohr.com/careers
pelion,pelion,https://pelion.bamboohr.com/careers
invendagroup,invendagroup,https://invendagroup.bamboohr.com/careers
keepit,keepit,https://keepit.bamboohr.com/careers
mindbridge,mindbridge,https://mindbridge.bamboohr.com/careers
bermudaskyport,bermudaskyport,https://bermudaskyport.bamboohr.com/careers
hacademy,hacademy,https://hacademy.bamboohr.com/careers
bahspets,bahspets,https://bahspets.bamboohr.com/careers
cinc,cinc,https://cinc.bamboohr.com/careers
nitha,nitha,https://nitha.bamboohr.com/careers
cacindinc,cacindinc,https://cacindinc.bamboohr.com/careers
duxburybeach,duxburybeach,https://duxburybeach.bamboohr.com/careers
faristeam,faristeam,https://faristeam.bamboohr.com/careers
goldenhills,goldenhills,https://goldenhills.bamboohr.com/careers
maracalearning,maracalearning,https://maracalearning.bamboohr.com/careers
oxbow,oxbow,https://oxbow.bamboohr.com/careers
8rivers,8rivers,https://8rivers.bamboohr.com/careers
aircontrolaz,aircontrolaz,https://aircontrolaz.bamboohr.com/careers
geaugapublichealth,geaugapublichealth,https://geaugapublichealth.bamboohr.com/careers
inspirefoundation,inspirefoundation,https://inspirefoundation.bamboohr.com/careers
agnesirwinschool,agnesirwinschool,https://agnesirwinschool.bamboohr.com/careers
opench,opench,https://opench.bamboohr.com/careers
sdaihc,sdaihc,https://sdaihc.bamboohr.com/careers
fai,fai,https://fai.bamboohr.com/careers
nectar,nectar,https://nectar.bamboohr.com/careers
winchesterinterconnect,winchesterinterconnect,https://winchesterinterconnect.bamboohr.com/careers
communitybiblechurch,communitybiblechurch,https://communitybiblechurch.bamboohr.com/careers
directcareresources,directcareresources,https://directcareresources.bamboohr.com/careers
visionsourcehendersonville,visionsourcehendersonville,https://visionsourcehendersonville.bamboohr.com/careers
awhnet,awhnet,https://awhnet.bamboohr.com/careers
ceras,ceras,https://ceras.bamboohr.com/careers
commonpurpose,commonpurpose,https://commonpurpose.bamboohr.com/careers
boltontechnology,boltontechnology,https://boltontechnology.bamboohr.com/careers
ohioambulance,ohioambulance,https://ohioambulance.bamboohr.com/careers
paralympic,paralympic,https://paralympic.bamboohr.com/careers
rebuy,rebuy,https://rebuy.bamboohr.com/careers
sequence,sequence,https://sequence.bamboohr.com/careers
aicadium,aicadium,https://aicadium.bamboohr.com/careers
bcocpa,bcocpa,https://bcocpa.bamboohr.com/careers
gotrminnesota,gotrminnesota,https://gotrminnesota.bamboohr.com/careers
productops,productops,https://productops.bamboohr.com/careers
geckogreen,geckogreen,https://geckogreen.bamboohr.com/careers
indigoconsulting,indigoconsulting,https://indigoconsulting.bamboohr.com/careers
aamci,aamci,https://aamci.bamboohr.com/careers
lami,lami,https://lami.bamboohr.com/careers
alloralabs,alloralabs,https://alloralabs.bamboohr.com/careers
boldcommerce,boldcommerce,https://boldcommerce.bamboohr.com/careers
brydens,brydens,https://brydens.bamboohr.com/careers
fpchq,fpchq,https://fpchq.bamboohr.com/careers
thecrossingatbigcreek,thecrossingatbigcreek,https://thecrossingatbigcreek.bamboohr.com/careers
trimgroup,trimgroup,https://trimgroup.bamboohr.com/careers
gsvam,gsvam,https://gsvam.bamboohr.com/careers
missionaz,missionaz,https://missionaz.bamboohr.com/careers
officernd,officernd,https://officernd.bamboohr.com/careers
contfinco,contfinco,https://contfinco.bamboohr.com/careers
idfusion,idfusion,https://idfusion.bamboohr.com/careers
arcprograms,arcprograms,https://arcprograms.bamboohr.com/careers
birdcontrolgroup,birdcontrolgroup,https://birdcontrolgroup.bamboohr.com/careers
environmentalleague,environmentalleague,https://environmentalleague.bamboohr.com/careers
exa,exa,https://exa.bamboohr.com/careers
ingenuitydesign,ingenuitydesign,https://ingenuitydesign.bamboohr.com/careers
level9virtual,level9virtual,https://level9virtual.bamboohr.com/careers
thrivetc,thrivetc,https://thrivetc.bamboohr.com/careers
carepay,carepay,https://carepay.bamboohr.com/careers
ieefa,ieefa,https://ieefa.bamboohr.com/careers
lyric,lyric,https://lyric.bamboohr.com/careers
shawscott,shawscott,https://shawscott.bamboohr.com/careers
silverstripe,silverstripe,https://silverstripe.bamboohr.com/careers
cet,cet,https://cet.bamboohr.com/careers
wearediamond,wearediamond,https://wearediamond.bamboohr.com/careers
certifiinc,certifiinc,https://certifiinc.bamboohr.com/careers
worldbenchmarkingalliance,worldbenchmarkingalliance,https://worldbenchmarkingalliance.bamboohr.com/careers
cfmni,cfmni,https://cfmni.bamboohr.com/careers
irtn,irtn,https://irtn.bamboohr.com/careers
pottermore,pottermore,https://pottermore.bamboohr.com/careers
trafficorp,trafficorp,https://trafficorp.bamboohr.com/careers
kinbro,kinbro,https://kinbro.bamboohr.com/careers
merakicreativegroup,merakicreativegroup,https://merakicreativegroup.bamboohr.com/careers
summercollab,summercollab,https://summercollab.bamboohr.com/careers
itworks,itworks,https://itworks.bamboohr.com/careers
axya,axya,https://axya.bamboohr.com/careers
electroroute,electroroute,https://electroroute.bamboohr.com/careers
loopbackanalytics,loopbackanalytics,https://loopbackanalytics.bamboohr.com/careers
loancouk,loancouk,https://loancouk.bamboohr.com/careers
myersbillion,myersbillion,https://myersbillion.bamboohr.com/careers
topemployers,topemployers,https://topemployers.bamboohr.com/careers
auipower,auipower,https://auipower.bamboohr.com/careers
beelineloansinc,beelineloansinc,https://beelineloansinc.bamboohr.com/careers
citizengo,citizengo,https://citizengo.bamboohr.com/careers
newzoo,newzoo,https://newzoo.bamboohr.com/careers
omnitherapeutics,omnitherapeutics,https://omnitherapeutics.bamboohr.com/careers
piletilevi,piletilevi,https://piletilevi.bamboohr.com/careers
gamelounge,gamelounge,https://gamelounge.bamboohr.com/careers
knockinginc,knockinginc,https://knockinginc.bamboohr.com/careers
covenanttech,covenanttech,https://covenanttech.bamboohr.com/careers
socialdriver,socialdriver,https://socialdriver.bamboohr.com/careers
catchmaster,catchmaster,https://catchmaster.bamboohr.com/careers
alloptions,alloptions,https://alloptions.bamboohr.com/careers
consultssda,consultssda,https://consultssda.bamboohr.com/careers
liftcommunityservices,liftcommunityservices,https://liftcommunityservices.bamboohr.com/careers
springfieldleather,springfieldleather,https://springfieldleather.bamboohr.com/careers
sunriseexpress,sunriseexpress,https://sunriseexpress.bamboohr.com/careers
treasurecoastaba,treasurecoastaba,https://treasurecoastaba.bamboohr.com/careers
gorillatech,gorillatech,https://gorillatech.bamboohr.com/careers
shg,shg,https://shg.bamboohr.com/careers
tristaterestores,tristaterestores,https://tristaterestores.bamboohr.com/careers
florenceeiseman,florenceeiseman,https://florenceeiseman.bamboohr.com/careers
hopefarm,hopefarm,https://hopefarm.bamboohr.com/careers
cgcd,cgcd,https://cgcd.bamboohr.com/careers
insticator,insticator,https://insticator.bamboohr.com/careers
pacificmentalhealth,pacificmentalhealth,https://pacificmentalhealth.bamboohr.com/careers
rosenthalproperties,rosenthalproperties,https://rosenthalproperties.bamboohr.com/careers
teachforarmenia,teachforarmenia,https://teachforarmenia.bamboohr.com/careers
rightsline,rightsline,https://rightsline.bamboohr.com/careers
unitedec,unitedec,https://unitedec.bamboohr.com/careers
intechopen,intechopen,https://intechopen.bamboohr.com/careers
centralwindowcleaning,centralwindowcleaning,https://centralwindowcleaning.bamboohr.com/careers
webtools,webtools,https://webtools.bamboohr.com/careers
imk,imk,https://imk.bamboohr.com/careers
arraymarketing,arraymarketing,https://arraymarketing.bamboohr.com/careers
ridgeandvalley,ridgeandvalley,https://ridgeandvalley.bamboohr.com/careers
4dmedical,4dmedical,https://4dmedical.bamboohr.com/careers
accountable2you,accountable2you,https://accountable2you.bamboohr.com/careers
onsiteconstructionllc,onsiteconstructionllc,https://onsiteconstructionllc.bamboohr.com/careers
racerocks,racerocks,https://racerocks.bamboohr.com/careers
d3systems,d3systems,https://d3systems.bamboohr.com/careers
aceinc,aceinc,https://aceinc.bamboohr.com/careers
communityoutreach,communityoutreach,https://communityoutreach.bamboohr.com/careers
humanexventures,humanexventures,https://humanexventures.bamboohr.com/careers
cognitivesystems,cognitivesystems,https://cognitivesystems.bamboohr.com/careers
uniquemanagement,uniquemanagement,https://uniquemanagement.bamboohr.com/careers
vitalresearch,vitalresearch,https://vitalresearch.bamboohr.com/careers
canadahanson,canadahanson,https://canadahanson.bamboohr.com/careers
nexforduniversity,nexforduniversity,https://nexforduniversity.bamboohr.com/careers
cti,cti,https://cti.bamboohr.com/careers
pinnaclestaffing,pinnaclestaffing,https://pinnaclestaffing.bamboohr.com/careers
greenhousecomms,greenhousecomms,https://greenhousecomms.bamboohr.com/careers
perfectpallets,perfectpallets,https://perfectpallets.bamboohr.com/careers
selectorsoftware,selectorsoftware,https://selectorsoftware.bamboohr.com/careers
harpergc,harpergc,https://harpergc.bamboohr.com/careers
phippsconservatory,phippsconservatory,https://phippsconservatory.bamboohr.com/careers
snpolytechnic,snpolytechnic,https://snpolytechnic.bamboohr.com/careers
innovations,innovations,https://innovations.bamboohr.com/careers
oneteamonedream,oneteamonedream,https://oneteamonedream.bamboohr.com/careers
zeframllc,zeframllc,https://zeframllc.bamboohr.com/careers
aletheiahp,aletheiahp,https://aletheiahp.bamboohr.com/careers
ircp,ircp,https://ircp.bamboohr.com/careers
ozarkopp,ozarkopp,https://ozarkopp.bamboohr.com/careers
pioneeraerosupply,pioneeraerosupply,https://pioneeraerosupply.bamboohr.com/careers
properstar,properstar,https://properstar.bamboohr.com/careers
zendrop,zendrop,https://zendrop.bamboohr.com/careers
intec,intec,https://intec.bamboohr.com/careers
primaryfreight,primaryfreight,https://primaryfreight.bamboohr.com/careers
connellypartners,connellypartners,https://connellypartners.bamboohr.com/careers
movaci,movaci,https://movaci.bamboohr.com/careers
nearmap,nearmap,https://nearmap.bamboohr.com/careers
supertext,supertext,https://supertext.bamboohr.com/careers
triverustrijet,triverustrijet,https://triverustrijet.bamboohr.com/careers
renewcares,renewcares,https://renewcares.bamboohr.com/careers
bringoz,bringoz,https://bringoz.bamboohr.com/careers
coaf,coaf,https://coaf.bamboohr.com/careers
lightshipsec,lightshipsec,https://lightshipsec.bamboohr.com/careers
vulcanx,vulcanx,https://vulcanx.bamboohr.com/careers
boomerconsulting,boomerconsulting,https://boomerconsulting.bamboohr.com/careers
citherapies,citherapies,https://citherapies.bamboohr.com/careers
innercityweightlifting,innercityweightlifting,https://innercityweightlifting.bamboohr.com/careers
biolite,biolite,https://biolite.bamboohr.com/careers
fairoakspark,fairoakspark,https://fairoakspark.bamboohr.com/careers
lunaroutpost,lunaroutpost,https://lunaroutpost.bamboohr.com/careers
mindsightbehavioral,mindsightbehavioral,https://mindsightbehavioral.bamboohr.com/careers
ascendigo,ascendigo,https://ascendigo.bamboohr.com/careers
frontieraerospaceaccount,frontieraerospaceaccount,https://frontieraerospaceaccount.bamboohr.com/careers
pbhha,pbhha,https://pbhha.bamboohr.com/careers
ashteadtechnology,ashteadtechnology,https://ashteadtechnology.bamboohr.com/careers
understandingwar,understandingwar,https://understandingwar.bamboohr.com/careers
reductioninmotion,reductioninmotion,https://reductioninmotion.bamboohr.com/careers
smartocto,smartocto,https://smartocto.bamboohr.com/careers
charadance,charadance,https://charadance.bamboohr.com/careers
girlsincofsantafe,girlsincofsantafe,https://girlsincofsantafe.bamboohr.com/careers
tropicana,tropicana,https://tropicana.bamboohr.com/careers
1010games,1010games,https://1010games.bamboohr.com/careers
speakup,speakup,https://speakup.bamboohr.com/careers
talkatoo,talkatoo,https://talkatoo.bamboohr.com/careers
ceporg,ceporg,https://ceporg.bamboohr.com/careers
netdigix,netdigix,https://netdigix.bamboohr.com/careers
novelmicrodevices,novelmicrodevices,https://novelmicrodevices.bamboohr.com/careers
trowbridge,trowbridge,https://trowbridge.bamboohr.com/careers
avenuetwotravel,avenuetwotravel,https://avenuetwotravel.bamboohr.com/careers
globalenergymonitor,globalenergymonitor,https://globalenergymonitor.bamboohr.com/careers
metroservicegroup,metroservicegroup,https://metroservicegroup.bamboohr.com/careers
kathairos,kathairos,https://kathairos.bamboohr.com/careers
steelway,steelway,https://steelway.bamboohr.com/careers
navconsulting,navconsulting,https://navconsulting.bamboohr.com/careers
waysidepress,waysidepress,https://waysidepress.bamboohr.com/careers
worldhopeinternational,worldhopeinternational,https://worldhopeinternational.bamboohr.com/careers
amazingmagnets,amazingmagnets,https://amazingmagnets.bamboohr.com/careers
commonsensenetworks,commonsensenetworks,https://commonsensenetworks.bamboohr.com/careers
doveschoolstulsa,doveschoolstulsa,https://doveschoolstulsa.bamboohr.com/careers
waidininggroup,waidininggroup,https://waidininggroup.bamboohr.com/careers
westlibertyuniversity,westlibertyuniversity,https://westlibertyuniversity.bamboohr.com/careers
lifemi,lifemi,https://lifemi.bamboohr.com/careers
oakbrookpark,oakbrookpark,https://oakbrookpark.bamboohr.com/careers
freemanlandscape,freemanlandscape,https://freemanlandscape.bamboohr.com/careers
tdgc,tdgc,https://tdgc.bamboohr.com/careers
teamlewis,teamlewis,https://teamlewis.bamboohr.com/careers
youroutdoorlivingspace,youroutdoorlivingspace,https://youroutdoorlivingspace.bamboohr.com/careers
mcbcorp,mcbcorp,https://mcbcorp.bamboohr.com/careers
ontheclock,ontheclock,https://ontheclock.bamboohr.com/careers
whitinger,whitinger,https://whitinger.bamboohr.com/careers
lastwall,lastwall,https://lastwall.bamboohr.com/careers
lieberman,lieberman,https://lieberman.bamboohr.com/careers
alterome,alterome,https://alterome.bamboohr.com/careers
catalystcounseling,catalystcounseling,https://catalystcounseling.bamboohr.com/careers
cityofstmarys,cityofstmarys,https://cityofstmarys.bamboohr.com/careers
kicksite,kicksite,https://kicksite.bamboohr.com/careers
sportglobal,sportglobal,https://sportglobal.bamboohr.com/careers
narrativestrategies,narrativestrategies,https://narrativestrategies.bamboohr.com/careers
saltmine,saltmine,https://saltmine.bamboohr.com/careers
baltimorewatertaxi,baltimorewatertaxi,https://baltimorewatertaxi.bamboohr.com/careers
bluestonepim,bluestonepim,https://bluestonepim.bamboohr.com/careers
caltrout,caltrout,https://caltrout.bamboohr.com/careers
datavalet,datavalet,https://datavalet.bamboohr.com/careers
tct,tct,https://tct.bamboohr.com/careers
battenkill,battenkill,https://battenkill.bamboohr.com/careers
greaterminnesota,greaterminnesota,https://greaterminnesota.bamboohr.com/careers
robo,robo,https://robo.bamboohr.com/careers
rouyapr,rouyapr,https://rouyapr.bamboohr.com/careers
tchdnow,tchdnow,https://tchdnow.bamboohr.com/careers
collectiveacegmbh,collectiveacegmbh,https://collectiveacegmbh.bamboohr.com/careers
crisisaction,crisisaction,https://crisisaction.bamboohr.com/careers
dualinventive,dualinventive,https://dualinventive.bamboohr.com/careers
mailchannels,mailchannels,https://mailchannels.bamboohr.com/careers
salzmannhughes,salzmannhughes,https://salzmannhughes.bamboohr.com/careers
opencosmos,opencosmos,https://opencosmos.bamboohr.com/careers
energyworldnet,energyworldnet,https://energyworldnet.bamboohr.com/careers
chi,chi,https://chi.bamboohr.com/careers
innovationhighschool,innovationhighschool,https://innovationhighschool.bamboohr.com/careers
msvotes,msvotes,https://msvotes.bamboohr.com/careers
taskize,taskize,https://taskize.bamboohr.com/careers
cloudland,cloudland,https://cloudland.bamboohr.com/careers
earthalivect,earthalivect,https://earthalivect.bamboohr.com/careers
fbcs,fbcs,https://fbcs.bamboohr.com/careers
fellowapp,fellowapp,https://fellowapp.bamboohr.com/careers
mynorthside,mynorthside,https://mynorthside.bamboohr.com/careers
vuehealth,vuehealth,https://vuehealth.bamboohr.com/careers
danielfraimanconstruction,danielfraimanconstruction,https://danielfraimanconstruction.bamboohr.com/careers
ethoscare,ethoscare,https://ethoscare.bamboohr.com/careers
myeloidtherapeutics,myeloidtherapeutics,https://myeloidtherapeutics.bamboohr.com/careers
rica,rica,https://rica.bamboohr.com/careers
arcpower,arcpower,https://arcpower.bamboohr.com/careers
wpga,wpga,https://wpga.bamboohr.com/careers
crccsvic,crccsvic,https://crccsvic.bamboohr.com/careers
energiseenergy,energiseenergy,https://energiseenergy.bamboohr.com/careers
pontosense,pontosense,https://pontosense.bamboohr.com/careers
kingstonist,kingstonist,https://kingstonist.bamboohr.com/careers
chereeberry,chereeberry,https://chereeberry.bamboohr.com/careers
sparrowsnest,sparrowsnest,https://sparrowsnest.bamboohr.com/careers
tohonooodham,tohonooodham,https://tohonooodham.bamboohr.com/careers
transimeksa,transimeksa,https://transimeksa.bamboohr.com/careers
animalsasia,animalsasia,https://animalsasia.bamboohr.com/careers
slicelabs,slicelabs,https://slicelabs.bamboohr.com/careers
acts29,acts29,https://acts29.bamboohr.com/careers
redpointmedia,redpointmedia,https://redpointmedia.bamboohr.com/careers
dogwoodalliance,dogwoodalliance,https://dogwoodalliance.bamboohr.com/careers
icdrilling,icdrilling,https://icdrilling.bamboohr.com/careers
investmentadviser,investmentadviser,https://investmentadviser.bamboohr.com/careers
kruxanalytics,kruxanalytics,https://kruxanalytics.bamboohr.com/careers
fundsdlt,fundsdlt,https://fundsdlt.bamboohr.com/careers
globalcitizen,globalcitizen,https://globalcitizen.bamboohr.com/careers
keystonerailrecovery,keystonerailrecovery,https://keystonerailrecovery.bamboohr.com/careers
mann,mann,https://mann.bamboohr.com/careers
balfour,balfour,https://balfour.bamboohr.com/careers
gladinc,gladinc,https://gladinc.bamboohr.com/careers
rvbs,rvbs,https://rvbs.bamboohr.com/careers
salinahealth,salinahealth,https://salinahealth.bamboohr.com/careers
olddominiongroup,olddominiongroup,https://olddominiongroup.bamboohr.com/careers
successfinderinc,successfinderinc,https://successfinderinc.bamboohr.com/careers
hicksmanufacturing,hicksmanufacturing,https://hicksmanufacturing.bamboohr.com/careers
indrarenewabletechnologies,indrarenewabletechnologies,https://indrarenewabletechnologies.bamboohr.com/careers
vivtechnologies,vivtechnologies,https://vivtechnologies.bamboohr.com/careers
bayvenues,bayvenues,https://bayvenues.bamboohr.com/careers
cfltreatmentcenters,cfltreatmentcenters,https://cfltreatmentcenters.bamboohr.com/careers
charlestoncollegiate,charlestoncollegiate,https://charlestoncollegiate.bamboohr.com/careers
codafication,codafication,https://codafication.bamboohr.com/careers
cronoslabs,cronoslabs,https://cronoslabs.bamboohr.com/careers
onebeyond,onebeyond,https://onebeyond.bamboohr.com/careers
cyrc,cyrc,https://cyrc.bamboohr.com/careers
wisav,wisav,https://wisav.bamboohr.com/careers
albanycountygov,albanycountygov,https://albanycountygov.bamboohr.com/careers
sciteam,sciteam,https://sciteam.bamboohr.com/careers
anew1,anew1,https://anew1.bamboohr.com/careers
danica,danica,https://danica.bamboohr.com/careers
muensterhospital,muensterhospital,https://muensterhospital.bamboohr.com/careers
profast,profast,https://profast.bamboohr.com/careers
cvha,cvha,https://cvha.bamboohr.com/careers
directaccessathome,directaccessathome,https://directaccessathome.bamboohr.com/careers
hagerman,hagerman,https://hagerman.bamboohr.com/careers
threespot,threespot,https://threespot.bamboohr.com/careers
northbayindigenous,northbayindigenous,https://northbayindigenous.bamboohr.com/careers
buildsafe,buildsafe,https://buildsafe.bamboohr.com/careers
emilyshope,emilyshope,https://emilyshope.bamboohr.com/careers
essiejusticegroup,essiejusticegroup,https://essiejusticegroup.bamboohr.com/careers
corpsnetwork,corpsnetwork,https://corpsnetwork.bamboohr.com/careers
eugenechamber,eugenechamber,https://eugenechamber.bamboohr.com/careers
glavinsured,glavinsured,https://glavinsured.bamboohr.com/careers
insighttimer,insighttimer,https://insighttimer.bamboohr.com/careers
konfio,konfio,https://konfio.bamboohr.com/careers
biologicaldiversity,biologicaldiversity,https://biologicaldiversity.bamboohr.com/careers
buyken,buyken,https://buyken.bamboohr.com/careers
dovetailandinterlakes,dovetailandinterlakes,https://dovetailandinterlakes.bamboohr.com/careers
allbeauty,allbeauty,https://allbeauty.bamboohr.com/careers
uja,uja,https://uja.bamboohr.com/careers
dataprophet,dataprophet,https://dataprophet.bamboohr.com/careers
ardmac,ardmac,https://ardmac.bamboohr.com/careers
chnw,chnw,https://chnw.bamboohr.com/careers
emvs,emvs,https://emvs.bamboohr.com/careers
housebuyersofamerica,housebuyersofamerica,https://housebuyersofamerica.bamboohr.com/careers
opendoorexperience,opendoorexperience,https://opendoorexperience.bamboohr.com/careers
montanalegalservices,montanalegalservices,https://montanalegalservices.bamboohr.com/careers
pdrcpa,pdrcpa,https://pdrcpa.bamboohr.com/careers
christiancountylibrary,christiancountylibrary,https://christiancountylibrary.bamboohr.com/careers
exceptionalwellnesscounseling,exceptionalwellnesscounseling,https://exceptionalwellnesscounseling.bamboohr.com/careers
johnsonsriverside,johnsonsriverside,https://johnsonsriverside.bamboohr.com/careers
nptandcrc,nptandcrc,https://nptandcrc.bamboohr.com/careers
pacrimmarketing,pacrimmarketing,https://pacrimmarketing.bamboohr.com/careers
positiveintelligence,positiveintelligence,https://positiveintelligence.bamboohr.com/careers
omnitechnologies,omnitechnologies,https://omnitechnologies.bamboohr.com/careers
rovd,rovd,https://rovd.bamboohr.com/careers
venuee,venuee,https://venuee.bamboohr.com/careers
xyz,xyz,https://xyz.bamboohr.com/careers
bahamas,bahamas,https://bahamas.bamboohr.com/careers
crowebgk,crowebgk,https://crowebgk.bamboohr.com/careers
deserttech,deserttech,https://deserttech.bamboohr.com/careers
refractoryservice,refractoryservice,https://refractoryservice.bamboohr.com/careers
vrify,vrify,https://vrify.bamboohr.com/careers
irgra,irgra,https://irgra.bamboohr.com/careers
clearwaterconstructioninc,clearwaterconstructioninc,https://clearwaterconstructioninc.bamboohr.com/careers
concirrusltd,concirrusltd,https://concirrusltd.bamboohr.com/careers
jackspoint,jackspoint,https://jackspoint.bamboohr.com/careers
postedcompanies,postedcompanies,https://postedcompanies.bamboohr.com/careers
spirithealth,spirithealth,https://spirithealth.bamboohr.com/careers
backyardbookkeeper,backyardbookkeeper,https://backyardbookkeeper.bamboohr.com/careers
centurysolutionsgroup,centurysolutionsgroup,https://centurysolutionsgroup.bamboohr.com/careers
dreamcenterevansville,dreamcenterevansville,https://dreamcenterevansville.bamboohr.com/careers
readymode,readymode,https://readymode.bamboohr.com/careers
vivanaturals,vivanaturals,https://vivanaturals.bamboohr.com/careers
buttonis,buttonis,https://buttonis.bamboohr.com/careers
frontlinevc,frontlinevc,https://frontlinevc.bamboohr.com/careers
hyperlayer,hyperlayer,https://hyperlayer.bamboohr.com/careers
evergreenoutdoorcenter,evergreenoutdoorcenter,https://evergreenoutdoorcenter.bamboohr.com/careers
protocase,protocase,https://protocase.bamboohr.com/careers
unleashedacademy,unleashedacademy,https://unleashedacademy.bamboohr.com/careers
winchestercarlisle,winchestercarlisle,https://winchestercarlisle.bamboohr.com/careers
lemonedge,lemonedge,https://lemonedge.bamboohr.com/careers
adhdonline,adhdonline,https://adhdonline.bamboohr.com/careers
circleccdc,circleccdc,https://circleccdc.bamboohr.com/careers
enpowered,enpowered,https://enpowered.bamboohr.com/careers
actionsquared,actionsquared,https://actionsquared.bamboohr.com/careers
creativechurch,creativechurch,https://creativechurch.bamboohr.com/careers
brekhustile,brekhustile,https://brekhustile.bamboohr.com/careers
e3g,e3g,https://e3g.bamboohr.com/careers
thelightinggroup,thelightinggroup,https://thelightinggroup.bamboohr.com/careers
zutacore,zutacore,https://zutacore.bamboohr.com/careers
canadianallianceofphysiotherapyregul,canadianallianceofphysiotherapyregul,https://canadianallianceofphysiotherapyregul.bamboohr.com/careers
medallionbank,medallionbank,https://medallionbank.bamboohr.com/careers
receptionhouse,receptionhouse,https://receptionhouse.bamboohr.com/careers
cd,cd,https://cd.bamboohr.com/careers
keepersadvisory,keepersadvisory,https://keepersadvisory.bamboohr.com/careers
pria,pria,https://pria.bamboohr.com/careers
truthcollective,truthcollective,https://truthcollective.bamboohr.com/careers
berkeleyfirststeps,berkeleyfirststeps,https://berkeleyfirststeps.bamboohr.com/careers
delegatesolutions,delegatesolutions,https://delegatesolutions.bamboohr.com/careers
ecologyproject,ecologyproject,https://ecologyproject.bamboohr.com/careers
strivegaming,strivegaming,https://strivegaming.bamboohr.com/careers
robertslack,robertslack,https://robertslack.bamboohr.com/careers
the10group,the10group,https://the10group.bamboohr.com/careers
mdanalytics,mdanalytics,https://mdanalytics.bamboohr.com/careers
researchtrianglehighschool,researchtrianglehighschool,https://researchtrianglehighschool.bamboohr.com/careers
cubelabs,cubelabs,https://cubelabs.bamboohr.com/careers
tompkinswake,tompkinswake,https://tompkinswake.bamboohr.com/careers
akoyabio,akoyabio,https://akoyabio.bamboohr.com/careers
efifoundation,efifoundation,https://efifoundation.bamboohr.com/careers
newcomienzos,newcomienzos,https://newcomienzos.bamboohr.com/careers
tegritycontractors,tegritycontractors,https://tegritycontractors.bamboohr.com/careers
campeon,campeon,https://campeon.bamboohr.com/careers
caseiq,caseiq,https://caseiq.bamboohr.com/careers
ctherm,ctherm,https://ctherm.bamboohr.com/careers
phigenics,phigenics,https://phigenics.bamboohr.com/careers
thapremierclientkp,thapremierclientkp,https://thapremierclientkp.bamboohr.com/careers
communityactionskagit,communityactionskagit,https://communityactionskagit.bamboohr.com/careers
maritimehelicopters,maritimehelicopters,https://maritimehelicopters.bamboohr.com/careers
netbeez,netbeez,https://netbeez.bamboohr.com/careers
avfrd,avfrd,https://avfrd.bamboohr.com/careers
company119,company119,https://company119.bamboohr.com/careers
everettsautoparts,everettsautoparts,https://everettsautoparts.bamboohr.com/careers
victorychurch,victorychurch,https://victorychurch.bamboohr.com/careers
wcdhd,wcdhd,https://wcdhd.bamboohr.com/careers
wieucaroadbaptistchurch,wieucaroadbaptistchurch,https://wieucaroadbaptistchurch.bamboohr.com/careers
maverickeng,maverickeng,https://maverickeng.bamboohr.com/careers
northwindtechnicalservic,northwindtechnicalservic,https://northwindtechnicalservic.bamboohr.com/careers
wwnc,wwnc,https://wwnc.bamboohr.com/careers
42crunch,42crunch,https://42crunch.bamboohr.com/careers
treetrust,treetrust,https://treetrust.bamboohr.com/careers
econoler,econoler,https://econoler.bamboohr.com/careers
onsharp,onsharp,https://onsharp.bamboohr.com/careers
tekwav,tekwav,https://tekwav.bamboohr.com/careers
usaforunhcr,usaforunhcr,https://usaforunhcr.bamboohr.com/careers
cys,cys,https://cys.bamboohr.com/careers
eajservices,eajservices,https://eajservices.bamboohr.com/careers
marquettemi,marquettemi,https://marquettemi.bamboohr.com/careers
mdotm,mdotm,https://mdotm.bamboohr.com/careers
summitfire,summitfire,https://summitfire.bamboohr.com/careers
beaconconnections,beaconconnections,https://beaconconnections.bamboohr.com/careers
cysec,cysec,https://cysec.bamboohr.com/careers
lgbtfunders,lgbtfunders,https://lgbtfunders.bamboohr.com/careers
parentingplace,parentingplace,https://parentingplace.bamboohr.com/careers
teknicor,teknicor,https://teknicor.bamboohr.com/careers
compulsiongames,compulsiongames,https://compulsiongames.bamboohr.com/careers
cvg,cvg,https://cvg.bamboohr.com/careers
solex,solex,https://solex.bamboohr.com/careers
deville,deville,https://deville.bamboohr.com/careers
healthcoga,healthcoga,https://healthcoga.bamboohr.com/careers
brightline,brightline,https://brightline.bamboohr.com/careers
dccollaborative,dccollaborative,https://dccollaborative.bamboohr.com/careers
tango,tango,https://tango.bamboohr.com/careers
toursbylocals,toursbylocals,https://toursbylocals.bamboohr.com/careers
xscion,xscion,https://xscion.bamboohr.com/careers
domogroup,domogroup,https://domogroup.bamboohr.com/careers
jconnelly,jconnelly,https://jconnelly.bamboohr.com/careers
profitandgrowth,profitandgrowth,https://profitandgrowth.bamboohr.com/careers
stalbansclub,stalbansclub,https://stalbansclub.bamboohr.com/careers
ignitepositivechanges,ignitepositivechanges,https://ignitepositivechanges.bamboohr.com/careers
stebby,stebby,https://stebby.bamboohr.com/careers
westsidejustice,westsidejustice,https://westsidejustice.bamboohr.com/careers
foodrecoverynetwork,foodrecoverynetwork,https://foodrecoverynetwork.bamboohr.com/careers
scarsellabros,scarsellabros,https://scarsellabros.bamboohr.com/careers
hiveway,hiveway,https://hiveway.bamboohr.com/careers
salinapublic,salinapublic,https://salinapublic.bamboohr.com/careers
buildinghopeinthecity,buildinghopeinthecity,https://buildinghopeinthecity.bamboohr.com/careers
casc,casc,https://casc.bamboohr.com/careers
ceresai,ceresai,https://ceresai.bamboohr.com/careers
morpc,morpc,https://morpc.bamboohr.com/careers
asyousow,asyousow,https://asyousow.bamboohr.com/careers
seasideplumbing,seasideplumbing,https://seasideplumbing.bamboohr.com/careers
tof,tof,https://tof.bamboohr.com/careers
trackfive,trackfive,https://trackfive.bamboohr.com/careers
anyon,anyon,https://anyon.bamboohr.com/careers
gk,gk,https://gk.bamboohr.com/careers
rlg,rlg,https://rlg.bamboohr.com/careers
statesuniteddemocracy,statesuniteddemocracy,https://statesuniteddemocracy.bamboohr.com/careers
trentvineyard,trentvineyard,https://trentvineyard.bamboohr.com/careers
cloudmargin,cloudmargin,https://cloudmargin.bamboohr.com/careers
tlcsolutions,tlcsolutions,https://tlcsolutions.bamboohr.com/careers
cbtreatmentcenter,cbtreatmentcenter,https://cbtreatmentcenter.bamboohr.com/careers
elaw,elaw,https://elaw.bamboohr.com/careers
torontobluejays,torontobluejays,https://torontobluejays.bamboohr.com/careers
completesol,completesol,https://completesol.bamboohr.com/careers
frontiercfo,frontiercfo,https://frontiercfo.bamboohr.com/careers
globaltel,globaltel,https://globaltel.bamboohr.com/careers
ofntsc,ofntsc,https://ofntsc.bamboohr.com/careers
propertyme,propertyme,https://propertyme.bamboohr.com/careers
meadowbrookchurch,meadowbrookchurch,https://meadowbrookchurch.bamboohr.com/careers
serasanakaty,serasanakaty,https://serasanakaty.bamboohr.com/careers
contexture,contexture,https://contexture.bamboohr.com/careers
ergosolutions,ergosolutions,https://ergosolutions.bamboohr.com/careers
friendswoodcc,friendswoodcc,https://friendswoodcc.bamboohr.com/careers
liftinteractive,liftinteractive,https://liftinteractive.bamboohr.com/careers
lushomo,lushomo,https://lushomo.bamboohr.com/careers
sportlogiq,sportlogiq,https://sportlogiq.bamboohr.com/careers
forsite,forsite,https://forsite.bamboohr.com/careers
yess,yess,https://yess.bamboohr.com/careers
adsalarm,adsalarm,https://adsalarm.bamboohr.com/careers
nordersupply,nordersupply,https://nordersupply.bamboohr.com/careers
cognira,cognira,https://cognira.bamboohr.com/careers
silkcommerce,silkcommerce,https://silkcommerce.bamboohr.com/careers
creatoraccountabilitynetwork,creatoraccountabilitynetwork,https://creatoraccountabilitynetwork.bamboohr.com/careers
kawacapitalmanagement,kawacapitalmanagement,https://kawacapitalmanagement.bamboohr.com/careers
smartskin,smartskin,https://smartskin.bamboohr.com/careers
collinsmachine,collinsmachine,https://collinsmachine.bamboohr.com/careers
rdmlawyers,rdmlawyers,https://rdmlawyers.bamboohr.com/careers
kslcapital,kslcapital,https://kslcapital.bamboohr.com/careers
astrak,astrak,https://astrak.bamboohr.com/careers
brightiron,brightiron,https://brightiron.bamboohr.com/careers
marinedrive,marinedrive,https://marinedrive.bamboohr.com/careers
o180,o180,https://o180.bamboohr.com/careers
whiteroom,whiteroom,https://whiteroom.bamboohr.com/careers
dovevirtual,dovevirtual,https://dovevirtual.bamboohr.com/careers
luvbridal,luvbridal,https://luvbridal.bamboohr.com/careers
stmarg,stmarg,https://stmarg.bamboohr.com/careers
earthbalance,earthbalance,https://earthbalance.bamboohr.com/careers
s4,s4,https://s4.bamboohr.com/careers
americanbankmontana,americanbankmontana,https://americanbankmontana.bamboohr.com/careers
bfaglobal,bfaglobal,https://bfaglobal.bamboohr.com/careers
connectcpa,connectcpa,https://connectcpa.bamboohr.com/careers
viagiotech,viagiotech,https://viagiotech.bamboohr.com/careers
greenpeaceorg,greenpeaceorg,https://greenpeaceorg.bamboohr.com/careers
landmarksolutions,landmarksolutions,https://landmarksolutions.bamboohr.com/careers
blairfamilysolutions,blairfamilysolutions,https://blairfamilysolutions.bamboohr.com/careers
tractionrec,tractionrec,https://tractionrec.bamboohr.com/careers
bkimechanical,bkimechanical,https://bkimechanical.bamboohr.com/careers
indigenousclimateaction,indigenousclimateaction,https://indigenousclimateaction.bamboohr.com/careers
intouchinsight,intouchinsight,https://intouchinsight.bamboohr.com/careers
stargatehydrogen,stargatehydrogen,https://stargatehydrogen.bamboohr.com/careers
wcscanada,wcscanada,https://wcscanada.bamboohr.com/careers
lanciaconsult,lanciaconsult,https://lanciaconsult.bamboohr.com/careers
teachingattherightlevel,teachingattherightlevel,https://teachingattherightlevel.bamboohr.com/careers
bluecanyontech,bluecanyontech,https://bluecanyontech.bamboohr.com/careers
hummingbirdresources,hummingbirdresources,https://hummingbirdresources.bamboohr.com/careers
rosecityrollers,rosecityrollers,https://rosecityrollers.bamboohr.com/careers
finitecarbon,finitecarbon,https://finitecarbon.bamboohr.com/careers
603legalaid,603legalaid,https://603legalaid.bamboohr.com/careers
digitalplanet,digitalplanet,https://digitalplanet.bamboohr.com/careers
diverseworkspdx,diverseworkspdx,https://diverseworkspdx.bamboohr.com/careers
elkgroveparks,elkgroveparks,https://elkgroveparks.bamboohr.com/careers
europa,europa,https://europa.bamboohr.com/careers
ilsc,ilsc,https://ilsc.bamboohr.com/careers
internetalchemy,internetalchemy,https://internetalchemy.bamboohr.com/careers
monarchcabinetry,monarchcabinetry,https://monarchcabinetry.bamboohr.com/careers
onlea,onlea,https://onlea.bamboohr.com/careers
payzli,payzli,https://payzli.bamboohr.com/careers
radiantvs,radiantvs,https://radiantvs.bamboohr.com/careers
brooks,brooks,https://brooks.bamboohr.com/careers
counterpoint,counterpoint,https://counterpoint.bamboohr.com/careers
strade,strade,https://strade.bamboohr.com/careers
cvsc,cvsc,https://cvsc.bamboohr.com/careers
randomstudio,randomstudio,https://randomstudio.bamboohr.com/careers
trussvet,trussvet,https://trussvet.bamboohr.com/careers
mounthorebchristian,mounthorebchristian,https://mounthorebchristian.bamboohr.com/careers
cjairport,cjairport,https://cjairport.bamboohr.com/careers
energyx,energyx,https://energyx.bamboohr.com/careers
hcchospital,hcchospital,https://hcchospital.bamboohr.com/careers
meatymeats,meatymeats,https://meatymeats.bamboohr.com/careers
commonjustice,commonjustice,https://commonjustice.bamboohr.com/careers
nwaccessfund,nwaccessfund,https://nwaccessfund.bamboohr.com/careers
kvg,kvg,https://kvg.bamboohr.com/careers
nutriquest,nutriquest,https://nutriquest.bamboohr.com/careers
osbornbarrparamore,osbornbarrparamore,https://osbornbarrparamore.bamboohr.com/careers
reachu,reachu,https://reachu.bamboohr.com/careers
sensestreet,sensestreet,https://sensestreet.bamboohr.com/careers
group161,group161,https://group161.bamboohr.com/careers
ifesworld,ifesworld,https://ifesworld.bamboohr.com/careers
limelightconsulting,limelightconsulting,https://limelightconsulting.bamboohr.com/careers
rock,rock,https://rock.bamboohr.com/careers
aasafetyinc,aasafetyinc,https://aasafetyinc.bamboohr.com/careers
andersonair,andersonair,https://andersonair.bamboohr.com/careers
billigence,billigence,https://billigence.bamboohr.com/careers
mrghr,mrghr,https://mrghr.bamboohr.com/careers
ounalashka,ounalashka,https://ounalashka.bamboohr.com/careers
razor,razor,https://razor.bamboohr.com/careers
aspenfire,aspenfire,https://aspenfire.bamboohr.com/careers
luf,luf,https://luf.bamboohr.com/careers
uasu,uasu,https://uasu.bamboohr.com/careers
civicainfrastructure,civicainfrastructure,https://civicainfrastructure.bamboohr.com/careers
heliosenergia,heliosenergia,https://heliosenergia.bamboohr.com/careers
mainframe,mainframe,https://mainframe.bamboohr.com/careers
sac,sac,https://sac.bamboohr.com/careers
africastalking,africastalking,https://africastalking.bamboohr.com/careers
catconsult,catconsult,https://catconsult.bamboohr.com/careers
goodwell,goodwell,https://goodwell.bamboohr.com/careers
standardfiber,standardfiber,https://standardfiber.bamboohr.com/careers
edifyorg,edifyorg,https://edifyorg.bamboohr.com/careers
jccscpa,jccscpa,https://jccscpa.bamboohr.com/careers
pechangatribalgovernment,pechangatribalgovernment,https://pechangatribalgovernment.bamboohr.com/careers
acsinspiroz,acsinspiroz,https://acsinspiroz.bamboohr.com/careers
ndcam,ndcam,https://ndcam.bamboohr.com/careers
nicklpass,nicklpass,https://nicklpass.bamboohr.com/careers
apextraderfunding,apextraderfunding,https://apextraderfunding.bamboohr.com/careers
autochlor,autochlor,https://autochlor.bamboohr.com/careers
gatewaypublicschools,gatewaypublicschools,https://gatewaypublicschools.bamboohr.com/careers
onwa,onwa,https://onwa.bamboohr.com/careers
vexxhost,vexxhost,https://vexxhost.bamboohr.com/careers
aboutenergyuk,aboutenergyuk,https://aboutenergyuk.bamboohr.com/careers
zafin,zafin,https://zafin.bamboohr.com/careers
demmelearning,demmelearning,https://demmelearning.bamboohr.com/careers
sawtoothsoftware,sawtoothsoftware,https://sawtoothsoftware.bamboohr.com/careers
ufs,ufs,https://ufs.bamboohr.com/careers
bofish,bofish,https://bofish.bamboohr.com/careers
deltasecurity,deltasecurity,https://deltasecurity.bamboohr.com/careers
gemco,gemco,https://gemco.bamboohr.com/careers
evergreenefficiency,evergreenefficiency,https://evergreenefficiency.bamboohr.com/careers
3peaksadvisors,3peaksadvisors,https://3peaksadvisors.bamboohr.com/careers
dywidag,dywidag,https://dywidag.bamboohr.com/careers
jhlconstructors,jhlconstructors,https://jhlconstructors.bamboohr.com/careers
rockportnetworks,rockportnetworks,https://rockportnetworks.bamboohr.com/careers
therealizationgroup,therealizationgroup,https://therealizationgroup.bamboohr.com/careers
happyfinish,happyfinish,https://happyfinish.bamboohr.com/careers
lucidlink,lucidlink,https://lucidlink.bamboohr.com/careers
mainstreamrp,mainstreamrp,https://mainstreamrp.bamboohr.com/careers
frontierschools,frontierschools,https://frontierschools.bamboohr.com/careers
jemhr,jemhr,https://jemhr.bamboohr.com/careers
onthemoney,onthemoney,https://onthemoney.bamboohr.com/careers
tmgworld,tmgworld,https://tmgworld.bamboohr.com/careers
abyss,abyss,https://abyss.bamboohr.com/careers
kelleyuustal,kelleyuustal,https://kelleyuustal.bamboohr.com/careers
seechange,seechange,https://seechange.bamboohr.com/careers
slintegrated,slintegrated,https://slintegrated.bamboohr.com/careers
bladmin,bladmin,https://bladmin.bamboohr.com/careers
ccetompkins,ccetompkins,https://ccetompkins.bamboohr.com/careers
teamcamelot,teamcamelot,https://teamcamelot.bamboohr.com/careers
exostellar,exostellar,https://exostellar.bamboohr.com/careers
openspaceforartsandcommunity,openspaceforartsandcommunity,https://openspaceforartsandcommunity.bamboohr.com/careers
palisadepest,palisadepest,https://palisadepest.bamboohr.com/careers
olparks,olparks,https://olparks.bamboohr.com/careers
myrvla,myrvla,https://myrvla.bamboohr.com/careers
climatech,climatech,https://climatech.bamboohr.com/careers
benchmarkdatasolutions,benchmarkdatasolutions,https://benchmarkdatasolutions.bamboohr.com/careers
tradspestcontrol,tradspestcontrol,https://tradspestcontrol.bamboohr.com/careers
aclions,aclions,https://aclions.bamboohr.com/careers
dsqtechnology,dsqtechnology,https://dsqtechnology.bamboohr.com/careers
ibc,ibc,https://ibc.bamboohr.com/careers
nca,nca,https://nca.bamboohr.com/careers
axjs,axjs,https://axjs.bamboohr.com/careers
calgaryjohnhoward,calgaryjohnhoward,https://calgaryjohnhoward.bamboohr.com/careers
everstake,everstake,https://everstake.bamboohr.com/careers
fertifa,fertifa,https://fertifa.bamboohr.com/careers
jonesanddemille,jonesanddemille,https://jonesanddemille.bamboohr.com/careers
moveplangroup,moveplangroup,https://moveplangroup.bamboohr.com/careers
transoftsolutions,transoftsolutions,https://transoftsolutions.bamboohr.com/careers
wsb,wsb,https://wsb.bamboohr.com/careers
dgi,dgi,https://dgi.bamboohr.com/careers
statelinechurch,statelinechurch,https://statelinechurch.bamboohr.com/careers
virtuozzo,virtuozzo,https://virtuozzo.bamboohr.com/careers
zoomph,zoomph,https://zoomph.bamboohr.com/careers
coutoconstruction,coutoconstruction,https://coutoconstruction.bamboohr.com/careers
crholdingslimited,crholdingslimited,https://crholdingslimited.bamboohr.com/careers
naeh,naeh,https://naeh.bamboohr.com/careers
reataeandmw,reataeandmw,https://reataeandmw.bamboohr.com/careers
coachem,coachem,https://coachem.bamboohr.com/careers
parkvwchurch,parkvwchurch,https://parkvwchurch.bamboohr.com/careers
greenlakecountyus,greenlakecountyus,https://greenlakecountyus.bamboohr.com/careers
signsandlinesbystretch,signsandlinesbystretch,https://signsandlinesbystretch.bamboohr.com/careers
titanoil,titanoil,https://titanoil.bamboohr.com/careers
fullcircle1,fullcircle1,https://fullcircle1.bamboohr.com/careers
neptunelines,neptunelines,https://neptunelines.bamboohr.com/careers
ork,ork,https://ork.bamboohr.com/careers
rapaport,rapaport,https://rapaport.bamboohr.com/careers
ausland,ausland,https://ausland.bamboohr.com/careers
elementary,elementary,https://elementary.bamboohr.com/careers
usepilot,usepilot,https://usepilot.bamboohr.com/careers
canadianclimateinstitute,canadianclimateinstitute,https://canadianclimateinstitute.bamboohr.com/careers
cmis,cmis,https://cmis.bamboohr.com/careers
helixkc,helixkc,https://helixkc.bamboohr.com/careers
occrp,occrp,https://occrp.bamboohr.com/careers
secdev,secdev,https://secdev.bamboohr.com/careers
fremontbrewing,fremontbrewing,https://fremontbrewing.bamboohr.com/careers
jsheld,jsheld,https://jsheld.bamboohr.com/careers
bssd,bssd,https://bssd.bamboohr.com/careers
metacompliance,metacompliance,https://metacompliance.bamboohr.com/careers
structuretx,structuretx,https://structuretx.bamboohr.com/careers
optionsit,optionsit,https://optionsit.bamboohr.com/careers
terrestrialenergy,terrestrialenergy,https://terrestrialenergy.bamboohr.com/careers
alimentiv,alimentiv,https://alimentiv.bamboohr.com/careers
fraxion,fraxion,https://fraxion.bamboohr.com/careers
jpiifoundation,jpiifoundation,https://jpiifoundation.bamboohr.com/careers
tadsl,tadsl,https://tadsl.bamboohr.com/careers
commercialpaintingco,commercialpaintingco,https://commercialpaintingco.bamboohr.com/careers
haymonhomes,haymonhomes,https://haymonhomes.bamboohr.com/careers
suscotland,suscotland,https://suscotland.bamboohr.com/careers
technosylva,technosylva,https://technosylva.bamboohr.com/careers
wellpointe,wellpointe,https://wellpointe.bamboohr.com/careers
ycbm,ycbm,https://ycbm.bamboohr.com/careers
darrschackowinsurance,darrschackowinsurance,https://darrschackowinsurance.bamboohr.com/careers
linkupteletherapy,linkupteletherapy,https://linkupteletherapy.bamboohr.com/careers
nexusinno,nexusinno,https://nexusinno.bamboohr.com/careers
quintuscorporation,quintuscorporation,https://quintuscorporation.bamboohr.com/careers
stellatechnology,stellatechnology,https://stellatechnology.bamboohr.com/careers
amputeecoalition,amputeecoalition,https://amputeecoalition.bamboohr.com/careers
attentivecareservice,attentivecareservice,https://attentivecareservice.bamboohr.com/careers
boulderruralfire,boulderruralfire,https://boulderruralfire.bamboohr.com/careers
listentech,listentech,https://listentech.bamboohr.com/careers
mocanyc,mocanyc,https://mocanyc.bamboohr.com/careers
pressentergroup,pressentergroup,https://pressentergroup.bamboohr.com/careers
woolwichcommunityhealthcentre,woolwichcommunityhealthcentre,https://woolwichcommunityhealthcentre.bamboohr.com/careers
cfsconsulting,cfsconsulting,https://cfsconsulting.bamboohr.com/careers
etsllc,etsllc,https://etsllc.bamboohr.com/careers
luxeparkingmanagement,luxeparkingmanagement,https://luxeparkingmanagement.bamboohr.com/careers
sekcap,sekcap,https://sekcap.bamboohr.com/careers
creatv,creatv,https://creatv.bamboohr.com/careers
caninecraze,caninecraze,https://caninecraze.bamboohr.com/careers
cppi,cppi,https://cppi.bamboohr.com/careers
kepler1,kepler1,https://kepler1.bamboohr.com/careers
systemxi,systemxi,https://systemxi.bamboohr.com/careers
snicsolutions,snicsolutions,https://snicsolutions.bamboohr.com/careers
ci2,ci2,https://ci2.bamboohr.com/careers
diginex,diginex,https://diginex.bamboohr.com/careers
hayessolicitors,hayessolicitors,https://hayessolicitors.bamboohr.com/careers
trendyminds,trendyminds,https://trendyminds.bamboohr.com/careers
utahwarriors,utahwarriors,https://utahwarriors.bamboohr.com/careers
wraparoundmd,wraparoundmd,https://wraparoundmd.bamboohr.com/careers
gotouche,gotouche,https://gotouche.bamboohr.com/careers
mcfcs,mcfcs,https://mcfcs.bamboohr.com/careers
qcairport,qcairport,https://qcairport.bamboohr.com/careers
quantinium,quantinium,https://quantinium.bamboohr.com/careers
solink,solink,https://solink.bamboohr.com/careers
boffoproperties,boffoproperties,https://boffoproperties.bamboohr.com/careers
docaid,docaid,https://docaid.bamboohr.com/careers
lifeenhancement,lifeenhancement,https://lifeenhancement.bamboohr.com/careers
redefiners,redefiners,https://redefiners.bamboohr.com/careers
shinebrightcare,shinebrightcare,https://shinebrightcare.bamboohr.com/careers
sorensengross,sorensengross,https://sorensengross.bamboohr.com/careers
brighttax,brighttax,https://brighttax.bamboohr.com/careers
diagnostykadigitalhub,diagnostykadigitalhub,https://diagnostykadigitalhub.bamboohr.com/careers
proavsolutionsqld,proavsolutionsqld,https://proavsolutionsqld.bamboohr.com/careers
eugenecascadescoast,eugenecascadescoast,https://eugenecascadescoast.bamboohr.com/careers
medialab,medialab,https://medialab.bamboohr.com/careers
alkira,alkira,https://alkira.bamboohr.com/careers
globalinitiative,globalinitiative,https://globalinitiative.bamboohr.com/careers
storyconstruction,storyconstruction,https://storyconstruction.bamboohr.com/careers
spiralscout,spiralscout,https://spiralscout.bamboohr.com/careers
algaktiv,algaktiv,https://algaktiv.bamboohr.com/careers
concretetech,concretetech,https://concretetech.bamboohr.com/careers
everguard,everguard,https://everguard.bamboohr.com/careers
fasthorseinc,fasthorseinc,https://fasthorseinc.bamboohr.com/careers
pnecycle,pnecycle,https://pnecycle.bamboohr.com/careers
rdcnc,rdcnc,https://rdcnc.bamboohr.com/careers
igg,igg,https://igg.bamboohr.com/careers
thatcompany,thatcompany,https://thatcompany.bamboohr.com/careers
mjdau,mjdau,https://mjdau.bamboohr.com/careers
thresholdhousing,thresholdhousing,https://thresholdhousing.bamboohr.com/careers
aisobservers,aisobservers,https://aisobservers.bamboohr.com/careers
fringebenefitplans,fringebenefitplans,https://fringebenefitplans.bamboohr.com/careers
resilienttoday,resilienttoday,https://resilienttoday.bamboohr.com/careers
sherrillpestcontrol,sherrillpestcontrol,https://sherrillpestcontrol.bamboohr.com/careers
thepublicsa,thepublicsa,https://thepublicsa.bamboohr.com/careers
cfhd,cfhd,https://cfhd.bamboohr.com/careers
convergenceisrael,convergenceisrael,https://convergenceisrael.bamboohr.com/careers
iipay,iipay,https://iipay.bamboohr.com/careers
kotahi,kotahi,https://kotahi.bamboohr.com/careers
delvedc,delvedc,https://delvedc.bamboohr.com/careers
meyerspetcare,meyerspetcare,https://meyerspetcare.bamboohr.com/careers
scalepad,scalepad,https://scalepad.bamboohr.com/careers
tototheo,tototheo,https://tototheo.bamboohr.com/careers
umatillaelectric,umatillaelectric,https://umatillaelectric.bamboohr.com/careers
bprd,bprd,https://bprd.bamboohr.com/careers
juliansanderslaw,juliansanderslaw,https://juliansanderslaw.bamboohr.com/careers
tnps,tnps,https://tnps.bamboohr.com/careers
mylogically,mylogically,https://mylogically.bamboohr.com/careers
caristo,caristo,https://caristo.bamboohr.com/careers
eggfarmersofcanada,eggfarmersofcanada,https://eggfarmersofcanada.bamboohr.com/careers
unode50,unode50,https://unode50.bamboohr.com/careers
creditsystemsintl,creditsystemsintl,https://creditsystemsintl.bamboohr.com/careers
lasbest,lasbest,https://lasbest.bamboohr.com/careers
onefinestay,onefinestay,https://onefinestay.bamboohr.com/careers
poc,poc,https://poc.bamboohr.com/careers
wisor,wisor,https://wisor.bamboohr.com/careers
thomsongordongroup,thomsongordongroup,https://thomsongordongroup.bamboohr.com/careers
tympahealthtechnologiesinc,tympahealthtechnologiesinc,https://tympahealthtechnologiesinc.bamboohr.com/careers
businessprocessingsolutions,businessprocessingsolutions,https://businessprocessingsolutions.bamboohr.com/careers
calgary,calgary,https://calgary.bamboohr.com/careers
dynamicconcepts,dynamicconcepts,https://dynamicconcepts.bamboohr.com/careers
fittes,fittes,https://fittes.bamboohr.com/careers
giatecscientific,giatecscientific,https://giatecscientific.bamboohr.com/careers
lucyd,lucyd,https://lucyd.bamboohr.com/careers
mfgsci,mfgsci,https://mfgsci.bamboohr.com/careers
g2,g2,https://g2.bamboohr.com/careers
jfklaw,jfklaw,https://jfklaw.bamboohr.com/careers
secnewgateuk,secnewgateuk,https://secnewgateuk.bamboohr.com/careers
whitecapsfc,whitecapsfc,https://whitecapsfc.bamboohr.com/careers
arroyotrabuco,arroyotrabuco,https://arroyotrabuco.bamboohr.com/careers
heanet,heanet,https://heanet.bamboohr.com/careers
modoccontracting,modoccontracting,https://modoccontracting.bamboohr.com/careers
ralmax,ralmax,https://ralmax.bamboohr.com/careers
uppartners,uppartners,https://uppartners.bamboohr.com/careers
1upnw,1upnw,https://1upnw.bamboohr.com/careers
auriens,auriens,https://auriens.bamboohr.com/careers
infrrd,infrrd,https://infrrd.bamboohr.com/careers
rosanopartners,rosanopartners,https://rosanopartners.bamboohr.com/careers
createto,createto,https://createto.bamboohr.com/careers
irisworldwide,irisworldwide,https://irisworldwide.bamboohr.com/careers
weseedchange,weseedchange,https://weseedchange.bamboohr.com/careers
africanclimatefoundation,africanclimatefoundation,https://africanclimatefoundation.bamboohr.com/careers
cwlt,cwlt,https://cwlt.bamboohr.com/careers
gruberlaw,gruberlaw,https://gruberlaw.bamboohr.com/careers
oze,oze,https://oze.bamboohr.com/careers
rumpl,rumpl,https://rumpl.bamboohr.com/careers
thejeffersonhealthplan,thejeffersonhealthplan,https://thejeffersonhealthplan.bamboohr.com/careers
2circleinc,2circleinc,https://2circleinc.bamboohr.com/careers
trophiai,trophiai,https://trophiai.bamboohr.com/careers
tsf,tsf,https://tsf.bamboohr.com/careers
renocavanaugh,renocavanaugh,https://renocavanaugh.bamboohr.com/careers
ftoc,ftoc,https://ftoc.bamboohr.com/careers
progressmfg,progressmfg,https://progressmfg.bamboohr.com/careers
degservices,degservices,https://degservices.bamboohr.com/careers
pandpglass,pandpglass,https://pandpglass.bamboohr.com/careers
sc811,sc811,https://sc811.bamboohr.com/careers
wmtdigital,wmtdigital,https://wmtdigital.bamboohr.com/careers
spevco,spevco,https://spevco.bamboohr.com/careers
alliancetrustco,alliancetrustco,https://alliancetrustco.bamboohr.com/careers
anchorageparkfoundation,anchorageparkfoundation,https://anchorageparkfoundation.bamboohr.com/careers
entratus,entratus,https://entratus.bamboohr.com/careers
ghid,ghid,https://ghid.bamboohr.com/careers
dws,dws,https://dws.bamboohr.com/careers
gocavs,gocavs,https://gocavs.bamboohr.com/careers
onejustice,onejustice,https://onejustice.bamboohr.com/careers
waystone,waystone,https://waystone.bamboohr.com/careers
charteroakhomecare,charteroakhomecare,https://charteroakhomecare.bamboohr.com/careers
iontra,iontra,https://iontra.bamboohr.com/careers
berlinpackaging,berlinpackaging,https://berlinpackaging.bamboohr.com/careers
panteleon,panteleon,https://panteleon.bamboohr.com/careers
redlodgejobs,redlodgejobs,https://redlodgejobs.bamboohr.com/careers
chemtek,chemtek,https://chemtek.bamboohr.com/careers
gomedstar,gomedstar,https://gomedstar.bamboohr.com/careers
igcc,igcc,https://igcc.bamboohr.com/careers
leedsalabama,leedsalabama,https://leedsalabama.bamboohr.com/careers
venosnh,venosnh,https://venosnh.bamboohr.com/careers
coreuk,coreuk,https://coreuk.bamboohr.com/careers
historicnewengland,historicnewengland,https://historicnewengland.bamboohr.com/careers
montanainternet,montanainternet,https://montanainternet.bamboohr.com/careers
recognisebank,recognisebank,https://recognisebank.bamboohr.com/careers
octaviacarbon,octaviacarbon,https://octaviacarbon.bamboohr.com/careers
baldwinshell,baldwinshell,https://baldwinshell.bamboohr.com/careers
sheplersferry,sheplersferry,https://sheplersferry.bamboohr.com/careers
ariateurope,ariateurope,https://ariateurope.bamboohr.com/careers
bentonvillear,bentonvillear,https://bentonvillear.bamboohr.com/careers
cdg,cdg,https://cdg.bamboohr.com/careers
eventsair,eventsair,https://eventsair.bamboohr.com/careers
freedmanhealth,freedmanhealth,https://freedmanhealth.bamboohr.com/careers
pebc,pebc,https://pebc.bamboohr.com/careers
refugeesinternational,refugeesinternational,https://refugeesinternational.bamboohr.com/careers
spectrumhealth,spectrumhealth,https://spectrumhealth.bamboohr.com/careers
healthwaregroup,healthwaregroup,https://healthwaregroup.bamboohr.com/careers
savanta,savanta,https://savanta.bamboohr.com/careers
summaequity,summaequity,https://summaequity.bamboohr.com/careers
luckysaint,luckysaint,https://luckysaint.bamboohr.com/careers
nowports,nowports,https://nowports.bamboohr.com/careers
gmfsteel,gmfsteel,https://gmfsteel.bamboohr.com/careers
valeonetworks,valeonetworks,https://valeonetworks.bamboohr.com/careers
peoplevisor,peoplevisor,https://peoplevisor.bamboohr.com/careers
rmgcllc,rmgcllc,https://rmgcllc.bamboohr.com/careers
sgcompany,sgcompany,https://sgcompany.bamboohr.com/careers
dehamerlandscaping,dehamerlandscaping,https://dehamerlandscaping.bamboohr.com/careers
jcaero,jcaero,https://jcaero.bamboohr.com/careers
westendstrategy,westendstrategy,https://westendstrategy.bamboohr.com/careers
wolfsteel,wolfsteel,https://wolfsteel.bamboohr.com/careers
elmdenegroup,elmdenegroup,https://elmdenegroup.bamboohr.com/careers
frontierrailroad,frontierrailroad,https://frontierrailroad.bamboohr.com/careers
5icloudsolutions,5icloudsolutions,https://5icloudsolutions.bamboohr.com/careers
ropelpaso,ropelpaso,https://ropelpaso.bamboohr.com/careers
luminate,luminate,https://luminate.bamboohr.com/careers
ecallogy,ecallogy,https://ecallogy.bamboohr.com/careers
paginemediche,paginemediche,https://paginemediche.bamboohr.com/careers
womenemployed,womenemployed,https://womenemployed.bamboohr.com/careers
citwa,citwa,https://citwa.bamboohr.com/careers
creativespeechsolutions,creativespeechsolutions,https://creativespeechsolutions.bamboohr.com/careers
defiant,defiant,https://defiant.bamboohr.com/careers
encepta,encepta,https://encepta.bamboohr.com/careers
uprisingcenter,uprisingcenter,https://uprisingcenter.bamboohr.com/careers
azerion,azerion,https://azerion.bamboohr.com/careers
lasroc,lasroc,https://lasroc.bamboohr.com/careers
lifelenstechnologies,lifelenstechnologies,https://lifelenstechnologies.bamboohr.com/careers
precisionnutrition,precisionnutrition,https://precisionnutrition.bamboohr.com/careers
sensorup,sensorup,https://sensorup.bamboohr.com/careers
ysbiv,ysbiv,https://ysbiv.bamboohr.com/careers
aimsnei,aimsnei,https://aimsnei.bamboohr.com/careers
avantinsurance,avantinsurance,https://avantinsurance.bamboohr.com/careers
brightbeginningskids,brightbeginningskids,https://brightbeginningskids.bamboohr.com/careers
landr,landr,https://landr.bamboohr.com/careers
wyomingcda,wyomingcda,https://wyomingcda.bamboohr.com/careers
balladgroup,balladgroup,https://balladgroup.bamboohr.com/careers
lanesgroup,lanesgroup,https://lanesgroup.bamboohr.com/careers
yellomedia,yellomedia,https://yellomedia.bamboohr.com/careers
maltorg,maltorg,https://maltorg.bamboohr.com/careers
afteam,afteam,https://afteam.bamboohr.com/careers
coppertreesolutions,coppertreesolutions,https://coppertreesolutions.bamboohr.com/careers
delta40,delta40,https://delta40.bamboohr.com/careers
neofonie,neofonie,https://neofonie.bamboohr.com/careers
netvendor,netvendor,https://netvendor.bamboohr.com/careers
teamrailsr,teamrailsr,https://teamrailsr.bamboohr.com/careers
empirepls,empirepls,https://empirepls.bamboohr.com/careers
halfmoon,halfmoon,https://halfmoon.bamboohr.com/careers
alabamaagcredit,alabamaagcredit,https://alabamaagcredit.bamboohr.com/careers
hrfh,hrfh,https://hrfh.bamboohr.com/careers
montway,montway,https://montway.bamboohr.com/careers
protectgroup,protectgroup,https://protectgroup.bamboohr.com/careers
quantanite,quantanite,https://quantanite.bamboohr.com/careers
bleems,bleems,https://bleems.bamboohr.com/careers
mantrafitness,mantrafitness,https://mantrafitness.bamboohr.com/careers
zelp,zelp,https://zelp.bamboohr.com/careers
advertisepurple,advertisepurple,https://advertisepurple.bamboohr.com/careers
evolvemkd,evolvemkd,https://evolvemkd.bamboohr.com/careers
themeljrmartyzajacfoundation,themeljrmartyzajacfoundation,https://themeljrmartyzajacfoundation.bamboohr.com/careers
welab,welab,https://welab.bamboohr.com/careers
growingkidslearningcenter,growingkidslearningcenter,https://growingkidslearningcenter.bamboohr.com/careers
winktechnologies,winktechnologies,https://winktechnologies.bamboohr.com/careers
societebrewing,societebrewing,https://societebrewing.bamboohr.com/careers
thestrategicfirm,thestrategicfirm,https://thestrategicfirm.bamboohr.com/careers
everydaymassive,everydaymassive,https://everydaymassive.bamboohr.com/careers
ttisi,ttisi,https://ttisi.bamboohr.com/careers
it360,it360,https://it360.bamboohr.com/careers
kaybenlandscaping,kaybenlandscaping,https://kaybenlandscaping.bamboohr.com/careers
mbfoundation,mbfoundation,https://mbfoundation.bamboohr.com/careers
mhfnz,mhfnz,https://mhfnz.bamboohr.com/careers
arcoirisschool,arcoirisschool,https://arcoirisschool.bamboohr.com/careers
robinsontech,robinsontech,https://robinsontech.bamboohr.com/careers
branchtechnology,branchtechnology,https://branchtechnology.bamboohr.com/careers
centracom,centracom,https://centracom.bamboohr.com/careers
gnbac,gnbac,https://gnbac.bamboohr.com/careers
marshallutilities,marshallutilities,https://marshallutilities.bamboohr.com/careers
meniga,meniga,https://meniga.bamboohr.com/careers
andaria,andaria,https://andaria.bamboohr.com/careers
cronoseuropa,cronoseuropa,https://cronoseuropa.bamboohr.com/careers
strongbridge,strongbridge,https://strongbridge.bamboohr.com/careers
tulip,tulip,https://tulip.bamboohr.com/careers
clear,clear,https://clear.bamboohr.com/careers
helloflynn,helloflynn,https://helloflynn.bamboohr.com/careers
worthwhile,worthwhile,https://worthwhile.bamboohr.com/careers
yoganandaseva,yoganandaseva,https://yoganandaseva.bamboohr.com/careers
turn,turn,https://turn.bamboohr.com/careers
reasonone,reasonone,https://reasonone.bamboohr.com/careers
theneatocompany,theneatocompany,https://theneatocompany.bamboohr.com/careers
binsky,binsky,https://binsky.bamboohr.com/careers
castoredc,castoredc,https://castoredc.bamboohr.com/careers
saalt,saalt,https://saalt.bamboohr.com/careers
salalsvsc,salalsvsc,https://salalsvsc.bamboohr.com/careers
wattglobal,wattglobal,https://wattglobal.bamboohr.com/careers
charlottecentercitypartners,charlottecentercitypartners,https://charlottecentercitypartners.bamboohr.com/careers
circlecardiovascularimaging,circlecardiovascularimaging,https://circlecardiovascularimaging.bamboohr.com/careers
cisnwmi,cisnwmi,https://cisnwmi.bamboohr.com/careers
forvismazarssingapore,forvismazarssingapore,https://forvismazarssingapore.bamboohr.com/careers
hochiki,hochiki,https://hochiki.bamboohr.com/careers
surepoint,surepoint,https://surepoint.bamboohr.com/careers
texelairconz,texelairconz,https://texelairconz.bamboohr.com/careers
21stcenturyrehab,21stcenturyrehab,https://21stcenturyrehab.bamboohr.com/careers
limelightmarketing,limelightmarketing,https://limelightmarketing.bamboohr.com/careers
ryangootee,ryangootee,https://ryangootee.bamboohr.com/careers
uledger,uledger,https://uledger.bamboohr.com/careers
venturechristian,venturechristian,https://venturechristian.bamboohr.com/careers
westendfamilycounselingservice,westendfamilycounselingservice,https://westendfamilycounselingservice.bamboohr.com/careers
ccsao,ccsao,https://ccsao.bamboohr.com/careers
dividedsky,dividedsky,https://dividedsky.bamboohr.com/careers
acelabio,acelabio,https://acelabio.bamboohr.com/careers
eleventhhourgames,eleventhhourgames,https://eleventhhourgames.bamboohr.com/careers
bbmrieric,bbmrieric,https://bbmrieric.bamboohr.com/careers
motorsandcontrols,motorsandcontrols,https://motorsandcontrols.bamboohr.com/careers
solon,solon,https://solon.bamboohr.com/careers
wilsonconst,wilsonconst,https://wilsonconst.bamboohr.com/careers
12thstreetauto,12thstreetauto,https://12thstreetauto.bamboohr.com/careers
brinkersjewelers,brinkersjewelers,https://brinkersjewelers.bamboohr.com/careers
genesisdigital,genesisdigital,https://genesisdigital.bamboohr.com/careers
sovsc,sovsc,https://sovsc.bamboohr.com/careers
tdcpagroup,tdcpagroup,https://tdcpagroup.bamboohr.com/careers
proavsolutions,proavsolutions,https://proavsolutions.bamboohr.com/careers
siliconranch,siliconranch,https://siliconranch.bamboohr.com/careers
bc2,bc2,https://bc2.bamboohr.com/careers
bloedelreserve,bloedelreserve,https://bloedelreserve.bamboohr.com/careers
htmniseko,htmniseko,https://htmniseko.bamboohr.com/careers
studiotf1america,studiotf1america,https://studiotf1america.bamboohr.com/careers
tlichoic,tlichoic,https://tlichoic.bamboohr.com/careers
investottawabayviewyards,investottawabayviewyards,https://investottawabayviewyards.bamboohr.com/careers
lifepushllc,lifepushllc,https://lifepushllc.bamboohr.com/careers
gifted,gifted,https://gifted.bamboohr.com/careers
brankas,brankas,https://brankas.bamboohr.com/careers
climatefundmanagers,climatefundmanagers,https://climatefundmanagers.bamboohr.com/careers
nwcpud,nwcpud,https://nwcpud.bamboohr.com/careers
peoplesclinic,peoplesclinic,https://peoplesclinic.bamboohr.com/careers
rms,rms,https://rms.bamboohr.com/careers
trudynamic,trudynamic,https://trudynamic.bamboohr.com/careers
broadcastmgmtgroup,broadcastmgmtgroup,https://broadcastmgmtgroup.bamboohr.com/careers
evanshunt,evanshunt,https://evanshunt.bamboohr.com/careers
mitchellwhale,mitchellwhale,https://mitchellwhale.bamboohr.com/careers
compasspathways,compasspathways,https://compasspathways.bamboohr.com/careers
ecotech,ecotech,https://ecotech.bamboohr.com/careers
fivestones,fivestones,https://fivestones.bamboohr.com/careers
earthbound,earthbound,https://earthbound.bamboohr.com/careers
utd,utd,https://utd.bamboohr.com/careers
freedomchurchsc,freedomchurchsc,https://freedomchurchsc.bamboohr.com/careers
midminnesotaentertainment,midminnesotaentertainment,https://midminnesotaentertainment.bamboohr.com/careers
covertswarm,covertswarm,https://covertswarm.bamboohr.com/careers
oneacadiana,oneacadiana,https://oneacadiana.bamboohr.com/careers
spaceinternational,spaceinternational,https://spaceinternational.bamboohr.com/careers
dakwakada,dakwakada,https://dakwakada.bamboohr.com/careers
fryeartmuseum,fryeartmuseum,https://fryeartmuseum.bamboohr.com/careers
mcleanschool,mcleanschool,https://mcleanschool.bamboohr.com/careers
mattr,mattr,https://mattr.bamboohr.com/careers
passion,passion,https://passion.bamboohr.com/careers
amanacare,amanacare,https://amanacare.bamboohr.com/careers
cutwel2,cutwel2,https://cutwel2.bamboohr.com/careers
neareast,neareast,https://neareast.bamboohr.com/careers
sandbox,sandbox,https://sandbox.bamboohr.com/careers
atomicroastery,atomicroastery,https://atomicroastery.bamboohr.com/careers
elitehomerehab,elitehomerehab,https://elitehomerehab.bamboohr.com/careers
vanmoof,vanmoof,https://vanmoof.bamboohr.com/careers
iconcreative,iconcreative,https://iconcreative.bamboohr.com/careers
koydol,koydol,https://koydol.bamboohr.com/careers
lovascogroup,lovascogroup,https://lovascogroup.bamboohr.com/careers
mrelief,mrelief,https://mrelief.bamboohr.com/careers
cityofjackson,cityofjackson,https://cityofjackson.bamboohr.com/careers
chowdeck,chowdeck,https://chowdeck.bamboohr.com/careers
leparvet,leparvet,https://leparvet.bamboohr.com/careers
menlo,menlo,https://menlo.bamboohr.com/careers
nymcard,nymcard,https://nymcard.bamboohr.com/careers
alaskacenter,alaskacenter,https://alaskacenter.bamboohr.com/careers
bimeda,bimeda,https://bimeda.bamboohr.com/careers
eskasonischoolboard,eskasonischoolboard,https://eskasonischoolboard.bamboohr.com/careers
motorsport,motorsport,https://motorsport.bamboohr.com/careers
oct,oct,https://oct.bamboohr.com/careers
thepeopleschurch,thepeopleschurch,https://thepeopleschurch.bamboohr.com/careers
netcenter,netcenter,https://netcenter.bamboohr.com/careers
sbdautomotive,sbdautomotive,https://sbdautomotive.bamboohr.com/careers
qcatalyst,qcatalyst,https://qcatalyst.bamboohr.com/careers
druidhillscdc,druidhillscdc,https://druidhillscdc.bamboohr.com/careers
fullcircle,fullcircle,https://fullcircle.bamboohr.com/careers
hokanson,hokanson,https://hokanson.bamboohr.com/careers
glasscanvas,glasscanvas,https://glasscanvas.bamboohr.com/careers
martello,martello,https://martello.bamboohr.com/careers
explorance,explorance,https://explorance.bamboohr.com/careers
miscs,miscs,https://miscs.bamboohr.com/careers
neboces,neboces,https://neboces.bamboohr.com/careers
tagmedia,tagmedia,https://tagmedia.bamboohr.com/careers
hssv,hssv,https://hssv.bamboohr.com/careers
prospection,prospection,https://prospection.bamboohr.com/careers
transitionbio,transitionbio,https://transitionbio.bamboohr.com/careers
valleymedical,valleymedical,https://valleymedical.bamboohr.com/careers
foho,foho,https://foho.bamboohr.com/careers
ifpim,ifpim,https://ifpim.bamboohr.com/careers
lba,lba,https://lba.bamboohr.com/careers
lukka,lukka,https://lukka.bamboohr.com/careers
nextgenamerica,nextgenamerica,https://nextgenamerica.bamboohr.com/careers
pmat,pmat,https://pmat.bamboohr.com/careers
goldbugtrial,goldbugtrial,https://goldbugtrial.bamboohr.com/careers
ready5restoration,ready5restoration,https://ready5restoration.bamboohr.com/careers
shareword,shareword,https://shareword.bamboohr.com/careers
nhtinc,nhtinc,https://nhtinc.bamboohr.com/careers
reynoldsrestorationservices,reynoldsrestorationservices,https://reynoldsrestorationservices.bamboohr.com/careers
anufamilyservices,anufamilyservices,https://anufamilyservices.bamboohr.com/careers
elfuturo,elfuturo,https://elfuturo.bamboohr.com/careers
goservpro,goservpro,https://goservpro.bamboohr.com/careers
1office,1office,https://1office.bamboohr.com/careers
encircleapp,encircleapp,https://encircleapp.bamboohr.com/careers
vytelle,vytelle,https://vytelle.bamboohr.com/careers
blockaero,blockaero,https://blockaero.bamboohr.com/careers
oxfordbiotherapeutics,oxfordbiotherapeutics,https://oxfordbiotherapeutics.bamboohr.com/careers
birdbuddy,birdbuddy,https://birdbuddy.bamboohr.com/careers
modernautobody,modernautobody,https://modernautobody.bamboohr.com/careers
nanushka,nanushka,https://nanushka.bamboohr.com/careers
rolla,rolla,https://rolla.bamboohr.com/careers
thinkmagellan,thinkmagellan,https://thinkmagellan.bamboohr.com/careers
virtuoso,virtuoso,https://virtuoso.bamboohr.com/careers
approvepayments,approvepayments,https://approvepayments.bamboohr.com/careers
bosta,bosta,https://bosta.bamboohr.com/careers
hamptonroads,hamptonroads,https://hamptonroads.bamboohr.com/careers
performancesolutions,performancesolutions,https://performancesolutions.bamboohr.com/careers
seekonk,seekonk,https://seekonk.bamboohr.com/careers
aprime,aprime,https://aprime.bamboohr.com/careers
kuunda,kuunda,https://kuunda.bamboohr.com/careers
lyonspaint,lyonspaint,https://lyonspaint.bamboohr.com/careers
thenewgen,thenewgen,https://thenewgen.bamboohr.com/careers
3cat,3cat,https://3cat.bamboohr.com/careers
eaglequest,eaglequest,https://eaglequest.bamboohr.com/careers
eriksen,eriksen,https://eriksen.bamboohr.com/careers
moldeddimensions,moldeddimensions,https://moldeddimensions.bamboohr.com/careers
westvalleydetox,westvalleydetox,https://westvalleydetox.bamboohr.com/careers
adeptag,adeptag,https://adeptag.bamboohr.com/careers
anaqua,anaqua,https://anaqua.bamboohr.com/careers
avenuefive,avenuefive,https://avenuefive.bamboohr.com/careers
bellgroup,bellgroup,https://bellgroup.bamboohr.com/careers
stranddev,stranddev,https://stranddev.bamboohr.com/careers
alterian,alterian,https://alterian.bamboohr.com/careers
augustrosehc,augustrosehc,https://augustrosehc.bamboohr.com/careers
rt7digital,rt7digital,https://rt7digital.bamboohr.com/careers
wusc,wusc,https://wusc.bamboohr.com/careers
cinesitemontreal,cinesitemontreal,https://cinesitemontreal.bamboohr.com/careers
dohop,dohop,https://dohop.bamboohr.com/careers
wkt,wkt,https://wkt.bamboohr.com/careers
3keel,3keel,https://3keel.bamboohr.com/careers
locationcollective,locationcollective,https://locationcollective.bamboohr.com/careers
newhopecorps,newhopecorps,https://newhopecorps.bamboohr.com/careers
paizo,paizo,https://paizo.bamboohr.com/careers
bloomapp,bloomapp,https://bloomapp.bamboohr.com/careers
eonhealth,eonhealth,https://eonhealth.bamboohr.com/careers
infrafly,infrafly,https://infrafly.bamboohr.com/careers
thewaveint,thewaveint,https://thewaveint.bamboohr.com/careers
vamanufacturers,vamanufacturers,https://vamanufacturers.bamboohr.com/careers
avidbots,avidbots,https://avidbots.bamboohr.com/careers
chenbro,chenbro,https://chenbro.bamboohr.com/careers
cifar,cifar,https://cifar.bamboohr.com/careers
jarvis,jarvis,https://jarvis.bamboohr.com/careers
labx,labx,https://labx.bamboohr.com/careers
nurturaveda,nurturaveda,https://nurturaveda.bamboohr.com/careers
streimer,streimer,https://streimer.bamboohr.com/careers
zaelot,zaelot,https://zaelot.bamboohr.com/careers
insomnialabs,insomnialabs,https://insomnialabs.bamboohr.com/careers
viotas,viotas,https://viotas.bamboohr.com/careers
penningtonparkchurch,penningtonparkchurch,https://penningtonparkchurch.bamboohr.com/careers
soundplanninggroup,soundplanninggroup,https://soundplanninggroup.bamboohr.com/careers
continentalmanufacturing,continentalmanufacturing,https://continentalmanufacturing.bamboohr.com/careers
lt,lt,https://lt.bamboohr.com/careers
mcss,mcss,https://mcss.bamboohr.com/careers
burdgdunham,burdgdunham,https://burdgdunham.bamboohr.com/careers
centerforcoalfieldjustice,centerforcoalfieldjustice,https://centerforcoalfieldjustice.bamboohr.com/careers
prismmaritime,prismmaritime,https://prismmaritime.bamboohr.com/careers
sccommunityloanfund,sccommunityloanfund,https://sccommunityloanfund.bamboohr.com/careers
finoragroup,finoragroup,https://finoragroup.bamboohr.com/careers
fullersgroup,fullersgroup,https://fullersgroup.bamboohr.com/careers
rickhansenfoundation,rickhansenfoundation,https://rickhansenfoundation.bamboohr.com/careers
tentree,tentree,https://tentree.bamboohr.com/careers
altrogco,altrogco,https://altrogco.bamboohr.com/careers
flextrade,flextrade,https://flextrade.bamboohr.com/careers
xavierlawfirm,xavierlawfirm,https://xavierlawfirm.bamboohr.com/careers
base,base,https://base.bamboohr.com/careers
consolidated,consolidated,https://consolidated.bamboohr.com/careers
dayoneintegrativeservices,dayoneintegrativeservices,https://dayoneintegrativeservices.bamboohr.com/careers
mercuryfilmworks,mercuryfilmworks,https://mercuryfilmworks.bamboohr.com/careers
payara,payara,https://payara.bamboohr.com/careers
apichaya,apichaya,https://apichaya.bamboohr.com/careers
nexjhealth,nexjhealth,https://nexjhealth.bamboohr.com/careers
ove,ove,https://ove.bamboohr.com/careers
shipex,shipex,https://shipex.bamboohr.com/careers
apgecommerce,apgecommerce,https://apgecommerce.bamboohr.com/careers
finchmaloney,finchmaloney,https://finchmaloney.bamboohr.com/careers
gasproservices,gasproservices,https://gasproservices.bamboohr.com/careers
wyomingoutdoorcouncil,wyomingoutdoorcouncil,https://wyomingoutdoorcouncil.bamboohr.com/careers
xlabsystems1,xlabsystems1,https://xlabsystems1.bamboohr.com/careers
dandgcompanies,dandgcompanies,https://dandgcompanies.bamboohr.com/careers
internetsociety,internetsociety,https://internetsociety.bamboohr.com/careers
csusai,csusai,https://csusai.bamboohr.com/careers
nprc,nprc,https://nprc.bamboohr.com/careers
graphem,graphem,https://graphem.bamboohr.com/careers
marketingessentials,marketingessentials,https://marketingessentials.bamboohr.com/careers
relayr,relayr,https://relayr.bamboohr.com/careers
vancouverfarmersmarket,vancouverfarmersmarket,https://vancouverfarmersmarket.bamboohr.com/careers
100percentgroup,100percentgroup,https://100percentgroup.bamboohr.com/careers
scaffolding,scaffolding,https://scaffolding.bamboohr.com/careers
wingsrecovery,wingsrecovery,https://wingsrecovery.bamboohr.com/careers
mbdaus,mbdaus,https://mbdaus.bamboohr.com/careers
unitedsmarttech,unitedsmarttech,https://unitedsmarttech.bamboohr.com/careers
utahlegalservices,utahlegalservices,https://utahlegalservices.bamboohr.com/careers
allianceaba,allianceaba,https://allianceaba.bamboohr.com/careers
theclassiccenter,theclassiccenter,https://theclassiccenter.bamboohr.com/careers
thecommonschurch,thecommonschurch,https://thecommonschurch.bamboohr.com/careers
blinknow,blinknow,https://blinknow.bamboohr.com/careers
geoscan,geoscan,https://geoscan.bamboohr.com/careers
lavanda,lavanda,https://lavanda.bamboohr.com/careers
revantage,revantage,https://revantage.bamboohr.com/careers
thebrasserie,thebrasserie,https://thebrasserie.bamboohr.com/careers
riversedgeadvisors,riversedgeadvisors,https://riversedgeadvisors.bamboohr.com/careers
gungho,gungho,https://gungho.bamboohr.com/careers
swartzrestoration,swartzrestoration,https://swartzrestoration.bamboohr.com/careers
barristonlaw,barristonlaw,https://barristonlaw.bamboohr.com/careers
epicpharmacy,epicpharmacy,https://epicpharmacy.bamboohr.com/careers
humanityfinancial,humanityfinancial,https://humanityfinancial.bamboohr.com/careers
icic,icic,https://icic.bamboohr.com/careers
swat,swat,https://swat.bamboohr.com/careers
dga,dga,https://dga.bamboohr.com/careers
guardhouse,guardhouse,https://guardhouse.bamboohr.com/careers
nimbleactivewear,nimbleactivewear,https://nimbleactivewear.bamboohr.com/careers
bulmanndock,bulmanndock,https://bulmanndock.bamboohr.com/careers
nvva,nvva,https://nvva.bamboohr.com/careers
barnacleparking,barnacleparking,https://barnacleparking.bamboohr.com/careers
criscpa,criscpa,https://criscpa.bamboohr.com/careers
hiphopcaucus,hiphopcaucus,https://hiphopcaucus.bamboohr.com/careers
nowcircular,nowcircular,https://nowcircular.bamboohr.com/careers
clevermethod,clevermethod,https://clevermethod.bamboohr.com/careers
nubimetrics,nubimetrics,https://nubimetrics.bamboohr.com/careers
sesnet,sesnet,https://sesnet.bamboohr.com/careers
thinkanalytics,thinkanalytics,https://thinkanalytics.bamboohr.com/careers
xypro,xypro,https://xypro.bamboohr.com/careers
1to1,1to1,https://1to1.bamboohr.com/careers
cureepilepsy,cureepilepsy,https://cureepilepsy.bamboohr.com/careers
pminternational,pminternational,https://pminternational.bamboohr.com/careers
tekla,tekla,https://tekla.bamboohr.com/careers
tigoenergy,tigoenergy,https://tigoenergy.bamboohr.com/careers
cwcos,cwcos,https://cwcos.bamboohr.com/careers
antares,antares,https://antares.bamboohr.com/careers
clvgroup,clvgroup,https://clvgroup.bamboohr.com/careers
activeviam,activeviam,https://activeviam.bamboohr.com/careers
hmr,hmr,https://hmr.bamboohr.com/careers
rtccom,rtccom,https://rtccom.bamboohr.com/careers
mindgrub,mindgrub,https://mindgrub.bamboohr.com/careers
peatix,peatix,https://peatix.bamboohr.com/careers
savvymoney,savvymoney,https://savvymoney.bamboohr.com/careers
clincloud,clincloud,https://clincloud.bamboohr.com/careers
core3,core3,https://core3.bamboohr.com/careers
plantwithpurpose,plantwithpurpose,https://plantwithpurpose.bamboohr.com/careers
royercorp,royercorp,https://royercorp.bamboohr.com/careers
saucecommunications,saucecommunications,https://saucecommunications.bamboohr.com/careers
bare,bare,https://bare.bamboohr.com/careers
zoonewengland,zoonewengland,https://zoonewengland.bamboohr.com/careers
akcelo,akcelo,https://akcelo.bamboohr.com/careers
catulpa,catulpa,https://catulpa.bamboohr.com/careers
spacedrip,spacedrip,https://spacedrip.bamboohr.com/careers
worldvision,worldvision,https://worldvision.bamboohr.com/careers
broccolini,broccolini,https://broccolini.bamboohr.com/careers
researchsol,researchsol,https://researchsol.bamboohr.com/careers
switchmediaau,switchmediaau,https://switchmediaau.bamboohr.com/careers
batimoinc,batimoinc,https://batimoinc.bamboohr.com/careers
kmedigital,kmedigital,https://kmedigital.bamboohr.com/careers
portlandinternetworks,portlandinternetworks,https://portlandinternetworks.bamboohr.com/careers
pra,pra,https://pra.bamboohr.com/careers
thousandcurrents,thousandcurrents,https://thousandcurrents.bamboohr.com/careers
brotherhoodsistersol,brotherhoodsistersol,https://brotherhoodsistersol.bamboohr.com/careers
htminsurance,htminsurance,https://htminsurance.bamboohr.com/careers
breakthroughmontessori,breakthroughmontessori,https://breakthroughmontessori.bamboohr.com/careers
mpatime,mpatime,https://mpatime.bamboohr.com/careers
nystromelectric,nystromelectric,https://nystromelectric.bamboohr.com/careers
winterholben,winterholben,https://winterholben.bamboohr.com/careers
ccocanada,ccocanada,https://ccocanada.bamboohr.com/careers
thebao,thebao,https://thebao.bamboohr.com/careers
themantheigroup,themantheigroup,https://themantheigroup.bamboohr.com/careers
uscdcb,uscdcb,https://uscdcb.bamboohr.com/careers
buffalogardens,buffalogardens,https://buffalogardens.bamboohr.com/careers
emgacquisitions,emgacquisitions,https://emgacquisitions.bamboohr.com/careers
mybambu,mybambu,https://mybambu.bamboohr.com/careers
saltchurch,saltchurch,https://saltchurch.bamboohr.com/careers
shiningstarpcs,shiningstarpcs,https://shiningstarpcs.bamboohr.com/careers
ezypay,ezypay,https://ezypay.bamboohr.com/careers
onedesignco,onedesignco,https://onedesignco.bamboohr.com/careers
dcmol,dcmol,https://dcmol.bamboohr.com/careers
novasphere,novasphere,https://novasphere.bamboohr.com/careers
hardwirellc,hardwirellc,https://hardwirellc.bamboohr.com/careers
molecularyou,molecularyou,https://molecularyou.bamboohr.com/careers
upstateforever,upstateforever,https://upstateforever.bamboohr.com/careers
yli,yli,https://yli.bamboohr.com/careers
b2xcare,b2xcare,https://b2xcare.bamboohr.com/careers
pinteam,pinteam,https://pinteam.bamboohr.com/careers
eriemutual,eriemutual,https://eriemutual.bamboohr.com/careers
krmdev,krmdev,https://krmdev.bamboohr.com/careers
meq,meq,https://meq.bamboohr.com/careers
abasolutions,abasolutions,https://abasolutions.bamboohr.com/careers
dreamprogram,dreamprogram,https://dreamprogram.bamboohr.com/careers
innovateatlanta,innovateatlanta,https://innovateatlanta.bamboohr.com/careers
sohodragon,sohodragon,https://sohodragon.bamboohr.com/careers
umbralab,umbralab,https://umbralab.bamboohr.com/careers
emptor,emptor,https://emptor.bamboohr.com/careers
laivly,laivly,https://laivly.bamboohr.com/careers
lgmeats,lgmeats,https://lgmeats.bamboohr.com/careers
exceldriverservices,exceldriverservices,https://exceldriverservices.bamboohr.com/careers
ingletonwood,ingletonwood,https://ingletonwood.bamboohr.com/careers
intelmatix,intelmatix,https://intelmatix.bamboohr.com/careers
accwis,accwis,https://accwis.bamboohr.com/careers
compassdevco,compassdevco,https://compassdevco.bamboohr.com/careers
cylynt,cylynt,https://cylynt.bamboohr.com/careers
racc,racc,https://racc.bamboohr.com/careers
rockride,rockride,https://rockride.bamboohr.com/careers
mare,mare,https://mare.bamboohr.com/careers
northeastvolleyballclub,northeastvolleyballclub,https://northeastvolleyballclub.bamboohr.com/careers
trtglobalsolutions,trtglobalsolutions,https://trtglobalsolutions.bamboohr.com/careers
bvmcapacity,bvmcapacity,https://bvmcapacity.bamboohr.com/careers
gsolegal,gsolegal,https://gsolegal.bamboohr.com/careers
risecpa,risecpa,https://risecpa.bamboohr.com/careers
mosaicbc,mosaicbc,https://mosaicbc.bamboohr.com/careers
ricepsychology,ricepsychology,https://ricepsychology.bamboohr.com/careers
shankmanandassociates,shankmanandassociates,https://shankmanandassociates.bamboohr.com/careers
supplywisdom,supplywisdom,https://supplywisdom.bamboohr.com/careers
clockwork,clockwork,https://clockwork.bamboohr.com/careers
uphold,uphold,https://uphold.bamboohr.com/careers
vantagepointchurch,vantagepointchurch,https://vantagepointchurch.bamboohr.com/careers
theinnbetween,theinnbetween,https://theinnbetween.bamboohr.com/careers
anchoragelandtrust,anchoragelandtrust,https://anchoragelandtrust.bamboohr.com/careers
peakinitiative,peakinitiative,https://peakinitiative.bamboohr.com/careers
gabordesignbuild,gabordesignbuild,https://gabordesignbuild.bamboohr.com/careers
pearlmeyer,pearlmeyer,https://pearlmeyer.bamboohr.com/careers
sifft,sifft,https://sifft.bamboohr.com/careers
wearecda,wearecda,https://wearecda.bamboohr.com/careers
horticulturenz,horticulturenz,https://horticulturenz.bamboohr.com/careers
alaskacf,alaskacf,https://alaskacf.bamboohr.com/careers
baileynelson,baileynelson,https://baileynelson.bamboohr.com/careers
cleanriteri,cleanriteri,https://cleanriteri.bamboohr.com/careers
barnstormvfx,barnstormvfx,https://barnstormvfx.bamboohr.com/careers
bustransportation,bustransportation,https://bustransportation.bamboohr.com/careers
caltog,caltog,https://caltog.bamboohr.com/careers
kcglobalmedia,kcglobalmedia,https://kcglobalmedia.bamboohr.com/careers
medirect,medirect,https://medirect.bamboohr.com/careers
orphalan,orphalan,https://orphalan.bamboohr.com/careers
bravebison,bravebison,https://bravebison.bamboohr.com/careers
discoverylandco,discoverylandco,https://discoverylandco.bamboohr.com/careers
elitestaffingandconsulting,elitestaffingandconsulting,https://elitestaffingandconsulting.bamboohr.com/careers
exclusivecleaning,exclusivecleaning,https://exclusivecleaning.bamboohr.com/careers
flemingmedical,flemingmedical,https://flemingmedical.bamboohr.com/careers
icolohr,icolohr,https://icolohr.bamboohr.com/careers
aquaterra,aquaterra,https://aquaterra.bamboohr.com/careers
betonalfa,betonalfa,https://betonalfa.bamboohr.com/careers
blueprintsubsea,blueprintsubsea,https://blueprintsubsea.bamboohr.com/careers
clarity,clarity,https://clarity.bamboohr.com/careers
masonamerica,masonamerica,https://masonamerica.bamboohr.com/careers
newchildrensmuseum,newchildrensmuseum,https://newchildrensmuseum.bamboohr.com/careers
pmiworldwide,pmiworldwide,https://pmiworldwide.bamboohr.com/careers
onwardsearch,onwardsearch,https://onwardsearch.bamboohr.com/careers
savethesound,savethesound,https://savethesound.bamboohr.com/careers
thevanguardschool,thevanguardschool,https://thevanguardschool.bamboohr.com/careers
thinkglobalschool,thinkglobalschool,https://thinkglobalschool.bamboohr.com/careers
triggerise,triggerise,https://triggerise.bamboohr.com/careers
trueaero,trueaero,https://trueaero.bamboohr.com/careers
altusincii,altusincii,https://altusincii.bamboohr.com/careers
dappradar,dappradar,https://dappradar.bamboohr.com/careers
luminus,luminus,https://luminus.bamboohr.com/careers
npffpn,npffpn,https://npffpn.bamboohr.com/careers
sucittastealth,sucittastealth,https://sucittastealth.bamboohr.com/careers
victimsupportscotland,victimsupportscotland,https://victimsupportscotland.bamboohr.com/careers
jbconsulting,jbconsulting,https://jbconsulting.bamboohr.com/careers
lolared,lolared,https://lolared.bamboohr.com/careers
ordergroup,ordergroup,https://ordergroup.bamboohr.com/careers
accelion,accelion,https://accelion.bamboohr.com/careers
zpesystems,zpesystems,https://zpesystems.bamboohr.com/careers
blufftonfd,blufftonfd,https://blufftonfd.bamboohr.com/careers
codimitepvt,codimitepvt,https://codimitepvt.bamboohr.com/careers
ibs,ibs,https://ibs.bamboohr.com/careers
johnmini,johnmini,https://johnmini.bamboohr.com/careers
powermonitors,powermonitors,https://powermonitors.bamboohr.com/careers
quantumspace,quantumspace,https://quantumspace.bamboohr.com/careers
alexandriasheriffsoffice,alexandriasheriffsoffice,https://alexandriasheriffsoffice.bamboohr.com/careers
igamingplatform,igamingplatform,https://igamingplatform.bamboohr.com/careers
itavg,itavg,https://itavg.bamboohr.com/careers
josephjacobjewelers,josephjacobjewelers,https://josephjacobjewelers.bamboohr.com/careers
kfmed,kfmed,https://kfmed.bamboohr.com/careers
lettusgrow,lettusgrow,https://lettusgrow.bamboohr.com/careers
eosaircraftinc,eosaircraftinc,https://eosaircraftinc.bamboohr.com/careers
scudamores,scudamores,https://scudamores.bamboohr.com/careers
storj,storj,https://storj.bamboohr.com/careers
tdg,tdg,https://tdg.bamboohr.com/careers
sudburycu,sudburycu,https://sudburycu.bamboohr.com/careers
trustana,trustana,https://trustana.bamboohr.com/careers
bhspc,bhspc,https://bhspc.bamboohr.com/careers
ihbs,ihbs,https://ihbs.bamboohr.com/careers
pachamamacoffee,pachamamacoffee,https://pachamamacoffee.bamboohr.com/careers
rhstrategic,rhstrategic,https://rhstrategic.bamboohr.com/careers
civitascapital,civitascapital,https://civitascapital.bamboohr.com/careers
dontpaniclabs,dontpaniclabs,https://dontpaniclabs.bamboohr.com/careers
educationstrategyconsulting,educationstrategyconsulting,https://educationstrategyconsulting.bamboohr.com/careers
learnlife,learnlife,https://learnlife.bamboohr.com/careers
powercalifornia,powercalifornia,https://powercalifornia.bamboohr.com/careers
forefrontpower,forefrontpower,https://forefrontpower.bamboohr.com/careers
rogii,rogii,https://rogii.bamboohr.com/careers
vellum,vellum,https://vellum.bamboohr.com/careers
wearerosie,wearerosie,https://wearerosie.bamboohr.com/careers
cfpbmc,cfpbmc,https://cfpbmc.bamboohr.com/careers
cmsllc,cmsllc,https://cmsllc.bamboohr.com/careers
idbank,idbank,https://idbank.bamboohr.com/careers
levanders,levanders,https://levanders.bamboohr.com/careers
seismicsquirrel,seismicsquirrel,https://seismicsquirrel.bamboohr.com/careers
investure,investure,https://investure.bamboohr.com/careers
trodo,trodo,https://trodo.bamboohr.com/careers
ameripharma,ameripharma,https://ameripharma.bamboohr.com/careers
asbell,asbell,https://asbell.bamboohr.com/careers
riveancapital,riveancapital,https://riveancapital.bamboohr.com/careers
starzplayarabia,starzplayarabia,https://starzplayarabia.bamboohr.com/careers
commonhealthaction,commonhealthaction,https://commonhealthaction.bamboohr.com/careers
northernlightsvet,northernlightsvet,https://northernlightsvet.bamboohr.com/careers
thearchco,thearchco,https://thearchco.bamboohr.com/careers
cobot,cobot,https://cobot.bamboohr.com/careers
pizzadelicious,pizzadelicious,https://pizzadelicious.bamboohr.com/careers
toters,toters,https://toters.bamboohr.com/careers
alphafx,alphafx,https://alphafx.bamboohr.com/careers
cpjorg,cpjorg,https://cpjorg.bamboohr.com/careers
encompasssupport,encompasssupport,https://encompasssupport.bamboohr.com/careers
ethoseng,ethoseng,https://ethoseng.bamboohr.com/careers
keway,keway,https://keway.bamboohr.com/careers
206toursold,206toursold,https://206toursold.bamboohr.com/careers
aeis,aeis,https://aeis.bamboohr.com/careers
muros,muros,https://muros.bamboohr.com/careers
novumbank,novumbank,https://novumbank.bamboohr.com/careers
casadolcecasa,casadolcecasa,https://casadolcecasa.bamboohr.com/careers
milestable,milestable,https://milestable.bamboohr.com/careers
twinstake,twinstake,https://twinstake.bamboohr.com/careers
collegehill,collegehill,https://collegehill.bamboohr.com/careers
gwpsanpc,gwpsanpc,https://gwpsanpc.bamboohr.com/careers
nslegalaid,nslegalaid,https://nslegalaid.bamboohr.com/careers
tachyus,tachyus,https://tachyus.bamboohr.com/careers
vyos,vyos,https://vyos.bamboohr.com/careers
wecp,wecp,https://wecp.bamboohr.com/careers
dagarchitects,dagarchitects,https://dagarchitects.bamboohr.com/careers
impactcap,impactcap,https://impactcap.bamboohr.com/careers
ozoneproject,ozoneproject,https://ozoneproject.bamboohr.com/careers
centro,centro,https://centro.bamboohr.com/careers
euna,euna,https://euna.bamboohr.com/careers
triplecreekranch,triplecreekranch,https://triplecreekranch.bamboohr.com/careers
academielafayette,academielafayette,https://academielafayette.bamboohr.com/careers
button,button,https://button.bamboohr.com/careers
plusonerobotics,plusonerobotics,https://plusonerobotics.bamboohr.com/careers
wallfabrics,wallfabrics,https://wallfabrics.bamboohr.com/careers
paulbunyancommunications,paulbunyancommunications,https://paulbunyancommunications.bamboohr.com/careers
provectus,provectus,https://provectus.bamboohr.com/careers
sedarotech,sedarotech,https://sedarotech.bamboohr.com/careers
tpf,tpf,https://tpf.bamboohr.com/careers
tthi,tthi,https://tthi.bamboohr.com/careers
cuunderconstruction,cuunderconstruction,https://cuunderconstruction.bamboohr.com/careers
docsdiesel,docsdiesel,https://docsdiesel.bamboohr.com/careers
expressiongames,expressiongames,https://expressiongames.bamboohr.com/careers
fwslash,fwslash,https://fwslash.bamboohr.com/careers
ipeople,ipeople,https://ipeople.bamboohr.com/careers
jbenton,jbenton,https://jbenton.bamboohr.com/careers
mydrcu,mydrcu,https://mydrcu.bamboohr.com/careers
cb20,cb20,https://cb20.bamboohr.com/careers
deciphex,deciphex,https://deciphex.bamboohr.com/careers
jrbarger,jrbarger,https://jrbarger.bamboohr.com/careers
tiendamia,tiendamia,https://tiendamia.bamboohr.com/careers
brokerchooser,brokerchooser,https://brokerchooser.bamboohr.com/careers
cohocollective,cohocollective,https://cohocollective.bamboohr.com/careers
corovets,corovets,https://corovets.bamboohr.com/careers
lucastree,lucastree,https://lucastree.bamboohr.com/careers
pccharter,pccharter,https://pccharter.bamboohr.com/careers
rsecoop,rsecoop,https://rsecoop.bamboohr.com/careers
terranovanow,terranovanow,https://terranovanow.bamboohr.com/careers
ttcmg,ttcmg,https://ttcmg.bamboohr.com/careers
bison,bison,https://bison.bamboohr.com/careers
deltavinc,deltavinc,https://deltavinc.bamboohr.com/careers
gsengineering,gsengineering,https://gsengineering.bamboohr.com/careers
provincialcu,provincialcu,https://provincialcu.bamboohr.com/careers
revium,revium,https://revium.bamboohr.com/careers
wellcentricdc,wellcentricdc,https://wellcentricdc.bamboohr.com/careers
c40,c40,https://c40.bamboohr.com/careers
hakluyt,hakluyt,https://hakluyt.bamboohr.com/careers
parealtors,parealtors,https://parealtors.bamboohr.com/careers
pbsengineers,pbsengineers,https://pbsengineers.bamboohr.com/careers
prpl,prpl,https://prpl.bamboohr.com/careers
enablingqapital,enablingqapital,https://enablingqapital.bamboohr.com/careers
lvt,lvt,https://lvt.bamboohr.com/careers
plugandplaytechcenter,plugandplaytechcenter,https://plugandplaytechcenter.bamboohr.com/careers
celticchicago,celticchicago,https://celticchicago.bamboohr.com/careers
deepwindoffshore,deepwindoffshore,https://deepwindoffshore.bamboohr.com/careers
dxs,dxs,https://dxs.bamboohr.com/careers
griffith,griffith,https://griffith.bamboohr.com/careers
laesf,laesf,https://laesf.bamboohr.com/careers
stockdalecapital,stockdalecapital,https://stockdalecapital.bamboohr.com/careers
thenewly,thenewly,https://thenewly.bamboohr.com/careers
3yourmind,3yourmind,https://3yourmind.bamboohr.com/careers
comlinksolutions,comlinksolutions,https://comlinksolutions.bamboohr.com/careers
idfive,idfive,https://idfive.bamboohr.com/careers
perimetermed,perimetermed,https://perimetermed.bamboohr.com/careers
sankuphc,sankuphc,https://sankuphc.bamboohr.com/careers
aiu,aiu,https://aiu.bamboohr.com/careers
emedgroup,emedgroup,https://emedgroup.bamboohr.com/careers
fnsb,fnsb,https://fnsb.bamboohr.com/careers
greenempowerment,greenempowerment,https://greenempowerment.bamboohr.com/careers
macc,macc,https://macc.bamboohr.com/careers
boxtlimited,boxtlimited,https://boxtlimited.bamboohr.com/careers
elitedanceacademy,elitedanceacademy,https://elitedanceacademy.bamboohr.com/careers
whitewaterwest,whitewaterwest,https://whitewaterwest.bamboohr.com/careers
wkrecc,wkrecc,https://wkrecc.bamboohr.com/careers
1648factory,1648factory,https://1648factory.bamboohr.com/careers
belmar,belmar,https://belmar.bamboohr.com/careers
cleio,cleio,https://cleio.bamboohr.com/careers
hrsynergyllc,hrsynergyllc,https://hrsynergyllc.bamboohr.com/careers
legacybuildingsolutions,legacybuildingsolutions,https://legacybuildingsolutions.bamboohr.com/careers
picateam,picateam,https://picateam.bamboohr.com/careers
sharphueinc,sharphueinc,https://sharphueinc.bamboohr.com/careers
syncra,syncra,https://syncra.bamboohr.com/careers
anixe,anixe,https://anixe.bamboohr.com/careers
b4networks,b4networks,https://b4networks.bamboohr.com/careers
headway,headway,https://headway.bamboohr.com/careers
iisd,iisd,https://iisd.bamboohr.com/careers
paq,paq,https://paq.bamboohr.com/careers
calsolarinc,calsolarinc,https://calsolarinc.bamboohr.com/careers
climartis,climartis,https://climartis.bamboohr.com/careers
connorconsulting,connorconsulting,https://connorconsulting.bamboohr.com/careers
hrblis,hrblis,https://hrblis.bamboohr.com/careers
masv,masv,https://masv.bamboohr.com/careers
metricmindsgmbh,metricmindsgmbh,https://metricmindsgmbh.bamboohr.com/careers
nilus,nilus,https://nilus.bamboohr.com/careers
116andwest,116andwest,https://116andwest.bamboohr.com/careers
rrgs,rrgs,https://rrgs.bamboohr.com/careers
praxisinstitute,praxisinstitute,https://praxisinstitute.bamboohr.com/careers
reliablemn,reliablemn,https://reliablemn.bamboohr.com/careers
sparklemafia,sparklemafia,https://sparklemafia.bamboohr.com/careers
urbanest,urbanest,https://urbanest.bamboohr.com/careers
alliancehhcs,alliancehhcs,https://alliancehhcs.bamboohr.com/careers
animalercare,animalercare,https://animalercare.bamboohr.com/careers
archagana,archagana,https://archagana.bamboohr.com/careers
bowtie,bowtie,https://bowtie.bamboohr.com/careers
cccnetwork,cccnetwork,https://cccnetwork.bamboohr.com/careers
eastwestcollege,eastwestcollege,https://eastwestcollege.bamboohr.com/careers
mobilizegreen,mobilizegreen,https://mobilizegreen.bamboohr.com/careers
cicc,cicc,https://cicc.bamboohr.com/careers
justicenorth,justicenorth,https://justicenorth.bamboohr.com/careers
liveforlifeutah,liveforlifeutah,https://liveforlifeutah.bamboohr.com/careers
meadowridgeschool,meadowridgeschool,https://meadowridgeschool.bamboohr.com/careers
oicdtpac,oicdtpac,https://oicdtpac.bamboohr.com/careers
save,save,https://save.bamboohr.com/careers
americanlumber,americanlumber,https://americanlumber.bamboohr.com/careers
blastone,blastone,https://blastone.bamboohr.com/careers
communitylivingdufferin,communitylivingdufferin,https://communitylivingdufferin.bamboohr.com/careers
drruscio,drruscio,https://drruscio.bamboohr.com/careers
elvh,elvh,https://elvh.bamboohr.com/careers
leapca,leapca,https://leapca.bamboohr.com/careers
accessstar,accessstar,https://accessstar.bamboohr.com/careers
duplo,duplo,https://duplo.bamboohr.com/careers
leapsquare,leapsquare,https://leapsquare.bamboohr.com/careers
printerlogic,printerlogic,https://printerlogic.bamboohr.com/careers
rjcapital,rjcapital,https://rjcapital.bamboohr.com/careers
halo,halo,https://halo.bamboohr.com/careers
hamiltonbrown,hamiltonbrown,https://hamiltonbrown.bamboohr.com/careers
morrisonshearer,morrisonshearer,https://morrisonshearer.bamboohr.com/careers
mountainland,mountainland,https://mountainland.bamboohr.com/careers
pestx,pestx,https://pestx.bamboohr.com/careers
sacredsociety,sacredsociety,https://sacredsociety.bamboohr.com/careers
sharetown,sharetown,https://sharetown.bamboohr.com/careers
cairo,cairo,https://cairo.bamboohr.com/careers
ciltd,ciltd,https://ciltd.bamboohr.com/careers
sanavida,sanavida,https://sanavida.bamboohr.com/careers
thefooddepot,thefooddepot,https://thefooddepot.bamboohr.com/careers
epicchq,epicchq,https://epicchq.bamboohr.com/careers
jctind,jctind,https://jctind.bamboohr.com/careers
skillsusatexas,skillsusatexas,https://skillsusatexas.bamboohr.com/careers
acleddata,acleddata,https://acleddata.bamboohr.com/careers
friendsofruby,friendsofruby,https://friendsofruby.bamboohr.com/careers
solidatus,solidatus,https://solidatus.bamboohr.com/careers
credentcare,credentcare,https://credentcare.bamboohr.com/careers
firstfederalcommunitybank,firstfederalcommunitybank,https://firstfederalcommunitybank.bamboohr.com/careers
launchglobal,launchglobal,https://launchglobal.bamboohr.com/careers
pivotalfuture,pivotalfuture,https://pivotalfuture.bamboohr.com/careers
topdown,topdown,https://topdown.bamboohr.com/careers
arenko,arenko,https://arenko.bamboohr.com/careers
montanapartyrentals,montanapartyrentals,https://montanapartyrentals.bamboohr.com/careers
foe,foe,https://foe.bamboohr.com/careers
fraserengineering,fraserengineering,https://fraserengineering.bamboohr.com/careers
lmaweb,lmaweb,https://lmaweb.bamboohr.com/careers
mothershipcoffee,mothershipcoffee,https://mothershipcoffee.bamboohr.com/careers
rize,rize,https://rize.bamboohr.com/careers
skilresourcecenter,skilresourcecenter,https://skilresourcecenter.bamboohr.com/careers
autocab,autocab,https://autocab.bamboohr.com/careers
contractexteriors,contractexteriors,https://contractexteriors.bamboohr.com/careers
engageware,engageware,https://engageware.bamboohr.com/careers
mwss,mwss,https://mwss.bamboohr.com/careers
scccl,scccl,https://scccl.bamboohr.com/careers
uscreen,uscreen,https://uscreen.bamboohr.com/careers
cilaschool,cilaschool,https://cilaschool.bamboohr.com/careers
lighthouseelectric,lighthouseelectric,https://lighthouseelectric.bamboohr.com/careers
maxcarehrs,maxcarehrs,https://maxcarehrs.bamboohr.com/careers
meysen,meysen,https://meysen.bamboohr.com/careers
newlifepainting,newlifepainting,https://newlifepainting.bamboohr.com/careers
atlascredit,atlascredit,https://atlascredit.bamboohr.com/careers
boxpower,boxpower,https://boxpower.bamboohr.com/careers
elitedigital,elitedigital,https://elitedigital.bamboohr.com/careers
islandwood,islandwood,https://islandwood.bamboohr.com/careers
nwch,nwch,https://nwch.bamboohr.com/careers
afhs,afhs,https://afhs.bamboohr.com/careers
imaginellc,imaginellc,https://imaginellc.bamboohr.com/careers
verveit,verveit,https://verveit.bamboohr.com/careers
clearspace,clearspace,https://clearspace.bamboohr.com/careers
inlumi,inlumi,https://inlumi.bamboohr.com/careers
kaskocattle,kaskocattle,https://kaskocattle.bamboohr.com/careers
sweetcow,sweetcow,https://sweetcow.bamboohr.com/careers
tropicbioscience,tropicbioscience,https://tropicbioscience.bamboohr.com/careers
workingfamilies,workingfamilies,https://workingfamilies.bamboohr.com/careers
bradfordearlyed,bradfordearlyed,https://bradfordearlyed.bamboohr.com/careers
cielorg,cielorg,https://cielorg.bamboohr.com/careers
fishingpointhc,fishingpointhc,https://fishingpointhc.bamboohr.com/careers
wolfgangdigital,wolfgangdigital,https://wolfgangdigital.bamboohr.com/careers
acolin,acolin,https://acolin.bamboohr.com/careers
distillersr,distillersr,https://distillersr.bamboohr.com/careers
grounded,grounded,https://grounded.bamboohr.com/careers
kolkfarms,kolkfarms,https://kolkfarms.bamboohr.com/careers
psbhq,psbhq,https://psbhq.bamboohr.com/careers
berkshiregrey,berkshiregrey,https://berkshiregrey.bamboohr.com/careers
centralchurchnyc,centralchurchnyc,https://centralchurchnyc.bamboohr.com/careers
outfittersint,outfittersint,https://outfittersint.bamboohr.com/careers
therefineryhouse,therefineryhouse,https://therefineryhouse.bamboohr.com/careers
wonderacademy,wonderacademy,https://wonderacademy.bamboohr.com/careers
ackard,ackard,https://ackard.bamboohr.com/careers
tlcenter,tlcenter,https://tlcenter.bamboohr.com/careers
hotosm,hotosm,https://hotosm.bamboohr.com/careers
mmg,mmg,https://mmg.bamboohr.com/careers
mpsbaltic,mpsbaltic,https://mpsbaltic.bamboohr.com/careers
procarehm,procarehm,https://procarehm.bamboohr.com/careers
sandler,sandler,https://sandler.bamboohr.com/careers
ucemc,ucemc,https://ucemc.bamboohr.com/careers
ceresproject,ceresproject,https://ceresproject.bamboohr.com/careers
nhainc,nhainc,https://nhainc.bamboohr.com/careers
cdsi,cdsi,https://cdsi.bamboohr.com/careers
deckwise,deckwise,https://deckwise.bamboohr.com/careers
helmsandsons,helmsandsons,https://helmsandsons.bamboohr.com/careers
planitmars,planitmars,https://planitmars.bamboohr.com/careers
westlandsuk,westlandsuk,https://westlandsuk.bamboohr.com/careers
willplumb,willplumb,https://willplumb.bamboohr.com/careers
bandc,bandc,https://bandc.bamboohr.com/careers
bfweng,bfweng,https://bfweng.bamboohr.com/careers
goodwillready,goodwillready,https://goodwillready.bamboohr.com/careers
magnetic,magnetic,https://magnetic.bamboohr.com/careers
pearldairy,pearldairy,https://pearldairy.bamboohr.com/careers
cmhahkpr,cmhahkpr,https://cmhahkpr.bamboohr.com/careers
imbank,imbank,https://imbank.bamboohr.com/careers
malcolmdrilling,malcolmdrilling,https://malcolmdrilling.bamboohr.com/careers
aatransporting,aatransporting,https://aatransporting.bamboohr.com/careers
acord,acord,https://acord.bamboohr.com/careers
clickandgrow,clickandgrow,https://clickandgrow.bamboohr.com/careers
frost,frost,https://frost.bamboohr.com/careers
rallynet,rallynet,https://rallynet.bamboohr.com/careers
bonhams,bonhams,https://bonhams.bamboohr.com/careers
chime,chime,https://chime.bamboohr.com/careers
framecad,framecad,https://framecad.bamboohr.com/careers
overstory,overstory,https://overstory.bamboohr.com/careers
teamconnection,teamconnection,https://teamconnection.bamboohr.com/careers
trualta,trualta,https://trualta.bamboohr.com/careers
cognits,cognits,https://cognits.bamboohr.com/careers
firstalliancechurch,firstalliancechurch,https://firstalliancechurch.bamboohr.com/careers
jstreet,jstreet,https://jstreet.bamboohr.com/careers
fourinc,fourinc,https://fourinc.bamboohr.com/careers
garrtool,garrtool,https://garrtool.bamboohr.com/careers
mabeyhire,mabeyhire,https://mabeyhire.bamboohr.com/careers
valuebuildersystem,valuebuildersystem,https://valuebuildersystem.bamboohr.com/careers
ziarecoverycenter,ziarecoverycenter,https://ziarecoverycenter.bamboohr.com/careers
chespenn,chespenn,https://chespenn.bamboohr.com/careers
hutchpaving,hutchpaving,https://hutchpaving.bamboohr.com/careers
securelending,securelending,https://securelending.bamboohr.com/careers
arcetyp,arcetyp,https://arcetyp.bamboohr.com/careers
caedpartners,caedpartners,https://caedpartners.bamboohr.com/careers
cmhaca,cmhaca,https://cmhaca.bamboohr.com/careers
newelhealth,newelhealth,https://newelhealth.bamboohr.com/careers
seealliance,seealliance,https://seealliance.bamboohr.com/careers
dakotacarrier,dakotacarrier,https://dakotacarrier.bamboohr.com/careers
ethicalpower,ethicalpower,https://ethicalpower.bamboohr.com/careers
gurustudio,gurustudio,https://gurustudio.bamboohr.com/careers
prex,prex,https://prex.bamboohr.com/careers
thecommons,thecommons,https://thecommons.bamboohr.com/careers
turnkeyafrica,turnkeyafrica,https://turnkeyafrica.bamboohr.com/careers
aluminiumstewardship,aluminiumstewardship,https://aluminiumstewardship.bamboohr.com/careers
farmlandfoods,farmlandfoods,https://farmlandfoods.bamboohr.com/careers
metrooneservices,metrooneservices,https://metrooneservices.bamboohr.com/careers
microvellum,microvellum,https://microvellum.bamboohr.com/careers
peekvision,peekvision,https://peekvision.bamboohr.com/careers
ptla,ptla,https://ptla.bamboohr.com/careers
sidefx,sidefx,https://sidefx.bamboohr.com/careers
cinesitevancouver,cinesitevancouver,https://cinesitevancouver.bamboohr.com/careers
iodigi,iodigi,https://iodigi.bamboohr.com/careers
bluecadet,bluecadet,https://bluecadet.bamboohr.com/careers
ccpa,ccpa,https://ccpa.bamboohr.com/careers
flipany,flipany,https://flipany.bamboohr.com/careers
girlscoutsosw,girlscoutsosw,https://girlscoutsosw.bamboohr.com/careers
heritagehealthservices,heritagehealthservices,https://heritagehealthservices.bamboohr.com/careers
mii,mii,https://mii.bamboohr.com/careers
cynwavesolutions,cynwavesolutions,https://cynwavesolutions.bamboohr.com/careers
armakuni,armakuni,https://armakuni.bamboohr.com/careers
bklconsultants,bklconsultants,https://bklconsultants.bamboohr.com/careers
brittradius,brittradius,https://brittradius.bamboohr.com/careers
gcph,gcph,https://gcph.bamboohr.com/careers
git,git,https://git.bamboohr.com/careers
profoundtreatment,profoundtreatment,https://profoundtreatment.bamboohr.com/careers
cityoflakeport,cityoflakeport,https://cityoflakeport.bamboohr.com/careers
nwave,nwave,https://nwave.bamboohr.com/careers
pushsecurity,pushsecurity,https://pushsecurity.bamboohr.com/careers
shipshewana,shipshewana,https://shipshewana.bamboohr.com/careers
toebeconstruction,toebeconstruction,https://toebeconstruction.bamboohr.com/careers
vrscorporation,vrscorporation,https://vrscorporation.bamboohr.com/careers
bookouture,bookouture,https://bookouture.bamboohr.com/careers
nativeforward,nativeforward,https://nativeforward.bamboohr.com/careers
ptac,ptac,https://ptac.bamboohr.com/careers
uge,uge,https://uge.bamboohr.com/careers
visitseattle,visitseattle,https://visitseattle.bamboohr.com/careers
busbud,busbud,https://busbud.bamboohr.com/careers
homerule,homerule,https://homerule.bamboohr.com/careers
nayakcorp,nayakcorp,https://nayakcorp.bamboohr.com/careers
precizionpartners,precizionpartners,https://precizionpartners.bamboohr.com/careers
acerta,acerta,https://acerta.bamboohr.com/careers
capitafinancialnetwork,capitafinancialnetwork,https://capitafinancialnetwork.bamboohr.com/careers
freshstart,freshstart,https://freshstart.bamboohr.com/careers
ingeniumschools,ingeniumschools,https://ingeniumschools.bamboohr.com/careers
phillipj,phillipj,https://phillipj.bamboohr.com/careers
shorthand,shorthand,https://shorthand.bamboohr.com/careers
acornstrategy,acornstrategy,https://acornstrategy.bamboohr.com/careers
fileinvite,fileinvite,https://fileinvite.bamboohr.com/careers
jnl,jnl,https://jnl.bamboohr.com/careers
otus,otus,https://otus.bamboohr.com/careers
reachfortomorrow,reachfortomorrow,https://reachfortomorrow.bamboohr.com/careers
doverco,doverco,https://doverco.bamboohr.com/careers
ffbd,ffbd,https://ffbd.bamboohr.com/careers
lda,lda,https://lda.bamboohr.com/careers
pgl,pgl,https://pgl.bamboohr.com/careers
cexio,cexio,https://cexio.bamboohr.com/careers
frontlinecallcenter,frontlinecallcenter,https://frontlinecallcenter.bamboohr.com/careers
indinero,indinero,https://indinero.bamboohr.com/careers
kingscott,kingscott,https://kingscott.bamboohr.com/careers
makola,makola,https://makola.bamboohr.com/careers
zimmermanmulch,zimmermanmulch,https://zimmermanmulch.bamboohr.com/careers
binnie,binnie,https://binnie.bamboohr.com/careers
kbfmagiccabinet,kbfmagiccabinet,https://kbfmagiccabinet.bamboohr.com/careers
mosaichr,mosaichr,https://mosaichr.bamboohr.com/careers
naisiouxfalls,naisiouxfalls,https://naisiouxfalls.bamboohr.com/careers
proteinsources,proteinsources,https://proteinsources.bamboohr.com/careers
avon,avon,https://avon.bamboohr.com/careers
boostcyac,boostcyac,https://boostcyac.bamboohr.com/careers
southallchurch,southallchurch,https://southallchurch.bamboohr.com/careers
statflo,statflo,https://statflo.bamboohr.com/careers
adventgroup,adventgroup,https://adventgroup.bamboohr.com/careers
chemcosystems,chemcosystems,https://chemcosystems.bamboohr.com/careers
condoauthorityontario,condoauthorityontario,https://condoauthorityontario.bamboohr.com/careers
consol,consol,https://consol.bamboohr.com/careers
eoeveryone,eoeveryone,https://eoeveryone.bamboohr.com/careers
miraterra,miraterra,https://miraterra.bamboohr.com/careers
mvcredit,mvcredit,https://mvcredit.bamboohr.com/careers
springfinancial,springfinancial,https://springfinancial.bamboohr.com/careers
brandlive,brandlive,https://brandlive.bamboohr.com/careers
definitionchurch,definitionchurch,https://definitionchurch.bamboohr.com/careers
doveschoolsoklahoma,doveschoolsoklahoma,https://doveschoolsoklahoma.bamboohr.com/careers
reachmobi,reachmobi,https://reachmobi.bamboohr.com/careers
sopecoh,sopecoh,https://sopecoh.bamboohr.com/careers
211tampabay,211tampabay,https://211tampabay.bamboohr.com/careers
mcsteelnorth,mcsteelnorth,https://mcsteelnorth.bamboohr.com/careers
portwest,portwest,https://portwest.bamboohr.com/careers
zentalis,zentalis,https://zentalis.bamboohr.com/careers
atex,atex,https://atex.bamboohr.com/careers
indiegraf,indiegraf,https://indiegraf.bamboohr.com/careers
northstar,northstar,https://northstar.bamboohr.com/careers
sconstruction,sconstruction,https://sconstruction.bamboohr.com/careers
simpsonhousingservices,simpsonhousingservices,https://simpsonhousingservices.bamboohr.com/careers
ylabs,ylabs,https://ylabs.bamboohr.com/careers
actionaidzimbabwe,actionaidzimbabwe,https://actionaidzimbabwe.bamboohr.com/careers
trezz,trezz,https://trezz.bamboohr.com/careers
bickhamservices,bickhamservices,https://bickhamservices.bamboohr.com/careers
blackstoneenergy,blackstoneenergy,https://blackstoneenergy.bamboohr.com/careers
daviesallen,daviesallen,https://daviesallen.bamboohr.com/careers
most,most,https://most.bamboohr.com/careers
onramplab,onramplab,https://onramplab.bamboohr.com/careers
privateai,privateai,https://privateai.bamboohr.com/careers
cciottawa,cciottawa,https://cciottawa.bamboohr.com/careers
circahr,circahr,https://circahr.bamboohr.com/careers
inspera,inspera,https://inspera.bamboohr.com/careers
portofmorrow,portofmorrow,https://portofmorrow.bamboohr.com/careers
rcpconstruction,rcpconstruction,https://rcpconstruction.bamboohr.com/careers
ripplefiber,ripplefiber,https://ripplefiber.bamboohr.com/careers
systemicjustice,systemicjustice,https://systemicjustice.bamboohr.com/careers
birchcreekenergy,birchcreekenergy,https://birchcreekenergy.bamboohr.com/careers
coretransformers,coretransformers,https://coretransformers.bamboohr.com/careers
fastepp,fastepp,https://fastepp.bamboohr.com/careers
kineticedgept,kineticedgept,https://kineticedgept.bamboohr.com/careers
projectable,projectable,https://projectable.bamboohr.com/careers
themedicalsg,themedicalsg,https://themedicalsg.bamboohr.com/careers
tuckerdisability,tuckerdisability,https://tuckerdisability.bamboohr.com/careers
videoslots,videoslots,https://videoslots.bamboohr.com/careers
atlasgroupcos,atlasgroupcos,https://atlasgroupcos.bamboohr.com/careers
dubak,dubak,https://dubak.bamboohr.com/careers
emtd,emtd,https://emtd.bamboohr.com/careers
envhh,envhh,https://envhh.bamboohr.com/careers
getzhealthcare,getzhealthcare,https://getzhealthcare.bamboohr.com/careers
gupta,gupta,https://gupta.bamboohr.com/careers
rlb,rlb,https://rlb.bamboohr.com/careers
buoyhealth,buoyhealth,https://buoyhealth.bamboohr.com/careers
dropsuite,dropsuite,https://dropsuite.bamboohr.com/careers
goctc,goctc,https://goctc.bamboohr.com/careers
milyli,milyli,https://milyli.bamboohr.com/careers
quotewerks,quotewerks,https://quotewerks.bamboohr.com/careers
royalroofinginc,royalroofinginc,https://royalroofinginc.bamboohr.com/careers
thewitmergroup,thewitmergroup,https://thewitmergroup.bamboohr.com/careers
datapelago,datapelago,https://datapelago.bamboohr.com/careers
fortris,fortris,https://fortris.bamboohr.com/careers
generatecanada,generatecanada,https://generatecanada.bamboohr.com/careers
isbusan,isbusan,https://isbusan.bamboohr.com/careers
siro,siro,https://siro.bamboohr.com/careers
verodcapitalmanagement,verodcapitalmanagement,https://verodcapitalmanagement.bamboohr.com/careers
cialdnb,cialdnb,https://cialdnb.bamboohr.com/careers
constructivebio,constructivebio,https://constructivebio.bamboohr.com/careers
lansdaleborough,lansdaleborough,https://lansdaleborough.bamboohr.com/careers
leanpath,leanpath,https://leanpath.bamboohr.com/careers
legato,legato,https://legato.bamboohr.com/careers
nymi,nymi,https://nymi.bamboohr.com/careers
dotcms,dotcms,https://dotcms.bamboohr.com/careers
manaosoftware,manaosoftware,https://manaosoftware.bamboohr.com/careers
marss,marss,https://marss.bamboohr.com/careers
nativeproject,nativeproject,https://nativeproject.bamboohr.com/careers
paradigmae,paradigmae,https://paradigmae.bamboohr.com/careers
apexbuilding,apexbuilding,https://apexbuilding.bamboohr.com/careers
catholiccharitiesdiocese,catholiccharitiesdiocese,https://catholiccharitiesdiocese.bamboohr.com/careers
grainchain,grainchain,https://grainchain.bamboohr.com/careers
tricountyhealth,tricountyhealth,https://tricountyhealth.bamboohr.com/careers
virtualpeaker,virtualpeaker,https://virtualpeaker.bamboohr.com/careers
cbaytrust,cbaytrust,https://cbaytrust.bamboohr.com/careers
fintechos,fintechos,https://fintechos.bamboohr.com/careers
leaco,leaco,https://leaco.bamboohr.com/careers
sharesies,sharesies,https://sharesies.bamboohr.com/careers
smokingguninc,smokingguninc,https://smokingguninc.bamboohr.com/careers
terrasense,terrasense,https://terrasense.bamboohr.com/careers
eastdilsecured,eastdilsecured,https://eastdilsecured.bamboohr.com/careers
gerhart,gerhart,https://gerhart.bamboohr.com/careers
globalwatercenter,globalwatercenter,https://globalwatercenter.bamboohr.com/careers
lekoil,lekoil,https://lekoil.bamboohr.com/careers
oaec,oaec,https://oaec.bamboohr.com/careers
trusscore,trusscore,https://trusscore.bamboohr.com/careers
vertis,vertis,https://vertis.bamboohr.com/careers
aoracing,aoracing,https://aoracing.bamboohr.com/careers
artistsreenvisioningtomorrowinc,artistsreenvisioningtomorrowinc,https://artistsreenvisioningtomorrowinc.bamboohr.com/careers
gillespies,gillespies,https://gillespies.bamboohr.com/careers
olsonsteel,olsonsteel,https://olsonsteel.bamboohr.com/careers
tnuck,tnuck,https://tnuck.bamboohr.com/careers
cloudbrigade,cloudbrigade,https://cloudbrigade.bamboohr.com/careers
fudo,fudo,https://fudo.bamboohr.com/careers
vshb,vshb,https://vshb.bamboohr.com/careers
youthopportunity,youthopportunity,https://youthopportunity.bamboohr.com/careers
fispan,fispan,https://fispan.bamboohr.com/careers
ivyfarm,ivyfarm,https://ivyfarm.bamboohr.com/careers
thebestgroup,thebestgroup,https://thebestgroup.bamboohr.com/careers
hutchcc,hutchcc,https://hutchcc.bamboohr.com/careers
thelastmile,thelastmile,https://thelastmile.bamboohr.com/careers
ytid,ytid,https://ytid.bamboohr.com/careers
aerobotics,aerobotics,https://aerobotics.bamboohr.com/careers
brigadebgc,brigadebgc,https://brigadebgc.bamboohr.com/careers
bspcpa,bspcpa,https://bspcpa.bamboohr.com/careers
capitollanguageservices,capitollanguageservices,https://capitollanguageservices.bamboohr.com/careers
cmlabs,cmlabs,https://cmlabs.bamboohr.com/careers
ecomwise,ecomwise,https://ecomwise.bamboohr.com/careers
orw,orw,https://orw.bamboohr.com/careers
sherpa,sherpa,https://sherpa.bamboohr.com/careers
supportiv,supportiv,https://supportiv.bamboohr.com/careers
virgalawfirm,virgalawfirm,https://virgalawfirm.bamboohr.com/careers
womenforwomen,womenforwomen,https://womenforwomen.bamboohr.com/careers
blackfeministfuture,blackfeministfuture,https://blackfeministfuture.bamboohr.com/careers
nimbusconsulting,nimbusconsulting,https://nimbusconsulting.bamboohr.com/careers
peakgroup,peakgroup,https://peakgroup.bamboohr.com/careers
bmcc,bmcc,https://bmcc.bamboohr.com/careers
cedp,cedp,https://cedp.bamboohr.com/careers
davidkohn,davidkohn,https://davidkohn.bamboohr.com/careers
fxcollaborative,fxcollaborative,https://fxcollaborative.bamboohr.com/careers
sg,sg,https://sg.bamboohr.com/careers
aivo,aivo,https://aivo.bamboohr.com/careers
cadencetranslate,cadencetranslate,https://cadencetranslate.bamboohr.com/careers
ccosda,ccosda,https://ccosda.bamboohr.com/careers
congerbuilt,congerbuilt,https://congerbuilt.bamboohr.com/careers
nelp,nelp,https://nelp.bamboohr.com/careers
promed,promed,https://promed.bamboohr.com/careers
pssmsi,pssmsi,https://pssmsi.bamboohr.com/careers
revantageasia,revantageasia,https://revantageasia.bamboohr.com/careers
finceptiv,finceptiv,https://finceptiv.bamboohr.com/careers
hnmc,hnmc,https://hnmc.bamboohr.com/careers
pmsi,pmsi,https://pmsi.bamboohr.com/careers
studiowildcard,studiowildcard,https://studiowildcard.bamboohr.com/careers
totalpoliticsgroup,totalpoliticsgroup,https://totalpoliticsgroup.bamboohr.com/careers
candide,candide,https://candide.bamboohr.com/careers
other,other,https://other.bamboohr.com/careers
polestaream,polestaream,https://polestaream.bamboohr.com/careers
windenergyoftexas,windenergyoftexas,https://windenergyoftexas.bamboohr.com/careers
haloprime,haloprime,https://haloprime.bamboohr.com/careers
sirestoration,sirestoration,https://sirestoration.bamboohr.com/careers
haugimp,haugimp,https://haugimp.bamboohr.com/careers
potentialproject,potentialproject,https://potentialproject.bamboohr.com/careers
aiopsgroup,aiopsgroup,https://aiopsgroup.bamboohr.com/careers
ccmalta,ccmalta,https://ccmalta.bamboohr.com/careers
dstaffing,dstaffing,https://dstaffing.bamboohr.com/careers
epperheimerinc,epperheimerinc,https://epperheimerinc.bamboohr.com/careers
fleetalliance,fleetalliance,https://fleetalliance.bamboohr.com/careers
optimalnetworks,optimalnetworks,https://optimalnetworks.bamboohr.com/careers
ri,ri,https://ri.bamboohr.com/careers
peelenv,peelenv,https://peelenv.bamboohr.com/careers
ravalli,ravalli,https://ravalli.bamboohr.com/careers
rustyparrotlodge,rustyparrotlodge,https://rustyparrotlodge.bamboohr.com/careers
halifaxfanusa,halifaxfanusa,https://halifaxfanusa.bamboohr.com/careers
lminternational,lminternational,https://lminternational.bamboohr.com/careers
newpath,newpath,https://newpath.bamboohr.com/careers
nmflb,nmflb,https://nmflb.bamboohr.com/careers
thethrivenetwork,thethrivenetwork,https://thethrivenetwork.bamboohr.com/careers
actonadu,actonadu,https://actonadu.bamboohr.com/careers
hopecm,hopecm,https://hopecm.bamboohr.com/careers
wattselectric,wattselectric,https://wattselectric.bamboohr.com/careers
bdhall,bdhall,https://bdhall.bamboohr.com/careers
bloomtherapycenter,bloomtherapycenter,https://bloomtherapycenter.bamboohr.com/careers
satellogic,satellogic,https://satellogic.bamboohr.com/careers
skift,skift,https://skift.bamboohr.com/careers
healthandcommerce,healthandcommerce,https://healthandcommerce.bamboohr.com/careers
hexens,hexens,https://hexens.bamboohr.com/careers
lambtonkent,lambtonkent,https://lambtonkent.bamboohr.com/careers
mndiscoverycenter,mndiscoverycenter,https://mndiscoverycenter.bamboohr.com/careers
choiceptc,choiceptc,https://choiceptc.bamboohr.com/careers
flagstaffshelterservices,flagstaffshelterservices,https://flagstaffshelterservices.bamboohr.com/careers
montrose,montrose,https://montrose.bamboohr.com/careers
praekelt,praekelt,https://praekelt.bamboohr.com/careers
helloproducts,helloproducts,https://helloproducts.bamboohr.com/careers
johnwallisacademy,johnwallisacademy,https://johnwallisacademy.bamboohr.com/careers
aim,aim,https://aim.bamboohr.com/careers
wrlgold,wrlgold,https://wrlgold.bamboohr.com/careers
h2,h2,https://h2.bamboohr.com/careers
kodem,kodem,https://kodem.bamboohr.com/careers
elanorhotels,elanorhotels,https://elanorhotels.bamboohr.com/careers
instadeep,instadeep,https://instadeep.bamboohr.com/careers
iworq,iworq,https://iworq.bamboohr.com/careers
atthegrounds,atthegrounds,https://atthegrounds.bamboohr.com/careers
ben,ben,https://ben.bamboohr.com/careers
greensolarsystems,greensolarsystems,https://greensolarsystems.bamboohr.com/careers
mgnevents,mgnevents,https://mgnevents.bamboohr.com/careers
vifr,vifr,https://vifr.bamboohr.com/careers
visitspokane,visitspokane,https://visitspokane.bamboohr.com/careers
creativemarketing,creativemarketing,https://creativemarketing.bamboohr.com/careers
fevertree,fevertree,https://fevertree.bamboohr.com/careers
progresif,progresif,https://progresif.bamboohr.com/careers
technalink,technalink,https://technalink.bamboohr.com/careers
wgames,wgames,https://wgames.bamboohr.com/careers
tctcost,tctcost,https://tctcost.bamboohr.com/careers
rosadogroup,rosadogroup,https://rosadogroup.bamboohr.com/careers
tunnelit,tunnelit,https://tunnelit.bamboohr.com/careers
ylemenergy2,ylemenergy2,https://ylemenergy2.bamboohr.com/careers
bengenro,bengenro,https://bengenro.bamboohr.com/careers
solutionsmetrix,solutionsmetrix,https://solutionsmetrix.bamboohr.com/careers
yrh,yrh,https://yrh.bamboohr.com/careers
luminarybakery,luminarybakery,https://luminarybakery.bamboohr.com/careers
okarthritis,okarthritis,https://okarthritis.bamboohr.com/careers
pctelincorp,pctelincorp,https://pctelincorp.bamboohr.com/careers
fvcdc,fvcdc,https://fvcdc.bamboohr.com/careers
grpride,grpride,https://grpride.bamboohr.com/careers
kmicro,kmicro,https://kmicro.bamboohr.com/careers
muddycreek,muddycreek,https://muddycreek.bamboohr.com/careers
nanomosaic,nanomosaic,https://nanomosaic.bamboohr.com/careers
talentgarden,talentgarden,https://talentgarden.bamboohr.com/careers
asemio,asemio,https://asemio.bamboohr.com/careers
budgetease,budgetease,https://budgetease.bamboohr.com/careers
communitytransitws,communitytransitws,https://communitytransitws.bamboohr.com/careers
cctc,cctc,https://cctc.bamboohr.com/careers
nosp,nosp,https://nosp.bamboohr.com/careers
juicekeys,juicekeys,https://juicekeys.bamboohr.com/careers
wellspring,wellspring,https://wellspring.bamboohr.com/careers
phoenixhealthcare,phoenixhealthcare,https://phoenixhealthcare.bamboohr.com/careers
sparkmicrogrants,sparkmicrogrants,https://sparkmicrogrants.bamboohr.com/careers
brainbox,brainbox,https://brainbox.bamboohr.com/careers
equalrights,equalrights,https://equalrights.bamboohr.com/careers
freedomhomecarellc,freedomhomecarellc,https://freedomhomecarellc.bamboohr.com/careers
resman,resman,https://resman.bamboohr.com/careers
silverliningaba,silverliningaba,https://silverliningaba.bamboohr.com/careers
cornerstonevalley,cornerstonevalley,https://cornerstonevalley.bamboohr.com/careers
kraunelectric,kraunelectric,https://kraunelectric.bamboohr.com/careers
ownsolutions,ownsolutions,https://ownsolutions.bamboohr.com/careers
portagecybertech,portagecybertech,https://portagecybertech.bamboohr.com/careers
ppsriverregion,ppsriverregion,https://ppsriverregion.bamboohr.com/careers
corpcareservices,corpcareservices,https://corpcareservices.bamboohr.com/careers
navinurses,navinurses,https://navinurses.bamboohr.com/careers
sgservices,sgservices,https://sgservices.bamboohr.com/careers
zigabyte,zigabyte,https://zigabyte.bamboohr.com/careers
becore,becore,https://becore.bamboohr.com/careers
tria,tria,https://tria.bamboohr.com/careers
zivid,zivid,https://zivid.bamboohr.com/careers
closedloop,closedloop,https://closedloop.bamboohr.com/careers
fido,fido,https://fido.bamboohr.com/careers
trilogy,trilogy,https://trilogy.bamboohr.com/careers
ittf,ittf,https://ittf.bamboohr.com/careers
successbc,successbc,https://successbc.bamboohr.com/careers
climatepolicy,climatepolicy,https://climatepolicy.bamboohr.com/careers
electropagesltd,electropagesltd,https://electropagesltd.bamboohr.com/careers
gridedge,gridedge,https://gridedge.bamboohr.com/careers
lorisystems,lorisystems,https://lorisystems.bamboohr.com/careers
ctiinc,ctiinc,https://ctiinc.bamboohr.com/careers
custominterface,custominterface,https://custominterface.bamboohr.com/careers
fredolivieri,fredolivieri,https://fredolivieri.bamboohr.com/careers
nequinoxstudios,nequinoxstudios,https://nequinoxstudios.bamboohr.com/careers
animassurgical,animassurgical,https://animassurgical.bamboohr.com/careers
bearingbronze,bearingbronze,https://bearingbronze.bamboohr.com/careers
digco,digco,https://digco.bamboohr.com/careers
826boston,826boston,https://826boston.bamboohr.com/careers
cagc,cagc,https://cagc.bamboohr.com/careers
cloudfirst,cloudfirst,https://cloudfirst.bamboohr.com/careers
ninthplanetbev,ninthplanetbev,https://ninthplanetbev.bamboohr.com/careers
skillfield,skillfield,https://skillfield.bamboohr.com/careers
bethebusiness,bethebusiness,https://bethebusiness.bamboohr.com/careers
clearbridge,clearbridge,https://clearbridge.bamboohr.com/careers
finsolutia,finsolutia,https://finsolutia.bamboohr.com/careers
shondaland,shondaland,https://shondaland.bamboohr.com/careers
sportable,sportable,https://sportable.bamboohr.com/careers
adi,adi,https://adi.bamboohr.com/careers
greatario,greatario,https://greatario.bamboohr.com/careers
growpublicschools,growpublicschools,https://growpublicschools.bamboohr.com/careers
blackrockasphalt,blackrockasphalt,https://blackrockasphalt.bamboohr.com/careers
ccim,ccim,https://ccim.bamboohr.com/careers
super7,super7,https://super7.bamboohr.com/careers
gmci,gmci,https://gmci.bamboohr.com/careers
kingandqueenco,kingandqueenco,https://kingandqueenco.bamboohr.com/careers
leapfrog,leapfrog,https://leapfrog.bamboohr.com/careers
nalhd,nalhd,https://nalhd.bamboohr.com/careers
nationaledu,nationaledu,https://nationaledu.bamboohr.com/careers
dcara,dcara,https://dcara.bamboohr.com/careers
marqvision,marqvision,https://marqvision.bamboohr.com/careers
stedmunds,stedmunds,https://stedmunds.bamboohr.com/careers
aclunv,aclunv,https://aclunv.bamboohr.com/careers
mcgregoreba,mcgregoreba,https://mcgregoreba.bamboohr.com/careers
redbarrels,redbarrels,https://redbarrels.bamboohr.com/careers
rgroupla,rgroupla,https://rgroupla.bamboohr.com/careers
danaid,danaid,https://danaid.bamboohr.com/careers
acludc,acludc,https://acludc.bamboohr.com/careers
cliosnacks,cliosnacks,https://cliosnacks.bamboohr.com/careers
pitchpointsolutions,pitchpointsolutions,https://pitchpointsolutions.bamboohr.com/careers
thorup,thorup,https://thorup.bamboohr.com/careers
seminal,seminal,https://seminal.bamboohr.com/careers
coschedule,coschedule,https://coschedule.bamboohr.com/careers
dicamlandscaping,dicamlandscaping,https://dicamlandscaping.bamboohr.com/careers
senstar,senstar,https://senstar.bamboohr.com/careers
accuratetemps,accuratetemps,https://accuratetemps.bamboohr.com/careers
bgmgroup,bgmgroup,https://bgmgroup.bamboohr.com/careers
retinaconsultantssandiego,retinaconsultantssandiego,https://retinaconsultantssandiego.bamboohr.com/careers
aimhigh,aimhigh,https://aimhigh.bamboohr.com/careers
ulnoowegca,ulnoowegca,https://ulnoowegca.bamboohr.com/careers
ruthmiskintraining,ruthmiskintraining,https://ruthmiskintraining.bamboohr.com/careers
undivided,undivided,https://undivided.bamboohr.com/careers
mdif1,mdif1,https://mdif1.bamboohr.com/careers
tenth,tenth,https://tenth.bamboohr.com/careers
crosscreeknursery,crosscreeknursery,https://crosscreeknursery.bamboohr.com/careers
211nemichigan,211nemichigan,https://211nemichigan.bamboohr.com/careers
accessreproductivejustice,accessreproductivejustice,https://accessreproductivejustice.bamboohr.com/careers
doctorshospital,doctorshospital,https://doctorshospital.bamboohr.com/careers
fotokite,fotokite,https://fotokite.bamboohr.com/careers
kcconline,kcconline,https://kcconline.bamboohr.com/careers
showpass,showpass,https://showpass.bamboohr.com/careers
altitudegroup,altitudegroup,https://altitudegroup.bamboohr.com/careers
forcemanager,forcemanager,https://forcemanager.bamboohr.com/careers
masalto,masalto,https://masalto.bamboohr.com/careers
sbr,sbr,https://sbr.bamboohr.com/careers
albertagrains,albertagrains,https://albertagrains.bamboohr.com/careers
grcompany,grcompany,https://grcompany.bamboohr.com/careers
greybrook,greybrook,https://greybrook.bamboohr.com/careers
ivycharge,ivycharge,https://ivycharge.bamboohr.com/careers
northwindgrp,northwindgrp,https://northwindgrp.bamboohr.com/careers
beehivepr,beehivepr,https://beehivepr.bamboohr.com/careers
inclusioncayman,inclusioncayman,https://inclusioncayman.bamboohr.com/careers
rracapital,rracapital,https://rracapital.bamboohr.com/careers
valleyne,valleyne,https://valleyne.bamboohr.com/careers
addictiontreatmentservices,addictiontreatmentservices,https://addictiontreatmentservices.bamboohr.com/careers
vtcsm,vtcsm,https://vtcsm.bamboohr.com/careers
brighthouse,brighthouse,https://brighthouse.bamboohr.com/careers
fightinequality,fightinequality,https://fightinequality.bamboohr.com/careers
finspec,finspec,https://finspec.bamboohr.com/careers
gofly365,gofly365,https://gofly365.bamboohr.com/careers
harvestusa,harvestusa,https://harvestusa.bamboohr.com/careers
larvol,larvol,https://larvol.bamboohr.com/careers
msc,msc,https://msc.bamboohr.com/careers
richmondvona,richmondvona,https://richmondvona.bamboohr.com/careers
gminingventures,gminingventures,https://gminingventures.bamboohr.com/careers
micrometrics,micrometrics,https://micrometrics.bamboohr.com/careers
gvhs,gvhs,https://gvhs.bamboohr.com/careers
ashesi,ashesi,https://ashesi.bamboohr.com/careers
fosfeminista,fosfeminista,https://fosfeminista.bamboohr.com/careers
opportunityknocksnow,opportunityknocksnow,https://opportunityknocksnow.bamboohr.com/careers
wharrisgsc,wharrisgsc,https://wharrisgsc.bamboohr.com/careers
onecomm,onecomm,https://onecomm.bamboohr.com/careers
ikamper,ikamper,https://ikamper.bamboohr.com/careers
celsius,celsius,https://celsius.bamboohr.com/careers
greenparkcontent,greenparkcontent,https://greenparkcontent.bamboohr.com/careers
botpress,botpress,https://botpress.bamboohr.com/careers
kleocommunitylifecenter,kleocommunitylifecenter,https://kleocommunitylifecenter.bamboohr.com/careers
mergon,mergon,https://mergon.bamboohr.com/careers
unacast,unacast,https://unacast.bamboohr.com/careers
context1,context1,https://context1.bamboohr.com/careers
swiftnav,swiftnav,https://swiftnav.bamboohr.com/careers
teamchildfund,teamchildfund,https://teamchildfund.bamboohr.com/careers
tfcc,tfcc,https://tfcc.bamboohr.com/careers
caleja,caleja,https://caleja.bamboohr.com/careers
countrysidevetcare,countrysidevetcare,https://countrysidevetcare.bamboohr.com/careers
gbsgroup,gbsgroup,https://gbsgroup.bamboohr.com/careers
hailsolve,hailsolve,https://hailsolve.bamboohr.com/careers
russellmcveagh,russellmcveagh,https://russellmcveagh.bamboohr.com/careers
seconduse,seconduse,https://seconduse.bamboohr.com/careers
rootedwi,rootedwi,https://rootedwi.bamboohr.com/careers
ventureslab,ventureslab,https://ventureslab.bamboohr.com/careers
assistambulance,assistambulance,https://assistambulance.bamboohr.com/careers
newvisionhealth,newvisionhealth,https://newvisionhealth.bamboohr.com/careers
10squared,10squared,https://10squared.bamboohr.com/careers
apaa,apaa,https://apaa.bamboohr.com/careers
autograph,autograph,https://autograph.bamboohr.com/careers
axios,axios,https://axios.bamboohr.com/careers
exocelbio,exocelbio,https://exocelbio.bamboohr.com/careers
glovergroupltd,glovergroupltd,https://glovergroupltd.bamboohr.com/careers
onsiteenergyinc,onsiteenergyinc,https://onsiteenergyinc.bamboohr.com/careers
landisllc,landisllc,https://landisllc.bamboohr.com/careers
contextglobal,contextglobal,https://contextglobal.bamboohr.com/careers
ziosk,ziosk,https://ziosk.bamboohr.com/careers
athenslifefellowship,athenslifefellowship,https://athenslifefellowship.bamboohr.com/careers
flaviar,flaviar,https://flaviar.bamboohr.com/careers
cityofhamilton,cityofhamilton,https://cityofhamilton.bamboohr.com/careers
d2x,d2x,https://d2x.bamboohr.com/careers
alphabrandmedia,alphabrandmedia,https://alphabrandmedia.bamboohr.com/careers
polaramp,polaramp,https://polaramp.bamboohr.com/careers
resurgo,resurgo,https://resurgo.bamboohr.com/careers
indicalab,indicalab,https://indicalab.bamboohr.com/careers
cre,cre,https://cre.bamboohr.com/careers
inventprise,inventprise,https://inventprise.bamboohr.com/careers
memiah,memiah,https://memiah.bamboohr.com/careers
mmcaa,mmcaa,https://mmcaa.bamboohr.com/careers
stop,stop,https://stop.bamboohr.com/careers
cotn,cotn,https://cotn.bamboohr.com/careers
stscapital,stscapital,https://stscapital.bamboohr.com/careers
wego,wego,https://wego.bamboohr.com/careers
basketballengland,basketballengland,https://basketballengland.bamboohr.com/careers
kmahealthva,kmahealthva,https://kmahealthva.bamboohr.com/careers
simpligov,simpligov,https://simpligov.bamboohr.com/careers
nationalbank,nationalbank,https://nationalbank.bamboohr.com/careers
boombit,boombit,https://boombit.bamboohr.com/careers
dentistadvisors,dentistadvisors,https://dentistadvisors.bamboohr.com/careers
firmo,firmo,https://firmo.bamboohr.com/careers
oppl,oppl,https://oppl.bamboohr.com/careers
westernsteel,westernsteel,https://westernsteel.bamboohr.com/careers
budge,budge,https://budge.bamboohr.com/careers
caplena,caplena,https://caplena.bamboohr.com/careers
gsba,gsba,https://gsba.bamboohr.com/careers
ricketyroo,ricketyroo,https://ricketyroo.bamboohr.com/careers
atlatl,atlatl,https://atlatl.bamboohr.com/careers
chalmerscenter,chalmerscenter,https://chalmerscenter.bamboohr.com/careers
ktf,ktf,https://ktf.bamboohr.com/careers
jetdirectmortgage,jetdirectmortgage,https://jetdirectmortgage.bamboohr.com/careers
neighborhoodsun,neighborhoodsun,https://neighborhoodsun.bamboohr.com/careers
taxistudio,taxistudio,https://taxistudio.bamboohr.com/careers
carbon60,carbon60,https://carbon60.bamboohr.com/careers
deepisolation,deepisolation,https://deepisolation.bamboohr.com/careers
grupoantolin,grupoantolin,https://grupoantolin.bamboohr.com/careers
orag,orag,https://orag.bamboohr.com/careers
void,void,https://void.bamboohr.com/careers
buddyboss,buddyboss,https://buddyboss.bamboohr.com/careers
hla,hla,https://hla.bamboohr.com/careers
thesecondstep,thesecondstep,https://thesecondstep.bamboohr.com/careers
rowecasaorganics,rowecasaorganics,https://rowecasaorganics.bamboohr.com/careers
luna,luna,https://luna.bamboohr.com/careers
mangrovelithium,mangrovelithium,https://mangrovelithium.bamboohr.com/careers
nheincteam,nheincteam,https://nheincteam.bamboohr.com/careers
skydwellerus,skydwellerus,https://skydwellerus.bamboohr.com/careers
eventmobi,eventmobi,https://eventmobi.bamboohr.com/careers
heartstrings,heartstrings,https://heartstrings.bamboohr.com/careers
iccbpo,iccbpo,https://iccbpo.bamboohr.com/careers
renewableresourcesgroup,renewableresourcesgroup,https://renewableresourcesgroup.bamboohr.com/careers
apngroup,apngroup,https://apngroup.bamboohr.com/careers
capcade,capcade,https://capcade.bamboohr.com/careers
equity,equity,https://equity.bamboohr.com/careers
mercuryo,mercuryo,https://mercuryo.bamboohr.com/careers
mitto,mitto,https://mitto.bamboohr.com/careers
towermarketing,towermarketing,https://towermarketing.bamboohr.com/careers
innpower,innpower,https://innpower.bamboohr.com/careers
populusgroup,populusgroup,https://populusgroup.bamboohr.com/careers
unitedbeautysupply,unitedbeautysupply,https://unitedbeautysupply.bamboohr.com/careers
utech,utech,https://utech.bamboohr.com/careers
cihadf,cihadf,https://cihadf.bamboohr.com/careers
gentrack,gentrack,https://gentrack.bamboohr.com/careers
mccinc,mccinc,https://mccinc.bamboohr.com/careers
cbcl,cbcl,https://cbcl.bamboohr.com/careers
pixeltoysltd,pixeltoysltd,https://pixeltoysltd.bamboohr.com/careers
akjchem,akjchem,https://akjchem.bamboohr.com/careers
lapromisefund,lapromisefund,https://lapromisefund.bamboohr.com/careers
nemely,nemely,https://nemely.bamboohr.com/careers
opalfoodandbody,opalfoodandbody,https://opalfoodandbody.bamboohr.com/careers
attendanceondemand,attendanceondemand,https://attendanceondemand.bamboohr.com/careers
basigo,basigo,https://basigo.bamboohr.com/careers
blackhillsblend,blackhillsblend,https://blackhillsblend.bamboohr.com/careers
faithcoenterprises,faithcoenterprises,https://faithcoenterprises.bamboohr.com/careers
condley,condley,https://condley.bamboohr.com/careers
summittech,summittech,https://summittech.bamboohr.com/careers
excelpropane,excelpropane,https://excelpropane.bamboohr.com/careers
irvinepartners,irvinepartners,https://irvinepartners.bamboohr.com/careers
ontariohospitalassociation,ontariohospitalassociation,https://ontariohospitalassociation.bamboohr.com/careers
pocketpills,pocketpills,https://pocketpills.bamboohr.com/careers
fcaa,fcaa,https://fcaa.bamboohr.com/careers
wiseworld,wiseworld,https://wiseworld.bamboohr.com/careers
ccsamerica,ccsamerica,https://ccsamerica.bamboohr.com/careers
pdp,pdp,https://pdp.bamboohr.com/careers
exogroup,exogroup,https://exogroup.bamboohr.com/careers
felixforyou,felixforyou,https://felixforyou.bamboohr.com/careers
graphwise,graphwise,https://graphwise.bamboohr.com/careers
njhrc,njhrc,https://njhrc.bamboohr.com/careers
etax,etax,https://etax.bamboohr.com/careers
generation,generation,https://generation.bamboohr.com/careers
itabo,itabo,https://itabo.bamboohr.com/careers
marinopr,marinopr,https://marinopr.bamboohr.com/careers
podimetrics,podimetrics,https://podimetrics.bamboohr.com/careers
scicominfrastructureservices,scicominfrastructureservices,https://scicominfrastructureservices.bamboohr.com/careers
newlandmke,newlandmke,https://newlandmke.bamboohr.com/careers
globalprairie,globalprairie,https://globalprairie.bamboohr.com/careers
tridenttransport,tridenttransport,https://tridenttransport.bamboohr.com/careers
circuit5,circuit5,https://circuit5.bamboohr.com/careers
gobiquityinc,gobiquityinc,https://gobiquityinc.bamboohr.com/careers
ocuco,ocuco,https://ocuco.bamboohr.com/careers
rwaengineering,rwaengineering,https://rwaengineering.bamboohr.com/careers
cityofbeavercreek,cityofbeavercreek,https://cityofbeavercreek.bamboohr.com/careers
massdevelopment,massdevelopment,https://massdevelopment.bamboohr.com/careers
tombras,tombras,https://tombras.bamboohr.com/careers
hospicecarepartnersusa,hospicecarepartnersusa,https://hospicecarepartnersusa.bamboohr.com/careers
kalcodrywall,kalcodrywall,https://kalcodrywall.bamboohr.com/careers
kurtosys,kurtosys,https://kurtosys.bamboohr.com/careers
pomelogroup,pomelogroup,https://pomelogroup.bamboohr.com/careers
safetychain,safetychain,https://safetychain.bamboohr.com/careers
thebrandguild,thebrandguild,https://thebrandguild.bamboohr.com/careers
academyofalameda,academyofalameda,https://academyofalameda.bamboohr.com/careers
altenar,altenar,https://altenar.bamboohr.com/careers
duradigital,duradigital,https://duradigital.bamboohr.com/careers
bowery,bowery,https://bowery.bamboohr.com/careers
cthumanities,cthumanities,https://cthumanities.bamboohr.com/careers
pave,pave,https://pave.bamboohr.com/careers
scbc,scbc,https://scbc.bamboohr.com/careers
caritasau,caritasau,https://caritasau.bamboohr.com/careers
graphiant,graphiant,https://graphiant.bamboohr.com/careers
mealticket,mealticket,https://mealticket.bamboohr.com/careers
rjkielty,rjkielty,https://rjkielty.bamboohr.com/careers
turinganalytics,turinganalytics,https://turinganalytics.bamboohr.com/careers
willamalanedistrict,willamalanedistrict,https://willamalanedistrict.bamboohr.com/careers
ingenious,ingenious,https://ingenious.bamboohr.com/careers
prco,prco,https://prco.bamboohr.com/careers
alaskaspca,alaskaspca,https://alaskaspca.bamboohr.com/careers
spineart,spineart,https://spineart.bamboohr.com/careers
upwithwomen,upwithwomen,https://upwithwomen.bamboohr.com/careers
fwdthink,fwdthink,https://fwdthink.bamboohr.com/careers
lisbongroup,lisbongroup,https://lisbongroup.bamboohr.com/careers
ahkgroup,ahkgroup,https://ahkgroup.bamboohr.com/careers
ecosulis,ecosulis,https://ecosulis.bamboohr.com/careers
friendsofwaterfrontpark,friendsofwaterfrontpark,https://friendsofwaterfrontpark.bamboohr.com/careers
kentohealth,kentohealth,https://kentohealth.bamboohr.com/careers
plank,plank,https://plank.bamboohr.com/careers
99drive,99drive,https://99drive.bamboohr.com/careers
crosslcms,crosslcms,https://crosslcms.bamboohr.com/careers
echotechnologies,echotechnologies,https://echotechnologies.bamboohr.com/careers
jobandtalent,jobandtalent,https://jobandtalent.bamboohr.com/careers
norson,norson,https://norson.bamboohr.com/careers
lpfas,lpfas,https://lpfas.bamboohr.com/careers
themaxfoundation,themaxfoundation,https://themaxfoundation.bamboohr.com/careers
jobzonedemploi,jobzonedemploi,https://jobzonedemploi.bamboohr.com/careers
redcirclelodge,redcirclelodge,https://redcirclelodge.bamboohr.com/careers
bforeai,bforeai,https://bforeai.bamboohr.com/careers
eiminc,eiminc,https://eiminc.bamboohr.com/careers
sealandbuildinggroup,sealandbuildinggroup,https://sealandbuildinggroup.bamboohr.com/careers
integratedwaterservices,integratedwaterservices,https://integratedwaterservices.bamboohr.com/careers
yardsticktechnologies,yardsticktechnologies,https://yardsticktechnologies.bamboohr.com/careers
burrowslightbourn,burrowslightbourn,https://burrowslightbourn.bamboohr.com/careers
connectionsforfamilies,connectionsforfamilies,https://connectionsforfamilies.bamboohr.com/careers
linearit,linearit,https://linearit.bamboohr.com/careers
naturaldes,naturaldes,https://naturaldes.bamboohr.com/careers
quantumbrilliance,quantumbrilliance,https://quantumbrilliance.bamboohr.com/careers
u1sports,u1sports,https://u1sports.bamboohr.com/careers
bragggaming,bragggaming,https://bragggaming.bamboohr.com/careers
nwbt,nwbt,https://nwbt.bamboohr.com/careers
avnan,avnan,https://avnan.bamboohr.com/careers
broadway,broadway,https://broadway.bamboohr.com/careers
goforhr,goforhr,https://goforhr.bamboohr.com/careers
360communityservices,360communityservices,https://360communityservices.bamboohr.com/careers
ardenwood,ardenwood,https://ardenwood.bamboohr.com/careers
eikenhout,eikenhout,https://eikenhout.bamboohr.com/careers
fivejars,fivejars,https://fivejars.bamboohr.com/careers
newsmatics,newsmatics,https://newsmatics.bamboohr.com/careers
dhjj,dhjj,https://dhjj.bamboohr.com/careers
kcrcommunity,kcrcommunity,https://kcrcommunity.bamboohr.com/careers
treetime,treetime,https://treetime.bamboohr.com/careers
coveocean,coveocean,https://coveocean.bamboohr.com/careers
covergenius,covergenius,https://covergenius.bamboohr.com/careers
fswe,fswe,https://fswe.bamboohr.com/careers
journeycapital,journeycapital,https://journeycapital.bamboohr.com/careers
newcityus,newcityus,https://newcityus.bamboohr.com/careers
sparkthejourney,sparkthejourney,https://sparkthejourney.bamboohr.com/careers
fray,fray,https://fray.bamboohr.com/careers
alzheimerjourney,alzheimerjourney,https://alzheimerjourney.bamboohr.com/careers
osirisgroup,osirisgroup,https://osirisgroup.bamboohr.com/careers
sgi,sgi,https://sgi.bamboohr.com/careers
bb4ck,bb4ck,https://bb4ck.bamboohr.com/careers
nnapf,nnapf,https://nnapf.bamboohr.com/careers
ocasa,ocasa,https://ocasa.bamboohr.com/careers
rba,rba,https://rba.bamboohr.com/careers
redrover,redrover,https://redrover.bamboohr.com/careers
heartlandcounseling,heartlandcounseling,https://heartlandcounseling.bamboohr.com/careers
scs,scs,https://scs.bamboohr.com/careers
wachteltree,wachteltree,https://wachteltree.bamboohr.com/careers
gcsjanitorial,gcsjanitorial,https://gcsjanitorial.bamboohr.com/careers
williston,williston,https://williston.bamboohr.com/careers
bikesonline,bikesonline,https://bikesonline.bamboohr.com/careers
cgfag,cgfag,https://cgfag.bamboohr.com/careers
abpharmacy,abpharmacy,https://abpharmacy.bamboohr.com/careers
galeckisearch,galeckisearch,https://galeckisearch.bamboohr.com/careers
bioconnect,bioconnect,https://bioconnect.bamboohr.com/careers
designlab,designlab,https://designlab.bamboohr.com/careers
futuresbc,futuresbc,https://futuresbc.bamboohr.com/careers
jema,jema,https://jema.bamboohr.com/careers
medsurvey,medsurvey,https://medsurvey.bamboohr.com/careers
adventistmediaministries,adventistmediaministries,https://adventistmediaministries.bamboohr.com/careers
cccnip,cccnip,https://cccnip.bamboohr.com/careers
wallbox,wallbox,https://wallbox.bamboohr.com/careers
basemakers,basemakers,https://basemakers.bamboohr.com/careers
stamped,stamped,https://stamped.bamboohr.com/careers
univisioncomputers,univisioncomputers,https://univisioncomputers.bamboohr.com/careers
awesomemotive,awesomemotive,https://awesomemotive.bamboohr.com/careers
carboncure,carboncure,https://carboncure.bamboohr.com/careers
fransenpittman,fransenpittman,https://fransenpittman.bamboohr.com/careers
investorcom,investorcom,https://investorcom.bamboohr.com/careers
lorennancke,lorennancke,https://lorennancke.bamboohr.com/careers
pfscm,pfscm,https://pfscm.bamboohr.com/careers
theauditgroup,theauditgroup,https://theauditgroup.bamboohr.com/careers
goldenstatetriad,goldenstatetriad,https://goldenstatetriad.bamboohr.com/careers
grid4,grid4,https://grid4.bamboohr.com/careers
netadmins,netadmins,https://netadmins.bamboohr.com/careers
pictures,pictures,https://pictures.bamboohr.com/careers
thecallgurus,thecallgurus,https://thecallgurus.bamboohr.com/careers
centron,centron,https://centron.bamboohr.com/careers
cludo,cludo,https://cludo.bamboohr.com/careers
synergillc,synergillc,https://synergillc.bamboohr.com/careers
jarrold,jarrold,https://jarrold.bamboohr.com/careers
kpmcpa,kpmcpa,https://kpmcpa.bamboohr.com/careers
pawilds,pawilds,https://pawilds.bamboohr.com/careers
toolbx,toolbx,https://toolbx.bamboohr.com/careers
bravomedia,bravomedia,https://bravomedia.bamboohr.com/careers
fusang,fusang,https://fusang.bamboohr.com/careers
guesthouse,guesthouse,https://guesthouse.bamboohr.com/careers
studytube,studytube,https://studytube.bamboohr.com/careers
valentureinstitute,valentureinstitute,https://valentureinstitute.bamboohr.com/careers
coc,coc,https://coc.bamboohr.com/careers
dermalogica,dermalogica,https://dermalogica.bamboohr.com/careers
immiland,immiland,https://immiland.bamboohr.com/careers
singhal,singhal,https://singhal.bamboohr.com/careers
ironbridge,ironbridge,https://ironbridge.bamboohr.com/careers
marqueebrands,marqueebrands,https://marqueebrands.bamboohr.com/careers
mtsa,mtsa,https://mtsa.bamboohr.com/careers
operaphiladelphia,operaphiladelphia,https://operaphiladelphia.bamboohr.com/careers
pegllc,pegllc,https://pegllc.bamboohr.com/careers
aklamio,aklamio,https://aklamio.bamboohr.com/careers
redflag,redflag,https://redflag.bamboohr.com/careers
thevetcentre,thevetcentre,https://thevetcentre.bamboohr.com/careers
cssindustrial,cssindustrial,https://cssindustrial.bamboohr.com/careers
stellaralgo,stellaralgo,https://stellaralgo.bamboohr.com/careers
granitereit,granitereit,https://granitereit.bamboohr.com/careers
remixtx,remixtx,https://remixtx.bamboohr.com/careers
skybound,skybound,https://skybound.bamboohr.com/careers
atlanticdigital,atlanticdigital,https://atlanticdigital.bamboohr.com/careers
aviationrepair,aviationrepair,https://aviationrepair.bamboohr.com/careers
kettering,kettering,https://kettering.bamboohr.com/careers
urbansharing,urbansharing,https://urbansharing.bamboohr.com/careers
abiresearch,abiresearch,https://abiresearch.bamboohr.com/careers
classifiedcycling,classifiedcycling,https://classifiedcycling.bamboohr.com/careers
lakegregory,lakegregory,https://lakegregory.bamboohr.com/careers
curtinmaritime,curtinmaritime,https://curtinmaritime.bamboohr.com/careers
traceinternational,traceinternational,https://traceinternational.bamboohr.com/careers
hoffmanagency,hoffmanagency,https://hoffmanagency.bamboohr.com/careers
steerstudios,steerstudios,https://steerstudios.bamboohr.com/careers
innovativeautomation,innovativeautomation,https://innovativeautomation.bamboohr.com/careers
lumency,lumency,https://lumency.bamboohr.com/careers
maineconservationvoters,maineconservationvoters,https://maineconservationvoters.bamboohr.com/careers
takefivedogcare,takefivedogcare,https://takefivedogcare.bamboohr.com/careers
mgbeveragesystems,mgbeveragesystems,https://mgbeveragesystems.bamboohr.com/careers
weishauptdesign,weishauptdesign,https://weishauptdesign.bamboohr.com/careers
350,350,https://350.bamboohr.com/careers
hamptonroadscommunity,hamptonroadscommunity,https://hamptonroadscommunity.bamboohr.com/careers
proscia,proscia,https://proscia.bamboohr.com/careers
psrassociates,psrassociates,https://psrassociates.bamboohr.com/careers
wilken,wilken,https://wilken.bamboohr.com/careers
ccic,ccic,https://ccic.bamboohr.com/careers
midcoast,midcoast,https://midcoast.bamboohr.com/careers
quantumclinic,quantumclinic,https://quantumclinic.bamboohr.com/careers
outyouth,outyouth,https://outyouth.bamboohr.com/careers
thenationalobserver,thenationalobserver,https://thenationalobserver.bamboohr.com/careers
trupropel,trupropel,https://trupropel.bamboohr.com/careers
yfc,yfc,https://yfc.bamboohr.com/careers
leemontessori,leemontessori,https://leemontessori.bamboohr.com/careers
montclairhospitality,montclairhospitality,https://montclairhospitality.bamboohr.com/careers
solidaridadnetworkeca,solidaridadnetworkeca,https://solidaridadnetworkeca.bamboohr.com/careers
budibase,budibase,https://budibase.bamboohr.com/careers
provoke,provoke,https://provoke.bamboohr.com/careers
rahr,rahr,https://rahr.bamboohr.com/careers
sullivanhauling,sullivanhauling,https://sullivanhauling.bamboohr.com/careers
ztr,ztr,https://ztr.bamboohr.com/careers
434marketing,434marketing,https://434marketing.bamboohr.com/careers
bddec,bddec,https://bddec.bamboohr.com/careers
kami,kami,https://kami.bamboohr.com/careers
lklp,lklp,https://lklp.bamboohr.com/careers
paga,paga,https://paga.bamboohr.com/careers
felix,felix,https://felix.bamboohr.com/careers
gmgi,gmgi,https://gmgi.bamboohr.com/careers
civicus,civicus,https://civicus.bamboohr.com/careers
emergentclimate,emergentclimate,https://emergentclimate.bamboohr.com/careers
ftkcs,ftkcs,https://ftkcs.bamboohr.com/careers
mapbrewing,mapbrewing,https://mapbrewing.bamboohr.com/careers
solvewithvia,solvewithvia,https://solvewithvia.bamboohr.com/careers
tmtgolf,tmtgolf,https://tmtgolf.bamboohr.com/careers
callabco,callabco,https://callabco.bamboohr.com/careers
developmentaloptions,developmentaloptions,https://developmentaloptions.bamboohr.com/careers
fortwhyte,fortwhyte,https://fortwhyte.bamboohr.com/careers
coria,coria,https://coria.bamboohr.com/careers
esglobalsolutions,esglobalsolutions,https://esglobalsolutions.bamboohr.com/careers
kleankanteen,kleankanteen,https://kleankanteen.bamboohr.com/careers
risilience,risilience,https://risilience.bamboohr.com/careers
securitymetrics,securitymetrics,https://securitymetrics.bamboohr.com/careers
archford,archford,https://archford.bamboohr.com/careers
canadianfiberoptics,canadianfiberoptics,https://canadianfiberoptics.bamboohr.com/careers
ibabel,ibabel,https://ibabel.bamboohr.com/careers
photofax,photofax,https://photofax.bamboohr.com/careers
seniorlawcenter,seniorlawcenter,https://seniorlawcenter.bamboohr.com/careers
veganuary,veganuary,https://veganuary.bamboohr.com/careers
viewsonic,viewsonic,https://viewsonic.bamboohr.com/careers
breuckelenathletic,breuckelenathletic,https://breuckelenathletic.bamboohr.com/careers
kuttatech,kuttatech,https://kuttatech.bamboohr.com/careers
watersedge,watersedge,https://watersedge.bamboohr.com/careers
caahep,caahep,https://caahep.bamboohr.com/careers
mesh,mesh,https://mesh.bamboohr.com/careers
sans,sans,https://sans.bamboohr.com/careers
stambros,stambros,https://stambros.bamboohr.com/careers
msrs,msrs,https://msrs.bamboohr.com/careers
netcraft,netcraft,https://netcraft.bamboohr.com/careers
branco,branco,https://branco.bamboohr.com/careers
jmaportal,jmaportal,https://jmaportal.bamboohr.com/careers
resolvetosavelives,resolvetosavelives,https://resolvetosavelives.bamboohr.com/careers
afg,afg,https://afg.bamboohr.com/careers
bpsbioscience,bpsbioscience,https://bpsbioscience.bamboohr.com/careers
dalstudentunion,dalstudentunion,https://dalstudentunion.bamboohr.com/careers
fhtechnc,fhtechnc,https://fhtechnc.bamboohr.com/careers
illumynt,illumynt,https://illumynt.bamboohr.com/careers
redcom,redcom,https://redcom.bamboohr.com/careers
athena,athena,https://athena.bamboohr.com/careers
fanbase,fanbase,https://fanbase.bamboohr.com/careers
sta,sta,https://sta.bamboohr.com/careers
virtualworkernow,virtualworkernow,https://virtualworkernow.bamboohr.com/careers
openjawtech,openjawtech,https://openjawtech.bamboohr.com/careers
worldwrapps,worldwrapps,https://worldwrapps.bamboohr.com/careers
closertohome,closertohome,https://closertohome.bamboohr.com/careers
hedgepointglobal,hedgepointglobal,https://hedgepointglobal.bamboohr.com/careers
lawnandpestsolutions,lawnandpestsolutions,https://lawnandpestsolutions.bamboohr.com/careers
bamstrategy,bamstrategy,https://bamstrategy.bamboohr.com/careers
iyield,iyield,https://iyield.bamboohr.com/careers
clarkwilsonllp,clarkwilsonllp,https://clarkwilsonllp.bamboohr.com/careers
humecenter,humecenter,https://humecenter.bamboohr.com/careers
tdh,tdh,https://tdh.bamboohr.com/careers
merakihealth,merakihealth,https://merakihealth.bamboohr.com/careers
westernbuildingsupply,westernbuildingsupply,https://westernbuildingsupply.bamboohr.com/careers
gangverk,gangverk,https://gangverk.bamboohr.com/careers
joinpdx,joinpdx,https://joinpdx.bamboohr.com/careers
vaporministries,vaporministries,https://vaporministries.bamboohr.com/careers
portsmouthva,portsmouthva,https://portsmouthva.bamboohr.com/careers
heirloomproperty,heirloomproperty,https://heirloomproperty.bamboohr.com/careers
fems,fems,https://fems.bamboohr.com/careers
aqt,aqt,https://aqt.bamboohr.com/careers
fieldinstitute,fieldinstitute,https://fieldinstitute.bamboohr.com/careers
foodbanksmississauga,foodbanksmississauga,https://foodbanksmississauga.bamboohr.com/careers
timistours,timistours,https://timistours.bamboohr.com/careers
mtwyouth,mtwyouth,https://mtwyouth.bamboohr.com/careers
sseguras,sseguras,https://sseguras.bamboohr.com/careers
vistacapitalpartners,vistacapitalpartners,https://vistacapitalpartners.bamboohr.com/careers
drclean,drclean,https://drclean.bamboohr.com/careers
expedock,expedock,https://expedock.bamboohr.com/careers
svcc,svcc,https://svcc.bamboohr.com/careers
adtechholding,adtechholding,https://adtechholding.bamboohr.com/careers
humane,humane,https://humane.bamboohr.com/careers
prtc,prtc,https://prtc.bamboohr.com/careers
algorandfoundation,algorandfoundation,https://algorandfoundation.bamboohr.com/careers
anapaya,anapaya,https://anapaya.bamboohr.com/careers
childcareaware,childcareaware,https://childcareaware.bamboohr.com/careers
malalafund,malalafund,https://malalafund.bamboohr.com/careers
trondek,trondek,https://trondek.bamboohr.com/careers
rahf,rahf,https://rahf.bamboohr.com/careers
punchcut,punchcut,https://punchcut.bamboohr.com/careers
vizzuality,vizzuality,https://vizzuality.bamboohr.com/careers
emitknowledge,emitknowledge,https://emitknowledge.bamboohr.com/careers
kadince,kadince,https://kadince.bamboohr.com/careers
msfltd,msfltd,https://msfltd.bamboohr.com/careers
ncuk,ncuk,https://ncuk.bamboohr.com/careers
haviland,haviland,https://haviland.bamboohr.com/careers
lottiefiles,lottiefiles,https://lottiefiles.bamboohr.com/careers
piworks,piworks,https://piworks.bamboohr.com/careers
rumbleup,rumbleup,https://rumbleup.bamboohr.com/careers
knovalearning,knovalearning,https://knovalearning.bamboohr.com/careers
ohiosportsacademy,ohiosportsacademy,https://ohiosportsacademy.bamboohr.com/careers
strategicdefensesolutions,strategicdefensesolutions,https://strategicdefensesolutions.bamboohr.com/careers
whitelabelcasinos,whitelabelcasinos,https://whitelabelcasinos.bamboohr.com/careers
buddlefindlay,buddlefindlay,https://buddlefindlay.bamboohr.com/careers
paulrobeson,paulrobeson,https://paulrobeson.bamboohr.com/careers
marcopololearning,marcopololearning,https://marcopololearning.bamboohr.com/careers
accelbyte,accelbyte,https://accelbyte.bamboohr.com/careers
vandenrecycling,vandenrecycling,https://vandenrecycling.bamboohr.com/careers
adsignal,adsignal,https://adsignal.bamboohr.com/careers
cap,cap,https://cap.bamboohr.com/careers
extonsfoods,extonsfoods,https://extonsfoods.bamboohr.com/careers
futureon,futureon,https://futureon.bamboohr.com/careers
ballerinafarm,ballerinafarm,https://ballerinafarm.bamboohr.com/careers
chantengineering,chantengineering,https://chantengineering.bamboohr.com/careers
assemblybioinc,assemblybioinc,https://assemblybioinc.bamboohr.com/careers
blank,blank,https://blank.bamboohr.com/careers
bvifsc,bvifsc,https://bvifsc.bamboohr.com/careers
cityofmarion,cityofmarion,https://cityofmarion.bamboohr.com/careers
clhmentalhealth,clhmentalhealth,https://clhmentalhealth.bamboohr.com/careers
m5utilities,m5utilities,https://m5utilities.bamboohr.com/careers
iserv,iserv,https://iserv.bamboohr.com/careers
criteriacorp,criteriacorp,https://criteriacorp.bamboohr.com/careers
mkbholdings,mkbholdings,https://mkbholdings.bamboohr.com/careers
bcca,bcca,https://bcca.bamboohr.com/careers
rccp,rccp,https://rccp.bamboohr.com/careers
agilityfeat,agilityfeat,https://agilityfeat.bamboohr.com/careers
bentleyschool,bentleyschool,https://bentleyschool.bamboohr.com/careers
empoweredservices,empoweredservices,https://empoweredservices.bamboohr.com/careers
friendsofacadia,friendsofacadia,https://friendsofacadia.bamboohr.com/careers
waterfirst,waterfirst,https://waterfirst.bamboohr.com/careers
aspireeducationalservices,aspireeducationalservices,https://aspireeducationalservices.bamboohr.com/careers
telecomp,telecomp,https://telecomp.bamboohr.com/careers
thetablecsa,thetablecsa,https://thetablecsa.bamboohr.com/careers
cfgch,cfgch,https://cfgch.bamboohr.com/careers
flourishventures,flourishventures,https://flourishventures.bamboohr.com/careers
gudel,gudel,https://gudel.bamboohr.com/careers
ruffwear,ruffwear,https://ruffwear.bamboohr.com/careers
specialtycounseling,specialtycounseling,https://specialtycounseling.bamboohr.com/careers
constellaintelligence,constellaintelligence,https://constellaintelligence.bamboohr.com/careers
archipelagocos,archipelagocos,https://archipelagocos.bamboohr.com/careers
buildcommonwealth,buildcommonwealth,https://buildcommonwealth.bamboohr.com/careers
alumis,alumis,https://alumis.bamboohr.com/careers
olivebranch,olivebranch,https://olivebranch.bamboohr.com/careers
adna,adna,https://adna.bamboohr.com/careers
balticapprenticeships,balticapprenticeships,https://balticapprenticeships.bamboohr.com/careers
classtechnologies,classtechnologies,https://classtechnologies.bamboohr.com/careers
studyprograms,studyprograms,https://studyprograms.bamboohr.com/careers
theurgentcare,theurgentcare,https://theurgentcare.bamboohr.com/careers
panmure,panmure,https://panmure.bamboohr.com/careers
ralcoelectric,ralcoelectric,https://ralcoelectric.bamboohr.com/careers
seniorhomehelp,seniorhomehelp,https://seniorhomehelp.bamboohr.com/careers
vausa,vausa,https://vausa.bamboohr.com/careers
goldstandard,goldstandard,https://goldstandard.bamboohr.com/careers
whitman,whitman,https://whitman.bamboohr.com/careers
lcslab,lcslab,https://lcslab.bamboohr.com/careers
markstein,markstein,https://markstein.bamboohr.com/careers
northern,northern,https://northern.bamboohr.com/careers
vocel,vocel,https://vocel.bamboohr.com/careers
mosers,mosers,https://mosers.bamboohr.com/careers
unetsafe,unetsafe,https://unetsafe.bamboohr.com/careers
zbg,zbg,https://zbg.bamboohr.com/careers
alclvma,alclvma,https://alclvma.bamboohr.com/careers
artivabio,artivabio,https://artivabio.bamboohr.com/careers
ccncp,ccncp,https://ccncp.bamboohr.com/careers
hunchads,hunchads,https://hunchads.bamboohr.com/careers
hammondengineers,hammondengineers,https://hammondengineers.bamboohr.com/careers
murphybrosdesign,murphybrosdesign,https://murphybrosdesign.bamboohr.com/careers
wbmelback,wbmelback,https://wbmelback.bamboohr.com/careers
redwinghra,redwinghra,https://redwinghra.bamboohr.com/careers
safenetwork,safenetwork,https://safenetwork.bamboohr.com/careers
bridgespcs,bridgespcs,https://bridgespcs.bamboohr.com/careers
davidnicebuilders,davidnicebuilders,https://davidnicebuilders.bamboohr.com/careers
growingroomcdc,growingroomcdc,https://growingroomcdc.bamboohr.com/careers
ldsafetymarking,ldsafetymarking,https://ldsafetymarking.bamboohr.com/careers
luxaviation,luxaviation,https://luxaviation.bamboohr.com/careers
pointeadvisory,pointeadvisory,https://pointeadvisory.bamboohr.com/careers
welchllp,welchllp,https://welchllp.bamboohr.com/careers
bbf,bbf,https://bbf.bamboohr.com/careers
contentguru,contentguru,https://contentguru.bamboohr.com/careers
dbgroup,dbgroup,https://dbgroup.bamboohr.com/careers
origamirehab,origamirehab,https://origamirehab.bamboohr.com/careers
pjhm,pjhm,https://pjhm.bamboohr.com/careers
shiner,shiner,https://shiner.bamboohr.com/careers
adamsindustries,adamsindustries,https://adamsindustries.bamboohr.com/careers
airx,airx,https://airx.bamboohr.com/careers
animaltrust,animaltrust,https://animaltrust.bamboohr.com/careers
csiltd,csiltd,https://csiltd.bamboohr.com/careers
delphidigital,delphidigital,https://delphidigital.bamboohr.com/careers
kogerhomecare,kogerhomecare,https://kogerhomecare.bamboohr.com/careers
eversum,eversum,https://eversum.bamboohr.com/careers
grubstreet,grubstreet,https://grubstreet.bamboohr.com/careers
hanzo,hanzo,https://hanzo.bamboohr.com/careers
lcr,lcr,https://lcr.bamboohr.com/careers
lindsayconstruction,lindsayconstruction,https://lindsayconstruction.bamboohr.com/careers
nbn,nbn,https://nbn.bamboohr.com/careers
coviance,coviance,https://coviance.bamboohr.com/careers
ectcharity,ectcharity,https://ectcharity.bamboohr.com/careers
energyexemplar,energyexemplar,https://energyexemplar.bamboohr.com/careers
jeffersonrise,jeffersonrise,https://jeffersonrise.bamboohr.com/careers
kermitppi,kermitppi,https://kermitppi.bamboohr.com/careers
anthill,anthill,https://anthill.bamboohr.com/careers
carehousing,carehousing,https://carehousing.bamboohr.com/careers
codemettle,codemettle,https://codemettle.bamboohr.com/careers
dodsgroupltd,dodsgroupltd,https://dodsgroupltd.bamboohr.com/careers
drapercity,drapercity,https://drapercity.bamboohr.com/careers
enlightenoperationalexcellence,enlightenoperationalexcellence,https://enlightenoperationalexcellence.bamboohr.com/careers
knak,knak,https://knak.bamboohr.com/careers
intragen,intragen,https://intragen.bamboohr.com/careers
mlacanada,mlacanada,https://mlacanada.bamboohr.com/careers
telarus,telarus,https://telarus.bamboohr.com/careers
timberlinedrillinginc,timberlinedrillinginc,https://timberlinedrillinginc.bamboohr.com/careers
tympahealth,tympahealth,https://tympahealth.bamboohr.com/careers
wrs,wrs,https://wrs.bamboohr.com/careers
apfc,apfc,https://apfc.bamboohr.com/careers
genserenergy,genserenergy,https://genserenergy.bamboohr.com/careers
glassborochilddevelopmentcenters,glassborochilddevelopmentcenters,https://glassborochilddevelopmentcenters.bamboohr.com/careers
grainpro,grainpro,https://grainpro.bamboohr.com/careers
matthew25,matthew25,https://matthew25.bamboohr.com/careers
nysefc,nysefc,https://nysefc.bamboohr.com/careers
mypatientspace1,mypatientspace1,https://mypatientspace1.bamboohr.com/careers
sempltd,sempltd,https://sempltd.bamboohr.com/careers
stillwatersci,stillwatersci,https://stillwatersci.bamboohr.com/careers
talkingpts,talkingpts,https://talkingpts.bamboohr.com/careers
ubawellness,ubawellness,https://ubawellness.bamboohr.com/careers
wholegraindigital,wholegraindigital,https://wholegraindigital.bamboohr.com/careers
acornbiolabs,acornbiolabs,https://acornbiolabs.bamboohr.com/careers
dteehf,dteehf,https://dteehf.bamboohr.com/careers
frequency,frequency,https://frequency.bamboohr.com/careers
m3dm,m3dm,https://m3dm.bamboohr.com/careers
userpilot,userpilot,https://userpilot.bamboohr.com/careers
bsi,bsi,https://bsi.bamboohr.com/careers
haslams,haslams,https://haslams.bamboohr.com/careers
kidsu,kidsu,https://kidsu.bamboohr.com/careers
lxt,lxt,https://lxt.bamboohr.com/careers
polyunity,polyunity,https://polyunity.bamboohr.com/careers
scottytechnologies,scottytechnologies,https://scottytechnologies.bamboohr.com/careers
wildcatoiltools,wildcatoiltools,https://wildcatoiltools.bamboohr.com/careers
10tengaming,10tengaming,https://10tengaming.bamboohr.com/careers
arielre,arielre,https://arielre.bamboohr.com/careers
expreecu,expreecu,https://expreecu.bamboohr.com/careers
hocsinc,hocsinc,https://hocsinc.bamboohr.com/careers
oag,oag,https://oag.bamboohr.com/careers
allhabitat,allhabitat,https://allhabitat.bamboohr.com/careers
farnsworthartmuseum,farnsworthartmuseum,https://farnsworthartmuseum.bamboohr.com/careers
tnr,tnr,https://tnr.bamboohr.com/careers
workunlimited,workunlimited,https://workunlimited.bamboohr.com/careers
wrxgrp,wrxgrp,https://wrxgrp.bamboohr.com/careers
alnafrica,alnafrica,https://alnafrica.bamboohr.com/careers
fuelpositive,fuelpositive,https://fuelpositive.bamboohr.com/careers
gregslawn,gregslawn,https://gregslawn.bamboohr.com/careers
kvp,kvp,https://kvp.bamboohr.com/careers
piranhanightclub,piranhanightclub,https://piranhanightclub.bamboohr.com/careers
resourcegeneration,resourcegeneration,https://resourcegeneration.bamboohr.com/careers
winonaareaambulance,winonaareaambulance,https://winonaareaambulance.bamboohr.com/careers
lotuswater,lotuswater,https://lotuswater.bamboohr.com/careers
system73,system73,https://system73.bamboohr.com/careers
belaircare,belaircare,https://belaircare.bamboohr.com/careers
destinyrescue,destinyrescue,https://destinyrescue.bamboohr.com/careers
gvi,gvi,https://gvi.bamboohr.com/careers
houlak,houlak,https://houlak.bamboohr.com/careers
itadltd,itadltd,https://itadltd.bamboohr.com/careers
unbelievablemachine,unbelievablemachine,https://unbelievablemachine.bamboohr.com/careers
nestcoin,nestcoin,https://nestcoin.bamboohr.com/careers
niyel,niyel,https://niyel.bamboohr.com/careers
restoreoaklandinc,restoreoaklandinc,https://restoreoaklandinc.bamboohr.com/careers
upacjenta,upacjenta,https://upacjenta.bamboohr.com/careers
callenlenz,callenlenz,https://callenlenz.bamboohr.com/careers
jimdent,jimdent,https://jimdent.bamboohr.com/careers
lunacon,lunacon,https://lunacon.bamboohr.com/careers
philadelphiaballet,philadelphiaballet,https://philadelphiaballet.bamboohr.com/careers
flashfood,flashfood,https://flashfood.bamboohr.com/careers
identityfusion,identityfusion,https://identityfusion.bamboohr.com/careers
overwatchimaging,overwatchimaging,https://overwatchimaging.bamboohr.com/careers
waibel,waibel,https://waibel.bamboohr.com/careers
2020mobile,2020mobile,https://2020mobile.bamboohr.com/careers
altaconstruction,altaconstruction,https://altaconstruction.bamboohr.com/careers
bisc,bisc,https://bisc.bamboohr.com/careers
freedomprep,freedomprep,https://freedomprep.bamboohr.com/careers
hopecommunityservices,hopecommunityservices,https://hopecommunityservices.bamboohr.com/careers
kiosoft,kiosoft,https://kiosoft.bamboohr.com/careers
laprairie,laprairie,https://laprairie.bamboohr.com/careers
cokerlegal,cokerlegal,https://cokerlegal.bamboohr.com/careers
niceshops,niceshops,https://niceshops.bamboohr.com/careers
skylineeducation,skylineeducation,https://skylineeducation.bamboohr.com/careers
superiorairmanagement,superiorairmanagement,https://superiorairmanagement.bamboohr.com/careers
yorkgroup,yorkgroup,https://yorkgroup.bamboohr.com/careers
counciloneducationforpublichealth,counciloneducationforpublichealth,https://counciloneducationforpublichealth.bamboohr.com/careers
gf55,gf55,https://gf55.bamboohr.com/careers
jmsequipment,jmsequipment,https://jmsequipment.bamboohr.com/careers
ronbouchard,ronbouchard,https://ronbouchard.bamboohr.com/careers
blacksunplc,blacksunplc,https://blacksunplc.bamboohr.com/careers
clward,clward,https://clward.bamboohr.com/careers
lifewave,lifewave,https://lifewave.bamboohr.com/careers
tmcamping,tmcamping,https://tmcamping.bamboohr.com/careers
worldbicyclerelief,worldbicyclerelief,https://worldbicyclerelief.bamboohr.com/careers
coinmarketcap,coinmarketcap,https://coinmarketcap.bamboohr.com/careers
damstratechnology,damstratechnology,https://damstratechnology.bamboohr.com/careers
jfedstl,jfedstl,https://jfedstl.bamboohr.com/careers
dietzlerconstruction,dietzlerconstruction,https://dietzlerconstruction.bamboohr.com/careers
themetchurch,themetchurch,https://themetchurch.bamboohr.com/careers
vgsystems,vgsystems,https://vgsystems.bamboohr.com/careers
idiguam,idiguam,https://idiguam.bamboohr.com/careers
metromechanical,metromechanical,https://metromechanical.bamboohr.com/careers
qms,qms,https://qms.bamboohr.com/careers
swoyfc,swoyfc,https://swoyfc.bamboohr.com/careers
systemcrew,systemcrew,https://systemcrew.bamboohr.com/careers
thecenturyfoundation,thecenturyfoundation,https://thecenturyfoundation.bamboohr.com/careers
wearewmx,wearewmx,https://wearewmx.bamboohr.com/careers
aldridgesecurity,aldridgesecurity,https://aldridgesecurity.bamboohr.com/careers
carms,carms,https://carms.bamboohr.com/careers
frontiercooperative,frontiercooperative,https://frontiercooperative.bamboohr.com/careers
missiongroup,missiongroup,https://missiongroup.bamboohr.com/careers
mountainhumane,mountainhumane,https://mountainhumane.bamboohr.com/careers
techdinamics,techdinamics,https://techdinamics.bamboohr.com/careers
beckautogroup,beckautogroup,https://beckautogroup.bamboohr.com/careers
bitwizards,bitwizards,https://bitwizards.bamboohr.com/careers
britishvethospital,britishvethospital,https://britishvethospital.bamboohr.com/careers
canadapooch,canadapooch,https://canadapooch.bamboohr.com/careers
dolinsgroup,dolinsgroup,https://dolinsgroup.bamboohr.com/careers
redcaffeine,redcaffeine,https://redcaffeine.bamboohr.com/careers
ludicrum,ludicrum,https://ludicrum.bamboohr.com/careers
oxya,oxya,https://oxya.bamboohr.com/careers
runwithitsynthetics,runwithitsynthetics,https://runwithitsynthetics.bamboohr.com/careers
tttstudios,tttstudios,https://tttstudios.bamboohr.com/careers
unboundnow,unboundnow,https://unboundnow.bamboohr.com/careers
neximhealthcare,neximhealthcare,https://neximhealthcare.bamboohr.com/careers
noema,noema,https://noema.bamboohr.com/careers
recollective,recollective,https://recollective.bamboohr.com/careers
tildencoil,tildencoil,https://tildencoil.bamboohr.com/careers
travelzoo,travelzoo,https://travelzoo.bamboohr.com/careers
wwhf,wwhf,https://wwhf.bamboohr.com/careers
campfireco,campfireco,https://campfireco.bamboohr.com/careers
emilanderson,emilanderson,https://emilanderson.bamboohr.com/careers
gregoryfca,gregoryfca,https://gregoryfca.bamboohr.com/careers
karamfoundation,karamfoundation,https://karamfoundation.bamboohr.com/careers
pracedo,pracedo,https://pracedo.bamboohr.com/careers
ridango,ridango,https://ridango.bamboohr.com/careers
smiletrain,smiletrain,https://smiletrain.bamboohr.com/careers
envisioninggreen,envisioninggreen,https://envisioninggreen.bamboohr.com/careers
ann,ann,https://ann.bamboohr.com/careers
apolloscooters,apolloscooters,https://apolloscooters.bamboohr.com/careers
eventconnect,eventconnect,https://eventconnect.bamboohr.com/careers
gilbert,gilbert,https://gilbert.bamboohr.com/careers
israaid,israaid,https://israaid.bamboohr.com/careers
mondaycreativeinc,mondaycreativeinc,https://mondaycreativeinc.bamboohr.com/careers
savinggracepreschool,savinggracepreschool,https://savinggracepreschool.bamboohr.com/careers
bluelayer,bluelayer,https://bluelayer.bamboohr.com/careers
glucode,glucode,https://glucode.bamboohr.com/careers
humanafterall,humanafterall,https://humanafterall.bamboohr.com/careers
mmfa,mmfa,https://mmfa.bamboohr.com/careers
sciris,sciris,https://sciris.bamboohr.com/careers
aecc,aecc,https://aecc.bamboohr.com/careers
audimute,audimute,https://audimute.bamboohr.com/careers
pulsemedica,pulsemedica,https://pulsemedica.bamboohr.com/careers
chapal,chapal,https://chapal.bamboohr.com/careers
decisivedividenduni,decisivedividenduni,https://decisivedividenduni.bamboohr.com/careers
everymarket,everymarket,https://everymarket.bamboohr.com/careers
moontideagency,moontideagency,https://moontideagency.bamboohr.com/careers
mtmdesign,mtmdesign,https://mtmdesign.bamboohr.com/careers
alliancebuilds,alliancebuilds,https://alliancebuilds.bamboohr.com/careers
gbl,gbl,https://gbl.bamboohr.com/careers
jhstbay,jhstbay,https://jhstbay.bamboohr.com/careers
malonesolutions,malonesolutions,https://malonesolutions.bamboohr.com/careers
pendletonsolutions,pendletonsolutions,https://pendletonsolutions.bamboohr.com/careers
bioratherapeutics,bioratherapeutics,https://bioratherapeutics.bamboohr.com/careers
fitzmaurice,fitzmaurice,https://fitzmaurice.bamboohr.com/careers
gracefellowshipchurch,gracefellowshipchurch,https://gracefellowshipchurch.bamboohr.com/careers
logansimpson,logansimpson,https://logansimpson.bamboohr.com/careers
asgi,asgi,https://asgi.bamboohr.com/careers
commonwise,commonwise,https://commonwise.bamboohr.com/careers
fixposition,fixposition,https://fixposition.bamboohr.com/careers
skinmds,skinmds,https://skinmds.bamboohr.com/careers
unrvld,unrvld,https://unrvld.bamboohr.com/careers
valocityglobal,valocityglobal,https://valocityglobal.bamboohr.com/careers
vicpark,vicpark,https://vicpark.bamboohr.com/careers
brpcc,brpcc,https://brpcc.bamboohr.com/careers
buddle,buddle,https://buddle.bamboohr.com/careers
jammiesenvironmental,jammiesenvironmental,https://jammiesenvironmental.bamboohr.com/careers
zwick,zwick,https://zwick.bamboohr.com/careers
cciemployment,cciemployment,https://cciemployment.bamboohr.com/careers
i3pd,i3pd,https://i3pd.bamboohr.com/careers
jordanpark,jordanpark,https://jordanpark.bamboohr.com/careers
lisleparkdistrict,lisleparkdistrict,https://lisleparkdistrict.bamboohr.com/careers
messengeravl,messengeravl,https://messengeravl.bamboohr.com/careers
icron,icron,https://icron.bamboohr.com/careers
innovobenefits,innovobenefits,https://innovobenefits.bamboohr.com/careers
natronacountylibrary,natronacountylibrary,https://natronacountylibrary.bamboohr.com/careers
newroadstreatment,newroadstreatment,https://newroadstreatment.bamboohr.com/careers
ovclawyermarketing,ovclawyermarketing,https://ovclawyermarketing.bamboohr.com/careers
bakertillyrsg,bakertillyrsg,https://bakertillyrsg.bamboohr.com/careers
energyroofingco,energyroofingco,https://energyroofingco.bamboohr.com/careers
offstreet,offstreet,https://offstreet.bamboohr.com/careers
ceis,ceis,https://ceis.bamboohr.com/careers
cmecorporation,cmecorporation,https://cmecorporation.bamboohr.com/careers
firmanirrigationandtreeservice,firmanirrigationandtreeservice,https://firmanirrigationandtreeservice.bamboohr.com/careers
involvedgroup,involvedgroup,https://involvedgroup.bamboohr.com/careers
amazeeio,amazeeio,https://amazeeio.bamboohr.com/careers
anthem,anthem,https://anthem.bamboohr.com/careers
cobizcpa,cobizcpa,https://cobizcpa.bamboohr.com/careers
customsoftwaresystems,customsoftwaresystems,https://customsoftwaresystems.bamboohr.com/careers
enablenetworks,enablenetworks,https://enablenetworks.bamboohr.com/careers
evolutionq,evolutionq,https://evolutionq.bamboohr.com/careers
fe,fe,https://fe.bamboohr.com/careers
laramieairport,laramieairport,https://laramieairport.bamboohr.com/careers
omnigroup,omnigroup,https://omnigroup.bamboohr.com/careers
redemptionplus,redemptionplus,https://redemptionplus.bamboohr.com/careers
anonyome,anonyome,https://anonyome.bamboohr.com/careers
cmtsllc,cmtsllc,https://cmtsllc.bamboohr.com/careers
petwow,petwow,https://petwow.bamboohr.com/careers
readyedu,readyedu,https://readyedu.bamboohr.com/careers
gta,gta,https://gta.bamboohr.com/careers
haccnet,haccnet,https://haccnet.bamboohr.com/careers
meatable,meatable,https://meatable.bamboohr.com/careers
novatecheng,novatecheng,https://novatecheng.bamboohr.com/careers
passbolt,passbolt,https://passbolt.bamboohr.com/careers
plextrac,plextrac,https://plextrac.bamboohr.com/careers
1steps,1steps,https://1steps.bamboohr.com/careers
fireflypartners,fireflypartners,https://fireflypartners.bamboohr.com/careers
it8,it8,https://it8.bamboohr.com/careers
sterlingfire,sterlingfire,https://sterlingfire.bamboohr.com/careers
antare,antare,https://antare.bamboohr.com/careers
appalachian,appalachian,https://appalachian.bamboohr.com/careers
bcndpcaucus,bcndpcaucus,https://bcndpcaucus.bamboohr.com/careers
elephas,elephas,https://elephas.bamboohr.com/careers
geminiams,geminiams,https://geminiams.bamboohr.com/careers
maintair,maintair,https://maintair.bamboohr.com/careers
rooof,rooof,https://rooof.bamboohr.com/careers
bartowbuilders,bartowbuilders,https://bartowbuilders.bamboohr.com/careers
capricornholdings,capricornholdings,https://capricornholdings.bamboohr.com/careers
conexiom,conexiom,https://conexiom.bamboohr.com/careers
elementthree,elementthree,https://elementthree.bamboohr.com/careers
kbra,kbra,https://kbra.bamboohr.com/careers
oneviewhealthcare,oneviewhealthcare,https://oneviewhealthcare.bamboohr.com/careers
orangeloops,orangeloops,https://orangeloops.bamboohr.com/careers
e7solutions,e7solutions,https://e7solutions.bamboohr.com/careers
fortunatemedia,fortunatemedia,https://fortunatemedia.bamboohr.com/careers
genesiselectrical,genesiselectrical,https://genesiselectrical.bamboohr.com/careers
gwp,gwp,https://gwp.bamboohr.com/careers
quantifi,quantifi,https://quantifi.bamboohr.com/careers
rockinrudys,rockinrudys,https://rockinrudys.bamboohr.com/careers
rocrents,rocrents,https://rocrents.bamboohr.com/careers
andava,andava,https://andava.bamboohr.com/careers
azolver,azolver,https://azolver.bamboohr.com/careers
bgcgarfield,bgcgarfield,https://bgcgarfield.bamboohr.com/careers
enfinite,enfinite,https://enfinite.bamboohr.com/careers
insuco,insuco,https://insuco.bamboohr.com/careers
leadexsystems,leadexsystems,https://leadexsystems.bamboohr.com/careers
malingroup,malingroup,https://malingroup.bamboohr.com/careers
bnrconsulting,bnrconsulting,https://bnrconsulting.bamboohr.com/careers
efmpc,efmpc,https://efmpc.bamboohr.com/careers
familyfutures2,familyfutures2,https://familyfutures2.bamboohr.com/careers
hambletonhandyman,hambletonhandyman,https://hambletonhandyman.bamboohr.com/careers
kierwright,kierwright,https://kierwright.bamboohr.com/careers
spotlesscleaningnc,spotlesscleaningnc,https://spotlesscleaningnc.bamboohr.com/careers
adinstruments,adinstruments,https://adinstruments.bamboohr.com/careers
crcfo,crcfo,https://crcfo.bamboohr.com/careers
dhdc,dhdc,https://dhdc.bamboohr.com/careers
discussio,discussio,https://discussio.bamboohr.com/careers
scbuildersinc,scbuildersinc,https://scbuildersinc.bamboohr.com/careers
sestek,sestek,https://sestek.bamboohr.com/careers
spartan7,spartan7,https://spartan7.bamboohr.com/careers
strattoncraig,strattoncraig,https://strattoncraig.bamboohr.com/careers
adistec,adistec,https://adistec.bamboohr.com/careers
affinitydigital,affinitydigital,https://affinitydigital.bamboohr.com/careers
bandsintown,bandsintown,https://bandsintown.bamboohr.com/careers
boonesupportedliving,boonesupportedliving,https://boonesupportedliving.bamboohr.com/careers
covu,covu,https://covu.bamboohr.com/careers
dvmelite,dvmelite,https://dvmelite.bamboohr.com/careers
flagshipbio,flagshipbio,https://flagshipbio.bamboohr.com/careers
devhd,devhd,https://devhd.bamboohr.com/careers
evidenceaction,evidenceaction,https://evidenceaction.bamboohr.com/careers
futureswithoutviolence,futureswithoutviolence,https://futureswithoutviolence.bamboohr.com/careers
gfgholdings,gfgholdings,https://gfgholdings.bamboohr.com/careers
macrobond,macrobond,https://macrobond.bamboohr.com/careers
modo,modo,https://modo.bamboohr.com/careers
murrayco,murrayco,https://murrayco.bamboohr.com/careers
sybridgetech,sybridgetech,https://sybridgetech.bamboohr.com/careers
tcsasia,tcsasia,https://tcsasia.bamboohr.com/careers
thirdhorizonstrategies,thirdhorizonstrategies,https://thirdhorizonstrategies.bamboohr.com/careers
bigtimepestcontrol,bigtimepestcontrol,https://bigtimepestcontrol.bamboohr.com/careers
clayclerk,clayclerk,https://clayclerk.bamboohr.com/careers
dfnetresearch,dfnetresearch,https://dfnetresearch.bamboohr.com/careers
elicio,elicio,https://elicio.bamboohr.com/careers
hubtel,hubtel,https://hubtel.bamboohr.com/careers
lnsresearch,lnsresearch,https://lnsresearch.bamboohr.com/careers
itassolutions,itassolutions,https://itassolutions.bamboohr.com/careers
jetfly,jetfly,https://jetfly.bamboohr.com/careers
renewbeauty,renewbeauty,https://renewbeauty.bamboohr.com/careers
apr,apr,https://apr.bamboohr.com/careers
flyingbark,flyingbark,https://flyingbark.bamboohr.com/careers
lautenbachrecycling,lautenbachrecycling,https://lautenbachrecycling.bamboohr.com/careers
rchpahc,rchpahc,https://rchpahc.bamboohr.com/careers
tysonmendes,tysonmendes,https://tysonmendes.bamboohr.com/careers
chargelab,chargelab,https://chargelab.bamboohr.com/careers
cirm,cirm,https://cirm.bamboohr.com/careers
nideckergroup,nideckergroup,https://nideckergroup.bamboohr.com/careers
rbotechnology,rbotechnology,https://rbotechnology.bamboohr.com/careers
seadream,seadream,https://seadream.bamboohr.com/careers
1valet,1valet,https://1valet.bamboohr.com/careers
constructdigital,constructdigital,https://constructdigital.bamboohr.com/careers
lightasinglecandle,lightasinglecandle,https://lightasinglecandle.bamboohr.com/careers
mptcs,mptcs,https://mptcs.bamboohr.com/careers
palmettoyachtmanagement1,palmettoyachtmanagement1,https://palmettoyachtmanagement1.bamboohr.com/careers
patspastured,patspastured,https://patspastured.bamboohr.com/careers
tbs,tbs,https://tbs.bamboohr.com/careers
consensus,consensus,https://consensus.bamboohr.com/careers
eo,eo,https://eo.bamboohr.com/careers
profitero,profitero,https://profitero.bamboohr.com/careers
arca,arca,https://arca.bamboohr.com/careers
pcateam,pcateam,https://pcateam.bamboohr.com/careers
sparksmc,sparksmc,https://sparksmc.bamboohr.com/careers
tdec,tdec,https://tdec.bamboohr.com/careers
ardeneng,ardeneng,https://ardeneng.bamboohr.com/careers
fulcrumairinc,fulcrumairinc,https://fulcrumairinc.bamboohr.com/careers
medasf,medasf,https://medasf.bamboohr.com/careers
taager,taager,https://taager.bamboohr.com/careers
v12footwear,v12footwear,https://v12footwear.bamboohr.com/careers
vertexca,vertexca,https://vertexca.bamboohr.com/careers
beatyctech,beatyctech,https://beatyctech.bamboohr.com/careers
evalan,evalan,https://evalan.bamboohr.com/careers
operatorsunlimited,operatorsunlimited,https://operatorsunlimited.bamboohr.com/careers
skuuudle,skuuudle,https://skuuudle.bamboohr.com/careers
blackrock,blackrock,https://blackrock.bamboohr.com/careers
dunetechnology,dunetechnology,https://dunetechnology.bamboohr.com/careers
housingcalifornia,housingcalifornia,https://housingcalifornia.bamboohr.com/careers
mckinleyadvisors,mckinleyadvisors,https://mckinleyadvisors.bamboohr.com/careers
suburbanenterprises,suburbanenterprises,https://suburbanenterprises.bamboohr.com/careers
waveworks,waveworks,https://waveworks.bamboohr.com/careers
awcsolutions,awcsolutions,https://awcsolutions.bamboohr.com/careers
dakotawoodlands,dakotawoodlands,https://dakotawoodlands.bamboohr.com/careers
interplay,interplay,https://interplay.bamboohr.com/careers
trustwallet,trustwallet,https://trustwallet.bamboohr.com/careers
foxnspfra,foxnspfra,https://foxnspfra.bamboohr.com/careers
mythicalaccount,mythicalaccount,https://mythicalaccount.bamboohr.com/careers
truleap,truleap,https://truleap.bamboohr.com/careers
ccasantafe,ccasantafe,https://ccasantafe.bamboohr.com/careers
magnumphotos,magnumphotos,https://magnumphotos.bamboohr.com/careers
therishercompanies,therishercompanies,https://therishercompanies.bamboohr.com/careers
whiteboardmarketing,whiteboardmarketing,https://whiteboardmarketing.bamboohr.com/careers
christianpost,christianpost,https://christianpost.bamboohr.com/careers
tangramflex,tangramflex,https://tangramflex.bamboohr.com/careers
westair,westair,https://westair.bamboohr.com/careers
paleycenter,paleycenter,https://paleycenter.bamboohr.com/careers
unitedcapmn,unitedcapmn,https://unitedcapmn.bamboohr.com/careers
workshop,workshop,https://workshop.bamboohr.com/careers
noanet,noanet,https://noanet.bamboohr.com/careers
pal,pal,https://pal.bamboohr.com/careers
portlandgirl,portlandgirl,https://portlandgirl.bamboohr.com/careers
primeproperty,primeproperty,https://primeproperty.bamboohr.com/careers
uppervalleyhaven,uppervalleyhaven,https://uppervalleyhaven.bamboohr.com/careers
atlbeltline,atlbeltline,https://atlbeltline.bamboohr.com/careers
balancetreatment,balancetreatment,https://balancetreatment.bamboohr.com/careers
creativeresearchsolutions,creativeresearchsolutions,https://creativeresearchsolutions.bamboohr.com/careers
crtriangle,crtriangle,https://crtriangle.bamboohr.com/careers
lenhartmason,lenhartmason,https://lenhartmason.bamboohr.com/careers
prohns,prohns,https://prohns.bamboohr.com/careers
psignite,psignite,https://psignite.bamboohr.com/careers
risevest,risevest,https://risevest.bamboohr.com/careers
atlantaglow,atlantaglow,https://atlantaglow.bamboohr.com/careers
kyra,kyra,https://kyra.bamboohr.com/careers
sbquantum,sbquantum,https://sbquantum.bamboohr.com/careers
zaloni,zaloni,https://zaloni.bamboohr.com/careers
addium,addium,https://addium.bamboohr.com/careers
bravebe,bravebe,https://bravebe.bamboohr.com/careers
imrg2000,imrg2000,https://imrg2000.bamboohr.com/careers
raenest,raenest,https://raenest.bamboohr.com/careers
cedarstone,cedarstone,https://cedarstone.bamboohr.com/careers
directom,directom,https://directom.bamboohr.com/careers
gwek,gwek,https://gwek.bamboohr.com/careers
reubensbrews,reubensbrews,https://reubensbrews.bamboohr.com/careers
solv4ex,solv4ex,https://solv4ex.bamboohr.com/careers
vptpower,vptpower,https://vptpower.bamboohr.com/careers
drbarbarasturm,drbarbarasturm,https://drbarbarasturm.bamboohr.com/careers
glopal,glopal,https://glopal.bamboohr.com/careers
miadvocacy,miadvocacy,https://miadvocacy.bamboohr.com/careers
fundcount,fundcount,https://fundcount.bamboohr.com/careers
hrmidwest,hrmidwest,https://hrmidwest.bamboohr.com/careers
nssra,nssra,https://nssra.bamboohr.com/careers
samu,samu,https://samu.bamboohr.com/careers
rsllhr,rsllhr,https://rsllhr.bamboohr.com/careers
thentia,thentia,https://thentia.bamboohr.com/careers
clickfunnels,clickfunnels,https://clickfunnels.bamboohr.com/careers
fz,fz,https://fz.bamboohr.com/careers
koala,koala,https://koala.bamboohr.com/careers
noblerot,noblerot,https://noblerot.bamboohr.com/careers
swanky,swanky,https://swanky.bamboohr.com/careers
thinkcyber,thinkcyber,https://thinkcyber.bamboohr.com/careers
atlashotels,atlashotels,https://atlashotels.bamboohr.com/careers
kawanti,kawanti,https://kawanti.bamboohr.com/careers
mitacs,mitacs,https://mitacs.bamboohr.com/careers
opus3artists,opus3artists,https://opus3artists.bamboohr.com/careers
oregonhospitals,oregonhospitals,https://oregonhospitals.bamboohr.com/careers
turbineai,turbineai,https://turbineai.bamboohr.com/careers
clearwaygroup,clearwaygroup,https://clearwaygroup.bamboohr.com/careers
hazendalwineestate,hazendalwineestate,https://hazendalwineestate.bamboohr.com/careers
learnd,learnd,https://learnd.bamboohr.com/careers
nureva,nureva,https://nureva.bamboohr.com/careers
sbw,sbw,https://sbw.bamboohr.com/careers
wolfsdorf,wolfsdorf,https://wolfsdorf.bamboohr.com/careers
factorytechnologies,factorytechnologies,https://factorytechnologies.bamboohr.com/careers
isoutsource,isoutsource,https://isoutsource.bamboohr.com/careers
meedan,meedan,https://meedan.bamboohr.com/careers
oneplanai,oneplanai,https://oneplanai.bamboohr.com/careers
signal1,signal1,https://signal1.bamboohr.com/careers
soar,soar,https://soar.bamboohr.com/careers
torrero,torrero,https://torrero.bamboohr.com/careers
audax,audax,https://audax.bamboohr.com/careers
isth,isth,https://isth.bamboohr.com/careers
standrewsturi,standrewsturi,https://standrewsturi.bamboohr.com/careers
terasakiinstitute,terasakiinstitute,https://terasakiinstitute.bamboohr.com/careers
tgccpa,tgccpa,https://tgccpa.bamboohr.com/careers
apexdki,apexdki,https://apexdki.bamboohr.com/careers
evisions,evisions,https://evisions.bamboohr.com/careers
depaul,depaul,https://depaul.bamboohr.com/careers
ekonapower,ekonapower,https://ekonapower.bamboohr.com/careers
genomecanada,genomecanada,https://genomecanada.bamboohr.com/careers
harbordesignsmanufacturing,harbordesignsmanufacturing,https://harbordesignsmanufacturing.bamboohr.com/careers
teamblueox,teamblueox,https://teamblueox.bamboohr.com/careers
ebiquity,ebiquity,https://ebiquity.bamboohr.com/careers
gearsforbreakfast,gearsforbreakfast,https://gearsforbreakfast.bamboohr.com/careers
mindfullifeproject,mindfullifeproject,https://mindfullifeproject.bamboohr.com/careers
ms3,ms3,https://ms3.bamboohr.com/careers
cosgravelaw,cosgravelaw,https://cosgravelaw.bamboohr.com/careers
futurecarecorp,futurecarecorp,https://futurecarecorp.bamboohr.com/careers
heritageis,heritageis,https://heritageis.bamboohr.com/careers
knkx,knkx,https://knkx.bamboohr.com/careers
prospera,prospera,https://prospera.bamboohr.com/careers
vfs,vfs,https://vfs.bamboohr.com/careers
vsi,vsi,https://vsi.bamboohr.com/careers
bobpultechevrolet,bobpultechevrolet,https://bobpultechevrolet.bamboohr.com/careers
gridgain,gridgain,https://gridgain.bamboohr.com/careers
justicelawcorp,justicelawcorp,https://justicelawcorp.bamboohr.com/careers
ooma,ooma,https://ooma.bamboohr.com/careers
centerforlargelandscapeconservation,centerforlargelandscapeconservation,https://centerforlargelandscapeconservation.bamboohr.com/careers
origina,origina,https://origina.bamboohr.com/careers
boundless,boundless,https://boundless.bamboohr.com/careers
earlymedical,earlymedical,https://earlymedical.bamboohr.com/careers
fscpa,fscpa,https://fscpa.bamboohr.com/careers
gympluscoffee,gympluscoffee,https://gympluscoffee.bamboohr.com/careers
morlocknoren,morlocknoren,https://morlocknoren.bamboohr.com/careers
a4hc,a4hc,https://a4hc.bamboohr.com/careers
bigleap,bigleap,https://bigleap.bamboohr.com/careers
evoketechnologies,evoketechnologies,https://evoketechnologies.bamboohr.com/careers
systemera,systemera,https://systemera.bamboohr.com/careers
csjax,csjax,https://csjax.bamboohr.com/careers
greenlatinos,greenlatinos,https://greenlatinos.bamboohr.com/careers
iraclub,iraclub,https://iraclub.bamboohr.com/careers
wmaviation,wmaviation,https://wmaviation.bamboohr.com/careers
anonm,anonm,https://anonm.bamboohr.com/careers
asimo,asimo,https://asimo.bamboohr.com/careers
gridx,gridx,https://gridx.bamboohr.com/careers
gxpcc,gxpcc,https://gxpcc.bamboohr.com/careers
nesst,nesst,https://nesst.bamboohr.com/careers
payfacto,payfacto,https://payfacto.bamboohr.com/careers
publictrustadvisors,publictrustadvisors,https://publictrustadvisors.bamboohr.com/careers
alchemab,alchemab,https://alchemab.bamboohr.com/careers
connectchildcare,connectchildcare,https://connectchildcare.bamboohr.com/careers
jorsek,jorsek,https://jorsek.bamboohr.com/careers
occboyscouts,occboyscouts,https://occboyscouts.bamboohr.com/careers
swssedh,swssedh,https://swssedh.bamboohr.com/careers
canyonhills,canyonhills,https://canyonhills.bamboohr.com/careers
cardinaleducation,cardinaleducation,https://cardinaleducation.bamboohr.com/careers
colorsxstudios,colorsxstudios,https://colorsxstudios.bamboohr.com/careers
detroitparentnetwork,detroitparentnetwork,https://detroitparentnetwork.bamboohr.com/careers
outreachworks,outreachworks,https://outreachworks.bamboohr.com/careers
africansafariwildlifepark,africansafariwildlifepark,https://africansafariwildlifepark.bamboohr.com/careers
ajmenvironmental,ajmenvironmental,https://ajmenvironmental.bamboohr.com/careers
carval,carval,https://carval.bamboohr.com/careers
smoothcommerce,smoothcommerce,https://smoothcommerce.bamboohr.com/careers
sullivanstanley,sullivanstanley,https://sullivanstanley.bamboohr.com/careers
tfgnet,tfgnet,https://tfgnet.bamboohr.com/careers
alta,alta,https://alta.bamboohr.com/careers
brighty,brighty,https://brighty.bamboohr.com/careers
mboone,mboone,https://mboone.bamboohr.com/careers
rafn,rafn,https://rafn.bamboohr.com/careers
tknife,tknife,https://tknife.bamboohr.com/careers
utorg,utorg,https://utorg.bamboohr.com/careers
vuereal,vuereal,https://vuereal.bamboohr.com/careers
adamsmiles,adamsmiles,https://adamsmiles.bamboohr.com/careers
ap10,ap10,https://ap10.bamboohr.com/careers
galvion,galvion,https://galvion.bamboohr.com/careers
milbarhydrotest,milbarhydrotest,https://milbarhydrotest.bamboohr.com/careers
ph2,ph2,https://ph2.bamboohr.com/careers
shopgate,shopgate,https://shopgate.bamboohr.com/careers
couch,couch,https://couch.bamboohr.com/careers
nylontechnology,nylontechnology,https://nylontechnology.bamboohr.com/careers
precisiondev,precisiondev,https://precisiondev.bamboohr.com/careers
teamintegrity,teamintegrity,https://teamintegrity.bamboohr.com/careers
ciellos,ciellos,https://ciellos.bamboohr.com/careers
data4,data4,https://data4.bamboohr.com/careers
helpcloud,helpcloud,https://helpcloud.bamboohr.com/careers
lovelandexcavating,lovelandexcavating,https://lovelandexcavating.bamboohr.com/careers
nyobolt,nyobolt,https://nyobolt.bamboohr.com/careers
orases,orases,https://orases.bamboohr.com/careers
canacad,canacad,https://canacad.bamboohr.com/careers
cfef,cfef,https://cfef.bamboohr.com/careers
freschesolutions,freschesolutions,https://freschesolutions.bamboohr.com/careers
imi,imi,https://imi.bamboohr.com/careers
freudigmanbillings,freudigmanbillings,https://freudigmanbillings.bamboohr.com/careers
rainierscholars,rainierscholars,https://rainierscholars.bamboohr.com/careers
rgbarry,rgbarry,https://rgbarry.bamboohr.com/careers
roofingcompany,roofingcompany,https://roofingcompany.bamboohr.com/careers
tiugo,tiugo,https://tiugo.bamboohr.com/careers
trident,trident,https://trident.bamboohr.com/careers
artidea,artidea,https://artidea.bamboohr.com/careers
caringacross,caringacross,https://caringacross.bamboohr.com/careers
claritytech,claritytech,https://claritytech.bamboohr.com/careers
gosaas,gosaas,https://gosaas.bamboohr.com/careers
measurabl,measurabl,https://measurabl.bamboohr.com/careers
accesscommunitycare,accesscommunitycare,https://accesscommunitycare.bamboohr.com/careers
carleycorp,carleycorp,https://carleycorp.bamboohr.com/careers
ccegolfcars,ccegolfcars,https://ccegolfcars.bamboohr.com/careers
centerpoint,centerpoint,https://centerpoint.bamboohr.com/careers
codecool,codecool,https://codecool.bamboohr.com/careers
steadpoint,steadpoint,https://steadpoint.bamboohr.com/careers
17live,17live,https://17live.bamboohr.com/careers
arubahemotionalhealth,arubahemotionalhealth,https://arubahemotionalhealth.bamboohr.com/careers
coloradolegalservices,coloradolegalservices,https://coloradolegalservices.bamboohr.com/careers
vizxglobal,vizxglobal,https://vizxglobal.bamboohr.com/careers
wildix,wildix,https://wildix.bamboohr.com/careers
communitylifellc,communitylifellc,https://communitylifellc.bamboohr.com/careers
familytransitionplace,familytransitionplace,https://familytransitionplace.bamboohr.com/careers
nomecc,nomecc,https://nomecc.bamboohr.com/careers
peoplesolutions,peoplesolutions,https://peoplesolutions.bamboohr.com/careers
pressurekleen,pressurekleen,https://pressurekleen.bamboohr.com/careers
aisle518,aisle518,https://aisle518.bamboohr.com/careers
counseling4kids,counseling4kids,https://counseling4kids.bamboohr.com/careers
ethereum,ethereum,https://ethereum.bamboohr.com/careers
civilians,civilians,https://civilians.bamboohr.com/careers
decode,decode,https://decode.bamboohr.com/careers
formulafig,formulafig,https://formulafig.bamboohr.com/careers
nti,nti,https://nti.bamboohr.com/careers
purelogicit,purelogicit,https://purelogicit.bamboohr.com/careers
taipeimsf,taipeimsf,https://taipeimsf.bamboohr.com/careers
rocketmedia,rocketmedia,https://rocketmedia.bamboohr.com/careers
stfranciscenter,stfranciscenter,https://stfranciscenter.bamboohr.com/careers
twinportsderm,twinportsderm,https://twinportsderm.bamboohr.com/careers
vmccny,vmccny,https://vmccny.bamboohr.com/careers
cloudheadgames,cloudheadgames,https://cloudheadgames.bamboohr.com/careers
harrisgroupcpa,harrisgroupcpa,https://harrisgroupcpa.bamboohr.com/careers
soteranalytics,soteranalytics,https://soteranalytics.bamboohr.com/careers
usboell,usboell,https://usboell.bamboohr.com/careers
whisk,whisk,https://whisk.bamboohr.com/careers
aerialcanvas,aerialcanvas,https://aerialcanvas.bamboohr.com/careers
korem,korem,https://korem.bamboohr.com/careers
sequencebio,sequencebio,https://sequencebio.bamboohr.com/careers
treble,treble,https://treble.bamboohr.com/careers
canyoncontracting,canyoncontracting,https://canyoncontracting.bamboohr.com/careers
creweadvisors,creweadvisors,https://creweadvisors.bamboohr.com/careers
gnwkcf,gnwkcf,https://gnwkcf.bamboohr.com/careers
mortongroveparks,mortongroveparks,https://mortongroveparks.bamboohr.com/careers
wncinc,wncinc,https://wncinc.bamboohr.com/careers
aspireearlylearningacademy,aspireearlylearningacademy,https://aspireearlylearningacademy.bamboohr.com/careers
brinerbuilding,brinerbuilding,https://brinerbuilding.bamboohr.com/careers
costofwisconsin,costofwisconsin,https://costofwisconsin.bamboohr.com/careers
graphitedigital,graphitedigital,https://graphitedigital.bamboohr.com/careers
haverfordtownship,haverfordtownship,https://haverfordtownship.bamboohr.com/careers
mariostowing,mariostowing,https://mariostowing.bamboohr.com/careers
gargle,gargle,https://gargle.bamboohr.com/careers
katzie,katzie,https://katzie.bamboohr.com/careers
moonsailnorth,moonsailnorth,https://moonsailnorth.bamboohr.com/careers
oceansidecove,oceansidecove,https://oceansidecove.bamboohr.com/careers
opecmd,opecmd,https://opecmd.bamboohr.com/careers
climatiqtech,climatiqtech,https://climatiqtech.bamboohr.com/careers
cloudhop,cloudhop,https://cloudhop.bamboohr.com/careers
digitaldays,digitaldays,https://digitaldays.bamboohr.com/careers
figure,figure,https://figure.bamboohr.com/careers
ourhouseshelter,ourhouseshelter,https://ourhouseshelter.bamboohr.com/careers
surescreengroup,surescreengroup,https://surescreengroup.bamboohr.com/careers
thebiggsgroup,thebiggsgroup,https://thebiggsgroup.bamboohr.com/careers
westernrestaurantsupply,westernrestaurantsupply,https://westernrestaurantsupply.bamboohr.com/careers
kff,kff,https://kff.bamboohr.com/careers
languagebird,languagebird,https://languagebird.bamboohr.com/careers
marvelmarketers,marvelmarketers,https://marvelmarketers.bamboohr.com/careers
provectusalgae,provectusalgae,https://provectusalgae.bamboohr.com/careers
espressive,espressive,https://espressive.bamboohr.com/careers
telegraphcreative,telegraphcreative,https://telegraphcreative.bamboohr.com/careers
thewatertrust,thewatertrust,https://thewatertrust.bamboohr.com/careers
getjusto,getjusto,https://getjusto.bamboohr.com/careers
carebook,carebook,https://carebook.bamboohr.com/careers
cofchurch,cofchurch,https://cofchurch.bamboohr.com/careers
galeassociates,galeassociates,https://galeassociates.bamboohr.com/careers
isacybersecurity,isacybersecurity,https://isacybersecurity.bamboohr.com/careers
lowerstreet,lowerstreet,https://lowerstreet.bamboohr.com/careers
ooni,ooni,https://ooni.bamboohr.com/careers
coople,coople,https://coople.bamboohr.com/careers
epsgroupinc,epsgroupinc,https://epsgroupinc.bamboohr.com/careers
laamistadinc,laamistadinc,https://laamistadinc.bamboohr.com/careers
poopourri,poopourri,https://poopourri.bamboohr.com/careers
townofdanville,townofdanville,https://townofdanville.bamboohr.com/careers
choicelunch,choicelunch,https://choicelunch.bamboohr.com/careers
sofascore,sofascore,https://sofascore.bamboohr.com/careers
speakeasyinc,speakeasyinc,https://speakeasyinc.bamboohr.com/careers
apexgcs,apexgcs,https://apexgcs.bamboohr.com/careers
matiss,matiss,https://matiss.bamboohr.com/careers
pickit,pickit,https://pickit.bamboohr.com/careers
infravision,infravision,https://infravision.bamboohr.com/careers
rmhcbayarea,rmhcbayarea,https://rmhcbayarea.bamboohr.com/careers
achieveit,achieveit,https://achieveit.bamboohr.com/careers
brdaelectric,brdaelectric,https://brdaelectric.bamboohr.com/careers
dmgblockchain,dmgblockchain,https://dmgblockchain.bamboohr.com/careers
humanyze,humanyze,https://humanyze.bamboohr.com/careers
instructionalcoaching,instructionalcoaching,https://instructionalcoaching.bamboohr.com/careers
baileyharris,baileyharris,https://baileyharris.bamboohr.com/careers
charter,charter,https://charter.bamboohr.com/careers
destinationbc,destinationbc,https://destinationbc.bamboohr.com/careers
kohlfelddistributing,kohlfelddistributing,https://kohlfelddistributing.bamboohr.com/careers
97thfloor,97thfloor,https://97thfloor.bamboohr.com/careers
bluelotuschai,bluelotuschai,https://bluelotuschai.bamboohr.com/careers
northbrooklib,northbrooklib,https://northbrooklib.bamboohr.com/careers
theranches,theranches,https://theranches.bamboohr.com/careers
bbbne,bbbne,https://bbbne.bamboohr.com/careers
prcc,prcc,https://prcc.bamboohr.com/careers
alltogetherrecovery,alltogetherrecovery,https://alltogetherrecovery.bamboohr.com/careers
commissionaires,commissionaires,https://commissionaires.bamboohr.com/careers
ascendenthealth,ascendenthealth,https://ascendenthealth.bamboohr.com/careers
kiverdi,kiverdi,https://kiverdi.bamboohr.com/careers
laborie,laborie,https://laborie.bamboohr.com/careers
substance,substance,https://substance.bamboohr.com/careers
thecontemporaryaustin,thecontemporaryaustin,https://thecontemporaryaustin.bamboohr.com/careers
ytt,ytt,https://ytt.bamboohr.com/careers
alpega,alpega,https://alpega.bamboohr.com/careers
fireflynw,fireflynw,https://fireflynw.bamboohr.com/careers
vermontcatholiccharities,vermontcatholiccharities,https://vermontcatholiccharities.bamboohr.com/careers
vueplanner,vueplanner,https://vueplanner.bamboohr.com/careers
ems,ems,https://ems.bamboohr.com/careers
highwaybaas,highwaybaas,https://highwaybaas.bamboohr.com/careers
nkpr,nkpr,https://nkpr.bamboohr.com/careers
oomphinc,oomphinc,https://oomphinc.bamboohr.com/careers
tomgov,tomgov,https://tomgov.bamboohr.com/careers
lifesitenews,lifesitenews,https://lifesitenews.bamboohr.com/careers
skydweller,skydweller,https://skydweller.bamboohr.com/careers
startouch,startouch,https://startouch.bamboohr.com/careers
freakoutglobal,freakoutglobal,https://freakoutglobal.bamboohr.com/careers
javavino,javavino,https://javavino.bamboohr.com/careers
trpr,trpr,https://trpr.bamboohr.com/careers
akselos,akselos,https://akselos.bamboohr.com/careers
eaie,eaie,https://eaie.bamboohr.com/careers
eisgroup,eisgroup,https://eisgroup.bamboohr.com/careers
eventussystems,eventussystems,https://eventussystems.bamboohr.com/careers
gorilla76,gorilla76,https://gorilla76.bamboohr.com/careers
agilebridge,agilebridge,https://agilebridge.bamboohr.com/careers
endcitizensunited,endcitizensunited,https://endcitizensunited.bamboohr.com/careers
promise686,promise686,https://promise686.bamboohr.com/careers
synergywellnesscenter,synergywellnesscenter,https://synergywellnesscenter.bamboohr.com/careers
veracityid,veracityid,https://veracityid.bamboohr.com/careers
childrensgym,childrensgym,https://childrensgym.bamboohr.com/careers
atlasexcavating,atlasexcavating,https://atlasexcavating.bamboohr.com/careers
heightslife,heightslife,https://heightslife.bamboohr.com/careers
tailormadecompounding,tailormadecompounding,https://tailormadecompounding.bamboohr.com/careers
trycycledata,trycycledata,https://trycycledata.bamboohr.com/careers
vistamusic,vistamusic,https://vistamusic.bamboohr.com/careers
anewhope,anewhope,https://anewhope.bamboohr.com/careers
midsuncassociation,midsuncassociation,https://midsuncassociation.bamboohr.com/careers
neoimmunetech,neoimmunetech,https://neoimmunetech.bamboohr.com/careers
31greenltd,31greenltd,https://31greenltd.bamboohr.com/careers
avantpage,avantpage,https://avantpage.bamboohr.com/careers
napervillepl,napervillepl,https://napervillepl.bamboohr.com/careers
wtci,wtci,https://wtci.bamboohr.com/careers
youthguidance,youthguidance,https://youthguidance.bamboohr.com/careers
macbracey,macbracey,https://macbracey.bamboohr.com/careers
metroplanning,metroplanning,https://metroplanning.bamboohr.com/careers
rhinolabs,rhinolabs,https://rhinolabs.bamboohr.com/careers
tatrasgroup,tatrasgroup,https://tatrasgroup.bamboohr.com/careers
idnerd,idnerd,https://idnerd.bamboohr.com/careers
yempo,yempo,https://yempo.bamboohr.com/careers
aapchr,aapchr,https://aapchr.bamboohr.com/careers
cogo,cogo,https://cogo.bamboohr.com/careers
inuitcircumpolar,inuitcircumpolar,https://inuitcircumpolar.bamboohr.com/careers
jajafinance,jajafinance,https://jajafinance.bamboohr.com/careers
spcm,spcm,https://spcm.bamboohr.com/careers
vamonosit,vamonosit,https://vamonosit.bamboohr.com/careers
freepress,freepress,https://freepress.bamboohr.com/careers
orangeskyau,orangeskyau,https://orangeskyau.bamboohr.com/careers
blunierbuilders,blunierbuilders,https://blunierbuilders.bamboohr.com/careers
computerdataservices,computerdataservices,https://computerdataservices.bamboohr.com/careers
highstreet,highstreet,https://highstreet.bamboohr.com/careers
worksmartgroup,worksmartgroup,https://worksmartgroup.bamboohr.com/careers
brockpest,brockpest,https://brockpest.bamboohr.com/careers
ruddresources,ruddresources,https://ruddresources.bamboohr.com/careers
chasf,chasf,https://chasf.bamboohr.com/careers
parkinsurance,parkinsurance,https://parkinsurance.bamboohr.com/careers
peddle,peddle,https://peddle.bamboohr.com/careers
iasb,iasb,https://iasb.bamboohr.com/careers
policingequity,policingequity,https://policingequity.bamboohr.com/careers
tula,tula,https://tula.bamboohr.com/careers
acgf,acgf,https://acgf.bamboohr.com/careers
bbcontracting,bbcontracting,https://bbcontracting.bamboohr.com/careers
radiancemedspa,radiancemedspa,https://radiancemedspa.bamboohr.com/careers
concord,concord,https://concord.bamboohr.com/careers
hhnw,hhnw,https://hhnw.bamboohr.com/careers
mapa,mapa,https://mapa.bamboohr.com/careers
ronmor,ronmor,https://ronmor.bamboohr.com/careers
singleton,singleton,https://singleton.bamboohr.com/careers
thermalrs,thermalrs,https://thermalrs.bamboohr.com/careers
recordpoint,recordpoint,https://recordpoint.bamboohr.com/careers
campfireak,campfireak,https://campfireak.bamboohr.com/careers
candisolar,candisolar,https://candisolar.bamboohr.com/careers
madebysway,madebysway,https://madebysway.bamboohr.com/careers
possolutions,possolutions,https://possolutions.bamboohr.com/careers
gilbertcentre,gilbertcentre,https://gilbertcentre.bamboohr.com/careers
meda,meda,https://meda.bamboohr.com/careers
alliedgold,alliedgold,https://alliedgold.bamboohr.com/careers
pmacanada,pmacanada,https://pmacanada.bamboohr.com/careers
chugachts,chugachts,https://chugachts.bamboohr.com/careers
pactfi,pactfi,https://pactfi.bamboohr.com/careers
sjs,sjs,https://sjs.bamboohr.com/careers
actionaidinternational,actionaidinternational,https://actionaidinternational.bamboohr.com/careers
baywasolarsystems,baywasolarsystems,https://baywasolarsystems.bamboohr.com/careers
dauphin,dauphin,https://dauphin.bamboohr.com/careers
inco,inco,https://inco.bamboohr.com/careers
one,one,https://one.bamboohr.com/careers
revau,revau,https://revau.bamboohr.com/careers
dstllc,dstllc,https://dstllc.bamboohr.com/careers
aap,aap,https://aap.bamboohr.com/careers
aquaexpeditionshr,aquaexpeditionshr,https://aquaexpeditionshr.bamboohr.com/careers
mhiuk,mhiuk,https://mhiuk.bamboohr.com/careers
anecdotes,anecdotes,https://anecdotes.bamboohr.com/careers
paybyphone,paybyphone,https://paybyphone.bamboohr.com/careers
sdfair,sdfair,https://sdfair.bamboohr.com/careers
securitize,securitize,https://securitize.bamboohr.com/careers
arisehomes,arisehomes,https://arisehomes.bamboohr.com/careers
fsp,fsp,https://fsp.bamboohr.com/careers
htoemp,htoemp,https://htoemp.bamboohr.com/careers
miseenplace,miseenplace,https://miseenplace.bamboohr.com/careers
gpmena,gpmena,https://gpmena.bamboohr.com/careers
cardijncollege,cardijncollege,https://cardijncollege.bamboohr.com/careers
cubecare,cubecare,https://cubecare.bamboohr.com/careers
ggtworldwise,ggtworldwise,https://ggtworldwise.bamboohr.com/careers
nativeunion,nativeunion,https://nativeunion.bamboohr.com/careers
burai,burai,https://burai.bamboohr.com/careers
farmersstatebank,farmersstatebank,https://farmersstatebank.bamboohr.com/careers
hhendy,hhendy,https://hhendy.bamboohr.com/careers
interadcorp,interadcorp,https://interadcorp.bamboohr.com/careers
laurentisenergy,laurentisenergy,https://laurentisenergy.bamboohr.com/careers
vortexcompanies,vortexcompanies,https://vortexcompanies.bamboohr.com/careers
cmhapeel,cmhapeel,https://cmhapeel.bamboohr.com/careers
gfef,gfef,https://gfef.bamboohr.com/careers
pinnacle,pinnacle,https://pinnacle.bamboohr.com/careers
airthings,airthings,https://airthings.bamboohr.com/careers
characterstrong,characterstrong,https://characterstrong.bamboohr.com/careers
datameer,datameer,https://datameer.bamboohr.com/careers
glendimplexau,glendimplexau,https://glendimplexau.bamboohr.com/careers
astcorp,astcorp,https://astcorp.bamboohr.com/careers
bmeinsurance,bmeinsurance,https://bmeinsurance.bamboohr.com/careers
rangeforce,rangeforce,https://rangeforce.bamboohr.com/careers
magnapower,magnapower,https://magnapower.bamboohr.com/careers
maxion,maxion,https://maxion.bamboohr.com/careers
sempac,sempac,https://sempac.bamboohr.com/careers
divinityfamilyservices,divinityfamilyservices,https://divinityfamilyservices.bamboohr.com/careers
niyamit,niyamit,https://niyamit.bamboohr.com/careers
scharheating,scharheating,https://scharheating.bamboohr.com/careers
fesslerbowman,fesslerbowman,https://fesslerbowman.bamboohr.com/careers
maksystem,maksystem,https://maksystem.bamboohr.com/careers
cfmt,cfmt,https://cfmt.bamboohr.com/careers
diligentpharma,diligentpharma,https://diligentpharma.bamboohr.com/careers
logpoint,logpoint,https://logpoint.bamboohr.com/careers
lyon,lyon,https://lyon.bamboohr.com/careers
epsilonassociates,epsilonassociates,https://epsilonassociates.bamboohr.com/careers
meyocks,meyocks,https://meyocks.bamboohr.com/careers
urbanecologycenter,urbanecologycenter,https://urbanecologycenter.bamboohr.com/careers
ascensionrecovery,ascensionrecovery,https://ascensionrecovery.bamboohr.com/careers
fariscapital,fariscapital,https://fariscapital.bamboohr.com/careers
hshihc,hshihc,https://hshihc.bamboohr.com/careers
maxxis,maxxis,https://maxxis.bamboohr.com/careers
seiulocal521,seiulocal521,https://seiulocal521.bamboohr.com/careers
southbridge,southbridge,https://southbridge.bamboohr.com/careers
sunwealth,sunwealth,https://sunwealth.bamboohr.com/careers
pencil,pencil,https://pencil.bamboohr.com/careers
compassionandchoices,compassionandchoices,https://compassionandchoices.bamboohr.com/careers
l2cyber,l2cyber,https://l2cyber.bamboohr.com/careers
seccl,seccl,https://seccl.bamboohr.com/careers
bloomadsglobalmedia,bloomadsglobalmedia,https://bloomadsglobalmedia.bamboohr.com/careers
hopeofeastcentralillinois,hopeofeastcentralillinois,https://hopeofeastcentralillinois.bamboohr.com/careers
jubileefc,jubileefc,https://jubileefc.bamboohr.com/careers
orangeinvestments,orangeinvestments,https://orangeinvestments.bamboohr.com/careers
fpwa,fpwa,https://fpwa.bamboohr.com/careers
inflowhi,inflowhi,https://inflowhi.bamboohr.com/careers
krausebrokerageservices,krausebrokerageservices,https://krausebrokerageservices.bamboohr.com/careers
morganindustries,morganindustries,https://morganindustries.bamboohr.com/careers
uken,uken,https://uken.bamboohr.com/careers
ychgov,ychgov,https://ychgov.bamboohr.com/careers
akerbiomarine,akerbiomarine,https://akerbiomarine.bamboohr.com/careers
jpr,jpr,https://jpr.bamboohr.com/careers
principleone,principleone,https://principleone.bamboohr.com/careers
wisltd,wisltd,https://wisltd.bamboohr.com/careers
boundarystonepartners,boundarystonepartners,https://boundarystonepartners.bamboohr.com/careers
displaysweet,displaysweet,https://displaysweet.bamboohr.com/careers
gatewayepc,gatewayepc,https://gatewayepc.bamboohr.com/careers
toughcommerce,toughcommerce,https://toughcommerce.bamboohr.com/careers
2centricllc,2centricllc,https://2centricllc.bamboohr.com/careers
adcraft,adcraft,https://adcraft.bamboohr.com/careers
bucketlist,bucketlist,https://bucketlist.bamboohr.com/careers
watchtowr,watchtowr,https://watchtowr.bamboohr.com/careers
tourjasper,tourjasper,https://tourjasper.bamboohr.com/careers
vanigentbiopharm,vanigentbiopharm,https://vanigentbiopharm.bamboohr.com/careers
vartega,vartega,https://vartega.bamboohr.com/careers
equalityfund,equalityfund,https://equalityfund.bamboohr.com/careers
qvt,qvt,https://qvt.bamboohr.com/careers
revoltbi,revoltbi,https://revoltbi.bamboohr.com/careers
brainstorm,brainstorm,https://brainstorm.bamboohr.com/careers
sherocommerce,sherocommerce,https://sherocommerce.bamboohr.com/careers
starelectric,starelectric,https://starelectric.bamboohr.com/careers
capstonesolutions,capstonesolutions,https://capstonesolutions.bamboohr.com/careers
cineflix,cineflix,https://cineflix.bamboohr.com/careers
hwcm,hwcm,https://hwcm.bamboohr.com/careers
sorensoncapital,sorensoncapital,https://sorensoncapital.bamboohr.com/careers
triggerfish,triggerfish,https://triggerfish.bamboohr.com/careers
uptime,uptime,https://uptime.bamboohr.com/careers
knoxtoronto,knoxtoronto,https://knoxtoronto.bamboohr.com/careers
turfandtreecare,turfandtreecare,https://turfandtreecare.bamboohr.com/careers
centralcalasthma,centralcalasthma,https://centralcalasthma.bamboohr.com/careers
linkusawi,linkusawi,https://linkusawi.bamboohr.com/careers
oliversolutions,oliversolutions,https://oliversolutions.bamboohr.com/careers
controlledenviro,controlledenviro,https://controlledenviro.bamboohr.com/careers
mangomaterials,mangomaterials,https://mangomaterials.bamboohr.com/careers
nimonik,nimonik,https://nimonik.bamboohr.com/careers
restlessdevelopment,restlessdevelopment,https://restlessdevelopment.bamboohr.com/careers
twinlakescounseling,twinlakescounseling,https://twinlakescounseling.bamboohr.com/careers
voneus,voneus,https://voneus.bamboohr.com/careers
cdpl,cdpl,https://cdpl.bamboohr.com/careers
ciswo,ciswo,https://ciswo.bamboohr.com/careers
dileonardo,dileonardo,https://dileonardo.bamboohr.com/careers
nopecinfo,nopecinfo,https://nopecinfo.bamboohr.com/careers
platinumpreowned,platinumpreowned,https://platinumpreowned.bamboohr.com/careers
allsopsoftware,allsopsoftware,https://allsopsoftware.bamboohr.com/careers
cronometer,cronometer,https://cronometer.bamboohr.com/careers
fabledata,fabledata,https://fabledata.bamboohr.com/careers
kinposselected,kinposselected,https://kinposselected.bamboohr.com/careers
alterainvestments,alterainvestments,https://alterainvestments.bamboohr.com/careers
bostonanalytical,bostonanalytical,https://bostonanalytical.bamboohr.com/careers
dakcs,dakcs,https://dakcs.bamboohr.com/careers
company,company,https://company.bamboohr.com/careers
cva,cva,https://cva.bamboohr.com/careers
beltonmo,beltonmo,https://beltonmo.bamboohr.com/careers
vanier,vanier,https://vanier.bamboohr.com/careers
careoworld,careoworld,https://careoworld.bamboohr.com/careers
ndp,ndp,https://ndp.bamboohr.com/careers
qualitytempstaffing,qualitytempstaffing,https://qualitytempstaffing.bamboohr.com/careers
winandwinnow,winandwinnow,https://winandwinnow.bamboohr.com/careers
ejscenter,ejscenter,https://ejscenter.bamboohr.com/careers
persimmony,persimmony,https://persimmony.bamboohr.com/careers
playnorth,playnorth,https://playnorth.bamboohr.com/careers
datascience,datascience,https://datascience.bamboohr.com/careers
milestonehealthpartners,milestonehealthpartners,https://milestonehealthpartners.bamboohr.com/careers
gssi,gssi,https://gssi.bamboohr.com/careers
jaspa,jaspa,https://jaspa.bamboohr.com/careers
unsm,unsm,https://unsm.bamboohr.com/careers
wcgconstruction,wcgconstruction,https://wcgconstruction.bamboohr.com/careers
semaphore,semaphore,https://semaphore.bamboohr.com/careers
townop,townop,https://townop.bamboohr.com/careers
bluepi,bluepi,https://bluepi.bamboohr.com/careers
bta,bta,https://bta.bamboohr.com/careers
jmanuel,jmanuel,https://jmanuel.bamboohr.com/careers
nutrigreentulsa,nutrigreentulsa,https://nutrigreentulsa.bamboohr.com/careers
raybourn,raybourn,https://raybourn.bamboohr.com/careers
vpcl,vpcl,https://vpcl.bamboohr.com/careers
block64,block64,https://block64.bamboohr.com/careers
calvarypsl,calvarypsl,https://calvarypsl.bamboohr.com/careers
noelasmar,noelasmar,https://noelasmar.bamboohr.com/careers
rebcsc,rebcsc,https://rebcsc.bamboohr.com/careers
interprenet,interprenet,https://interprenet.bamboohr.com/careers
everydata,everydata,https://everydata.bamboohr.com/careers
figure1,figure1,https://figure1.bamboohr.com/careers
justmystyle,justmystyle,https://justmystyle.bamboohr.com/careers
okaloosatax,okaloosatax,https://okaloosatax.bamboohr.com/careers
nvision,nvision,https://nvision.bamboohr.com/careers
peterstownship,peterstownship,https://peterstownship.bamboohr.com/careers
introhive,introhive,https://introhive.bamboohr.com/careers
softiron,softiron,https://softiron.bamboohr.com/careers
macdonaldshhc,macdonaldshhc,https://macdonaldshhc.bamboohr.com/careers
origindigital,origindigital,https://origindigital.bamboohr.com/careers
priorityonepayroll,priorityonepayroll,https://priorityonepayroll.bamboohr.com/careers
12thtribe,12thtribe,https://12thtribe.bamboohr.com/careers
mammothtv,mammothtv,https://mammothtv.bamboohr.com/careers
sidwater,sidwater,https://sidwater.bamboohr.com/careers
christianheritage,christianheritage,https://christianheritage.bamboohr.com/careers
muwa,muwa,https://muwa.bamboohr.com/careers
tsn,tsn,https://tsn.bamboohr.com/careers
bn,bn,https://bn.bamboohr.com/careers
cmgt,cmgt,https://cmgt.bamboohr.com/careers
pauktuutit,pauktuutit,https://pauktuutit.bamboohr.com/careers
thisisredflag,thisisredflag,https://thisisredflag.bamboohr.com/careers
cellulant,cellulant,https://cellulant.bamboohr.com/careers
hlunitedway,hlunitedway,https://hlunitedway.bamboohr.com/careers
nfb,nfb,https://nfb.bamboohr.com/careers
smyal,smyal,https://smyal.bamboohr.com/careers
ecglasshr,ecglasshr,https://ecglasshr.bamboohr.com/careers
jeffcolib,jeffcolib,https://jeffcolib.bamboohr.com/careers
mchcwi,mchcwi,https://mchcwi.bamboohr.com/careers
mulilo,mulilo,https://mulilo.bamboohr.com/careers
seabrooknh,seabrooknh,https://seabrooknh.bamboohr.com/careers
absidefense,absidefense,https://absidefense.bamboohr.com/careers
atlanticoralsurgery,atlanticoralsurgery,https://atlanticoralsurgery.bamboohr.com/careers
lifestraw,lifestraw,https://lifestraw.bamboohr.com/careers
stpcs,stpcs,https://stpcs.bamboohr.com/careers
virginiamoca,virginiamoca,https://virginiamoca.bamboohr.com/careers
xciting,xciting,https://xciting.bamboohr.com/careers
grunenthal,grunenthal,https://grunenthal.bamboohr.com/careers
merrick,merrick,https://merrick.bamboohr.com/careers
ectel,ectel,https://ectel.bamboohr.com/careers
teg,teg,https://teg.bamboohr.com/careers
demetres,demetres,https://demetres.bamboohr.com/careers
tribecapediatrics,tribecapediatrics,https://tribecapediatrics.bamboohr.com/careers
ovou,ovou,https://ovou.bamboohr.com/careers
pinteamgmbh,pinteamgmbh,https://pinteamgmbh.bamboohr.com/careers
propharmausa,propharmausa,https://propharmausa.bamboohr.com/careers
andglobal,andglobal,https://andglobal.bamboohr.com/careers
giagy,giagy,https://giagy.bamboohr.com/careers
adterra,adterra,https://adterra.bamboohr.com/careers
caseys,caseys,https://caseys.bamboohr.com/careers
goglobal,goglobal,https://goglobal.bamboohr.com/careers
vayaspace,vayaspace,https://vayaspace.bamboohr.com/careers
nativegov,nativegov,https://nativegov.bamboohr.com/careers
syreon,syreon,https://syreon.bamboohr.com/careers
denova,denova,https://denova.bamboohr.com/careers
mtlebanon,mtlebanon,https://mtlebanon.bamboohr.com/careers
enginedigital,enginedigital,https://enginedigital.bamboohr.com/careers
greenspoonsales,greenspoonsales,https://greenspoonsales.bamboohr.com/careers
servicethread,servicethread,https://servicethread.bamboohr.com/careers
tailormadelawns,tailormadelawns,https://tailormadelawns.bamboohr.com/careers
nkarchitects,nkarchitects,https://nkarchitects.bamboohr.com/careers
nymbus,nymbus,https://nymbus.bamboohr.com/careers
grhsmo1,grhsmo1,https://grhsmo1.bamboohr.com/careers
burnsandfarrey,burnsandfarrey,https://burnsandfarrey.bamboohr.com/careers
citykidz,citykidz,https://citykidz.bamboohr.com/careers
floomenergylaw,floomenergylaw,https://floomenergylaw.bamboohr.com/careers
dropgroup,dropgroup,https://dropgroup.bamboohr.com/careers
gsbusinesscommunications,gsbusinesscommunications,https://gsbusinesscommunications.bamboohr.com/careers
jgmusa,jgmusa,https://jgmusa.bamboohr.com/careers
opuscoffee,opuscoffee,https://opuscoffee.bamboohr.com/careers
shadowfax,shadowfax,https://shadowfax.bamboohr.com/careers
wgtv,wgtv,https://wgtv.bamboohr.com/careers
intellihartx,intellihartx,https://intellihartx.bamboohr.com/careers
opendorse,opendorse,https://opendorse.bamboohr.com/careers
aerodynamics,aerodynamics,https://aerodynamics.bamboohr.com/careers
byrnezizzi,byrnezizzi,https://byrnezizzi.bamboohr.com/careers
lawrenceburg,lawrenceburg,https://lawrenceburg.bamboohr.com/careers
power4pilates,power4pilates,https://power4pilates.bamboohr.com/careers
larcheerie,larcheerie,https://larcheerie.bamboohr.com/careers
manahan,manahan,https://manahan.bamboohr.com/careers
mwmech,mwmech,https://mwmech.bamboohr.com/careers
infiniteviewsllc,infiniteviewsllc,https://infiniteviewsllc.bamboohr.com/careers
metronews,metronews,https://metronews.bamboohr.com/careers
lmrtechnicalgroup,lmrtechnicalgroup,https://lmrtechnicalgroup.bamboohr.com/careers
joliethospice,joliethospice,https://joliethospice.bamboohr.com/careers
optimalworkshop,optimalworkshop,https://optimalworkshop.bamboohr.com/careers
firstamendmentcoalition,firstamendmentcoalition,https://firstamendmentcoalition.bamboohr.com/careers
haven,haven,https://haven.bamboohr.com/careers
sugarwish,sugarwish,https://sugarwish.bamboohr.com/careers
airprodiagnostics,airprodiagnostics,https://airprodiagnostics.bamboohr.com/careers
ereztech,ereztech,https://ereztech.bamboohr.com/careers
inetco,inetco,https://inetco.bamboohr.com/careers
kirkegaard,kirkegaard,https://kirkegaard.bamboohr.com/careers
linkfire,linkfire,https://linkfire.bamboohr.com/careers
necsda,necsda,https://necsda.bamboohr.com/careers
galtfoundation,galtfoundation,https://galtfoundation.bamboohr.com/careers
irishtitan,irishtitan,https://irishtitan.bamboohr.com/careers
martinconcrete,martinconcrete,https://martinconcrete.bamboohr.com/careers
gasketgames,gasketgames,https://gasketgames.bamboohr.com/careers
richtech,richtech,https://richtech.bamboohr.com/careers
svante,svante,https://svante.bamboohr.com/careers
wessexinternet,wessexinternet,https://wessexinternet.bamboohr.com/careers
celearningsystems,celearningsystems,https://celearningsystems.bamboohr.com/careers
deepsea,deepsea,https://deepsea.bamboohr.com/careers
growpath,growpath,https://growpath.bamboohr.com/careers
hypernative,hypernative,https://hypernative.bamboohr.com/careers
nrs,nrs,https://nrs.bamboohr.com/careers
davismoore,davismoore,https://davismoore.bamboohr.com/careers
derevo,derevo,https://derevo.bamboohr.com/careers
lano,lano,https://lano.bamboohr.com/careers
optimerainc,optimerainc,https://optimerainc.bamboohr.com/careers
compuraymedical,compuraymedical,https://compuraymedical.bamboohr.com/careers
operative,operative,https://operative.bamboohr.com/careers
thestop,thestop,https://thestop.bamboohr.com/careers
cqfluency,cqfluency,https://cqfluency.bamboohr.com/careers
hrdc,hrdc,https://hrdc.bamboohr.com/careers
ahpd,ahpd,https://ahpd.bamboohr.com/careers
kkday,kkday,https://kkday.bamboohr.com/careers
peopleglobalpraxis,peopleglobalpraxis,https://peopleglobalpraxis.bamboohr.com/careers
siprocal,siprocal,https://siprocal.bamboohr.com/careers
newtopia,newtopia,https://newtopia.bamboohr.com/careers
ecokedu,ecokedu,https://ecokedu.bamboohr.com/careers
felicianservices,felicianservices,https://felicianservices.bamboohr.com/careers
glassesusa,glassesusa,https://glassesusa.bamboohr.com/careers
elementalled,elementalled,https://elementalled.bamboohr.com/careers
rightbrainnetworks,rightbrainnetworks,https://rightbrainnetworks.bamboohr.com/careers
vervetx,vervetx,https://vervetx.bamboohr.com/careers
intuitech,intuitech,https://intuitech.bamboohr.com/careers
lwcc,lwcc,https://lwcc.bamboohr.com/careers
ipinfo,ipinfo,https://ipinfo.bamboohr.com/careers
thecoregroup,thecoregroup,https://thecoregroup.bamboohr.com/careers
bitcoin,bitcoin,https://bitcoin.bamboohr.com/careers
alt21,alt21,https://alt21.bamboohr.com/careers
applewoodfixit,applewoodfixit,https://applewoodfixit.bamboohr.com/careers
brhd,brhd,https://brhd.bamboohr.com/careers
spcawestchester,spcawestchester,https://spcawestchester.bamboohr.com/careers
lastresortrecovery,lastresortrecovery,https://lastresortrecovery.bamboohr.com/careers
swirees,swirees,https://swirees.bamboohr.com/careers
visagetechnologies,visagetechnologies,https://visagetechnologies.bamboohr.com/careers
wciinc,wciinc,https://wciinc.bamboohr.com/careers
colearn,colearn,https://colearn.bamboohr.com/careers
baldwinfamilyhealthcare,baldwinfamilyhealthcare,https://baldwinfamilyhealthcare.bamboohr.com/careers
hycu,hycu,https://hycu.bamboohr.com/careers
kidneymn,kidneymn,https://kidneymn.bamboohr.com/careers
moises,moises,https://moises.bamboohr.com/careers
binera,binera,https://binera.bamboohr.com/careers
preventx,preventx,https://preventx.bamboohr.com/careers
shibumi,shibumi,https://shibumi.bamboohr.com/careers
tearaahungaora,tearaahungaora,https://tearaahungaora.bamboohr.com/careers
digitalfrontiers,digitalfrontiers,https://digitalfrontiers.bamboohr.com/careers
c3tricities,c3tricities,https://c3tricities.bamboohr.com/careers
emmanuelcommunitychurch,emmanuelcommunitychurch,https://emmanuelcommunitychurch.bamboohr.com/careers
iommediaventures,iommediaventures,https://iommediaventures.bamboohr.com/careers
onestoppoolpros,onestoppoolpros,https://onestoppoolpros.bamboohr.com/careers
principal1,principal1,https://principal1.bamboohr.com/careers
thermalspecialties,thermalspecialties,https://thermalspecialties.bamboohr.com/careers
greystoneconstruction,greystoneconstruction,https://greystoneconstruction.bamboohr.com/careers
realeyes,realeyes,https://realeyes.bamboohr.com/careers
brooklynlaboratoryschool,brooklynlaboratoryschool,https://brooklynlaboratoryschool.bamboohr.com/careers
daytranslations,daytranslations,https://daytranslations.bamboohr.com/careers
kashainc,kashainc,https://kashainc.bamboohr.com/careers
lawfoundationbc,lawfoundationbc,https://lawfoundationbc.bamboohr.com/careers
baldwinemc,baldwinemc,https://baldwinemc.bamboohr.com/careers
cvnm,cvnm,https://cvnm.bamboohr.com/careers
msfsa,msfsa,https://msfsa.bamboohr.com/careers
smashtess,smashtess,https://smashtess.bamboohr.com/careers
avina,avina,https://avina.bamboohr.com/careers
myhopeair,myhopeair,https://myhopeair.bamboohr.com/careers
wipliance,wipliance,https://wipliance.bamboohr.com/careers
liveglam,liveglam,https://liveglam.bamboohr.com/careers
leap29,leap29,https://leap29.bamboohr.com/careers
navitas,navitas,https://navitas.bamboohr.com/careers
omnibridgeway,omnibridgeway,https://omnibridgeway.bamboohr.com/careers
rtfnetwork,rtfnetwork,https://rtfnetwork.bamboohr.com/careers
blueorchard,blueorchard,https://blueorchard.bamboohr.com/careers
chainstack,chainstack,https://chainstack.bamboohr.com/careers
iqgeo,iqgeo,https://iqgeo.bamboohr.com/careers
ffcbfundingcorp,ffcbfundingcorp,https://ffcbfundingcorp.bamboohr.com/careers
monge,monge,https://monge.bamboohr.com/careers
cornerstonefader,cornerstonefader,https://cornerstonefader.bamboohr.com/careers
godbyhpe,godbyhpe,https://godbyhpe.bamboohr.com/careers
wagwalking,wagwalking,https://wagwalking.bamboohr.com/careers
ralphmoyle,ralphmoyle,https://ralphmoyle.bamboohr.com/careers
1milk2sugars,1milk2sugars,https://1milk2sugars.bamboohr.com/careers
bag,bag,https://bag.bamboohr.com/careers
ironsideinsurancegroup,ironsideinsurancegroup,https://ironsideinsurancegroup.bamboohr.com/careers
kingsleymontessori,kingsleymontessori,https://kingsleymontessori.bamboohr.com/careers
22w2,22w2,https://22w2.bamboohr.com/careers
biomeafusion,biomeafusion,https://biomeafusion.bamboohr.com/careers
hardycorp,hardycorp,https://hardycorp.bamboohr.com/careers
lawsonlundell,lawsonlundell,https://lawsonlundell.bamboohr.com/careers
seoplus,seoplus,https://seoplus.bamboohr.com/careers
frac,frac,https://frac.bamboohr.com/careers
soundstripe,soundstripe,https://soundstripe.bamboohr.com/careers
thecompasscenter,thecompasscenter,https://thecompasscenter.bamboohr.com/careers
somichcpa,somichcpa,https://somichcpa.bamboohr.com/careers
abd,abd,https://abd.bamboohr.com/careers
mjolnirsecurity,mjolnirsecurity,https://mjolnirsecurity.bamboohr.com/careers
ntara,ntara,https://ntara.bamboohr.com/careers
tehama,tehama,https://tehama.bamboohr.com/careers
clinicaromero,clinicaromero,https://clinicaromero.bamboohr.com/careers
gemtec,gemtec,https://gemtec.bamboohr.com/careers
jewettcameron,jewettcameron,https://jewettcameron.bamboohr.com/careers
keptpro,keptpro,https://keptpro.bamboohr.com/careers
stammbio,stammbio,https://stammbio.bamboohr.com/careers
asmllc,asmllc,https://asmllc.bamboohr.com/careers
ehcc,ehcc,https://ehcc.bamboohr.com/careers
krysglobal,krysglobal,https://krysglobal.bamboohr.com/careers
villagepresbyterianchurchofnorthbrook,villagepresbyterianchurchofnorthbrook,https://villagepresbyterianchurchofnorthbrook.bamboohr.com/careers
ontinue,ontinue,https://ontinue.bamboohr.com/careers
spectacle,spectacle,https://spectacle.bamboohr.com/careers
wyomingbusiness,wyomingbusiness,https://wyomingbusiness.bamboohr.com/careers
ableartswork,ableartswork,https://ableartswork.bamboohr.com/careers
npfc,npfc,https://npfc.bamboohr.com/careers
provideinc,provideinc,https://provideinc.bamboohr.com/careers
sunriseproductions,sunriseproductions,https://sunriseproductions.bamboohr.com/careers
innovahealth,innovahealth,https://innovahealth.bamboohr.com/careers
sandylane,sandylane,https://sandylane.bamboohr.com/careers
serasanadrippingsprings,serasanadrippingsprings,https://serasanadrippingsprings.bamboohr.com/careers
campbelltaylorwashburn,campbelltaylorwashburn,https://campbelltaylorwashburn.bamboohr.com/careers
detroitit,detroitit,https://detroitit.bamboohr.com/careers
rct,rct,https://rct.bamboohr.com/careers
vitalhub,vitalhub,https://vitalhub.bamboohr.com/careers
onferope,onferope,https://onferope.bamboohr.com/careers
ubongo,ubongo,https://ubongo.bamboohr.com/careers
equantiis,equantiis,https://equantiis.bamboohr.com/careers
katanox,katanox,https://katanox.bamboohr.com/careers
mavericksoftware,mavericksoftware,https://mavericksoftware.bamboohr.com/careers
untiedtsvegetablefarm,untiedtsvegetablefarm,https://untiedtsvegetablefarm.bamboohr.com/careers
dssasia,dssasia,https://dssasia.bamboohr.com/careers
beneng,beneng,https://beneng.bamboohr.com/careers
engagestar,engagestar,https://engagestar.bamboohr.com/careers
lencorex,lencorex,https://lencorex.bamboohr.com/careers
feisst,feisst,https://feisst.bamboohr.com/careers
nathab,nathab,https://nathab.bamboohr.com/careers
onindia,onindia,https://onindia.bamboohr.com/careers
rewind,rewind,https://rewind.bamboohr.com/careers
theascotpartnership,theascotpartnership,https://theascotpartnership.bamboohr.com/careers
extremitycare,extremitycare,https://extremitycare.bamboohr.com/careers
silverhill,silverhill,https://silverhill.bamboohr.com/careers
thebiome,thebiome,https://thebiome.bamboohr.com/careers
afn,afn,https://afn.bamboohr.com/careers
arvore,arvore,https://arvore.bamboohr.com/careers
compinghr,compinghr,https://compinghr.bamboohr.com/careers
forecasthq,forecasthq,https://forecasthq.bamboohr.com/careers
freshtrackscanada,freshtrackscanada,https://freshtrackscanada.bamboohr.com/careers
kryptonfs,kryptonfs,https://kryptonfs.bamboohr.com/careers
oneil,oneil,https://oneil.bamboohr.com/careers
spsconnect,spsconnect,https://spsconnect.bamboohr.com/careers
zmactransport,zmactransport,https://zmactransport.bamboohr.com/careers
cgs,cgs,https://cgs.bamboohr.com/careers
ufinet,ufinet,https://ufinet.bamboohr.com/careers
kneat,kneat,https://kneat.bamboohr.com/careers
missioneast,missioneast,https://missioneast.bamboohr.com/careers
espositoelectric,espositoelectric,https://espositoelectric.bamboohr.com/careers
glm,glm,https://glm.bamboohr.com/careers
kartchner,kartchner,https://kartchner.bamboohr.com/careers
stoneshot,stoneshot,https://stoneshot.bamboohr.com/careers
miinto,miinto,https://miinto.bamboohr.com/careers
noones,noones,https://noones.bamboohr.com/careers
carolinasolarservices,carolinasolarservices,https://carolinasolarservices.bamboohr.com/careers
jmcope,jmcope,https://jmcope.bamboohr.com/careers
moscadesign,moscadesign,https://moscadesign.bamboohr.com/careers
pen,pen,https://pen.bamboohr.com/careers
utrs,utrs,https://utrs.bamboohr.com/careers
douglasguardian,douglasguardian,https://douglasguardian.bamboohr.com/careers
samnutrition,samnutrition,https://samnutrition.bamboohr.com/careers
u10,u10,https://u10.bamboohr.com/careers
enlyft,enlyft,https://enlyft.bamboohr.com/careers
pencor,pencor,https://pencor.bamboohr.com/careers
acecaremgmt,acecaremgmt,https://acecaremgmt.bamboohr.com/careers
proctorandstevenson,proctorandstevenson,https://proctorandstevenson.bamboohr.com/careers
elitetm,elitetm,https://elitetm.bamboohr.com/careers
oconnormortuary,oconnormortuary,https://oconnormortuary.bamboohr.com/careers
osborn,osborn,https://osborn.bamboohr.com/careers
sapi,sapi,https://sapi.bamboohr.com/careers
spacebound,spacebound,https://spacebound.bamboohr.com/careers
answerport,answerport,https://answerport.bamboohr.com/careers
mcontracting,mcontracting,https://mcontracting.bamboohr.com/careers
nycavp,nycavp,https://nycavp.bamboohr.com/careers
piano,piano,https://piano.bamboohr.com/careers
kirkpatrickprice,kirkpatrickprice,https://kirkpatrickprice.bamboohr.com/careers
lifelenz,lifelenz,https://lifelenz.bamboohr.com/careers
smartbox,smartbox,https://smartbox.bamboohr.com/careers
tmde,tmde,https://tmde.bamboohr.com/careers
hamilton,hamilton,https://hamilton.bamboohr.com/careers
kenora,kenora,https://kenora.bamboohr.com/careers
texmed,texmed,https://texmed.bamboohr.com/careers
emeraldcloudlab,emeraldcloudlab,https://emeraldcloudlab.bamboohr.com/careers
fenetresconcept,fenetresconcept,https://fenetresconcept.bamboohr.com/careers
intel471,intel471,https://intel471.bamboohr.com/careers
theaccessproject,theaccessproject,https://theaccessproject.bamboohr.com/careers
ronhoover,ronhoover,https://ronhoover.bamboohr.com/careers
gamemodeone,gamemodeone,https://gamemodeone.bamboohr.com/careers
miedema,miedema,https://miedema.bamboohr.com/careers
morrisassociates,morrisassociates,https://morrisassociates.bamboohr.com/careers
roulant,roulant,https://roulant.bamboohr.com/careers
vertigis,vertigis,https://vertigis.bamboohr.com/careers
erling,erling,https://erling.bamboohr.com/careers
fbtax,fbtax,https://fbtax.bamboohr.com/careers
kimoby,kimoby,https://kimoby.bamboohr.com/careers
dalee,dalee,https://dalee.bamboohr.com/careers
interworkscloud,interworkscloud,https://interworkscloud.bamboohr.com/careers
uphill,uphill,https://uphill.bamboohr.com/careers
viscaweb,viscaweb,https://viscaweb.bamboohr.com/careers
asylumaccessco,asylumaccessco,https://asylumaccessco.bamboohr.com/careers
peridotgroup,peridotgroup,https://peridotgroup.bamboohr.com/careers
premiere,premiere,https://premiere.bamboohr.com/careers
spokanetribe,spokanetribe,https://spokanetribe.bamboohr.com/careers
phantomspace,phantomspace,https://phantomspace.bamboohr.com/careers
clinicforspecialchildren,clinicforspecialchildren,https://clinicforspecialchildren.bamboohr.com/careers
privatelabelstaff,privatelabelstaff,https://privatelabelstaff.bamboohr.com/careers
spm,spm,https://spm.bamboohr.com/careers
jfknto,jfknto,https://jfknto.bamboohr.com/careers
shaferbros,shaferbros,https://shaferbros.bamboohr.com/careers
wtcpl,wtcpl,https://wtcpl.bamboohr.com/careers
ccinc,ccinc,https://ccinc.bamboohr.com/careers
csidmc,csidmc,https://csidmc.bamboohr.com/careers
amsm,amsm,https://amsm.bamboohr.com/careers
cercanomanagement,cercanomanagement,https://cercanomanagement.bamboohr.com/careers
marant,marant,https://marant.bamboohr.com/careers
cvssvets,cvssvets,https://cvssvets.bamboohr.com/careers
fcds,fcds,https://fcds.bamboohr.com/careers
plainfieldchristianchurch,plainfieldchristianchurch,https://plainfieldchristianchurch.bamboohr.com/careers
cece,cece,https://cece.bamboohr.com/careers
curriegroup,curriegroup,https://curriegroup.bamboohr.com/careers
cawh,cawh,https://cawh.bamboohr.com/careers
cyc,cyc,https://cyc.bamboohr.com/careers
farotech,farotech,https://farotech.bamboohr.com/careers
frontlogix,frontlogix,https://frontlogix.bamboohr.com/careers
peoplelovingnashville,peoplelovingnashville,https://peoplelovingnashville.bamboohr.com/careers
amazonfrontlines,amazonfrontlines,https://amazonfrontlines.bamboohr.com/careers
amnestykenya,amnestykenya,https://amnestykenya.bamboohr.com/careers
megazebragmbh,megazebragmbh,https://megazebragmbh.bamboohr.com/careers
cafairplan,cafairplan,https://cafairplan.bamboohr.com/careers
datacoresystems,datacoresystems,https://datacoresystems.bamboohr.com/careers
greentomatomedialimited,greentomatomedialimited,https://greentomatomedialimited.bamboohr.com/careers
igamingidol,igamingidol,https://igamingidol.bamboohr.com/careers
legendboats,legendboats,https://legendboats.bamboohr.com/careers
brainrocket,brainrocket,https://brainrocket.bamboohr.com/careers
ipme,ipme,https://ipme.bamboohr.com/careers
kearneygroup,kearneygroup,https://kearneygroup.bamboohr.com/careers
ncaz,ncaz,https://ncaz.bamboohr.com/careers
benderuk,benderuk,https://benderuk.bamboohr.com/careers
glowacademy,glowacademy,https://glowacademy.bamboohr.com/careers
heirloom,heirloom,https://heirloom.bamboohr.com/careers
kytn,kytn,https://kytn.bamboohr.com/careers
megaphone,megaphone,https://megaphone.bamboohr.com/careers
gvrd,gvrd,https://gvrd.bamboohr.com/careers
lmpgroup,lmpgroup,https://lmpgroup.bamboohr.com/careers
penfoldstime,penfoldstime,https://penfoldstime.bamboohr.com/careers
michaelsenergy,michaelsenergy,https://michaelsenergy.bamboohr.com/careers
priceindustrial,priceindustrial,https://priceindustrial.bamboohr.com/careers
flightschedulepro,flightschedulepro,https://flightschedulepro.bamboohr.com/careers
jam,jam,https://jam.bamboohr.com/careers
mapservices,mapservices,https://mapservices.bamboohr.com/careers
naitsa,naitsa,https://naitsa.bamboohr.com/careers
thememoryclinic,thememoryclinic,https://thememoryclinic.bamboohr.com/careers
tuj,tuj,https://tuj.bamboohr.com/careers
discoverafricagroup,discoverafricagroup,https://discoverafricagroup.bamboohr.com/careers
hematologics,hematologics,https://hematologics.bamboohr.com/careers
upsidepreschool,upsidepreschool,https://upsidepreschool.bamboohr.com/careers
fraserco,fraserco,https://fraserco.bamboohr.com/careers
kohort,kohort,https://kohort.bamboohr.com/careers
lcmo,lcmo,https://lcmo.bamboohr.com/careers
ovphealthcare,ovphealthcare,https://ovphealthcare.bamboohr.com/careers
whisperingpines,whisperingpines,https://whisperingpines.bamboohr.com/careers
hickenair,hickenair,https://hickenair.bamboohr.com/careers
pinkcallers,pinkcallers,https://pinkcallers.bamboohr.com/careers
livepayments,livepayments,https://livepayments.bamboohr.com/careers
ptpla,ptpla,https://ptpla.bamboohr.com/careers
roomtogrow,roomtogrow,https://roomtogrow.bamboohr.com/careers
expivia,expivia,https://expivia.bamboohr.com/careers
rockys,rockys,https://rockys.bamboohr.com/careers
lhcmt,lhcmt,https://lhcmt.bamboohr.com/careers
pdms,pdms,https://pdms.bamboohr.com/careers
psasystems,psasystems,https://psasystems.bamboohr.com/careers
judicialco,judicialco,https://judicialco.bamboohr.com/careers
nofraud,nofraud,https://nofraud.bamboohr.com/careers
reliato,reliato,https://reliato.bamboohr.com/careers
rpmautocenter,rpmautocenter,https://rpmautocenter.bamboohr.com/careers
tricrobotics,tricrobotics,https://tricrobotics.bamboohr.com/careers
trinityhospice,trinityhospice,https://trinityhospice.bamboohr.com/careers
washingtonco,washingtonco,https://washingtonco.bamboohr.com/careers
calawyersorg,calawyers,https://calawyers.bamboohr.com/careers/63
