company_name,slug,url
JDA TSG,careers-jdatsg,https://careers-jdatsg.icims.com/jobs/
Trissential,trissential-jobs,https://trissential-jobs.icims.com/jobs/search
Elevating Connected Human Experiences,careers-c1,https://careers-c1.icims.com/jobs/search?ss=1
abudhabi-nyu,abudhabi-nyu,https://abudhabi-nyu.icims.com/jobs/search?ss=1
admiralsecuritycareers-redcoats,admiralsecuritycareers-redcoats,https://admiralsecuritycareers-redcoats.icims.com/jobs/search?ss=1
alabamaexternal-mobisalabamallc,alabamaexternal-mobisalabamallc,https://alabamaexternal-mobisalabamallc.icims.com/jobs/search?ss=1
alexleecareers-alexlee,alexleecareers-alexlee,https://alexleecareers-alexlee.icims.com/jobs/search?ss=1
alphapaving-paveamerica,alphapaving-paveamerica,https://alphapaving-paveamerica.icims.com/jobs/search?ss=1
americas-cookmedical,americas-cookmedical,https://americas-cookmedical.icims.com/jobs/search?ss=1
apac-cookmedical,apac-cookmedical,https://apac-cookmedical.icims.com/jobs/search?ss=1
apcjobs-sutterhealth,apcjobs-sutterhealth,https://apcjobs-sutterhealth.icims.com/jobs/search?ss=1
apdintake-austintexas,apdintake-austintexas,https://apdintake-austintexas.icims.com/jobs/search?ss=1
app-baycaremedicalgroup,app-baycaremedicalgroup,https://app-baycaremedicalgroup.icims.com/jobs/search?ss=1
application-oneblood,application-oneblood,https://application-oneblood.icims.com/jobs/search?ss=1
arc-onesolutions,arc-onesolutions,https://arc-onesolutions.icims.com/jobs/search?ss=1
bbrauncareers-bbraun,bbrauncareers-bbraun,https://bbrauncareers-bbraun.icims.com/jobs/search?ss=1
behavioralconcepts-learnbehavioral,behavioralconcepts-learnbehavioral,https://behavioralconcepts-learnbehavioral.icims.com/jobs/search?ss=1
cae-erac,cae-erac,https://cae-erac.icims.com/jobs/search?ss=1
caicareers-mastec,caicareers-mastec,https://caicareers-mastec.icims.com/jobs/search?ss=1
campus-us-corgan,campus-us-corgan,https://campus-us-corgan.icims.com/jobs/search?ss=1
canada-appliedsystems,canada-appliedsystems,https://canada-appliedsystems.icims.com/jobs/search?ss=1
canada-english-avisonyoung,canada-english-avisonyoung,https://canada-english-avisonyoung.icims.com/jobs/search?ss=1
canadacareers-kellerfoundations,canadacareers-kellerfoundations,https://canadacareers-kellerfoundations.icims.com/jobs/search?ss=1
canadacareers-shriners,canadacareers-shriners,https://canadacareers-shriners.icims.com/jobs/search?ss=1
career-amys,career-amys,https://career-amys.icims.com/jobs/search?ss=1
career-goldbeltshareholder,career-goldbeltshareholder,https://career-goldbeltshareholder.icims.com/jobs/search?ss=1
career-newhampshire,career-newhampshire,https://career-newhampshire.icims.com/jobs/search?ss=1
career-petersburg,career-petersburg,https://career-petersburg.icims.com/jobs/search?ss=1
careerchoice-concentra,careerchoice-concentra,https://careerchoice-concentra.icims.com/jobs/search?ss=1
careers-48forty,careers-48forty,https://careers-48forty.icims.com/jobs/search?ss=1
careers-aaalife,careers-aaalife,https://careers-aaalife.icims.com/jobs/search?ss=1
careers-acadiahealthcare,careers-acadiahealthcare,https://careers-acadiahealthcare.icims.com/jobs/search?ss=1
careers-actslife,careers-actslife,https://careers-actslife.icims.com/jobs/search?ss=1
careers-adr,careers-adr,https://careers-adr.icims.com/jobs/search?ss=1
careers-advocatesinc,careers-advocatesinc,https://careers-advocatesinc.icims.com/jobs/search?ss=1
careers-aeieng,careers-aeieng,https://careers-aeieng.icims.com/jobs/search?ss=1
careers-aerotek,careers-aerotek,https://careers-aerotek.icims.com/jobs/search?ss=1
careers-ahmchealth,careers-ahmchealth,https://careers-ahmchealth.icims.com/jobs/search?ss=1
careers-aidshealth,careers-aidshealth,https://careers-aidshealth.icims.com/jobs/search?ss=1
careers-aimbridge,careers-aimbridge,https://careers-aimbridge.icims.com/jobs/search?ss=1
careers-ajiusa,careers-ajiusa,https://careers-ajiusa.icims.com/jobs/search?ss=1
careers-allison,careers-allison,https://careers-allison.icims.com/jobs/search?ss=1
careers-alumus,careers-alumus,https://careers-alumus.icims.com/jobs/search?ss=1
careers-amanet,careers-amanet,https://careers-amanet.icims.com/jobs/search?ss=1
careers-amcor,careers-amcor,https://careers-amcor.icims.com/jobs/search?ss=1
careers-ame,careers-ame,https://careers-ame.icims.com/jobs/search?ss=1
careers-americanaddictioncenters,careers-americanaddictioncenters,https://careers-americanaddictioncenters.icims.com/jobs/search?ss=1
careers-ampact,careers-ampact,https://careers-ampact.icims.com/jobs/search?ss=1
careers-apolloretail,careers-apolloretail,https://careers-apolloretail.icims.com/jobs/search?ss=1
careers-appliedsystems,careers-appliedsystems,https://careers-appliedsystems.icims.com/jobs/search?ss=1
careers-araglegal,careers-araglegal,https://careers-araglegal.icims.com/jobs/search?ss=1
careers-arh,careers-arh,https://careers-arh.icims.com/jobs/search?ss=1
careers-arizonacollege,careers-arizonacollege,https://careers-arizonacollege.icims.com/jobs/search?ss=1
careers-ars,careers-ars,https://careers-ars.icims.com/jobs/search?ss=1
careers-artemisgoldinc,careers-artemisgoldinc,https://careers-artemisgoldinc.icims.com/jobs/search?ss=1
careers-aspireindiana,careers-aspireindiana,https://careers-aspireindiana.icims.com/jobs/search?ss=1
careers-atcc,careers-atcc,https://careers-atcc.icims.com/jobs/search?ss=1
careers-athletico,careers-athletico,https://careers-athletico.icims.com/jobs/search?ss=1
careers-atl,careers-atl,https://careers-atl.icims.com/jobs/search?ss=1
careers-attainfinance,careers-attainfinance,https://careers-attainfinance.icims.com/jobs/search?ss=1
careers-audacy,careers-audacy,https://careers-audacy.icims.com/jobs/search?ss=1
careers-aurora,careers-aurora,https://careers-aurora.icims.com/jobs/search?ss=1
careers-austintexasems,careers-austintexasems,https://careers-austintexasems.icims.com/jobs/search?ss=1
careers-avisonyounguk,careers-avisonyounguk,https://careers-avisonyounguk.icims.com/jobs/search?ss=1
careers-bancroft,careers-bancroft,https://careers-bancroft.icims.com/jobs/search?ss=1
careers-bank-cffc,careers-bank-cffc,https://careers-bank-cffc.icims.com/jobs/search?ss=1
careers-bankonitusa,careers-bankonitusa,https://careers-bankonitusa.icims.com/jobs/search?ss=1
careers-bannerlife,careers-bannerlife,https://careers-bannerlife.icims.com/jobs/search?ss=1
careers-banyanglobal,careers-banyanglobal,https://careers-banyanglobal.icims.com/jobs/search?ss=1
careers-baptisthealthal,careers-baptisthealthal,https://careers-baptisthealthal.icims.com/jobs/search?ss=1
careers-baptistneighborhoodhospital,careers-baptistneighborhoodhospital,https://careers-baptistneighborhoodhospital.icims.com/jobs/search?ss=1
careers-bartonassociates,careers-bartonassociates,https://careers-bartonassociates.icims.com/jobs/search?ss=1
careers-bartwest,careers-bartwest,https://careers-bartwest.icims.com/jobs/search?ss=1
careers-bayfronthealth,careers-bayfronthealth,https://careers-bayfronthealth.icims.com/jobs/search?ss=1
careers-bcferries,careers-bcferries,https://careers-bcferries.icims.com/jobs/search?ss=1
careers-bdssolutions,careers-bdssolutions,https://careers-bdssolutions.icims.com/jobs/search?ss=1
careers-berkley,careers-berkley,https://careers-berkley.icims.com/jobs/search?ss=1
careers-bhshealth,careers-bhshealth,https://careers-bhshealth.icims.com/jobs/search?ss=1
careers-bklynlibrary,careers-bklynlibrary,https://careers-bklynlibrary.icims.com/jobs/search?ss=1
careers-blackhawk,careers-blackhawk,https://careers-blackhawk.icims.com/jobs/search?ss=1
careers-blackhawknetwork,careers-blackhawknetwork,https://careers-blackhawknetwork.icims.com/jobs/search?ss=1
careers-blarneycastleoil,careers-blarneycastleoil,https://careers-blarneycastleoil.icims.com/jobs/search?ss=1
careers-bluegracegroup,careers-bluegracegroup,https://careers-bluegracegroup.icims.com/jobs/search?ss=1
careers-bncollege,careers-bncollege,https://careers-bncollege.icims.com/jobs/search?ss=1
careers-bned,careers-bned,https://careers-bned.icims.com/jobs/search?ss=1
careers-bnh,careers-bnh,https://careers-bnh.icims.com/jobs/search?ss=1
careers-bocusa,careers-bocusa,https://careers-bocusa.icims.com/jobs/search?ss=1
careers-bosselman,careers-bosselman,https://careers-bosselman.icims.com/jobs/search?ss=1
careers-bostonpizza,careers-bostonpizza,https://careers-bostonpizza.icims.com/jobs/search?ss=1
careers-bronxcare,careers-bronxcare,https://careers-bronxcare.icims.com/jobs/search?ss=1
careers-brookings,careers-brookings,https://careers-brookings.icims.com/jobs/search?ss=1
careers-buckinghamcompanies,careers-buckinghamcompanies,https://careers-buckinghamcompanies.icims.com/jobs/search?ss=1
careers-buspatrol,careers-buspatrol,https://careers-buspatrol.icims.com/jobs/search?ss=1
careers-cadence-education,careers-cadence-education,https://careers-cadence-education.icims.com/jobs/search?ss=1
careers-cadmusgroup,careers-cadmusgroup,https://careers-cadmusgroup.icims.com/jobs/search?ss=1
careers-cajunusa,careers-cajunusa,https://careers-cajunusa.icims.com/jobs/search?ss=1
careers-callhero,careers-callhero,https://careers-callhero.icims.com/jobs/search?ss=1
careers-calspan,careers-calspan,https://careers-calspan.icims.com/jobs/search?ss=1
careers-capbluecross,careers-capbluecross,https://careers-capbluecross.icims.com/jobs/search?ss=1
careers-carecentrix,careers-carecentrix,https://careers-carecentrix.icims.com/jobs/search?ss=1
careers-carenethealthcare,careers-carenethealthcare,https://careers-carenethealthcare.icims.com/jobs/search?ss=1
careers-carepartners,careers-carepartners,https://careers-carepartners.icims.com/jobs/search?ss=1
careers-carepointhealth,careers-carepointhealth,https://careers-carepointhealth.icims.com/jobs/search?ss=1
careers-carousel,careers-carousel,https://careers-carousel.icims.com/jobs/search?ss=1
careers-cascade-management,careers-cascade-management,https://careers-cascade-management.icims.com/jobs/search?ss=1
careers-catawba-ymca,careers-catawba-ymca,https://careers-catawba-ymca.icims.com/jobs/search?ss=1
careers-cayuseholdings,careers-cayuseholdings,https://careers-cayuseholdings.icims.com/jobs/search?ss=1
careers-cbps,careers-cbps,https://careers-cbps.icims.com/jobs/search?ss=1
careers-ccmsi,careers-ccmsi,https://careers-ccmsi.icims.com/jobs/search?ss=1
careers-ccsusa,careers-ccsusa,https://careers-ccsusa.icims.com/jobs/search?ss=1
careers-cellularsales,careers-cellularsales,https://careers-cellularsales.icims.com/jobs/search?ss=1
careers-centerrasrs,careers-centerrasrs,https://careers-centerrasrs.icims.com/jobs/search?ss=1
careers-centralhealth,careers-centralhealth,https://careers-centralhealth.icims.com/jobs/search?ss=1
careers-centralnm-ymca,careers-centralnm-ymca,https://careers-centralnm-ymca.icims.com/jobs/search?ss=1
careers-centralstatesfunds,careers-centralstatesfunds,https://careers-centralstatesfunds.icims.com/jobs/search?ss=1
careers-cfr,careers-cfr,https://careers-cfr.icims.com/jobs/search?ss=1
careers-cfsny,careers-cfsny,https://careers-cfsny.icims.com/jobs/search?ss=1
careers-chai,careers-chai,https://careers-chai.icims.com/jobs/search?ss=1
careers-chaplain,careers-chaplain,https://careers-chaplain.icims.com/jobs/search?ss=1
careers-chasebrass,careers-chasebrass,https://careers-chasebrass.icims.com/jobs/search?ss=1
careers-chestnut,careers-chestnut,https://careers-chestnut.icims.com/jobs/search?ss=1
careers-chickfila,careers-chickfila,https://careers-chickfila.icims.com/jobs/search?ss=1
careers-chimerix,careers-chimerix,https://careers-chimerix.icims.com/jobs/search?ss=1
careers-chrysalis,careers-chrysalis,https://careers-chrysalis.icims.com/jobs/search?ss=1
careers-citizensenergygroup,careers-citizensenergygroup,https://careers-citizensenergygroup.icims.com/jobs/search?ss=1
careers-clearygottlieb,careers-clearygottlieb,https://careers-clearygottlieb.icims.com/jobs/search?ss=1
careers-cobank,careers-cobank,https://careers-cobank.icims.com/jobs/search?ss=1
careers-colliersprojects,careers-colliersprojects,https://careers-colliersprojects.icims.com/jobs/search?ss=1
careers-columbuszoo,careers-columbuszoo,https://careers-columbuszoo.icims.com/jobs/search?ss=1
careers-commtrans,careers-commtrans,https://careers-commtrans.icims.com/jobs/search?ss=1
careers-communitymedical,careers-communitymedical,https://careers-communitymedical.icims.com/jobs/search?ss=1
careers-concord,careers-concord,https://careers-concord.icims.com/jobs/search?ss=1
careers-connection,careers-connection,https://careers-connection.icims.com/jobs/search?ss=1
careers-connectionshs,careers-connectionshs,https://careers-connectionshs.icims.com/jobs/search?ss=1
careers-connectiverx,careers-connectiverx,https://careers-connectiverx.icims.com/jobs/search?ss=1
careers-consilio,careers-consilio,https://careers-consilio.icims.com/jobs/search?ss=1
careers-constructconnect,careers-constructconnect,https://careers-constructconnect.icims.com/jobs/search?ss=1
careers-containerstore,careers-containerstore,https://careers-containerstore.icims.com/jobs/search?ss=1
careers-cooperhealth,careers-cooperhealth,https://careers-cooperhealth.icims.com/jobs/search?ss=1
careers-cotiviti,careers-cotiviti,https://careers-cotiviti.icims.com/jobs/search?ss=1
careers-councilofindustry,careers-councilofindustry,https://careers-councilofindustry.icims.com/jobs/search?ss=1
careers-covenanthealth,careers-covenanthealth,https://careers-covenanthealth.icims.com/jobs/search?ss=1
careers-cslships,careers-cslships,https://careers-cslships.icims.com/jobs/search?ss=1
careers-ctifoods,careers-ctifoods,https://careers-ctifoods.icims.com/jobs/search?ss=1
careers-culmen,careers-culmen,https://careers-culmen.icims.com/jobs/search?ss=1
careers-cvrd,careers-cvrd,https://careers-cvrd.icims.com/jobs/search?ss=1
careers-cvtc,careers-cvtc,https://careers-cvtc.icims.com/jobs/search?ss=1
careers-daifuku-america,careers-daifuku-america,https://careers-daifuku-america.icims.com/jobs/search?ss=1
careers-daktronics,careers-daktronics,https://careers-daktronics.icims.com/jobs/search?ss=1
careers-damar,careers-damar,https://careers-damar.icims.com/jobs/search?ss=1
careers-danis,careers-danis,https://careers-danis.icims.com/jobs/search?ss=1
careers-darby,careers-darby,https://careers-darby.icims.com/jobs/search?ss=1
careers-darkbladesystems,careers-darkbladesystems,https://careers-darkbladesystems.icims.com/jobs/search?ss=1
careers-dartmouth-hitchcock,careers-dartmouth-hitchcock,https://careers-dartmouth-hitchcock.icims.com/jobs/search?ss=1
careers-daytonfreight,careers-daytonfreight,https://careers-daytonfreight.icims.com/jobs/search?ss=1
careers-dcgoodwill,careers-dcgoodwill,https://careers-dcgoodwill.icims.com/jobs/search?ss=1
careers-depaul,careers-depaul,https://careers-depaul.icims.com/jobs/search?ss=1
careers-devereux,careers-devereux,https://careers-devereux.icims.com/jobs/search?ss=1
careers-dialysisclinic,careers-dialysisclinic,https://careers-dialysisclinic.icims.com/jobs/search?ss=1
careers-dickblick,careers-dickblick,https://careers-dickblick.icims.com/jobs/search?ss=1
careers-dickeys,careers-dickeys,https://careers-dickeys.icims.com/jobs/search?ss=1
careers-didiglobal,careers-didiglobal,https://careers-didiglobal.icims.com/jobs/search?ss=1
careers-dminc,careers-dminc,https://careers-dminc.icims.com/jobs/search?ss=1
careers-dole,careers-dole,https://careers-dole.icims.com/jobs/search?ss=1
careers-dominionnational-capbluecross,careers-dominionnational-capbluecross,https://careers-dominionnational-capbluecross.icims.com/jobs/search?ss=1
careers-duluthtrading,careers-duluthtrading,https://careers-duluthtrading.icims.com/jobs/search?ss=1
careers-eaglepicher,careers-eaglepicher,https://careers-eaglepicher.icims.com/jobs/search?ss=1
careers-eastpennmanufacturing,careers-eastpennmanufacturing,https://careers-eastpennmanufacturing.icims.com/jobs/search?ss=1
careers-ebscoind,careers-ebscoind,https://careers-ebscoind.icims.com/jobs/search?ss=1
careers-edf-re,careers-edf-re,https://careers-edf-re.icims.com/jobs/search?ss=1
careers-edmorse,careers-edmorse,https://careers-edmorse.icims.com/jobs/search?ss=1
careers-ehhi,careers-ehhi,https://careers-ehhi.icims.com/jobs/search?ss=1
careers-einstein,careers-einstein,https://careers-einstein.icims.com/jobs/search?ss=1
careers-emcorgroup,careers-emcorgroup,https://careers-emcorgroup.icims.com/jobs/search?ss=1
careers-empowerai,careers-empowerai,https://careers-empowerai.icims.com/jobs/search?ss=1
careers-en-gb-teksystems,careers-en-gb-teksystems,https://careers-en-gb-teksystems.icims.com/jobs/search?ss=1
careers-endeavorair,careers-endeavorair,https://careers-endeavorair.icims.com/jobs/search?ss=1
careers-epeconsulting,careers-epeconsulting,https://careers-epeconsulting.icims.com/jobs/search?ss=1
careers-ermcoeci,careers-ermcoeci,https://careers-ermcoeci.icims.com/jobs/search?ss=1
careers-evms,careers-evms,https://careers-evms.icims.com/jobs/search?ss=1
careers-exponent,careers-exponent,https://careers-exponent.icims.com/jobs/search?ss=1
careers-express,careers-express,https://careers-express.icims.com/jobs/search?ss=1
careers-extensishr,careers-extensishr,https://careers-extensishr.icims.com/jobs/search?ss=1
careers-falconwood,careers-falconwood,https://careers-falconwood.icims.com/jobs/search?ss=1
careers-fdcorp,careers-fdcorp,https://careers-fdcorp.icims.com/jobs/search?ss=1
careers-fdmfieldservices,careers-fdmfieldservices,https://careers-fdmfieldservices.icims.com/jobs/search?ss=1
careers-federatedinsurance,careers-federatedinsurance,https://careers-federatedinsurance.icims.com/jobs/search?ss=1
careers-fhcrc,careers-fhcrc,https://careers-fhcrc.icims.com/jobs/search?ss=1
careers-fisd,careers-fisd,https://careers-fisd.icims.com/jobs/search?ss=1
careers-fnf,careers-fnf,https://careers-fnf.icims.com/jobs/search?ss=1
careers-fortiss,careers-fortiss,https://careers-fortiss.icims.com/jobs/search?ss=1
careers-fotlinc,careers-fotlinc,https://careers-fotlinc.icims.com/jobs/search?ss=1
careers-framatome,careers-framatome,https://careers-framatome.icims.com/jobs/search?ss=1
careers-franciscanministries,careers-franciscanministries,https://careers-franciscanministries.icims.com/jobs/search?ss=1
careers-fult,careers-fult,https://careers-fult.icims.com/jobs/search?ss=1
careers-futurecarehealth,careers-futurecarehealth,https://careers-futurecarehealth.icims.com/jobs/search?ss=1
careers-garnethealth-1199,careers-garnethealth-1199,https://careers-garnethealth-1199.icims.com/jobs/search?ss=1
careers-gatx,careers-gatx,https://careers-gatx.icims.com/jobs/search?ss=1
careers-gd-ots,careers-gd-ots,https://careers-gd-ots.icims.com/jobs/search?ss=1
careers-gdbiw,careers-gdbiw,https://careers-gdbiw.icims.com/jobs/search?ss=1
careers-gdifamilyofbrands,careers-gdifamilyofbrands,https://careers-gdifamilyofbrands.icims.com/jobs/search?ss=1
careers-geosyntec,careers-geosyntec,https://careers-geosyntec.icims.com/jobs/search?ss=1
careers-girlscouts,careers-girlscouts,https://careers-girlscouts.icims.com/jobs/search?ss=1
careers-globalexcel,careers-globalexcel,https://careers-globalexcel.icims.com/jobs/search?ss=1
careers-gocs,careers-gocs,https://careers-gocs.icims.com/jobs/search?ss=1
careers-goldenkeygroup,careers-goldenkeygroup,https://careers-goldenkeygroup.icims.com/jobs/search?ss=1
careers-greatdane,careers-greatdane,https://careers-greatdane.icims.com/jobs/search?ss=1
careers-greenstate,careers-greenstate,https://careers-greenstate.icims.com/jobs/search?ss=1
careers-greyhound,careers-greyhound,https://careers-greyhound.icims.com/jobs/search?ss=1
careers-grizzlies,careers-grizzlies,https://careers-grizzlies.icims.com/jobs/search?ss=1
careers-group1auto,careers-group1auto,https://careers-group1auto.icims.com/jobs/search?ss=1
careers-growfinancial,careers-growfinancial,https://careers-growfinancial.icims.com/jobs/search?ss=1
careers-gsi,careers-gsi,https://careers-gsi.icims.com/jobs/search?ss=1
careers-guard,careers-guard,https://careers-guard.icims.com/jobs/search?ss=1
careers-guelph,careers-guelph,https://careers-guelph.icims.com/jobs/search?ss=1
careers-h360resources,careers-h360resources,https://careers-h360resources.icims.com/jobs/search?ss=1
careers-hanger,careers-hanger,https://careers-hanger.icims.com/jobs/search?ss=1
careers-harpercollins,careers-harpercollins,https://careers-harpercollins.icims.com/jobs/search?ss=1
careers-hayward,careers-hayward,https://careers-hayward.icims.com/jobs/search?ss=1
careers-healthconnectamerica,careers-healthconnectamerica,https://careers-healthconnectamerica.icims.com/jobs/search?ss=1
careers-healthedge,careers-healthedge,https://careers-healthedge.icims.com/jobs/search?ss=1
careers-healthequity,careers-healthequity,https://careers-healthequity.icims.com/jobs/search?ss=1
careers-heart,careers-heart,https://careers-heart.icims.com/jobs/search?ss=1
careers-herbalife,careers-herbalife,https://careers-herbalife.icims.com/jobs/search?ss=1
careers-here,careers-here,https://careers-here.icims.com/jobs/search?ss=1
careers-heritagechristianservices,careers-heritagechristianservices,https://careers-heritagechristianservices.icims.com/jobs/search?ss=1
careers-hexagonpositioning,careers-hexagonpositioning,https://careers-hexagonpositioning.icims.com/jobs/search?ss=1
careers-hhmlp,careers-hhmlp,https://careers-hhmlp.icims.com/jobs/search?ss=1
careers-hhsys,careers-hhsys,https://careers-hhsys.icims.com/jobs/search?ss=1
careers-hightideinc,careers-hightideinc,https://careers-hightideinc.icims.com/jobs/search?ss=1
careers-homesteadhc,careers-homesteadhc,https://careers-homesteadhc.icims.com/jobs/search?ss=1
careers-hooveralabama,careers-hooveralabama,https://careers-hooveralabama.icims.com/jobs/search?ss=1
careers-horton,careers-horton,https://careers-horton.icims.com/jobs/search?ss=1
careers-houstonmethodist,careers-houstonmethodist,https://careers-houstonmethodist.icims.com/jobs/search?ss=1
careers-humanscale,careers-humanscale,https://careers-humanscale.icims.com/jobs/search?ss=1
careers-hyland,careers-hyland,https://careers-hyland.icims.com/jobs/search?ss=1
careers-i2xisys,careers-i2xisys,https://careers-i2xisys.icims.com/jobs/search?ss=1
careers-i3-corps,careers-i3-corps,https://careers-i3-corps.icims.com/jobs/search?ss=1
careers-idirect,careers-idirect,https://careers-idirect.icims.com/jobs/search?ss=1
careers-idlo,careers-idlo,https://careers-idlo.icims.com/jobs/search?ss=1
careers-iehp,careers-iehp,https://careers-iehp.icims.com/jobs/search?ss=1
careers-immanuel,careers-immanuel,https://careers-immanuel.icims.com/jobs/search?ss=1
careers-imsa,careers-imsa,https://careers-imsa.icims.com/jobs/search?ss=1
careers-indoortemp,careers-indoortemp,https://careers-indoortemp.icims.com/jobs/search?ss=1
careers-indyneinc,careers-indyneinc,https://careers-indyneinc.icims.com/jobs/search?ss=1
careers-insmed,careers-insmed,https://careers-insmed.icims.com/jobs/search?ss=1
careers-intllogic,careers-intllogic,https://careers-intllogic.icims.com/jobs/search?ss=1
careers-intrastaff,careers-intrastaff,https://careers-intrastaff.icims.com/jobs/search?ss=1
careers-iqt,careers-iqt,https://careers-iqt.icims.com/jobs/search?ss=1
careers-iridium,careers-iridium,https://careers-iridium.icims.com/jobs/search?ss=1
careers-isaca,careers-isaca,https://careers-isaca.icims.com/jobs/search?ss=1
careers-isagenix,careers-isagenix,https://careers-isagenix.icims.com/jobs/search?ss=1
careers-isc2,careers-isc2,https://careers-isc2.icims.com/jobs/search?ss=1
careers-istmanagement,careers-istmanagement,https://careers-istmanagement.icims.com/jobs/search?ss=1
careers-ita-intl,careers-ita-intl,https://careers-ita-intl.icims.com/jobs/search?ss=1
careers-itstechnology,careers-itstechnology,https://careers-itstechnology.icims.com/jobs/search?ss=1
careers-jacksoncasino,careers-jacksoncasino,https://careers-jacksoncasino.icims.com/jobs/search?ss=1
careers-jaggaer,careers-jaggaer,https://careers-jaggaer.icims.com/jobs/search?ss=1
careers-jamsadr,careers-jamsadr,https://careers-jamsadr.icims.com/jobs/search?ss=1
careers-janusintl,careers-janusintl,https://careers-janusintl.icims.com/jobs/search?ss=1
careers-jaxsheriff,careers-jaxsheriff,https://careers-jaxsheriff.icims.com/jobs/search?ss=1
careers-jbgsmith,careers-jbgsmith,https://careers-jbgsmith.icims.com/jobs/search?ss=1
careers-jocogov,careers-jocogov,https://careers-jocogov.icims.com/jobs/search?ss=1
careers-johnsiskandson,careers-johnsiskandson,https://careers-johnsiskandson.icims.com/jobs/search?ss=1
careers-jointcommission,careers-jointcommission,https://careers-jointcommission.icims.com/jobs/search?ss=1
careers-jordans-furniture,careers-jordans-furniture,https://careers-jordans-furniture.icims.com/jobs/search?ss=1
careers-judge,careers-judge,https://careers-judge.icims.com/jobs/search?ss=1
careers-kansascityymca,careers-kansascityymca,https://careers-kansascityymca.icims.com/jobs/search?ss=1
careers-kemin,careers-kemin,https://careers-kemin.icims.com/jobs/search?ss=1
careers-ketteringhealth,careers-ketteringhealth,https://careers-ketteringhealth.icims.com/jobs/search?ss=1
careers-kettler,careers-kettler,https://careers-kettler.icims.com/jobs/search?ss=1
careers-kimley-horn,careers-kimley-horn,https://careers-kimley-horn.icims.com/jobs/search?ss=1
careers-kloveair1,careers-kloveair1,https://careers-kloveair1.icims.com/jobs/search?ss=1
careers-knipper,careers-knipper,https://careers-knipper.icims.com/jobs/search?ss=1
careers-kyocera,careers-kyocera,https://careers-kyocera.icims.com/jobs/search?ss=1
careers-lafh,careers-lafh,https://careers-lafh.icims.com/jobs/search?ss=1
careers-lata,careers-lata,https://careers-lata.icims.com/jobs/search?ss=1
careers-latticesemi,careers-latticesemi,https://careers-latticesemi.icims.com/jobs/search?ss=1
careers-lbtransit,careers-lbtransit,https://careers-lbtransit.icims.com/jobs/search?ss=1
careers-lbusa,careers-lbusa,https://careers-lbusa.icims.com/jobs/search?ss=1
careers-leafguard,careers-leafguard,https://careers-leafguard.icims.com/jobs/search?ss=1
careers-legacyinc,careers-legacyinc,https://careers-legacyinc.icims.com/jobs/search?ss=1
careers-leons,careers-leons,https://careers-leons.icims.com/jobs/search?ss=1
careers-lfp,careers-lfp,https://careers-lfp.icims.com/jobs/search?ss=1
careers-lhs,careers-lhs,https://careers-lhs.icims.com/jobs/search?ss=1
careers-libertymutual,careers-libertymutual,https://careers-libertymutual.icims.com/jobs/search?ss=1
careers-lir,careers-lir,https://careers-lir.icims.com/jobs/search?ss=1
careers-llajobs,careers-llajobs,https://careers-llajobs.icims.com/jobs/search?ss=1
careers-lmi,careers-lmi,https://careers-lmi.icims.com/jobs/search?ss=1
careers-logos,careers-logos,https://careers-logos.icims.com/jobs/search?ss=1
careers-loretto2,careers-loretto2,https://careers-loretto2.icims.com/jobs/search?ss=1
careers-lowesfoods,careers-lowesfoods,https://careers-lowesfoods.icims.com/jobs/search?ss=1
careers-lsac,careers-lsac,https://careers-lsac.icims.com/jobs/search?ss=1
careers-lumapr,careers-lumapr,https://careers-lumapr.icims.com/jobs/search?ss=1
careers-lvhn,careers-lvhn,https://careers-lvhn.icims.com/jobs/search?ss=1
careers-macalester,careers-macalester,https://careers-macalester.icims.com/jobs/search?ss=1
careers-magaero,careers-magaero,https://careers-magaero.icims.com/jobs/search?ss=1
careers-magnera,careers-magnera,https://careers-magnera.icims.com/jobs/search?ss=1
careers-marinclinic,careers-marinclinic,https://careers-marinclinic.icims.com/jobs/search?ss=1
careers-markon,careers-markon,https://careers-markon.icims.com/jobs/search?ss=1
careers-maxor,careers-maxor,https://careers-maxor.icims.com/jobs/search?ss=1
careers-mci,careers-mci,https://careers-mci.icims.com/jobs/search?ss=1
careers-mdi,careers-mdi,https://careers-mdi.icims.com/jobs/search?ss=1
careers-mercuryinsurance,careers-mercuryinsurance,https://careers-mercuryinsurance.icims.com/jobs/search?ss=1
careers-methodisthospitals,careers-methodisthospitals,https://careers-methodisthospitals.icims.com/jobs/search?ss=1
careers-metro,careers-metro,https://careers-metro.icims.com/jobs/search?ss=1
careers-mfp,careers-mfp,https://careers-mfp.icims.com/jobs/search?ss=1
careers-michfb,careers-michfb,https://careers-michfb.icims.com/jobs/search?ss=1
careers-midwestone,careers-midwestone,https://careers-midwestone.icims.com/jobs/search?ss=1
careers-milbank,careers-milbank,https://careers-milbank.icims.com/jobs/search?ss=1
careers-mlssoccer,careers-mlssoccer,https://careers-mlssoccer.icims.com/jobs/search?ss=1
careers-monterosatx,careers-monterosatx,https://careers-monterosatx.icims.com/jobs/search?ss=1
careers-mpi,careers-mpi,https://careers-mpi.icims.com/jobs/search?ss=1
careers-msts,careers-msts,https://careers-msts.icims.com/jobs/search?ss=1
careers-mtlcraft,careers-mtlcraft,https://careers-mtlcraft.icims.com/jobs/search?ss=1
careers-museumca,careers-museumca,https://careers-museumca.icims.com/jobs/search?ss=1
careers-mwdh2o,careers-mwdh2o,https://careers-mwdh2o.icims.com/jobs/search?ss=1
careers-mychildrenschoice,careers-mychildrenschoice,https://careers-mychildrenschoice.icims.com/jobs/search?ss=1
careers-mysagedental,careers-mysagedental,https://careers-mysagedental.icims.com/jobs/search?ss=1
careers-na-merlinentertainments,careers-na-merlinentertainments,https://careers-na-merlinentertainments.icims.com/jobs/search?ss=1
careers-nacg,careers-nacg,https://careers-nacg.icims.com/jobs/search?ss=1
careers-nakupuna,careers-nakupuna,https://careers-nakupuna.icims.com/jobs/search?ss=1
careers-nasco,careers-nasco,https://careers-nasco.icims.com/jobs/search?ss=1
careers-natdcp,careers-natdcp,https://careers-natdcp.icims.com/jobs/search?ss=1
careers-naturalgrocers,careers-naturalgrocers,https://careers-naturalgrocers.icims.com/jobs/search?ss=1
careers-navitus,careers-navitus,https://careers-navitus.icims.com/jobs/search?ss=1
careers-neighborhooddefender,careers-neighborhooddefender,https://careers-neighborhooddefender.icims.com/jobs/search?ss=1
careers-newmarket,careers-newmarket,https://careers-newmarket.icims.com/jobs/search?ss=1
careers-nikkiso,careers-nikkiso,https://careers-nikkiso.icims.com/jobs/search?ss=1
careers-nipponexpress,careers-nipponexpress,https://careers-nipponexpress.icims.com/jobs/search?ss=1
careers-njeda,careers-njeda,https://careers-njeda.icims.com/jobs/search?ss=1
careers-nl,careers-nl,https://careers-nl.icims.com/jobs/search?ss=1
careers-nordia,careers-nordia,https://careers-nordia.icims.com/jobs/search?ss=1
careers-northerncolorado-ymca,careers-northerncolorado-ymca,https://careers-northerncolorado-ymca.icims.com/jobs/search?ss=1
careers-northside,careers-northside,https://careers-northside.icims.com/jobs/search?ss=1
careers-northwesternmutual,careers-northwesternmutual,https://careers-northwesternmutual.icims.com/jobs/search?ss=1
careers-novelis,careers-novelis,https://careers-novelis.icims.com/jobs/search?ss=1
careers-nrgmr,careers-nrgmr,https://careers-nrgmr.icims.com/jobs/search?ss=1
careers-nuggetmarket,careers-nuggetmarket,https://careers-nuggetmarket.icims.com/jobs/search?ss=1
careers-nv5,careers-nv5,https://careers-nv5.icims.com/jobs/search?ss=1
careers-nwp,careers-nwp,https://careers-nwp.icims.com/jobs/search?ss=1
careers-nybloodcenter,careers-nybloodcenter,https://careers-nybloodcenter.icims.com/jobs/search?ss=1
careers-nyit,careers-nyit,https://careers-nyit.icims.com/jobs/search?ss=1
careers-nyu,careers-nyu,https://careers-nyu.icims.com/jobs/search?ss=1
careers-oakgov,careers-oakgov,https://careers-oakgov.icims.com/jobs/search?ss=1
careers-obmc,careers-obmc,https://careers-obmc.icims.com/jobs/search?ss=1
careers-oceanbank,careers-oceanbank,https://careers-oceanbank.icims.com/jobs/search?ss=1
careers-orange,careers-orange,https://careers-orange.icims.com/jobs/search?ss=1
careers-oregonlottery,careers-oregonlottery,https://careers-oregonlottery.icims.com/jobs/search?ss=1
careers-origamirisk,careers-origamirisk,https://careers-origamirisk.icims.com/jobs/search?ss=1
careers-otterproducts,careers-otterproducts,https://careers-otterproducts.icims.com/jobs/search?ss=1
careers-pactworld,careers-pactworld,https://careers-pactworld.icims.com/jobs/search?ss=1
careers-pamhealth,careers-pamhealth,https://careers-pamhealth.icims.com/jobs/search?ss=1
careers-paperworksindustries,careers-paperworksindustries,https://careers-paperworksindustries.icims.com/jobs/search?ss=1
careers-paradymemanagement,careers-paradymemanagement,https://careers-paradymemanagement.icims.com/jobs/search?ss=1
careers-partnershiphp,careers-partnershiphp,https://careers-partnershiphp.icims.com/jobs/search?ss=1
careers-partsauthority,careers-partsauthority,https://careers-partsauthority.icims.com/jobs/search?ss=1
careers-peelregion,careers-peelregion,https://careers-peelregion.icims.com/jobs/search?ss=1
careers-peraton,careers-peraton,https://careers-peraton.icims.com/jobs/search?ss=1
careers-perrysicecream,careers-perrysicecream,https://careers-perrysicecream.icims.com/jobs/search?ss=1
careers-persistentsystems,careers-persistentsystems,https://careers-persistentsystems.icims.com/jobs/search?ss=1
careers-petsuppliesplus,careers-petsuppliesplus,https://careers-petsuppliesplus.icims.com/jobs/search?ss=1
careers-pgworks,careers-pgworks,https://careers-pgworks.icims.com/jobs/search?ss=1
careers-pictsweet,careers-pictsweet,https://careers-pictsweet.icims.com/jobs/search?ss=1
careers-piedmont,careers-piedmont,https://careers-piedmont.icims.com/jobs/search?ss=1
careers-plansys,careers-plansys,https://careers-plansys.icims.com/jobs/search?ss=1
careers-polkcountysheriffsoffice,careers-polkcountysheriffsoffice,https://careers-polkcountysheriffsoffice.icims.com/jobs/search?ss=1
careers-powerschool,careers-powerschool,https://careers-powerschool.icims.com/jobs/search?ss=1
careers-precisiontoday,careers-precisiontoday,https://careers-precisiontoday.icims.com/jobs/search?ss=1
careers-preshomes,careers-preshomes,https://careers-preshomes.icims.com/jobs/search?ss=1
careers-primehealthcare,careers-primehealthcare,https://careers-primehealthcare.icims.com/jobs/search?ss=1
careers-psaairlines,careers-psaairlines,https://careers-psaairlines.icims.com/jobs/search?ss=1
careers-psi,careers-psi,https://careers-psi.icims.com/jobs/search?ss=1
careers-pst,careers-pst,https://careers-pst.icims.com/jobs/search?ss=1
careers-publiccounsel,careers-publiccounsel,https://careers-publiccounsel.icims.com/jobs/search?ss=1
careers-pueblo-ymca,careers-pueblo-ymca,https://careers-pueblo-ymca.icims.com/jobs/search?ss=1
careers-qchek,careers-qchek,https://careers-qchek.icims.com/jobs/search?ss=1
careers-qinetiqus,careers-qinetiqus,https://careers-qinetiqus.icims.com/jobs/search?ss=1
careers-ql,careers-ql,https://careers-ql.icims.com/jobs/search?ss=1
careers-quanta,careers-quanta,https://careers-quanta.icims.com/jobs/search?ss=1
careers-quest,careers-quest,https://careers-quest.icims.com/jobs/search?ss=1
careers-reachire,careers-reachire,https://careers-reachire.icims.com/jobs/search?ss=1
careers-recoverysolutions,careers-recoverysolutions,https://careers-recoverysolutions.icims.com/jobs/search?ss=1
careers-redcoats,careers-redcoats,https://careers-redcoats.icims.com/jobs/search?ss=1
careers-redlobster,careers-redlobster,https://careers-redlobster.icims.com/jobs/search?ss=1
careers-replimune,careers-replimune,https://careers-replimune.icims.com/jobs/search?ss=1
careers-resonetics,careers-resonetics,https://careers-resonetics.icims.com/jobs/search?ss=1
careers-resortsac,careers-resortsac,https://careers-resortsac.icims.com/jobs/search?ss=1
careers-resourcelabel,careers-resourcelabel,https://careers-resourcelabel.icims.com/jobs/search?ss=1
careers-revolutioncompany,careers-revolutioncompany,https://careers-revolutioncompany.icims.com/jobs/search?ss=1
careers-ricardo,careers-ricardo,https://careers-ricardo.icims.com/jobs/search?ss=1
careers-ringpower,careers-ringpower,https://careers-ringpower.icims.com/jobs/search?ss=1
careers-rivercree,careers-rivercree,https://careers-rivercree.icims.com/jobs/search?ss=1
careers-riversidehealth,careers-riversidehealth,https://careers-riversidehealth.icims.com/jobs/search?ss=1
careers-roadrunnersports,careers-roadrunnersports,https://careers-roadrunnersports.icims.com/jobs/search?ss=1
careers-rochebros,careers-rochebros,https://careers-rochebros.icims.com/jobs/search?ss=1
careers-rockwood,careers-rockwood,https://careers-rockwood.icims.com/jobs/search?ss=1
careers-rrsc,careers-rrsc,https://careers-rrsc.icims.com/jobs/search?ss=1
careers-rssb,careers-rssb,https://careers-rssb.icims.com/jobs/search?ss=1
careers-ruralking,careers-ruralking,https://careers-ruralking.icims.com/jobs/search?ss=1
careers-rvu,careers-rvu,https://careers-rvu.icims.com/jobs/search?ss=1
careers-samaritanvillage,careers-samaritanvillage,https://careers-samaritanvillage.icims.com/jobs/search?ss=1
careers-samaritas,careers-samaritas,https://careers-samaritas.icims.com/jobs/search?ss=1
careers-sares-regis,careers-sares-regis,https://careers-sares-regis.icims.com/jobs/search?ss=1
careers-sargentlundy,careers-sargentlundy,https://careers-sargentlundy.icims.com/jobs/search?ss=1
careers-sas,careers-sas,https://careers-sas.icims.com/jobs/search?ss=1
careers-sazerac,careers-sazerac,https://careers-sazerac.icims.com/jobs/search?ss=1
careers-sbec,careers-sbec,https://careers-sbec.icims.com/jobs/search?ss=1
careers-sciolex,careers-sciolex,https://careers-sciolex.icims.com/jobs/search?ss=1
careers-scires,careers-scires,https://careers-scires.icims.com/jobs/search?ss=1
careers-sedanos,careers-sedanos,https://careers-sedanos.icims.com/jobs/search?ss=1
careers-sentinel,careers-sentinel,https://careers-sentinel.icims.com/jobs/search?ss=1
careers-sequoiaconstructionservices,careers-sequoiaconstructionservices,https://careers-sequoiaconstructionservices.icims.com/jobs/search?ss=1
careers-sercous,careers-sercous,https://careers-sercous.icims.com/jobs/search?ss=1
careers-setonchildrens,careers-setonchildrens,https://careers-setonchildrens.icims.com/jobs/search?ss=1
careers-sev1tech,careers-sev1tech,https://careers-sev1tech.icims.com/jobs/search?ss=1
careers-sevenhills,careers-sevenhills,https://careers-sevenhills.icims.com/jobs/search?ss=1
careers-shimmick,careers-shimmick,https://careers-shimmick.icims.com/jobs/search?ss=1
careers-shriners,careers-shriners,https://careers-shriners.icims.com/jobs/search?ss=1
careers-sidley,careers-sidley,https://careers-sidley.icims.com/jobs/search?ss=1
careers-sig,careers-sig,https://careers-sig.icims.com/jobs/search?ss=1
careers-siglifestyles,careers-siglifestyles,https://careers-siglifestyles.icims.com/jobs/search?ss=1
careers-silveredgegs,careers-silveredgegs,https://careers-silveredgegs.icims.com/jobs/search?ss=1
careers-silverstoneliving,careers-silverstoneliving,https://careers-silverstoneliving.icims.com/jobs/search?ss=1
careers-singerequipment,careers-singerequipment,https://careers-singerequipment.icims.com/jobs/search?ss=1
careers-slco,careers-slco,https://careers-slco.icims.com/jobs/search?ss=1
careers-solairus,careers-solairus,https://careers-solairus.icims.com/jobs/search?ss=1
careers-sonrava,careers-sonrava,https://careers-sonrava.icims.com/jobs/search?ss=1
careers-southcoast,careers-southcoast,https://careers-southcoast.icims.com/jobs/search?ss=1
careers-souto,careers-souto,https://careers-souto.icims.com/jobs/search?ss=1
careers-sparinc,careers-sparinc,https://careers-sparinc.icims.com/jobs/search?ss=1
careers-spencersandspirit,careers-spencersandspirit,https://careers-spencersandspirit.icims.com/jobs/search?ss=1
careers-sscgp,careers-sscgp,https://careers-sscgp.icims.com/jobs/search?ss=1
careers-stlukes-stl,careers-stlukes-stl,https://careers-stlukes-stl.icims.com/jobs/search?ss=1
careers-stonex,careers-stonex,https://careers-stonex.icims.com/jobs/search?ss=1
careers-stonybrookmedicinecpmp,careers-stonybrookmedicinecpmp,https://careers-stonybrookmedicinecpmp.icims.com/jobs/search?ss=1
careers-strosenh,careers-strosenh,https://careers-strosenh.icims.com/jobs/search?ss=1
careers-suburbanpropane,careers-suburbanpropane,https://careers-suburbanpropane.icims.com/jobs/search?ss=1
careers-suffolkconstruction,careers-suffolkconstruction,https://careers-suffolkconstruction.icims.com/jobs/search?ss=1
careers-sumter,careers-sumter,https://careers-sumter.icims.com/jobs/search?ss=1
careers-sunauto,careers-sunauto,https://careers-sunauto.icims.com/jobs/search?ss=1
careers-sus,careers-sus,https://careers-sus.icims.com/jobs/search?ss=1
careers-svclnk,careers-svclnk,https://careers-svclnk.icims.com/jobs/search?ss=1
careers-symbria,careers-symbria,https://careers-symbria.icims.com/jobs/search?ss=1
careers-sysmex,careers-sysmex,https://careers-sysmex.icims.com/jobs/search?ss=1
careers-talentcollab,careers-talentcollab,https://careers-talentcollab.icims.com/jobs/search?ss=1
careers-tatitlek,careers-tatitlek,https://careers-tatitlek.icims.com/jobs/search?ss=1
careers-tecequipment,careers-tecequipment,https://careers-tecequipment.icims.com/jobs/search?ss=1
careers-texasbar,careers-texasbar,https://careers-texasbar.icims.com/jobs/search?ss=1
careers-thebrick,careers-thebrick,https://careers-thebrick.icims.com/jobs/search?ss=1
careers-theone23group,careers-theone23group,https://careers-theone23group.icims.com/jobs/search?ss=1
careers-thesilverlining,careers-thesilverlining,https://careers-thesilverlining.icims.com/jobs/search?ss=1
careers-thestrongholdcompanies,careers-thestrongholdcompanies,https://careers-thestrongholdcompanies.icims.com/jobs/search?ss=1
careers-thinktogether,careers-thinktogether,https://careers-thinktogether.icims.com/jobs/search?ss=1
careers-tierpoint,careers-tierpoint,https://careers-tierpoint.icims.com/jobs/search?ss=1
careers-tighebond,careers-tighebond,https://careers-tighebond.icims.com/jobs/search?ss=1
careers-titanmachinery,careers-titanmachinery,https://careers-titanmachinery.icims.com/jobs/search?ss=1
careers-tmh,careers-tmh,https://careers-tmh.icims.com/jobs/search?ss=1
careers-trajectorservices,careers-trajectorservices,https://careers-trajectorservices.icims.com/jobs/search?ss=1
careers-treeoflife-kehe,careers-treeoflife-kehe,https://careers-treeoflife-kehe.icims.com/jobs/search?ss=1
careers-tricitymed,careers-tricitymed,https://careers-tricitymed.icims.com/jobs/search?ss=1
careers-tsoln-inc,careers-tsoln-inc,https://careers-tsoln-inc.icims.com/jobs/search?ss=1
careers-tsymmetry,careers-tsymmetry,https://careers-tsymmetry.icims.com/jobs/search?ss=1
careers-tuality,careers-tuality,https://careers-tuality.icims.com/jobs/search?ss=1
careers-uabmedicine,careers-uabmedicine,https://careers-uabmedicine.icims.com/jobs/search?ss=1
careers-ucm,careers-ucm,https://careers-ucm.icims.com/jobs/search?ss=1
careers-uhnjcareers,careers-uhnjcareers,https://careers-uhnjcareers.icims.com/jobs/search?ss=1
careers-uk-merlinentertainments,careers-uk-merlinentertainments,https://careers-uk-merlinentertainments.icims.com/jobs/search?ss=1
careers-umms,careers-umms,https://careers-umms.icims.com/jobs/search?ss=1
careers-upbring,careers-upbring,https://careers-upbring.icims.com/jobs/search?ss=1
careers-urs,careers-urs,https://careers-urs.icims.com/jobs/search?ss=1
careers-usa-titanmaterials,careers-usa-titanmaterials,https://careers-usa-titanmaterials.icims.com/jobs/search?ss=1
careers-usesalvationarmy,careers-usesalvationarmy,https://careers-usesalvationarmy.icims.com/jobs/search?ss=1
careers-usfintech,careers-usfintech,https://careers-usfintech.icims.com/jobs/search?ss=1
careers-usopen,careers-usopen,https://careers-usopen.icims.com/jobs/search?ss=1
careers-usta,careers-usta,https://careers-usta.icims.com/jobs/search?ss=1
careers-usu,careers-usu,https://careers-usu.icims.com/jobs/search?ss=1
careers-uti,careers-uti,https://careers-uti.icims.com/jobs/search?ss=1
careers-uuhc,careers-uuhc,https://careers-uuhc.icims.com/jobs/search?ss=1
careers-vailgov,careers-vailgov,https://careers-vailgov.icims.com/jobs/search?ss=1
careers-validatek,careers-validatek,https://careers-validatek.icims.com/jobs/search?ss=1
careers-vch,careers-vch,https://careers-vch.icims.com/jobs/search?ss=1
careers-ventrahealth,careers-ventrahealth,https://careers-ventrahealth.icims.com/jobs/search?ss=1
careers-vergemobilellc,careers-vergemobilellc,https://careers-vergemobilellc.icims.com/jobs/search?ss=1
careers-veroscredit,careers-veroscredit,https://careers-veroscredit.icims.com/jobs/search?ss=1
careers-vhb,careers-vhb,https://careers-vhb.icims.com/jobs/search?ss=1
careers-vhchealth,careers-vhchealth,https://careers-vhchealth.icims.com/jobs/search?ss=1
careers-visioninnovation-partners,careers-visioninnovation-partners,https://careers-visioninnovation-partners.icims.com/jobs/search?ss=1
careers-vistaglobal,careers-vistaglobal,https://careers-vistaglobal.icims.com/jobs/search?ss=1
careers-wafd,careers-wafd,https://careers-wafd.icims.com/jobs/search?ss=1
careers-wbs,careers-wbs,https://careers-wbs.icims.com/jobs/search?ss=1
careers-wcpss,careers-wcpss,https://careers-wcpss.icims.com/jobs/search?ss=1
careers-wel,careers-wel,https://careers-wel.icims.com/jobs/search?ss=1
careers-wellpath,careers-wellpath,https://careers-wellpath.icims.com/jobs/search?ss=1
careers-wellspannh,careers-wellspannh,https://careers-wellspannh.icims.com/jobs/search?ss=1
careers-werfen,careers-werfen,https://careers-werfen.icims.com/jobs/search?ss=1
careers-wginc,careers-wginc,https://careers-wginc.icims.com/jobs/search?ss=1
careers-wheelsup,careers-wheelsup,https://careers-wheelsup.icims.com/jobs/search?ss=1
careers-wilson,careers-wilson,https://careers-wilson.icims.com/jobs/search?ss=1
careers-winco,careers-winco,https://careers-winco.icims.com/jobs/search?ss=1
careers-wleeflowers,careers-wleeflowers,https://careers-wleeflowers.icims.com/jobs/search?ss=1
careers-wth,careers-wth,https://careers-wth.icims.com/jobs/search?ss=1
careers-youthvillages,careers-youthvillages,https://careers-youthvillages.icims.com/jobs/search?ss=1
careers-yugo,careers-yugo,https://careers-yugo.icims.com/jobs/search?ss=1
careers-yusa-ymca,careers-yusa-ymca,https://careers-yusa-ymca.icims.com/jobs/search?ss=1
careers10-oremorautomotive,careers10-oremorautomotive,https://careers10-oremorautomotive.icims.com/jobs/search?ss=1
careers13-oremorautomotive,careers13-oremorautomotive,https://careers13-oremorautomotive.icims.com/jobs/search?ss=1
careers14-oremorautomotive,careers14-oremorautomotive,https://careers14-oremorautomotive.icims.com/jobs/search?ss=1
careers2-casella,careers2-casella,https://careers2-casella.icims.com/jobs/search?ss=1
careers2-columbuszoo,careers2-columbuszoo,https://careers2-columbuszoo.icims.com/jobs/search?ss=1
careers2-imagefirst,careers2-imagefirst,https://careers2-imagefirst.icims.com/jobs/search?ss=1
careers2-knipper,careers2-knipper,https://careers2-knipper.icims.com/jobs/search?ss=1
careers2-rpmliving,careers2-rpmliving,https://careers2-rpmliving.icims.com/jobs/search?ss=1
careers2-ruralking,careers2-ruralking,https://careers2-ruralking.icims.com/jobs/search?ss=1
careers2-tradesmen,careers2-tradesmen,https://careers2-tradesmen.icims.com/jobs/search?ss=1
careers21-oremorautomotive,careers21-oremorautomotive,https://careers21-oremorautomotive.icims.com/jobs/search?ss=1
careers3-columbuszoo,careers3-columbuszoo,https://careers3-columbuszoo.icims.com/jobs/search?ss=1
careers7-oremorautomotive,careers7-oremorautomotive,https://careers7-oremorautomotive.icims.com/jobs/search?ss=1
careers9-oremorautomotive,careers9-oremorautomotive,https://careers9-oremorautomotive.icims.com/jobs/search?ss=1
careersatsea-starboardcruise,careersatsea-starboardcruise,https://careersatsea-starboardcruise.icims.com/jobs/search?ss=1
careerscentral-eastpennmanufacturing,careerscentral-eastpennmanufacturing,https://careerscentral-eastpennmanufacturing.icims.com/jobs/search?ss=1
careerschn-teleperformance,careerschn-teleperformance,https://careerschn-teleperformance.icims.com/jobs/search?ss=1
careersco-teleperformance,careersco-teleperformance,https://careersco-teleperformance.icims.com/jobs/search?ss=1
careersen-baffinland,careersen-baffinland,https://careersen-baffinland.icims.com/jobs/search?ss=1
careersen-hrrh,careersen-hrrh,https://careersen-hrrh.icims.com/jobs/search?ss=1
careersen-itt-inc,careersen-itt-inc,https://careersen-itt-inc.icims.com/jobs/search?ss=1
careersen-lsuc,careersen-lsuc,https://careersen-lsuc.icims.com/jobs/search?ss=1
careersen-mackenzieinvestments,careersen-mackenzieinvestments,https://careersen-mackenzieinvestments.icims.com/jobs/search?ss=1
careersen-sircorp,careersen-sircorp,https://careersen-sircorp.icims.com/jobs/search?ss=1
careersen-victoria,careersen-victoria,https://careersen-victoria.icims.com/jobs/search?ss=1
careersenus-itt-inc,careersenus-itt-inc,https://careersenus-itt-inc.icims.com/jobs/search?ss=1
careersff-brampton,careersff-brampton,https://careersff-brampton.icims.com/jobs/search?ss=1
careersintern-us-itt-inc,careersintern-us-itt-inc,https://careersintern-us-itt-inc.icims.com/jobs/search?ss=1
careerslit-associates-libertymutual,careerslit-associates-libertymutual,https://careerslit-associates-libertymutual.icims.com/jobs/search?ss=1
careersnavitas-eastpennmanufacturing,careersnavitas-eastpennmanufacturing,https://careersnavitas-eastpennmanufacturing.icims.com/jobs/search?ss=1
careersonland-starboardcruise,careersonland-starboardcruise,https://careersonland-starboardcruise.icims.com/jobs/search?ss=1
careersph-teleperformance,careersph-teleperformance,https://careersph-teleperformance.icims.com/jobs/search?ss=1
careerssa-sigmaconnected,careerssa-sigmaconnected,https://careerssa-sigmaconnected.icims.com/jobs/search?ss=1
careersstudent-eastpennmanufacturing,careersstudent-eastpennmanufacturing,https://careersstudent-eastpennmanufacturing.icims.com/jobs/search?ss=1
careerstto-brampton,careerstto-brampton,https://careerstto-brampton.icims.com/jobs/search?ss=1
careersus-nexa,careersus-nexa,https://careersus-nexa.icims.com/jobs/search?ss=1
careersus-teleperformance,careersus-teleperformance,https://careersus-teleperformance.icims.com/jobs/search?ss=1
cds-uscareers,cds-uscareers,https://cds-uscareers.icims.com/jobs/search?ss=1
ceisvcareers-mastec,ceisvcareers-mastec,https://ceisvcareers-mastec.icims.com/jobs/search?ss=1
centraloffice-scsk12,centraloffice-scsk12,https://centraloffice-scsk12.icims.com/jobs/search?ss=1
circetusa-kgpco,circetusa-kgpco,https://circetusa-kgpco.icims.com/jobs/search?ss=1
city-boston,city-boston,https://city-boston.icims.com/jobs/search?ss=1
classified-ocps,classified-ocps,https://classified-ocps.icims.com/jobs/search?ss=1
clients-eidebailly,clients-eidebailly,https://clients-eidebailly.icims.com/jobs/search?ss=1
clinical-emory,clinical-emory,https://clinical-emory.icims.com/jobs/search?ss=1
clubcareers-planetfitness,clubcareers-planetfitness,https://clubcareers-planetfitness.icims.com/jobs/search?ss=1
communitycare-centralhealth,communitycare-centralhealth,https://communitycare-centralhealth.icims.com/jobs/search?ss=1
concentrajobs-selectmedicalcorp,concentrajobs-selectmedicalcorp,https://concentrajobs-selectmedicalcorp.icims.com/jobs/search?ss=1
contract-careers-jointcommission,contract-careers-jointcommission,https://contract-careers-jointcommission.icims.com/jobs/search?ss=1
corporate-crashchampions,corporate-crashchampions,https://corporate-crashchampions.icims.com/jobs/search?ss=1
corporate-kirbycorp,corporate-kirbycorp,https://corporate-kirbycorp.icims.com/jobs/search?ss=1
corporate-nationalbeef,corporate-nationalbeef,https://corporate-nationalbeef.icims.com/jobs/search?ss=1
corporate-segrocers,corporate-segrocers,https://corporate-segrocers.icims.com/jobs/search?ss=1
corporatecareers-merlinentertainments,corporatecareers-merlinentertainments,https://corporatecareers-merlinentertainments.icims.com/jobs/search?ss=1
corporatecareers-planetfitness,corporatecareers-planetfitness,https://corporatecareers-planetfitness.icims.com/jobs/search?ss=1
corporatejobs-alaskaair,corporatejobs-alaskaair,https://corporatejobs-alaskaair.icims.com/jobs/search?ss=1
craftcareers-sbec,craftcareers-sbec,https://craftcareers-sbec.icims.com/jobs/search?ss=1
dfr-knowledgeservices,dfr-knowledgeservices,https://dfr-knowledgeservices.icims.com/jobs/search?ss=1
driver-ryder,driver-ryder,https://driver-ryder.icims.com/jobs/search?ss=1
drivers-natdcp,drivers-natdcp,https://drivers-natdcp.icims.com/jobs/search?ss=1
dutch-cabot,dutch-cabot,https://dutch-cabot.icims.com/jobs/search?ss=1
easyapply-novanthealth,easyapply-novanthealth,https://easyapply-novanthealth.icims.com/jobs/search?ss=1
emea-cookmedical,emea-cookmedical,https://emea-cookmedical.icims.com/jobs/search?ss=1
employment-mackenziehealth,employment-mackenziehealth,https://employment-mackenziehealth.icims.com/jobs/search?ss=1
en-careers-hovione,en-careers-hovione,https://en-careers-hovione.icims.com/jobs/search?ss=1
encareers-cmh,encareers-cmh,https://encareers-cmh.icims.com/jobs/search?ss=1
enginesystems-kirbycorp,enginesystems-kirbycorp,https://enginesystems-kirbycorp.icims.com/jobs/search?ss=1
english-poly-america,english-poly-america,https://english-poly-america.icims.com/jobs/search?ss=1
englishcareers-bruker,englishcareers-bruker,https://englishcareers-bruker.icims.com/jobs/search?ss=1
expr-bonobos,expr-bonobos,https://expr-bonobos.icims.com/jobs/search?ss=1
external-canoncareers,external-canoncareers,https://external-canoncareers.icims.com/jobs/search?ss=1
external-careers-sodexo,external-careers-sodexo,https://external-careers-sodexo.icims.com/jobs/search?ss=1
external-corp-teldta,external-corp-teldta,https://external-corp-teldta.icims.com/jobs/search?ss=1
external-flysfo,external-flysfo,https://external-flysfo.icims.com/jobs/search?ss=1
external-generalrv,external-generalrv,https://external-generalrv.icims.com/jobs/search?ss=1
external-pccsea,external-pccsea,https://external-pccsea.icims.com/jobs/search?ss=1
external-penskemotorgroup,external-penskemotorgroup,https://external-penskemotorgroup.icims.com/jobs/search?ss=1
external-raleys,external-raleys,https://external-raleys.icims.com/jobs/search?ss=1
external-telecom-teldta,external-telecom-teldta,https://external-telecom-teldta.icims.com/jobs/search?ss=1
externalcareers-ohsu,externalcareers-ohsu,https://externalcareers-ohsu.icims.com/jobs/search?ss=1
externalhourly-highgate,externalhourly-highgate,https://externalhourly-highgate.icims.com/jobs/search?ss=1
externalhourly-innventures,externalhourly-innventures,https://externalhourly-innventures.icims.com/jobs/search?ss=1
externalhourly-omnihotels,externalhourly-omnihotels,https://externalhourly-omnihotels.icims.com/jobs/search?ss=1
externalmanagement-highgate,externalmanagement-highgate,https://externalmanagement-highgate.icims.com/jobs/search?ss=1
externalmanagement-innventures,externalmanagement-innventures,https://externalmanagement-innventures.icims.com/jobs/search?ss=1
externalmanager-omnihotels,externalmanager-omnihotels,https://externalmanager-omnihotels.icims.com/jobs/search?ss=1
facilityjobs-acadiahealthcare,facilityjobs-acadiahealthcare,https://facilityjobs-acadiahealthcare.icims.com/jobs/search?ss=1
faculty-emory,faculty-emory,https://faculty-emory.icims.com/jobs/search?ss=1
facultycareers-ohsu,facultycareers-ohsu,https://facultycareers-ohsu.icims.com/jobs/search?ss=1
facultyemployment-stthomas,facultyemployment-stthomas,https://facultyemployment-stthomas.icims.com/jobs/search?ss=1
fellowships-aidshealth,fellowships-aidshealth,https://fellowships-aidshealth.icims.com/jobs/search?ss=1
field-english-danos,field-english-danos,https://field-english-danos.icims.com/jobs/search?ss=1
fieldhourly-thefreshmarket,fieldhourly-thefreshmarket,https://fieldhourly-thefreshmarket.icims.com/jobs/search?ss=1
fr-careers-h360resources,fr-careers-h360resources,https://fr-careers-h360resources.icims.com/jobs/search?ss=1
fullservicedunn-discounttire,fullservicedunn-discounttire,https://fullservicedunn-discounttire.icims.com/jobs/search?ss=1
general-beaumonthospital,general-beaumonthospital,https://general-beaumonthospital.icims.com/jobs/search?ss=1
general-careers-curanahealth,general-careers-curanahealth,https://general-careers-curanahealth.icims.com/jobs/search?ss=1
georgiaexternal-mobisalabamallc,georgiaexternal-mobisalabamallc,https://georgiaexternal-mobisalabamallc.icims.com/jobs/search?ss=1
global-careers-aidshealth,global-careers-aidshealth,https://global-careers-aidshealth.icims.com/jobs/search?ss=1
global-sas,global-sas,https://global-sas.icims.com/jobs/search?ss=1
globalcareers-cotiviti,globalcareers-cotiviti,https://globalcareers-cotiviti.icims.com/jobs/search?ss=1
globalcareers-sas,globalcareers-sas,https://globalcareers-sas.icims.com/jobs/search?ss=1
globalcareers-ventrahealth,globalcareers-ventrahealth,https://globalcareers-ventrahealth.icims.com/jobs/search?ss=1
globalhub-amcor,globalhub-amcor,https://globalhub-amcor.icims.com/jobs/search?ss=1
graduate-roi-dawnmeats,graduate-roi-dawnmeats,https://graduate-roi-dawnmeats.icims.com/jobs/search?ss=1
headinghomecorps-ampact,headinghomecorps-ampact,https://headinghomecorps-ampact.icims.com/jobs/search?ss=1
healthcare-diversicare,healthcare-diversicare,https://healthcare-diversicare.icims.com/jobs/search?ss=1
healthcareathomejobs-en,healthcareathomejobs-en,https://healthcareathomejobs-en.icims.com/jobs/search?ss=1
hmi-harvard,hmi-harvard,https://hmi-harvard.icims.com/jobs/search?ss=1
hmsscareers-mastec,hmsscareers-mastec,https://hmsscareers-mastec.icims.com/jobs/search?ss=1
hmwcareers-mastec,hmwcareers-mastec,https://hmwcareers-mastec.icims.com/jobs/search?ss=1
homecare-hackensackmeridianhealth,homecare-hackensackmeridianhealth,https://homecare-hackensackmeridianhealth.icims.com/jobs/search?ss=1
hospital-midlandhealth,hospital-midlandhealth,https://hospital-midlandhealth.icims.com/jobs/search?ss=1
hourly-careers-waterway,hourly-careers-waterway,https://hourly-careers-waterway.icims.com/jobs/search?ss=1
hourly-goldkeyphr,hourly-goldkeyphr,https://hourly-goldkeyphr.icims.com/jobs/search?ss=1
hourly-nationalbeef,hourly-nationalbeef,https://hourly-nationalbeef.icims.com/jobs/search?ss=1
hourlycareers-na-merlinentertainments,hourlycareers-na-merlinentertainments,https://hourlycareers-na-merlinentertainments.icims.com/jobs/search?ss=1
hourlysp-nationalbeef,hourlysp-nationalbeef,https://hourlysp-nationalbeef.icims.com/jobs/search?ss=1
hqcareers-indevets,hqcareers-indevets,https://hqcareers-indevets.icims.com/jobs/search?ss=1
indiacareers-paychex,indiacareers-paychex,https://indiacareers-paychex.icims.com/jobs/search?ss=1
indonesiacareers-cabot,indonesiacareers-cabot,https://indonesiacareers-cabot.icims.com/jobs/search?ss=1
ingallsexternal-ucm,ingallsexternal-ucm,https://ingallsexternal-ucm.icims.com/jobs/search?ss=1
instructional-scsk12,instructional-scsk12,https://instructional-scsk12.icims.com/jobs/search?ss=1
intern-pplweb,intern-pplweb,https://intern-pplweb.icims.com/jobs/search?ss=1
internal-instructional-scsk12,internal-instructional-scsk12,https://internal-instructional-scsk12.icims.com/jobs/search?ss=1
internal-knowledgeservices,internal-knowledgeservices,https://internal-knowledgeservices.icims.com/jobs/search?ss=1
internal9c-eastpennmanufacturing,internal9c-eastpennmanufacturing,https://internal9c-eastpennmanufacturing.icims.com/jobs/search?ss=1
internala5-eastpennmanufacturing,internala5-eastpennmanufacturing,https://internala5-eastpennmanufacturing.icims.com/jobs/search?ss=1
internationalcareers-atlasair,internationalcareers-atlasair,https://internationalcareers-atlasair.icims.com/jobs/search?ss=1
internationalcareers-waters,internationalcareers-waters,https://internationalcareers-waters.icims.com/jobs/search?ss=1
interns-brookings,interns-brookings,https://interns-brookings.icims.com/jobs/search?ss=1
ire-erac,ire-erac,https://ire-erac.icims.com/jobs/search?ss=1
jamcareers-ibex,jamcareers-ibex,https://jamcareers-ibex.icims.com/jobs/search?ss=1
jmp-sas,jmp-sas,https://jmp-sas.icims.com/jobs/search?ss=1
jobs-accion,jobs-accion,https://jobs-accion.icims.com/jobs/search?ss=1
jobs-americanvisionpartners,jobs-americanvisionpartners,https://jobs-americanvisionpartners.icims.com/jobs/search?ss=1
jobs-consultantsjhpiego,jobs-consultantsjhpiego,https://jobs-consultantsjhpiego.icims.com/jobs/search?ss=1
jobs-donohoe,jobs-donohoe,https://jobs-donohoe.icims.com/jobs/search?ss=1
jobs-edgewoodproperties,jobs-edgewoodproperties,https://jobs-edgewoodproperties.icims.com/jobs/search?ss=1
jobs-express,jobs-express,https://jobs-express.icims.com/jobs/search?ss=1
jobs-fchp,jobs-fchp,https://jobs-fchp.icims.com/jobs/search?ss=1
jobs-fishercareers,jobs-fishercareers,https://jobs-fishercareers.icims.com/jobs/search?ss=1
jobs-fmglobal,jobs-fmglobal,https://jobs-fmglobal.icims.com/jobs/search?ss=1
jobs-getty,jobs-getty,https://jobs-getty.icims.com/jobs/search?ss=1
jobs-hopeinternational,jobs-hopeinternational,https://jobs-hopeinternational.icims.com/jobs/search?ss=1
jobs-iamempowered,jobs-iamempowered,https://jobs-iamempowered.icims.com/jobs/search?ss=1
jobs-jhpiego,jobs-jhpiego,https://jobs-jhpiego.icims.com/jobs/search?ss=1
jobs-joslin,jobs-joslin,https://jobs-joslin.icims.com/jobs/search?ss=1
jobs-kennedykrieger,jobs-kennedykrieger,https://jobs-kennedykrieger.icims.com/jobs/search?ss=1
jobs-kobrandwineandspirits,jobs-kobrandwineandspirits,https://jobs-kobrandwineandspirits.icims.com/jobs/search?ss=1
jobs-legrand,jobs-legrand,https://jobs-legrand.icims.com/jobs/search?ss=1
jobs-medcura,jobs-medcura,https://jobs-medcura.icims.com/jobs/search?ss=1
jobs-mercalis,jobs-mercalis,https://jobs-mercalis.icims.com/jobs/search?ss=1
jobs-metagenics,jobs-metagenics,https://jobs-metagenics.icims.com/jobs/search?ss=1
jobs-myvschome,jobs-myvschome,https://jobs-myvschome.icims.com/jobs/search?ss=1
jobs-openskycs,jobs-openskycs,https://jobs-openskycs.icims.com/jobs/search?ss=1
jobs-roomandboard,jobs-roomandboard,https://jobs-roomandboard.icims.com/jobs/search?ss=1
jobs-sdgoodwill,jobs-sdgoodwill,https://jobs-sdgoodwill.icims.com/jobs/search?ss=1
jobs-selectmedicalcorp,jobs-selectmedicalcorp,https://jobs-selectmedicalcorp.icims.com/jobs/search?ss=1
jobs-sierralobo,jobs-sierralobo,https://jobs-sierralobo.icims.com/jobs/search?ss=1
jobs-townandcountrymarkets,jobs-townandcountrymarkets,https://jobs-townandcountrymarkets.icims.com/jobs/search?ss=1
jobs-tradesmen,jobs-tradesmen,https://jobs-tradesmen.icims.com/jobs/search?ss=1
jobs1-spectrumhealthcare,jobs1-spectrumhealthcare,https://jobs1-spectrumhealthcare.icims.com/jobs/search?ss=1
kphcareers-kphhealthcareservices,kphcareers-kphhealthcareservices,https://kphcareers-kphhealthcareservices.icims.com/jobs/search?ss=1
lacareers-livech,lacareers-livech,https://lacareers-livech.icims.com/jobs/search?ss=1
learningexperiences-bassett,learningexperiences-bassett,https://learningexperiences-bassett.icims.com/jobs/search?ss=1
lksomphysiciancareers-temple,lksomphysiciancareers-temple,https://lksomphysiciancareers-temple.icims.com/jobs/search?ss=1
main-princeton,main-princeton,https://main-princeton.icims.com/jobs/search?ss=1
maintenancejobs-alaskaair,maintenancejobs-alaskaair,https://maintenancejobs-alaskaair.icims.com/jobs/search?ss=1
management-millersalehouse,management-millersalehouse,https://management-millersalehouse.icims.com/jobs/search?ss=1
management-redlobster,management-redlobster,https://management-redlobster.icims.com/jobs/search?ss=1
maritimecareers-kirbycorp,maritimecareers-kirbycorp,https://maritimecareers-kirbycorp.icims.com/jobs/search?ss=1
mdcareers-livech,mdcareers-livech,https://mdcareers-livech.icims.com/jobs/search?ss=1
militaryjobs-mci,militaryjobs-mci,https://militaryjobs-mci.icims.com/jobs/search?ss=1
mxcareers-lennox,mxcareers-lennox,https://mxcareers-lennox.icims.com/jobs/search?ss=1
nacareers-cabot,nacareers-cabot,https://nacareers-cabot.icims.com/jobs/search?ss=1
nanaworley-nana,nanaworley-nana,https://nanaworley-nana.icims.com/jobs/search?ss=1
nationalalamo-erac,nationalalamo-erac,https://nationalalamo-erac.icims.com/jobs/search?ss=1
non-clinical-emory,non-clinical-emory,https://non-clinical-emory.icims.com/jobs/search?ss=1
nonprovider-unitedhealthcenters,nonprovider-unitedhealthcenters,https://nonprovider-unitedhealthcenters.icims.com/jobs/search?ss=1
nurses-beaumonthospital,nurses-beaumonthospital,https://nurses-beaumonthospital.icims.com/jobs/search?ss=1
nursing-lhs,nursing-lhs,https://nursing-lhs.icims.com/jobs/search?ss=1
nursingcareers-ohsu,nursingcareers-ohsu,https://nursingcareers-ohsu.icims.com/jobs/search?ss=1
office-flaggerforce,office-flaggerforce,https://office-flaggerforce.icims.com/jobs/search?ss=1
onboarding-sodexo,onboarding-sodexo,https://onboarding-sodexo.icims.com/jobs/search?ss=1
parks-jocogov,parks-jocogov,https://parks-jocogov.icims.com/jobs/search?ss=1
phlcareers-livech,phlcareers-livech,https://phlcareers-livech.icims.com/jobs/search?ss=1
physicianjobs-sutterhealth,physicianjobs-sutterhealth,https://physicianjobs-sutterhealth.icims.com/jobs/search?ss=1
physicianservices-stlukes-stl,physicianservices-stlukes-stl,https://physicianservices-stlukes-stl.icims.com/jobs/search?ss=1
pilotjobs-alaskaair,pilotjobs-alaskaair,https://pilotjobs-alaskaair.icims.com/jobs/search?ss=1
pkexternalleadership-ibex,pkexternalleadership-ibex,https://pkexternalleadership-ibex.icims.com/jobs/search?ss=1
provider-lhs,provider-lhs,https://provider-lhs.icims.com/jobs/search?ss=1
provider-unitedhealthcenters,provider-unitedhealthcenters,https://provider-unitedhealthcenters.icims.com/jobs/search?ss=1
providers-mercyhealth,providers-mercyhealth,https://providers-mercyhealth.icims.com/jobs/search?ss=1
recovery-ampact,recovery-ampact,https://recovery-ampact.icims.com/jobs/search?ss=1
resortcareers-littlegemresorts,resortcareers-littlegemresorts,https://resortcareers-littlegemresorts.icims.com/jobs/search?ss=1
retail-segrocers,retail-segrocers,https://retail-segrocers.icims.com/jobs/search?ss=1
rncareers-ketteringhealth,rncareers-ketteringhealth,https://rncareers-ketteringhealth.icims.com/jobs/search?ss=1
savannahexternal-mobisalabamallc,savannahexternal-mobisalabamallc,https://savannahexternal-mobisalabamallc.icims.com/jobs/search?ss=1
schoolsupportapply-scsk12,schoolsupportapply-scsk12,https://schoolsupportapply-scsk12.icims.com/jobs/search?ss=1
searchcareers-omniemployment,searchcareers-omniemployment,https://searchcareers-omniemployment.icims.com/jobs/search?ss=1
securitycareers-aus,securitycareers-aus,https://securitycareers-aus.icims.com/jobs/search?ss=1
securitycareers-centerrasrs,securitycareers-centerrasrs,https://securitycareers-centerrasrs.icims.com/jobs/search?ss=1
securitycareerscanada-aus,securitycareerscanada-aus,https://securitycareerscanada-aus.icims.com/jobs/search?ss=1
service-pctedu,service-pctedu,https://service-pctedu.icims.com/jobs/search?ss=1
shorecareers-kirbycorp,shorecareers-kirbycorp,https://shorecareers-kirbycorp.icims.com/jobs/search?ss=1
spicerhaart-careers,spicerhaart-careers,https://spicerhaart-careers.icims.com/jobs/search?ss=1
staff-danos,staff-danos,https://staff-danos.icims.com/jobs/search?ss=1
staff-emory,staff-emory,https://staff-emory.icims.com/jobs/search?ss=1
staffcareers-mcguirewoods,staffcareers-mcguirewoods,https://staffcareers-mcguirewoods.icims.com/jobs/search?ss=1
staffemployment-stthomas,staffemployment-stthomas,https://staffemployment-stthomas.icims.com/jobs/search?ss=1
stewartstevenson-kirbycorp,stewartstevenson-kirbycorp,https://stewartstevenson-kirbycorp.icims.com/jobs/search?ss=1
storecareers-gpminvestments,storecareers-gpminvestments,https://storecareers-gpminvestments.icims.com/jobs/search?ss=1
storejobs-qchek,storejobs-qchek,https://storejobs-qchek.icims.com/jobs/search?ss=1
stores-na-urbn,stores-na-urbn,https://stores-na-urbn.icims.com/jobs/search?ss=1
successlink-boston,successlink-boston,https://successlink-boston.icims.com/jobs/search?ss=1
tcnycareers-touro,tcnycareers-touro,https://tcnycareers-touro.icims.com/jobs/search?ss=1
teachers-ocps,teachers-ocps,https://teachers-ocps.icims.com/jobs/search?ss=1
teammember-millersalehouse,teammember-millersalehouse,https://teammember-millersalehouse.icims.com/jobs/search?ss=1
teamworkers-tutera,teamworkers-tutera,https://teamworkers-tutera.icims.com/jobs/search?ss=1
thermoking-kirbycorp,thermoking-kirbycorp,https://thermoking-kirbycorp.icims.com/jobs/search?ss=1
thesouthbendclinic-dulyhealthandcare,thesouthbendclinic-dulyhealthandcare,https://thesouthbendclinic-dulyhealthandcare.icims.com/jobs/search?ss=1
trades-nacg,trades-nacg,https://trades-nacg.icims.com/jobs/search?ss=1
uk-erac,uk-erac,https://uk-erac.icims.com/jobs/search?ss=1
unitedcareers-kirbycorp,unitedcareers-kirbycorp,https://unitedcareers-kirbycorp.icims.com/jobs/search?ss=1
us-avisonyoung,us-avisonyoung,https://us-avisonyoung.icims.com/jobs/search?ss=1
us-erac,us-erac,https://us-erac.icims.com/jobs/search?ss=1
usa-pursuitcollection,usa-pursuitcollection,https://usa-pursuitcollection.icims.com/jobs/search?ss=1
uscareers-fujifilm,uscareers-fujifilm,https://uscareers-fujifilm.icims.com/jobs/search?ss=1
uscareers-ibex,uscareers-ibex,https://uscareers-ibex.icims.com/jobs/search?ss=1
uscareers-idemia,uscareers-idemia,https://uscareers-idemia.icims.com/jobs/search?ss=1
uscareers-kellerna,uscareers-kellerna,https://uscareers-kellerna.icims.com/jobs/search?ss=1
uscareers-lumanity,uscareers-lumanity,https://uscareers-lumanity.icims.com/jobs/search?ss=1
uscareers-nyu,uscareers-nyu,https://uscareers-nyu.icims.com/jobs/search?ss=1
uscareers-pinkerton,uscareers-pinkerton,https://uscareers-pinkerton.icims.com/jobs/search?ss=1
uscareers-repairify,uscareers-repairify,https://uscareers-repairify.icims.com/jobs/search?ss=1
uscareers-rws,uscareers-rws,https://uscareers-rws.icims.com/jobs/search?ss=1
uscareers-waters,uscareers-waters,https://uscareers-waters.icims.com/jobs/search?ss=1
uscareers-willkie,uscareers-willkie,https://uscareers-willkie.icims.com/jobs/search?ss=1
uscareers-yelp,uscareers-yelp,https://uscareers-yelp.icims.com/jobs/search?ss=1
uscareers2-asm,uscareers2-asm,https://uscareers2-asm.icims.com/jobs/search?ss=1
vendorrelations-rws,vendorrelations-rws,https://vendorrelations-rws.icims.com/jobs/search?ss=1
vertexcareers-atriumworks,vertexcareers-atriumworks,https://vertexcareers-atriumworks.icims.com/jobs/search?ss=1
volunteers-changegrowlive,volunteers-changegrowlive,https://volunteers-changegrowlive.icims.com/jobs/search?ss=1
wholesale-harborfoods,wholesale-harborfoods,https://wholesale-harborfoods.icims.com/jobs/search?ss=1
workinsightsprogramme-aon,workinsightsprogramme-aon,https://workinsightsprogramme-aon.icims.com/jobs/search?ss=1
careers-belterraandameristarsckc,careers-belterraandameristarsckc,https://careers-belterraandameristarsckc.icims.com/jobs/search?ss=1
internships-apha,internships-apha,https://internships-apha.icims.com/jobs/search?ss=1
careers-hospiceofchattanooga,careers-hospiceofchattanooga,https://careers-hospiceofchattanooga.icims.com/jobs/search?ss=1
careers-transglobal,careers-transglobal,https://careers-transglobal.icims.com/jobs/search?ss=1
careers-tmo,careers-tmo,https://careers-tmo.icims.com/jobs/search?ss=1
careers-rydon,careers-rydon,https://careers-rydon.icims.com/jobs/search?ss=1
careers-tgkauto,careers-tgkauto,https://careers-tgkauto.icims.com/jobs/search?ss=1
misterkleen-harvard,misterkleen-harvard,https://misterkleen-harvard.icims.com/jobs/search?ss=1
careers-jkmoving,careers-jkmoving,https://careers-jkmoving.icims.com/jobs/search?ss=1
careers-northwoodtechnicalcollege,careers-northwoodtechnicalcollege,https://careers-northwoodtechnicalcollege.icims.com/jobs/search?ss=1
jobs-veteransprime,jobs-veteransprime,https://jobs-veteransprime.icims.com/jobs/search?ss=1
nymccareers-touro,nymccareers-touro,https://nymccareers-touro.icims.com/jobs/search?ss=1
careers-brutonknowles,careers-brutonknowles,https://careers-brutonknowles.icims.com/jobs/search?ss=1
careers-clydeinc,careers-clydeinc,https://careers-clydeinc.icims.com/jobs/search?ss=1
careers-vetcor,careers-vetcor,https://careers-vetcor.icims.com/jobs/search?ss=1
clinicalexternal-athletico,clinicalexternal-athletico,https://clinicalexternal-athletico.icims.com/jobs/search?ss=1
healthplan-slhs,healthplan-slhs,https://healthplan-slhs.icims.com/jobs/search?ss=1
careers-chumashcareers,careers-chumashcareers,https://careers-chumashcareers.icims.com/jobs/search?ss=1
frca-careers-wow,frca-careers-wow,https://frca-careers-wow.icims.com/jobs/search?ss=1
careers-groupsrecovertogether,careers-groupsrecovertogether,https://careers-groupsrecovertogether.icims.com/jobs/search?ss=1
careersen-mackenziefinancial,careersen-mackenziefinancial,https://careersen-mackenziefinancial.icims.com/jobs/search?ss=1
bughouse-rollins,bughouse-rollins,https://bughouse-rollins.icims.com/jobs/search?ss=1
careers-osuphysicians,careers-osuphysicians,https://careers-osuphysicians.icims.com/jobs/search?ss=1
hub-warrenhenryauto,hub-warrenhenryauto,https://hub-warrenhenryauto.icims.com/jobs/search?ss=1
apac-careers-insmed,apac-careers-insmed,https://apac-careers-insmed.icims.com/jobs/search?ss=1
careers-oakhilladvisors,careers-oakhilladvisors,https://careers-oakhilladvisors.icims.com/jobs/search?ss=1
careers-wellbeseniormedical,careers-wellbeseniormedical,https://careers-wellbeseniormedical.icims.com/jobs/search?ss=1
careers-brightviewseniorliving,careers-brightviewseniorliving,https://careers-brightviewseniorliving.icims.com/jobs/search?ss=1
careers-nph,careers-nph,https://careers-nph.icims.com/jobs/search?ss=1
berlinnursingandrehab-careers-fundltc,berlinnursingandrehab-careers-fundltc,https://berlinnursingandrehab-careers-fundltc.icims.com/jobs/search?ss=1
careers-powerplan,careers-powerplan,https://careers-powerplan.icims.com/jobs/search?ss=1
careers-valiantsolutions,careers-valiantsolutions,https://careers-valiantsolutions.icims.com/jobs/search?ss=1
inuktitutcareers-baffinland,inuktitutcareers-baffinland,https://inuktitutcareers-baffinland.icims.com/jobs/search?ss=1
careers-bluesprigpediatrics,careers-bluesprigpediatrics,https://careers-bluesprigpediatrics.icims.com/jobs/search?ss=1
careers-dewberry,careers-dewberry,https://careers-dewberry.icims.com/jobs/search?ss=1
careers-insightinvestments,careers-insightinvestments,https://careers-insightinvestments.icims.com/jobs/search?ss=1
careers-longboathr,careers-longboathr,https://careers-longboathr.icims.com/jobs/search?ss=1
careers-ponyexpressstores,careers-ponyexpressstores,https://careers-ponyexpressstores.icims.com/jobs/search?ss=1
careers-seismic,careers-seismic,https://careers-seismic.icims.com/jobs/search?ss=1
careers2-anothersource,careers2-anothersource,https://careers2-anothersource.icims.com/jobs/search?ss=1
careers-calamp,careers-calamp,https://careers-calamp.icims.com/jobs/search?ss=1
careers-it-merlinentertainments,careers-it-merlinentertainments,https://careers-it-merlinentertainments.icims.com/jobs/search?ss=1
careers-pne,careers-pne,https://careers-pne.icims.com/jobs/search?ss=1
jobseurope-gep,jobseurope-gep,https://jobseurope-gep.icims.com/jobs/search?ss=1
careers-nvisioncenters,careers-nvisioncenters,https://careers-nvisioncenters.icims.com/jobs/search?ss=1
careers-de-axa,careers-de-axa,https://careers-de-axa.icims.com/jobs/search?ss=1
careers-dn-merlinentertainments,careers-dn-merlinentertainments,https://careers-dn-merlinentertainments.icims.com/jobs/search?ss=1
beitzelcareers-beitzelpillar,beitzelcareers-beitzelpillar,https://beitzelcareers-beitzelpillar.icims.com/jobs/search?ss=1
careers3-powerschool,careers3-powerschool,https://careers3-powerschool.icims.com/jobs/search?ss=1
careers-callbuck,careers-callbuck,https://careers-callbuck.icims.com/jobs/search?ss=1
careers-sjv,careers-sjv,https://careers-sjv.icims.com/jobs/search?ss=1
careers-wellingtonsteele,careers-wellingtonsteele,https://careers-wellingtonsteele.icims.com/jobs/search?ss=1
la-careers-cwsglobal,la-careers-cwsglobal,https://la-careers-cwsglobal.icims.com/jobs/search?ss=1
globalcareers-ivansinsurance,globalcareers-ivansinsurance,https://globalcareers-ivansinsurance.icims.com/jobs/search?ss=1
jobs-wellbizbrands,jobs-wellbizbrands,https://jobs-wellbizbrands.icims.com/jobs/search?ss=1
careers-jacksonhealthcare,careers-jacksonhealthcare,https://careers-jacksonhealthcare.icims.com/jobs/search?ss=1
tacareers-waters,tacareers-waters,https://tacareers-waters.icims.com/jobs/search?ss=1
careers-willardac,careers-willardac,https://careers-willardac.icims.com/jobs/search?ss=1
careersatreachire-reachire,careersatreachire-reachire,https://careersatreachire-reachire.icims.com/jobs/search?ss=1
jobs-spanopratt,jobs-spanopratt,https://jobs-spanopratt.icims.com/jobs/search?ss=1
jobs-auxis,jobs-auxis,https://jobs-auxis.icims.com/jobs/search?ss=1
careers-shamrockenviro,careers-shamrockenviro,https://careers-shamrockenviro.icims.com/jobs/search?ss=1
careers-splicepm,careers-splicepm,https://careers-splicepm.icims.com/jobs/search?ss=1
dcacareers-dentalcarealliance,dcacareers-dentalcarealliance,https://dcacareers-dentalcarealliance.icims.com/jobs/search?ss=1
iwtcareers-ads-pipe,iwtcareers-ads-pipe,https://iwtcareers-ads-pipe.icims.com/jobs/search?ss=1
careers-rosewoodranch,careers-rosewoodranch,https://careers-rosewoodranch.icims.com/jobs/search?ss=1
careers-ntpc,careers-ntpc,https://careers-ntpc.icims.com/jobs/search?ss=1
careers-sil,careers-sil,https://careers-sil.icims.com/jobs/search?ss=1
careers-leftfieldlabs,careers-leftfieldlabs,https://careers-leftfieldlabs.icims.com/jobs/search?ss=1
careers-buckeye,careers-buckeye,https://careers-buckeye.icims.com/jobs/search?ss=1
provider-slhs,provider-slhs,https://provider-slhs.icims.com/jobs/search?ss=1
thriveschool-goauto,thriveschool-goauto,https://thriveschool-goauto.icims.com/jobs/search?ss=1
careers-masterhalco,careers-masterhalco,https://careers-masterhalco.icims.com/jobs/search?ss=1
cacareers-lafarge-na,cacareers-lafarge-na,https://cacareers-lafarge-na.icims.com/jobs/search?ss=1
spcareers-americanfoodsgroup,spcareers-americanfoodsgroup,https://spcareers-americanfoodsgroup.icims.com/jobs/search?ss=1
careers-uwmcareers,careers-uwmcareers,https://careers-uwmcareers.icims.com/jobs/search?ss=1
internaljobs-choosememorial,internaljobs-choosememorial,https://internaljobs-choosememorial.icims.com/jobs/search?ss=1
careers-myacuity,careers-myacuity,https://careers-myacuity.icims.com/jobs/search?ss=1
careers-team-rehab,careers-team-rehab,https://careers-team-rehab.icims.com/jobs/search?ss=1
careers-wd40company,careers-wd40company,https://careers-wd40company.icims.com/jobs/search?ss=1
alljobs-pacesupply,alljobs-pacesupply,https://alljobs-pacesupply.icims.com/jobs/search?ss=1
careers-hcsgcorp,careers-hcsgcorp,https://careers-hcsgcorp.icims.com/jobs/search?ss=1
careers-mbpce,careers-mbpce,https://careers-mbpce.icims.com/jobs/search?ss=1
trellis-learnbehavioral,trellis-learnbehavioral,https://trellis-learnbehavioral.icims.com/jobs/search?ss=1
advancepartners-paychex,advancepartners-paychex,https://advancepartners-paychex.icims.com/jobs/search?ss=1
careers-livelmh,careers-livelmh,https://careers-livelmh.icims.com/jobs/search?ss=1
part-time-ymcanj,part-time-ymcanj,https://part-time-ymcanj.icims.com/jobs/search?ss=1
bluecrane-runway,bluecrane-runway,https://bluecrane-runway.icims.com/jobs/search?ss=1
careers-espmgmt,careers-espmgmt,https://careers-espmgmt.icims.com/jobs/search?ss=1
careers-hoganandsons,careers-hoganandsons,https://careers-hoganandsons.icims.com/jobs/search?ss=1
careers-integrityhomesolutions,careers-integrityhomesolutions,https://careers-integrityhomesolutions.icims.com/jobs/search?ss=1
careers-stellantsystems,careers-stellantsystems,https://careers-stellantsystems.icims.com/jobs/search?ss=1
external-careers-sodexomagic,external-careers-sodexomagic,https://external-careers-sodexomagic.icims.com/jobs/search?ss=1
careers-askbrinkmann,careers-askbrinkmann,https://careers-askbrinkmann.icims.com/jobs/search?ss=1
careers-nextechna,careers-nextechna,https://careers-nextechna.icims.com/jobs/search?ss=1
romaniancareers-pepsico,romaniancareers-pepsico,https://romaniancareers-pepsico.icims.com/jobs/search?ss=1
bigham-dycom,bigham-dycom,https://bigham-dycom.icims.com/jobs/search?ss=1
careers-orientaltrading,careers-orientaltrading,https://careers-orientaltrading.icims.com/jobs/search?ss=1
careers-envoyair,careers-envoyair,https://careers-envoyair.icims.com/jobs/search?ss=1
careers-gttechnologies,careers-gttechnologies,https://careers-gttechnologies.icims.com/jobs/search?ss=1
careers-marathonfund,careers-marathonfund,https://careers-marathonfund.icims.com/jobs/search?ss=1
careers-travelleaders,careers-travelleaders,https://careers-travelleaders.icims.com/jobs/search?ss=1
careers-apderm,careers-apderm,https://careers-apderm.icims.com/jobs/search?ss=1
careers-peagroup,careers-peagroup,https://careers-peagroup.icims.com/jobs/search?ss=1
reborncareers-renovo,reborncareers-renovo,https://reborncareers-renovo.icims.com/jobs/search?ss=1
aujscareers-aus,aujscareers-aus,https://aujscareers-aus.icims.com/jobs/search?ss=1
careers-pwrteams,careers-pwrteams,https://careers-pwrteams.icims.com/jobs/search?ss=1
parkdentalcareers-parkdental,parkdentalcareers-parkdental,https://parkdentalcareers-parkdental.icims.com/jobs/search?ss=1
springdalehealthcarecenter-careers-fundltc,springdalehealthcarecenter-careers-fundltc,https://springdalehealthcarecenter-careers-fundltc.icims.com/jobs/search?ss=1
careers-cambrianhomecare,careers-cambrianhomecare,https://careers-cambrianhomecare.icims.com/jobs/search?ss=1
volunteer-hospiceofthewest,volunteer-hospiceofthewest,https://volunteer-hospiceofthewest.icims.com/jobs/search?ss=1
careers-kor-cecoenviro,careers-kor-cecoenviro,https://careers-kor-cecoenviro.icims.com/jobs/search?ss=1
careers-jobyaviation,careers-jobyaviation,https://careers-jobyaviation.icims.com/jobs/search?ss=1
bibibop-charleys,bibibop-charleys,https://bibibop-charleys.icims.com/jobs/search?ss=1
careers-rfacareers,careers-rfacareers,https://careers-rfacareers.icims.com/jobs/search?ss=1
drivercareers-ads-pipe,drivercareers-ads-pipe,https://drivercareers-ads-pipe.icims.com/jobs/search?ss=1
careers-amtrustgroup,careers-amtrustgroup,https://careers-amtrustgroup.icims.com/jobs/search?ss=1
careers-appleairli,careers-appleairli,https://careers-appleairli.icims.com/jobs/search?ss=1
careers-spathesystems,careers-spathesystems,https://careers-spathesystems.icims.com/jobs/search?ss=1
ko-careers-novelis,ko-careers-novelis,https://ko-careers-novelis.icims.com/jobs/search?ss=1
lancasterhealthcenter-careers-fundltc,lancasterhealthcenter-careers-fundltc,https://lancasterhealthcenter-careers-fundltc.icims.com/jobs/search?ss=1
careers-ccsww,careers-ccsww,https://careers-ccsww.icims.com/jobs/search?ss=1
jobs-centralmarket,jobs-centralmarket,https://jobs-centralmarket.icims.com/jobs/search?ss=1
careers-abilitynetwork,careers-abilitynetwork,https://careers-abilitynetwork.icims.com/jobs/search?ss=1
mobilityfit-tptp,mobilityfit-tptp,https://mobilityfit-tptp.icims.com/jobs/search?ss=1
careers-rmrgroup,careers-rmrgroup,https://careers-rmrgroup.icims.com/jobs/search?ss=1
careers-berrydunn,careers-berrydunn,https://careers-berrydunn.icims.com/jobs/search?ss=1
careers-lorienhealth,careers-lorienhealth,https://careers-lorienhealth.icims.com/jobs/search?ss=1
careers-allnativegroup,careers-allnativegroup,https://careers-allnativegroup.icims.com/jobs/search?ss=1
careers-madeiramadeira,careers-madeiramadeira,https://careers-madeiramadeira.icims.com/jobs/search?ss=1
external-bmcjax,external-bmcjax,https://external-bmcjax.icims.com/jobs/search?ss=1
careers-municipalmanagement,careers-municipalmanagement,https://careers-municipalmanagement.icims.com/jobs/search?ss=1
careers-nl-infosupport,careers-nl-infosupport,https://careers-nl-infosupport.icims.com/jobs/search?ss=1
jobs-centerlinelogistics,jobs-centerlinelogistics,https://jobs-centerlinelogistics.icims.com/jobs/search?ss=1
careers-usecu,careers-usecu,https://careers-usecu.icims.com/jobs/search?ss=1
careers-gannettfleming,careers-gannettfleming,https://careers-gannettfleming.icims.com/jobs/search?ss=1
careers-civilianmedicaljobs,careers-civilianmedicaljobs,https://careers-civilianmedicaljobs.icims.com/jobs/search?ss=1
careers-mafuk,careers-mafuk,https://careers-mafuk.icims.com/jobs/search?ss=1
jobs-keyrehab,jobs-keyrehab,https://jobs-keyrehab.icims.com/jobs/search?ss=1
careers-atlasair,careers-atlasair,https://careers-atlasair.icims.com/jobs/search?ss=1
careers-mtfbiologics,careers-mtfbiologics,https://careers-mtfbiologics.icims.com/jobs/search?ss=1
careers-roustabout,careers-roustabout,https://careers-roustabout.icims.com/jobs/search?ss=1
hub-urbn,hub-urbn,https://hub-urbn.icims.com/jobs/search?ss=1
holidaycommunityleadership-atria,holidaycommunityleadership-atria,https://holidaycommunityleadership-atria.icims.com/jobs/search?ss=1
seasonalcareers-uk-merlinentertainments,seasonalcareers-uk-merlinentertainments,https://seasonalcareers-uk-merlinentertainments.icims.com/jobs/search?ss=1
de-careers-novelis,de-careers-novelis,https://de-careers-novelis.icims.com/jobs/search?ss=1
homelife-kphhealthcareservices,homelife-kphhealthcareservices,https://homelife-kphhealthcareservices.icims.com/jobs/search?ss=1
qsccareersemea-qsc,qsccareersemea-qsc,https://qsccareersemea-qsc.icims.com/jobs/search?ss=1
careers-ridgecresthrc,careers-ridgecresthrc,https://careers-ridgecresthrc.icims.com/jobs/search?ss=1
careers-ucpcentralpa,careers-ucpcentralpa,https://careers-ucpcentralpa.icims.com/jobs/search?ss=1
careersintl-maxlinear,careersintl-maxlinear,https://careersintl-maxlinear.icims.com/jobs/search?ss=1
careerssingapore-principal,careerssingapore-principal,https://careerssingapore-principal.icims.com/jobs/search?ss=1
campus-corgan,campus-corgan,https://campus-corgan.icims.com/jobs/search?ss=1
beaumontcareers-beaumonthospital,beaumontcareers-beaumonthospital,https://beaumontcareers-beaumonthospital.icims.com/jobs/search?ss=1
confidentialcareers-atipt,confidentialcareers-atipt,https://confidentialcareers-atipt.icims.com/jobs/search?ss=1
careers-brewers,careers-brewers,https://careers-brewers.icims.com/jobs/search?ss=1
careers20-oremorautomotive,careers20-oremorautomotive,https://careers20-oremorautomotive.icims.com/jobs/search?ss=1
careers-wrhrealty,careers-wrhrealty,https://careers-wrhrealty.icims.com/jobs/search?ss=1
lincolntechs-ims,lincolntechs-ims,https://lincolntechs-ims.icims.com/jobs/search?ss=1
volunteers-jerseystem,volunteers-jerseystem,https://volunteers-jerseystem.icims.com/jobs/search?ss=1
careers-eastwestbank,careers-eastwestbank,https://careers-eastwestbank.icims.com/jobs/search?ss=1
careers-hospiceofnorthcarolina,careers-hospiceofnorthcarolina,https://careers-hospiceofnorthcarolina.icims.com/jobs/search?ss=1
careers-nathealthcare,careers-nathealthcare,https://careers-nathealthcare.icims.com/jobs/search?ss=1
careers-oraucareers,careers-oraucareers,https://careers-oraucareers.icims.com/jobs/search?ss=1
frconfidential-se,frconfidential-se,https://frconfidential-se.icims.com/jobs/search?ss=1
careers-curtislumber,careers-curtislumber,https://careers-curtislumber.icims.com/jobs/search?ss=1
amp-uscareers,amp-uscareers,https://amp-uscareers.icims.com/jobs/search?ss=1
careers-gray,careers-gray,https://careers-gray.icims.com/jobs/search?ss=1
careers-drinkmilos,careers-drinkmilos,https://careers-drinkmilos.icims.com/jobs/search?ss=1
clinicalcareers-indevets,clinicalcareers-indevets,https://clinicalcareers-indevets.icims.com/jobs/search?ss=1
americanbancsharesmortgage-puzzlehr,americanbancsharesmortgage-puzzlehr,https://americanbancsharesmortgage-puzzlehr.icims.com/jobs/search?ss=1
careers-teksystems,careers-teksystems,https://careers-teksystems.icims.com/jobs/search?ss=1
careers-avian,careers-avian,https://careers-avian.icims.com/jobs/search?ss=1
careers-silvi,careers-silvi,https://careers-silvi.icims.com/jobs/search?ss=1
careers-hcmhcares,careers-hcmhcares,https://careers-hcmhcares.icims.com/jobs/search?ss=1
careershub-medpace,careershub-medpace,https://careershub-medpace.icims.com/jobs/search?ss=1
retailodyssey-uscareers,retailodyssey-uscareers,https://retailodyssey-uscareers.icims.com/jobs/search?ss=1
belltowerskillednursing-careers-fundltc,belltowerskillednursing-careers-fundltc,https://belltowerskillednursing-careers-fundltc.icims.com/jobs/search?ss=1
careers-ccr,careers-ccr,https://careers-ccr.icims.com/jobs/search?ss=1
careers-mpowerpractice,careers-mpowerpractice,https://careers-mpowerpractice.icims.com/jobs/search?ss=1
careers-viapath,careers-viapath,https://careers-viapath.icims.com/jobs/search?ss=1
careers-pacapts,careers-pacapts,https://careers-pacapts.icims.com/jobs/search?ss=1
jobs-childrensmercykc,jobs-childrensmercykc,https://jobs-childrensmercykc.icims.com/jobs/search?ss=1
careers-niche,careers-niche,https://careers-niche.icims.com/jobs/search?ss=1
fvphysicaltherapy-tptp,fvphysicaltherapy-tptp,https://fvphysicaltherapy-tptp.icims.com/jobs/search?ss=1
hourly-spanish-redlobster,hourly-spanish-redlobster,https://hourly-spanish-redlobster.icims.com/jobs/search?ss=1
weioffice-foundation,weioffice-foundation,https://weioffice-foundation.icims.com/jobs/search?ss=1
careers-glaciercap,careers-glaciercap,https://careers-glaciercap.icims.com/jobs/search?ss=1
staff-csuglobal,staff-csuglobal,https://staff-csuglobal.icims.com/jobs/search?ss=1
careers-geoyeti,careers-geoyeti,https://careers-geoyeti.icims.com/jobs/search?ss=1
dentalcareers-mb2dental,dentalcareers-mb2dental,https://dentalcareers-mb2dental.icims.com/jobs/search?ss=1
aswocareers-wilson,aswocareers-wilson,https://aswocareers-wilson.icims.com/jobs/search?ss=1
polywestspanish-poly-america,polywestspanish-poly-america,https://polywestspanish-poly-america.icims.com/jobs/search?ss=1
pppl-princeton,pppl-princeton,https://pppl-princeton.icims.com/jobs/search?ss=1
plant-spanish-amys,plant-spanish-amys,https://plant-spanish-amys.icims.com/jobs/search?ss=1
hub-na-urbn,hub-na-urbn,https://hub-na-urbn.icims.com/jobs/search?ss=1
jobs-rtiinc,jobs-rtiinc,https://jobs-rtiinc.icims.com/jobs/search?ss=1
careers-adlittle,careers-adlittle,https://careers-adlittle.icims.com/jobs/search?ss=1
careers-hub-phs,careers-hub-phs,https://careers-hub-phs.icims.com/jobs/search?ss=1
globalcareers-lennox,globalcareers-lennox,https://globalcareers-lennox.icims.com/jobs/search?ss=1
careers-kidscarehh,careers-kidscarehh,https://careers-kidscarehh.icims.com/jobs/search?ss=1
careers-usap,careers-usap,https://careers-usap.icims.com/jobs/search?ss=1
careers-casella,careers-casella,https://careers-casella.icims.com/jobs/search?ss=1
careers-ncfe,careers-ncfe,https://careers-ncfe.icims.com/jobs/search?ss=1
careers-pinnaclerehabstaffing,careers-pinnaclerehabstaffing,https://careers-pinnaclerehabstaffing.icims.com/jobs/search?ss=1
kansasasphalt-paveamerica,kansasasphalt-paveamerica,https://kansasasphalt-paveamerica.icims.com/jobs/search?ss=1
wiltshirefarmfoods-apetito,wiltshirefarmfoods-apetito,https://wiltshirefarmfoods-apetito.icims.com/jobs/search?ss=1
careers-ameritfleet,careers-ameritfleet,https://careers-ameritfleet.icims.com/jobs/search?ss=1
careers-carollo,careers-carollo,https://careers-carollo.icims.com/jobs/search?ss=1
careers-gdms,careers-gdms,https://careers-gdms.icims.com/jobs/search?ss=1
iapplyproviders-phs,iapplyproviders-phs,https://iapplyproviders-phs.icims.com/jobs/search?ss=1
careers-inspire-mcics,careers-inspire-mcics,https://careers-inspire-mcics.icims.com/jobs/search?ss=1
careers-aptiveresources,careers-aptiveresources,https://careers-aptiveresources.icims.com/jobs/search?ss=1
careersen-aecl,careersen-aecl,https://careersen-aecl.icims.com/jobs/search?ss=1
hallmarkhealthcarecenter-careers-fundltc,hallmarkhealthcarecenter-careers-fundltc,https://hallmarkhealthcarecenter-careers-fundltc.icims.com/jobs/search?ss=1
intl-eng-lifescan,intl-eng-lifescan,https://intl-eng-lifescan.icims.com/jobs/search?ss=1
employees-shermco,employees-shermco,https://employees-shermco.icims.com/jobs/search?ss=1
local-careers-cwsglobal,local-careers-cwsglobal,https://local-careers-cwsglobal.icims.com/jobs/search?ss=1
porter-oneworkplace,porter-oneworkplace,https://porter-oneworkplace.icims.com/jobs/search?ss=1
careers-makingspace,careers-makingspace,https://careers-makingspace.icims.com/jobs/search?ss=1
careersapply-pennentertainment,careersapply-pennentertainment,https://careersapply-pennentertainment.icims.com/jobs/search?ss=1
french-canadian-gd-ots,french-canadian-gd-ots,https://french-canadian-gd-ots.icims.com/jobs/search?ss=1
streamline-tech,streamline-tech,https://streamline-tech.icims.com/jobs/search?ss=1
horizonspecialtyhenderson-careers-fundltc,horizonspecialtyhenderson-careers-fundltc,https://horizonspecialtyhenderson-careers-fundltc.icims.com/jobs/search?ss=1
careers-aireon,careers-aireon,https://careers-aireon.icims.com/jobs/search?ss=1
careers-benefitcosmeticsuk,careers-benefitcosmeticsuk,https://careers-benefitcosmeticsuk.icims.com/jobs/search?ss=1
cretexmedicalcdt-cretex,cretexmedicalcdt-cretex,https://cretexmedicalcdt-cretex.icims.com/jobs/search?ss=1
careerseng-goauto,careerseng-goauto,https://careerseng-goauto.icims.com/jobs/search?ss=1
careers-copperknoll,careers-copperknoll,https://careers-copperknoll.icims.com/jobs/search?ss=1
hub-hochunk,hub-hochunk,https://hub-hochunk.icims.com/jobs/search?ss=1
hub-pngaming2,hub-pngaming2,https://hub-pngaming2.icims.com/jobs/search?ss=1
careers-atlantiscasino,careers-atlantiscasino,https://careers-atlantiscasino.icims.com/jobs/search?ss=1
foresthavennursingcenter-careers-fundltc,foresthavennursingcenter-careers-fundltc,https://foresthavennursingcenter-careers-fundltc.icims.com/jobs/search?ss=1
renewables-skyclimber,renewables-skyclimber,https://renewables-skyclimber.icims.com/jobs/search?ss=1
seasonalmlb-headfirstcamps,seasonalmlb-headfirstcamps,https://seasonalmlb-headfirstcamps.icims.com/jobs/search?ss=1
dominionpaving-paveamerica,dominionpaving-paveamerica,https://dominionpaving-paveamerica.icims.com/jobs/search?ss=1
careers-casademontecristo,careers-casademontecristo,https://careers-casademontecristo.icims.com/jobs/search?ss=1
careers-hendrixair,careers-hendrixair,https://careers-hendrixair.icims.com/jobs/search?ss=1
careers-transcare,careers-transcare,https://careers-transcare.icims.com/jobs/search?ss=1
thefirstcollection-thefirstgroup,thefirstcollection-thefirstgroup,https://thefirstcollection-thefirstgroup.icims.com/jobs/search?ss=1
careers-lineman,careers-lineman,https://careers-lineman.icims.com/jobs/search?ss=1
careers-goldbeltfacilitysupportservices,careers-goldbeltfacilitysupportservices,https://careers-goldbeltfacilitysupportservices.icims.com/jobs/search?ss=1
canadacareers-amd,canadacareers-amd,https://canadacareers-amd.icims.com/jobs/search?ss=1
careers2-aptean,careers2-aptean,https://careers2-aptean.icims.com/jobs/search?ss=1
careers-avionyx,careers-avionyx,https://careers-avionyx.icims.com/jobs/search?ss=1
careers-mjengineers,careers-mjengineers,https://careers-mjengineers.icims.com/jobs/search?ss=1
global-portal-ttelectronics,global-portal-ttelectronics,https://global-portal-ttelectronics.icims.com/jobs/search?ss=1
careers-emscrm,careers-emscrm,https://careers-emscrm.icims.com/jobs/search?ss=1
uscareers-pepsico,uscareers-pepsico,https://uscareers-pepsico.icims.com/jobs/search?ss=1
careers-starshieldsolutions,careers-starshieldsolutions,https://careers-starshieldsolutions.icims.com/jobs/search?ss=1
careers-frontdoor,careers-frontdoor,https://careers-frontdoor.icims.com/jobs/search?ss=1
careers-goldbeltghs,careers-goldbeltghs,https://careers-goldbeltghs.icims.com/jobs/search?ss=1
careers-repligen,careers-repligen,https://careers-repligen.icims.com/jobs/search?ss=1
uscareeropenings-alliancelaundry,uscareeropenings-alliancelaundry,https://uscareeropenings-alliancelaundry.icims.com/jobs/search?ss=1
careers-ftidefense,careers-ftidefense,https://careers-ftidefense.icims.com/jobs/search?ss=1
careers-rhperry,careers-rhperry,https://careers-rhperry.icims.com/jobs/search?ss=1
careers2-extensishr,careers2-extensishr,https://careers2-extensishr.icims.com/jobs/search?ss=1
nursing-emory,nursing-emory,https://nursing-emory.icims.com/jobs/search?ss=1
polishcareers-pepsico,polishcareers-pepsico,https://polishcareers-pepsico.icims.com/jobs/search?ss=1
careers-ideagenen,careers-ideagenen,https://careers-ideagenen.icims.com/jobs/search?ss=1
careers-kilpatricktownsend,careers-kilpatricktownsend,https://careers-kilpatricktownsend.icims.com/jobs/search?ss=1
careers-mcics,careers-mcics,https://careers-mcics.icims.com/jobs/search?ss=1
alljobs-learnbehavioral,alljobs-learnbehavioral,https://alljobs-learnbehavioral.icims.com/jobs/search?ss=1
careers-gwccap,careers-gwccap,https://careers-gwccap.icims.com/jobs/search?ss=1
careers-explorelearning,careers-explorelearning,https://careers-explorelearning.icims.com/jobs/search?ss=1
careers-nyfoundling,careers-nyfoundling,https://careers-nyfoundling.icims.com/jobs/search?ss=1
careers-ovg,careers-ovg,https://careers-ovg.icims.com/jobs/search?ss=1
careers-us-shermco,careers-us-shermco,https://careers-us-shermco.icims.com/jobs/search?ss=1
globalcampus-pepsico,globalcampus-pepsico,https://globalcampus-pepsico.icims.com/jobs/search?ss=1
canadacareers-acuren,canadacareers-acuren,https://canadacareers-acuren.icims.com/jobs/search?ss=1
careershub-tableone,careershub-tableone,https://careershub-tableone.icims.com/jobs/search?ss=1
internal-stratospherequality,internal-stratospherequality,https://internal-stratospherequality.icims.com/jobs/search?ss=1
careers-coolraytn,careers-coolraytn,https://careers-coolraytn.icims.com/jobs/search?ss=1
full-time-ymcanj,full-time-ymcanj,https://full-time-ymcanj.icims.com/jobs/search?ss=1
idccareers-canada-idg,idccareers-canada-idg,https://idccareers-canada-idg.icims.com/jobs/search?ss=1
dutch-external-prodwaredag,dutch-external-prodwaredag,https://dutch-external-prodwaredag.icims.com/jobs/search?ss=1
graysolutions-gray,graysolutions-gray,https://graysolutions-gray.icims.com/jobs/search?ss=1
careers-imgva,careers-imgva,https://careers-imgva.icims.com/jobs/search?ss=1
academiccareers-udst,academiccareers-udst,https://academiccareers-udst.icims.com/jobs/search?ss=1
enfrench-equans,enfrench-equans,https://enfrench-equans.icims.com/jobs/search?ss=1
careers-mrplumberatlanta,careers-mrplumberatlanta,https://careers-mrplumberatlanta.icims.com/jobs/search?ss=1
sipesasphaltconcrete-paveamerica,sipesasphaltconcrete-paveamerica,https://sipesasphaltconcrete-paveamerica.icims.com/jobs/search?ss=1
teamwork-ovg,teamwork-ovg,https://teamwork-ovg.icims.com/jobs/search?ss=1
careers-audtalent,careers-audtalent,https://careers-audtalent.icims.com/jobs/search?ss=1
careers-criticalstart,careers-criticalstart,https://careers-criticalstart.icims.com/jobs/search?ss=1
nwa-runway,nwa-runway,https://nwa-runway.icims.com/jobs/search?ss=1
careers-aei,careers-aei,https://careers-aei.icims.com/jobs/search?ss=1
careers-ho-chunk,careers-ho-chunk,https://careers-ho-chunk.icims.com/jobs/search?ss=1
internal-fraserhealth,internal-fraserhealth,https://internal-fraserhealth.icims.com/jobs/search?ss=1
careers-morainepark,careers-morainepark,https://careers-morainepark.icims.com/jobs/search?ss=1
internal-careers-sodexo,internal-careers-sodexo,https://internal-careers-sodexo.icims.com/jobs/search?ss=1
careers-catapultsolutions,careers-catapultsolutions,https://careers-catapultsolutions.icims.com/jobs/search?ss=1
careers-ssoe,careers-ssoe,https://careers-ssoe.icims.com/jobs/search?ss=1
distribution-alliancelaundry,distribution-alliancelaundry,https://distribution-alliancelaundry.icims.com/jobs/search?ss=1
esp-pioneermetal,esp-pioneermetal,https://esp-pioneermetal.icims.com/jobs/search?ss=1
careers-ammechanical,careers-ammechanical,https://careers-ammechanical.icims.com/jobs/search?ss=1
careers-e4health,careers-e4health,https://careers-e4health.icims.com/jobs/search?ss=1
careersus-maxlinear,careersus-maxlinear,https://careersus-maxlinear.icims.com/jobs/search?ss=1
careers-peoplepremier,careers-peoplepremier,https://careers-peoplepremier.icims.com/jobs/search?ss=1
careers-arcocanada,careers-arcocanada,https://careers-arcocanada.icims.com/jobs/search?ss=1
careers-arrowtransportation,careers-arrowtransportation,https://careers-arrowtransportation.icims.com/jobs/search?ss=1
global-creative,global-creative,https://global-creative.icims.com/jobs/search?ss=1
careers-fontainebleau,careers-fontainebleau,https://careers-fontainebleau.icims.com/jobs/search?ss=1
careers-pittohio,careers-pittohio,https://careers-pittohio.icims.com/jobs/search?ss=1
external-banffjaspercollection,external-banffjaspercollection,https://external-banffjaspercollection.icims.com/jobs/search?ss=1
publiclabel-careers,publiclabel-careers,https://publiclabel-careers.icims.com/jobs/search?ss=1
careers-primecontrols,careers-primecontrols,https://careers-primecontrols.icims.com/jobs/search?ss=1
career-realalloy,career-realalloy,https://career-realalloy.icims.com/jobs/search?ss=1
careers-liro,careers-liro,https://careers-liro.icims.com/jobs/search?ss=1
ccsking-ccsww,ccsking-ccsww,https://ccsking-ccsww.icims.com/jobs/search?ss=1
careers-sdilafarga,careers-sdilafarga,https://careers-sdilafarga.icims.com/jobs/search?ss=1
jobs-microsoft,jobs-microsoft,https://jobs-microsoft.icims.com/jobs/search?ss=1
careers-thebridgecm,careers-thebridgecm,https://careers-thebridgecm.icims.com/jobs/search?ss=1
careers-tier1,careers-tier1,https://careers-tier1.icims.com/jobs/search?ss=1
careers-gcg,careers-gcg,https://careers-gcg.icims.com/jobs/search?ss=1
glacierparkcollection-pursuit,glacierparkcollection-pursuit,https://glacierparkcollection-pursuit.icims.com/jobs/search?ss=1
warehouse-ryder,warehouse-ryder,https://warehouse-ryder.icims.com/jobs/search?ss=1
careers-lamprynearson,careers-lamprynearson,https://careers-lamprynearson.icims.com/jobs/search?ss=1
emeacareers-cecoenviro,emeacareers-cecoenviro,https://emeacareers-cecoenviro.icims.com/jobs/search?ss=1
autismspectrum-learnbehavioral,autismspectrum-learnbehavioral,https://autismspectrum-learnbehavioral.icims.com/jobs/search?ss=1
careers-kinaxis,careers-kinaxis,https://careers-kinaxis.icims.com/jobs/search?ss=1
careers-westernsouthern,careers-westernsouthern,https://careers-westernsouthern.icims.com/jobs/search?ss=1
careers4-jacksonhealthcare,careers4-jacksonhealthcare,https://careers4-jacksonhealthcare.icims.com/jobs/search?ss=1
careers-bandq,careers-bandq,https://careers-bandq.icims.com/jobs/search?ss=1
idccareers-emea-idg,idccareers-emea-idg,https://idccareers-emea-idg.icims.com/jobs/search?ss=1
external-glacierpark-viad,external-glacierpark-viad,https://external-glacierpark-viad.icims.com/jobs/search?ss=1
careers-eaglefoods,careers-eaglefoods,https://careers-eaglefoods.icims.com/jobs/search?ss=1
careers-homeimprovementjobs,careers-homeimprovementjobs,https://careers-homeimprovementjobs.icims.com/jobs/search?ss=1
careers-jsco,careers-jsco,https://careers-jsco.icims.com/jobs/search?ss=1
careers-pragermetis,careers-pragermetis,https://careers-pragermetis.icims.com/jobs/search?ss=1
careersmalaysia-principal,careersmalaysia-principal,https://careersmalaysia-principal.icims.com/jobs/search?ss=1
careers-2020companies,careers-2020companies,https://careers-2020companies.icims.com/jobs/search?ss=1
careers-ovguk,careers-ovguk,https://careers-ovguk.icims.com/jobs/search?ss=1
internationalcareers-oneadvanced,internationalcareers-oneadvanced,https://internationalcareers-oneadvanced.icims.com/jobs/search?ss=1
qsccareers-qsc,qsccareers-qsc,https://qsccareers-qsc.icims.com/jobs/search?ss=1
careers-tradeupcaliforniaregion,careers-tradeupcaliforniaregion,https://careers-tradeupcaliforniaregion.icims.com/jobs/search?ss=1
heightsfinance-curo,heightsfinance-curo,https://heightsfinance-curo.icims.com/jobs/search?ss=1
spencerbristolengineering-gray,spencerbristolengineering-gray,https://spencerbristolengineering-gray.icims.com/jobs/search?ss=1
careers-rambus,careers-rambus,https://careers-rambus.icims.com/jobs/search?ss=1
careers-robertson,careers-robertson,https://careers-robertson.icims.com/jobs/search?ss=1
element-ext-ger,element-ext-ger,https://element-ext-ger.icims.com/jobs/search?ss=1
internal-hamptonlumber,internal-hamptonlumber,https://internal-hamptonlumber.icims.com/jobs/search?ss=1
careers-astoria,careers-astoria,https://careers-astoria.icims.com/jobs/search?ss=1
careers-boothes,careers-boothes,https://careers-boothes.icims.com/jobs/search?ss=1
uscareers-hrl-gildan,uscareers-hrl-gildan,https://uscareers-hrl-gildan.icims.com/jobs/search?ss=1
careers-cooperparry,careers-cooperparry,https://careers-cooperparry.icims.com/jobs/search?ss=1
lslcareers-lslps,lslcareers-lslps,https://lslcareers-lslps.icims.com/jobs/search?ss=1
careers-hvivo,careers-hvivo,https://careers-hvivo.icims.com/jobs/search?ss=1
careers-wolfandco,careers-wolfandco,https://careers-wolfandco.icims.com/jobs/search?ss=1
careers-kvh,careers-kvh,https://careers-kvh.icims.com/jobs/search?ss=1
careers-canfieldph,careers-canfieldph,https://careers-canfieldph.icims.com/jobs/search?ss=1
uscareers-acuren,uscareers-acuren,https://uscareers-acuren.icims.com/jobs/search?ss=1
careers-southend-borough-council,careers-southend-borough-council,https://careers-southend-borough-council.icims.com/jobs/search?ss=1
candidate-thecheesecakefactory,candidate-thecheesecakefactory,https://candidate-thecheesecakefactory.icims.com/jobs/search?ss=1
internal-hcsgcorp,internal-hcsgcorp,https://internal-hcsgcorp.icims.com/jobs/search?ss=1
careers-amr,careers-amr,https://careers-amr.icims.com/jobs/search?ss=1
careers-northstaranesthesia,careers-northstaranesthesia,https://careers-northstaranesthesia.icims.com/jobs/search?ss=1
careerswebsite-consor,careerswebsite-consor,https://careerswebsite-consor.icims.com/jobs/search?ss=1
outsourcingcareers-omniemployment,outsourcingcareers-omniemployment,https://outsourcingcareers-omniemployment.icims.com/jobs/search?ss=1
theracorept-tptp,theracorept-tptp,https://theracorept-tptp.icims.com/jobs/search?ss=1
external-cbha,external-cbha,https://external-cbha.icims.com/jobs/search?ss=1
careers-expressivebeginningschildcare,careers-expressivebeginningschildcare,https://careers-expressivebeginningschildcare.icims.com/jobs/search?ss=1
careers-spanish-redcoats,careers-spanish-redcoats,https://careers-spanish-redcoats.icims.com/jobs/search?ss=1
careers-tantustech,careers-tantustech,https://careers-tantustech.icims.com/jobs/search?ss=1
external-careers-friedkin,external-careers-friedkin,https://external-careers-friedkin.icims.com/jobs/search?ss=1
ukcareers-fishercareers,ukcareers-fishercareers,https://ukcareers-fishercareers.icims.com/jobs/search?ss=1
careers-beebehealthcare,careers-beebehealthcare,https://careers-beebehealthcare.icims.com/jobs/search?ss=1
careers-texaschildrens,careers-texaschildrens,https://careers-texaschildrens.icims.com/jobs/search?ss=1
careers-goldenstepsaba,careers-goldenstepsaba,https://careers-goldenstepsaba.icims.com/jobs/search?ss=1
hourly-sircorp,hourly-sircorp,https://hourly-sircorp.icims.com/jobs/search?ss=1
careers-els-daifuku,careers-els-daifuku,https://careers-els-daifuku.icims.com/jobs/search?ss=1
careers-houstonretina,careers-houstonretina,https://careers-houstonretina.icims.com/jobs/search?ss=1
careers-smileamericapartners,careers-smileamericapartners,https://careers-smileamericapartners.icims.com/jobs/search?ss=1
aidatlanta-aidshealth,aidatlanta-aidshealth,https://aidatlanta-aidshealth.icims.com/jobs/search?ss=1
apaccareers-cecoenviro,apaccareers-cecoenviro,https://apaccareers-cecoenviro.icims.com/jobs/search?ss=1
careers-alphaomegahospice,careers-alphaomegahospice,https://careers-alphaomegahospice.icims.com/jobs/search?ss=1
composite-jobs-marvin,composite-jobs-marvin,https://composite-jobs-marvin.icims.com/jobs/search?ss=1
hourly-fotlinc,hourly-fotlinc,https://hourly-fotlinc.icims.com/jobs/search?ss=1
studentlife-lifeway,studentlife-lifeway,https://studentlife-lifeway.icims.com/jobs/search?ss=1
allstar-puzzlehr,allstar-puzzlehr,https://allstar-puzzlehr.icims.com/jobs/search?ss=1
careers-quantrics,careers-quantrics,https://careers-quantrics.icims.com/jobs/search?ss=1
careers-vanir,careers-vanir,https://careers-vanir.icims.com/jobs/search?ss=1
internal-dowa-tht,internal-dowa-tht,https://internal-dowa-tht.icims.com/jobs/search?ss=1
student-titan2,student-titan2,https://student-titan2.icims.com/jobs/search?ss=1
careers-brookhavenhospice,careers-brookhavenhospice,https://careers-brookhavenhospice.icims.com/jobs/search?ss=1
careers-dac-daifuku,careers-dac-daifuku,https://careers-dac-daifuku.icims.com/jobs/search?ss=1
employees-osuphysicians,employees-osuphysicians,https://employees-osuphysicians.icims.com/jobs/search?ss=1
careers-bags,careers-bags,https://careers-bags.icims.com/jobs/search?ss=1
careers-lewisbrisbois,careers-lewisbrisbois,https://careers-lewisbrisbois.icims.com/jobs/search?ss=1
careers-shamal,careers-shamal,https://careers-shamal.icims.com/jobs/search?ss=1
seattle-harleymarine,seattle-harleymarine,https://seattle-harleymarine.icims.com/jobs/search?ss=1
careers-crus-daifuku,careers-crus-daifuku,https://careers-crus-daifuku.icims.com/jobs/search?ss=1
careershub-prodwaredag,careershub-prodwaredag,https://careershub-prodwaredag.icims.com/jobs/search?ss=1
wallypark-tlrgc,wallypark-tlrgc,https://wallypark-tlrgc.icims.com/jobs/search?ss=1
jobs-tollbrothers,jobs-tollbrothers,https://jobs-tollbrothers.icims.com/jobs/search?ss=1
apply-servicon,apply-servicon,https://apply-servicon.icims.com/jobs/search?ss=1
careers-chordsdp,careers-chordsdp,https://careers-chordsdp.icims.com/jobs/search?ss=1
careers-hkgroup,careers-hkgroup,https://careers-hkgroup.icims.com/jobs/search?ss=1
lhinjobs-en,lhinjobs-en,https://lhinjobs-en.icims.com/jobs/search?ss=1
careers-verticalscreen,careers-verticalscreen,https://careers-verticalscreen.icims.com/jobs/search?ss=1
careers-waldeneatingdisorders,careers-waldeneatingdisorders,https://careers-waldeneatingdisorders.icims.com/jobs/search?ss=1
expleo-jobs-nl-en,expleo-jobs-nl-en,https://expleo-jobs-nl-en.icims.com/jobs/search?ss=1
cds-canada-careersfrench,cds-canada-careersfrench,https://cds-canada-careersfrench.icims.com/jobs/search?ss=1
postdoctoral-ohsu,postdoctoral-ohsu,https://postdoctoral-ohsu.icims.com/jobs/search?ss=1
sabresystems-internal,sabresystems-internal,https://sabresystems-internal.icims.com/jobs/search?ss=1
careers-eaglebankcorp,careers-eaglebankcorp,https://careers-eaglebankcorp.icims.com/jobs/search?ss=1
careers-leye,careers-leye,https://careers-leye.icims.com/jobs/search?ss=1
careersintl-hireright1,careersintl-hireright1,https://careersintl-hireright1.icims.com/jobs/search?ss=1
careers-fsg,careers-fsg,https://careers-fsg.icims.com/jobs/search?ss=1
careers-selectquote,careers-selectquote,https://careers-selectquote.icims.com/jobs/search?ss=1
referral-publicisgroupe,referral-publicisgroupe,https://referral-publicisgroupe.icims.com/jobs/search?ss=1
professionalcareers-analysisgroup,professionalcareers-analysisgroup,https://professionalcareers-analysisgroup.icims.com/jobs/search?ss=1
careers-apexservicepartners,careers-apexservicepartners,https://careers-apexservicepartners.icims.com/jobs/search?ss=1
careers-heartlandvetpartners,careers-heartlandvetpartners,https://careers-heartlandvetpartners.icims.com/jobs/search?ss=1
careers-integralfed,careers-integralfed,https://careers-integralfed.icims.com/jobs/search?ss=1
careersen-wonderbrands,careersen-wonderbrands,https://careersen-wonderbrands.icims.com/jobs/search?ss=1
careers-jetpolymer,careers-jetpolymer,https://careers-jetpolymer.icims.com/jobs/search?ss=1
rydercareers-ryder,rydercareers-ryder,https://rydercareers-ryder.icims.com/jobs/search?ss=1
careers-filtrationgroupcorp,careers-filtrationgroupcorp,https://careers-filtrationgroupcorp.icims.com/jobs/search?ss=1
internal-ovg,internal-ovg,https://internal-ovg.icims.com/jobs/search?ss=1
careers-internova,careers-internova,https://careers-internova.icims.com/jobs/search?ss=1
careers-cobbemc,careers-cobbemc,https://careers-cobbemc.icims.com/jobs/search?ss=1
careers-grinnellmutual,careers-grinnellmutual,https://careers-grinnellmutual.icims.com/jobs/search?ss=1
careers-irbyconstruction,careers-irbyconstruction,https://careers-irbyconstruction.icims.com/jobs/search?ss=1
careers-redstagfulfillment,careers-redstagfulfillment,https://careers-redstagfulfillment.icims.com/jobs/search?ss=1
careers-stardental,careers-stardental,https://careers-stardental.icims.com/jobs/search?ss=1
turkey-careers-aitworldwide,turkey-careers-aitworldwide,https://turkey-careers-aitworldwide.icims.com/jobs/search?ss=1
careers-oneidentity,careers-oneidentity,https://careers-oneidentity.icims.com/jobs/search?ss=1
careers-praxispackaging,careers-praxispackaging,https://careers-praxispackaging.icims.com/jobs/search?ss=1
hubcareers-docusign,hubcareers-docusign,https://hubcareers-docusign.icims.com/jobs/search?ss=1
magnoliamanorgreenwood-careers-fundltc,magnoliamanorgreenwood-careers-fundltc,https://magnoliamanorgreenwood-careers-fundltc.icims.com/jobs/search?ss=1
careers-rsandh,careers-rsandh,https://careers-rsandh.icims.com/jobs/search?ss=1
carrieres-sos-kd,carrieres-sos-kd,https://carrieres-sos-kd.icims.com/jobs/search?ss=1
spdecareers-jaggaer,spdecareers-jaggaer,https://spdecareers-jaggaer.icims.com/jobs/search?ss=1
careers-vulcan,careers-vulcan,https://careers-vulcan.icims.com/jobs/search?ss=1
careers-americanfoodsgroup,careers-americanfoodsgroup,https://careers-americanfoodsgroup.icims.com/jobs/search?ss=1
careers-ompimail,careers-ompimail,https://careers-ompimail.icims.com/jobs/search?ss=1
careers-patternenergy,careers-patternenergy,https://careers-patternenergy.icims.com/jobs/search?ss=1
careers-citynational,careers-citynational,https://careers-citynational.icims.com/jobs/search?ss=1
careers-orau,careers-orau,https://careers-orau.icims.com/jobs/search?ss=1
rowenglishcareers-cabot,rowenglishcareers-cabot,https://rowenglishcareers-cabot.icims.com/jobs/search?ss=1
careers-obxtek,careers-obxtek,https://careers-obxtek.icims.com/jobs/search?ss=1
careers-primeinc,careers-primeinc,https://careers-primeinc.icims.com/jobs/search?ss=1
expleo-jobs-ch-en,expleo-jobs-ch-en,https://expleo-jobs-ch-en.icims.com/jobs/search?ss=1
careers-johannafoods,careers-johannafoods,https://careers-johannafoods.icims.com/jobs/search?ss=1
careers-kyowa-kirin,careers-kyowa-kirin,https://careers-kyowa-kirin.icims.com/jobs/search?ss=1
employee-tsoln-inc,employee-tsoln-inc,https://employee-tsoln-inc.icims.com/jobs/search?ss=1
careers-americansystems,careers-americansystems,https://careers-americansystems.icims.com/jobs/search?ss=1
holiday-departmentdirectorwagedisplay,holiday-departmentdirectorwagedisplay,https://holiday-departmentdirectorwagedisplay.icims.com/jobs/search?ss=1
careers-yokohamatire,careers-yokohamatire,https://careers-yokohamatire.icims.com/jobs/search?ss=1
hrhcsacramento-hardrock,hrhcsacramento-hardrock,https://hrhcsacramento-hardrock.icims.com/jobs/search?ss=1
volunteer-legacyhospice,volunteer-legacyhospice,https://volunteer-legacyhospice.icims.com/jobs/search?ss=1
canada-geosyntec,canada-geosyntec,https://canada-geosyntec.icims.com/jobs/search?ss=1
careers-ardenthealth,careers-ardenthealth,https://careers-ardenthealth.icims.com/jobs/search?ss=1
careers-connectionsarizona,careers-connectionsarizona,https://careers-connectionsarizona.icims.com/jobs/search?ss=1
careers-wakely,careers-wakely,https://careers-wakely.icims.com/jobs/search?ss=1
events-fraserhealth,events-fraserhealth,https://events-fraserhealth.icims.com/jobs/search?ss=1
ca-careers-rivian,ca-careers-rivian,https://ca-careers-rivian.icims.com/jobs/search?ss=1
careers-overallplumbing,careers-overallplumbing,https://careers-overallplumbing.icims.com/jobs/search?ss=1
careers-zertusuk,careers-zertusuk,https://careers-zertusuk.icims.com/jobs/search?ss=1
intranet-preshomes,intranet-preshomes,https://intranet-preshomes.icims.com/jobs/search?ss=1
artemisarc-aptiveresources,artemisarc-aptiveresources,https://artemisarc-aptiveresources.icims.com/jobs/search?ss=1
careers-bigsmiles,careers-bigsmiles,https://careers-bigsmiles.icims.com/jobs/search?ss=1
frenchcareers-globalexcel,frenchcareers-globalexcel,https://frenchcareers-globalexcel.icims.com/jobs/search?ss=1
careers-healthpro-rehab,careers-healthpro-rehab,https://careers-healthpro-rehab.icims.com/jobs/search?ss=1
ca-eng-lifescan,ca-eng-lifescan,https://ca-eng-lifescan.icims.com/jobs/search?ss=1
careers-atipt,careers-atipt,https://careers-atipt.icims.com/jobs/search?ss=1
careers-sweetwatercafe,careers-sweetwatercafe,https://careers-sweetwatercafe.icims.com/jobs/search?ss=1
physiopartners-thriveptpartners,physiopartners-thriveptpartners,https://physiopartners-thriveptpartners.icims.com/jobs/search?ss=1
fugesummerstaff-lifeway,fugesummerstaff-lifeway,https://fugesummerstaff-lifeway.icims.com/jobs/search?ss=1
careers-thesydneycentre,careers-thesydneycentre,https://careers-thesydneycentre.icims.com/jobs/search?ss=1
anzcareers-delawarenorth,anzcareers-delawarenorth,https://anzcareers-delawarenorth.icims.com/jobs/search?ss=1
careers-powerforcegb,careers-powerforcegb,https://careers-powerforcegb.icims.com/jobs/search?ss=1
jobs-salessense,jobs-salessense,https://jobs-salessense.icims.com/jobs/search?ss=1
frcareers-jaggaer,frcareers-jaggaer,https://frcareers-jaggaer.icims.com/jobs/search?ss=1
careers-bluehawk,careers-bluehawk,https://careers-bluehawk.icims.com/jobs/search?ss=1
careers-explore,careers-explore,https://careers-explore.icims.com/jobs/search?ss=1
careers-univrad,careers-univrad,https://careers-univrad.icims.com/jobs/search?ss=1
volunteer-alphaomegahospice,volunteer-alphaomegahospice,https://volunteer-alphaomegahospice.icims.com/jobs/search?ss=1
careers-en-nortal,careers-en-nortal,https://careers-en-nortal.icims.com/jobs/search?ss=1
careers-osagecasino,careers-osagecasino,https://careers-osagecasino.icims.com/jobs/search?ss=1
careers-omnisource,careers-omnisource,https://careers-omnisource.icims.com/jobs/search?ss=1
internal-obhs,internal-obhs,https://internal-obhs.icims.com/jobs/search?ss=1
internal-tarian,internal-tarian,https://internal-tarian.icims.com/jobs/search?ss=1
careers-tbh-bluesprigpediatrics,careers-tbh-bluesprigpediatrics,https://careers-tbh-bluesprigpediatrics.icims.com/jobs/search?ss=1
employment-carollo,employment-carollo,https://employment-carollo.icims.com/jobs/search?ss=1
bicon-bi-conservices,bicon-bi-conservices,https://bicon-bi-conservices.icims.com/jobs/search?ss=1
internal-gov2x,internal-gov2x,https://internal-gov2x.icims.com/jobs/search?ss=1
careers-compsych,careers-compsych,https://careers-compsych.icims.com/jobs/search?ss=1
careers-sound,careers-sound,https://careers-sound.icims.com/jobs/search?ss=1
newprocareers-renovo,newprocareers-renovo,https://newprocareers-renovo.icims.com/jobs/search?ss=1
careers-osb,careers-osb,https://careers-osb.icims.com/jobs/search?ss=1
careers-walbridge,careers-walbridge,https://careers-walbridge.icims.com/jobs/search?ss=1
pittcareers-livech,pittcareers-livech,https://pittcareers-livech.icims.com/jobs/search?ss=1
careers-french-expleo-jobs,careers-french-expleo-jobs,https://careers-french-expleo-jobs.icims.com/jobs/search?ss=1
careers-lupinpharmaceuticals,careers-lupinpharmaceuticals,https://careers-lupinpharmaceuticals.icims.com/jobs/search?ss=1
karriere-prodwaredag,karriere-prodwaredag,https://karriere-prodwaredag.icims.com/jobs/search?ss=1
careers-chemtradelogistics,careers-chemtradelogistics,https://careers-chemtradelogistics.icims.com/jobs/search?ss=1
promarcareers-genusplc,promarcareers-genusplc,https://promarcareers-genusplc.icims.com/jobs/search?ss=1
volvocartechs-ims,volvocartechs-ims,https://volvocartechs-ims.icims.com/jobs/search?ss=1
careers-is-merlinentertainments,careers-is-merlinentertainments,https://careers-is-merlinentertainments.icims.com/jobs/search?ss=1
careers-nciinc,careers-nciinc,https://careers-nciinc.icims.com/jobs/search?ss=1
hub-livech,hub-livech,https://hub-livech.icims.com/jobs/search?ss=1
careers-mahaskahealth,careers-mahaskahealth,https://careers-mahaskahealth.icims.com/jobs/search?ss=1
loca-goauto,loca-goauto,https://loca-goauto.icims.com/jobs/search?ss=1
upnorthenglish-poly-america,upnorthenglish-poly-america,https://upnorthenglish-poly-america.icims.com/jobs/search?ss=1
careershk-principal,careershk-principal,https://careershk-principal.icims.com/jobs/search?ss=1
external-northamerica-expleo,external-northamerica-expleo,https://external-northamerica-expleo.icims.com/jobs/search?ss=1
faculty-csuglobal,faculty-csuglobal,https://faculty-csuglobal.icims.com/jobs/search?ss=1
careers-mafint,careers-mafint,https://careers-mafint.icims.com/jobs/search?ss=1
careers-westwoodps,careers-westwoodps,https://careers-westwoodps.icims.com/jobs/search?ss=1
hsg-harvard,hsg-harvard,https://hsg-harvard.icims.com/jobs/search?ss=1
student-titanmachinery,student-titanmachinery,https://student-titanmachinery.icims.com/jobs/search?ss=1
employees-transworldsystems,employees-transworldsystems,https://employees-transworldsystems.icims.com/jobs/search?ss=1
careers-firstrust,careers-firstrust,https://careers-firstrust.icims.com/jobs/search?ss=1
careers-singapore-cecoenviro,careers-singapore-cecoenviro,https://careers-singapore-cecoenviro.icims.com/jobs/search?ss=1
germancareers-bruker,germancareers-bruker,https://germancareers-bruker.icims.com/jobs/search?ss=1
sterlingoaksrehab-careers-fundltc,sterlingoaksrehab-careers-fundltc,https://sterlingoaksrehab-careers-fundltc.icims.com/jobs/search?ss=1
careers-essenmed,careers-essenmed,https://careers-essenmed.icims.com/jobs/search?ss=1
chinesecareers-pepsico,chinesecareers-pepsico,https://chinesecareers-pepsico.icims.com/jobs/search?ss=1
instructionalprofile-scsk12,instructionalprofile-scsk12,https://instructionalprofile-scsk12.icims.com/jobs/search?ss=1
ascensionjobs1-ascension,ascensionjobs1-ascension,https://ascensionjobs1-ascension.icims.com/jobs/search?ss=1
futurecareers-peopletec,futurecareers-peopletec,https://futurecareers-peopletec.icims.com/jobs/search?ss=1
careers-fhccgla,careers-fhccgla,https://careers-fhccgla.icims.com/jobs/search?ss=1
eurowallsys-puzzlehr,eurowallsys-puzzlehr,https://eurowallsys-puzzlehr.icims.com/jobs/search?ss=1
careers-cacu,careers-cacu,https://careers-cacu.icims.com/jobs/search?ss=1
expleo-jobs-in-en,expleo-jobs-in-en,https://expleo-jobs-in-en.icims.com/jobs/search?ss=1
careers-asnconstructors,careers-asnconstructors,https://careers-asnconstructors.icims.com/jobs/search?ss=1
careers-fastenterprises,careers-fastenterprises,https://careers-fastenterprises.icims.com/jobs/search?ss=1
careers-uscargo,careers-uscargo,https://careers-uscargo.icims.com/jobs/search?ss=1
internal-hackensackmeridianhealth,internal-hackensackmeridianhealth,https://internal-hackensackmeridianhealth.icims.com/jobs/search?ss=1
careers-blanchard,careers-blanchard,https://careers-blanchard.icims.com/jobs/search?ss=1
careers-livcor,careers-livcor,https://careers-livcor.icims.com/jobs/search?ss=1
careersindonesiapam-principal,careersindonesiapam-principal,https://careersindonesiapam-principal.icims.com/jobs/search?ss=1
asl-departmentdirectorwagedisplay,asl-departmentdirectorwagedisplay,https://asl-departmentdirectorwagedisplay.icims.com/jobs/search?ss=1
careers-goodshepherdhospice,careers-goodshepherdhospice,https://careers-goodshepherdhospice.icims.com/jobs/search?ss=1
careers-mb2dental,careers-mb2dental,https://careers-mb2dental.icims.com/jobs/search?ss=1
encorepavement-paveamerica,encorepavement-paveamerica,https://encorepavement-paveamerica.icims.com/jobs/search?ss=1
careers-flexpath,careers-flexpath,https://careers-flexpath.icims.com/jobs/search?ss=1
careers-hines,careers-hines,https://careers-hines.icims.com/jobs/search?ss=1
associatecareers-analysisgroup,associatecareers-analysisgroup,https://associatecareers-analysisgroup.icims.com/jobs/search?ss=1
careers-alliedconsultants,careers-alliedconsultants,https://careers-alliedconsultants.icims.com/jobs/search?ss=1
corporatecareers-aus,corporatecareers-aus,https://corporatecareers-aus.icims.com/jobs/search?ss=1
jobs-rbscorp,jobs-rbscorp,https://jobs-rbscorp.icims.com/jobs/search?ss=1
sp-lifescan,sp-lifescan,https://sp-lifescan.icims.com/jobs/search?ss=1
careersapply-pngaming,careersapply-pngaming,https://careersapply-pngaming.icims.com/jobs/search?ss=1
globalcareers-msci,globalcareers-msci,https://globalcareers-msci.icims.com/jobs/search?ss=1
careers-stifel,careers-stifel,https://careers-stifel.icims.com/jobs/search?ss=1
careers5-calamp,careers5-calamp,https://careers5-calamp.icims.com/jobs/search?ss=1
careers-novocardia,careers-novocardia,https://careers-novocardia.icims.com/jobs/search?ss=1
dimatixcareers-fujifilm,dimatixcareers-fujifilm,https://dimatixcareers-fujifilm.icims.com/jobs/search?ss=1
internal-bgca,internal-bgca,https://internal-bgca.icims.com/jobs/search?ss=1
playerexperience-usta,playerexperience-usta,https://playerexperience-usta.icims.com/jobs/search?ss=1
careers-haztekinc,careers-haztekinc,https://careers-haztekinc.icims.com/jobs/search?ss=1
uscareers-lennox,uscareers-lennox,https://uscareers-lennox.icims.com/jobs/search?ss=1
asiapac-aptean,asiapac-aptean,https://asiapac-aptean.icims.com/jobs/search?ss=1
careers-dohrn,careers-dohrn,https://careers-dohrn.icims.com/jobs/search?ss=1
careers-integriscommunityhospital,careers-integriscommunityhospital,https://careers-integriscommunityhospital.icims.com/jobs/search?ss=1
gsk-us-earlytalent,gsk-us-earlytalent,https://gsk-us-earlytalent.icims.com/jobs/search?ss=1
careers-bassettservices,careers-bassettservices,https://careers-bassettservices.icims.com/jobs/search?ss=1
careers-snapon,careers-snapon,https://careers-snapon.icims.com/jobs/search?ss=1
careers-assurancepower,careers-assurancepower,https://careers-assurancepower.icims.com/jobs/search?ss=1
careers-hamiltoncompany,careers-hamiltoncompany,https://careers-hamiltoncompany.icims.com/jobs/search?ss=1
careers-rocketpharma,careers-rocketpharma,https://careers-rocketpharma.icims.com/jobs/search?ss=1
careers-adstra,careers-adstra,https://careers-adstra.icims.com/jobs/search?ss=1
carreras-sos-kd,carreras-sos-kd,https://carreras-sos-kd.icims.com/jobs/search?ss=1
employees-praxispackaging,employees-praxispackaging,https://employees-praxispackaging.icims.com/jobs/search?ss=1
careers-tenderrose,careers-tenderrose,https://careers-tenderrose.icims.com/jobs/search?ss=1
faculty-clarkson,faculty-clarkson,https://faculty-clarkson.icims.com/jobs/search?ss=1
careers-adspipe,careers-adspipe,https://careers-adspipe.icims.com/jobs/search?ss=1
careers-gr8affinity,careers-gr8affinity,https://careers-gr8affinity.icims.com/jobs/search?ss=1
careers-skh,careers-skh,https://careers-skh.icims.com/jobs/search?ss=1
banffjaspercollection-pursuit,banffjaspercollection-pursuit,https://banffjaspercollection-pursuit.icims.com/jobs/search?ss=1
jobs-b3h,jobs-b3h,https://jobs-b3h.icims.com/jobs/search?ss=1
studentsandgraduates-allanmyers,studentsandgraduates-allanmyers,https://studentsandgraduates-allanmyers.icims.com/jobs/search?ss=1
careers-convergeone,careers-convergeone,https://careers-convergeone.icims.com/jobs/search?ss=1
careers-frontwavecu,careers-frontwavecu,https://careers-frontwavecu.icims.com/jobs/search?ss=1
external-kirklands,external-kirklands,https://external-kirklands.icims.com/jobs/search?ss=1
pkspaving-paveamerica,pkspaving-paveamerica,https://pkspaving-paveamerica.icims.com/jobs/search?ss=1
jobs2-spectrumhealthcare,jobs2-spectrumhealthcare,https://jobs2-spectrumhealthcare.icims.com/jobs/search?ss=1
students-heartlandvetpartners,students-heartlandvetpartners,https://students-heartlandvetpartners.icims.com/jobs/search?ss=1
canada-french-avisonyoung,canada-french-avisonyoung,https://canada-french-avisonyoung.icims.com/jobs/search?ss=1
careers-flixmedia,careers-flixmedia,https://careers-flixmedia.icims.com/jobs/search?ss=1
careers-aphl,careers-aphl,https://careers-aphl.icims.com/jobs/search?ss=1
careers-wipfliindia,careers-wipfliindia,https://careers-wipfliindia.icims.com/jobs/search?ss=1
external-storion,external-storion,https://external-storion.icims.com/jobs/search?ss=1
penncareers-pennentertainment,penncareers-pennentertainment,https://penncareers-pennentertainment.icims.com/jobs/search?ss=1
richmondva-allanmyers,richmondva-allanmyers,https://richmondva-allanmyers.icims.com/jobs/search?ss=1
careers-boydcareers,careers-boydcareers,https://careers-boydcareers.icims.com/jobs/search?ss=1
stgeorgehealthcarecenter-careers-fundltc,stgeorgehealthcarecenter-careers-fundltc,https://stgeorgehealthcarecenter-careers-fundltc.icims.com/jobs/search?ss=1
careers-bakerbrothersplumbing,careers-bakerbrothersplumbing,https://careers-bakerbrothersplumbing.icims.com/jobs/search?ss=1
careers-americancollectors,careers-americancollectors,https://careers-americancollectors.icims.com/jobs/search?ss=1
hub-hines,hub-hines,https://hub-hines.icims.com/jobs/search?ss=1
as-canada-careersfrench,as-canada-careersfrench,https://as-canada-careersfrench.icims.com/jobs/search?ss=1
careers-ropesgray,careers-ropesgray,https://careers-ropesgray.icims.com/jobs/search?ss=1
careers-alivamab,careers-alivamab,https://careers-alivamab.icims.com/jobs/search?ss=1
careers-mrn,careers-mrn,https://careers-mrn.icims.com/jobs/search?ss=1
careers-warhorsecasino,careers-warhorsecasino,https://careers-warhorsecasino.icims.com/jobs/search?ss=1
edgewoodrehab-careers-fundltc,edgewoodrehab-careers-fundltc,https://edgewoodrehab-careers-fundltc.icims.com/jobs/search?ss=1
ptcareers-energizerholdings,ptcareers-energizerholdings,https://ptcareers-energizerholdings.icims.com/jobs/search?ss=1
careers-aprilhousing,careers-aprilhousing,https://careers-aprilhousing.icims.com/jobs/search?ss=1
careers-grandbohemiancharlotte,careers-grandbohemiancharlotte,https://careers-grandbohemiancharlotte.icims.com/jobs/search?ss=1
careers-ovgcan,careers-ovgcan,https://careers-ovgcan.icims.com/jobs/search?ss=1
careers-foley,careers-foley,https://careers-foley.icims.com/jobs/search?ss=1
careers-mana,careers-mana,https://careers-mana.icims.com/jobs/search?ss=1
careers-tivityhealth,careers-tivityhealth,https://careers-tivityhealth.icims.com/jobs/search?ss=1
careershub-shure,careershub-shure,https://careershub-shure.icims.com/jobs/search?ss=1
oakbrookhealthcenter-careers-fundltc,oakbrookhealthcenter-careers-fundltc,https://oakbrookhealthcenter-careers-fundltc.icims.com/jobs/search?ss=1
careers-lgamerica,careers-lgamerica,https://careers-lgamerica.icims.com/jobs/search?ss=1
careers-encyclis,careers-encyclis,https://careers-encyclis.icims.com/jobs/search?ss=1
internal-charah,internal-charah,https://internal-charah.icims.com/jobs/search?ss=1
careers-genusplc,careers-genusplc,https://careers-genusplc.icims.com/jobs/search?ss=1
careers-sarh,careers-sarh,https://careers-sarh.icims.com/jobs/search?ss=1
careers-steinhafels,careers-steinhafels,https://careers-steinhafels.icims.com/jobs/search?ss=1
careers-vettech,careers-vettech,https://careers-vettech.icims.com/jobs/search?ss=1
careers-steampunk,careers-steampunk,https://careers-steampunk.icims.com/jobs/search?ss=1
careers-wilmingtonplc,careers-wilmingtonplc,https://careers-wilmingtonplc.icims.com/jobs/search?ss=1
communitysupport-atria,communitysupport-atria,https://communitysupport-atria.icims.com/jobs/search?ss=1
careers-indio,careers-indio,https://careers-indio.icims.com/jobs/search?ss=1
careers-plantriversidedistrict,careers-plantriversidedistrict,https://careers-plantriversidedistrict.icims.com/jobs/search?ss=1
seasonalcareers-na-merlinentertainments,seasonalcareers-na-merlinentertainments,https://seasonalcareers-na-merlinentertainments.icims.com/jobs/search?ss=1
careers-coolrayal,careers-coolrayal,https://careers-coolrayal.icims.com/jobs/search?ss=1
careersat-ohsu,careersat-ohsu,https://careersat-ohsu.icims.com/jobs/search?ss=1
employee-einstein,employee-einstein,https://employee-einstein.icims.com/jobs/search?ss=1
morannursingandrehab-careers-fundltc,morannursingandrehab-careers-fundltc,https://morannursingandrehab-careers-fundltc.icims.com/jobs/search?ss=1
careers2-nadentalgroup,careers2-nadentalgroup,https://careers2-nadentalgroup.icims.com/jobs/search?ss=1
jobs-bylight,jobs-bylight,https://jobs-bylight.icims.com/jobs/search?ss=1
jobs-cesi,jobs-cesi,https://jobs-cesi.icims.com/jobs/search?ss=1
canadacareers-asm,canadacareers-asm,https://canadacareers-asm.icims.com/jobs/search?ss=1
external-gerhards,external-gerhards,https://external-gerhards.icims.com/jobs/search?ss=1
jobs-lg-tek,jobs-lg-tek,https://jobs-lg-tek.icims.com/jobs/search?ss=1
careers-hakimgroup,careers-hakimgroup,https://careers-hakimgroup.icims.com/jobs/search?ss=1
careers-mdvip,careers-mdvip,https://careers-mdvip.icims.com/jobs/search?ss=1
careers-zierick,careers-zierick,https://careers-zierick.icims.com/jobs/search?ss=1
internal-cascade-management,internal-cascade-management,https://internal-cascade-management.icims.com/jobs/search?ss=1
careers-blupeak,careers-blupeak,https://careers-blupeak.icims.com/jobs/search?ss=1
hourly-canada-redlobster,hourly-canada-redlobster,https://hourly-canada-redlobster.icims.com/jobs/search?ss=1
worldwidecareers-bruker,worldwidecareers-bruker,https://worldwidecareers-bruker.icims.com/jobs/search?ss=1
careers-aurora-group,careers-aurora-group,https://careers-aurora-group.icims.com/jobs/search?ss=1
careers-gaynors,careers-gaynors,https://careers-gaynors.icims.com/jobs/search?ss=1
careers-hcsga,careers-hcsga,https://careers-hcsga.icims.com/jobs/search?ss=1
careers-nyitvancouver,careers-nyitvancouver,https://careers-nyitvancouver.icims.com/jobs/search?ss=1
careers-liveonny,careers-liveonny,https://careers-liveonny.icims.com/jobs/search?ss=1
jobs-middlesexsavings,jobs-middlesexsavings,https://jobs-middlesexsavings.icims.com/jobs/search?ss=1
careers-kmco,careers-kmco,https://careers-kmco.icims.com/jobs/search?ss=1
invitation-charter,invitation-charter,https://invitation-charter.icims.com/jobs/search?ss=1
jmpglobal-sas,jmpglobal-sas,https://jmpglobal-sas.icims.com/jobs/search?ss=1
careers-isystechnologies,careers-isystechnologies,https://careers-isystechnologies.icims.com/jobs/search?ss=1
careers-abacusplumbing,careers-abacusplumbing,https://careers-abacusplumbing.icims.com/jobs/search?ss=1
internationalcareers-kvh,internationalcareers-kvh,https://internationalcareers-kvh.icims.com/jobs/search?ss=1
careers-hist-hackensackmeridianhealth,careers-hist-hackensackmeridianhealth,https://careers-hist-hackensackmeridianhealth.icims.com/jobs/search?ss=1
employees-montenidoaffiliates,employees-montenidoaffiliates,https://employees-montenidoaffiliates.icims.com/jobs/search?ss=1
careers-doublestarinc,careers-doublestarinc,https://careers-doublestarinc.icims.com/jobs/search?ss=1
careers-marvin,careers-marvin,https://careers-marvin.icims.com/jobs/search?ss=1
careers-parracarcare,careers-parracarcare,https://careers-parracarcare.icims.com/jobs/search?ss=1
english-stonex,english-stonex,https://english-stonex.icims.com/jobs/search?ss=1
jobs-healtheast,jobs-healtheast,https://jobs-healtheast.icims.com/jobs/search?ss=1
aggregateindustries-lafarge-na,aggregateindustries-lafarge-na,https://aggregateindustries-lafarge-na.icims.com/jobs/search?ss=1
uganda-fhcrc,uganda-fhcrc,https://uganda-fhcrc.icims.com/jobs/search?ss=1
canada-sunriseseniorliving,canada-sunriseseniorliving,https://canada-sunriseseniorliving.icims.com/jobs/search?ss=1
careers-brookdalecc,careers-brookdalecc,https://careers-brookdalecc.icims.com/jobs/search?ss=1
careers-bruno,careers-bruno,https://careers-bruno.icims.com/jobs/search?ss=1
careers-communityoutreach,careers-communityoutreach,https://careers-communityoutreach.icims.com/jobs/search?ss=1
careers-monarchblackhawk,careers-monarchblackhawk,https://careers-monarchblackhawk.icims.com/jobs/search?ss=1
uscareershub-fujifilm,uscareershub-fujifilm,https://uscareershub-fujifilm.icims.com/jobs/search?ss=1
careers-advancial,careers-advancial,https://careers-advancial.icims.com/jobs/search?ss=1
careers2-sabresystems,careers2-sabresystems,https://careers2-sabresystems.icims.com/jobs/search?ss=1
careers-jandahvac,careers-jandahvac,https://careers-jandahvac.icims.com/jobs/search?ss=1
non-clinical-pediatrix,non-clinical-pediatrix,https://non-clinical-pediatrix.icims.com/jobs/search?ss=1
volunteer-crescenthospice,volunteer-crescenthospice,https://volunteer-crescenthospice.icims.com/jobs/search?ss=1
careers-janxntd,careers-janxntd,https://careers-janxntd.icims.com/jobs/search?ss=1
maxpotentialrehab-tptp,maxpotentialrehab-tptp,https://maxpotentialrehab-tptp.icims.com/jobs/search?ss=1
clinical-mednax,clinical-mednax,https://clinical-mednax.icims.com/jobs/search?ss=1
alliedhealth-beaumonthospital,alliedhealth-beaumonthospital,https://alliedhealth-beaumonthospital.icims.com/jobs/search?ss=1
careers-agnc,careers-agnc,https://careers-agnc.icims.com/jobs/search?ss=1
partners-damar,partners-damar,https://partners-damar.icims.com/jobs/search?ss=1
careers-coraltreehospitality,careers-coraltreehospitality,https://careers-coraltreehospitality.icims.com/jobs/search?ss=1
internal-shriners,internal-shriners,https://internal-shriners.icims.com/jobs/search?ss=1
careers-rae,careers-rae,https://careers-rae.icims.com/jobs/search?ss=1
employees-urbn,employees-urbn,https://employees-urbn.icims.com/jobs/search?ss=1
careers-fhp,careers-fhp,https://careers-fhp.icims.com/jobs/search?ss=1
careers-giftofhope,careers-giftofhope,https://careers-giftofhope.icims.com/jobs/search?ss=1
careers-prg,careers-prg,https://careers-prg.icims.com/jobs/search?ss=1
careers-daughterlycompanions,careers-daughterlycompanions,https://careers-daughterlycompanions.icims.com/jobs/search?ss=1
careers-premierbuildingsupply,careers-premierbuildingsupply,https://careers-premierbuildingsupply.icims.com/jobs/search?ss=1
employees-rockwood,employees-rockwood,https://employees-rockwood.icims.com/jobs/search?ss=1
joesautoparks-tlrgc,joesautoparks-tlrgc,https://joesautoparks-tlrgc.icims.com/jobs/search?ss=1
jobs-daa,jobs-daa,https://jobs-daa.icims.com/jobs/search?ss=1
careers-hwkaufman,careers-hwkaufman,https://careers-hwkaufman.icims.com/jobs/search?ss=1
brines-refrigeration,brines-refrigeration,https://brines-refrigeration.icims.com/jobs/search?ss=1
futureoppen-maple,futureoppen-maple,https://futureoppen-maple.icims.com/jobs/search?ss=1
oasiscareers-oasissystems,oasiscareers-oasissystems,https://oasiscareers-oasissystems.icims.com/jobs/search?ss=1
providers-phs,providers-phs,https://providers-phs.icims.com/jobs/search?ss=1
career-portal-wolfandco,career-portal-wolfandco,https://career-portal-wolfandco.icims.com/jobs/search?ss=1
careers-norcomm,careers-norcomm,https://careers-norcomm.icims.com/jobs/search?ss=1
careers-overseashaus,careers-overseashaus,https://careers-overseashaus.icims.com/jobs/search?ss=1
careers-primis,careers-primis,https://careers-primis.icims.com/jobs/search?ss=1
careers-simventions,careers-simventions,https://careers-simventions.icims.com/jobs/search?ss=1
careers-woodlandgrovehrc,careers-woodlandgrovehrc,https://careers-woodlandgrovehrc.icims.com/jobs/search?ss=1
asl-frontlinewagedisplay,asl-frontlinewagedisplay,https://asl-frontlinewagedisplay.icims.com/jobs/search?ss=1
uscareers-asm,uscareers-asm,https://uscareers-asm.icims.com/jobs/search?ss=1
careers-brandnewgalaxy,careers-brandnewgalaxy,https://careers-brandnewgalaxy.icims.com/jobs/search?ss=1
careers-sercocanada,careers-sercocanada,https://careers-sercocanada.icims.com/jobs/search?ss=1
fitnesstogether-wellbizbrands,fitnesstogether-wellbizbrands,https://fitnesstogether-wellbizbrands.icims.com/jobs/search?ss=1
korea-promega,korea-promega,https://korea-promega.icims.com/jobs/search?ss=1
careers-shockwavegenerators-generacdealers,careers-shockwavegenerators-generacdealers,https://careers-shockwavegenerators-generacdealers.icims.com/jobs/search?ss=1
interncareers-captrust,interncareers-captrust,https://interncareers-captrust.icims.com/jobs/search?ss=1
z-attracttest-nana-akima,z-attracttest-nana-akima,https://z-attracttest-nana-akima.icims.com/jobs/search?ss=1
careers-adl,careers-adl,https://careers-adl.icims.com/jobs/search?ss=1
careers-atlantarehab,careers-atlantarehab,https://careers-atlantarehab.icims.com/jobs/search?ss=1
spanish-segrocers,spanish-segrocers,https://spanish-segrocers.icims.com/jobs/search?ss=1
careers-palmerdonavin,careers-palmerdonavin,https://careers-palmerdonavin.icims.com/jobs/search?ss=1
ussalaried-generalmills,ussalaried-generalmills,https://ussalaried-generalmills.icims.com/jobs/search?ss=1
careers-gilbaneco,careers-gilbaneco,https://careers-gilbaneco.icims.com/jobs/search?ss=1
careers-peopletec,careers-peopletec,https://careers-peopletec.icims.com/jobs/search?ss=1
careers-unfcu,careers-unfcu,https://careers-unfcu.icims.com/jobs/search?ss=1
careers-inovalon,careers-inovalon,https://careers-inovalon.icims.com/jobs/search?ss=1
careers-securityusainc,careers-securityusainc,https://careers-securityusainc.icims.com/jobs/search?ss=1
careers-thefirstgroup,careers-thefirstgroup,https://careers-thefirstgroup.icims.com/jobs/search?ss=1
careers-iquwgroup,careers-iquwgroup,https://careers-iquwgroup.icims.com/jobs/search?ss=1
corporate-kesslercollection,corporate-kesslercollection,https://corporate-kesslercollection.icims.com/jobs/search?ss=1
7bar-careers-gmr,7bar-careers-gmr,https://7bar-careers-gmr.icims.com/jobs/search?ss=1
careers-concorde,careers-concorde,https://careers-concorde.icims.com/jobs/search?ss=1
careers-cultec,careers-cultec,https://careers-cultec.icims.com/jobs/search?ss=1
careers-rusnak,careers-rusnak,https://careers-rusnak.icims.com/jobs/search?ss=1
clarkcareers-ventrahealth,clarkcareers-ventrahealth,https://clarkcareers-ventrahealth.icims.com/jobs/search?ss=1
careers-cfins,careers-cfins,https://careers-cfins.icims.com/jobs/search?ss=1
dentalaffiliates-pepperpointe,dentalaffiliates-pepperpointe,https://dentalaffiliates-pepperpointe.icims.com/jobs/search?ss=1
careers-southaikenpt,careers-southaikenpt,https://careers-southaikenpt.icims.com/jobs/search?ss=1
carreras-gildan,carreras-gildan,https://carreras-gildan.icims.com/jobs/search?ss=1
globalcareers-ivans-appliedsystems,globalcareers-ivans-appliedsystems,https://globalcareers-ivans-appliedsystems.icims.com/jobs/search?ss=1
finleyasphalt-paveamerica,finleyasphalt-paveamerica,https://finleyasphalt-paveamerica.icims.com/jobs/search?ss=1
internal-repligen,internal-repligen,https://internal-repligen.icims.com/jobs/search?ss=1
us-lifescan,us-lifescan,https://us-lifescan.icims.com/jobs/search?ss=1
ca-careers-seismic,ca-careers-seismic,https://ca-careers-seismic.icims.com/jobs/search?ss=1
careers-cvpcorp,careers-cvpcorp,https://careers-cvpcorp.icims.com/jobs/search?ss=1
careers-davidsonhospitality,careers-davidsonhospitality,https://careers-davidsonhospitality.icims.com/jobs/search?ss=1
careers-lifelongmedical,careers-lifelongmedical,https://careers-lifelongmedical.icims.com/jobs/search?ss=1
spcareers-sagehospitality,spcareers-sagehospitality,https://spcareers-sagehospitality.icims.com/jobs/search?ss=1
careers-gtsx,careers-gtsx,https://careers-gtsx.icims.com/jobs/search?ss=1
hps-harvard,hps-harvard,https://hps-harvard.icims.com/jobs/search?ss=1
uscareers-oslrs,uscareers-oslrs,https://uscareers-oslrs.icims.com/jobs/search?ss=1
jobs-placeme,jobs-placeme,https://jobs-placeme.icims.com/jobs/search?ss=1
careers-axaltacs,careers-axaltacs,https://careers-axaltacs.icims.com/jobs/search?ss=1
careers-bancorpbank,careers-bancorpbank,https://careers-bancorpbank.icims.com/jobs/search?ss=1
careers-chccrew,careers-chccrew,https://careers-chccrew.icims.com/jobs/search?ss=1
careers-specialtyappliance,careers-specialtyappliance,https://careers-specialtyappliance.icims.com/jobs/search?ss=1
careers-adastragrp,careers-adastragrp,https://careers-adastragrp.icims.com/jobs/search?ss=1
careers-postacute-affiliates,careers-postacute-affiliates,https://careers-postacute-affiliates.icims.com/jobs/search?ss=1
careersus-shure,careersus-shure,https://careersus-shure.icims.com/jobs/search?ss=1
careers-comfortwave,careers-comfortwave,https://careers-comfortwave.icims.com/jobs/search?ss=1
careers-gentivahs,careers-gentivahs,https://careers-gentivahs.icims.com/jobs/search?ss=1
volunteer-hospiceofalabama,volunteer-hospiceofalabama,https://volunteer-hospiceofalabama.icims.com/jobs/search?ss=1
australia-kleinfelder,australia-kleinfelder,https://australia-kleinfelder.icims.com/jobs/search?ss=1
carolinapolyenglish-poly-america,carolinapolyenglish-poly-america,https://carolinapolyenglish-poly-america.icims.com/jobs/search?ss=1
turkishcareers-pepsico,turkishcareers-pepsico,https://turkishcareers-pepsico.icims.com/jobs/search?ss=1
daymon-uscareers,daymon-uscareers,https://daymon-uscareers.icims.com/jobs/search?ss=1
careers-cortland,careers-cortland,https://careers-cortland.icims.com/jobs/search?ss=1
craftprofessionalsmdde-allanmyers,craftprofessionalsmdde-allanmyers,https://craftprofessionalsmdde-allanmyers.icims.com/jobs/search?ss=1
eventoperations-usta,eventoperations-usta,https://eventoperations-usta.icims.com/jobs/search?ss=1
experienced-toyota-europe,experienced-toyota-europe,https://experienced-toyota-europe.icims.com/jobs/search?ss=1
careers-centricbrands,careers-centricbrands,https://careers-centricbrands.icims.com/jobs/search?ss=1
careers-mynorthsidecareer,careers-mynorthsidecareer,https://careers-mynorthsidecareer.icims.com/jobs/search?ss=1
driver-petrochoice,driver-petrochoice,https://driver-petrochoice.icims.com/jobs/search?ss=1
careers-uicalaska,careers-uicalaska,https://careers-uicalaska.icims.com/jobs/search?ss=1
careers-castlegroup,careers-castlegroup,https://careers-castlegroup.icims.com/jobs/search?ss=1
onebloodcareers-oneblood,onebloodcareers-oneblood,https://onebloodcareers-oneblood.icims.com/jobs/search?ss=1
careers-berkleycaregroup,careers-berkleycaregroup,https://careers-berkleycaregroup.icims.com/jobs/search?ss=1
careers-htceurope,careers-htceurope,https://careers-htceurope.icims.com/jobs/search?ss=1
campus-hcsgcorp,campus-hcsgcorp,https://campus-hcsgcorp.icims.com/jobs/search?ss=1
careers-embarkbh,careers-embarkbh,https://careers-embarkbh.icims.com/jobs/search?ss=1
careers-propark,careers-propark,https://careers-propark.icims.com/jobs/search?ss=1
element-ext-hub,element-ext-hub,https://element-ext-hub.icims.com/jobs/search?ss=1
ebpave-paveamerica,ebpave-paveamerica,https://ebpave-paveamerica.icims.com/jobs/search?ss=1
volunteers-americafirst,volunteers-americafirst,https://volunteers-americafirst.icims.com/jobs/search?ss=1
careers-shawmut,careers-shawmut,https://careers-shawmut.icims.com/jobs/search?ss=1
careers-sri,careers-sri,https://careers-sri.icims.com/jobs/search?ss=1
careers-carle,careers-carle,https://careers-carle.icims.com/jobs/search?ss=1
brotherspaving-paveamerica,brotherspaving-paveamerica,https://brotherspaving-paveamerica.icims.com/jobs/search?ss=1
careers-ccs-medical,careers-ccs-medical,https://careers-ccs-medical.icims.com/jobs/search?ss=1
careers-flexplath,careers-flexplath,https://careers-flexplath.icims.com/jobs/search?ss=1
careers-mambu,careers-mambu,https://careers-mambu.icims.com/jobs/search?ss=1
careers-swissport,careers-swissport,https://careers-swissport.icims.com/jobs/search?ss=1
greekcareers-pepsico,greekcareers-pepsico,https://greekcareers-pepsico.icims.com/jobs/search?ss=1
internal-sagehospitality,internal-sagehospitality,https://internal-sagehospitality.icims.com/jobs/search?ss=1
carreras-hrl-gildan,carreras-hrl-gildan,https://carreras-hrl-gildan.icims.com/jobs/search?ss=1
contractor-brightspring,contractor-brightspring,https://contractor-brightspring.icims.com/jobs/search?ss=1
externalmanagement-tableone,externalmanagement-tableone,https://externalmanagement-tableone.icims.com/jobs/search?ss=1
jobs-centralchp,jobs-centralchp,https://jobs-centralchp.icims.com/jobs/search?ss=1
propave-paveamerica,propave-paveamerica,https://propave-paveamerica.icims.com/jobs/search?ss=1
careers-locaria,careers-locaria,https://careers-locaria.icims.com/jobs/search?ss=1
careers-pyramidsystems,careers-pyramidsystems,https://careers-pyramidsystems.icims.com/jobs/search?ss=1
careers-arccorp,careers-arccorp,https://careers-arccorp.icims.com/jobs/search?ss=1
distributioncenterandlogistics-lifeway,distributioncenterandlogistics-lifeway,https://distributioncenterandlogistics-lifeway.icims.com/jobs/search?ss=1
careers-riversideresearch,careers-riversideresearch,https://careers-riversideresearch.icims.com/jobs/search?ss=1
expleo-jobs-de-de,expleo-jobs-de-de,https://expleo-jobs-de-de.icims.com/jobs/search?ss=1
careers-pvm,careers-pvm,https://careers-pvm.icims.com/jobs/search?ss=1
careers-selux,careers-selux,https://careers-selux.icims.com/jobs/search?ss=1
apac-blackhawknetwork,apac-blackhawknetwork,https://apac-blackhawknetwork.icims.com/jobs/search?ss=1
careers-bdobelgium,careers-bdobelgium,https://careers-bdobelgium.icims.com/jobs/search?ss=1
careers-encantadotech,careers-encantadotech,https://careers-encantadotech.icims.com/jobs/search?ss=1
careerportaln-vistacommunityclinic,careerportaln-vistacommunityclinic,https://careerportaln-vistacommunityclinic.icims.com/jobs/search?ss=1
internal-fontainebleau,internal-fontainebleau,https://internal-fontainebleau.icims.com/jobs/search?ss=1
careers-sharpusa,careers-sharpusa,https://careers-sharpusa.icims.com/jobs/search?ss=1
careers-mineralstech,careers-mineralstech,https://careers-mineralstech.icims.com/jobs/search?ss=1
internshipswe-adlittle,internshipswe-adlittle,https://internshipswe-adlittle.icims.com/jobs/search?ss=1
jobs-davidsonhospitality,jobs-davidsonhospitality,https://jobs-davidsonhospitality.icims.com/jobs/search?ss=1
careers-tlcmgmt,careers-tlcmgmt,https://careers-tlcmgmt.icims.com/jobs/search?ss=1
airportcenterparking-tlrgc,airportcenterparking-tlrgc,https://airportcenterparking-tlrgc.icims.com/jobs/search?ss=1
brazilcareers-cabot,brazilcareers-cabot,https://brazilcareers-cabot.icims.com/jobs/search?ss=1
careersbcps-apderm,careersbcps-apderm,https://careersbcps-apderm.icims.com/jobs/search?ss=1
careers-uwcu,careers-uwcu,https://careers-uwcu.icims.com/jobs/search?ss=1
careers-alcami,careers-alcami,https://careers-alcami.icims.com/jobs/search?ss=1
lightstreetspecialeducation-learnbehavioral,lightstreetspecialeducation-learnbehavioral,https://lightstreetspecialeducation-learnbehavioral.icims.com/jobs/search?ss=1
careers-mpr,careers-mpr,https://careers-mpr.icims.com/jobs/search?ss=1
thesafetygroup-bi-conservices,thesafetygroup-bi-conservices,https://thesafetygroup-bi-conservices.icims.com/jobs/search?ss=1
careers-bevinl-vincotte,careers-bevinl-vincotte,https://careers-bevinl-vincotte.icims.com/jobs/search?ss=1
careers-dynamicec,careers-dynamicec,https://careers-dynamicec.icims.com/jobs/search?ss=1
external-glacierparkcollection,external-glacierparkcollection,https://external-glacierparkcollection.icims.com/jobs/search?ss=1
globalflcareers-pepsico,globalflcareers-pepsico,https://globalflcareers-pepsico.icims.com/jobs/search?ss=1
careers-academyair,careers-academyair,https://careers-academyair.icims.com/jobs/search?ss=1
careers-lordabbett,careers-lordabbett,https://careers-lordabbett.icims.com/jobs/search?ss=1
careers-wwclyde,careers-wwclyde,https://careers-wwclyde.icims.com/jobs/search?ss=1
clinical-pediatrix,clinical-pediatrix,https://clinical-pediatrix.icims.com/jobs/search?ss=1
nationalpavementpartners-paveamerica,nationalpavementpartners-paveamerica,https://nationalpavementpartners-paveamerica.icims.com/jobs/search?ss=1
careers-ers,careers-ers,https://careers-ers.icims.com/jobs/search?ss=1
careers-watchguard247,careers-watchguard247,https://careers-watchguard247.icims.com/jobs/search?ss=1
careers-svh,careers-svh,https://careers-svh.icims.com/jobs/search?ss=1
pavilionatcreekwood-careers-fundltc,pavilionatcreekwood-careers-fundltc,https://pavilionatcreekwood-careers-fundltc.icims.com/jobs/search?ss=1
uscareers-lewisenergy,uscareers-lewisenergy,https://uscareers-lewisenergy.icims.com/jobs/search?ss=1
careers-levelupllc,careers-levelupllc,https://careers-levelupllc.icims.com/jobs/search?ss=1
career-oceansideserviceinc,career-oceansideserviceinc,https://career-oceansideserviceinc.icims.com/jobs/search?ss=1
careers-phc,careers-phc,https://careers-phc.icims.com/jobs/search?ss=1
atlanticdetroitdieselallison-kirbycorp,atlanticdetroitdieselallison-kirbycorp,https://atlanticdetroitdieselallison-kirbycorp.icims.com/jobs/search?ss=1
careers-islandmechanicalgroup,careers-islandmechanicalgroup,https://careers-islandmechanicalgroup.icims.com/jobs/search?ss=1
internal-footlocker,internal-footlocker,https://internal-footlocker.icims.com/jobs/search?ss=1
careers-ishpi,careers-ishpi,https://careers-ishpi.icims.com/jobs/search?ss=1
careers-beyondsoft,careers-beyondsoft,https://careers-beyondsoft.icims.com/jobs/search?ss=1
careers-circare,careers-circare,https://careers-circare.icims.com/jobs/search?ss=1
careers-homecareassistance,careers-homecareassistance,https://careers-homecareassistance.icims.com/jobs/search?ss=1
reentryservices-geogroup,reentryservices-geogroup,https://reentryservices-geogroup.icims.com/jobs/search?ss=1
careers-axient,careers-axient,https://careers-axient.icims.com/jobs/search?ss=1
seasonalhf-headfirstcamps,seasonalhf-headfirstcamps,https://seasonalhf-headfirstcamps.icims.com/jobs/search?ss=1
careers-mayvl,careers-mayvl,https://careers-mayvl.icims.com/jobs/search?ss=1
careers-northtech,careers-northtech,https://careers-northtech.icims.com/jobs/search?ss=1
careersen-fountaintire,careersen-fountaintire,https://careersen-fountaintire.icims.com/jobs/search?ss=1
graduate-toyota-europe,graduate-toyota-europe,https://graduate-toyota-europe.icims.com/jobs/search?ss=1
joesairportparking-tlrgc,joesairportparking-tlrgc,https://joesairportparking-tlrgc.icims.com/jobs/search?ss=1
globalhub-berryglobal,globalhub-berryglobal,https://globalhub-berryglobal.icims.com/jobs/search?ss=1
magnoliamanorrockhill-careers-fundltc,magnoliamanorrockhill-careers-fundltc,https://magnoliamanorrockhill-careers-fundltc.icims.com/jobs/search?ss=1
miravistacourt-careers-fundltc,miravistacourt-careers-fundltc,https://miravistacourt-careers-fundltc.icims.com/jobs/search?ss=1
careers-ntrepidcorp,careers-ntrepidcorp,https://careers-ntrepidcorp.icims.com/jobs/search?ss=1
careers-centralmarket,careers-centralmarket,https://careers-centralmarket.icims.com/jobs/search?ss=1
careers-country-fair,careers-country-fair,https://careers-country-fair.icims.com/jobs/search?ss=1
careers-lhbcorp,careers-lhbcorp,https://careers-lhbcorp.icims.com/jobs/search?ss=1
careers-altorfer,careers-altorfer,https://careers-altorfer.icims.com/jobs/search?ss=1
adm-alliancelaundry,adm-alliancelaundry,https://adm-alliancelaundry.icims.com/jobs/search?ss=1
careers-macny,careers-macny,https://careers-macny.icims.com/jobs/search?ss=1
faithhealthcentersnf-careers-fundltc,faithhealthcentersnf-careers-fundltc,https://faithhealthcentersnf-careers-fundltc.icims.com/jobs/search?ss=1
ecpi-emory,ecpi-emory,https://ecpi-emory.icims.com/jobs/search?ss=1
external-ascendfcu,external-ascendfcu,https://external-ascendfcu.icims.com/jobs/search?ss=1
phlcareers-ohsu,phlcareers-ohsu,https://phlcareers-ohsu.icims.com/jobs/search?ss=1
careers-stapharma,careers-stapharma,https://careers-stapharma.icims.com/jobs/search?ss=1
expleo-jobs-be-en,expleo-jobs-be-en,https://expleo-jobs-be-en.icims.com/jobs/search?ss=1
research-princeton,research-princeton,https://research-princeton.icims.com/jobs/search?ss=1
ukrainiancareers-pepsico,ukrainiancareers-pepsico,https://ukrainiancareers-pepsico.icims.com/jobs/search?ss=1
careers2-northstaranesthesia,careers2-northstaranesthesia,https://careers2-northstaranesthesia.icims.com/jobs/search?ss=1
emeacareers-lumanity,emeacareers-lumanity,https://emeacareers-lumanity.icims.com/jobs/search?ss=1
incareers-cfins,incareers-cfins,https://incareers-cfins.icims.com/jobs/search?ss=1
industryuseng-ms,industryuseng-ms,https://industryuseng-ms.icims.com/jobs/search?ss=1
careers-channellandsonsac,careers-channellandsonsac,https://careers-channellandsonsac.icims.com/jobs/search?ss=1
careers-grandbohemianorlando,careers-grandbohemianorlando,https://careers-grandbohemianorlando.icims.com/jobs/search?ss=1
careers-ccwestmi,careers-ccwestmi,https://careers-ccwestmi.icims.com/jobs/search?ss=1
carolinapolywestminsterenglish-poly-america,carolinapolywestminsterenglish-poly-america,https://carolinapolywestminsterenglish-poly-america.icims.com/jobs/search?ss=1
careers-tireworks,careers-tireworks,https://careers-tireworks.icims.com/jobs/search?ss=1
careers-tsne,careers-tsne,https://careers-tsne.icims.com/jobs/search?ss=1
careers-reliant-rehab,careers-reliant-rehab,https://careers-reliant-rehab.icims.com/jobs/search?ss=1
career-schwab,career-schwab,https://career-schwab.icims.com/jobs/search?ss=1
careers-salemmedia,careers-salemmedia,https://careers-salemmedia.icims.com/jobs/search?ss=1
uscareers-bruker,uscareers-bruker,https://uscareers-bruker.icims.com/jobs/search?ss=1
careers-fr-soitec,careers-fr-soitec,https://careers-fr-soitec.icims.com/jobs/search?ss=1
careers-technicalassociates,careers-technicalassociates,https://careers-technicalassociates.icims.com/jobs/search?ss=1
careers-zemitek,careers-zemitek,https://careers-zemitek.icims.com/jobs/search?ss=1
enusapply-danone,enusapply-danone,https://enusapply-danone.icims.com/jobs/search?ss=1
hub-princeton,hub-princeton,https://hub-princeton.icims.com/jobs/search?ss=1
healthcareathomejobs-fr,healthcareathomejobs-fr,https://healthcareathomejobs-fr.icims.com/jobs/search?ss=1
careers-lighthousehospice,careers-lighthousehospice,https://careers-lighthousehospice.icims.com/jobs/search?ss=1
expleo-jobs-uk,expleo-jobs-uk,https://expleo-jobs-uk.icims.com/jobs/search?ss=1
unifyenergysolutions-puzzlehr,unifyenergysolutions-puzzlehr,https://unifyenergysolutions-puzzlehr.icims.com/jobs/search?ss=1
careersger-itt-inc,careersger-itt-inc,https://careersger-itt-inc.icims.com/jobs/search?ss=1
careers-pctedu,careers-pctedu,https://careers-pctedu.icims.com/jobs/search?ss=1
lakeemorypostacutecare-careers-fundltc,lakeemorypostacutecare-careers-fundltc,https://lakeemorypostacutecare-careers-fundltc.icims.com/jobs/search?ss=1
careers-anothersource,careers-anothersource,https://careers-anothersource.icims.com/jobs/search?ss=1
careers-americanbuildsupply,careers-americanbuildsupply,https://careers-americanbuildsupply.icims.com/jobs/search?ss=1
jobs-dmestatestaffing,jobs-dmestatestaffing,https://jobs-dmestatestaffing.icims.com/jobs/search?ss=1
careers-friendshipschools,careers-friendshipschools,https://careers-friendshipschools.icims.com/jobs/search?ss=1
careers-nz-merlinentertainments,careers-nz-merlinentertainments,https://careers-nz-merlinentertainments.icims.com/jobs/search?ss=1
internal-heart,internal-heart,https://internal-heart.icims.com/jobs/search?ss=1
careers-loancareservicing,careers-loancareservicing,https://careers-loancareservicing.icims.com/jobs/search?ss=1
external-dillon,external-dillon,https://external-dillon.icims.com/jobs/search?ss=1
us-careers-verathon,us-careers-verathon,https://us-careers-verathon.icims.com/jobs/search?ss=1
careers-onbrand24,careers-onbrand24,https://careers-onbrand24.icims.com/jobs/search?ss=1
amazinglashstudio-wellbizbrands,amazinglashstudio-wellbizbrands,https://amazinglashstudio-wellbizbrands.icims.com/jobs/search?ss=1
careers-mjhs,careers-mjhs,https://careers-mjhs.icims.com/jobs/search?ss=1
careers-centrastate,careers-centrastate,https://careers-centrastate.icims.com/jobs/search?ss=1
shsingapore-qualifiedlawyercareers-shlegal,shsingapore-qualifiedlawyercareers-shlegal,https://shsingapore-qualifiedlawyercareers-shlegal.icims.com/jobs/search?ss=1
careers-tcnb,careers-tcnb,https://careers-tcnb.icims.com/jobs/search?ss=1
careers-tohaas,careers-tohaas,https://careers-tohaas.icims.com/jobs/search?ss=1
careers-veic,careers-veic,https://careers-veic.icims.com/jobs/search?ss=1
australia-geosyntec,australia-geosyntec,https://australia-geosyntec.icims.com/jobs/search?ss=1
careers-christiancare,careers-christiancare,https://careers-christiancare.icims.com/jobs/search?ss=1
f2fcareers-msf,f2fcareers-msf,https://f2fcareers-msf.icims.com/jobs/search?ss=1
kineticptinstitute-tptp,kineticptinstitute-tptp,https://kineticptinstitute-tptp.icims.com/jobs/search?ss=1
careers-unisonglobal,careers-unisonglobal,https://careers-unisonglobal.icims.com/jobs/search?ss=1
careershub-highgate,careershub-highgate,https://careershub-highgate.icims.com/jobs/search?ss=1
careers-sos-kd,careers-sos-kd,https://careers-sos-kd.icims.com/jobs/search?ss=1
carrieres-nl-promosapiens,carrieres-nl-promosapiens,https://carrieres-nl-promosapiens.icims.com/jobs/search?ss=1
clinical-usap,clinical-usap,https://clinical-usap.icims.com/jobs/search?ss=1
drive4us-commtrans,drive4us-commtrans,https://drive4us-commtrans.icims.com/jobs/search?ss=1
ehccareers-emory,ehccareers-emory,https://ehccareers-emory.icims.com/jobs/search?ss=1
careers-premierptupstate,careers-premierptupstate,https://careers-premierptupstate.icims.com/jobs/search?ss=1
careers-usaarealestatecareers,careers-usaarealestatecareers,https://careers-usaarealestatecareers.icims.com/jobs/search?ss=1
careers-betterhealthgroup,careers-betterhealthgroup,https://careers-betterhealthgroup.icims.com/jobs/search?ss=1
careers-gd-ais,careers-gd-ais,https://careers-gd-ais.icims.com/jobs/search?ss=1
nursingcareers-bayfronthealth,nursingcareers-bayfronthealth,https://nursingcareers-bayfronthealth.icims.com/jobs/search?ss=1
careers-heritagehomeservice,careers-heritagehomeservice,https://careers-heritagehomeservice.icims.com/jobs/search?ss=1
germancareers-pepsico,germancareers-pepsico,https://germancareers-pepsico.icims.com/jobs/search?ss=1
bridgecrestsuites-careers-fundltc,bridgecrestsuites-careers-fundltc,https://bridgecrestsuites-careers-fundltc.icims.com/jobs/search?ss=1
careers-essc,careers-essc,https://careers-essc.icims.com/jobs/search?ss=1
careers-hamiltonstorage,careers-hamiltonstorage,https://careers-hamiltonstorage.icims.com/jobs/search?ss=1
employees-argonmedical,employees-argonmedical,https://employees-argonmedical.icims.com/jobs/search?ss=1
careers-fdcorpcan,careers-fdcorpcan,https://careers-fdcorpcan.icims.com/jobs/search?ss=1
careers-pridemechanicalllc,careers-pridemechanicalllc,https://careers-pridemechanicalllc.icims.com/jobs/search?ss=1
laguardiacareers-vantageairportgroup,laguardiacareers-vantageairportgroup,https://laguardiacareers-vantageairportgroup.icims.com/jobs/search?ss=1
career-serviceone,career-serviceone,https://career-serviceone.icims.com/jobs/search?ss=1
careers-yptc,careers-yptc,https://careers-yptc.icims.com/jobs/search?ss=1
careers-frontierhospice,careers-frontierhospice,https://careers-frontierhospice.icims.com/jobs/search?ss=1
jobs-crossglobe,jobs-crossglobe,https://jobs-crossglobe.icims.com/jobs/search?ss=1
careercenter-boston,careercenter-boston,https://careercenter-boston.icims.com/jobs/search?ss=1
careers-superiorcomfortinc,careers-superiorcomfortinc,https://careers-superiorcomfortinc.icims.com/jobs/search?ss=1
careers-wforce,careers-wforce,https://careers-wforce.icims.com/jobs/search?ss=1
sanjac-kirbycorp,sanjac-kirbycorp,https://sanjac-kirbycorp.icims.com/jobs/search?ss=1
careers-bdsmktg,careers-bdsmktg,https://careers-bdsmktg.icims.com/jobs/search?ss=1
careers-cecinc,careers-cecinc,https://careers-cecinc.icims.com/jobs/search?ss=1
easyapply-realalloy,easyapply-realalloy,https://easyapply-realalloy.icims.com/jobs/search?ss=1
ger-erac,ger-erac,https://ger-erac.icims.com/jobs/search?ss=1
careers-ideagenus,careers-ideagenus,https://careers-ideagenus.icims.com/jobs/search?ss=1
careers-teksynap,careers-teksynap,https://careers-teksynap.icims.com/jobs/search?ss=1
careers-imaginecommunications,careers-imaginecommunications,https://careers-imaginecommunications.icims.com/jobs/search?ss=1
careers-rws,careers-rws,https://careers-rws.icims.com/jobs/search?ss=1
all-careers-clydeinc,all-careers-clydeinc,https://all-careers-clydeinc.icims.com/jobs/search?ss=1
careers-empiricalfoods,careers-empiricalfoods,https://careers-empiricalfoods.icims.com/jobs/search?ss=1
spcareers-energizerholdings,spcareers-energizerholdings,https://spcareers-energizerholdings.icims.com/jobs/search?ss=1
nsscareers-chugach,nsscareers-chugach,https://nsscareers-chugach.icims.com/jobs/search?ss=1
careers-heliohealth,careers-heliohealth,https://careers-heliohealth.icims.com/jobs/search?ss=1
careers-kinnerton,careers-kinnerton,https://careers-kinnerton.icims.com/jobs/search?ss=1
federal-coalfire,federal-coalfire,https://federal-coalfire.icims.com/jobs/search?ss=1
careers-chenega,careers-chenega,https://careers-chenega.icims.com/jobs/search?ss=1
careers-lw,careers-lw,https://careers-lw.icims.com/jobs/search?ss=1
consultant-creative,consultant-creative,https://consultant-creative.icims.com/jobs/search?ss=1
englishcareers-bartlett,englishcareers-bartlett,https://englishcareers-bartlett.icims.com/jobs/search?ss=1
careers-premierdentistpartners,careers-premierdentistpartners,https://careers-premierdentistpartners.icims.com/jobs/search?ss=1
careers-riyadhair,careers-riyadhair,https://careers-riyadhair.icims.com/jobs/search?ss=1
careers-apetito,careers-apetito,https://careers-apetito.icims.com/jobs/search?ss=1
careers-amyx,careers-amyx,https://careers-amyx.icims.com/jobs/search?ss=1
careers-supportuw,careers-supportuw,https://careers-supportuw.icims.com/jobs/search?ss=1
expleo-jobs-us-en,expleo-jobs-us-en,https://expleo-jobs-us-en.icims.com/jobs/search?ss=1
summerimpactcorps-readingmathcorps,summerimpactcorps-readingmathcorps,https://summerimpactcorps-readingmathcorps.icims.com/jobs/search?ss=1
synchronypharmacy-opportunities-trilogyhs,synchronypharmacy-opportunities-trilogyhs,https://synchronypharmacy-opportunities-trilogyhs.icims.com/jobs/search?ss=1
analystcareers-analysisgroup,analystcareers-analysisgroup,https://analystcareers-analysisgroup.icims.com/jobs/search?ss=1
careers-cmhshealth,careers-cmhshealth,https://careers-cmhshealth.icims.com/jobs/search?ss=1
careers-eecruz,careers-eecruz,https://careers-eecruz.icims.com/jobs/search?ss=1
careers-naphcare,careers-naphcare,https://careers-naphcare.icims.com/jobs/search?ss=1
jolleyacreshealthcarecenter-careers-fundltc,jolleyacreshealthcarecenter-careers-fundltc,https://jolleyacreshealthcarecenter-careers-fundltc.icims.com/jobs/search?ss=1
de-lifescan,de-lifescan,https://de-lifescan.icims.com/jobs/search?ss=1
idccareers-idg,idccareers-idg,https://idccareers-idg.icims.com/jobs/search?ss=1
careers-bergaila,careers-bergaila,https://careers-bergaila.icims.com/jobs/search?ss=1
careers-superioraluminumalloys,careers-superioraluminumalloys,https://careers-superioraluminumalloys.icims.com/jobs/search?ss=1
careers-aphage,careers-aphage,https://careers-aphage.icims.com/jobs/search?ss=1
careers-encorefireprotection,careers-encorefireprotection,https://careers-encorefireprotection.icims.com/jobs/search?ss=1
careers-citrin,careers-citrin,https://careers-citrin.icims.com/jobs/search?ss=1
careers-sureway,careers-sureway,https://careers-sureway.icims.com/jobs/search?ss=1
careers-westernmilling,careers-westernmilling,https://careers-westernmilling.icims.com/jobs/search?ss=1
idccareers-apac-idg,idccareers-apac-idg,https://idccareers-apac-idg.icims.com/jobs/search?ss=1
careers-titansecurity,careers-titansecurity,https://careers-titansecurity.icims.com/jobs/search?ss=1
intern-careers-ovg,intern-careers-ovg,https://intern-careers-ovg.icims.com/jobs/search?ss=1
careers-americanhouse,careers-americanhouse,https://careers-americanhouse.icims.com/jobs/search?ss=1
careers-berryglobal,careers-berryglobal,https://careers-berryglobal.icims.com/jobs/search?ss=1
jobs-alpa,jobs-alpa,https://jobs-alpa.icims.com/jobs/search?ss=1
us-careers-beyondsoft,us-careers-beyondsoft,https://us-careers-beyondsoft.icims.com/jobs/search?ss=1
careers-prmg,careers-prmg,https://careers-prmg.icims.com/jobs/search?ss=1
centrikidsummerstaff-lifeway,centrikidsummerstaff-lifeway,https://centrikidsummerstaff-lifeway.icims.com/jobs/search?ss=1
careers-taylorguitars,careers-taylorguitars,https://careers-taylorguitars.icims.com/jobs/search?ss=1
careers-togetherwomenshealth,careers-togetherwomenshealth,https://careers-togetherwomenshealth.icims.com/jobs/search?ss=1
careers-transcend-cecoenviro,careers-transcend-cecoenviro,https://careers-transcend-cecoenviro.icims.com/jobs/search?ss=1
careers-benjaminmoore,careers-benjaminmoore,https://careers-benjaminmoore.icims.com/jobs/search?ss=1
careers-edgewaterit,careers-edgewaterit,https://careers-edgewaterit.icims.com/jobs/search?ss=1
careers-oefederal,careers-oefederal,https://careers-oefederal.icims.com/jobs/search?ss=1
careers-shrinersinternational,careers-shrinersinternational,https://careers-shrinersinternational.icims.com/jobs/search?ss=1
emea-aptean,emea-aptean,https://emea-aptean.icims.com/jobs/search?ss=1
jansen-dycom,jansen-dycom,https://jansen-dycom.icims.com/jobs/search?ss=1
expleo-jobs-pt-en,expleo-jobs-pt-en,https://expleo-jobs-pt-en.icims.com/jobs/search?ss=1
technicians-ryder,technicians-ryder,https://technicians-ryder.icims.com/jobs/search?ss=1
careers-altapointe,careers-altapointe,https://careers-altapointe.icims.com/jobs/search?ss=1
careers-bevien-vincotte,careers-bevien-vincotte,https://careers-bevien-vincotte.icims.com/jobs/search?ss=1
careers-riverwoodsrc,careers-riverwoodsrc,https://careers-riverwoodsrc.icims.com/jobs/search?ss=1
careers-bernhard,careers-bernhard,https://careers-bernhard.icims.com/jobs/search?ss=1
careers-oneadvanced,careers-oneadvanced,https://careers-oneadvanced.icims.com/jobs/search?ss=1
careers-theshieldco,careers-theshieldco,https://careers-theshieldco.icims.com/jobs/search?ss=1
veterinary-heartlandvetpartners,veterinary-heartlandvetpartners,https://veterinary-heartlandvetpartners.icims.com/jobs/search?ss=1
careers-hepburnandsons,careers-hepburnandsons,https://careers-hepburnandsons.icims.com/jobs/search?ss=1
expleo-jobs-gb-en,expleo-jobs-gb-en,https://expleo-jobs-gb-en.icims.com/jobs/search?ss=1
acip-generalrv,acip-generalrv,https://acip-generalrv.icims.com/jobs/search?ss=1
careers-humdinger,careers-humdinger,https://careers-humdinger.icims.com/jobs/search?ss=1
mexicocareers-prodrivenbrands,mexicocareers-prodrivenbrands,https://mexicocareers-prodrivenbrands.icims.com/jobs/search?ss=1
careers-commonsecuritization,careers-commonsecuritization,https://careers-commonsecuritization.icims.com/jobs/search?ss=1
managerjobs-eatatjacks,managerjobs-eatatjacks,https://managerjobs-eatatjacks.icims.com/jobs/search?ss=1
careers-ndbt,careers-ndbt,https://careers-ndbt.icims.com/jobs/search?ss=1
careers-trimac,careers-trimac,https://careers-trimac.icims.com/jobs/search?ss=1
canada-gatx,canada-gatx,https://canada-gatx.icims.com/jobs/search?ss=1
triotech-longboathr,triotech-longboathr,https://triotech-longboathr.icims.com/jobs/search?ss=1
cabincrew-riyadhair,cabincrew-riyadhair,https://cabincrew-riyadhair.icims.com/jobs/search?ss=1
careers-skyepoint,careers-skyepoint,https://careers-skyepoint.icims.com/jobs/search?ss=1
carrieres-fr-promosapiens,carrieres-fr-promosapiens,https://carrieres-fr-promosapiens.icims.com/jobs/search?ss=1
euvcareers-emory,euvcareers-emory,https://euvcareers-emory.icims.com/jobs/search?ss=1
careers-crgglobal,careers-crgglobal,https://careers-crgglobal.icims.com/jobs/search?ss=1
internal-tmcf,internal-tmcf,https://internal-tmcf.icims.com/jobs/search?ss=1
careers-concoracredit,careers-concoracredit,https://careers-concoracredit.icims.com/jobs/search?ss=1
careers-eyesouthpartners,careers-eyesouthpartners,https://careers-eyesouthpartners.icims.com/jobs/search?ss=1
early-careers-avisonyounguk,early-careers-avisonyounguk,https://early-careers-avisonyounguk.icims.com/jobs/search?ss=1
tuccareers-touro,tuccareers-touro,https://tuccareers-touro.icims.com/jobs/search?ss=1
careers-india-cecoenviro,careers-india-cecoenviro,https://careers-india-cecoenviro.icims.com/jobs/search?ss=1
careers-silverchairpartners,careers-silverchairpartners,https://careers-silverchairpartners.icims.com/jobs/search?ss=1
service-princeton,service-princeton,https://service-princeton.icims.com/jobs/search?ss=1
frenchcancareers-pepsico,frenchcancareers-pepsico,https://frenchcancareers-pepsico.icims.com/jobs/search?ss=1
careers-legacyscs,careers-legacyscs,https://careers-legacyscs.icims.com/jobs/search?ss=1
nrc-nana,nrc-nana,https://nrc-nana.icims.com/jobs/search?ss=1
physicians-baycaremedicalgroup,physicians-baycaremedicalgroup,https://physicians-baycaremedicalgroup.icims.com/jobs/search?ss=1
careers-bergelectric,careers-bergelectric,https://careers-bergelectric.icims.com/jobs/search?ss=1
careers-besthomeservices,careers-besthomeservices,https://careers-besthomeservices.icims.com/jobs/search?ss=1
jobsus-gep,jobsus-gep,https://jobsus-gep.icims.com/jobs/search?ss=1
careers-vet,careers-vet,https://careers-vet.icims.com/jobs/search?ss=1
careers-mdch,careers-mdch,https://careers-mdch.icims.com/jobs/search?ss=1
careers-velocityclinical,careers-velocityclinical,https://careers-velocityclinical.icims.com/jobs/search?ss=1
hourlycareers-uk-merlinentertainments,hourlycareers-uk-merlinentertainments,https://hourlycareers-uk-merlinentertainments.icims.com/jobs/search?ss=1
tsg-inc-tptp,tsg-inc-tptp,https://tsg-inc-tptp.icims.com/jobs/search?ss=1
careers-grammatech,careers-grammatech,https://careers-grammatech.icims.com/jobs/search?ss=1
careers-iomart,careers-iomart,https://careers-iomart.icims.com/jobs/search?ss=1
careers-muckleshootgov,careers-muckleshootgov,https://careers-muckleshootgov.icims.com/jobs/search?ss=1
careers-jbw,careers-jbw,https://careers-jbw.icims.com/jobs/search?ss=1
holiday-frontlinewagedisplay,holiday-frontlinewagedisplay,https://holiday-frontlinewagedisplay.icims.com/jobs/search?ss=1
namcareers-trinseo,namcareers-trinseo,https://namcareers-trinseo.icims.com/jobs/search?ss=1
jobs-metalexchangecorp,jobs-metalexchangecorp,https://jobs-metalexchangecorp.icims.com/jobs/search?ss=1
careers-germany-cecoenviro,careers-germany-cecoenviro,https://careers-germany-cecoenviro.icims.com/jobs/search?ss=1
careers-rowlandair,careers-rowlandair,https://careers-rowlandair.icims.com/jobs/search?ss=1
drivethru-spanish-amys,drivethru-spanish-amys,https://drivethru-spanish-amys.icims.com/jobs/search?ss=1
employees-akima,employees-akima,https://employees-akima.icims.com/jobs/search?ss=1
heightsfinance-attainfinance,heightsfinance-attainfinance,https://heightsfinance-attainfinance.icims.com/jobs/search?ss=1
bonobos-guideshop,bonobos-guideshop,https://bonobos-guideshop.icims.com/jobs/search?ss=1
careers-pepperpointe,careers-pepperpointe,https://careers-pepperpointe.icims.com/jobs/search?ss=1
careers-phs,careers-phs,https://careers-phs.icims.com/jobs/search?ss=1
careers-edsisolutions,careers-edsisolutions,https://careers-edsisolutions.icims.com/jobs/search?ss=1
sasretail-uscareers,sasretail-uscareers,https://sasretail-uscareers.icims.com/jobs/search?ss=1
uscareers-theradex,uscareers-theradex,https://uscareers-theradex.icims.com/jobs/search?ss=1
belgium-careers-aitworldwide,belgium-careers-aitworldwide,https://belgium-careers-aitworldwide.icims.com/jobs/search?ss=1
careers-lrri,careers-lrri,https://careers-lrri.icims.com/jobs/search?ss=1
eps-careers-epsii,eps-careers-epsii,https://eps-careers-epsii.icims.com/jobs/search?ss=1
corpadmin-chire,corpadmin-chire,https://corpadmin-chire.icims.com/jobs/search?ss=1
hub-greatexpressions,hub-greatexpressions,https://hub-greatexpressions.icims.com/jobs/search?ss=1
internal-realalloy,internal-realalloy,https://internal-realalloy.icims.com/jobs/search?ss=1
careers-centersusa,careers-centersusa,https://careers-centersusa.icims.com/jobs/search?ss=1
1stheritage-attainfinance,1stheritage-attainfinance,https://1stheritage-attainfinance.icims.com/jobs/search?ss=1
careers-briteboxelectrical,careers-briteboxelectrical,https://careers-briteboxelectrical.icims.com/jobs/search?ss=1
careers-dendreon,careers-dendreon,https://careers-dendreon.icims.com/jobs/search?ss=1
dcseu-veic,dcseu-veic,https://dcseu-veic.icims.com/jobs/search?ss=1
external-saintmarysuniversity,external-saintmarysuniversity,https://external-saintmarysuniversity.icims.com/jobs/search?ss=1
eaglecareers-knipper,eaglecareers-knipper,https://eaglecareers-knipper.icims.com/jobs/search?ss=1
careers-frankgayresidential,careers-frankgayresidential,https://careers-frankgayresidential.icims.com/jobs/search?ss=1
internal-aiicfl,internal-aiicfl,https://internal-aiicfl.icims.com/jobs/search?ss=1
careers-lrp,careers-lrp,https://careers-lrp.icims.com/jobs/search?ss=1
careers-capreit,careers-capreit,https://careers-capreit.icims.com/jobs/search?ss=1
careers-nassusa-epsii,careers-nassusa-epsii,https://careers-nassusa-epsii.icims.com/jobs/search?ss=1
careers-camris,careers-camris,https://careers-camris.icims.com/jobs/search?ss=1
careers-squiresgroup,careers-squiresgroup,https://careers-squiresgroup.icims.com/jobs/search?ss=1
homeoffice-eu-urbn,homeoffice-eu-urbn,https://homeoffice-eu-urbn.icims.com/jobs/search?ss=1
caenglish-edf-re,caenglish-edf-re,https://caenglish-edf-re.icims.com/jobs/search?ss=1
careers-consilio-lod,careers-consilio-lod,https://careers-consilio-lod.icims.com/jobs/search?ss=1
terrabellahealth-careers-fundltc,terrabellahealth-careers-fundltc,https://terrabellahealth-careers-fundltc.icims.com/jobs/search?ss=1
careers-healthmanagement,careers-healthmanagement,https://careers-healthmanagement.icims.com/jobs/search?ss=1
careers-thenannyleague,careers-thenannyleague,https://careers-thenannyleague.icims.com/jobs/search?ss=1
southpointehealthandrehab-careers-fundltc,southpointehealthandrehab-careers-fundltc,https://southpointehealthandrehab-careers-fundltc.icims.com/jobs/search?ss=1
careers-itcmgt,careers-itcmgt,https://careers-itcmgt.icims.com/jobs/search?ss=1
careers-morganplc,careers-morganplc,https://careers-morganplc.icims.com/jobs/search?ss=1
careers-pikespeak-ymca,careers-pikespeak-ymca,https://careers-pikespeak-ymca.icims.com/jobs/search?ss=1
careers-rovisyseurope,careers-rovisyseurope,https://careers-rovisyseurope.icims.com/jobs/search?ss=1
heartcorps-heart,heartcorps-heart,https://heartcorps-heart.icims.com/jobs/search?ss=1
careers-beechacres,careers-beechacres,https://careers-beechacres.icims.com/jobs/search?ss=1
careers-odysseyconsult,careers-odysseyconsult,https://careers-odysseyconsult.icims.com/jobs/search?ss=1
careers-realmanage,careers-realmanage,https://careers-realmanage.icims.com/jobs/search?ss=1
university-uber,university-uber,https://university-uber.icims.com/jobs/search?ss=1
careers-pioneermetal,careers-pioneermetal,https://careers-pioneermetal.icims.com/jobs/search?ss=1
dutchcareers-pepsico,dutchcareers-pepsico,https://dutchcareers-pepsico.icims.com/jobs/search?ss=1
careers-steelofwestvirginia,careers-steelofwestvirginia,https://careers-steelofwestvirginia.icims.com/jobs/search?ss=1
carrieres-impactfieldmarketinggroup,carrieres-impactfieldmarketinggroup,https://carrieres-impactfieldmarketinggroup.icims.com/jobs/search?ss=1
hqcareers-msf,hqcareers-msf,https://hqcareers-msf.icims.com/jobs/search?ss=1
internships-aei,internships-aei,https://internships-aei.icims.com/jobs/search?ss=1
careers-vistrygroup,careers-vistrygroup,https://careers-vistrygroup.icims.com/jobs/search?ss=1
ccsnw-ccsww,ccsnw-ccsww,https://ccsnw-ccsww.icims.com/jobs/search?ss=1
intranet-challp,intranet-challp,https://intranet-challp.icims.com/jobs/search?ss=1
careers-nrdc,careers-nrdc,https://careers-nrdc.icims.com/jobs/search?ss=1
careers-steeldynamics,careers-steeldynamics,https://careers-steeldynamics.icims.com/jobs/search?ss=1
careers-sunpro,careers-sunpro,https://careers-sunpro.icims.com/jobs/search?ss=1
careers-wwfus,careers-wwfus,https://careers-wwfus.icims.com/jobs/search?ss=1
aristacare-kphhealthcareservices,aristacare-kphhealthcareservices,https://aristacare-kphhealthcareservices.icims.com/jobs/search?ss=1
jobs-activeinternational,jobs-activeinternational,https://jobs-activeinternational.icims.com/jobs/search?ss=1
careers-tophatls,careers-tophatls,https://careers-tophatls.icims.com/jobs/search?ss=1
nsp-scholarships-emera,nsp-scholarships-emera,https://nsp-scholarships-emera.icims.com/jobs/search?ss=1
careers-califiafarms,careers-califiafarms,https://careers-califiafarms.icims.com/jobs/search?ss=1
careers-ostcm,careers-ostcm,https://careers-ostcm.icims.com/jobs/search?ss=1
midlandsbehavioralhealth-careers-fundltc,midlandsbehavioralhealth-careers-fundltc,https://midlandsbehavioralhealth-careers-fundltc.icims.com/jobs/search?ss=1
saspro-uscareers,saspro-uscareers,https://saspro-uscareers.icims.com/jobs/search?ss=1
careers-dentairconditioning,careers-dentairconditioning,https://careers-dentairconditioning.icims.com/jobs/search?ss=1
careers-jrmc,careers-jrmc,https://careers-jrmc.icims.com/jobs/search?ss=1
fieldprint-verticalscreen,fieldprint-verticalscreen,https://fieldprint-verticalscreen.icims.com/jobs/search?ss=1
physicians-fhp,physicians-fhp,https://physicians-fhp.icims.com/jobs/search?ss=1
rms-cretex,rms-cretex,https://rms-cretex.icims.com/jobs/search?ss=1
horizonhealthandrehab-careers-fundltc,horizonhealthandrehab-careers-fundltc,https://horizonhealthandrehab-careers-fundltc.icims.com/jobs/search?ss=1
internalemployee-omnihotels,internalemployee-omnihotels,https://internalemployee-omnihotels.icims.com/jobs/search?ss=1
careers-smilenyoutreach,careers-smilenyoutreach,https://careers-smilenyoutreach.icims.com/jobs/search?ss=1
tradeandhighschool-allanmyers,tradeandhighschool-allanmyers,https://tradeandhighschool-allanmyers.icims.com/jobs/search?ss=1
careers-noodles,careers-noodles,https://careers-noodles.icims.com/jobs/search?ss=1
careers-medicalsolutions,careers-medicalsolutions,https://careers-medicalsolutions.icims.com/jobs/search?ss=1
careers-reisystems,careers-reisystems,https://careers-reisystems.icims.com/jobs/search?ss=1
globalcareers-appliedsystems,globalcareers-appliedsystems,https://globalcareers-appliedsystems.icims.com/jobs/search?ss=1
internationalcareers-chickfila,internationalcareers-chickfila,https://internationalcareers-chickfila.icims.com/jobs/search?ss=1
careers-bgca,careers-bgca,https://careers-bgca.icims.com/jobs/search?ss=1
careers-continuumservices,careers-continuumservices,https://careers-continuumservices.icims.com/jobs/search?ss=1
providerjobs-ascension,providerjobs-ascension,https://providerjobs-ascension.icims.com/jobs/search?ss=1
globalcareers-pepsico,globalcareers-pepsico,https://globalcareers-pepsico.icims.com/jobs/search?ss=1
industrynonuseng-ms,industrynonuseng-ms,https://industrynonuseng-ms.icims.com/jobs/search?ss=1
admcareers-redcoats,admcareers-redcoats,https://admcareers-redcoats.icims.com/jobs/search?ss=1
careers-erpinternational,careers-erpinternational,https://careers-erpinternational.icims.com/jobs/search?ss=1
dentistcareers-nadentalgroup,dentistcareers-nadentalgroup,https://dentistcareers-nadentalgroup.icims.com/jobs/search?ss=1
careers-uswaterservices,careers-uswaterservices,https://careers-uswaterservices.icims.com/jobs/search?ss=1
careers-blazeair,careers-blazeair,https://careers-blazeair.icims.com/jobs/search?ss=1
careers-pactiv-evergreen,careers-pactiv-evergreen,https://careers-pactiv-evergreen.icims.com/jobs/search?ss=1
careers-baldwinhvac,careers-baldwinhvac,https://careers-baldwinhvac.icims.com/jobs/search?ss=1
external-fladarchitects,external-fladarchitects,https://external-fladarchitects.icims.com/jobs/search?ss=1
emea-apj-riverbed,emea-apj-riverbed,https://emea-apj-riverbed.icims.com/jobs/search?ss=1
prwcspartanburg-careers-fundltc,prwcspartanburg-careers-fundltc,https://prwcspartanburg-careers-fundltc.icims.com/jobs/search?ss=1
uscareers-sunriseseniorliving,uscareers-sunriseseniorliving,https://uscareers-sunriseseniorliving.icims.com/jobs/search?ss=1
careers-abacustech,careers-abacustech,https://careers-abacustech.icims.com/jobs/search?ss=1
fpg-smh,fpg-smh,https://fpg-smh.icims.com/jobs/search?ss=1
jobs-crepini,jobs-crepini,https://jobs-crepini.icims.com/jobs/search?ss=1
careers-jenkinslumber,careers-jenkinslumber,https://careers-jenkinslumber.icims.com/jobs/search?ss=1
careers-uae-cecoenviro,careers-uae-cecoenviro,https://careers-uae-cecoenviro.icims.com/jobs/search?ss=1
element-ext-row,element-ext-row,https://element-ext-row.icims.com/jobs/search?ss=1
canadiancareers-paperworksindustries,canadiancareers-paperworksindustries,https://canadiancareers-paperworksindustries.icims.com/jobs/search?ss=1
securitycareers-alliedbarton,securitycareers-alliedbarton,https://securitycareers-alliedbarton.icims.com/jobs/search?ss=1
careers-avantus,careers-avantus,https://careers-avantus.icims.com/jobs/search?ss=1
careers-ridgeac,careers-ridgeac,https://careers-ridgeac.icims.com/jobs/search?ss=1
careers-clsliving,careers-clsliving,https://careers-clsliving.icims.com/jobs/search?ss=1
careers-cwsglobal,careers-cwsglobal,https://careers-cwsglobal.icims.com/jobs/search?ss=1
careers-dndi,careers-dndi,https://careers-dndi.icims.com/jobs/search?ss=1
careers-kurita,careers-kurita,https://careers-kurita.icims.com/jobs/search?ss=1
careers-mccarthyca,careers-mccarthyca,https://careers-mccarthyca.icims.com/jobs/search?ss=1
careers-mobiledentists,careers-mobiledentists,https://careers-mobiledentists.icims.com/jobs/search?ss=1
careers-wiscenterprises,careers-wiscenterprises,https://careers-wiscenterprises.icims.com/jobs/search?ss=1
hub-pnkinc,hub-pnkinc,https://hub-pnkinc.icims.com/jobs/search?ss=1
hqcareers-it-msf,hqcareers-it-msf,https://hqcareers-it-msf.icims.com/jobs/search?ss=1
careers-rehc,careers-rehc,https://careers-rehc.icims.com/jobs/search?ss=1
emea-berryglobal,emea-berryglobal,https://emea-berryglobal.icims.com/jobs/search?ss=1
careers-nahealth,careers-nahealth,https://careers-nahealth.icims.com/jobs/search?ss=1
ireland-careers-aitworldwide,ireland-careers-aitworldwide,https://ireland-careers-aitworldwide.icims.com/jobs/search?ss=1
careers-360care,careers-360care,https://careers-360care.icims.com/jobs/search?ss=1
international-sargentlundy,international-sargentlundy,https://international-sargentlundy.icims.com/jobs/search?ss=1
jobs-choosememorial,jobs-choosememorial,https://jobs-choosememorial.icims.com/jobs/search?ss=1
careers-greensky,careers-greensky,https://careers-greensky.icims.com/jobs/search?ss=1
jobs-noodles,jobs-noodles,https://jobs-noodles.icims.com/jobs/search?ss=1
careers-christianacarenh,careers-christianacarenh,https://careers-christianacarenh.icims.com/jobs/search?ss=1
jobs-brhealth,jobs-brhealth,https://jobs-brhealth.icims.com/jobs/search?ss=1
careers-cummingselec,careers-cummingselec,https://careers-cummingselec.icims.com/jobs/search?ss=1
careers-lgima,careers-lgima,https://careers-lgima.icims.com/jobs/search?ss=1
careers-qualuscanada,careers-qualuscanada,https://careers-qualuscanada.icims.com/jobs/search?ss=1
jobs-nuri,jobs-nuri,https://jobs-nuri.icims.com/jobs/search?ss=1
careers-aacr,careers-aacr,https://careers-aacr.icims.com/jobs/search?ss=1
mxretail-dollargeneral,mxretail-dollargeneral,https://mxretail-dollargeneral.icims.com/jobs/search?ss=1
careers-metabolon,careers-metabolon,https://careers-metabolon.icims.com/jobs/search?ss=1
careers19-oremorautomotive,careers19-oremorautomotive,https://careers19-oremorautomotive.icims.com/jobs/search?ss=1
careers-lvccld,careers-lvccld,https://careers-lvccld.icims.com/jobs/search?ss=1
employees-beebehealthcare,employees-beebehealthcare,https://employees-beebehealthcare.icims.com/jobs/search?ss=1
externalphy-bmcjax,externalphy-bmcjax,https://externalphy-bmcjax.icims.com/jobs/search?ss=1
careers-ibr,careers-ibr,https://careers-ibr.icims.com/jobs/search?ss=1
careers-springswindowfashions,careers-springswindowfashions,https://careers-springswindowfashions.icims.com/jobs/search?ss=1
grad-chire,grad-chire,https://grad-chire.icims.com/jobs/search?ss=1
europeancareers-repligen,europeancareers-repligen,https://europeancareers-repligen.icims.com/jobs/search?ss=1
careers-atrion,careers-atrion,https://careers-atrion.icims.com/jobs/search?ss=1
portuguesecareers-pepsico,portuguesecareers-pepsico,https://portuguesecareers-pepsico.icims.com/jobs/search?ss=1
careers-blueridgehealth,careers-blueridgehealth,https://careers-blueridgehealth.icims.com/jobs/search?ss=1
careers-cfasupply,careers-cfasupply,https://careers-cfasupply.icims.com/jobs/search?ss=1
careers-fedwriters,careers-fedwriters,https://careers-fedwriters.icims.com/jobs/search?ss=1
blackjack-paveamerica,blackjack-paveamerica,https://blackjack-paveamerica.icims.com/jobs/search?ss=1
informational-tistatech,informational-tistatech,https://informational-tistatech.icims.com/jobs/search?ss=1
careers-alpinehomecare,careers-alpinehomecare,https://careers-alpinehomecare.icims.com/jobs/search?ss=1
external-firstsupply,external-firstsupply,https://external-firstsupply.icims.com/jobs/search?ss=1
careershub-gray,careershub-gray,https://careershub-gray.icims.com/jobs/search?ss=1
careers-sundevil,careers-sundevil,https://careers-sundevil.icims.com/jobs/search?ss=1
germancareers-wd40company,germancareers-wd40company,https://germancareers-wd40company.icims.com/jobs/search?ss=1
internandentrylevel-opportunities-cohencpa,internandentrylevel-opportunities-cohencpa,https://internandentrylevel-opportunities-cohencpa.icims.com/jobs/search?ss=1
jobs-motionlabs,jobs-motionlabs,https://jobs-motionlabs.icims.com/jobs/search?ss=1
physicianoffices-mdmercy,physicianoffices-mdmercy,https://physicianoffices-mdmercy.icims.com/jobs/search?ss=1
physicians-acadiahealthcare,physicians-acadiahealthcare,https://physicians-acadiahealthcare.icims.com/jobs/search?ss=1
careers-pngaming,careers-pngaming,https://careers-pngaming.icims.com/jobs/search?ss=1
hub-vistaglobal,hub-vistaglobal,https://hub-vistaglobal.icims.com/jobs/search?ss=1
careers-frankgaycommerical,careers-frankgaycommerical,https://careers-frankgaycommerical.icims.com/jobs/search?ss=1
experienced-careers-adlittle,experienced-careers-adlittle,https://experienced-careers-adlittle.icims.com/jobs/search?ss=1
uk-stonex,uk-stonex,https://uk-stonex.icims.com/jobs/search?ss=1
poltexenglish-poly-america,poltexenglish-poly-america,https://poltexenglish-poly-america.icims.com/jobs/search?ss=1
braintrust-everwatchsolutions,braintrust-everwatchsolutions,https://braintrust-everwatchsolutions.icims.com/jobs/search?ss=1
templehealthphysiciancareers-temple,templehealthphysiciancareers-temple,https://templehealthphysiciancareers-temple.icims.com/jobs/search?ss=1
jobs-novamedical,jobs-novamedical,https://jobs-novamedical.icims.com/jobs/search?ss=1
careers-kdvlaw,careers-kdvlaw,https://careers-kdvlaw.icims.com/jobs/search?ss=1
careers-redcap,careers-redcap,https://careers-redcap.icims.com/jobs/search?ss=1
careers-hamptonlumber,careers-hamptonlumber,https://careers-hamptonlumber.icims.com/jobs/search?ss=1
careers-skanska,careers-skanska,https://careers-skanska.icims.com/jobs/search?ss=1
careers-affiniuscapital,careers-affiniuscapital,https://careers-affiniuscapital.icims.com/jobs/search?ss=1
careers-tireoutlet,careers-tireoutlet,https://careers-tireoutlet.icims.com/jobs/search?ss=1
careers-ads-pipe,careers-ads-pipe,https://careers-ads-pipe.icims.com/jobs/search?ss=1
careers-bradfordexchange,careers-bradfordexchange,https://careers-bradfordexchange.icims.com/jobs/search?ss=1
canadaengcareers-oslrs,canadaengcareers-oslrs,https://canadaengcareers-oslrs.icims.com/jobs/search?ss=1
careers-ccr-cz,careers-ccr-cz,https://careers-ccr-cz.icims.com/jobs/search?ss=1
careers-conciergenursing,careers-conciergenursing,https://careers-conciergenursing.icims.com/jobs/search?ss=1
careers-instechnologies,careers-instechnologies,https://careers-instechnologies.icims.com/jobs/search?ss=1
careers-kyfb,careers-kyfb,https://careers-kyfb.icims.com/jobs/search?ss=1
careers-pdh,careers-pdh,https://careers-pdh.icims.com/jobs/search?ss=1
careers-usoncology,careers-usoncology,https://careers-usoncology.icims.com/jobs/search?ss=1
careers-wuxichemistry,careers-wuxichemistry,https://careers-wuxichemistry.icims.com/jobs/search?ss=1
careersus-endologix,careersus-endologix,https://careersus-endologix.icims.com/jobs/search?ss=1
internal-advocatesinc,internal-advocatesinc,https://internal-advocatesinc.icims.com/jobs/search?ss=1
careers-itility,careers-itility,https://careers-itility.icims.com/jobs/search?ss=1
manufacturing-jobs-marvin,manufacturing-jobs-marvin,https://manufacturing-jobs-marvin.icims.com/jobs/search?ss=1
tryabilityrehab-tptp,tryabilityrehab-tptp,https://tryabilityrehab-tptp.icims.com/jobs/search?ss=1
bowheadcareers-uicalaska,bowheadcareers-uicalaska,https://bowheadcareers-uicalaska.icims.com/jobs/search?ss=1
apacjobs-mayerbrown,apacjobs-mayerbrown,https://apacjobs-mayerbrown.icims.com/jobs/search?ss=1
careershub-magnera,careershub-magnera,https://careershub-magnera.icims.com/jobs/search?ss=1
careers-playabowls,careers-playabowls,https://careers-playabowls.icims.com/jobs/search?ss=1
careers-execusearchchi,careers-execusearchchi,https://careers-execusearchchi.icims.com/jobs/search?ss=1
polywestenglish-poly-america,polywestenglish-poly-america,https://polywestenglish-poly-america.icims.com/jobs/search?ss=1
careers-puzzlehr,careers-puzzlehr,https://careers-puzzlehr.icims.com/jobs/search?ss=1
careers-prideindustries,careers-prideindustries,https://careers-prideindustries.icims.com/jobs/search?ss=1
careers-ptsolutions,careers-ptsolutions,https://careers-ptsolutions.icims.com/jobs/search?ss=1
careers-cohenco,careers-cohenco,https://careers-cohenco.icims.com/jobs/search?ss=1
careers-matchmg,careers-matchmg,https://careers-matchmg.icims.com/jobs/search?ss=1
careersen-herbalife,careersen-herbalife,https://careersen-herbalife.icims.com/jobs/search?ss=1
ideas-sas,ideas-sas,https://ideas-sas.icims.com/jobs/search?ss=1
careers-haleymechanical,careers-haleymechanical,https://careers-haleymechanical.icims.com/jobs/search?ss=1
careers-plslogistics,careers-plslogistics,https://careers-plslogistics.icims.com/jobs/search?ss=1
hub-msf,hub-msf,https://hub-msf.icims.com/jobs/search?ss=1
internationalcareers-globalcommunities,internationalcareers-globalcommunities,https://internationalcareers-globalcommunities.icims.com/jobs/search?ss=1
seg-goauto,seg-goauto,https://seg-goauto.icims.com/jobs/search?ss=1
careers-airmethods,careers-airmethods,https://careers-airmethods.icims.com/jobs/search?ss=1
careers-teknoluxion,careers-teknoluxion,https://careers-teknoluxion.icims.com/jobs/search?ss=1
careers-whippleservicechampions,careers-whippleservicechampions,https://careers-whippleservicechampions.icims.com/jobs/search?ss=1
hub-eu-urbn,hub-eu-urbn,https://hub-eu-urbn.icims.com/jobs/search?ss=1
careers-apha,careers-apha,https://careers-apha.icims.com/jobs/search?ss=1
careers-boudreaupipeline,careers-boudreaupipeline,https://careers-boudreaupipeline.icims.com/jobs/search?ss=1
careers-efwnow,careers-efwnow,https://careers-efwnow.icims.com/jobs/search?ss=1
careers-morreyscontracting,careers-morreyscontracting,https://careers-morreyscontracting.icims.com/jobs/search?ss=1
careers3-calamp,careers3-calamp,https://careers3-calamp.icims.com/jobs/search?ss=1
hourlycareers-bowlerocorp,hourlycareers-bowlerocorp,https://hourlycareers-bowlerocorp.icims.com/jobs/search?ss=1
careers-endeavorschoolsllc,careers-endeavorschoolsllc,https://careers-endeavorschoolsllc.icims.com/jobs/search?ss=1
careers-ice,careers-ice,https://careers-ice.icims.com/jobs/search?ss=1
careers-learnbehavioral,careers-learnbehavioral,https://careers-learnbehavioral.icims.com/jobs/search?ss=1
careers-lynker,careers-lynker,https://careers-lynker.icims.com/jobs/search?ss=1
faculty-childrensmercykc,faculty-childrensmercykc,https://faculty-childrensmercykc.icims.com/jobs/search?ss=1
internal-phs,internal-phs,https://internal-phs.icims.com/jobs/search?ss=1
careers-somniainc,careers-somniainc,https://careers-somniainc.icims.com/jobs/search?ss=1
field-mvtransit,field-mvtransit,https://field-mvtransit.icims.com/jobs/search?ss=1
retailinternal-bncollege,retailinternal-bncollege,https://retailinternal-bncollege.icims.com/jobs/search?ss=1
careers-ddn,careers-ddn,https://careers-ddn.icims.com/jobs/search?ss=1
alljobs-aurora-group,alljobs-aurora-group,https://alljobs-aurora-group.icims.com/jobs/search?ss=1
drivers-harborfoods,drivers-harborfoods,https://drivers-harborfoods.icims.com/jobs/search?ss=1
frenchcareers-pepsico,frenchcareers-pepsico,https://frenchcareers-pepsico.icims.com/jobs/search?ss=1
internships-adlittle,internships-adlittle,https://internships-adlittle.icims.com/jobs/search?ss=1
careers-astralatauburn,careers-astralatauburn,https://careers-astralatauburn.icims.com/jobs/search?ss=1
careers-kemmerer,careers-kemmerer,https://careers-kemmerer.icims.com/jobs/search?ss=1
careers-northernutah-ymca,careers-northernutah-ymca,https://careers-northernutah-ymca.icims.com/jobs/search?ss=1
asiacareers-celanese,asiacareers-celanese,https://asiacareers-celanese.icims.com/jobs/search?ss=1
careers-brightspring,careers-brightspring,https://careers-brightspring.icims.com/jobs/search?ss=1
careers-vistaamerica,careers-vistaamerica,https://careers-vistaamerica.icims.com/jobs/search?ss=1
heartland-forward,heartland-forward,https://heartland-forward.icims.com/jobs/search?ss=1
startup-aus,startup-aus,https://startup-aus.icims.com/jobs/search?ss=1
careers-sagehospitality,careers-sagehospitality,https://careers-sagehospitality.icims.com/jobs/search?ss=1
careers-viseriongrain,careers-viseriongrain,https://careers-viseriongrain.icims.com/jobs/search?ss=1
careers-brinkmannconstructors,careers-brinkmannconstructors,https://careers-brinkmannconstructors.icims.com/jobs/search?ss=1
careers-coolray,careers-coolray,https://careers-coolray.icims.com/jobs/search?ss=1
careers-azappliancehome,careers-azappliancehome,https://careers-azappliancehome.icims.com/jobs/search?ss=1
careers-wuxiapptec,careers-wuxiapptec,https://careers-wuxiapptec.icims.com/jobs/search?ss=1
careers15-oremorautomotive,careers15-oremorautomotive,https://careers15-oremorautomotive.icims.com/jobs/search?ss=1
jobs-rainbird,jobs-rainbird,https://jobs-rainbird.icims.com/jobs/search?ss=1
1stheritage-curo,1stheritage-curo,https://1stheritage-curo.icims.com/jobs/search?ss=1
allcareers-nikkiso,allcareers-nikkiso,https://allcareers-nikkiso.icims.com/jobs/search?ss=1
elementsmassage-wellbizbrands,elementsmassage-wellbizbrands,https://elementsmassage-wellbizbrands.icims.com/jobs/search?ss=1
careers-dowa-tht,careers-dowa-tht,https://careers-dowa-tht.icims.com/jobs/search?ss=1
careers-gmaarchitects,careers-gmaarchitects,https://careers-gmaarchitects.icims.com/jobs/search?ss=1
careers-nadentalgroup,careers-nadentalgroup,https://careers-nadentalgroup.icims.com/jobs/search?ss=1
careers-rightnowheatingacplumbing,careers-rightnowheatingacplumbing,https://careers-rightnowheatingacplumbing.icims.com/jobs/search?ss=1
sangabrielrehabcenter-careers-fundltc,sangabrielrehabcenter-careers-fundltc,https://sangabrielrehabcenter-careers-fundltc.icims.com/jobs/search?ss=1
careers-indeed,careers-indeed,https://careers-indeed.icims.com/jobs/search?ss=1
careers-treliant,careers-treliant,https://careers-treliant.icims.com/jobs/search?ss=1
careers-intellisiq,careers-intellisiq,https://careers-intellisiq.icims.com/jobs/search?ss=1
careers-hcc-hqn,careers-hcc-hqn,https://careers-hcc-hqn.icims.com/jobs/search?ss=1
jobs-ccoc,jobs-ccoc,https://jobs-ccoc.icims.com/jobs/search?ss=1
jobs-challp,jobs-challp,https://jobs-challp.icims.com/jobs/search?ss=1
fr-lifescan,fr-lifescan,https://fr-lifescan.icims.com/jobs/search?ss=1
careers-meridianhealth,careers-meridianhealth,https://careers-meridianhealth.icims.com/jobs/search?ss=1
faculty-einstein,faculty-einstein,https://faculty-einstein.icims.com/jobs/search?ss=1
ukdecareers-jaggaer,ukdecareers-jaggaer,https://ukdecareers-jaggaer.icims.com/jobs/search?ss=1
careers-atlasvanlinescanada,careers-atlasvanlinescanada,https://careers-atlasvanlinescanada.icims.com/jobs/search?ss=1
employees-acuren,employees-acuren,https://employees-acuren.icims.com/jobs/search?ss=1
ca-fr-lifescan,ca-fr-lifescan,https://ca-fr-lifescan.icims.com/jobs/search?ss=1
careers-feddata,careers-feddata,https://careers-feddata.icims.com/jobs/search?ss=1
accesssolutions-skyclimber,accesssolutions-skyclimber,https://accesssolutions-skyclimber.icims.com/jobs/search?ss=1
flyoverattractions-pursuitcollection,flyoverattractions-pursuitcollection,https://flyoverattractions-pursuitcollection.icims.com/jobs/search?ss=1
careers-lowcountrypt,careers-lowcountrypt,https://careers-lowcountrypt.icims.com/jobs/search?ss=1
ddc-dine-careers,ddc-dine-careers,https://ddc-dine-careers.icims.com/jobs/search?ss=1
careers-jarboes,careers-jarboes,https://careers-jarboes.icims.com/jobs/search?ss=1
careers2-calspan,careers2-calspan,https://careers2-calspan.icims.com/jobs/search?ss=1
careers-afcu,careers-afcu,https://careers-afcu.icims.com/jobs/search?ss=1
careers-dreeshomes,careers-dreeshomes,https://careers-dreeshomes.icims.com/jobs/search?ss=1
early-careers-we-adlittle,early-careers-we-adlittle,https://early-careers-we-adlittle.icims.com/jobs/search?ss=1
pngcareers-pngaming,pngcareers-pngaming,https://pngcareers-pngaming.icims.com/jobs/search?ss=1
careers-redwingaviation,careers-redwingaviation,https://careers-redwingaviation.icims.com/jobs/search?ss=1
clinical-healthdrive,clinical-healthdrive,https://clinical-healthdrive.icims.com/jobs/search?ss=1
clubjobs-bgca,clubjobs-bgca,https://clubjobs-bgca.icims.com/jobs/search?ss=1
careers-oasis,careers-oasis,https://careers-oasis.icims.com/jobs/search?ss=1
careers-pines-ymca,careers-pines-ymca,https://careers-pines-ymca.icims.com/jobs/search?ss=1
cacareersfrench-lafarge-na,cacareersfrench-lafarge-na,https://cacareersfrench-lafarge-na.icims.com/jobs/search?ss=1
careers-virginpulse,careers-virginpulse,https://careers-virginpulse.icims.com/jobs/search?ss=1
careers-collaborationbetterstheworldvi,careers-collaborationbetterstheworldvi,https://careers-collaborationbetterstheworldvi.icims.com/jobs/search?ss=1
careers-mci2,careers-mci2,https://careers-mci2.icims.com/jobs/search?ss=1
internal-vistaequitypartners,internal-vistaequitypartners,https://internal-vistaequitypartners.icims.com/jobs/search?ss=1
us-envoyair,us-envoyair,https://us-envoyair.icims.com/jobs/search?ss=1
amr-careers-gmr,amr-careers-gmr,https://amr-careers-gmr.icims.com/jobs/search?ss=1
careers-christianhvac,careers-christianhvac,https://careers-christianhvac.icims.com/jobs/search?ss=1
careerseu-meridianbioscience,careerseu-meridianbioscience,https://careerseu-meridianbioscience.icims.com/jobs/search?ss=1
corporatejobs-eatatjacks,corporatejobs-eatatjacks,https://corporatejobs-eatatjacks.icims.com/jobs/search?ss=1
careers-netimpactstrategies,careers-netimpactstrategies,https://careers-netimpactstrategies.icims.com/jobs/search?ss=1
careers-revantage,careers-revantage,https://careers-revantage.icims.com/jobs/search?ss=1
aucareers-jaggaer,aucareers-jaggaer,https://aucareers-jaggaer.icims.com/jobs/search?ss=1
careers-geissmed,careers-geissmed,https://careers-geissmed.icims.com/jobs/search?ss=1
careers-michiganfirst,careers-michiganfirst,https://careers-michiganfirst.icims.com/jobs/search?ss=1
careers-powerflex,careers-powerflex,https://careers-powerflex.icims.com/jobs/search?ss=1
careers-cedarfair,careers-cedarfair,https://careers-cedarfair.icims.com/jobs/search?ss=1
careers-epsii,careers-epsii,https://careers-epsii.icims.com/jobs/search?ss=1
careers-sunautoservice,careers-sunautoservice,https://careers-sunautoservice.icims.com/jobs/search?ss=1
india-external-dish,india-external-dish,https://india-external-dish.icims.com/jobs/search?ss=1
spanishcareers-pepsico,spanishcareers-pepsico,https://spanishcareers-pepsico.icims.com/jobs/search?ss=1
careers-caredesignny,careers-caredesignny,https://careers-caredesignny.icims.com/jobs/search?ss=1
staff-cua,staff-cua,https://staff-cua.icims.com/jobs/search?ss=1
careers-four-paws,careers-four-paws,https://careers-four-paws.icims.com/jobs/search?ss=1
brident-westerndental,brident-westerndental,https://brident-westerndental.icims.com/jobs/search?ss=1
careers-changegrowlive,careers-changegrowlive,https://careers-changegrowlive.icims.com/jobs/search?ss=1
careers-goodrichlumber,careers-goodrichlumber,https://careers-goodrichlumber.icims.com/jobs/search?ss=1
careers-nsminc,careers-nsminc,https://careers-nsminc.icims.com/jobs/search?ss=1
careers-shure,careers-shure,https://careers-shure.icims.com/jobs/search?ss=1
careers-valorvip,careers-valorvip,https://careers-valorvip.icims.com/jobs/search?ss=1
careers-emerus,careers-emerus,https://careers-emerus.icims.com/jobs/search?ss=1
careers-mercyhealth,careers-mercyhealth,https://careers-mercyhealth.icims.com/jobs/search?ss=1
careers-apac-berkley,careers-apac-berkley,https://careers-apac-berkley.icims.com/jobs/search?ss=1
careers-meridianbioscience,careers-meridianbioscience,https://careers-meridianbioscience.icims.com/jobs/search?ss=1
careers-tyndaleusa,careers-tyndaleusa,https://careers-tyndaleusa.icims.com/jobs/search?ss=1
careerslit-libertymutual,careerslit-libertymutual,https://careerslit-libertymutual.icims.com/jobs/search?ss=1
de-truesociety,de-truesociety,https://de-truesociety.icims.com/jobs/search?ss=1
careers-villahrc,careers-villahrc,https://careers-villahrc.icims.com/jobs/search?ss=1
pt-careers-novelis,pt-careers-novelis,https://pt-careers-novelis.icims.com/jobs/search?ss=1
careers-aithomedelivery,careers-aithomedelivery,https://careers-aithomedelivery.icims.com/jobs/search?ss=1
careers-festfoods,careers-festfoods,https://careers-festfoods.icims.com/jobs/search?ss=1
careers-feeltheadvantage,careers-feeltheadvantage,https://careers-feeltheadvantage.icims.com/jobs/search?ss=1
careers-expleo-jobs,careers-expleo-jobs,https://careers-expleo-jobs.icims.com/jobs/search?ss=1
careers-tritonair,careers-tritonair,https://careers-tritonair.icims.com/jobs/search?ss=1
careers-rodeodentaltexas,careers-rodeodentaltexas,https://careers-rodeodentaltexas.icims.com/jobs/search?ss=1
cds-canada-careersenglish,cds-canada-careersenglish,https://cds-canada-careersenglish.icims.com/jobs/search?ss=1
internal-gentivahs,internal-gentivahs,https://internal-gentivahs.icims.com/jobs/search?ss=1
careers-harmonycares,careers-harmonycares,https://careers-harmonycares.icims.com/jobs/search?ss=1
careers-accoy,careers-accoy,https://careers-accoy.icims.com/jobs/search?ss=1
careers-sonnysdirect,careers-sonnysdirect,https://careers-sonnysdirect.icims.com/jobs/search?ss=1
careers-thekeycan,careers-thekeycan,https://careers-thekeycan.icims.com/jobs/search?ss=1
internal-xanterra,internal-xanterra,https://internal-xanterra.icims.com/jobs/search?ss=1
spain-erac,spain-erac,https://spain-erac.icims.com/jobs/search?ss=1
careers4-calamp,careers4-calamp,https://careers4-calamp.icims.com/jobs/search?ss=1
employees-crashchampions,employees-crashchampions,https://employees-crashchampions.icims.com/jobs/search?ss=1
internal-mastec,internal-mastec,https://internal-mastec.icims.com/jobs/search?ss=1
impactphysicaltherapy-tptp,impactphysicaltherapy-tptp,https://impactphysicaltherapy-tptp.icims.com/jobs/search?ss=1
careers-chn-cecoenviro,careers-chn-cecoenviro,https://careers-chn-cecoenviro.icims.com/jobs/search?ss=1
careers-kleinfelder,careers-kleinfelder,https://careers-kleinfelder.icims.com/jobs/search?ss=1
careers-springeq,careers-springeq,https://careers-springeq.icims.com/jobs/search?ss=1
villahavenhealth-careers-fundltc,villahavenhealth-careers-fundltc,https://villahavenhealth-careers-fundltc.icims.com/jobs/search?ss=1
external-minco,external-minco,https://external-minco.icims.com/jobs/search?ss=1
menusandvenues-na-urbn,menusandvenues-na-urbn,https://menusandvenues-na-urbn.icims.com/jobs/search?ss=1
careers-westcoastuniversity,careers-westcoastuniversity,https://careers-westcoastuniversity.icims.com/jobs/search?ss=1
advantagecarecareers-ahrc,advantagecarecareers-ahrc,https://advantagecarecareers-ahrc.icims.com/jobs/search?ss=1
careers-turn5,careers-turn5,https://careers-turn5.icims.com/jobs/search?ss=1
careers-trademarkmechanical,careers-trademarkmechanical,https://careers-trademarkmechanical.icims.com/jobs/search?ss=1
vantis-oneworkplace,vantis-oneworkplace,https://vantis-oneworkplace.icims.com/jobs/search?ss=1
careers-allegisgroup,careers-allegisgroup,https://careers-allegisgroup.icims.com/jobs/search?ss=1
internal-naturalgrocers,internal-naturalgrocers,https://internal-naturalgrocers.icims.com/jobs/search?ss=1
careers-iquw,careers-iquw,https://careers-iquw.icims.com/jobs/search?ss=1
careers-pioneerhvacmt,careers-pioneerhvacmt,https://careers-pioneerhvacmt.icims.com/jobs/search?ss=1
careers-warrenhenryauto,careers-warrenhenryauto,https://careers-warrenhenryauto.icims.com/jobs/search?ss=1
crew-jkmoving,crew-jkmoving,https://crew-jkmoving.icims.com/jobs/search?ss=1
careers-cadent,careers-cadent,https://careers-cadent.icims.com/jobs/search?ss=1
careers-flatwater-group,careers-flatwater-group,https://careers-flatwater-group.icims.com/jobs/search?ss=1
careers-winshape,careers-winshape,https://careers-winshape.icims.com/jobs/search?ss=1
careers-vistajet,careers-vistajet,https://careers-vistajet.icims.com/jobs/search?ss=1
nationalalamoca-erac,nationalalamoca-erac,https://nationalalamoca-erac.icims.com/jobs/search?ss=1
fordtechs-ims,fordtechs-ims,https://fordtechs-ims.icims.com/jobs/search?ss=1
drivercareers-adspipe,drivercareers-adspipe,https://drivercareers-adspipe.icims.com/jobs/search?ss=1
ohiovalley-gray,ohiovalley-gray,https://ohiovalley-gray.icims.com/jobs/search?ss=1
careers-superiorindustrialfire,careers-superiorindustrialfire,https://careers-superiorindustrialfire.icims.com/jobs/search?ss=1
careers-simpsonhousing,careers-simpsonhousing,https://careers-simpsonhousing.icims.com/jobs/search?ss=1
cafrench-edf-re,cafrench-edf-re,https://cafrench-edf-re.icims.com/jobs/search?ss=1
hub-wd40company,hub-wd40company,https://hub-wd40company.icims.com/jobs/search?ss=1
careers-akahillc,careers-akahillc,https://careers-akahillc.icims.com/jobs/search?ss=1
careers-homeview,careers-homeview,https://careers-homeview.icims.com/jobs/search?ss=1
ideasglobal-sas,ideasglobal-sas,https://ideasglobal-sas.icims.com/jobs/search?ss=1
southafrica-fhcrc,southafrica-fhcrc,https://southafrica-fhcrc.icims.com/jobs/search?ss=1
careers-miltoncat,careers-miltoncat,https://careers-miltoncat.icims.com/jobs/search?ss=1
careers-msa-ps,careers-msa-ps,https://careers-msa-ps.icims.com/jobs/search?ss=1
careers-transmed,careers-transmed,https://careers-transmed.icims.com/jobs/search?ss=1
careers-homecomfortusa,careers-homecomfortusa,https://careers-homecomfortusa.icims.com/jobs/search?ss=1
careersfrca-teksystems,careersfrca-teksystems,https://careersfrca-teksystems.icims.com/jobs/search?ss=1
careers-scatec,careers-scatec,https://careers-scatec.icims.com/jobs/search?ss=1
holidaycommunitysupport-atria,holidaycommunitysupport-atria,https://holidaycommunitysupport-atria.icims.com/jobs/search?ss=1
careers-nomadfoods,careers-nomadfoods,https://careers-nomadfoods.icims.com/jobs/search?ss=1
jobsindia-apac-gep,jobsindia-apac-gep,https://jobsindia-apac-gep.icims.com/jobs/search?ss=1
returners-hrblock,returners-hrblock,https://returners-hrblock.icims.com/jobs/search?ss=1
ecscareers-mastec,ecscareers-mastec,https://ecscareers-mastec.icims.com/jobs/search?ss=1
internal-gdeb,internal-gdeb,https://internal-gdeb.icims.com/jobs/search?ss=1
careers-vennlifesciences,careers-vennlifesciences,https://careers-vennlifesciences.icims.com/jobs/search?ss=1
careers-ferrellgas,careers-ferrellgas,https://careers-ferrellgas.icims.com/jobs/search?ss=1
careers-kci,careers-kci,https://careers-kci.icims.com/jobs/search?ss=1
external-goaheadlondon,external-goaheadlondon,https://external-goaheadlondon.icims.com/jobs/search?ss=1
careers-canada-shermco,careers-canada-shermco,https://careers-canada-shermco.icims.com/jobs/search?ss=1
careers-oneworkplace,careers-oneworkplace,https://careers-oneworkplace.icims.com/jobs/search?ss=1
careers-nationaldebtrelief,careers-nationaldebtrelief,https://careers-nationaldebtrelief.icims.com/jobs/search?ss=1
careersthailandpam-principal,careersthailandpam-principal,https://careersthailandpam-principal.icims.com/jobs/search?ss=1
apaccareers-trinseo,apaccareers-trinseo,https://apaccareers-trinseo.icims.com/jobs/search?ss=1
horizonspecialtyhosp-careers-fundltc,horizonspecialtyhosp-careers-fundltc,https://horizonspecialtyhosp-careers-fundltc.icims.com/jobs/search?ss=1
au-careers-maximus,au-careers-maximus,https://au-careers-maximus.icims.com/jobs/search?ss=1
careers-v-nova,careers-v-nova,https://careers-v-nova.icims.com/jobs/search?ss=1
internal-trustbridgeinc,internal-trustbridgeinc,https://internal-trustbridgeinc.icims.com/jobs/search?ss=1
onboarding-riversidehealthcare,onboarding-riversidehealthcare,https://onboarding-riversidehealthcare.icims.com/jobs/search?ss=1
administrators-ocps,administrators-ocps,https://administrators-ocps.icims.com/jobs/search?ss=1
careers-aadermatology,careers-aadermatology,https://careers-aadermatology.icims.com/jobs/search?ss=1
careers-ideagenuk,careers-ideagenuk,https://careers-ideagenuk.icims.com/jobs/search?ss=1
careers-pennex,careers-pennex,https://careers-pennex.icims.com/jobs/search?ss=1
noble-kphhealthcareservices,noble-kphhealthcareservices,https://noble-kphhealthcareservices.icims.com/jobs/search?ss=1
careers-slhs,careers-slhs,https://careers-slhs.icims.com/jobs/search?ss=1
hqcareers-globalcommunities,hqcareers-globalcommunities,https://hqcareers-globalcommunities.icims.com/jobs/search?ss=1
careers-canada-cecoenviro,careers-canada-cecoenviro,https://careers-canada-cecoenviro.icims.com/jobs/search?ss=1
careers-bridgesource,careers-bridgesource,https://careers-bridgesource.icims.com/jobs/search?ss=1
careers-mindpathhealth,careers-mindpathhealth,https://careers-mindpathhealth.icims.com/jobs/search?ss=1
europe-geosyntec,europe-geosyntec,https://europe-geosyntec.icims.com/jobs/search?ss=1
careers-goaheadlondon,careers-goaheadlondon,https://careers-goaheadlondon.icims.com/jobs/search?ss=1
careers-robinsonstave,careers-robinsonstave,https://careers-robinsonstave.icims.com/jobs/search?ss=1
careers-pennentertainment,careers-pennentertainment,https://careers-pennentertainment.icims.com/jobs/search?ss=1
cz-lifescan,cz-lifescan,https://cz-lifescan.icims.com/jobs/search?ss=1
careers-sss-steel,careers-sss-steel,https://careers-sss-steel.icims.com/jobs/search?ss=1
uiccareers-uicalaska,uiccareers-uicalaska,https://uiccareers-uicalaska.icims.com/jobs/search?ss=1
careers-cohencpa,careers-cohencpa,https://careers-cohencpa.icims.com/jobs/search?ss=1
securitycareersfrcanada-aus,securitycareersfrcanada-aus,https://securitycareersfrcanada-aus.icims.com/jobs/search?ss=1
careers-floridaautismcenter,careers-floridaautismcenter,https://careers-floridaautismcenter.icims.com/jobs/search?ss=1
pilot-careers-airmethods,pilot-careers-airmethods,https://pilot-careers-airmethods.icims.com/jobs/search?ss=1
internal-airmethods,internal-airmethods,https://internal-airmethods.icims.com/jobs/search?ss=1
indiacareers-lennox,indiacareers-lennox,https://indiacareers-lennox.icims.com/jobs/search?ss=1
careers-affordablecare,careers-affordablecare,https://careers-affordablecare.icims.com/jobs/search?ss=1
careers-gnapartners,careers-gnapartners,https://careers-gnapartners.icims.com/jobs/search?ss=1
careers-wipfli,careers-wipfli,https://careers-wipfli.icims.com/jobs/search?ss=1
careers-bestmsls,careers-bestmsls,https://careers-bestmsls.icims.com/jobs/search?ss=1
careers-pcifs,careers-pcifs,https://careers-pcifs.icims.com/jobs/search?ss=1
thesparksgroup-learnbehavioral,thesparksgroup-learnbehavioral,https://thesparksgroup-learnbehavioral.icims.com/jobs/search?ss=1
careers-aceroschools,careers-aceroschools,https://careers-aceroschools.icims.com/jobs/search?ss=1
careers-kghp,careers-kghp,https://careers-kghp.icims.com/jobs/search?ss=1
careers-qualus,careers-qualus,https://careers-qualus.icims.com/jobs/search?ss=1
qts-cretex,qts-cretex,https://qts-cretex.icims.com/jobs/search?ss=1
1stheritage-smcredit,1stheritage-smcredit,https://1stheritage-smcredit.icims.com/jobs/search?ss=1
careers-consoreng,careers-consoreng,https://careers-consoreng.icims.com/jobs/search?ss=1
volunteer-covenanthealth,volunteer-covenanthealth,https://volunteer-covenanthealth.icims.com/jobs/search?ss=1
intern-toyota-europe,intern-toyota-europe,https://intern-toyota-europe.icims.com/jobs/search?ss=1
willysdiscountworkwear-puzzlehr,willysdiscountworkwear-puzzlehr,https://willysdiscountworkwear-puzzlehr.icims.com/jobs/search?ss=1
externalsp-spplus,externalsp-spplus,https://externalsp-spplus.icims.com/jobs/search?ss=1
careers-plannedparenthood,careers-plannedparenthood,https://careers-plannedparenthood.icims.com/jobs/search?ss=1
sb-careers-rivian,sb-careers-rivian,https://sb-careers-rivian.icims.com/jobs/search?ss=1
careers-strattec,careers-strattec,https://careers-strattec.icims.com/jobs/search?ss=1
au-careers-seismic,au-careers-seismic,https://au-careers-seismic.icims.com/jobs/search?ss=1
transportation-allanmyers,transportation-allanmyers,https://transportation-allanmyers.icims.com/jobs/search?ss=1
canada-pursuitcollection,canada-pursuitcollection,https://canada-pursuitcollection.icims.com/jobs/search?ss=1
careers-covenanteyes,careers-covenanteyes,https://careers-covenanteyes.icims.com/jobs/search?ss=1
employees-hrblock,employees-hrblock,https://employees-hrblock.icims.com/jobs/search?ss=1
globalcareers-cabot,globalcareers-cabot,https://globalcareers-cabot.icims.com/jobs/search?ss=1
ascicareers-wilson,ascicareers-wilson,https://ascicareers-wilson.icims.com/jobs/search?ss=1
careers-cjmc,careers-cjmc,https://careers-cjmc.icims.com/jobs/search?ss=1
careers-cundall,careers-cundall,https://careers-cundall.icims.com/jobs/search?ss=1
shanghai-nyu,shanghai-nyu,https://shanghai-nyu.icims.com/jobs/search?ss=1
administrative-usta,administrative-usta,https://administrative-usta.icims.com/jobs/search?ss=1
careers-roadrunner,careers-roadrunner,https://careers-roadrunner.icims.com/jobs/search?ss=1
indeedapply-suburbanpropane,indeedapply-suburbanpropane,https://indeedapply-suburbanpropane.icims.com/jobs/search?ss=1
civil-boston,civil-boston,https://civil-boston.icims.com/jobs/search?ss=1
jobs-waiward,jobs-waiward,https://jobs-waiward.icims.com/jobs/search?ss=1
referral-wipfli,referral-wipfli,https://referral-wipfli.icims.com/jobs/search?ss=1
careers-donaanacounty,careers-donaanacounty,https://careers-donaanacounty.icims.com/jobs/search?ss=1
njsame-njeda,njsame-njeda,https://njsame-njeda.icims.com/jobs/search?ss=1
careers-dchsystem,careers-dchsystem,https://careers-dchsystem.icims.com/jobs/search?ss=1
careers-de-merlinentertainments,careers-de-merlinentertainments,https://careers-de-merlinentertainments.icims.com/jobs/search?ss=1
careers-oxgene,careers-oxgene,https://careers-oxgene.icims.com/jobs/search?ss=1
careers-applusna,careers-applusna,https://careers-applusna.icims.com/jobs/search?ss=1
careers-islehrc,careers-islehrc,https://careers-islehrc.icims.com/jobs/search?ss=1
careers-arcticairav,careers-arcticairav,https://careers-arcticairav.icims.com/jobs/search?ss=1
careers-assertiotx,careers-assertiotx,https://careers-assertiotx.icims.com/jobs/search?ss=1
usjobs-mayerbrown,usjobs-mayerbrown,https://usjobs-mayerbrown.icims.com/jobs/search?ss=1
careers-grahampackaging,careers-grahampackaging,https://careers-grahampackaging.icims.com/jobs/search?ss=1
productioncareers-daddario,productioncareers-daddario,https://productioncareers-daddario.icims.com/jobs/search?ss=1
careers-actalentservices,careers-actalentservices,https://careers-actalentservices.icims.com/jobs/search?ss=1
careers-allwayscaring,careers-allwayscaring,https://careers-allwayscaring.icims.com/jobs/search?ss=1
employee-lennox,employee-lennox,https://employee-lennox.icims.com/jobs/search?ss=1
diosynthcareers-fujifilmeu,diosynthcareers-fujifilmeu,https://diosynthcareers-fujifilmeu.icims.com/jobs/search?ss=1
internal-bhmcny,internal-bhmcny,https://internal-bhmcny.icims.com/jobs/search?ss=1
indiacareers-symplr,indiacareers-symplr,https://indiacareers-symplr.icims.com/jobs/search?ss=1
jobs-uniquely,jobs-uniquely,https://jobs-uniquely.icims.com/jobs/search?ss=1
careers-eyepointpharma,careers-eyepointpharma,https://careers-eyepointpharma.icims.com/jobs/search?ss=1
careers-sigmaconnected,careers-sigmaconnected,https://careers-sigmaconnected.icims.com/jobs/search?ss=1
cincy-paveamerica,cincy-paveamerica,https://cincy-paveamerica.icims.com/jobs/search?ss=1
internal-mfp,internal-mfp,https://internal-mfp.icims.com/jobs/search?ss=1
careers-zekelman,careers-zekelman,https://careers-zekelman.icims.com/jobs/search?ss=1
careers-nafinc,careers-nafinc,https://careers-nafinc.icims.com/jobs/search?ss=1
careers-oc405,careers-oc405,https://careers-oc405.icims.com/jobs/search?ss=1
in-careers-seismic,in-careers-seismic,https://in-careers-seismic.icims.com/jobs/search?ss=1
internal-gdbiw,internal-gdbiw,https://internal-gdbiw.icims.com/jobs/search?ss=1
internal-harmonycares,internal-harmonycares,https://internal-harmonycares.icims.com/jobs/search?ss=1
jobs-mytahome,jobs-mytahome,https://jobs-mytahome.icims.com/jobs/search?ss=1
hourly-jjill,hourly-jjill,https://hourly-jjill.icims.com/jobs/search?ss=1
jobs-pistongroup,jobs-pistongroup,https://jobs-pistongroup.icims.com/jobs/search?ss=1
careers-atlasworldgroupinc,careers-atlasworldgroupinc,https://careers-atlasworldgroupinc.icims.com/jobs/search?ss=1
careers-bottomline,careers-bottomline,https://careers-bottomline.icims.com/jobs/search?ss=1
careers-karyopharm,careers-karyopharm,https://careers-karyopharm.icims.com/jobs/search?ss=1
pt-lifescan,pt-lifescan,https://pt-lifescan.icims.com/jobs/search?ss=1
theterraceatdenisonsnf-careers-fundltc,theterraceatdenisonsnf-careers-fundltc,https://theterraceatdenisonsnf-careers-fundltc.icims.com/jobs/search?ss=1
apply-intelligentwaves,apply-intelligentwaves,https://apply-intelligentwaves.icims.com/jobs/search?ss=1
external-92y,external-92y,https://external-92y.icims.com/jobs/search?ss=1
careers-huffnpuffinc,careers-huffnpuffinc,https://careers-huffnpuffinc.icims.com/jobs/search?ss=1
falconridgerehabsuites-careers-fundltc,falconridgerehabsuites-careers-fundltc,https://falconridgerehabsuites-careers-fundltc.icims.com/jobs/search?ss=1
careers-versiti,careers-versiti,https://careers-versiti.icims.com/jobs/search?ss=1
jobs-trustmark,jobs-trustmark,https://jobs-trustmark.icims.com/jobs/search?ss=1
careers-structurepoint,careers-structurepoint,https://careers-structurepoint.icims.com/jobs/search?ss=1
fieldmanagement-thefreshmarket,fieldmanagement-thefreshmarket,https://fieldmanagement-thefreshmarket.icims.com/jobs/search?ss=1
careers-abogadaalexandra,careers-abogadaalexandra,https://careers-abogadaalexandra.icims.com/jobs/search?ss=1
careers-swca,careers-swca,https://careers-swca.icims.com/jobs/search?ss=1
careersbroadwaysupportservices-nationaldebtrelief,careersbroadwaysupportservices-nationaldebtrelief,https://careersbroadwaysupportservices-nationaldebtrelief.icims.com/jobs/search?ss=1
curobrands-curo,curobrands-curo,https://curobrands-curo.icims.com/jobs/search?ss=1
emt-careers-gmr,emt-careers-gmr,https://emt-careers-gmr.icims.com/jobs/search?ss=1
careers-nl-merlinentertainments,careers-nl-merlinentertainments,https://careers-nl-merlinentertainments.icims.com/jobs/search?ss=1
it-lifescan,it-lifescan,https://it-lifescan.icims.com/jobs/search?ss=1
careers-dunbia,careers-dunbia,https://careers-dunbia.icims.com/jobs/search?ss=1
careers-santaclaracigars,careers-santaclaracigars,https://careers-santaclaracigars.icims.com/jobs/search?ss=1
internal-usu,internal-usu,https://internal-usu.icims.com/jobs/search?ss=1
careerhub-flatironcorp,careerhub-flatironcorp,https://careerhub-flatironcorp.icims.com/jobs/search?ss=1
careers-skywardinsurance,careers-skywardinsurance,https://careers-skywardinsurance.icims.com/jobs/search?ss=1
careers-suncrestcare,careers-suncrestcare,https://careers-suncrestcare.icims.com/jobs/search?ss=1
careers-efgusa,careers-efgusa,https://careers-efgusa.icims.com/jobs/search?ss=1
careers-riverbed,careers-riverbed,https://careers-riverbed.icims.com/jobs/search?ss=1
international-cbps,international-cbps,https://international-cbps.icims.com/jobs/search?ss=1
pr-erac,pr-erac,https://pr-erac.icims.com/jobs/search?ss=1
baca-learnbehavioral,baca-learnbehavioral,https://baca-learnbehavioral.icims.com/jobs/search?ss=1
careers-hga,careers-hga,https://careers-hga.icims.com/jobs/search?ss=1
careers-rare,careers-rare,https://careers-rare.icims.com/jobs/search?ss=1
careers-sagaftra,careers-sagaftra,https://careers-sagaftra.icims.com/jobs/search?ss=1
careers-buzziunicemusa,careers-buzziunicemusa,https://careers-buzziunicemusa.icims.com/jobs/search?ss=1
careers-cordobacorp,careers-cordobacorp,https://careers-cordobacorp.icims.com/jobs/search?ss=1
careers-legalworkspace,careers-legalworkspace,https://careers-legalworkspace.icims.com/jobs/search?ss=1
careers-walterpmoore,careers-walterpmoore,https://careers-walterpmoore.icims.com/jobs/search?ss=1
internal-matchmg,internal-matchmg,https://internal-matchmg.icims.com/jobs/search?ss=1
careers-campusapts,careers-campusapts,https://careers-campusapts.icims.com/jobs/search?ss=1
physician-cmh,physician-cmh,https://physician-cmh.icims.com/jobs/search?ss=1
careers-mec,careers-mec,https://careers-mec.icims.com/jobs/search?ss=1
careers-commonwealth,careers-commonwealth,https://careers-commonwealth.icims.com/jobs/search?ss=1
careers2-wyn,careers2-wyn,https://careers2-wyn.icims.com/jobs/search?ss=1
intl-careers-verathon,intl-careers-verathon,https://intl-careers-verathon.icims.com/jobs/search?ss=1
taicareers-sbec,taicareers-sbec,https://taicareers-sbec.icims.com/jobs/search?ss=1
jobs-mutualofenumclaw,jobs-mutualofenumclaw,https://jobs-mutualofenumclaw.icims.com/jobs/search?ss=1
everwatch-everwatchsolutions,everwatch-everwatchsolutions,https://everwatch-everwatchsolutions.icims.com/jobs/search?ss=1
careers-mauzy,careers-mauzy,https://careers-mauzy.icims.com/jobs/search?ss=1
france-erac,france-erac,https://france-erac.icims.com/jobs/search?ss=1
professional-charah,professional-charah,https://professional-charah.icims.com/jobs/search?ss=1
spanish-poly-america,spanish-poly-america,https://spanish-poly-america.icims.com/jobs/search?ss=1
careers-nelsonmullins,careers-nelsonmullins,https://careers-nelsonmullins.icims.com/jobs/search?ss=1
clinical-jobs-airmethods,clinical-jobs-airmethods,https://clinical-jobs-airmethods.icims.com/jobs/search?ss=1
jobs-geropsych-keyrehab,jobs-geropsych-keyrehab,https://jobs-geropsych-keyrehab.icims.com/jobs/search?ss=1
careers-flanigans,careers-flanigans,https://careers-flanigans.icims.com/jobs/search?ss=1
careers-knowledgeservices,careers-knowledgeservices,https://careers-knowledgeservices.icims.com/jobs/search?ss=1
carrieresfr-wonderbrands,carrieresfr-wonderbrands,https://carrieresfr-wonderbrands.icims.com/jobs/search?ss=1
daymon-canadacareers,daymon-canadacareers,https://daymon-canadacareers.icims.com/jobs/search?ss=1
jobs-bahs,jobs-bahs,https://jobs-bahs.icims.com/jobs/search?ss=1
fbh-ccsww,fbh-ccsww,https://fbh-ccsww.icims.com/jobs/search?ss=1
hq-lifeway,hq-lifeway,https://hq-lifeway.icims.com/jobs/search?ss=1
careers-decisionpointcorp,careers-decisionpointcorp,https://careers-decisionpointcorp.icims.com/jobs/search?ss=1
careers-sherlockair,careers-sherlockair,https://careers-sherlockair.icims.com/jobs/search?ss=1
careers-mycmh,careers-mycmh,https://careers-mycmh.icims.com/jobs/search?ss=1
homeoffice-na-urbn,homeoffice-na-urbn,https://homeoffice-na-urbn.icims.com/jobs/search?ss=1
management-davidsonhospitality,management-davidsonhospitality,https://management-davidsonhospitality.icims.com/jobs/search?ss=1
expleo-jobs-at-de,expleo-jobs-at-de,https://expleo-jobs-at-de.icims.com/jobs/search?ss=1
omnicareers-omnihotels,omnicareers-omnihotels,https://omnicareers-omnihotels.icims.com/jobs/search?ss=1
careers-sdsurf,careers-sdsurf,https://careers-sdsurf.icims.com/jobs/search?ss=1
careers-sms,careers-sms,https://careers-sms.icims.com/jobs/search?ss=1
careers-spain-berkley,careers-spain-berkley,https://careers-spain-berkley.icims.com/jobs/search?ss=1
careers-visiontechnologies,careers-visiontechnologies,https://careers-visiontechnologies.icims.com/jobs/search?ss=1
pilotcareers-atlasair,pilotcareers-atlasair,https://pilotcareers-atlasair.icims.com/jobs/search?ss=1
careers-btd,careers-btd,https://careers-btd.icims.com/jobs/search?ss=1
careers-chsli,careers-chsli,https://careers-chsli.icims.com/jobs/search?ss=1
careers-comcastspectacor,careers-comcastspectacor,https://careers-comcastspectacor.icims.com/jobs/search?ss=1
careers-ragsdaleair,careers-ragsdaleair,https://careers-ragsdaleair.icims.com/jobs/search?ss=1
careers-airtempairconditioning,careers-airtempairconditioning,https://careers-airtempairconditioning.icims.com/jobs/search?ss=1
careers-wseinc,careers-wseinc,https://careers-wseinc.icims.com/jobs/search?ss=1
totalspectrum-learnbehavioral,totalspectrum-learnbehavioral,https://totalspectrum-learnbehavioral.icims.com/jobs/search?ss=1
alleganynursingandrehab-careers-fundltc,alleganynursingandrehab-careers-fundltc,https://alleganynursingandrehab-careers-fundltc.icims.com/jobs/search?ss=1
careers-benaroyaresearch,careers-benaroyaresearch,https://careers-benaroyaresearch.icims.com/jobs/search?ss=1
careers-massywoodltd,careers-massywoodltd,https://careers-massywoodltd.icims.com/jobs/search?ss=1
careers-rugdoctor,careers-rugdoctor,https://careers-rugdoctor.icims.com/jobs/search?ss=1
questionnaire3-dish,questionnaire3-dish,https://questionnaire3-dish.icims.com/jobs/search?ss=1
careers-personifyhealth,careers-personifyhealth,https://careers-personifyhealth.icims.com/jobs/search?ss=1
highpointetherapy-tptp,highpointetherapy-tptp,https://highpointetherapy-tptp.icims.com/jobs/search?ss=1
jobs-popshelf,jobs-popshelf,https://jobs-popshelf.icims.com/jobs/search?ss=1
careers-morrisonheatingandair,careers-morrisonheatingandair,https://careers-morrisonheatingandair.icims.com/jobs/search?ss=1
atcareers-jaggaer,atcareers-jaggaer,https://atcareers-jaggaer.icims.com/jobs/search?ss=1
Medallia,careers-medallia,https://careers-medallia.icims.com/jobs/
