company_name,slug,url
20four7va,20four7va,https://20four7va.breezy.hr/
75f,75f,https://75f.breezy.hr/
75f-apac,75f-apac,https://75f-apac.breezy.hr/
99-group,99-group,https://99-group.breezy.hr/
aarki,aarki,https://aarki.breezy.hr/
accelerated-growth-studio,accelerated-growth-studio,https://accelerated-growth-studio.breezy.hr/
accelone,accelone,https://accelone.breezy.hr/
accordus,accordus,https://accordus.breezy.hr/
accrete-ai,accrete-ai,https://accrete-ai.breezy.hr/
adnet-accountnet-inc,adnet-accountnet-inc,https://adnet-accountnet-inc.breezy.hr/
advantia-health,advantia-health,https://advantia-health.breezy.hr/
aeroseal,aeroseal,https://aeroseal.breezy.hr/
af,af,https://af.breezy.hr/
agbo,agbo,https://agbo.breezy.hr/
agile-cloud-consulting,agile-cloud-consulting,https://agile-cloud-consulting.breezy.hr/
alabaster-city-schools,alabaster-city-schools,https://alabaster-city-schools.breezy.hr/
alaya,alaya,https://alaya.breezy.hr/
aligned-modern-health,aligned-modern-health,https://aligned-modern-health.breezy.hr/
all-about-kids,all-about-kids,https://all-about-kids.breezy.hr/
almentor,almentor,https://almentor.breezy.hr/
altgen-join-our-team,altgen-join-our-team,https://altgen-join-our-team.breezy.hr/
alt-legal,alt-legal,https://alt-legal.breezy.hr/
amazingtalker,amazingtalker,https://amazingtalker.breezy.hr/
american-air-conditioning-heating,american-air-conditioning-heating,https://american-air-conditioning-heating.breezy.hr/
anghami,anghami,https://anghami.breezy.hr/
apollo-answering-service,apollo-answering-service,https://apollo-answering-service.breezy.hr/
appiphony,appiphony,https://appiphony.breezy.hr/
apyhub,apyhub,https://apyhub.breezy.hr/
arborbridge,arborbridge,https://arborbridge.breezy.hr/
archsoftware,archsoftware,https://archsoftware.breezy.hr/
arch-systems,arch-systems,https://arch-systems.breezy.hr/
arduino,arduino,https://arduino.breezy.hr/
arrcc,arrcc,https://arrcc.breezy.hr/
arts-science-undergraduate-society,arts-science-undergraduate-society,https://arts-science-undergraduate-society.breezy.hr/
aspinal-of-london,aspinal-of-london,https://aspinal-of-london.breezy.hr/
aspria,aspria,https://aspria.breezy.hr/
atlas-technica,atlas-technica,https://atlas-technica.breezy.hr/
atp-flight-school,atp-flight-school,https://atp-flight-school.breezy.hr/
at-work-cincy,at-work-cincy,https://at-work-cincy.breezy.hr/
avanceon,avanceon,https://avanceon.breezy.hr/
avantos,avantos,https://avantos.breezy.hr/
aventus-llc,aventus-llc,https://aventus-llc.breezy.hr/
babylonstoren,babylonstoren,https://babylonstoren.breezy.hr/
balani-custom-clothiers,balani-custom-clothiers,https://balani-custom-clothiers.breezy.hr/
bayside-fire-and-security,bayside-fire-and-security,https://bayside-fire-and-security.breezy.hr/
bear-robotics,bear-robotics,https://bear-robotics.breezy.hr/
beex,beex,https://beex.breezy.hr/
betclic-group,betclic-group,https://betclic-group.breezy.hr/
betterme,betterme,https://betterme.breezy.hr/
better-trucks,better-trucks,https://better-trucks.breezy.hr/
bgco,bgco,https://bgco.breezy.hr/
blaze-media,blaze-media,https://blaze-media.breezy.hr/
blenderbox,blenderbox,https://blenderbox.breezy.hr/
blooming-health,blooming-health,https://blooming-health.breezy.hr/
blue-sky-pest-control,blue-sky-pest-control,https://blue-sky-pest-control.breezy.hr/
bluestem-biosciences,bluestem-biosciences,https://bluestem-biosciences.breezy.hr/
bpr-consulting-group-llc,bpr-consulting-group-llc,https://bpr-consulting-group-llc.breezy.hr/
brainscape,brainscape,https://brainscape.breezy.hr/
brave-care,brave-care,https://brave-care.breezy.hr/
brella,brella,https://brella.breezy.hr/
brez,brez,https://brez.breezy.hr/
brilliant,brilliant,https://brilliant.breezy.hr/
bsisteel,bsisteel,https://bsisteel.breezy.hr/
bullfinch,bullfinch,https://bullfinch.breezy.hr/
busha,busha,https://busha.breezy.hr/
bvn,bvn,https://bvn.breezy.hr/
ca9-employment,ca9-employment,https://ca9-employment.breezy.hr/
canadian-base-operators,canadian-base-operators,https://canadian-base-operators.breezy.hr/
cardahealth,cardahealth,https://cardahealth.breezy.hr/
careacademy-co-inc,careacademy-co-inc,https://careacademy-co-inc.breezy.hr/
caribou,caribou,https://caribou.breezy.hr/
cellulant-group,cellulant-group,https://cellulant-group.breezy.hr/
census,census,https://census.breezy.hr/
centrl,centrl,https://centrl.breezy.hr/
circle-medical,circle-medical,https://circle-medical.breezy.hr/
climate-defiance,climate-defiance,https://climate-defiance.breezy.hr/
cloud-giants,cloud-giants,https://cloud-giants.breezy.hr/
cloverleaf-care,cloverleaf-care,https://cloverleaf-care.breezy.hr/
collectiv,collectiv,https://collectiv.breezy.hr/
commerzbank-poland,commerzbank-poland,https://commerzbank-poland.breezy.hr/
committee-for-children,committee-for-children,https://committee-for-children.breezy.hr/
community-health-net,community-health-net,https://community-health-net.breezy.hr/
commutatus,commutatus,https://commutatus.breezy.hr/
compose-ly,compose-ly,https://compose-ly.breezy.hr/
consolidated-bus-transit,consolidated-bus-transit,https://consolidated-bus-transit.breezy.hr/
continued,continued,https://continued.breezy.hr/
cove,cove,https://cove.breezy.hr/
covidence,covidence,https://covidence.breezy.hr/
cowrywise,cowrywise,https://cowrywise.breezy.hr/
creative-real-estate-pros,creative-real-estate-pros,https://creative-real-estate-pros.breezy.hr/
creoate,creoate,https://creoate.breezy.hr/
critical-software,critical-software,https://critical-software.breezy.hr/
cronoseuropa,cronoseuropa,https://cronoseuropa.breezy.hr/
cross-screen-media,cross-screen-media,https://cross-screen-media.breezy.hr/
csi-global,csi-global,https://csi-global.breezy.hr/
ctrack,ctrack,https://ctrack.breezy.hr/
custom-care-pharmacy,custom-care-pharmacy,https://custom-care-pharmacy.breezy.hr/
cyberpuerta,cyberpuerta,https://cyberpuerta.breezy.hr/
daivergent,daivergent,https://daivergent.breezy.hr/
davidson-logistics-inc,davidson-logistics-inc,https://davidson-logistics-inc.breezy.hr/
descope,descope,https://descope.breezy.hr/
dess,dess,https://dess.breezy.hr/
digisay,digisay,https://digisay.breezy.hr/
doneverse,doneverse,https://doneverse.breezy.hr/
doorstead,doorstead,https://doorstead.breezy.hr/
dotbeyond,dotbeyond,https://dotbeyond.breezy.hr/
douglass-runger-pllc,douglass-runger-pllc,https://douglass-runger-pllc.breezy.hr/
dozuki,dozuki,https://dozuki.breezy.hr/
dp-logistics,dp-logistics,https://dp-logistics.breezy.hr/
drips,drips,https://drips.breezy.hr/
dtcp,dtcp,https://dtcp.breezy.hr/
dubizzlelabs,dubizzlelabs,https://dubizzlelabs.breezy.hr/
duolingo,duolingo,https://duolingo.breezy.hr/
easybins,easybins,https://easybins.breezy.hr/
easypayfinance,easypayfinance,https://easypayfinance.breezy.hr/
easy-skill,easy-skill,https://easy-skill.breezy.hr/
ecic,ecic,https://ecic.breezy.hr/
ecomplete-careers,ecomplete-careers,https://ecomplete-careers.breezy.hr/
edfpowersolutions,edfpowersolutions,https://edfpowersolutions.breezy.hr/
elevate-staffing,elevate-staffing,https://elevate-staffing.breezy.hr/
elevation-worship,elevation-worship,https://elevation-worship.breezy.hr/
elo-entertainment-inc,elo-entertainment-inc,https://elo-entertainment-inc.breezy.hr/
embraer,embraer,https://embraer.breezy.hr/
enapter-gmbh,enapter-gmbh,https://enapter-gmbh.breezy.hr/
ensemble-performing-arts,ensemble-performing-arts,https://ensemble-performing-arts.breezy.hr/
enthusiast-gaming,enthusiast-gaming,https://enthusiast-gaming.breezy.hr/
eurekarobotics,eurekarobotics,https://eurekarobotics.breezy.hr/
european-pubs,european-pubs,https://european-pubs.breezy.hr/
everlight-solar,everlight-solar,https://everlight-solar.breezy.hr/
excellent-recruitment,excellent-recruitment,https://excellent-recruitment.breezy.hr/
expression-networks,expression-networks,https://expression-networks.breezy.hr/
faac-group,faac-group,https://faac-group.breezy.hr/
fastenal,fastenal,https://fastenal.breezy.hr/
felician-sisters-of-north-america,felician-sisters-of-north-america,https://felician-sisters-of-north-america.breezy.hr/
flowkey,flowkey,https://flowkey.breezy.hr/
flowplay-llc,flowplay-llc,https://flowplay-llc.breezy.hr/
fluxit,fluxit,https://fluxit.breezy.hr/
fohr,fohr,https://fohr.breezy.hr/
fortyau,fortyau,https://fortyau.breezy.hr/
founders-workshop,founders-workshop,https://founders-workshop.breezy.hr/
foxtrot-aviation-services,foxtrot-aviation-services,https://foxtrot-aviation-services.breezy.hr/
framework,framework,https://framework.breezy.hr/
freeeup,freeeup,https://freeeup.breezy.hr/
freyssinet-incorporated,freyssinet-incorporated,https://freyssinet-incorporated.breezy.hr/
fringe,fringe,https://fringe.breezy.hr/
fuelerate,fuelerate,https://fuelerate.breezy.hr/
gaggle,gaggle,https://gaggle.breezy.hr/
gamurs,gamurs,https://gamurs.breezy.hr/
gen-tech,gen-tech,https://gen-tech.breezy.hr/
gold-care-homes,gold-care-homes,https://gold-care-homes.breezy.hr/
goodwipes,goodwipes,https://goodwipes.breezy.hr/
gozem,gozem,https://gozem.breezy.hr/
green-bay-converting,green-bay-converting,https://green-bay-converting.breezy.hr/
growmore-marketing,growmore-marketing,https://growmore-marketing.breezy.hr/
hair-burst,hair-burst,https://hair-burst.breezy.hr/
handsome-brook-farms,handsome-brook-farms,https://handsome-brook-farms.breezy.hr/
harris-jones-staffing-recruiting-llc,harris-jones-staffing-recruiting-llc,https://harris-jones-staffing-recruiting-llc.breezy.hr/
haulhub,haulhub,https://haulhub.breezy.hr/
hctec,hctec,https://hctec.breezy.hr/
headx,headx,https://headx.breezy.hr/
heltia,heltia,https://heltia.breezy.hr/
herotel-5f74feffb7e1,herotel-5f74feffb7e1,https://herotel-5f74feffb7e1.breezy.hr/
highkey,highkey,https://highkey.breezy.hr/
hip,hip,https://hip.breezy.hr/
home-alliance,home-alliance,https://home-alliance.breezy.hr/
honorbuilt,honorbuilt,https://honorbuilt.breezy.hr/
hopital-fribourgeois,hopital-fribourgeois,https://hopital-fribourgeois.breezy.hr/
how-to-manage-a-small-law-firm,how-to-manage-a-small-law-firm,https://how-to-manage-a-small-law-firm.breezy.hr/
hubble,hubble,https://hubble.breezy.hr/
hungerrush,hungerrush,https://hungerrush.breezy.hr/
ignite-hr-solutions,ignite-hr-solutions,https://ignite-hr-solutions.breezy.hr/
iix-global,iix-global,https://iix-global.breezy.hr/
ikigai-nairobi,ikigai-nairobi,https://ikigai-nairobi.breezy.hr/
immersive-technologies,immersive-technologies,https://immersive-technologies.breezy.hr/
impresiv-health,impresiv-health,https://impresiv-health.breezy.hr/
inallmedia-llc,inallmedia-llc,https://inallmedia-llc.breezy.hr/
inflection-cx,inflection-cx,https://inflection-cx.breezy.hr/
informct-inc-dba-ctdata-collaborative,informct-inc-dba-ctdata-collaborative,https://informct-inc-dba-ctdata-collaborative.breezy.hr/
insideoutva,insideoutva,https://insideoutva.breezy.hr/
insightful,insightful,https://insightful.breezy.hr/
inspiring-lives-today,inspiring-lives-today,https://inspiring-lives-today.breezy.hr/
integral-uk,integral-uk,https://integral-uk.breezy.hr/
intelassist,intelassist,https://intelassist.breezy.hr/
isaac-health,isaac-health,https://isaac-health.breezy.hr/
ismira,ismira,https://ismira.breezy.hr/
itw,itw,https://itw.breezy.hr/
jabu,jabu,https://jabu.breezy.hr/
jaydot,jaydot,https://jaydot.breezy.hr/
j-cain,j-cain,https://j-cain.breezy.hr/
jibble-group,jibble-group,https://jibble-group.breezy.hr/
jmi-reports,jmi-reports,https://jmi-reports.breezy.hr/
johnson-security-bureau-inc,johnson-security-bureau-inc,https://johnson-security-bureau-inc.breezy.hr/
khloud,khloud,https://khloud.breezy.hr/
kickstart-accounting-inc,kickstart-accounting-inc,https://kickstart-accounting-inc.breezy.hr/
kmg-prestige,kmg-prestige,https://kmg-prestige.breezy.hr/
knapsack,knapsack,https://knapsack.breezy.hr/
kode-health,kode-health,https://kode-health.breezy.hr/
kredivo-group,kredivo-group,https://kredivo-group.breezy.hr/
ladder-health,ladder-health,https://ladder-health.breezy.hr/
laulau,laulau,https://laulau.breezy.hr/
leaddesk,leaddesk,https://leaddesk.breezy.hr/
leading-financial-advisory-firm,leading-financial-advisory-firm,https://leading-financial-advisory-firm.breezy.hr/
linkgraph,linkgraph,https://linkgraph.breezy.hr/
litostroj-power,litostroj-power,https://litostroj-power.breezy.hr/
livingston-research,livingston-research,https://livingston-research.breezy.hr/
location3-media,location3-media,https://location3-media.breezy.hr/
lovevery,lovevery,https://lovevery.breezy.hr/
lulalend,lulalend,https://lulalend.breezy.hr/
lumerate,lumerate,https://lumerate.breezy.hr/
lumio-dental-practice-locations,lumio-dental-practice-locations,https://lumio-dental-practice-locations.breezy.hr/
machinio,machinio,https://machinio.breezy.hr/
manara,manara,https://manara.breezy.hr/
marshall-dennehey,marshall-dennehey,https://marshall-dennehey.breezy.hr/
masterworks,masterworks,https://masterworks.breezy.hr/
matroid,matroid,https://matroid.breezy.hr/
maventri,maventri,https://maventri.breezy.hr/
mch-careers,mch-careers,https://mch-careers.breezy.hr/
medschoolcoach,medschoolcoach,https://medschoolcoach.breezy.hr/
mighty-ally,mighty-ally,https://mighty-ally.breezy.hr/
mind-computing,mind-computing,https://mind-computing.breezy.hr/
mindoula-health-inc,mindoula-health-inc,https://mindoula-health-inc.breezy.hr/
mktg,mktg,https://mktg.breezy.hr/
mojorecruit,mojorecruit,https://mojorecruit.breezy.hr/
mood,mood,https://mood.breezy.hr/
mukuru,mukuru,https://mukuru.breezy.hr/
muvr-technologies,muvr-technologies,https://muvr-technologies.breezy.hr/
my-burger,my-burger,https://my-burger.breezy.hr/
mystudio,mystudio,https://mystudio.breezy.hr/
nalediminingservicescompany,nalediminingservicescompany,https://nalediminingservicescompany.breezy.hr/
nando-s,nando-s,https://nando-s.breezy.hr/
napthens-llp,napthens-llp,https://napthens-llp.breezy.hr/
newground,newground,https://newground.breezy.hr/
new-incentives,new-incentives,https://new-incentives.breezy.hr/
nexo,nexo,https://nexo.breezy.hr/
nexthire,nexthire,https://nexthire.breezy.hr/
nordcloud-career,nordcloud-career,https://nordcloud-career.breezy.hr/
novahospitalitycareers,novahospitalitycareers,https://novahospitalitycareers.breezy.hr/
nysonian,nysonian,https://nysonian.breezy.hr/
oando,oando,https://oando.breezy.hr/
odusa,odusa,https://odusa.breezy.hr/
ogd,ogd,https://ogd.breezy.hr/
orange-talent-group,orange-talent-group,https://orange-talent-group.breezy.hr/
pandata,pandata,https://pandata.breezy.hr/
park-west-gallery,park-west-gallery,https://park-west-gallery.breezy.hr/
partner-retail-services,partner-retail-services,https://partner-retail-services.breezy.hr/
payspace,payspace,https://payspace.breezy.hr/
pearl-ai,pearl-ai,https://pearl-ai.breezy.hr/
pinelake-church,pinelake-church,https://pinelake-church.breezy.hr/
pixery,pixery,https://pixery.breezy.hr/
planted-solar-inc,planted-solar-inc,https://planted-solar-inc.breezy.hr/
playdead,playdead,https://playdead.breezy.hr/
playstudios-asia,playstudios-asia,https://playstudios-asia.breezy.hr/
pleasant-valley-corporation,pleasant-valley-corporation,https://pleasant-valley-corporation.breezy.hr/
plexxis-software,plexxis-software,https://plexxis-software.breezy.hr/
powr-io,powr-io,https://powr-io.breezy.hr/
prime-drive-logistics,prime-drive-logistics,https://prime-drive-logistics.breezy.hr/
propelamerica,propelamerica,https://propelamerica.breezy.hr/
property-leads,property-leads,https://property-leads.breezy.hr/
prosoft,prosoft,https://prosoft.breezy.hr/
prozis,prozis,https://prozis.breezy.hr/
pyrovio,pyrovio,https://pyrovio.breezy.hr/
quantios,quantios,https://quantios.breezy.hr/
quatrain-creative,quatrain-creative,https://quatrain-creative.breezy.hr/
quotefactory,quotefactory,https://quotefactory.breezy.hr/
raftelis,raftelis,https://raftelis.breezy.hr/
reconstruct-inc,reconstruct-inc,https://reconstruct-inc.breezy.hr/
recrutamento,recrutamento,https://recrutamento.breezy.hr/
red-antler,red-antler,https://red-antler.breezy.hr/
redial-bpo,redial-bpo,https://redial-bpo.breezy.hr/
red-rabbit,red-rabbit,https://red-rabbit.breezy.hr/
reface,reface,https://reface.breezy.hr/
reiss,reiss,https://reiss.breezy.hr/
reliant-mission,reliant-mission,https://reliant-mission.breezy.hr/
renoairport,renoairport,https://renoairport.breezy.hr/
revel-cpa,revel-cpa,https://revel-cpa.breezy.hr/
reveleer,reveleer,https://reveleer.breezy.hr/
rhythm-management-group,rhythm-management-group,https://rhythm-management-group.breezy.hr/
rk-brands-ltd,rk-brands-ltd,https://rk-brands-ltd.breezy.hr/
rocketdocs-global-inc,rocketdocs-global-inc,https://rocketdocs-global-inc.breezy.hr/
rohloff-group,rohloff-group,https://rohloff-group.breezy.hr/
rome-tools-inc,rome-tools-inc,https://rome-tools-inc.breezy.hr/
rootstock-software,rootstock-software,https://rootstock-software.breezy.hr/
rph,rph,https://rph.breezy.hr/
rts-management-inc,rts-management-inc,https://rts-management-inc.breezy.hr/
rule4,rule4,https://rule4.breezy.hr/
ruvixx,ruvixx,https://ruvixx.breezy.hr/
saatchi-art,saatchi-art,https://saatchi-art.breezy.hr/
sa-global,sa-global,https://sa-global.breezy.hr/
salesrabbit,salesrabbit,https://salesrabbit.breezy.hr/
saota,saota,https://saota.breezy.hr/
savvy,savvy,https://savvy.breezy.hr/
schauenburgsystems,schauenburgsystems,https://schauenburgsystems.breezy.hr/
seeknow,seeknow,https://seeknow.breezy.hr/
seidor,seidor,https://seidor.breezy.hr/
sentral,sentral,https://sentral.breezy.hr/
serv-recruitment-agency,serv-recruitment-agency,https://serv-recruitment-agency.breezy.hr/
seven-hills,seven-hills,https://seven-hills.breezy.hr/
seven-retail,seven-retail,https://seven-retail.breezy.hr/
seventy,seventy,https://seventy.breezy.hr/
shiphero,shiphero,https://shiphero.breezy.hr/
shoals-club,shoals-club,https://shoals-club.breezy.hr/
shopritex,shopritex,https://shopritex.breezy.hr/
shuvel,shuvel,https://shuvel.breezy.hr/
siegel-gale,siegel-gale,https://siegel-gale.breezy.hr/
sine-education,sine-education,https://sine-education.breezy.hr/
singlefile,singlefile,https://singlefile.breezy.hr/
skynano,skynano,https://skynano.breezy.hr/
skyspecs,skyspecs,https://skyspecs.breezy.hr/
sleepres-inc,sleepres-inc,https://sleepres-inc.breezy.hr/
smdigital,smdigital,https://smdigital.breezy.hr/
social-discovery-ventures,social-discovery-ventures,https://social-discovery-ventures.breezy.hr/
solen-software-group,solen-software-group,https://solen-software-group.breezy.hr/
solidum-sverige-ab,solidum-sverige-ab,https://solidum-sverige-ab.breezy.hr/
solugen,solugen,https://solugen.breezy.hr/
solvative,solvative,https://solvative.breezy.hr/
sourcefin,sourcefin,https://sourcefin.breezy.hr/
sourcefit,sourcefit,https://sourcefit.breezy.hr/
spiral-financial-inc,spiral-financial-inc,https://spiral-financial-inc.breezy.hr/
ssg-corp,ssg-corp,https://ssg-corp.breezy.hr/
ssg-dr,ssg-dr,https://ssg-dr.breezy.hr/
ssg-texas,ssg-texas,https://ssg-texas.breezy.hr/
stack-influence,stack-influence,https://stack-influence.breezy.hr/
standardfusion,standardfusion,https://standardfusion.breezy.hr/
starbucks-south-africa,starbucks-south-africa,https://starbucks-south-africa.breezy.hr/
studio,studio,https://studio.breezy.hr/
sunenergy1,sunenergy1,https://sunenergy1.breezy.hr/
sunpower,sunpower,https://sunpower.breezy.hr/
superdispatch,superdispatch,https://superdispatch.breezy.hr/
switchboard,switchboard,https://switchboard.breezy.hr/
synergetics,synergetics,https://synergetics.breezy.hr/
talentmovers,talentmovers,https://talentmovers.breezy.hr/
talk-recruitment-limited,talk-recruitment-limited,https://talk-recruitment-limited.breezy.hr/
talksure,talksure,https://talksure.breezy.hr/
talleco,talleco,https://talleco.breezy.hr/
tarion,tarion,https://tarion.breezy.hr/
taskforcetalent,taskforcetalent,https://taskforcetalent.breezy.hr/
tekton-labs,tekton-labs,https://tekton-labs.breezy.hr/
teneo-education,teneo-education,https://teneo-education.breezy.hr/
terrestris-global-solutions,terrestris-global-solutions,https://terrestris-global-solutions.breezy.hr/
thc123,thc123,https://thc123.breezy.hr/
the-alinea-group,the-alinea-group,https://the-alinea-group.breezy.hr/
the-australian-ballet,the-australian-ballet,https://the-australian-ballet.breezy.hr/
the-cara-group,the-cara-group,https://the-cara-group.breezy.hr/
the-engineering-society-of-queen-s-university,the-engineering-society-of-queen-s-university,https://the-engineering-society-of-queen-s-university.breezy.hr/
the-english-school,the-english-school,https://the-english-school.breezy.hr/
thefaculty,thefaculty,https://thefaculty.breezy.hr/
the-hoth,the-hoth,https://the-hoth.breezy.hr/
the-pros-weddings,the-pros-weddings,https://the-pros-weddings.breezy.hr/
thrive-by-5,thrive-by-5,https://thrive-by-5.breezy.hr/
togetherhood,togetherhood,https://togetherhood.breezy.hr/
topmanage,topmanage,https://topmanage.breezy.hr/
topo,topo,https://topo.breezy.hr/
trainiac,trainiac,https://trainiac.breezy.hr/
transact-campus,transact-campus,https://transact-campus.breezy.hr/
transparent-hiring,transparent-hiring,https://transparent-hiring.breezy.hr/
travellab,travellab,https://travellab.breezy.hr/
tribe-labs,tribe-labs,https://tribe-labs.breezy.hr/
tristero,tristero,https://tristero.breezy.hr/
tsu,tsu,https://tsu.breezy.hr/
tsunami-tsolutions,tsunami-tsolutions,https://tsunami-tsolutions.breezy.hr/
turaco,turaco,https://turaco.breezy.hr/
turning-point-usa,turning-point-usa,https://turning-point-usa.breezy.hr/
twelve-consulting-group,twelve-consulting-group,https://twelve-consulting-group.breezy.hr/
tzp,tzp,https://tzp.breezy.hr/
udem,udem,https://udem.breezy.hr/
ultralinq,ultralinq,https://ultralinq.breezy.hr/
unlayer,unlayer,https://unlayer.breezy.hr/
upsa,upsa,https://upsa.breezy.hr/
upsourced-accounting,upsourced-accounting,https://upsourced-accounting.breezy.hr/
urrly,urrly,https://urrly.breezy.hr/
us-digital-response,us-digital-response,https://us-digital-response.breezy.hr/
uvation,uvation,https://uvation.breezy.hr/
ux-woman,ux-woman,https://ux-woman.breezy.hr/
vaaphilippines-recruitment,vaaphilippines-recruitment,https://vaaphilippines-recruitment.breezy.hr/
vagaro,vagaro,https://vagaro.breezy.hr/
vanguard-college-prep,vanguard-college-prep,https://vanguard-college-prep.breezy.hr/
vantage-point-solutions-inc,vantage-point-solutions-inc,https://vantage-point-solutions-inc.breezy.hr/
vectorvms,vectorvms,https://vectorvms.breezy.hr/
veridian,veridian,https://veridian.breezy.hr/
veritran,veritran,https://veritran.breezy.hr/
verity-it,verity-it,https://verity-it.breezy.hr/
veta-virtual-inc,veta-virtual-inc,https://veta-virtual-inc.breezy.hr/
vetsez,vetsez,https://vetsez.breezy.hr/
victory,victory,https://victory.breezy.hr/
virtual-construction-assistants,virtual-construction-assistants,https://virtual-construction-assistants.breezy.hr/
voltify,voltify,https://voltify.breezy.hr/
vontive,vontive,https://vontive.breezy.hr/
vosyn,vosyn,https://vosyn.breezy.hr/
voteamerica,voteamerica,https://voteamerica.breezy.hr/
wallester,wallester,https://wallester.breezy.hr/
wasoko,wasoko,https://wasoko.breezy.hr/
weassist-io,weassist-io,https://weassist-io.breezy.hr/
westairgroupofcompanies,westairgroupofcompanies,https://westairgroupofcompanies.breezy.hr/
west-fargo-park-district,west-fargo-park-district,https://west-fargo-park-district.breezy.hr/
westrocon,westrocon,https://westrocon.breezy.hr/
wevideo,wevideo,https://wevideo.breezy.hr/
winedirect,winedirect,https://winedirect.breezy.hr/
wise-pelican-llc,wise-pelican-llc,https://wise-pelican-llc.breezy.hr/
wolfe-llc,wolfe-llc,https://wolfe-llc.breezy.hr/
wongnai-media-co-ltd,wongnai-media-co-ltd,https://wongnai-media-co-ltd.breezy.hr/
workforce-beacon-solutions,workforce-beacon-solutions,https://workforce-beacon-solutions.breezy.hr/
workforce-solutions-for-tarrant-county,workforce-solutions-for-tarrant-county,https://workforce-solutions-for-tarrant-county.breezy.hr/
worksmart,worksmart,https://worksmart.breezy.hr/
wyze-labs,wyze-labs,https://wyze-labs.breezy.hr/
yardiromania,yardiromania,https://yardiromania.breezy.hr/
yiyienglish,yiyienglish,https://yiyienglish.breezy.hr/
yokly,yokly,https://yokly.breezy.hr/
zabble-inc,zabble-inc,https://zabble-inc.breezy.hr/
zact-inc,zact-inc,https://zact-inc.breezy.hr/
zameen,zameen,https://zameen.breezy.hr/
zeal,zeal,https://zeal.breezy.hr/
zero-hash,zero-hash,https://zero-hash.breezy.hr/
zetier,zetier,https://zetier.breezy.hr/
zeus-fire-and-security,zeus-fire-and-security,https://zeus-fire-and-security.breezy.hr/
zinier,zinier,https://zinier.breezy.hr/
zwitterco,zwitterco,https://zwitterco.breezy.hr/
ecora,ecora,https://ecora.breezy.hr/
hes-so-rectorat,hes-so-rectorat,https://hes-so-rectorat.breezy.hr/
unlimited-biking,unlimited-biking,https://unlimited-biking.breezy.hr/
vgen,vgen,https://vgen.breezy.hr/
zoomployee,zoomployee,https://zoomployee.breezy.hr/
behavior-treatment-analysis,behavior-treatment-analysis,https://behavior-treatment-analysis.breezy.hr/
dream-for-america,dream-for-america,https://dream-for-america.breezy.hr/
melon,melon,https://melon.breezy.hr/
cheryl-jefferson-associates-llc,cheryl-jefferson-associates-llc,https://cheryl-jefferson-associates-llc.breezy.hr/
dotlab,dotlab,https://dotlab.breezy.hr/
giftify,giftify,https://giftify.breezy.hr/
the-code-zone,the-code-zone,https://the-code-zone.breezy.hr/
access-inc,access-inc,https://access-inc.breezy.hr/
angiosafe,angiosafe,https://angiosafe.breezy.hr/
glaz-tech-industries,glaz-tech-industries,https://glaz-tech-industries.breezy.hr/
nursedash,nursedash,https://nursedash.breezy.hr/
q-block-computing,q-block-computing,https://q-block-computing.breezy.hr/
intellirad-imaging,intellirad-imaging,https://intellirad-imaging.breezy.hr/
koii-network,koii-network,https://koii-network.breezy.hr/
nomics,nomics,https://nomics.breezy.hr/
playvox,playvox,https://playvox.breezy.hr/
northwest-connecticut-transit-district,northwest-connecticut-transit-district,https://northwest-connecticut-transit-district.breezy.hr/
nplan,nplan,https://nplan.breezy.hr/
open-new-york,open-new-york,https://open-new-york.breezy.hr/
oxbridge-centre,oxbridge-centre,https://oxbridge-centre.breezy.hr/
1440-foods-manufacturing,1440-foods-manufacturing,https://1440-foods-manufacturing.breezy.hr/
indemand-care-healthy-agency-inc,indemand-care-healthy-agency-inc,https://indemand-care-healthy-agency-inc.breezy.hr/
bald-head-island-club,bald-head-island-club,https://bald-head-island-club.breezy.hr/
routeware-inc,routeware-inc,https://routeware-inc.breezy.hr/
hstk,hstk,https://hstk.breezy.hr/
outa,outa,https://outa.breezy.hr/
velomedi,velomedi,https://velomedi.breezy.hr/
newforesight-consultancy,newforesight-consultancy,https://newforesight-consultancy.breezy.hr/
nlx,nlx,https://nlx.breezy.hr/
joincitizen,joincitizen,https://joincitizen.breezy.hr/
aura-devices,aura-devices,https://aura-devices.breezy.hr/
ryther-child-center,ryther-child-center,https://ryther-child-center.breezy.hr/
ufodrive,ufodrive,https://ufodrive.breezy.hr/
astanza-laser,astanza-laser,https://astanza-laser.breezy.hr/
bridger-aerospace,bridger-aerospace,https://bridger-aerospace.breezy.hr/
interlock,interlock,https://interlock.breezy.hr/
search-atlas,search-atlas,https://search-atlas.breezy.hr/
brainlabs,brainlabs,https://brainlabs.breezy.hr/
gopowerev,gopowerev,https://gopowerev.breezy.hr/
pebc,pebc,https://pebc.breezy.hr/
breakthrough-inventions,breakthrough-inventions,https://breakthrough-inventions.breezy.hr/
ca-office-of-digital-innovation,ca-office-of-digital-innovation,https://ca-office-of-digital-innovation.breezy.hr/
storage-scholars,storage-scholars,https://storage-scholars.breezy.hr/
vision-beyond-group,vision-beyond-group,https://vision-beyond-group.breezy.hr/
7am-enfant-inc,7am-enfant-inc,https://7am-enfant-inc.breezy.hr/
bright-little-labs,bright-little-labs,https://bright-little-labs.breezy.hr/
paper-culture,paper-culture,https://paper-culture.breezy.hr/
raysaco,raysaco,https://raysaco.breezy.hr/
ritain-io,ritain-io,https://ritain-io.breezy.hr/
baby-doge,baby-doge,https://baby-doge.breezy.hr/
city-of-gulfport,city-of-gulfport,https://city-of-gulfport.breezy.hr/
feelslike,feelslike,https://feelslike.breezy.hr/
live-events-media-group-inc,live-events-media-group-inc,https://live-events-media-group-inc.breezy.hr/
itscout,itscout,https://itscout.breezy.hr/
underbelly,underbelly,https://underbelly.breezy.hr/
vilt-group,vilt-group,https://vilt-group.breezy.hr/
casm-limitlessli,casm-limitlessli,https://casm-limitlessli.breezy.hr/
dalet,dalet,https://dalet.breezy.hr/
deloro,deloro,https://deloro.breezy.hr/
national-art-strategies-inc,national-art-strategies-inc,https://national-art-strategies-inc.breezy.hr/
symbionix,symbionix,https://symbionix.breezy.hr/
arena-club,arena-club,https://arena-club.breezy.hr/
fawkes,fawkes,https://fawkes.breezy.hr/
tourmaline-labs,tourmaline-labs,https://tourmaline-labs.breezy.hr/
nsandd,nsandd,https://nsandd.breezy.hr/
pathspot,pathspot,https://pathspot.breezy.hr/
haha-app,haha-app,https://haha-app.breezy.hr/
lakewood-ranch-golf-and-country-club,lakewood-ranch-golf-and-country-club,https://lakewood-ranch-golf-and-country-club.breezy.hr/
meowtel,meowtel,https://meowtel.breezy.hr/
mti-efc42e758443,mti-efc42e758443,https://mti-efc42e758443.breezy.hr/
multidialogo,multidialogo,https://multidialogo.breezy.hr/
omnigo-fund,omnigo-fund,https://omnigo-fund.breezy.hr/
seashell,seashell,https://seashell.breezy.hr/
bedford-commons-obgyn,bedford-commons-obgyn,https://bedford-commons-obgyn.breezy.hr/
cloud-imperium-games,cloud-imperium-games,https://cloud-imperium-games.breezy.hr/
j-bandy-consulting-limited,j-bandy-consulting-limited,https://j-bandy-consulting-limited.breezy.hr/
onedayonly-co-za,onedayonly-co-za,https://onedayonly-co-za.breezy.hr/
share,share,https://share.breezy.hr/
smart-role,smart-role,https://smart-role.breezy.hr/
ameelio,ameelio,https://ameelio.breezy.hr/
chartsquad,chartsquad,https://chartsquad.breezy.hr/
four15-digital,four15-digital,https://four15-digital.breezy.hr/
john-flatley-company,john-flatley-company,https://john-flatley-company.breezy.hr/
upgrade-s-r-l,upgrade-s-r-l,https://upgrade-s-r-l.breezy.hr/
vareo,vareo,https://vareo.breezy.hr/
arclight-painting-llc,arclight-painting-llc,https://arclight-painting-llc.breezy.hr/
brandlovrs,brandlovrs,https://brandlovrs.breezy.hr/
ixperience,ixperience,https://ixperience.breezy.hr/
reel-father-s-rights,reel-father-s-rights,https://reel-father-s-rights.breezy.hr/
120water,120water,https://120water.breezy.hr/
islide,islide,https://islide.breezy.hr/
lyte,lyte,https://lyte.breezy.hr/
wunderdog,wunderdog,https://wunderdog.breezy.hr/
emurgo,emurgo,https://emurgo.breezy.hr/
north-east-transportation-company,north-east-transportation-company,https://north-east-transportation-company.breezy.hr/
outsta,outsta,https://outsta.breezy.hr/
pompa-program,pompa-program,https://pompa-program.breezy.hr/
cocktail-holidays,cocktail-holidays,https://cocktail-holidays.breezy.hr/
logistis-for-designers,logistis-for-designers,https://logistis-for-designers.breezy.hr/
threatray,threatray,https://threatray.breezy.hr/
coastline,coastline,https://coastline.breezy.hr/
kentuckians-for-the-commonwealth,kentuckians-for-the-commonwealth,https://kentuckians-for-the-commonwealth.breezy.hr/
mobilizejobs,mobilizejobs,https://mobilizejobs.breezy.hr/
st-mark-s-school,st-mark-s-school,https://st-mark-s-school.breezy.hr/
warhorsestudios,warhorsestudios,https://warhorsestudios.breezy.hr/
water-access-rwanda,water-access-rwanda,https://water-access-rwanda.breezy.hr/
principa,principa,https://principa.breezy.hr/
salientmg,salientmg,https://salientmg.breezy.hr/
water-works-engineers,water-works-engineers,https://water-works-engineers.breezy.hr/
mf-associates,mf-associates,https://mf-associates.breezy.hr/
precision-plumbing,precision-plumbing,https://precision-plumbing.breezy.hr/
preferred-care-at-home-of-york,preferred-care-at-home-of-york,https://preferred-care-at-home-of-york.breezy.hr/
cisabroad,cisabroad,https://cisabroad.breezy.hr/
nordcloudfinland,nordcloudfinland,https://nordcloudfinland.breezy.hr/
versatile,versatile,https://versatile.breezy.hr/
wilber-group,wilber-group,https://wilber-group.breezy.hr/
accessed-space,accessed-space,https://accessed-space.breezy.hr/
theta,theta,https://theta.breezy.hr/
analyse2-oy,analyse2-oy,https://analyse2-oy.breezy.hr/
aspis-llc,aspis-llc,https://aspis-llc.breezy.hr/
extenteam-inc,extenteam-inc,https://extenteam-inc.breezy.hr/
nob-hill-security,nob-hill-security,https://nob-hill-security.breezy.hr/
atec-inc,atec-inc,https://atec-inc.breezy.hr/
volley-llc,volley-llc,https://volley-llc.breezy.hr/
align-custom-fit-footwear-footcare,align-custom-fit-footwear-footcare,https://align-custom-fit-footwear-footcare.breezy.hr/
crowdai,crowdai,https://crowdai.breezy.hr/
ours-wellness,ours-wellness,https://ours-wellness.breezy.hr/
productdock,productdock,https://productdock.breezy.hr/
edops,edops,https://edops.breezy.hr/
openrouter,openrouter,https://openrouter.breezy.hr/
avalo,avalo,https://avalo.breezy.hr/
capaciti,capaciti,https://capaciti.breezy.hr/
clearsulting,clearsulting,https://clearsulting.breezy.hr/
healthtracka,healthtracka,https://healthtracka.breezy.hr/
renalogic,renalogic,https://renalogic.breezy.hr/
vifive,vifive,https://vifive.breezy.hr/
carida,carida,https://carida.breezy.hr/
cattlemax,cattlemax,https://cattlemax.breezy.hr/
cvedia,cvedia,https://cvedia.breezy.hr/
onyx-insight,onyx-insight,https://onyx-insight.breezy.hr/
brockington-and-associates,brockington-and-associates,https://brockington-and-associates.breezy.hr/
gojob,gojob,https://gojob.breezy.hr/
lindt-sprunglicanada,lindt-sprunglicanada,https://lindt-sprunglicanada.breezy.hr/
acuit-development,acuit-development,https://acuit-development.breezy.hr/
wizville,wizville,https://wizville.breezy.hr/
hall-financial,hall-financial,https://hall-financial.breezy.hr/
loginsoft-consulting-llc,loginsoft-consulting-llc,https://loginsoft-consulting-llc.breezy.hr/
brinch-partners,brinch-partners,https://brinch-partners.breezy.hr/
calvert-home-mortgage-investment-corporation,calvert-home-mortgage-investment-corporation,https://calvert-home-mortgage-investment-corporation.breezy.hr/
hunt-forest-products,hunt-forest-products,https://hunt-forest-products.breezy.hr/
kalibri-labs,kalibri-labs,https://kalibri-labs.breezy.hr/
oak-tenn,oak-tenn,https://oak-tenn.breezy.hr/
ritholtz-wealth-management,ritholtz-wealth-management,https://ritholtz-wealth-management.breezy.hr/
skyscrapers,skyscrapers,https://skyscrapers.breezy.hr/
udext,udext,https://udext.breezy.hr/
cody-cpa,cody-cpa,https://cody-cpa.breezy.hr/
newstex,newstex,https://newstex.breezy.hr/
otter-pr,otter-pr,https://otter-pr.breezy.hr/
proglove,proglove,https://proglove.breezy.hr/
shore-consulting,shore-consulting,https://shore-consulting.breezy.hr/
incentify,incentify,https://incentify.breezy.hr/
reliant-collegiate-program,reliant-collegiate-program,https://reliant-collegiate-program.breezy.hr/
toffeex,toffeex,https://toffeex.breezy.hr/
instudent-group,instudent-group,https://instudent-group.breezy.hr/
outform-consulting,outform-consulting,https://outform-consulting.breezy.hr/
seafoam-media,seafoam-media,https://seafoam-media.breezy.hr/
sidekicker,sidekicker,https://sidekicker.breezy.hr/
swyft-filings,swyft-filings,https://swyft-filings.breezy.hr/
alter-global,alter-global,https://alter-global.breezy.hr/
humata-health-inc,humata-health-inc,https://humata-health-inc.breezy.hr/
interius-biotherapeutics-inc,interius-biotherapeutics-inc,https://interius-biotherapeutics-inc.breezy.hr/
ishir,ishir,https://ishir.breezy.hr/
oppl,oppl,https://oppl.breezy.hr/
triangle-land-conservancy,triangle-land-conservancy,https://triangle-land-conservancy.breezy.hr/
english-musicals-korea,english-musicals-korea,https://english-musicals-korea.breezy.hr/
praetorian-capital-management-llc,praetorian-capital-management-llc,https://praetorian-capital-management-llc.breezy.hr/
escape-room-san-antonio-llc,escape-room-san-antonio-llc,https://escape-room-san-antonio-llc.breezy.hr/
mass-engines,mass-engines,https://mass-engines.breezy.hr/
tread-labs,tread-labs,https://tread-labs.breezy.hr/
cybervance,cybervance,https://cybervance.breezy.hr/
deliverhealth,deliverhealth,https://deliverhealth.breezy.hr/
mettiki-coal-llc,mettiki-coal-llc,https://mettiki-coal-llc.breezy.hr/
fellowsprogram,fellowsprogram,https://fellowsprogram.breezy.hr/
home-spritz,home-spritz,https://home-spritz.breezy.hr/
shapiro-raj,shapiro-raj,https://shapiro-raj.breezy.hr/
alegra,alegra,https://alegra.breezy.hr/
cuid,cuid,https://cuid.breezy.hr/
dashly-limited,dashly-limited,https://dashly-limited.breezy.hr/
factoryfix,factoryfix,https://factoryfix.breezy.hr/
fintros,fintros,https://fintros.breezy.hr/
quarks,quarks,https://quarks.breezy.hr/
chronus-health-inc,chronus-health-inc,https://chronus-health-inc.breezy.hr/
sigital-llc,sigital-llc,https://sigital-llc.breezy.hr/
spatial,spatial,https://spatial.breezy.hr/
usdn,usdn,https://usdn.breezy.hr/
bykea,bykea,https://bykea.breezy.hr/
modern-pediatrics,modern-pediatrics,https://modern-pediatrics.breezy.hr/
prt-financial,prt-financial,https://prt-financial.breezy.hr/
glasshouse-systems,glasshouse-systems,https://glasshouse-systems.breezy.hr/
loop-tie,loop-tie,https://loop-tie.breezy.hr/
magnolia-care-services-inc,magnolia-care-services-inc,https://magnolia-care-services-inc.breezy.hr/
pogo,pogo,https://pogo.breezy.hr/
sparx-hockey,sparx-hockey,https://sparx-hockey.breezy.hr/
deep-creek-solutions,deep-creek-solutions,https://deep-creek-solutions.breezy.hr/
lulu-dans-ma-rue,lulu-dans-ma-rue,https://lulu-dans-ma-rue.breezy.hr/
qleen,qleen,https://qleen.breezy.hr/
resultstack,resultstack,https://resultstack.breezy.hr/
yox-club,yox-club,https://yox-club.breezy.hr/
balfour-management,balfour-management,https://balfour-management.breezy.hr/
gistia,gistia,https://gistia.breezy.hr/
entando,entando,https://entando.breezy.hr/
laurel-ag-water,laurel-ag-water,https://laurel-ag-water.breezy.hr/
signatureaviation,signatureaviation,https://signatureaviation.breezy.hr/
swarm64,swarm64,https://swarm64.breezy.hr/
winnables,winnables,https://winnables.breezy.hr/
alma-del-mar-charter-school,alma-del-mar-charter-school,https://alma-del-mar-charter-school.breezy.hr/
brightvine,brightvine,https://brightvine.breezy.hr/
ngc-transmission-equipment-america-inc,ngc-transmission-equipment-america-inc,https://ngc-transmission-equipment-america-inc.breezy.hr/
point-out,point-out,https://point-out.breezy.hr/
wagpco,wagpco,https://wagpco.breezy.hr/
gigabrain,gigabrain,https://gigabrain.breezy.hr/
optimindhealth,optimindhealth,https://optimindhealth.breezy.hr/
trek10,trek10,https://trek10.breezy.hr/
edison-partners,edison-partners,https://edison-partners.breezy.hr/
gci-security-inc,gci-security-inc,https://gci-security-inc.breezy.hr/
peeple-inc,peeple-inc,https://peeple-inc.breezy.hr/
virtual-internships-partners-ltd,virtual-internships-partners-ltd,https://virtual-internships-partners-ltd.breezy.hr/
colugo,colugo,https://colugo.breezy.hr/
sinai,sinai,https://sinai.breezy.hr/
teachlogic-llc,teachlogic-llc,https://teachlogic-llc.breezy.hr/
catchbox-sia,catchbox-sia,https://catchbox-sia.breezy.hr/
bloom,bloom,https://bloom.breezy.hr/
boxbar-tech,boxbar-tech,https://boxbar-tech.breezy.hr/
talentline-services-llc,talentline-services-llc,https://talentline-services-llc.breezy.hr/
wheelsonsite-usa,wheelsonsite-usa,https://wheelsonsite-usa.breezy.hr/
advisorengine,advisorengine,https://advisorengine.breezy.hr/
bite,bite,https://bite.breezy.hr/
de-young-properties,de-young-properties,https://de-young-properties.breezy.hr/
hearst,hearst,https://hearst.breezy.hr/
monterey-technologies,monterey-technologies,https://monterey-technologies.breezy.hr/
al-j-mueller-construction-co,al-j-mueller-construction-co,https://al-j-mueller-construction-co.breezy.hr/
general-biological,general-biological,https://general-biological.breezy.hr/
andworx,andworx,https://andworx.breezy.hr/
ehvert-engineering-inc,ehvert-engineering-inc,https://ehvert-engineering-inc.breezy.hr/
helm-construction-solutions,helm-construction-solutions,https://helm-construction-solutions.breezy.hr/
shamil-translation,shamil-translation,https://shamil-translation.breezy.hr/
wimzee,wimzee,https://wimzee.breezy.hr/
anthem-engineering,anthem-engineering,https://anthem-engineering.breezy.hr/
budget-right-handyman,budget-right-handyman,https://budget-right-handyman.breezy.hr/
rabbitrank,rabbitrank,https://rabbitrank.breezy.hr/
ray-of-hope,ray-of-hope,https://ray-of-hope.breezy.hr/
actimage,actimage,https://actimage.breezy.hr/
ascento-ag,ascento-ag,https://ascento-ag.breezy.hr/
baymeadows-movers,baymeadows-movers,https://baymeadows-movers.breezy.hr/
data-sentinel-inc,data-sentinel-inc,https://data-sentinel-inc.breezy.hr/
bobandronna,bobandronna,https://bobandronna.breezy.hr/
center-for-responsive-schools,center-for-responsive-schools,https://center-for-responsive-schools.breezy.hr/
hicx-solutions,hicx-solutions,https://hicx-solutions.breezy.hr/
iec,iec,https://iec.breezy.hr/
jha-companies,jha-companies,https://jha-companies.breezy.hr/
prudent-engineering,prudent-engineering,https://prudent-engineering.breezy.hr/
wodify,wodify,https://wodify.breezy.hr/
sela-aquatics,sela-aquatics,https://sela-aquatics.breezy.hr/
vinyl-me-please,vinyl-me-please,https://vinyl-me-please.breezy.hr/
waystocap,waystocap,https://waystocap.breezy.hr/
black-mountain-software,black-mountain-software,https://black-mountain-software.breezy.hr/
coloradokids,coloradokids,https://coloradokids.breezy.hr/
nuserve,nuserve,https://nuserve.breezy.hr/
django,django,https://django.breezy.hr/
engel-volkers,engel-volkers,https://engel-volkers.breezy.hr/
international-automotive-components,international-automotive-components,https://international-automotive-components.breezy.hr/
vocalytics,vocalytics,https://vocalytics.breezy.hr/
xtream-adminz,xtream-adminz,https://xtream-adminz.breezy.hr/
carpe-digits,carpe-digits,https://carpe-digits.breezy.hr/
devilmaycareatxjobs,devilmaycareatxjobs,https://devilmaycareatxjobs.breezy.hr/
esperanza-behavioral-health,esperanza-behavioral-health,https://esperanza-behavioral-health.breezy.hr/
n2net,n2net,https://n2net.breezy.hr/
omni-us,omni-us,https://omni-us.breezy.hr/
seedtag,seedtag,https://seedtag.breezy.hr/
suitespot-technology,suitespot-technology,https://suitespot-technology.breezy.hr/
swipesense,swipesense,https://swipesense.breezy.hr/
one-step,one-step,https://one-step.breezy.hr/
qs,qs,https://qs.breezy.hr/
impact-chw,impact-chw,https://impact-chw.breezy.hr/
shoreline-natural-resources-limited,shoreline-natural-resources-limited,https://shoreline-natural-resources-limited.breezy.hr/
beek,beek,https://beek.breezy.hr/
deep-end-talent-strategies,deep-end-talent-strategies,https://deep-end-talent-strategies.breezy.hr/
midwest-catv,midwest-catv,https://midwest-catv.breezy.hr/
authority-brands-woofies,authority-brands-woofies,https://authority-brands-woofies.breezy.hr/
celebrity-series,celebrity-series,https://celebrity-series.breezy.hr/
collegeplannerpro,collegeplannerpro,https://collegeplannerpro.breezy.hr/
elements-brands,elements-brands,https://elements-brands.breezy.hr/
hathor-network,hathor-network,https://hathor-network.breezy.hr/
good-company,good-company,https://good-company.breezy.hr/
green-pest-management,green-pest-management,https://green-pest-management.breezy.hr/
makerkids,makerkids,https://makerkids.breezy.hr/
smarttie-digital-lab-sc,smarttie-digital-lab-sc,https://smarttie-digital-lab-sc.breezy.hr/
full-fibre-limited,full-fibre-limited,https://full-fibre-limited.breezy.hr/
great-west-equipment,great-west-equipment,https://great-west-equipment.breezy.hr/
gsmgroup-africa,gsmgroup-africa,https://gsmgroup-africa.breezy.hr/
manypixels,manypixels,https://manypixels.breezy.hr/
spectrum-primary-care,spectrum-primary-care,https://spectrum-primary-care.breezy.hr/
truepoint-communications,truepoint-communications,https://truepoint-communications.breezy.hr/
sudokrew,sudokrew,https://sudokrew.breezy.hr/
abc-imaging,abc-imaging,https://abc-imaging.breezy.hr/
barloworldequipment,barloworldequipment,https://barloworldequipment.breezy.hr/
budapest-school,budapest-school,https://budapest-school.breezy.hr/
daybreak-health,daybreak-health,https://daybreak-health.breezy.hr/
cogentlabs,cogentlabs,https://cogentlabs.breezy.hr/
peakd-com,peakd-com,https://peakd-com.breezy.hr/
d3,d3,https://d3.breezy.hr/
reveille-group,reveille-group,https://reveille-group.breezy.hr/
colossus,colossus,https://colossus.breezy.hr/
dtb,dtb,https://dtb.breezy.hr/
positrigo-ag,positrigo-ag,https://positrigo-ag.breezy.hr/
reliant-central,reliant-central,https://reliant-central.breezy.hr/
the-timothy-school,the-timothy-school,https://the-timothy-school.breezy.hr/
beagle-services,beagle-services,https://beagle-services.breezy.hr/
crimson-education,crimson-education,https://crimson-education.breezy.hr/
nttrb,nttrb,https://nttrb.breezy.hr/
primeforge,primeforge,https://primeforge.breezy.hr/
welby-health-inc,welby-health-inc,https://welby-health-inc.breezy.hr/
absolute-security,absolute-security,https://absolute-security.breezy.hr/
human-kinetics,human-kinetics,https://human-kinetics.breezy.hr/
town-of-hudson,town-of-hudson,https://town-of-hudson.breezy.hr/
two-hands-america-inc,two-hands-america-inc,https://two-hands-america-inc.breezy.hr/
zepher-flight-labs,zepher-flight-labs,https://zepher-flight-labs.breezy.hr/
lurecruiter,lurecruiter,https://lurecruiter.breezy.hr/
pagefreezer-software-inc,pagefreezer-software-inc,https://pagefreezer-software-inc.breezy.hr/
us-inspect,us-inspect,https://us-inspect.breezy.hr/
zedge,zedge,https://zedge.breezy.hr/
nubinary,nubinary,https://nubinary.breezy.hr/
saber-technology-solutions-llc,saber-technology-solutions-llc,https://saber-technology-solutions-llc.breezy.hr/
camrett-logistics,camrett-logistics,https://camrett-logistics.breezy.hr/
core-ohio-inc,core-ohio-inc,https://core-ohio-inc.breezy.hr/
dutch-analytics,dutch-analytics,https://dutch-analytics.breezy.hr/
finsmart,finsmart,https://finsmart.breezy.hr/
mare-island-brewing-co,mare-island-brewing-co,https://mare-island-brewing-co.breezy.hr/
sangfroid-strategy,sangfroid-strategy,https://sangfroid-strategy.breezy.hr/
26five,26five,https://26five.breezy.hr/
peninsula-canada,peninsula-canada,https://peninsula-canada.breezy.hr/
predict4health,predict4health,https://predict4health.breezy.hr/
davidbayer,davidbayer,https://davidbayer.breezy.hr/
drumanilra,drumanilra,https://drumanilra.breezy.hr/
landmark-hospitality,landmark-hospitality,https://landmark-hospitality.breezy.hr/
petite-plume,petite-plume,https://petite-plume.breezy.hr/
profound-strategy,profound-strategy,https://profound-strategy.breezy.hr/
home-genius-exteriors,home-genius-exteriors,https://home-genius-exteriors.breezy.hr/
louis-ptak-construction,louis-ptak-construction,https://louis-ptak-construction.breezy.hr/
ltg,ltg,https://ltg.breezy.hr/
acadia-collection,acadia-collection,https://acadia-collection.breezy.hr/
bmc-aggregates,bmc-aggregates,https://bmc-aggregates.breezy.hr/
electra-vehicles-inc,electra-vehicles-inc,https://electra-vehicles-inc.breezy.hr/
ellsworthhamtptoninn,ellsworthhamtptoninn,https://ellsworthhamtptoninn.breezy.hr/
niceplay-games,niceplay-games,https://niceplay-games.breezy.hr/
pr-volt,pr-volt,https://pr-volt.breezy.hr/
selectquote,selectquote,https://selectquote.breezy.hr/
kare-co,kare-co,https://kare-co.breezy.hr/
welcoming-neighbors-network,welcoming-neighbors-network,https://welcoming-neighbors-network.breezy.hr/
summit-medical-consultants-llc,summit-medical-consultants-llc,https://summit-medical-consultants-llc.breezy.hr/
black-mcdonald-limited,black-mcdonald-limited,https://black-mcdonald-limited.breezy.hr/
getoveralls,getoveralls,https://getoveralls.breezy.hr/
livework,livework,https://livework.breezy.hr/
women-of-renewable-industries-and-sustainable-energy-wrise,women-of-renewable-industries-and-sustainable-energy-wrise,https://women-of-renewable-industries-and-sustainable-energy-wrise.breezy.hr/
blue-ocean-ideas,blue-ocean-ideas,https://blue-ocean-ideas.breezy.hr/
resilient-minds-on-the-front-lines,resilient-minds-on-the-front-lines,https://resilient-minds-on-the-front-lines.breezy.hr/
codeminders,codeminders,https://codeminders.breezy.hr/
rubica,rubica,https://rubica.breezy.hr/
sown-to-grow,sown-to-grow,https://sown-to-grow.breezy.hr/
codeverse,codeverse,https://codeverse.breezy.hr/
salt-home-services,salt-home-services,https://salt-home-services.breezy.hr/
kore-software,kore-software,https://kore-software.breezy.hr/
sister-schools,sister-schools,https://sister-schools.breezy.hr/
yield-protocol,yield-protocol,https://yield-protocol.breezy.hr/
guardian-tax-network,guardian-tax-network,https://guardian-tax-network.breezy.hr/
sana-lake-recovery,sana-lake-recovery,https://sana-lake-recovery.breezy.hr/
thukiswa,thukiswa,https://thukiswa.breezy.hr/
bond-pro-inc,bond-pro-inc,https://bond-pro-inc.breezy.hr/
continuousscale,continuousscale,https://continuousscale.breezy.hr/
getmyboat,getmyboat,https://getmyboat.breezy.hr/
half-past-yellow-aps,half-past-yellow-aps,https://half-past-yellow-aps.breezy.hr/
m7-health,m7-health,https://m7-health.breezy.hr/
rockcruit,rockcruit,https://rockcruit.breezy.hr/
walters-gilbreath-pllc,walters-gilbreath-pllc,https://walters-gilbreath-pllc.breezy.hr/
crowdbotics-corp,crowdbotics-corp,https://crowdbotics-corp.breezy.hr/
nodal,nodal,https://nodal.breezy.hr/
northland-christian-church,northland-christian-church,https://northland-christian-church.breezy.hr/
sushi-guy,sushi-guy,https://sushi-guy.breezy.hr/
tinybuild,tinybuild,https://tinybuild.breezy.hr/
dollar-flight-club,dollar-flight-club,https://dollar-flight-club.breezy.hr/
tidyflow,tidyflow,https://tidyflow.breezy.hr/
voyager-portal,voyager-portal,https://voyager-portal.breezy.hr/
yield-guild-games,yield-guild-games,https://yield-guild-games.breezy.hr/
gno-partners,gno-partners,https://gno-partners.breezy.hr/
platforme,platforme,https://platforme.breezy.hr/
bactrack,bactrack,https://bactrack.breezy.hr/
ethermail,ethermail,https://ethermail.breezy.hr/
pinnacle-environmental-management-support,pinnacle-environmental-management-support,https://pinnacle-environmental-management-support.breezy.hr/
positive-action-inc,positive-action-inc,https://positive-action-inc.breezy.hr/
swing-left,swing-left,https://swing-left.breezy.hr/
true-tape-sports-gmbh,true-tape-sports-gmbh,https://true-tape-sports-gmbh.breezy.hr/
black-elm-coffee,black-elm-coffee,https://black-elm-coffee.breezy.hr/
ea-gibson,ea-gibson,https://ea-gibson.breezy.hr/
podean,podean,https://podean.breezy.hr/
360-digital-starters-gmbh,360-digital-starters-gmbh,https://360-digital-starters-gmbh.breezy.hr/
advantage-consultores,advantage-consultores,https://advantage-consultores.breezy.hr/
contro,contro,https://contro.breezy.hr/
cosmic-delivery,cosmic-delivery,https://cosmic-delivery.breezy.hr/
fairtrade-america,fairtrade-america,https://fairtrade-america.breezy.hr/
ondas-networks,ondas-networks,https://ondas-networks.breezy.hr/
pastel,pastel,https://pastel.breezy.hr/
spacefinish,spacefinish,https://spacefinish.breezy.hr/
xcell-biosciences-inc,xcell-biosciences-inc,https://xcell-biosciences-inc.breezy.hr/
city-of-moab,city-of-moab,https://city-of-moab.breezy.hr/
gabriel,gabriel,https://gabriel.breezy.hr/
meet,meet,https://meet.breezy.hr/
minerva-project,minerva-project,https://minerva-project.breezy.hr/
barcelona-sae,barcelona-sae,https://barcelona-sae.breezy.hr/
caban-systems,caban-systems,https://caban-systems.breezy.hr/
digi-x,digi-x,https://digi-x.breezy.hr/
summerfall-studios,summerfall-studios,https://summerfall-studios.breezy.hr/
axcend-chromatography,axcend-chromatography,https://axcend-chromatography.breezy.hr/
birthday-capsule,birthday-capsule,https://birthday-capsule.breezy.hr/
global-data-systems,global-data-systems,https://global-data-systems.breezy.hr/
aro-bio-therapeutics,aro-bio-therapeutics,https://aro-bio-therapeutics.breezy.hr/
dave-friedman-team,dave-friedman-team,https://dave-friedman-team.breezy.hr/
next-generation-inc,next-generation-inc,https://next-generation-inc.breezy.hr/
smokey-point-distributing,smokey-point-distributing,https://smokey-point-distributing.breezy.hr/
incubeta-7b378e690789,incubeta-7b378e690789,https://incubeta-7b378e690789.breezy.hr/
kineticstrategies-us-l,kineticstrategies-us-l,https://kineticstrategies-us-l.breezy.hr/
quicklyhire,quicklyhire,https://quicklyhire.breezy.hr/
umai,umai,https://umai.breezy.hr/
great-lakes-drone-company-llc,great-lakes-drone-company-llc,https://great-lakes-drone-company-llc.breezy.hr/
zenrooms-com,zenrooms-com,https://zenrooms-com.breezy.hr/
11onze,11onze,https://11onze.breezy.hr/
blue-cheetah-analog-design,blue-cheetah-analog-design,https://blue-cheetah-analog-design.breezy.hr/
lunario-media,lunario-media,https://lunario-media.breezy.hr/
edujob,edujob,https://edujob.breezy.hr/
likeme,likeme,https://likeme.breezy.hr/
pine-creek-games,pine-creek-games,https://pine-creek-games.breezy.hr/
smaa,smaa,https://smaa.breezy.hr/
employee-cycle,employee-cycle,https://employee-cycle.breezy.hr/
lande,lande,https://lande.breezy.hr/
quadcode,quadcode,https://quadcode.breezy.hr/
the-care-bureau,the-care-bureau,https://the-care-bureau.breezy.hr/
mooncolony,mooncolony,https://mooncolony.breezy.hr/
tovifit,tovifit,https://tovifit.breezy.hr/
beyondfs,beyondfs,https://beyondfs.breezy.hr/
iridium,iridium,https://iridium.breezy.hr/
sv,sv,https://sv.breezy.hr/
yonkers-industries-inc,yonkers-industries-inc,https://yonkers-industries-inc.breezy.hr/
altitude-roofing-ltd,altitude-roofing-ltd,https://altitude-roofing-ltd.breezy.hr/
kimmel-associates,kimmel-associates,https://kimmel-associates.breezy.hr/
mobymax,mobymax,https://mobymax.breezy.hr/
girls-inc-of-boston-and-lynn,girls-inc-of-boston-and-lynn,https://girls-inc-of-boston-and-lynn.breezy.hr/
investin-education,investin-education,https://investin-education.breezy.hr/
applied-information-sciences,applied-information-sciences,https://applied-information-sciences.breezy.hr/
eam-technology-ag,eam-technology-ag,https://eam-technology-ag.breezy.hr/
ecosystems-holdings,ecosystems-holdings,https://ecosystems-holdings.breezy.hr/
high-output-ventures,high-output-ventures,https://high-output-ventures.breezy.hr/
timber-tops-cabin-rentals,timber-tops-cabin-rentals,https://timber-tops-cabin-rentals.breezy.hr/
vopay-international-inc,vopay-international-inc,https://vopay-international-inc.breezy.hr/
aerolase,aerolase,https://aerolase.breezy.hr/
brightpath-financial-corporation,brightpath-financial-corporation,https://brightpath-financial-corporation.breezy.hr/
new-era-adr,new-era-adr,https://new-era-adr.breezy.hr/
steady-platform,steady-platform,https://steady-platform.breezy.hr/
stokastic,stokastic,https://stokastic.breezy.hr/
sunblink,sunblink,https://sunblink.breezy.hr/
universal-wolf,universal-wolf,https://universal-wolf.breezy.hr/
mkec-engineering-inc,mkec-engineering-inc,https://mkec-engineering-inc.breezy.hr/
vortala,vortala,https://vortala.breezy.hr/
exsquaredlatam,exsquaredlatam,https://exsquaredlatam.breezy.hr/
ingenia,ingenia,https://ingenia.breezy.hr/
mavens-guild,mavens-guild,https://mavens-guild.breezy.hr/
47-degrees,47-degrees,https://47-degrees.breezy.hr/
apostrophe-technologies,apostrophe-technologies,https://apostrophe-technologies.breezy.hr/
meals-on-wheels-central-texas-in-home-care,meals-on-wheels-central-texas-in-home-care,https://meals-on-wheels-central-texas-in-home-care.breezy.hr/
ngdesignwave,ngdesignwave,https://ngdesignwave.breezy.hr/
the-intercept,the-intercept,https://the-intercept.breezy.hr/
vsa,vsa,https://vsa.breezy.hr/
jungsoft-io,jungsoft-io,https://jungsoft-io.breezy.hr/
pickles,pickles,https://pickles.breezy.hr/
sultans,sultans,https://sultans.breezy.hr/
cask-global-canning-solutions,cask-global-canning-solutions,https://cask-global-canning-solutions.breezy.hr/
numrah,numrah,https://numrah.breezy.hr/
span-construction-engineering-inc,span-construction-engineering-inc,https://span-construction-engineering-inc.breezy.hr/
arrived,arrived,https://arrived.breezy.hr/
peach,peach,https://peach.breezy.hr/
pennings-sons,pennings-sons,https://pennings-sons.breezy.hr/
tezzro,tezzro,https://tezzro.breezy.hr/
amira-learning-inc,amira-learning-inc,https://amira-learning-inc.breezy.hr/
g11-technology-partners,g11-technology-partners,https://g11-technology-partners.breezy.hr/
simera-sense,simera-sense,https://simera-sense.breezy.hr/
behavior-intervention-group,behavior-intervention-group,https://behavior-intervention-group.breezy.hr/
crowd-cow,crowd-cow,https://crowd-cow.breezy.hr/
frontwisegroup,frontwisegroup,https://frontwisegroup.breezy.hr/
hispanic-access-foundation,hispanic-access-foundation,https://hispanic-access-foundation.breezy.hr/
sightline-climate-inc,sightline-climate-inc,https://sightline-climate-inc.breezy.hr/
eye-to-eye-inc,eye-to-eye-inc,https://eye-to-eye-inc.breezy.hr/
fixedfeeit,fixedfeeit,https://fixedfeeit.breezy.hr/
ironhorse,ironhorse,https://ironhorse.breezy.hr/
madison-medical-affiliates,madison-medical-affiliates,https://madison-medical-affiliates.breezy.hr/
serato-limited,serato-limited,https://serato-limited.breezy.hr/
burris-logistics,burris-logistics,https://burris-logistics.breezy.hr/
family-care-inc,family-care-inc,https://family-care-inc.breezy.hr/
solar-lf,solar-lf,https://solar-lf.breezy.hr/
vizexplorer,vizexplorer,https://vizexplorer.breezy.hr/
dovelewis-veterinary-emergency-and-specialty-hospital,dovelewis-veterinary-emergency-and-specialty-hospital,https://dovelewis-veterinary-emergency-and-specialty-hospital.breezy.hr/
faithful-america,faithful-america,https://faithful-america.breezy.hr/
fatturaelettronicapa,fatturaelettronicapa,https://fatturaelettronicapa.breezy.hr/
simple-organic,simple-organic,https://simple-organic.breezy.hr/
soles4souls,soles4souls,https://soles4souls.breezy.hr/
any-do,any-do,https://any-do.breezy.hr/
team-sheeper,team-sheeper,https://team-sheeper.breezy.hr/
contrarian-thinking,contrarian-thinking,https://contrarian-thinking.breezy.hr/
stem-learning-ltd,stem-learning-ltd,https://stem-learning-ltd.breezy.hr/
adore-me,adore-me,https://adore-me.breezy.hr/
dance-to-evolve,dance-to-evolve,https://dance-to-evolve.breezy.hr/
logic-plum,logic-plum,https://logic-plum.breezy.hr/
nxs,nxs,https://nxs.breezy.hr/
reliantinternships,reliantinternships,https://reliantinternships.breezy.hr/
kbr,kbr,https://kbr.breezy.hr/
aluminio-inc,aluminio-inc,https://aluminio-inc.breezy.hr/
gray-capital-llc,gray-capital-llc,https://gray-capital-llc.breezy.hr/
recrutement-selection-inc,recrutement-selection-inc,https://recrutement-selection-inc.breezy.hr/
ablefy,ablefy,https://ablefy.breezy.hr/
blue-ocean-pool-service,blue-ocean-pool-service,https://blue-ocean-pool-service.breezy.hr/
hospitality-health-er,hospitality-health-er,https://hospitality-health-er.breezy.hr/
noteworthy-piano-studio,noteworthy-piano-studio,https://noteworthy-piano-studio.breezy.hr/
proems,proems,https://proems.breezy.hr/
sefaria,sefaria,https://sefaria.breezy.hr/
cascade-biocatalysts,cascade-biocatalysts,https://cascade-biocatalysts.breezy.hr/
concurrent-technologies-corporation,concurrent-technologies-corporation,https://concurrent-technologies-corporation.breezy.hr/
blue-bite,blue-bite,https://blue-bite.breezy.hr/
climavision,climavision,https://climavision.breezy.hr/
debugbear,debugbear,https://debugbear.breezy.hr/
home-maid-better,home-maid-better,https://home-maid-better.breezy.hr/
ilo-group,ilo-group,https://ilo-group.breezy.hr/
watson-creative,watson-creative,https://watson-creative.breezy.hr/
breakout,breakout,https://breakout.breezy.hr/
cloudshape-inc,cloudshape-inc,https://cloudshape-inc.breezy.hr/
mariadb-corporation-ab,mariadb-corporation-ab,https://mariadb-corporation-ab.breezy.hr/
nebulab,nebulab,https://nebulab.breezy.hr/
opterus,opterus,https://opterus.breezy.hr/
gozio,gozio,https://gozio.breezy.hr/
king-s-harbor-church,king-s-harbor-church,https://king-s-harbor-church.breezy.hr/
grove-networks,grove-networks,https://grove-networks.breezy.hr/
information-resources-apac,information-resources-apac,https://information-resources-apac.breezy.hr/
robertplumbmanagement,robertplumbmanagement,https://robertplumbmanagement.breezy.hr/
advantage-design-group,advantage-design-group,https://advantage-design-group.breezy.hr/
alsalamhospital,alsalamhospital,https://alsalamhospital.breezy.hr/
asian-law-caucus,asian-law-caucus,https://asian-law-caucus.breezy.hr/
breakthrough-ally,breakthrough-ally,https://breakthrough-ally.breezy.hr/
hire-up-talent-services,hire-up-talent-services,https://hire-up-talent-services.breezy.hr/
ownify,ownify,https://ownify.breezy.hr/
dijkstrack,dijkstrack,https://dijkstrack.breezy.hr/
parisleaf,parisleaf,https://parisleaf.breezy.hr/
coloradocrimevictims,coloradocrimevictims,https://coloradocrimevictims.breezy.hr/
dr-watts-electric-heating-air,dr-watts-electric-heating-air,https://dr-watts-electric-heating-air.breezy.hr/
m3-networks,m3-networks,https://m3-networks.breezy.hr/
stoss-inc,stoss-inc,https://stoss-inc.breezy.hr/
athenian,athenian,https://athenian.breezy.hr/
bringonboard,bringonboard,https://bringonboard.breezy.hr/
constellaition,constellaition,https://constellaition.breezy.hr/
council-of-canadian-innovators,council-of-canadian-innovators,https://council-of-canadian-innovators.breezy.hr/
edgescore,edgescore,https://edgescore.breezy.hr/
matrix-new-world-engineering,matrix-new-world-engineering,https://matrix-new-world-engineering.breezy.hr/
avant-tech,avant-tech,https://avant-tech.breezy.hr/
jolt,jolt,https://jolt.breezy.hr/
madwall-inc,madwall-inc,https://madwall-inc.breezy.hr/
natureboy-express-llc,natureboy-express-llc,https://natureboy-express-llc.breezy.hr/
officetotal-food-brands-lda,officetotal-food-brands-lda,https://officetotal-food-brands-lda.breezy.hr/
ulule,ulule,https://ulule.breezy.hr/
wingman,wingman,https://wingman.breezy.hr/
gast,gast,https://gast.breezy.hr/
myriad,myriad,https://myriad.breezy.hr/
nala-robotics,nala-robotics,https://nala-robotics.breezy.hr/
scarpel-telecom,scarpel-telecom,https://scarpel-telecom.breezy.hr/
altafonte-network,altafonte-network,https://altafonte-network.breezy.hr/
cera-solutions,cera-solutions,https://cera-solutions.breezy.hr/
new-trend-wireless,new-trend-wireless,https://new-trend-wireless.breezy.hr/
pillrhealth,pillrhealth,https://pillrhealth.breezy.hr/
plann-engineering,plann-engineering,https://plann-engineering.breezy.hr/
central-park-medical-unit,central-park-medical-unit,https://central-park-medical-unit.breezy.hr/
hall-ambulance,hall-ambulance,https://hall-ambulance.breezy.hr/
ascend-innovations,ascend-innovations,https://ascend-innovations.breezy.hr/
binary-builders,binary-builders,https://binary-builders.breezy.hr/
birdwatch,birdwatch,https://birdwatch.breezy.hr/
craftie-fox-inc,craftie-fox-inc,https://craftie-fox-inc.breezy.hr/
athena,athena,https://athena.breezy.hr/
black-men-talk-tech,black-men-talk-tech,https://black-men-talk-tech.breezy.hr/
thirdchannel-inc,thirdchannel-inc,https://thirdchannel-inc.breezy.hr/
athelas,athelas,https://athelas.breezy.hr/
authentica-solutions,authentica-solutions,https://authentica-solutions.breezy.hr/
center-for-a-new-american-security,center-for-a-new-american-security,https://center-for-a-new-american-security.breezy.hr/
falkonry,falkonry,https://falkonry.breezy.hr/
tyme-bank,tyme-bank,https://tyme-bank.breezy.hr/
ava-labs,ava-labs,https://ava-labs.breezy.hr/
bederr,bederr,https://bederr.breezy.hr/
holocene-climate-corporation,holocene-climate-corporation,https://holocene-climate-corporation.breezy.hr/
inertiapd,inertiapd,https://inertiapd.breezy.hr/
lance-cpa-group,lance-cpa-group,https://lance-cpa-group.breezy.hr/
spoke-phone,spoke-phone,https://spoke-phone.breezy.hr/
lasso-md,lasso-md,https://lasso-md.breezy.hr/
ontrac-solutions-llc,ontrac-solutions-llc,https://ontrac-solutions-llc.breezy.hr/
renewable-properties,renewable-properties,https://renewable-properties.breezy.hr/
slingshot,slingshot,https://slingshot.breezy.hr/
disruptive-advertising,disruptive-advertising,https://disruptive-advertising.breezy.hr/
replayed,replayed,https://replayed.breezy.hr/
brandzooka,brandzooka,https://brandzooka.breezy.hr/
macro-connect,macro-connect,https://macro-connect.breezy.hr/
yourstake,yourstake,https://yourstake.breezy.hr/
ats-automation,ats-automation,https://ats-automation.breezy.hr/
healthy-gamer,healthy-gamer,https://healthy-gamer.breezy.hr/
nimble-group,nimble-group,https://nimble-group.breezy.hr/
nooks-works,nooks-works,https://nooks-works.breezy.hr/
redcloud-technologies,redcloud-technologies,https://redcloud-technologies.breezy.hr/
seemylegacy,seemylegacy,https://seemylegacy.breezy.hr/
lite-e-commerce,lite-e-commerce,https://lite-e-commerce.breezy.hr/
oxford-economics,oxford-economics,https://oxford-economics.breezy.hr/
school-portraits,school-portraits,https://school-portraits.breezy.hr/
givzey,givzey,https://givzey.breezy.hr/
detective,detective,https://detective.breezy.hr/
nexmetro-communities,nexmetro-communities,https://nexmetro-communities.breezy.hr/
unmade,unmade,https://unmade.breezy.hr/
verity-ag,verity-ag,https://verity-ag.breezy.hr/
chesapeake-specialty-care,chesapeake-specialty-care,https://chesapeake-specialty-care.breezy.hr/
independence-fire,independence-fire,https://independence-fire.breezy.hr/
sawyer-staffing,sawyer-staffing,https://sawyer-staffing.breezy.hr/
stratos-solutions,stratos-solutions,https://stratos-solutions.breezy.hr/
plexure,plexure,https://plexure.breezy.hr/
pse-healthy-energy,pse-healthy-energy,https://pse-healthy-energy.breezy.hr/
adnabu,adnabu,https://adnabu.breezy.hr/
dust-identity,dust-identity,https://dust-identity.breezy.hr/
dyad,dyad,https://dyad.breezy.hr/
experience-columbus,experience-columbus,https://experience-columbus.breezy.hr/
alberta-biodiversity-monitoring-institute,alberta-biodiversity-monitoring-institute,https://alberta-biodiversity-monitoring-institute.breezy.hr/
eatwellatxjobs,eatwellatxjobs,https://eatwellatxjobs.breezy.hr/
o-keefe-media-group,o-keefe-media-group,https://o-keefe-media-group.breezy.hr/
sourcemap-inc,sourcemap-inc,https://sourcemap-inc.breezy.hr/
stateline-family-ymca,stateline-family-ymca,https://stateline-family-ymca.breezy.hr/
auctria,auctria,https://auctria.breezy.hr/
brightly,brightly,https://brightly.breezy.hr/
coreum,coreum,https://coreum.breezy.hr/
hanlon-acoustical-ceilings,hanlon-acoustical-ceilings,https://hanlon-acoustical-ceilings.breezy.hr/
equis-labs,equis-labs,https://equis-labs.breezy.hr/
kitchenmate,kitchenmate,https://kitchenmate.breezy.hr/
triocompany,triocompany,https://triocompany.breezy.hr/
chase-software,chase-software,https://chase-software.breezy.hr/
digital-ox,digital-ox,https://digital-ox.breezy.hr/
intiveo,intiveo,https://intiveo.breezy.hr/
the-redford-center,the-redford-center,https://the-redford-center.breezy.hr/
three-point-capital-llc,three-point-capital-llc,https://three-point-capital-llc.breezy.hr/
bloom-academy,bloom-academy,https://bloom-academy.breezy.hr/
premier-health-group,premier-health-group,https://premier-health-group.breezy.hr/
alchemy-financial-group,alchemy-financial-group,https://alchemy-financial-group.breezy.hr/
college-contact,college-contact,https://college-contact.breezy.hr/
galvion,galvion,https://galvion.breezy.hr/
mad-capital,mad-capital,https://mad-capital.breezy.hr/
pay-factory,pay-factory,https://pay-factory.breezy.hr/
netsea-technologies,netsea-technologies,https://netsea-technologies.breezy.hr/
nubeti-digital,nubeti-digital,https://nubeti-digital.breezy.hr/
salmonjobs,salmonjobs,https://salmonjobs.breezy.hr/
terracycle,terracycle,https://terracycle.breezy.hr/
van-clemens-co-inc,van-clemens-co-inc,https://van-clemens-co-inc.breezy.hr/
wris-web-services,wris-web-services,https://wris-web-services.breezy.hr/
motum,motum,https://motum.breezy.hr/
quantum-brilliance,quantum-brilliance,https://quantum-brilliance.breezy.hr/
alphasys,alphasys,https://alphasys.breezy.hr/
amma-family,amma-family,https://amma-family.breezy.hr/
applied-tech,applied-tech,https://applied-tech.breezy.hr/
bold-metrics,bold-metrics,https://bold-metrics.breezy.hr/
tabia,tabia,https://tabia.breezy.hr/
booster-box,booster-box,https://booster-box.breezy.hr/
gno-solutions-ltd,gno-solutions-ltd,https://gno-solutions-ltd.breezy.hr/
solomons-europe,solomons-europe,https://solomons-europe.breezy.hr/
taroko,taroko,https://taroko.breezy.hr/
big-brothers-big-sisters-of-america,big-brothers-big-sisters-of-america,https://big-brothers-big-sisters-of-america.breezy.hr/
cardiology-associates-of-altoona-l-l-p,cardiology-associates-of-altoona-l-l-p,https://cardiology-associates-of-altoona-l-l-p.breezy.hr/
chess-wizards,chess-wizards,https://chess-wizards.breezy.hr/
juna-financial,juna-financial,https://juna-financial.breezy.hr/
omce,omce,https://omce.breezy.hr/
archangelautonomy,archangelautonomy,https://archangelautonomy.breezy.hr/
dead-dog-saloon,dead-dog-saloon,https://dead-dog-saloon.breezy.hr/
opvstability,opvstability,https://opvstability.breezy.hr/
pixo,pixo,https://pixo.breezy.hr/
scout,scout,https://scout.breezy.hr/
arizona-zipline-adventures,arizona-zipline-adventures,https://arizona-zipline-adventures.breezy.hr/
localize,localize,https://localize.breezy.hr/
newfangled-studios,newfangled-studios,https://newfangled-studios.breezy.hr/
pasa-sustainable-agriculture,pasa-sustainable-agriculture,https://pasa-sustainable-agriculture.breezy.hr/
sunday,sunday,https://sunday.breezy.hr/
surefoot-me,surefoot-me,https://surefoot-me.breezy.hr/
frame-8599567b7095,frame-8599567b7095,https://frame-8599567b7095.breezy.hr/
nine-dot-arts,nine-dot-arts,https://nine-dot-arts.breezy.hr/
rodriguez,rodriguez,https://rodriguez.breezy.hr/
rubicon-group,rubicon-group,https://rubicon-group.breezy.hr/
turing-school,turing-school,https://turing-school.breezy.hr/
creative-cube,creative-cube,https://creative-cube.breezy.hr/
ggwp,ggwp,https://ggwp.breezy.hr/
innago,innago,https://innago.breezy.hr/
ridepanda,ridepanda,https://ridepanda.breezy.hr/
clubrunner,clubrunner,https://clubrunner.breezy.hr/
creating-positive-futures,creating-positive-futures,https://creating-positive-futures.breezy.hr/
forward-together,forward-together,https://forward-together.breezy.hr/
global-infotek-inc,global-infotek-inc,https://global-infotek-inc.breezy.hr/
sayway-gmbh,sayway-gmbh,https://sayway-gmbh.breezy.hr/
absolute-pets,absolute-pets,https://absolute-pets.breezy.hr/
cleverpet-inc,cleverpet-inc,https://cleverpet-inc.breezy.hr/
eagan-insurance-agency,eagan-insurance-agency,https://eagan-insurance-agency.breezy.hr/
foxrecruiter,foxrecruiter,https://foxrecruiter.breezy.hr/
plurilock,plurilock,https://plurilock.breezy.hr/
base,base,https://base.breezy.hr/
integritas,integritas,https://integritas.breezy.hr/
serenity,serenity,https://serenity.breezy.hr/
sw-funk-industrial,sw-funk-industrial,https://sw-funk-industrial.breezy.hr/
unitarian-universalist-fellowship-of-centre-county,unitarian-universalist-fellowship-of-centre-county,https://unitarian-universalist-fellowship-of-centre-county.breezy.hr/
cse-global,cse-global,https://cse-global.breezy.hr/
juniper-design-build,juniper-design-build,https://juniper-design-build.breezy.hr/
minerva-institute,minerva-institute,https://minerva-institute.breezy.hr/
peritus,peritus,https://peritus.breezy.hr/
possible-inc,possible-inc,https://possible-inc.breezy.hr/
swipejobs,swipejobs,https://swipejobs.breezy.hr/
happy-dad,happy-dad,https://happy-dad.breezy.hr/
theup,theup,https://theup.breezy.hr/
turboden,turboden,https://turboden.breezy.hr/
hubx,hubx,https://hubx.breezy.hr/
women-s-linkworldwide,women-s-linkworldwide,https://women-s-linkworldwide.breezy.hr/
words-first-ltd,words-first-ltd,https://words-first-ltd.breezy.hr/
honk,honk,https://honk.breezy.hr/
modak-live,modak-live,https://modak-live.breezy.hr/
revolution-recruiting,revolution-recruiting,https://revolution-recruiting.breezy.hr/
strategyzer-ag,strategyzer-ag,https://strategyzer-ag.breezy.hr/
transformation-church,transformation-church,https://transformation-church.breezy.hr/
shipblu,shipblu,https://shipblu.breezy.hr/
sortlist,sortlist,https://sortlist.breezy.hr/
voxcroft-analytics,voxcroft-analytics,https://voxcroft-analytics.breezy.hr/
eligo-bioscience,eligo-bioscience,https://eligo-bioscience.breezy.hr/
groundswell,groundswell,https://groundswell.breezy.hr/
sunday-health,sunday-health,https://sunday-health.breezy.hr/
maxwell,maxwell,https://maxwell.breezy.hr/
srs-merchandising,srs-merchandising,https://srs-merchandising.breezy.hr/
witham-family-hotels,witham-family-hotels,https://witham-family-hotels.breezy.hr/
degate,degate,https://degate.breezy.hr/
retail-aware-inc,retail-aware-inc,https://retail-aware-inc.breezy.hr/
the-peak-properties-group,the-peak-properties-group,https://the-peak-properties-group.breezy.hr/
citizenshipper,citizenshipper,https://citizenshipper.breezy.hr/
happymed,happymed,https://happymed.breezy.hr/
nightingale-college,nightingale-college,https://nightingale-college.breezy.hr/
outside,outside,https://outside.breezy.hr/
braxy-speech-therapy,braxy-speech-therapy,https://braxy-speech-therapy.breezy.hr/
deliverea-shipping-solutions-s-l,deliverea-shipping-solutions-s-l,https://deliverea-shipping-solutions-s-l.breezy.hr/
eab-solutions,eab-solutions,https://eab-solutions.breezy.hr/
echo-leahy-center-for-lake-champlain,echo-leahy-center-for-lake-champlain,https://echo-leahy-center-for-lake-champlain.breezy.hr/
global-sanctuary-for-elephants,global-sanctuary-for-elephants,https://global-sanctuary-for-elephants.breezy.hr/
hire-space,hire-space,https://hire-space.breezy.hr/
native-a-public-benefit-corporation,native-a-public-benefit-corporation,https://native-a-public-benefit-corporation.breezy.hr/
phoenixen,phoenixen,https://phoenixen.breezy.hr/
alasco,alasco,https://alasco.breezy.hr/
hagway-healthcare,hagway-healthcare,https://hagway-healthcare.breezy.hr/
countablelabs,countablelabs,https://countablelabs.breezy.hr/
aqua-blue-pools,aqua-blue-pools,https://aqua-blue-pools.breezy.hr/
daring-bit-assembly,daring-bit-assembly,https://daring-bit-assembly.breezy.hr/
rogue-ales-spirits,rogue-ales-spirits,https://rogue-ales-spirits.breezy.hr/
techiia,techiia,https://techiia.breezy.hr/
border-llc,border-llc,https://border-llc.breezy.hr/
icarasia-careers,icarasia-careers,https://icarasia-careers.breezy.hr/
integrationworks-asia,integrationworks-asia,https://integrationworks-asia.breezy.hr/
jaywaytravel,jaywaytravel,https://jaywaytravel.breezy.hr/
netrix-global,netrix-global,https://netrix-global.breezy.hr/
alliance-coal-and-affiliates-internship-program,alliance-coal-and-affiliates-internship-program,https://alliance-coal-and-affiliates-internship-program.breezy.hr/
alpine-maids,alpine-maids,https://alpine-maids.breezy.hr/
cleafy,cleafy,https://cleafy.breezy.hr/
digitalfish,digitalfish,https://digitalfish.breezy.hr/
elion,elion,https://elion.breezy.hr/
merapar,merapar,https://merapar.breezy.hr/
agilesolutions-gb,agilesolutions-gb,https://agilesolutions-gb.breezy.hr/
digication,digication,https://digication.breezy.hr/
salesmsg,salesmsg,https://salesmsg.breezy.hr/
smart-codes-eae513730598,smart-codes-eae513730598,https://smart-codes-eae513730598.breezy.hr/
tjek,tjek,https://tjek.breezy.hr/
triaplex-inc,triaplex-inc,https://triaplex-inc.breezy.hr/
kreative-technologies-llc,kreative-technologies-llc,https://kreative-technologies-llc.breezy.hr/
sosuite,sosuite,https://sosuite.breezy.hr/
tushy,tushy,https://tushy.breezy.hr/
fireline-medics,fireline-medics,https://fireline-medics.breezy.hr/
cloud-revolution,cloud-revolution,https://cloud-revolution.breezy.hr/
cloudraker,cloudraker,https://cloudraker.breezy.hr/
dnd-groups,dnd-groups,https://dnd-groups.breezy.hr/
love-corn,love-corn,https://love-corn.breezy.hr/
ourbond,ourbond,https://ourbond.breezy.hr/
zantech-it,zantech-it,https://zantech-it.breezy.hr/
doodle-labs-llc,doodle-labs-llc,https://doodle-labs-llc.breezy.hr/
impact-florida,impact-florida,https://impact-florida.breezy.hr/
qooper,qooper,https://qooper.breezy.hr/
smarthires,smarthires,https://smarthires.breezy.hr/
the-encore-company,the-encore-company,https://the-encore-company.breezy.hr/
digikai-marketing,digikai-marketing,https://digikai-marketing.breezy.hr/
haven-health-group-inc,haven-health-group-inc,https://haven-health-group-inc.breezy.hr/
revenued,revenued,https://revenued.breezy.hr/
smoky-mountain-outdoors,smoky-mountain-outdoors,https://smoky-mountain-outdoors.breezy.hr/
barnhart-crane-rigging,barnhart-crane-rigging,https://barnhart-crane-rigging.breezy.hr/
gecko,gecko,https://gecko.breezy.hr/
http-imcoutdorliving,http-imcoutdorliving,https://http-imcoutdorliving.breezy.hr/
needle,needle,https://needle.breezy.hr/
tau-six,tau-six,https://tau-six.breezy.hr/
empowerrd,empowerrd,https://empowerrd.breezy.hr/
subquery,subquery,https://subquery.breezy.hr/
converge-strategies,converge-strategies,https://converge-strategies.breezy.hr/
end,end,https://end.breezy.hr/
goiko-operaciones,goiko-operaciones,https://goiko-operaciones.breezy.hr/
smartiban,smartiban,https://smartiban.breezy.hr/
black-airplane,black-airplane,https://black-airplane.breezy.hr/
blockchainspace,blockchainspace,https://blockchainspace.breezy.hr/
lifebalancechiropractic,lifebalancechiropractic,https://lifebalancechiropractic.breezy.hr/
miscrianti,miscrianti,https://miscrianti.breezy.hr/
national-energy-foundation,national-energy-foundation,https://national-energy-foundation.breezy.hr/
recruit-direct,recruit-direct,https://recruit-direct.breezy.hr/
edusoft-ltd,edusoft-ltd,https://edusoft-ltd.breezy.hr/
love-serve-remember,love-serve-remember,https://love-serve-remember.breezy.hr/
luminous-digital,luminous-digital,https://luminous-digital.breezy.hr/
sepsis-alliance,sepsis-alliance,https://sepsis-alliance.breezy.hr/
skoah,skoah,https://skoah.breezy.hr/
soccer-shots-east-and-south-sd,soccer-shots-east-and-south-sd,https://soccer-shots-east-and-south-sd.breezy.hr/
clever-real-estate,clever-real-estate,https://clever-real-estate.breezy.hr/
parker-lane,parker-lane,https://parker-lane.breezy.hr/
forrest-technical-coatings,forrest-technical-coatings,https://forrest-technical-coatings.breezy.hr/
international-consulting-associates-inc,international-consulting-associates-inc,https://international-consulting-associates-inc.breezy.hr/
precision-well-servicing,precision-well-servicing,https://precision-well-servicing.breezy.hr/
united-tel-supply,united-tel-supply,https://united-tel-supply.breezy.hr/
dcl-corporation,dcl-corporation,https://dcl-corporation.breezy.hr/
legacy-mechanical,legacy-mechanical,https://legacy-mechanical.breezy.hr/
rea-associates,rea-associates,https://rea-associates.breezy.hr/
suzuki-school-hr,suzuki-school-hr,https://suzuki-school-hr.breezy.hr/
thirdandgrove,thirdandgrove,https://thirdandgrove.breezy.hr/
authentic,authentic,https://authentic.breezy.hr/
gain,gain,https://gain.breezy.hr/
lava,lava,https://lava.breezy.hr/
mezli,mezli,https://mezli.breezy.hr/
arinsights,arinsights,https://arinsights.breezy.hr/
carsome-careers-thailand,carsome-careers-thailand,https://carsome-careers-thailand.breezy.hr/
drivepersonnel,drivepersonnel,https://drivepersonnel.breezy.hr/
global-educators,global-educators,https://global-educators.breezy.hr/
iff,iff,https://iff.breezy.hr/
poptopuk-ltd,poptopuk-ltd,https://poptopuk-ltd.breezy.hr/
resupply,resupply,https://resupply.breezy.hr/
active-dental-management,active-dental-management,https://active-dental-management.breezy.hr/
buntar-aerospace,buntar-aerospace,https://buntar-aerospace.breezy.hr/
keiki,keiki,https://keiki.breezy.hr/
lufco,lufco,https://lufco.breezy.hr/
shyftoff,shyftoff,https://shyftoff.breezy.hr/
tmtg,tmtg,https://tmtg.breezy.hr/
tosaf,tosaf,https://tosaf.breezy.hr/
advanced-dri,advanced-dri,https://advanced-dri.breezy.hr/
amberlabs,amberlabs,https://amberlabs.breezy.hr/
animate-behavior-llc,animate-behavior-llc,https://animate-behavior-llc.breezy.hr/
bit,bit,https://bit.breezy.hr/
engage-squared,engage-squared,https://engage-squared.breezy.hr/
tradiedigital,tradiedigital,https://tradiedigital.breezy.hr/
a-cube-s-r-l,a-cube-s-r-l,https://a-cube-s-r-l.breezy.hr/
capango-inc,capango-inc,https://capango-inc.breezy.hr/
netsolid-invest,netsolid-invest,https://netsolid-invest.breezy.hr/
printfly,printfly,https://printfly.breezy.hr/
via-trm,via-trm,https://via-trm.breezy.hr/
carobot-learning-and-research-organization,carobot-learning-and-research-organization,https://carobot-learning-and-research-organization.breezy.hr/
equityteam,equityteam,https://equityteam.breezy.hr/
float-health,float-health,https://float-health.breezy.hr/
lib-consulting-thailand-co-ltd,lib-consulting-thailand-co-ltd,https://lib-consulting-thailand-co-ltd.breezy.hr/
tidalpartners,tidalpartners,https://tidalpartners.breezy.hr/
altanova,altanova,https://altanova.breezy.hr/
sustainable-cities-fund,sustainable-cities-fund,https://sustainable-cities-fund.breezy.hr/
alpha-usa,alpha-usa,https://alpha-usa.breezy.hr/
daffin-financial-llc,daffin-financial-llc,https://daffin-financial-llc.breezy.hr/
dchirwaconsulting,dchirwaconsulting,https://dchirwaconsulting.breezy.hr/
monday-night-brewing,monday-night-brewing,https://monday-night-brewing.breezy.hr/
north-cleveland-church-of-god,north-cleveland-church-of-god,https://north-cleveland-church-of-god.breezy.hr/
teamup,teamup,https://teamup.breezy.hr/
cocomore-ag,cocomore-ag,https://cocomore-ag.breezy.hr/
highfashionhome,highfashionhome,https://highfashionhome.breezy.hr/
powerverse-development-ltd,powerverse-development-ltd,https://powerverse-development-ltd.breezy.hr/
confidence-health-resources,confidence-health-resources,https://confidence-health-resources.breezy.hr/
mishkan-chicago,mishkan-chicago,https://mishkan-chicago.breezy.hr/
employnv-youth-hub,employnv-youth-hub,https://employnv-youth-hub.breezy.hr/
inkr,inkr,https://inkr.breezy.hr/
jqy,jqy,https://jqy.breezy.hr/
medality,medality,https://medality.breezy.hr/
nexu,nexu,https://nexu.breezy.hr/
captainbook,captainbook,https://captainbook.breezy.hr/
fei,fei,https://fei.breezy.hr/
leadgenius,leadgenius,https://leadgenius.breezy.hr/
rainforest-action-network,rainforest-action-network,https://rainforest-action-network.breezy.hr/
rising-team,rising-team,https://rising-team.breezy.hr/
symetria-recovery,symetria-recovery,https://symetria-recovery.breezy.hr/
apertor-pharmaceuticals,apertor-pharmaceuticals,https://apertor-pharmaceuticals.breezy.hr/
corcym,corcym,https://corcym.breezy.hr/
hamilton-recruitment,hamilton-recruitment,https://hamilton-recruitment.breezy.hr/
cloud-nation,cloud-nation,https://cloud-nation.breezy.hr/
midsummer-agency,midsummer-agency,https://midsummer-agency.breezy.hr/
soulchi,soulchi,https://soulchi.breezy.hr/
transita,transita,https://transita.breezy.hr/
jaba,jaba,https://jaba.breezy.hr/
roc-ventures,roc-ventures,https://roc-ventures.breezy.hr/
vvater-llc,vvater-llc,https://vvater-llc.breezy.hr/
burleigh-county,burleigh-county,https://burleigh-county.breezy.hr/
crossword-hobbyist,crossword-hobbyist,https://crossword-hobbyist.breezy.hr/
talent-first,talent-first,https://talent-first.breezy.hr/
axis-construction-mgmt--llc,axis-construction-mgmt--llc,https://axis-construction-mgmt--llc.breezy.hr/
camber-creative,camber-creative,https://camber-creative.breezy.hr/
futurra,futurra,https://futurra.breezy.hr/
houseamp,houseamp,https://houseamp.breezy.hr/
newsbank-inc,newsbank-inc,https://newsbank-inc.breezy.hr/
voices-advance-llc-dba-anthropology-arts,voices-advance-llc-dba-anthropology-arts,https://voices-advance-llc-dba-anthropology-arts.breezy.hr/
c-n-s-media-ltd,c-n-s-media-ltd,https://c-n-s-media-ltd.breezy.hr/
c3industries,c3industries,https://c3industries.breezy.hr/
connexio-health-llc,connexio-health-llc,https://connexio-health-llc.breezy.hr/
forge-nano,forge-nano,https://forge-nano.breezy.hr/
kingfluencers-ag,kingfluencers-ag,https://kingfluencers-ag.breezy.hr/
aprime-technology,aprime-technology,https://aprime-technology.breezy.hr/
bosun-25f9d5ec70da,bosun-25f9d5ec70da,https://bosun-25f9d5ec70da.breezy.hr/
freeman-herbs,freeman-herbs,https://freeman-herbs.breezy.hr/
inteldot,inteldot,https://inteldot.breezy.hr/
nakala-analytics,nakala-analytics,https://nakala-analytics.breezy.hr/
africa-moko,africa-moko,https://africa-moko.breezy.hr/
cornercart,cornercart,https://cornercart.breezy.hr/
dispatch,dispatch,https://dispatch.breezy.hr/
fractal-river,fractal-river,https://fractal-river.breezy.hr/
great-lakes-stainless,great-lakes-stainless,https://great-lakes-stainless.breezy.hr/
intrahealth,intrahealth,https://intrahealth.breezy.hr/
bradshaw-home,bradshaw-home,https://bradshaw-home.breezy.hr/
canadian-journalism-collective-collectif-canadien-de-journalism,canadian-journalism-collective-collectif-canadien-de-journalism,https://canadian-journalism-collective-collectif-canadien-de-journalism.breezy.hr/
social-plus,social-plus,https://social-plus.breezy.hr/
talentrecruiters-personalberatung-gmbh,talentrecruiters-personalberatung-gmbh,https://talentrecruiters-personalberatung-gmbh.breezy.hr/
therapy-associates,therapy-associates,https://therapy-associates.breezy.hr/
auticon,auticon,https://auticon.breezy.hr/
deep-ivy-ltd,deep-ivy-ltd,https://deep-ivy-ltd.breezy.hr/
hidden-talent,hidden-talent,https://hidden-talent.breezy.hr/
kin-vet-community,kin-vet-community,https://kin-vet-community.breezy.hr/
fs-isac,fs-isac,https://fs-isac.breezy.hr/
leap-tools,leap-tools,https://leap-tools.breezy.hr/
metalumen-manufacturing-inc,metalumen-manufacturing-inc,https://metalumen-manufacturing-inc.breezy.hr/
openclassrooms,openclassrooms,https://openclassrooms.breezy.hr/
rusinconcrete,rusinconcrete,https://rusinconcrete.breezy.hr/
sealing-technologies-inc,sealing-technologies-inc,https://sealing-technologies-inc.breezy.hr/
knutson-construction,knutson-construction,https://knutson-construction.breezy.hr/
serverless-guru-llc,serverless-guru-llc,https://serverless-guru-llc.breezy.hr/
vegamour,vegamour,https://vegamour.breezy.hr/
wyatt-technology,wyatt-technology,https://wyatt-technology.breezy.hr/
boxknight,boxknight,https://boxknight.breezy.hr/
conamix-inc,conamix-inc,https://conamix-inc.breezy.hr/
stake-capital-group,stake-capital-group,https://stake-capital-group.breezy.hr/
the-job-plugs,the-job-plugs,https://the-job-plugs.breezy.hr/
zeo-agency,zeo-agency,https://zeo-agency.breezy.hr/
3-mountains-plumbing,3-mountains-plumbing,https://3-mountains-plumbing.breezy.hr/
bizintek-innova,bizintek-innova,https://bizintek-innova.breezy.hr/
centerbrite,centerbrite,https://centerbrite.breezy.hr/
cocofloss-inc,cocofloss-inc,https://cocofloss-inc.breezy.hr/
please-assist-me,please-assist-me,https://please-assist-me.breezy.hr/
rapid-mortgage,rapid-mortgage,https://rapid-mortgage.breezy.hr/
rhynocare,rhynocare,https://rhynocare.breezy.hr/
station-four,station-four,https://station-four.breezy.hr/
tenstorrent,tenstorrent,https://tenstorrent.breezy.hr/
tyltgo,tyltgo,https://tyltgo.breezy.hr/
acrow-limited,acrow-limited,https://acrow-limited.breezy.hr/
agenda-for-children,agenda-for-children,https://agenda-for-children.breezy.hr/
ceg-solutions-llc,ceg-solutions-llc,https://ceg-solutions-llc.breezy.hr/
grid-united,grid-united,https://grid-united.breezy.hr/
heliumfoundation,heliumfoundation,https://heliumfoundation.breezy.hr/
web3-talent-collective,web3-talent-collective,https://web3-talent-collective.breezy.hr/
medzero-inc,medzero-inc,https://medzero-inc.breezy.hr/
montage-marketing,montage-marketing,https://montage-marketing.breezy.hr/
test,test,https://test.breezy.hr/
unetiq-gmbh,unetiq-gmbh,https://unetiq-gmbh.breezy.hr/
yay-lunch,yay-lunch,https://yay-lunch.breezy.hr/
hatchworks,hatchworks,https://hatchworks.breezy.hr/
surge-institute,surge-institute,https://surge-institute.breezy.hr/
avidyne,avidyne,https://avidyne.breezy.hr/
cofenster,cofenster,https://cofenster.breezy.hr/
karla,karla,https://karla.breezy.hr/
stix,stix,https://stix.breezy.hr/
claire-myers-consulting,claire-myers-consulting,https://claire-myers-consulting.breezy.hr/
desales-media-group,desales-media-group,https://desales-media-group.breezy.hr/
mantic,mantic,https://mantic.breezy.hr/
qcc-adult-child-primary-care,qcc-adult-child-primary-care,https://qcc-adult-child-primary-care.breezy.hr/
ancient-crunch,ancient-crunch,https://ancient-crunch.breezy.hr/
cyborgmobile,cyborgmobile,https://cyborgmobile.breezy.hr/
mello,mello,https://mello.breezy.hr/
missionovo,missionovo,https://missionovo.breezy.hr/
presh-marketing-solutions,presh-marketing-solutions,https://presh-marketing-solutions.breezy.hr/
dog-academy,dog-academy,https://dog-academy.breezy.hr/
nativemsg,nativemsg,https://nativemsg.breezy.hr/
onsite-retailers,onsite-retailers,https://onsite-retailers.breezy.hr/
russells-tech,russells-tech,https://russells-tech.breezy.hr/
coros-corp,coros-corp,https://coros-corp.breezy.hr/
icmec,icmec,https://icmec.breezy.hr/
marketview-education-technology,marketview-education-technology,https://marketview-education-technology.breezy.hr/
teammelon,teammelon,https://teammelon.breezy.hr/
air-hr,air-hr,https://air-hr.breezy.hr/
balanced,balanced,https://balanced.breezy.hr/
international-association-of-islamic-psychology,international-association-of-islamic-psychology,https://international-association-of-islamic-psychology.breezy.hr/
workforce-solutions-permian-basin,workforce-solutions-permian-basin,https://workforce-solutions-permian-basin.breezy.hr/
wyndy,wyndy,https://wyndy.breezy.hr/
mechanizedai,mechanizedai,https://mechanizedai.breezy.hr/
damas-jewellery,damas-jewellery,https://damas-jewellery.breezy.hr/
droplette-364756dab1fd,droplette-364756dab1fd,https://droplette-364756dab1fd.breezy.hr/
nwow,nwow,https://nwow.breezy.hr/
predictionhealth,predictionhealth,https://predictionhealth.breezy.hr/
1pertinent,1pertinent,https://1pertinent.breezy.hr/
brainweave,brainweave,https://brainweave.breezy.hr/
fresh-ventures-studio,fresh-ventures-studio,https://fresh-ventures-studio.breezy.hr/
harino-care-limited,harino-care-limited,https://harino-care-limited.breezy.hr/
hmt-tank,hmt-tank,https://hmt-tank.breezy.hr/
purely-poultry,purely-poultry,https://purely-poultry.breezy.hr/
researchhub,researchhub,https://researchhub.breezy.hr/
envention,envention,https://envention.breezy.hr/
smileland-dental,smileland-dental,https://smileland-dental.breezy.hr/
texeo-s-r-l,texeo-s-r-l,https://texeo-s-r-l.breezy.hr/
catena,catena,https://catena.breezy.hr/
cognition-ip,cognition-ip,https://cognition-ip.breezy.hr/
dental-depot,dental-depot,https://dental-depot.breezy.hr/
fair-trade-outsourcing,fair-trade-outsourcing,https://fair-trade-outsourcing.breezy.hr/
prica-group-construction-management,prica-group-construction-management,https://prica-group-construction-management.breezy.hr/
rubicon-d-o-o,rubicon-d-o-o,https://rubicon-d-o-o.breezy.hr/
ankr-pbc,ankr-pbc,https://ankr-pbc.breezy.hr/
cxr-agency,cxr-agency,https://cxr-agency.breezy.hr/
timeero,timeero,https://timeero.breezy.hr/
brokerkit,brokerkit,https://brokerkit.breezy.hr/
fahrenheit-creative-group-llc,fahrenheit-creative-group-llc,https://fahrenheit-creative-group-llc.breezy.hr/
youthfully,youthfully,https://youthfully.breezy.hr/
conservation-legacy,conservation-legacy,https://conservation-legacy.breezy.hr/
groupsolver,groupsolver,https://groupsolver.breezy.hr/
helpware-inc,helpware-inc,https://helpware-inc.breezy.hr/
infinite-capital,infinite-capital,https://infinite-capital.breezy.hr/
keystone-fire-protection-co,keystone-fire-protection-co,https://keystone-fire-protection-co.breezy.hr/
mcm-pools,mcm-pools,https://mcm-pools.breezy.hr/
bonfy-ai,bonfy-ai,https://bonfy-ai.breezy.hr/
bulla,bulla,https://bulla.breezy.hr/
km-impact,km-impact,https://km-impact.breezy.hr/
function-health,function-health,https://function-health.breezy.hr/
n0-inc,n0-inc,https://n0-inc.breezy.hr/
otto-engineering-inc,otto-engineering-inc,https://otto-engineering-inc.breezy.hr/
sherpany,sherpany,https://sherpany.breezy.hr/
technica-mining,technica-mining,https://technica-mining.breezy.hr/
eeproperty-sa,eeproperty-sa,https://eeproperty-sa.breezy.hr/
fiduciaire-montgomery,fiduciaire-montgomery,https://fiduciaire-montgomery.breezy.hr/
sakari,sakari,https://sakari.breezy.hr/
sav,sav,https://sav.breezy.hr/
telus-agriculture,telus-agriculture,https://telus-agriculture.breezy.hr/
welld-sagl,welld-sagl,https://welld-sagl.breezy.hr/
joy-101,joy-101,https://joy-101.breezy.hr/
ssg-pa,ssg-pa,https://ssg-pa.breezy.hr/
wmc,wmc,https://wmc.breezy.hr/
1stgenyale,1stgenyale,https://1stgenyale.breezy.hr/
wellnesswarehouse,wellnesswarehouse,https://wellnesswarehouse.breezy.hr/
squam-supply,squam-supply,https://squam-supply.breezy.hr/
time-4-change-global,time-4-change-global,https://time-4-change-global.breezy.hr/
enslabs,enslabs,https://enslabs.breezy.hr/
openmindhealth,openmindhealth,https://openmindhealth.breezy.hr/
radina-s,radina-s,https://radina-s.breezy.hr/
inspired-testing,inspired-testing,https://inspired-testing.breezy.hr/
staking-rewards,staking-rewards,https://staking-rewards.breezy.hr/
vianai-systems,vianai-systems,https://vianai-systems.breezy.hr/
wolf,wolf,https://wolf.breezy.hr/
zeelo,zeelo,https://zeelo.breezy.hr/
golemon,golemon,https://golemon.breezy.hr/
child-communication-and-behavior-specialists,child-communication-and-behavior-specialists,https://child-communication-and-behavior-specialists.breezy.hr/
furst-mcness-company,furst-mcness-company,https://furst-mcness-company.breezy.hr/
roosh,roosh,https://roosh.breezy.hr/
blue-lantern,blue-lantern,https://blue-lantern.breezy.hr/
dropified,dropified,https://dropified.breezy.hr/
taylor-stitch,taylor-stitch,https://taylor-stitch.breezy.hr/
passtimegps,passtimegps,https://passtimegps.breezy.hr/
prdofp,prdofp,https://prdofp.breezy.hr/
xavier-gold-consulting-group-incorporated,xavier-gold-consulting-group-incorporated,https://xavier-gold-consulting-group-incorporated.breezy.hr/
fleetster,fleetster,https://fleetster.breezy.hr/
lcs-financial-services-corporation,lcs-financial-services-corporation,https://lcs-financial-services-corporation.breezy.hr/
nextec-group,nextec-group,https://nextec-group.breezy.hr/
caxy-interactive,caxy-interactive,https://caxy-interactive.breezy.hr/
renew-cares,renew-cares,https://renew-cares.breezy.hr/
webgility,webgility,https://webgility.breezy.hr/
club-scikidz-md,club-scikidz-md,https://club-scikidz-md.breezy.hr/
dodge,dodge,https://dodge.breezy.hr/
salesberry-group,salesberry-group,https://salesberry-group.breezy.hr/
tooth-and-coin,tooth-and-coin,https://tooth-and-coin.breezy.hr/
leadsimple,leadsimple,https://leadsimple.breezy.hr/
the-psc,the-psc,https://the-psc.breezy.hr/
active-interest-media,active-interest-media,https://active-interest-media.breezy.hr/
altius-dental,altius-dental,https://altius-dental.breezy.hr/
ssdn,ssdn,https://ssdn.breezy.hr/
envisio,envisio,https://envisio.breezy.hr/
id-comms,id-comms,https://id-comms.breezy.hr/
mec-general-contractors,mec-general-contractors,https://mec-general-contractors.breezy.hr/
passion,passion,https://passion.breezy.hr/
brain-fm,brain-fm,https://brain-fm.breezy.hr/
wildflower-interactive,wildflower-interactive,https://wildflower-interactive.breezy.hr/
fishtail,fishtail,https://fishtail.breezy.hr/
ieducate-usa,ieducate-usa,https://ieducate-usa.breezy.hr/
mccarthy-uniforms,mccarthy-uniforms,https://mccarthy-uniforms.breezy.hr/
n32,n32,https://n32.breezy.hr/
cyberfortress,cyberfortress,https://cyberfortress.breezy.hr/
cyos-solutions,cyos-solutions,https://cyos-solutions.breezy.hr/
digilab-solutions,digilab-solutions,https://digilab-solutions.breezy.hr/
instalent,instalent,https://instalent.breezy.hr/
t3-services-group,t3-services-group,https://t3-services-group.breezy.hr/
baker-rehab-group,baker-rehab-group,https://baker-rehab-group.breezy.hr/
gastro-health,gastro-health,https://gastro-health.breezy.hr/
ledgerset,ledgerset,https://ledgerset.breezy.hr/
metrospeedy,metrospeedy,https://metrospeedy.breezy.hr/
mussett-nicholas-associates,mussett-nicholas-associates,https://mussett-nicholas-associates.breezy.hr/
prospa,prospa,https://prospa.breezy.hr/
vulpem-ventures,vulpem-ventures,https://vulpem-ventures.breezy.hr/
boxtro,boxtro,https://boxtro.breezy.hr/
clove-twine,clove-twine,https://clove-twine.breezy.hr/
stages-learning-materials,stages-learning-materials,https://stages-learning-materials.breezy.hr/
localintel,localintel,https://localintel.breezy.hr/
orbis-education-care,orbis-education-care,https://orbis-education-care.breezy.hr/
ddrb,ddrb,https://ddrb.breezy.hr/
prompt-therapy-solutions,prompt-therapy-solutions,https://prompt-therapy-solutions.breezy.hr/
triple-cities-network-solutions,triple-cities-network-solutions,https://triple-cities-network-solutions.breezy.hr/
apothecarie,apothecarie,https://apothecarie.breezy.hr/
kids-health-first,kids-health-first,https://kids-health-first.breezy.hr/
mirador,mirador,https://mirador.breezy.hr/
creative-cfo,creative-cfo,https://creative-cfo.breezy.hr/
neurelo,neurelo,https://neurelo.breezy.hr/
wash-doctors,wash-doctors,https://wash-doctors.breezy.hr/
cywren-technology,cywren-technology,https://cywren-technology.breezy.hr/
fair-harbor,fair-harbor,https://fair-harbor.breezy.hr/
st-amant,st-amant,https://st-amant.breezy.hr/
texada-software,texada-software,https://texada-software.breezy.hr/
custommade,custommade,https://custommade.breezy.hr/
pearl-abyss-america,pearl-abyss-america,https://pearl-abyss-america.breezy.hr/
revnue-corp,revnue-corp,https://revnue-corp.breezy.hr/
subscribe,subscribe,https://subscribe.breezy.hr/
asian-pacific-islander-political-alliance,asian-pacific-islander-political-alliance,https://asian-pacific-islander-political-alliance.breezy.hr/
it-wolf-solutions,it-wolf-solutions,https://it-wolf-solutions.breezy.hr/
new-oasis,new-oasis,https://new-oasis.breezy.hr/
xander-talent,xander-talent,https://xander-talent.breezy.hr/
atlanticoceansidehotel,atlanticoceansidehotel,https://atlanticoceansidehotel.breezy.hr/
nowsta,nowsta,https://nowsta.breezy.hr/
sankofa-school-of-success,sankofa-school-of-success,https://sankofa-school-of-success.breezy.hr/
weldaloy-specialty-forgings,weldaloy-specialty-forgings,https://weldaloy-specialty-forgings.breezy.hr/
carmot-therapeutics,carmot-therapeutics,https://carmot-therapeutics.breezy.hr/
hope-church,hope-church,https://hope-church.breezy.hr/
isometrix,isometrix,https://isometrix.breezy.hr/
omega-point,omega-point,https://omega-point.breezy.hr/
3705e415bcbe,3705e415bcbe,https://3705e415bcbe.breezy.hr/
a2h,a2h,https://a2h.breezy.hr/
loopring,loopring,https://loopring.breezy.hr/
theegg,theegg,https://theegg.breezy.hr/
one-fellowship-church,one-fellowship-church,https://one-fellowship-church.breezy.hr/
virtualitics,virtualitics,https://virtualitics.breezy.hr/
labcodes,labcodes,https://labcodes.breezy.hr/
b-spoke-studios,b-spoke-studios,https://b-spoke-studios.breezy.hr/
clearco,clearco,https://clearco.breezy.hr/
mobile-fun-limited,mobile-fun-limited,https://mobile-fun-limited.breezy.hr/
gast-usa,gast-usa,https://gast-usa.breezy.hr/
employ-and-relate,employ-and-relate,https://employ-and-relate.breezy.hr/
meininger-hotels,meininger-hotels,https://meininger-hotels.breezy.hr/
thereloadgroup,thereloadgroup,https://thereloadgroup.breezy.hr/
lunajets,lunajets,https://lunajets.breezy.hr/
sauble-eats,sauble-eats,https://sauble-eats.breezy.hr/
dwg,dwg,https://dwg.breezy.hr/
icon-savings-plan,icon-savings-plan,https://icon-savings-plan.breezy.hr/
servos,servos,https://servos.breezy.hr/
modl-ai,modl-ai,https://modl-ai.breezy.hr/
teach-your-monster,teach-your-monster,https://teach-your-monster.breezy.hr/
compass-datacenters,compass-datacenters,https://compass-datacenters.breezy.hr/
dayton-granger-inc,dayton-granger-inc,https://dayton-granger-inc.breezy.hr/
gamblify,gamblify,https://gamblify.breezy.hr/
grapevine,grapevine,https://grapevine.breezy.hr/
pallisercareers,pallisercareers,https://pallisercareers.breezy.hr/
adolescent-wellness-academy,adolescent-wellness-academy,https://adolescent-wellness-academy.breezy.hr/
erad,erad,https://erad.breezy.hr/
forward-through-ferguson,forward-through-ferguson,https://forward-through-ferguson.breezy.hr/
hatch-innovations-canada,hatch-innovations-canada,https://hatch-innovations-canada.breezy.hr/
hyalex,hyalex,https://hyalex.breezy.hr/
ninjaholdings,ninjaholdings,https://ninjaholdings.breezy.hr/
allegiant-stadium,allegiant-stadium,https://allegiant-stadium.breezy.hr/
nia-therapeutics,nia-therapeutics,https://nia-therapeutics.breezy.hr/
plan-consultoria-e-pesquisa-em-ci-ncias-sociais-ltda,plan-consultoria-e-pesquisa-em-ci-ncias-sociais-ltda,https://plan-consultoria-e-pesquisa-em-ci-ncias-sociais-ltda.breezy.hr/
on-purpose-careers-limited,on-purpose-careers-limited,https://on-purpose-careers-limited.breezy.hr/
seasoned-recruiting,seasoned-recruiting,https://seasoned-recruiting.breezy.hr/
shara,shara,https://shara.breezy.hr/
versus-socks-pty-ltd,versus-socks-pty-ltd,https://versus-socks-pty-ltd.breezy.hr/
alertive,alertive,https://alertive.breezy.hr/
altierra,altierra,https://altierra.breezy.hr/
d-luxury-brands,d-luxury-brands,https://d-luxury-brands.breezy.hr/
hammerjack-pty-ltd,hammerjack-pty-ltd,https://hammerjack-pty-ltd.breezy.hr/
matrix-design-group,matrix-design-group,https://matrix-design-group.breezy.hr/
schema,schema,https://schema.breezy.hr/
avant-gardner,avant-gardner,https://avant-gardner.breezy.hr/
forager,forager,https://forager.breezy.hr/
internship4diversity,internship4diversity,https://internship4diversity.breezy.hr/
schoolytics,schoolytics,https://schoolytics.breezy.hr/
dglobal,dglobal,https://dglobal.breezy.hr/
pratt-guys,pratt-guys,https://pratt-guys.breezy.hr/
wabo-roofing-systems,wabo-roofing-systems,https://wabo-roofing-systems.breezy.hr/
6k-inc,6k-inc,https://6k-inc.breezy.hr/
dyflex,dyflex,https://dyflex.breezy.hr/
focusnet-gmbh,focusnet-gmbh,https://focusnet-gmbh.breezy.hr/
guitar-shed,guitar-shed,https://guitar-shed.breezy.hr/
pylons,pylons,https://pylons.breezy.hr/
the-new-primal,the-new-primal,https://the-new-primal.breezy.hr/
atar-notes,atar-notes,https://atar-notes.breezy.hr/
bidvestbank,bidvestbank,https://bidvestbank.breezy.hr/
boxy,boxy,https://boxy.breezy.hr/
entermotion,entermotion,https://entermotion.breezy.hr/
grant-thornton-uae,grant-thornton-uae,https://grant-thornton-uae.breezy.hr/
red-cup-it-inc,red-cup-it-inc,https://red-cup-it-inc.breezy.hr/
showdigs,showdigs,https://showdigs.breezy.hr/
stc-safety,stc-safety,https://stc-safety.breezy.hr/
technetics,technetics,https://technetics.breezy.hr/
aroma360,aroma360,https://aroma360.breezy.hr/
cornbread-hemp,cornbread-hemp,https://cornbread-hemp.breezy.hr/
farmshelf,farmshelf,https://farmshelf.breezy.hr/
scb-techx-co-ltd,scb-techx-co-ltd,https://scb-techx-co-ltd.breezy.hr/
simucase,simucase,https://simucase.breezy.hr/
tile-stone-source,tile-stone-source,https://tile-stone-source.breezy.hr/
infinity-generation-services-inc,infinity-generation-services-inc,https://infinity-generation-services-inc.breezy.hr/
prep-academy-tutors,prep-academy-tutors,https://prep-academy-tutors.breezy.hr/
sparkbox,sparkbox,https://sparkbox.breezy.hr/
syria-justice-and-accountability-centre,syria-justice-and-accountability-centre,https://syria-justice-and-accountability-centre.breezy.hr/
cr-services-llc-of-ky,cr-services-llc-of-ky,https://cr-services-llc-of-ky.breezy.hr/
plum,plum,https://plum.breezy.hr/
punch-cyber-analytics-group,punch-cyber-analytics-group,https://punch-cyber-analytics-group.breezy.hr/
keep-arizona-blue-pac,keep-arizona-blue-pac,https://keep-arizona-blue-pac.breezy.hr/
mono,mono,https://mono.breezy.hr/
nalpeiron-inc,nalpeiron-inc,https://nalpeiron-inc.breezy.hr/
capricorn,capricorn,https://capricorn.breezy.hr/
emplicit-inc,emplicit-inc,https://emplicit-inc.breezy.hr/
genius-monkey,genius-monkey,https://genius-monkey.breezy.hr/
h-elevation,h-elevation,https://h-elevation.breezy.hr/
pixel-and-texel-llc,pixel-and-texel-llc,https://pixel-and-texel-llc.breezy.hr/
radiology-associates-of-north-texas,radiology-associates-of-north-texas,https://radiology-associates-of-north-texas.breezy.hr/
totara-learning-solutions,totara-learning-solutions,https://totara-learning-solutions.breezy.hr/
cultured-code,cultured-code,https://cultured-code.breezy.hr/
owlet-baby-care-inc,owlet-baby-care-inc,https://owlet-baby-care-inc.breezy.hr/
yamaha-motor-ventures-laboratory-silicon-valley,yamaha-motor-ventures-laboratory-silicon-valley,https://yamaha-motor-ventures-laboratory-silicon-valley.breezy.hr/
hygienistcareers,hygienistcareers,https://hygienistcareers.breezy.hr/
precursive,precursive,https://precursive.breezy.hr/
youset,youset,https://youset.breezy.hr/
radial-analytics,radial-analytics,https://radial-analytics.breezy.hr/
rooksdm,rooksdm,https://rooksdm.breezy.hr/
tamarindo-group,tamarindo-group,https://tamarindo-group.breezy.hr/
venture-forge,venture-forge,https://venture-forge.breezy.hr/
wind-ventures,wind-ventures,https://wind-ventures.breezy.hr/
at-present,at-present,https://at-present.breezy.hr/
better-medicare-alliance,better-medicare-alliance,https://better-medicare-alliance.breezy.hr/
expanso-inc,expanso-inc,https://expanso-inc.breezy.hr/
planetiq,planetiq,https://planetiq.breezy.hr/
education-analytics,education-analytics,https://education-analytics.breezy.hr/
hireeasy,hireeasy,https://hireeasy.breezy.hr/
codebase,codebase,https://codebase.breezy.hr/
jarvis-ml,jarvis-ml,https://jarvis-ml.breezy.hr/
your-front-eoffice-inc,your-front-eoffice-inc,https://your-front-eoffice-inc.breezy.hr/
ausloans-finance-group,ausloans-finance-group,https://ausloans-finance-group.breezy.hr/
peptone,peptone,https://peptone.breezy.hr/
total-life-inc-1,total-life-inc-1,https://total-life-inc-1.breezy.hr/
apkudo-inc,apkudo-inc,https://apkudo-inc.breezy.hr/
mirkin-solutions-llc,mirkin-solutions-llc,https://mirkin-solutions-llc.breezy.hr/
ssg-cr,ssg-cr,https://ssg-cr.breezy.hr/
wayne-memorial-hospital,wayne-memorial-hospital,https://wayne-memorial-hospital.breezy.hr/
youth-family-counseling,youth-family-counseling,https://youth-family-counseling.breezy.hr/
mywork-brasil,mywork-brasil,https://mywork-brasil.breezy.hr/
plumbing-tree,plumbing-tree,https://plumbing-tree.breezy.hr/
printler-group-ab,printler-group-ab,https://printler-group-ab.breezy.hr/
alpin-gmbh,alpin-gmbh,https://alpin-gmbh.breezy.hr/
infohealth,infohealth,https://infohealth.breezy.hr/
quintessential-health,quintessential-health,https://quintessential-health.breezy.hr/
the-berkeley,the-berkeley,https://the-berkeley.breezy.hr/
deo,deo,https://deo.breezy.hr/
lyra-technology-group,lyra-technology-group,https://lyra-technology-group.breezy.hr/
north-penn-water-authority,north-penn-water-authority,https://north-penn-water-authority.breezy.hr/
raco-manufacturing-engineering-co,raco-manufacturing-engineering-co,https://raco-manufacturing-engineering-co.breezy.hr/
bunch-inc,bunch-inc,https://bunch-inc.breezy.hr/
advantagehealthcare,advantagehealthcare,https://advantagehealthcare.breezy.hr/
avnt,avnt,https://avnt.breezy.hr/
glymph-consulting,glymph-consulting,https://glymph-consulting.breezy.hr/
minespider,minespider,https://minespider.breezy.hr/
nevada-organic-remedies,nevada-organic-remedies,https://nevada-organic-remedies.breezy.hr/
peachy,peachy,https://peachy.breezy.hr/
smith-hair-salon-llc,smith-hair-salon-llc,https://smith-hair-salon-llc.breezy.hr/
cannon-keys,cannon-keys,https://cannon-keys.breezy.hr/
northfield-it,northfield-it,https://northfield-it.breezy.hr/
peerislands,peerislands,https://peerislands.breezy.hr/
precision-strategies,precision-strategies,https://precision-strategies.breezy.hr/
kitchen-table-advisors,kitchen-table-advisors,https://kitchen-table-advisors.breezy.hr/
just-zero,just-zero,https://just-zero.breezy.hr/
lepine-apartments,lepine-apartments,https://lepine-apartments.breezy.hr/
stake,stake,https://stake.breezy.hr/
supporting-families-together-association,supporting-families-together-association,https://supporting-families-together-association.breezy.hr/
consumervoice,consumervoice,https://consumervoice.breezy.hr/
giveme,giveme,https://giveme.breezy.hr/
helpwaretech,helpwaretech,https://helpwaretech.breezy.hr/
maxab,maxab,https://maxab.breezy.hr/
sponsorunited,sponsorunited,https://sponsorunited.breezy.hr/
adgate-media,adgate-media,https://adgate-media.breezy.hr/
foster-made,foster-made,https://foster-made.breezy.hr/
giant-army,giant-army,https://giant-army.breezy.hr/
growth-marketing-werks,growth-marketing-werks,https://growth-marketing-werks.breezy.hr/
pr-financial,pr-financial,https://pr-financial.breezy.hr/
smartaction,smartaction,https://smartaction.breezy.hr/
eldercare-resource-planning,eldercare-resource-planning,https://eldercare-resource-planning.breezy.hr/
kaizen-analytix,kaizen-analytix,https://kaizen-analytix.breezy.hr/
majormega,majormega,https://majormega.breezy.hr/
pike,pike,https://pike.breezy.hr/
wondermind,wondermind,https://wondermind.breezy.hr/
enrollmentfuel,enrollmentfuel,https://enrollmentfuel.breezy.hr/
johnson-engineering-inc,johnson-engineering-inc,https://johnson-engineering-inc.breezy.hr/
red-land-cargo,red-land-cargo,https://red-land-cargo.breezy.hr/
rh2-engineering-inc,rh2-engineering-inc,https://rh2-engineering-inc.breezy.hr/
santa-barbara-sparky,santa-barbara-sparky,https://santa-barbara-sparky.breezy.hr/
sideworx-connect-usa,sideworx-connect-usa,https://sideworx-connect-usa.breezy.hr/
userway,userway,https://userway.breezy.hr/
clear-cannabis-inc,clear-cannabis-inc,https://clear-cannabis-inc.breezy.hr/
envoc,envoc,https://envoc.breezy.hr/
smart-city-locating,smart-city-locating,https://smart-city-locating.breezy.hr/
wizard-plumbing-and-drain,wizard-plumbing-and-drain,https://wizard-plumbing-and-drain.breezy.hr/
insource-services-group,insource-services-group,https://insource-services-group.breezy.hr/
invizio,invizio,https://invizio.breezy.hr/
george-s-tradition,george-s-tradition,https://george-s-tradition.breezy.hr/
layer,layer,https://layer.breezy.hr/
irock-school-of-music,irock-school-of-music,https://irock-school-of-music.breezy.hr/
mixed-by-nasrin,mixed-by-nasrin,https://mixed-by-nasrin.breezy.hr/
roomza-inc,roomza-inc,https://roomza-inc.breezy.hr/
vector-trading,vector-trading,https://vector-trading.breezy.hr/
vimocity,vimocity,https://vimocity.breezy.hr/
advancing-beyond-the-spectrum,advancing-beyond-the-spectrum,https://advancing-beyond-the-spectrum.breezy.hr/
bookkeeper360,bookkeeper360,https://bookkeeper360.breezy.hr/
gomaterials,gomaterials,https://gomaterials.breezy.hr/
warrior-coal-llc,warrior-coal-llc,https://warrior-coal-llc.breezy.hr/
focus-group-panel,focus-group-panel,https://focus-group-panel.breezy.hr/
future-capital,future-capital,https://future-capital.breezy.hr/
mighty-citizen,mighty-citizen,https://mighty-citizen.breezy.hr/
contiamo,contiamo,https://contiamo.breezy.hr/
elevation-youth,elevation-youth,https://elevation-youth.breezy.hr/
fc-renew-llc,fc-renew-llc,https://fc-renew-llc.breezy.hr/
spacewell,spacewell,https://spacewell.breezy.hr/
vita-coco-uk,vita-coco-uk,https://vita-coco-uk.breezy.hr/
wunderkarten,wunderkarten,https://wunderkarten.breezy.hr/
euclid-network,euclid-network,https://euclid-network.breezy.hr/
howdy,howdy,https://howdy.breezy.hr/
scholarly,scholarly,https://scholarly.breezy.hr/
country-archer,country-archer,https://country-archer.breezy.hr/
galimberti,galimberti,https://galimberti.breezy.hr/
small-batch-standard,small-batch-standard,https://small-batch-standard.breezy.hr/
vis-holdings-inc,vis-holdings-inc,https://vis-holdings-inc.breezy.hr/
vodworks,vodworks,https://vodworks.breezy.hr/
25madison-llc,25madison-llc,https://25madison-llc.breezy.hr/
diplo-sight,diplo-sight,https://diplo-sight.breezy.hr/
ertms-solutions-srl,ertms-solutions-srl,https://ertms-solutions-srl.breezy.hr/
oxla,oxla,https://oxla.breezy.hr/
parentpossible,parentpossible,https://parentpossible.breezy.hr/
revolution-solar,revolution-solar,https://revolution-solar.breezy.hr/
step-up-team,step-up-team,https://step-up-team.breezy.hr/
talent-systems,talent-systems,https://talent-systems.breezy.hr/
the-rose-group,the-rose-group,https://the-rose-group.breezy.hr/
urban-ft-inc,urban-ft-inc,https://urban-ft-inc.breezy.hr/
vois-srl,vois-srl,https://vois-srl.breezy.hr/
city-of-welland,city-of-welland,https://city-of-welland.breezy.hr/
dotsub,dotsub,https://dotsub.breezy.hr/
gaycenter,gaycenter,https://gaycenter.breezy.hr/
helen-gertrude,helen-gertrude,https://helen-gertrude.breezy.hr/
overlooked-materials,overlooked-materials,https://overlooked-materials.breezy.hr/
transequality,transequality,https://transequality.breezy.hr/
epic-cleantec,epic-cleantec,https://epic-cleantec.breezy.hr/
mira-labs,mira-labs,https://mira-labs.breezy.hr/
ortak,ortak,https://ortak.breezy.hr/
hart--hickman,hart--hickman,https://hart--hickman.breezy.hr/
psyphycare-7d99d547f19b,psyphycare-7d99d547f19b,https://psyphycare-7d99d547f19b.breezy.hr/
conversal,conversal,https://conversal.breezy.hr/
matrix-ai,matrix-ai,https://matrix-ai.breezy.hr/
rodal-technologies,rodal-technologies,https://rodal-technologies.breezy.hr/
behavioral-health-field-inc,behavioral-health-field-inc,https://behavioral-health-field-inc.breezy.hr/
medialicious,medialicious,https://medialicious.breezy.hr/
quickbridge-funding,quickbridge-funding,https://quickbridge-funding.breezy.hr/
talentuch,talentuch,https://talentuch.breezy.hr/
trailmerge,trailmerge,https://trailmerge.breezy.hr/
aion,aion,https://aion.breezy.hr/
bitwave,bitwave,https://bitwave.breezy.hr/
culhane-premier-properties,culhane-premier-properties,https://culhane-premier-properties.breezy.hr/
dran-s-heating-ac,dran-s-heating-ac,https://dran-s-heating-ac.breezy.hr/
essaymaster,essaymaster,https://essaymaster.breezy.hr/
moi-global,moi-global,https://moi-global.breezy.hr/
amfg,amfg,https://amfg.breezy.hr/
qwqer-eu,qwqer-eu,https://qwqer-eu.breezy.hr/
texas-folklife,texas-folklife,https://texas-folklife.breezy.hr/
radiant-plumbing-and-air-conditioning,radiant-plumbing-and-air-conditioning,https://radiant-plumbing-and-air-conditioning.breezy.hr/
siebert-williams-shank-co,siebert-williams-shank-co,https://siebert-williams-shank-co.breezy.hr/
thrive-preschool,thrive-preschool,https://thrive-preschool.breezy.hr/
idea-peddler,idea-peddler,https://idea-peddler.breezy.hr/
suregroup,suregroup,https://suregroup.breezy.hr/
the-campbell-foundation,the-campbell-foundation,https://the-campbell-foundation.breezy.hr/
tuyo,tuyo,https://tuyo.breezy.hr/
wilson-n-jones,wilson-n-jones,https://wilson-n-jones.breezy.hr/
gmo-z-com-trust-company,gmo-z-com-trust-company,https://gmo-z-com-trust-company.breezy.hr/
hudhud,hudhud,https://hudhud.breezy.hr/
up-education,up-education,https://up-education.breezy.hr/
encon-equipment,encon-equipment,https://encon-equipment.breezy.hr/
intecon-llc,intecon-llc,https://intecon-llc.breezy.hr/
peer39,peer39,https://peer39.breezy.hr/
pizza-luce,pizza-luce,https://pizza-luce.breezy.hr/
recursive,recursive,https://recursive.breezy.hr/
drakontas-llc,drakontas-llc,https://drakontas-llc.breezy.hr/
queplan,queplan,https://queplan.breezy.hr/
sugatan-io,sugatan-io,https://sugatan-io.breezy.hr/
bolster-networks-inc,bolster-networks-inc,https://bolster-networks-inc.breezy.hr/
bryq,bryq,https://bryq.breezy.hr/
community-partners-in-action,community-partners-in-action,https://community-partners-in-action.breezy.hr/
syteca,syteca,https://syteca.breezy.hr/
active-kare-physical-therapy,active-kare-physical-therapy,https://active-kare-physical-therapy.breezy.hr/
23globalmarketing,23globalmarketing,https://23globalmarketing.breezy.hr/
hoatalent,hoatalent,https://hoatalent.breezy.hr/
sharesource,sharesource,https://sharesource.breezy.hr/
hutten-company-land-and-shore,hutten-company-land-and-shore,https://hutten-company-land-and-shore.breezy.hr/
ifutur,ifutur,https://ifutur.breezy.hr/
jkz-llp,jkz-llp,https://jkz-llp.breezy.hr/
ken-tron-mfg-inc,ken-tron-mfg-inc,https://ken-tron-mfg-inc.breezy.hr/
pixel,pixel,https://pixel.breezy.hr/
tuto-com,tuto-com,https://tuto-com.breezy.hr/
ilead-global,ilead-global,https://ilead-global.breezy.hr/
marketdial,marketdial,https://marketdial.breezy.hr/
orange-grove-bio,orange-grove-bio,https://orange-grove-bio.breezy.hr/
property-meld,property-meld,https://property-meld.breezy.hr/
sales-excellence-institute,sales-excellence-institute,https://sales-excellence-institute.breezy.hr/
clean-air-task-force,clean-air-task-force,https://clean-air-task-force.breezy.hr/
knowtrex,knowtrex,https://knowtrex.breezy.hr/
photon-marine-corporation,photon-marine-corporation,https://photon-marine-corporation.breezy.hr/
smyrna-police-department,smyrna-police-department,https://smyrna-police-department.breezy.hr/
timeline-theatre-company,timeline-theatre-company,https://timeline-theatre-company.breezy.hr/
barharborinn,barharborinn,https://barharborinn.breezy.hr/
monocle,monocle,https://monocle.breezy.hr/
thirdwave,thirdwave,https://thirdwave.breezy.hr/
we3,we3,https://we3.breezy.hr/
wurster-construction,wurster-construction,https://wurster-construction.breezy.hr/
buddhist-compassion-relief-tzu-chi-foundation-singapore,buddhist-compassion-relief-tzu-chi-foundation-singapore,https://buddhist-compassion-relief-tzu-chi-foundation-singapore.breezy.hr/
metro-park-warehouses-inc,metro-park-warehouses-inc,https://metro-park-warehouses-inc.breezy.hr/
ssg-philippines,ssg-philippines,https://ssg-philippines.breezy.hr/
vahura-ce516a62e944,vahura-ce516a62e944,https://vahura-ce516a62e944.breezy.hr/
wild,wild,https://wild.breezy.hr/
colnago-ernesto-e-c-srl,colnago-ernesto-e-c-srl,https://colnago-ernesto-e-c-srl.breezy.hr/
petrelli-previtera,petrelli-previtera,https://petrelli-previtera.breezy.hr/
south-african-graduate-employers-association,south-african-graduate-employers-association,https://south-african-graduate-employers-association.breezy.hr/
tribe-culture-change,tribe-culture-change,https://tribe-culture-change.breezy.hr/
josselyn,josselyn,https://josselyn.breezy.hr/
pdmi,pdmi,https://pdmi.breezy.hr/
survivor-healthcare,survivor-healthcare,https://survivor-healthcare.breezy.hr/
care-of-chan,care-of-chan,https://care-of-chan.breezy.hr/
controlshift,controlshift,https://controlshift.breezy.hr/
dfw-metropolitan-insurance-group-llc,dfw-metropolitan-insurance-group-llc,https://dfw-metropolitan-insurance-group-llc.breezy.hr/
medimap,medimap,https://medimap.breezy.hr/
revamp-engineering-inc,revamp-engineering-inc,https://revamp-engineering-inc.breezy.hr/
steveworks-llc,steveworks-llc,https://steveworks-llc.breezy.hr/
cluster-1-sa,cluster-1-sa,https://cluster-1-sa.breezy.hr/
credo,credo,https://credo.breezy.hr/
evidencecare,evidencecare,https://evidencecare.breezy.hr/
personified-tech,personified-tech,https://personified-tech.breezy.hr/
karibu-capital,karibu-capital,https://karibu-capital.breezy.hr/
oneliner,oneliner,https://oneliner.breezy.hr/
project10k,project10k,https://project10k.breezy.hr/
skypath,skypath,https://skypath.breezy.hr/
social-nature,social-nature,https://social-nature.breezy.hr/
zameen-com,zameen-com,https://zameen-com.breezy.hr/
calybre,calybre,https://calybre.breezy.hr/
hcpa,hcpa,https://hcpa.breezy.hr/
steel-wool-studios,steel-wool-studios,https://steel-wool-studios.breezy.hr/
team-uis,team-uis,https://team-uis.breezy.hr/
teamrecruit-armi,teamrecruit-armi,https://teamrecruit-armi.breezy.hr/
joyride-technologies,joyride-technologies,https://joyride-technologies.breezy.hr/
out-of-the-box,out-of-the-box,https://out-of-the-box.breezy.hr/
truecare24,truecare24,https://truecare24.breezy.hr/
401-auto-rv-group,401-auto-rv-group,https://401-auto-rv-group.breezy.hr/
eddi-bike,eddi-bike,https://eddi-bike.breezy.hr/
freehouse-partners,freehouse-partners,https://freehouse-partners.breezy.hr/
gatewise,gatewise,https://gatewise.breezy.hr/
freyer-laureta-inc,freyer-laureta-inc,https://freyer-laureta-inc.breezy.hr/
greenwood-project,greenwood-project,https://greenwood-project.breezy.hr/
hallambulance,hallambulance,https://hallambulance.breezy.hr/
kiira-health,kiira-health,https://kiira-health.breezy.hr/
r3-business-solutions-llc,r3-business-solutions-llc,https://r3-business-solutions-llc.breezy.hr/
auxon-corporation,auxon-corporation,https://auxon-corporation.breezy.hr/
cloudcure,cloudcure,https://cloudcure.breezy.hr/
competera,competera,https://competera.breezy.hr/
diamond-assets,diamond-assets,https://diamond-assets.breezy.hr/
mcquillan-brothers,mcquillan-brothers,https://mcquillan-brothers.breezy.hr/
allies-in-caring,allies-in-caring,https://allies-in-caring.breezy.hr/
gathered-here,gathered-here,https://gathered-here.breezy.hr/
skipper,skipper,https://skipper.breezy.hr/
triad-electronic-technologies,triad-electronic-technologies,https://triad-electronic-technologies.breezy.hr/
matternxt,matternxt,https://matternxt.breezy.hr/
miller-musmar,miller-musmar,https://miller-musmar.breezy.hr/
lubet-engineering,lubet-engineering,https://lubet-engineering.breezy.hr/
microhabitat,microhabitat,https://microhabitat.breezy.hr/
skywirenetworks,skywirenetworks,https://skywirenetworks.breezy.hr/
digital-fast-forward,digital-fast-forward,https://digital-fast-forward.breezy.hr/
nomad-capitalist,nomad-capitalist,https://nomad-capitalist.breezy.hr/
the-fun-ones-party-rental,the-fun-ones-party-rental,https://the-fun-ones-party-rental.breezy.hr/
getac-inc,getac-inc,https://getac-inc.breezy.hr/
innoarchitects,innoarchitects,https://innoarchitects.breezy.hr/
msi-credit-solutions,msi-credit-solutions,https://msi-credit-solutions.breezy.hr/
nc-education-corps,nc-education-corps,https://nc-education-corps.breezy.hr/
parative,parative,https://parative.breezy.hr/
delicious-monster,delicious-monster,https://delicious-monster.breezy.hr/
diamond-integrated-marketing,diamond-integrated-marketing,https://diamond-integrated-marketing.breezy.hr/
elba-technologies-gmbh,elba-technologies-gmbh,https://elba-technologies-gmbh.breezy.hr/
firefinch-software-ltd,firefinch-software-ltd,https://firefinch-software-ltd.breezy.hr/
inngest,inngest,https://inngest.breezy.hr/
allstar,allstar,https://allstar.breezy.hr/
clovyr,clovyr,https://clovyr.breezy.hr/
qtalo,qtalo,https://qtalo.breezy.hr/
soliant-consulting,soliant-consulting,https://soliant-consulting.breezy.hr/
bulldog-rooter,bulldog-rooter,https://bulldog-rooter.breezy.hr/
charter-telecom-inc,charter-telecom-inc,https://charter-telecom-inc.breezy.hr/
directorie,directorie,https://directorie.breezy.hr/
eyesoneyecare,eyesoneyecare,https://eyesoneyecare.breezy.hr/
affiliaxe-com,affiliaxe-com,https://affiliaxe-com.breezy.hr/
percival-engineering,percival-engineering,https://percival-engineering.breezy.hr/
red-raion,red-raion,https://red-raion.breezy.hr/
artidis-ag,artidis-ag,https://artidis-ag.breezy.hr/
dyl,dyl,https://dyl.breezy.hr/
parallel-markets-inc,parallel-markets-inc,https://parallel-markets-inc.breezy.hr/
tripelephant,tripelephant,https://tripelephant.breezy.hr/
venkman-holdings-inc,venkman-holdings-inc,https://venkman-holdings-inc.breezy.hr/
equity-trustees,equity-trustees,https://equity-trustees.breezy.hr/
in2u-hr,in2u-hr,https://in2u-hr.breezy.hr/
kapturbox,kapturbox,https://kapturbox.breezy.hr/
tigo,tigo,https://tigo.breezy.hr/
maurer-talent-consulting-or-mtc,maurer-talent-consulting-or-mtc,https://maurer-talent-consulting-or-mtc.breezy.hr/
blutsgeschwister-gmbh,blutsgeschwister-gmbh,https://blutsgeschwister-gmbh.breezy.hr/
diligo,diligo,https://diligo.breezy.hr/
fors-marsh-group,fors-marsh-group,https://fors-marsh-group.breezy.hr/
morningstar-services-inc,morningstar-services-inc,https://morningstar-services-inc.breezy.hr/
rocketlit,rocketlit,https://rocketlit.breezy.hr/
megasol-energie-ag,megasol-energie-ag,https://megasol-energie-ag.breezy.hr/
motivemetrics,motivemetrics,https://motivemetrics.breezy.hr/
weight-doctors,weight-doctors,https://weight-doctors.breezy.hr/
yolo-federal-credit-union,yolo-federal-credit-union,https://yolo-federal-credit-union.breezy.hr/
enterprise-ventures-corporation,enterprise-ventures-corporation,https://enterprise-ventures-corporation.breezy.hr/
genestack-ltd,genestack-ltd,https://genestack-ltd.breezy.hr/
jazz-home-services,jazz-home-services,https://jazz-home-services.breezy.hr/
meyers-printing,meyers-printing,https://meyers-printing.breezy.hr/
midtown-home-improvements,midtown-home-improvements,https://midtown-home-improvements.breezy.hr/
pickering-creek-audubon-center,pickering-creek-audubon-center,https://pickering-creek-audubon-center.breezy.hr/
angaza-technology-literacy-center,angaza-technology-literacy-center,https://angaza-technology-literacy-center.breezy.hr/
norbert-health,norbert-health,https://norbert-health.breezy.hr/
research-talent-hub,research-talent-hub,https://research-talent-hub.breezy.hr/
scandinavian-building-services,scandinavian-building-services,https://scandinavian-building-services.breezy.hr/
the-beam-network,the-beam-network,https://the-beam-network.breezy.hr/
value-virtual-assistants,value-virtual-assistants,https://value-virtual-assistants.breezy.hr/
dex-labs,dex-labs,https://dex-labs.breezy.hr/
johnson-brothers,johnson-brothers,https://johnson-brothers.breezy.hr/
battelle-uk-limited,battelle-uk-limited,https://battelle-uk-limited.breezy.hr/
global-center-for-gender-equality,global-center-for-gender-equality,https://global-center-for-gender-equality.breezy.hr/
interledger-foundation,interledger-foundation,https://interledger-foundation.breezy.hr/
montel-intergalactic,montel-intergalactic,https://montel-intergalactic.breezy.hr/
redwood-day-school,redwood-day-school,https://redwood-day-school.breezy.hr/
baicells-technologies,baicells-technologies,https://baicells-technologies.breezy.hr/
bexorg,bexorg,https://bexorg.breezy.hr/
clear-one-advantange,clear-one-advantange,https://clear-one-advantange.breezy.hr/
black-diamond-experts,black-diamond-experts,https://black-diamond-experts.breezy.hr/
heliotron-deutschland-gmbh,heliotron-deutschland-gmbh,https://heliotron-deutschland-gmbh.breezy.hr/
md-exam-inc,md-exam-inc,https://md-exam-inc.breezy.hr/
surepath-ai,surepath-ai,https://surepath-ai.breezy.hr/
weco-hospitality,weco-hospitality,https://weco-hospitality.breezy.hr/
bytecraft,bytecraft,https://bytecraft.breezy.hr/
jobs-the-long-drink-company,jobs-the-long-drink-company,https://jobs-the-long-drink-company.breezy.hr/
network-coverage,network-coverage,https://network-coverage.breezy.hr/
rivet-work,rivet-work,https://rivet-work.breezy.hr/
spring-into-clean,spring-into-clean,https://spring-into-clean.breezy.hr/
talent-acquisition-concepts,talent-acquisition-concepts,https://talent-acquisition-concepts.breezy.hr/
all-renovation-design-llc,all-renovation-design-llc,https://all-renovation-design-llc.breezy.hr/
haslam-sports-group,haslam-sports-group,https://haslam-sports-group.breezy.hr/
reach,reach,https://reach.breezy.hr/
sole-source-medical,sole-source-medical,https://sole-source-medical.breezy.hr/
tactibit-technologies-llc,tactibit-technologies-llc,https://tactibit-technologies-llc.breezy.hr/
amplified-solutions,amplified-solutions,https://amplified-solutions.breezy.hr/
edgecortix-inc,edgecortix-inc,https://edgecortix-inc.breezy.hr/
nexalink,nexalink,https://nexalink.breezy.hr/
reverence,reverence,https://reverence.breezy.hr/
sourceworx,sourceworx,https://sourceworx.breezy.hr/
chandler-air,chandler-air,https://chandler-air.breezy.hr/
media-cause,media-cause,https://media-cause.breezy.hr/
telespazio-be,telespazio-be,https://telespazio-be.breezy.hr/
1kx,1kx,https://1kx.breezy.hr/
atom-accelerator-dao,atom-accelerator-dao,https://atom-accelerator-dao.breezy.hr/
democracy-summer,democracy-summer,https://democracy-summer.breezy.hr/
stand-up-america,stand-up-america,https://stand-up-america.breezy.hr/
amplication,amplication,https://amplication.breezy.hr/
kwil,kwil,https://kwil.breezy.hr/
vaporus-inc,vaporus-inc,https://vaporus-inc.breezy.hr/
west-end-dental-group,west-end-dental-group,https://west-end-dental-group.breezy.hr/
air-visits-inc,air-visits-inc,https://air-visits-inc.breezy.hr/
aspen-ridge-mental-health,aspen-ridge-mental-health,https://aspen-ridge-mental-health.breezy.hr/
big-red-group,big-red-group,https://big-red-group.breezy.hr/
hyasynth-bio,hyasynth-bio,https://hyasynth-bio.breezy.hr/
sunway-landscape-services,sunway-landscape-services,https://sunway-landscape-services.breezy.hr/
kivo-inc,kivo-inc,https://kivo-inc.breezy.hr/
nooks,nooks,https://nooks.breezy.hr/
pinnacle-construction-and-development,pinnacle-construction-and-development,https://pinnacle-construction-and-development.breezy.hr/
thehealthpartnership,thehealthpartnership,https://thehealthpartnership.breezy.hr/
chinook-systems,chinook-systems,https://chinook-systems.breezy.hr/
international-voyager-inc,international-voyager-inc,https://international-voyager-inc.breezy.hr/
merchandising-consultants-associates,merchandising-consultants-associates,https://merchandising-consultants-associates.breezy.hr/
office-puzzle,office-puzzle,https://office-puzzle.breezy.hr/
opexpert-consulting,opexpert-consulting,https://opexpert-consulting.breezy.hr/
serent-capital,serent-capital,https://serent-capital.breezy.hr/
amazing-explorers-academy,amazing-explorers-academy,https://amazing-explorers-academy.breezy.hr/
american-farm-bureau-federation,american-farm-bureau-federation,https://american-farm-bureau-federation.breezy.hr/
crisp-kitchen-juice,crisp-kitchen-juice,https://crisp-kitchen-juice.breezy.hr/
dalstrong-inc,dalstrong-inc,https://dalstrong-inc.breezy.hr/
spotterrf,spotterrf,https://spotterrf.breezy.hr/
developex,developex,https://developex.breezy.hr/
e-e-tech,e-e-tech,https://e-e-tech.breezy.hr/
fox-advancement,fox-advancement,https://fox-advancement.breezy.hr/
foresight,foresight,https://foresight.breezy.hr/
metalogic-inspection-services,metalogic-inspection-services,https://metalogic-inspection-services.breezy.hr/
alem-sistem,alem-sistem,https://alem-sistem.breezy.hr/
kukufm,kukufm,https://kukufm.breezy.hr/
applied-particle-technology,applied-particle-technology,https://applied-particle-technology.breezy.hr/
compass-family-services,compass-family-services,https://compass-family-services.breezy.hr/
legado,legado,https://legado.breezy.hr/
nascent-xyz,nascent-xyz,https://nascent-xyz.breezy.hr/
noventech-inc,noventech-inc,https://noventech-inc.breezy.hr/
novipro,novipro,https://novipro.breezy.hr/
opera,opera,https://opera.breezy.hr/
creaholic-sa,creaholic-sa,https://creaholic-sa.breezy.hr/
family-resource-home-care,family-resource-home-care,https://family-resource-home-care.breezy.hr/
inovues,inovues,https://inovues.breezy.hr/
kaipod-learning,kaipod-learning,https://kaipod-learning.breezy.hr/
emergex,emergex,https://emergex.breezy.hr/
mga-i-michael-green-architecture,mga-i-michael-green-architecture,https://mga-i-michael-green-architecture.breezy.hr/
stjohnsdsg,stjohnsdsg,https://stjohnsdsg.breezy.hr/
strategic-systems-international,strategic-systems-international,https://strategic-systems-international.breezy.hr/
the-luminos-fund,the-luminos-fund,https://the-luminos-fund.breezy.hr/
your-money-line,your-money-line,https://your-money-line.breezy.hr/
abstractgroup,abstractgroup,https://abstractgroup.breezy.hr/
alliance-resource-partners-lp,alliance-resource-partners-lp,https://alliance-resource-partners-lp.breezy.hr/
click-tie,click-tie,https://click-tie.breezy.hr/
glass-pool-company-llc,glass-pool-company-llc,https://glass-pool-company-llc.breezy.hr/
ascent-robotics,ascent-robotics,https://ascent-robotics.breezy.hr/
givecampus,givecampus,https://givecampus.breezy.hr/
northeast-charter-schools-network,northeast-charter-schools-network,https://northeast-charter-schools-network.breezy.hr/
pelotech,pelotech,https://pelotech.breezy.hr/
carnegie-robotics,carnegie-robotics,https://carnegie-robotics.breezy.hr/
gps-group-peer-support-llc,gps-group-peer-support-llc,https://gps-group-peer-support-llc.breezy.hr/
prep-kitchen,prep-kitchen,https://prep-kitchen.breezy.hr/
reach-out-and-read,reach-out-and-read,https://reach-out-and-read.breezy.hr/
renewed-vision,renewed-vision,https://renewed-vision.breezy.hr/
scimitar-inc,scimitar-inc,https://scimitar-inc.breezy.hr/
digg,digg,https://digg.breezy.hr/
east-central-energy,east-central-energy,https://east-central-energy.breezy.hr/
amity-solutions,amity-solutions,https://amity-solutions.breezy.hr/
cammell-laird,cammell-laird,https://cammell-laird.breezy.hr/
combient-foundry,combient-foundry,https://combient-foundry.breezy.hr/
ingenius-prep,ingenius-prep,https://ingenius-prep.breezy.hr/
morris-and-ritchie-associates,morris-and-ritchie-associates,https://morris-and-ritchie-associates.breezy.hr/
digiseed,digiseed,https://digiseed.breezy.hr/
precitaste,precitaste,https://precitaste.breezy.hr/
vixy,vixy,https://vixy.breezy.hr/
wild-earth,wild-earth,https://wild-earth.breezy.hr/
carina-initiatives-inc,carina-initiatives-inc,https://carina-initiatives-inc.breezy.hr/
cinteot,cinteot,https://cinteot.breezy.hr/
discover-echo-inc,discover-echo-inc,https://discover-echo-inc.breezy.hr/
medhaul,medhaul,https://medhaul.breezy.hr/
sevensense-robotics-ag,sevensense-robotics-ag,https://sevensense-robotics-ag.breezy.hr/
cbd-kratom,cbd-kratom,https://cbd-kratom.breezy.hr/
fluree,fluree,https://fluree.breezy.hr/
superbolt,superbolt,https://superbolt.breezy.hr/
western-landowners-alliance,western-landowners-alliance,https://western-landowners-alliance.breezy.hr/
whym,whym,https://whym.breezy.hr/
bettermynd,bettermynd,https://bettermynd.breezy.hr/
cleanslate,cleanslate,https://cleanslate.breezy.hr/
ecore-services,ecore-services,https://ecore-services.breezy.hr/
open-contracting-partnership,open-contracting-partnership,https://open-contracting-partnership.breezy.hr/
atlasprimary,atlasprimary,https://atlasprimary.breezy.hr/
buypower,buypower,https://buypower.breezy.hr/
claimer,claimer,https://claimer.breezy.hr/
erie-county-convention-center-authority,erie-county-convention-center-authority,https://erie-county-convention-center-authority.breezy.hr/
motivosity,motivosity,https://motivosity.breezy.hr/
national-assemblers-inc,national-assemblers-inc,https://national-assemblers-inc.breezy.hr/
predictiva,predictiva,https://predictiva.breezy.hr/
thermosoft,thermosoft,https://thermosoft.breezy.hr/
dealercity,dealercity,https://dealercity.breezy.hr/
givingdata,givingdata,https://givingdata.breezy.hr/
hahow,hahow,https://hahow.breezy.hr/
oneport-365,oneport-365,https://oneport-365.breezy.hr/
the-bulletin-of-the-atomic-scientists,the-bulletin-of-the-atomic-scientists,https://the-bulletin-of-the-atomic-scientists.breezy.hr/
the-modern-hello,the-modern-hello,https://the-modern-hello.breezy.hr/
wi-her,wi-her,https://wi-her.breezy.hr/
herocoders,herocoders,https://herocoders.breezy.hr/
national-funding,national-funding,https://national-funding.breezy.hr/
salesflow,salesflow,https://salesflow.breezy.hr/
april-health,april-health,https://april-health.breezy.hr/
adapt,adapt,https://adapt.breezy.hr/
brandttractor,brandttractor,https://brandttractor.breezy.hr/
cueback,cueback,https://cueback.breezy.hr/
tooly,tooly,https://tooly.breezy.hr/
1001,1001,https://1001.breezy.hr/
active-theory-inc,active-theory-inc,https://active-theory-inc.breezy.hr/
aptyx,aptyx,https://aptyx.breezy.hr/
boldare,boldare,https://boldare.breezy.hr/
cz-logistics,cz-logistics,https://cz-logistics.breezy.hr/
gencap-construction-corp,gencap-construction-corp,https://gencap-construction-corp.breezy.hr/
milu-health,milu-health,https://milu-health.breezy.hr/
chatterbug,chatterbug,https://chatterbug.breezy.hr/
schroeder-manatee-ranch-inc,schroeder-manatee-ranch-inc,https://schroeder-manatee-ranch-inc.breezy.hr/
skilldlabs,skilldlabs,https://skilldlabs.breezy.hr/
truplace,truplace,https://truplace.breezy.hr/
ajs,ajs,https://ajs.breezy.hr/
ezyvet,ezyvet,https://ezyvet.breezy.hr/
prica-global-enterprises-inc,prica-global-enterprises-inc,https://prica-global-enterprises-inc.breezy.hr/
intrinio,intrinio,https://intrinio.breezy.hr/
makerkids-toronto,makerkids-toronto,https://makerkids-toronto.breezy.hr/
orbit-fab,orbit-fab,https://orbit-fab.breezy.hr/
teylor,teylor,https://teylor.breezy.hr/
the-commonwealth-fund,the-commonwealth-fund,https://the-commonwealth-fund.breezy.hr/
kelkoo-ltd,kelkoo-ltd,https://kelkoo-ltd.breezy.hr/
melita-group,melita-group,https://melita-group.breezy.hr/
nilos,nilos,https://nilos.breezy.hr/
3ex,3ex,https://3ex.breezy.hr/
kiddiekredit,kiddiekredit,https://kiddiekredit.breezy.hr/
softab,softab,https://softab.breezy.hr/
suricats-consulting,suricats-consulting,https://suricats-consulting.breezy.hr/
avail,avail,https://avail.breezy.hr/
issco-romania,issco-romania,https://issco-romania.breezy.hr/
anonos,anonos,https://anonos.breezy.hr/
emerge-fellowship,emerge-fellowship,https://emerge-fellowship.breezy.hr/
heo,heo,https://heo.breezy.hr/
kasha,kasha,https://kasha.breezy.hr/
key-to-the-world-travel,key-to-the-world-travel,https://key-to-the-world-travel.breezy.hr/
community-youth-network,community-youth-network,https://community-youth-network.breezy.hr/
fin-design-effects,fin-design-effects,https://fin-design-effects.breezy.hr/
ideascape,ideascape,https://ideascape.breezy.hr/
infra-pipe-solutions,infra-pipe-solutions,https://infra-pipe-solutions.breezy.hr/
lumina-corps,lumina-corps,https://lumina-corps.breezy.hr/
mighty-digital,mighty-digital,https://mighty-digital.breezy.hr/
american-bar-foundation,american-bar-foundation,https://american-bar-foundation.breezy.hr/
cdpdoctor,cdpdoctor,https://cdpdoctor.breezy.hr/
generous-industries,generous-industries,https://generous-industries.breezy.hr/
salute-mission-inc,salute-mission-inc,https://salute-mission-inc.breezy.hr/
adiova,adiova,https://adiova.breezy.hr/
endpass,endpass,https://endpass.breezy.hr/
gatewayshelter,gatewayshelter,https://gatewayshelter.breezy.hr/
purple-unicorn,purple-unicorn,https://purple-unicorn.breezy.hr/
t-capital,t-capital,https://t-capital.breezy.hr/
termscout,termscout,https://termscout.breezy.hr/
action-target-inc,action-target-inc,https://action-target-inc.breezy.hr/
t-scan,t-scan,https://t-scan.breezy.hr/
bluetruck,bluetruck,https://bluetruck.breezy.hr/
chargespot,chargespot,https://chargespot.breezy.hr/
cleverse,cleverse,https://cleverse.breezy.hr/
jericho-security,jericho-security,https://jericho-security.breezy.hr/
jumbo-consulting-group-a-s,jumbo-consulting-group-a-s,https://jumbo-consulting-group-a-s.breezy.hr/
plus-vc,plus-vc,https://plus-vc.breezy.hr/
boll-branch,boll-branch,https://boll-branch.breezy.hr/
fiskal-inc,fiskal-inc,https://fiskal-inc.breezy.hr/
blubrry,blubrry,https://blubrry.breezy.hr/
graphaware,graphaware,https://graphaware.breezy.hr/
seeding-justice,seeding-justice,https://seeding-justice.breezy.hr/
spinup,spinup,https://spinup.breezy.hr/
symmetron-limited,symmetron-limited,https://symmetron-limited.breezy.hr/
elvis-eckardt-recruitment-sales-solutions-limited,elvis-eckardt-recruitment-sales-solutions-limited,https://elvis-eckardt-recruitment-sales-solutions-limited.breezy.hr/
malek-service-co,malek-service-co,https://malek-service-co.breezy.hr/
school-of-motion,school-of-motion,https://school-of-motion.breezy.hr/
sitter-studio,sitter-studio,https://sitter-studio.breezy.hr/
tawk-to,tawk-to,https://tawk-to.breezy.hr/
william-thomas-digital-inc,william-thomas-digital-inc,https://william-thomas-digital-inc.breezy.hr/
hioperator,hioperator,https://hioperator.breezy.hr/
neteffect,neteffect,https://neteffect.breezy.hr/
oaklin,oaklin,https://oaklin.breezy.hr/
oreganos,oreganos,https://oreganos.breezy.hr/
panoramicinc,panoramicinc,https://panoramicinc.breezy.hr/
passion-leadership-experience,passion-leadership-experience,https://passion-leadership-experience.breezy.hr/
blended,blended,https://blended.breezy.hr/
bravo-digital-partners-llc,bravo-digital-partners-llc,https://bravo-digital-partners-llc.breezy.hr/
cometeer,cometeer,https://cometeer.breezy.hr/
ctcp,ctcp,https://ctcp.breezy.hr/
district-partnerships,district-partnerships,https://district-partnerships.breezy.hr/
florida-flyers-flight-academy-inc,florida-flyers-flight-academy-inc,https://florida-flyers-flight-academy-inc.breezy.hr/
more-than-enough-ltd,more-than-enough-ltd,https://more-than-enough-ltd.breezy.hr/
brt-extrusions-inc,brt-extrusions-inc,https://brt-extrusions-inc.breezy.hr/
committee-to-elect-natalie-pinkney,committee-to-elect-natalie-pinkney,https://committee-to-elect-natalie-pinkney.breezy.hr/
completespecialtysolutions,completespecialtysolutions,https://completespecialtysolutions.breezy.hr/
metro-properties1,metro-properties1,https://metro-properties1.breezy.hr/
payrecs,payrecs,https://payrecs.breezy.hr/
immaculata-la-salle-high-school,immaculata-la-salle-high-school,https://immaculata-la-salle-high-school.breezy.hr/
ohnstad-twichell,ohnstad-twichell,https://ohnstad-twichell.breezy.hr/
phat-loot-studios,phat-loot-studios,https://phat-loot-studios.breezy.hr/
raldex,raldex,https://raldex.breezy.hr/
romeroinstitute,romeroinstitute,https://romeroinstitute.breezy.hr/
sdsn-youth,sdsn-youth,https://sdsn-youth.breezy.hr/
cartesoft,cartesoft,https://cartesoft.breezy.hr/
rubris-inc,rubris-inc,https://rubris-inc.breezy.hr/
simplygood,simplygood,https://simplygood.breezy.hr/
sonno-malaysia,sonno-malaysia,https://sonno-malaysia.breezy.hr/
south-orange-rescue-squad,south-orange-rescue-squad,https://south-orange-rescue-squad.breezy.hr/
aligned-recruitment,aligned-recruitment,https://aligned-recruitment.breezy.hr/
blueticket,blueticket,https://blueticket.breezy.hr/
colonnade-bridgeport,colonnade-bridgeport,https://colonnade-bridgeport.breezy.hr/
dataeq,dataeq,https://dataeq.breezy.hr/
digital-grain-elevator-inc,digital-grain-elevator-inc,https://digital-grain-elevator-inc.breezy.hr/
revendo-new,revendo-new,https://revendo-new.breezy.hr/
servicebyte,servicebyte,https://servicebyte.breezy.hr/
bounce-therapy,bounce-therapy,https://bounce-therapy.breezy.hr/
croco-orthodontics,croco-orthodontics,https://croco-orthodontics.breezy.hr/
seasats,seasats,https://seasats.breezy.hr/
trueline,trueline,https://trueline.breezy.hr/
webstreet,webstreet,https://webstreet.breezy.hr/
wildmindales,wildmindales,https://wildmindales.breezy.hr/
gigsmart,gigsmart,https://gigsmart.breezy.hr/
national-iranian-american-council,national-iranian-american-council,https://national-iranian-american-council.breezy.hr/
nuspine-chiropractic,nuspine-chiropractic,https://nuspine-chiropractic.breezy.hr/
tagsforhope,tagsforhope,https://tagsforhope.breezy.hr/
bmi,bmi,https://bmi.breezy.hr/
grapids-heating-cooling-inc,grapids-heating-cooling-inc,https://grapids-heating-cooling-inc.breezy.hr/
pias-uk,pias-uk,https://pias-uk.breezy.hr/
usemultiplier,usemultiplier,https://usemultiplier.breezy.hr/
donovan-group,donovan-group,https://donovan-group.breezy.hr/
gamut-behavioral-services,gamut-behavioral-services,https://gamut-behavioral-services.breezy.hr/
great-lakes-advisory,great-lakes-advisory,https://great-lakes-advisory.breezy.hr/
qcss-health,qcss-health,https://qcss-health.breezy.hr/
tiamat-sciences-corp,tiamat-sciences-corp,https://tiamat-sciences-corp.breezy.hr/
driving-academy,driving-academy,https://driving-academy.breezy.hr/
kizik,kizik,https://kizik.breezy.hr/
the-story-church,the-story-church,https://the-story-church.breezy.hr/
upskiller,upskiller,https://upskiller.breezy.hr/
world-renew,world-renew,https://world-renew.breezy.hr/
arizonapainrelief,arizonapainrelief,https://arizonapainrelief.breezy.hr/
catalox,catalox,https://catalox.breezy.hr/
darkhorse-tech,darkhorse-tech,https://darkhorse-tech.breezy.hr/
grace-health,grace-health,https://grace-health.breezy.hr/
loud-rumor,loud-rumor,https://loud-rumor.breezy.hr/
pulsara,pulsara,https://pulsara.breezy.hr/
recovr,recovr,https://recovr.breezy.hr/
wiretap-telecom,wiretap-telecom,https://wiretap-telecom.breezy.hr/
wood-thilsted,wood-thilsted,https://wood-thilsted.breezy.hr/
xl-batteries,xl-batteries,https://xl-batteries.breezy.hr/
axis-studios,axis-studios,https://axis-studios.breezy.hr/
delan-associates-inc,delan-associates-inc,https://delan-associates-inc.breezy.hr/
ess-metron,ess-metron,https://ess-metron.breezy.hr/
labman-automation,labman-automation,https://labman-automation.breezy.hr/
drop-genie,drop-genie,https://drop-genie.breezy.hr/
foundation-for-jewish-camp,foundation-for-jewish-camp,https://foundation-for-jewish-camp.breezy.hr/
manabie,manabie,https://manabie.breezy.hr/
olipay,olipay,https://olipay.breezy.hr/
sentinel-devices,sentinel-devices,https://sentinel-devices.breezy.hr/
blue-orange-digital,blue-orange-digital,https://blue-orange-digital.breezy.hr/
revive-design-studios-llc,revive-design-studios-llc,https://revive-design-studios-llc.breezy.hr/
allana-buick-bers,allana-buick-bers,https://allana-buick-bers.breezy.hr/
blessly-llc,blessly-llc,https://blessly-llc.breezy.hr/
cnaught,cnaught,https://cnaught.breezy.hr/
digital-air-strike,digital-air-strike,https://digital-air-strike.breezy.hr/
kitsap-community-resources,kitsap-community-resources,https://kitsap-community-resources.breezy.hr/
beacon-media-marketing,beacon-media-marketing,https://beacon-media-marketing.breezy.hr/
p3-usa,p3-usa,https://p3-usa.breezy.hr/
quality-archery-designs,quality-archery-designs,https://quality-archery-designs.breezy.hr/
riverview-coal-llc,riverview-coal-llc,https://riverview-coal-llc.breezy.hr/
ssg-emea,ssg-emea,https://ssg-emea.breezy.hr/
black-women-talk-tech,black-women-talk-tech,https://black-women-talk-tech.breezy.hr/
little-voice,little-voice,https://little-voice.breezy.hr/
telus-health-care-centers,telus-health-care-centers,https://telus-health-care-centers.breezy.hr/
the-croghan-colonial-bank,the-croghan-colonial-bank,https://the-croghan-colonial-bank.breezy.hr/
ailaaj,ailaaj,https://ailaaj.breezy.hr/
avail-technologies,avail-technologies,https://avail-technologies.breezy.hr/
isolutions,isolutions,https://isolutions.breezy.hr/
jkr-windows,jkr-windows,https://jkr-windows.breezy.hr/
lancom-technology,lancom-technology,https://lancom-technology.breezy.hr/
r3-roofing,r3-roofing,https://r3-roofing.breezy.hr/
reflow,reflow,https://reflow.breezy.hr/
the-proactive-technology-group,the-proactive-technology-group,https://the-proactive-technology-group.breezy.hr/
xentral,xentral,https://xentral.breezy.hr/
george-f-young,george-f-young,https://george-f-young.breezy.hr/
dc-inspections-inc,dc-inspections-inc,https://dc-inspections-inc.breezy.hr/
fischer,fischer,https://fischer.breezy.hr/
gesture-us-inc,gesture-us-inc,https://gesture-us-inc.breezy.hr/
healthcare-resource-group,healthcare-resource-group,https://healthcare-resource-group.breezy.hr/
ingredient,ingredient,https://ingredient.breezy.hr/
madison-core-laboratories,madison-core-laboratories,https://madison-core-laboratories.breezy.hr/
observador,observador,https://observador.breezy.hr/
driverreach,driverreach,https://driverreach.breezy.hr/
persistenceai,persistenceai,https://persistenceai.breezy.hr/
tng-kelowna,tng-kelowna,https://tng-kelowna.breezy.hr/
drhouse-inc,drhouse-inc,https://drhouse-inc.breezy.hr/
kipnik,kipnik,https://kipnik.breezy.hr/
servant,servant,https://servant.breezy.hr/
thinkingbox,thinkingbox,https://thinkingbox.breezy.hr/
interlink,interlink,https://interlink.breezy.hr/
mytonomy-inc,mytonomy-inc,https://mytonomy-inc.breezy.hr/
new-century-maids,new-century-maids,https://new-century-maids.breezy.hr/
swift,swift,https://swift.breezy.hr/
tunnel-ridge-llc,tunnel-ridge-llc,https://tunnel-ridge-llc.breezy.hr/
verisim-life,verisim-life,https://verisim-life.breezy.hr/
alaskan-copper-and-brass,alaskan-copper-and-brass,https://alaskan-copper-and-brass.breezy.hr/
eleos-aba-llc,eleos-aba-llc,https://eleos-aba-llc.breezy.hr/
fundi,fundi,https://fundi.breezy.hr/
market-force-information,market-force-information,https://market-force-information.breezy.hr/
mdcalc,mdcalc,https://mdcalc.breezy.hr/
elevation-church,elevation-church,https://elevation-church.breezy.hr/
thebhub,thebhub,https://thebhub.breezy.hr/
axibo-inc,axibo-inc,https://axibo-inc.breezy.hr/
borough-of-hatboro,borough-of-hatboro,https://borough-of-hatboro.breezy.hr/
justfix,justfix,https://justfix.breezy.hr/
retail-zipline,retail-zipline,https://retail-zipline.breezy.hr/
sparc,sparc,https://sparc.breezy.hr/
tech-returners,tech-returners,https://tech-returners.breezy.hr/
sterling-fleet-outfitters,sterling-fleet-outfitters,https://sterling-fleet-outfitters.breezy.hr/
whiz-latam,whiz-latam,https://whiz-latam.breezy.hr/
ideascale,ideascale,https://ideascale.breezy.hr/
ocs-net,ocs-net,https://ocs-net.breezy.hr/
production-club,production-club,https://production-club.breezy.hr/
schafer-condon-carter,schafer-condon-carter,https://schafer-condon-carter.breezy.hr/
zero-emission-industries-inc,zero-emission-industries-inc,https://zero-emission-industries-inc.breezy.hr/
behavio-labs,behavio-labs,https://behavio-labs.breezy.hr/
business-staffing-of-america-inc,business-staffing-of-america-inc,https://business-staffing-of-america-inc.breezy.hr/
mainstreaming-spa,mainstreaming-spa,https://mainstreaming-spa.breezy.hr/
nuclearn-ai,nuclearn-ai,https://nuclearn-ai.breezy.hr/
st-julian,st-julian,https://st-julian.breezy.hr/
surj,surj,https://surj.breezy.hr/
uppeople,uppeople,https://uppeople.breezy.hr/
assc-hes-apprentissage-hfr,assc-hes-apprentissage-hfr,https://assc-hes-apprentissage-hfr.breezy.hr/
velox,velox,https://velox.breezy.hr/
barn2door-inc,barn2door-inc,https://barn2door-inc.breezy.hr/
e-w-wylie,e-w-wylie,https://e-w-wylie.breezy.hr/
re-max-executive-fast-track-program,re-max-executive-fast-track-program,https://re-max-executive-fast-track-program.breezy.hr/
the-educator-s-room,the-educator-s-room,https://the-educator-s-room.breezy.hr/
inuits-sp-z-oo,inuits-sp-z-oo,https://inuits-sp-z-oo.breezy.hr/
switchback-llc,switchback-llc,https://switchback-llc.breezy.hr/
the-henry-ford,the-henry-ford,https://the-henry-ford.breezy.hr/
the-hotels-network,the-hotels-network,https://the-hotels-network.breezy.hr/
appfigures,appfigures,https://appfigures.breezy.hr/
collectbase-inc,collectbase-inc,https://collectbase-inc.breezy.hr/
controller-chaos,controller-chaos,https://controller-chaos.breezy.hr/
i5invest,i5invest,https://i5invest.breezy.hr/
erdman-anthony,erdman-anthony,https://erdman-anthony.breezy.hr/
salt-city-trucking,salt-city-trucking,https://salt-city-trucking.breezy.hr/
verna,verna,https://verna.breezy.hr/
woovi,woovi,https://woovi.breezy.hr/
your-kids-urgent-care,your-kids-urgent-care,https://your-kids-urgent-care.breezy.hr/
american-council-of-engineering-companies,american-council-of-engineering-companies,https://american-council-of-engineering-companies.breezy.hr/
barharborvillager,barharborvillager,https://barharborvillager.breezy.hr/
etiqa-srl,etiqa-srl,https://etiqa-srl.breezy.hr/
nada-inc,nada-inc,https://nada-inc.breezy.hr/
upwell-revenue-software-inc,upwell-revenue-software-inc,https://upwell-revenue-software-inc.breezy.hr/
bettersource,bettersource,https://bettersource.breezy.hr/
docfox,docfox,https://docfox.breezy.hr/
tippmann-group,tippmann-group,https://tippmann-group.breezy.hr/
videre,videre,https://videre.breezy.hr/
karana,karana,https://karana.breezy.hr/
outsourcing-angel,outsourcing-angel,https://outsourcing-angel.breezy.hr/
smallbusinessloans,smallbusinessloans,https://smallbusinessloans.breezy.hr/
savas-labs,savas-labs,https://savas-labs.breezy.hr/
abc-arbitrage,abc-arbitrage,https://abc-arbitrage.breezy.hr/
actzero-ai,actzero-ai,https://actzero-ai.breezy.hr/
lexcheck-inc,lexcheck-inc,https://lexcheck-inc.breezy.hr/
basicblock-inc,basicblock-inc,https://basicblock-inc.breezy.hr/
gunzilla-games,gunzilla-games,https://gunzilla-games.breezy.hr/
welltech,welltech,https://welltech.breezy.hr/
campus-fund,campus-fund,https://campus-fund.breezy.hr/
dualog,dualog,https://dualog.breezy.hr/
mcsteen-land-surveyors,mcsteen-land-surveyors,https://mcsteen-land-surveyors.breezy.hr/
avalon-salons-and-spa,avalon-salons-and-spa,https://avalon-salons-and-spa.breezy.hr/
dealmachine-llc,dealmachine-llc,https://dealmachine-llc.breezy.hr/
ring-io,ring-io,https://ring-io.breezy.hr/
techchange,techchange,https://techchange.breezy.hr/
enginzyme,enginzyme,https://enginzyme.breezy.hr/
jnd-inc,jnd-inc,https://jnd-inc.breezy.hr/
the-borgen-project,the-borgen-project,https://the-borgen-project.breezy.hr/
think-learning,think-learning,https://think-learning.breezy.hr/
truleo,truleo,https://truleo.breezy.hr/
baisch-engineering,baisch-engineering,https://baisch-engineering.breezy.hr/
breakthrough,breakthrough,https://breakthrough.breezy.hr/
gogun,gogun,https://gogun.breezy.hr/
soundreef,soundreef,https://soundreef.breezy.hr/
aquamobile,aquamobile,https://aquamobile.breezy.hr/
movingimage,movingimage,https://movingimage.breezy.hr/
manyone,manyone,https://manyone.breezy.hr/
thrivable,thrivable,https://thrivable.breezy.hr/
youtopia-llc,youtopia-llc,https://youtopia-llc.breezy.hr/
design-west-engineering,design-west-engineering,https://design-west-engineering.breezy.hr/
genius-recruit-ltd,genius-recruit-ltd,https://genius-recruit-ltd.breezy.hr/
braylon-williams,braylon-williams,https://braylon-williams.breezy.hr/
coloradofiscal,coloradofiscal,https://coloradofiscal.breezy.hr/
makers,makers,https://makers.breezy.hr/
opendrives-llc,opendrives-llc,https://opendrives-llc.breezy.hr/
wknd-digital,wknd-digital,https://wknd-digital.breezy.hr/
esight-eyewear,esight-eyewear,https://esight-eyewear.breezy.hr/
lowitja-institute,lowitja-institute,https://lowitja-institute.breezy.hr/
new-music-usa,new-music-usa,https://new-music-usa.breezy.hr/
curalta-health-llc,curalta-health-llc,https://curalta-health-llc.breezy.hr/
gen-nine-inc,gen-nine-inc,https://gen-nine-inc.breezy.hr/
voyager-consulting-group,voyager-consulting-group,https://voyager-consulting-group.breezy.hr/
bicom-systems,bicom-systems,https://bicom-systems.breezy.hr/
carmen-schools-of-science-technology,carmen-schools-of-science-technology,https://carmen-schools-of-science-technology.breezy.hr/
faction-technology-inc,faction-technology-inc,https://faction-technology-inc.breezy.hr/
highlights-healthcare,highlights-healthcare,https://highlights-healthcare.breezy.hr/
karma-staffing-consultants,karma-staffing-consultants,https://karma-staffing-consultants.breezy.hr/
north-blanco-county-ems,north-blanco-county-ems,https://north-blanco-county-ems.breezy.hr/
cultureflipper,cultureflipper,https://cultureflipper.breezy.hr/
dropit,dropit,https://dropit.breezy.hr/
makerelish-designpickle,makerelish-designpickle,https://makerelish-designpickle.breezy.hr/
o8,o8,https://o8.breezy.hr/
panda7,panda7,https://panda7.breezy.hr/
the-ambassador-platform,the-ambassador-platform,https://the-ambassador-platform.breezy.hr/
exo-arnvind,exo-arnvind,https://exo-arnvind.breezy.hr/
keshet-inc,keshet-inc,https://keshet-inc.breezy.hr/
peace-first,peace-first,https://peace-first.breezy.hr/
hamilton-county-coal-llc,hamilton-county-coal-llc,https://hamilton-county-coal-llc.breezy.hr/
laier-two-labs-inc,laier-two-labs-inc,https://laier-two-labs-inc.breezy.hr/
listen-community-services,listen-community-services,https://listen-community-services.breezy.hr/
agorapulse,agorapulse,https://agorapulse.breezy.hr/
geo-technology-associates,geo-technology-associates,https://geo-technology-associates.breezy.hr/
insite-property-solutions,insite-property-solutions,https://insite-property-solutions.breezy.hr/
usgreenbanks,usgreenbanks,https://usgreenbanks.breezy.hr/
aids-foundation-chicago,aids-foundation-chicago,https://aids-foundation-chicago.breezy.hr/
hraz,hraz,https://hraz.breezy.hr/
oberst-bv,oberst-bv,https://oberst-bv.breezy.hr/
ymca-of-central-texas,ymca-of-central-texas,https://ymca-of-central-texas.breezy.hr/
workhero,workhero,https://workhero.breezy.hr/
cq-floors-llc,cq-floors-llc,https://cq-floors-llc.breezy.hr/
hireclix,hireclix,https://hireclix.breezy.hr/
holo,holo,https://holo.breezy.hr/
deca-development-group,deca-development-group,https://deca-development-group.breezy.hr/
heysunrise,heysunrise,https://heysunrise.breezy.hr/
on-purpose,on-purpose,https://on-purpose.breezy.hr/
pacific-aire-home-services,pacific-aire-home-services,https://pacific-aire-home-services.breezy.hr/
study-association-star,study-association-star,https://study-association-star.breezy.hr/
freepl,freepl,https://freepl.breezy.hr/
mighty,mighty,https://mighty.breezy.hr/
sortly-inc,sortly-inc,https://sortly-inc.breezy.hr/
transect,transect,https://transect.breezy.hr/
wallaroo,wallaroo,https://wallaroo.breezy.hr/
door-no-3,door-no-3,https://door-no-3.breezy.hr/
freedom2o,freedom2o,https://freedom2o.breezy.hr/
gotenna,gotenna,https://gotenna.breezy.hr/
guardian-fire-services,guardian-fire-services,https://guardian-fire-services.breezy.hr/
local-church,local-church,https://local-church.breezy.hr/
something-wicked-games-inc,something-wicked-games-inc,https://something-wicked-games-inc.breezy.hr/
trident-technical-college,trident-technical-college,https://trident-technical-college.breezy.hr/
cognia,cognia,https://cognia.breezy.hr/
rascal-games,rascal-games,https://rascal-games.breezy.hr/
upskillable,upskillable,https://upskillable.breezy.hr/
userhub,userhub,https://userhub.breezy.hr/
siglio,siglio,https://siglio.breezy.hr/
truxweb,truxweb,https://truxweb.breezy.hr/
mahway,mahway,https://mahway.breezy.hr/
the-center-for-third-world-organizing,the-center-for-third-world-organizing,https://the-center-for-third-world-organizing.breezy.hr/
aviation-technology-associates-llc,aviation-technology-associates-llc,https://aviation-technology-associates-llc.breezy.hr/
conicle-co-ltd,conicle-co-ltd,https://conicle-co-ltd.breezy.hr/
frontline-solutions,frontline-solutions,https://frontline-solutions.breezy.hr/
leger-marketing,leger-marketing,https://leger-marketing.breezy.hr/
methode,methode,https://methode.breezy.hr/
nesbitt-research,nesbitt-research,https://nesbitt-research.breezy.hr/
tpaction,tpaction,https://tpaction.breezy.hr/
aaa-service-network,aaa-service-network,https://aaa-service-network.breezy.hr/
decksign,decksign,https://decksign.breezy.hr/
voltpost,voltpost,https://voltpost.breezy.hr/
benefits-data-trust,benefits-data-trust,https://benefits-data-trust.breezy.hr/
code-states,code-states,https://code-states.breezy.hr/
desfo,desfo,https://desfo.breezy.hr/
opentent,opentent,https://opentent.breezy.hr/
staffright,staffright,https://staffright.breezy.hr/
brass,brass,https://brass.breezy.hr/
spacehive,spacehive,https://spacehive.breezy.hr/
better-reports,better-reports,https://better-reports.breezy.hr/
blue-bean-software-207b3997d9d4,blue-bean-software-207b3997d9d4,https://blue-bean-software-207b3997d9d4.breezy.hr/
copilot-crm,copilot-crm,https://copilot-crm.breezy.hr/
cortexbci-inc,cortexbci-inc,https://cortexbci-inc.breezy.hr/
glassman-wealth-services,glassman-wealth-services,https://glassman-wealth-services.breezy.hr/
mtm-llc,mtm-llc,https://mtm-llc.breezy.hr/
iclei-europe,iclei-europe,https://iclei-europe.breezy.hr/
keystoneadvisors,keystoneadvisors,https://keystoneadvisors.breezy.hr/
magneti,magneti,https://magneti.breezy.hr/
movista-inc,movista-inc,https://movista-inc.breezy.hr/
oasis-golf-center,oasis-golf-center,https://oasis-golf-center.breezy.hr/
agm-management,agm-management,https://agm-management.breezy.hr/
apollo-after-school,apollo-after-school,https://apollo-after-school.breezy.hr/
centrifuge,centrifuge,https://centrifuge.breezy.hr/
denverearlychildhood,denverearlychildhood,https://denverearlychildhood.breezy.hr/
joom-group,joom-group,https://joom-group.breezy.hr/
queens-carbon,queens-carbon,https://queens-carbon.breezy.hr/
s-b-technical-products,s-b-technical-products,https://s-b-technical-products.breezy.hr/
odisea-cultura,odisea-cultura,https://odisea-cultura.breezy.hr/
peninsula-visa,peninsula-visa,https://peninsula-visa.breezy.hr/
project-oneten,project-oneten,https://project-oneten.breezy.hr/
recruiter-at-law,recruiter-at-law,https://recruiter-at-law.breezy.hr/
shiply,shiply,https://shiply.breezy.hr/
a-teamglobal,a-teamglobal,https://a-teamglobal.breezy.hr/
getninjas,getninjas,https://getninjas.breezy.hr/
hti,hti,https://hti.breezy.hr/
sosha,sosha,https://sosha.breezy.hr/
sv-academy,sv-academy,https://sv-academy.breezy.hr/
binariks,binariks,https://binariks.breezy.hr/
c2ro,c2ro,https://c2ro.breezy.hr/
hsp-direct,hsp-direct,https://hsp-direct.breezy.hr/
ourfamilywizard,ourfamilywizard,https://ourfamilywizard.breezy.hr/
truck-driver-nation,truck-driver-nation,https://truck-driver-nation.breezy.hr/
ad-reform,ad-reform,https://ad-reform.breezy.hr/
allcares,allcares,https://allcares.breezy.hr/
byndr,byndr,https://byndr.breezy.hr/
sikhri,sikhri,https://sikhri.breezy.hr/
telax,telax,https://telax.breezy.hr/
sva,sva,https://sva.breezy.hr/
teach-llc,teach-llc,https://teach-llc.breezy.hr/
hendriks-greenhouses,hendriks-greenhouses,https://hendriks-greenhouses.breezy.hr/
selectstar-solutions,selectstar-solutions,https://selectstar-solutions.breezy.hr/
strategic-alliance-management-services,strategic-alliance-management-services,https://strategic-alliance-management-services.breezy.hr/
zul-digital,zul-digital,https://zul-digital.breezy.hr/
diamondback-automotive-accessories,diamondback-automotive-accessories,https://diamondback-automotive-accessories.breezy.hr/
eagle-technologies-llc,eagle-technologies-llc,https://eagle-technologies-llc.breezy.hr/
findmecure,findmecure,https://findmecure.breezy.hr/
benjamin-david-group-bdg,benjamin-david-group-bdg,https://benjamin-david-group-bdg.breezy.hr/
cryptoslam,cryptoslam,https://cryptoslam.breezy.hr/
the-sutherland-group,the-sutherland-group,https://the-sutherland-group.breezy.hr/
contravent-48f199342f2b,contravent-48f199342f2b,https://contravent-48f199342f2b.breezy.hr/
fix-it-24-7,fix-it-24-7,https://fix-it-24-7.breezy.hr/
incubit,incubit,https://incubit.breezy.hr/
the-mathews-agency,the-mathews-agency,https://the-mathews-agency.breezy.hr/
tri-county-mennonite-homes,tri-county-mennonite-homes,https://tri-county-mennonite-homes.breezy.hr/
boba-guys,boba-guys,https://boba-guys.breezy.hr/
flipsidecrypto,flipsidecrypto,https://flipsidecrypto.breezy.hr/
arryved,arryved,https://arryved.breezy.hr/
grai-matter-labs,grai-matter-labs,https://grai-matter-labs.breezy.hr/
infinyon,infinyon,https://infinyon.breezy.hr/
ing-creatives-festival,ing-creatives-festival,https://ing-creatives-festival.breezy.hr/
iown-renewable-energy,iown-renewable-energy,https://iown-renewable-energy.breezy.hr/
elite-amenity-management,elite-amenity-management,https://elite-amenity-management.breezy.hr/
intramotev-autonomous-rail,intramotev-autonomous-rail,https://intramotev-autonomous-rail.breezy.hr/
sandlot-co,sandlot-co,https://sandlot-co.breezy.hr/
web3pro,web3pro,https://web3pro.breezy.hr/
anka,anka,https://anka.breezy.hr/
cognoa,cognoa,https://cognoa.breezy.hr/
securespace-self-storage,securespace-self-storage,https://securespace-self-storage.breezy.hr/
typo3-gmbh,typo3-gmbh,https://typo3-gmbh.breezy.hr/
cadasta,cadasta,https://cadasta.breezy.hr/
north-wind-group,north-wind-group,https://north-wind-group.breezy.hr/
sands-investment-group,sands-investment-group,https://sands-investment-group.breezy.hr/
techsmart,techsmart,https://techsmart.breezy.hr/
carbonhound-inc,carbonhound-inc,https://carbonhound-inc.breezy.hr/
desert-of-maine,desert-of-maine,https://desert-of-maine.breezy.hr/
sabanto,sabanto,https://sabanto.breezy.hr/
special-x,special-x,https://special-x.breezy.hr/
mem-labs-inc,mem-labs-inc,https://mem-labs-inc.breezy.hr/
roxxon,roxxon,https://roxxon.breezy.hr/
sigma-squared,sigma-squared,https://sigma-squared.breezy.hr/
agridence-pte-ltd,agridence-pte-ltd,https://agridence-pte-ltd.breezy.hr/
euvori-aquatics,euvori-aquatics,https://euvori-aquatics.breezy.hr/
getbridge,getbridge,https://getbridge.breezy.hr/
groopit,groopit,https://groopit.breezy.hr/
humanoid-origin,humanoid-origin,https://humanoid-origin.breezy.hr/
jaumo,jaumo,https://jaumo.breezy.hr/
partnership-on-ai,partnership-on-ai,https://partnership-on-ai.breezy.hr/
rescon-basement-solutions-llc,rescon-basement-solutions-llc,https://rescon-basement-solutions-llc.breezy.hr/
wrstbnd,wrstbnd,https://wrstbnd.breezy.hr/
clickon,clickon,https://clickon.breezy.hr/
fx-digital,fx-digital,https://fx-digital.breezy.hr/
go-fish-digital,go-fish-digital,https://go-fish-digital.breezy.hr/
http-bienvillelumber-com,http-bienvillelumber-com,https://http-bienvillelumber-com.breezy.hr/
human-capital-enterprises,human-capital-enterprises,https://human-capital-enterprises.breezy.hr/
one-dynamic,one-dynamic,https://one-dynamic.breezy.hr/
venturx,venturx,https://venturx.breezy.hr/
4media,4media,https://4media.breezy.hr/
colonial-surety-company,colonial-surety-company,https://colonial-surety-company.breezy.hr/
crosslife-church,crosslife-church,https://crosslife-church.breezy.hr/
datamaxis,datamaxis,https://datamaxis.breezy.hr/
orthodontist,orthodontist,https://orthodontist.breezy.hr/
advanced-computer-solutions,advanced-computer-solutions,https://advanced-computer-solutions.breezy.hr/
elysium-health,elysium-health,https://elysium-health.breezy.hr/
harvardmedia,harvardmedia,https://harvardmedia.breezy.hr/
milestone-business-solutions-inc,milestone-business-solutions-inc,https://milestone-business-solutions-inc.breezy.hr/
blinkpay-nz,blinkpay-nz,https://blinkpay-nz.breezy.hr/
coc-consulting,coc-consulting,https://coc-consulting.breezy.hr/
launchboom,launchboom,https://launchboom.breezy.hr/
seamless,seamless,https://seamless.breezy.hr/
brevity,brevity,https://brevity.breezy.hr/
nucamp,nucamp,https://nucamp.breezy.hr/
supercare-health,supercare-health,https://supercare-health.breezy.hr/
thoroughbred-express,thoroughbred-express,https://thoroughbred-express.breezy.hr/
miracles-bakery,miracles-bakery,https://miracles-bakery.breezy.hr/
splinterlands,splinterlands,https://splinterlands.breezy.hr/
vanguard-ip,vanguard-ip,https://vanguard-ip.breezy.hr/
hashtag-creative,hashtag-creative,https://hashtag-creative.breezy.hr/
cytranet,cytranet,https://cytranet.breezy.hr/
southland-therapy-services,southland-therapy-services,https://southland-therapy-services.breezy.hr/
vinli,vinli,https://vinli.breezy.hr/
jlm-hr-consulting,jlm-hr-consulting,https://jlm-hr-consulting.breezy.hr/
lodas-markets-inc,lodas-markets-inc,https://lodas-markets-inc.breezy.hr/
signature-aviation,signature-aviation,https://signature-aviation.breezy.hr/
infinit,infinit,https://infinit.breezy.hr/
mlwiz,mlwiz,https://mlwiz.breezy.hr/
net2phone,net2phone,https://net2phone.breezy.hr/
terrain-pharmaceuticals,terrain-pharmaceuticals,https://terrain-pharmaceuticals.breezy.hr/
inorg-global,inorg-global,https://inorg-global.breezy.hr/
medsien,medsien,https://medsien.breezy.hr/
totalstay,totalstay,https://totalstay.breezy.hr/
1aes,1aes,https://1aes.breezy.hr/
clarke-consulting,clarke-consulting,https://clarke-consulting.breezy.hr/
polarsync,polarsync,https://polarsync.breezy.hr/
earth-angels-home-care,earth-angels-home-care,https://earth-angels-home-care.breezy.hr/
earth-hub,earth-hub,https://earth-hub.breezy.hr/
global-health-investment-corporation,global-health-investment-corporation,https://global-health-investment-corporation.breezy.hr/
ino-ca,ino-ca,https://ino-ca.breezy.hr/
its-inc,its-inc,https://its-inc.breezy.hr/
katapult,katapult,https://katapult.breezy.hr/
snapnurse-ta,snapnurse-ta,https://snapnurse-ta.breezy.hr/
barharbormotel,barharbormotel,https://barharbormotel.breezy.hr/
centralbankoflesotho,centralbankoflesotho,https://centralbankoflesotho.breezy.hr/
choice-consulting-associates-llc,choice-consulting-associates-llc,https://choice-consulting-associates-llc.breezy.hr/
competitive-range-solutions-llc,competitive-range-solutions-llc,https://competitive-range-solutions-llc.breezy.hr/
erp-savvy-llc,erp-savvy-llc,https://erp-savvy-llc.breezy.hr/
newpi,newpi,https://newpi.breezy.hr/
sideworxconnect,sideworxconnect,https://sideworxconnect.breezy.hr/
dozens,dozens,https://dozens.breezy.hr/
technologists-for-the-public-good,technologists-for-the-public-good,https://technologists-for-the-public-good.breezy.hr/
valar-atomics,valar-atomics,https://valar-atomics.breezy.hr/
1st-edge-llc,1st-edge-llc,https://1st-edge-llc.breezy.hr/
churchill-living,churchill-living,https://churchill-living.breezy.hr/
clipboard,clipboard,https://clipboard.breezy.hr/
verivest,verivest,https://verivest.breezy.hr/
extreme-loans,extreme-loans,https://extreme-loans.breezy.hr/
illfonic,illfonic,https://illfonic.breezy.hr/
wsna,wsna,https://wsna.breezy.hr/
armeta-analytics-inc,armeta-analytics-inc,https://armeta-analytics-inc.breezy.hr/
onsite-dental,onsite-dental,https://onsite-dental.breezy.hr/
radiant-church,radiant-church,https://radiant-church.breezy.hr/
savvital,savvital,https://savvital.breezy.hr/
anchour,anchour,https://anchour.breezy.hr/
denebunu,denebunu,https://denebunu.breezy.hr/
helping-hand-nurse-llc,helping-hand-nurse-llc,https://helping-hand-nurse-llc.breezy.hr/
proper-expression,proper-expression,https://proper-expression.breezy.hr/
good-well,good-well,https://good-well.breezy.hr/
brandista,brandista,https://brandista.breezy.hr/
sybill-inc,sybill-inc,https://sybill-inc.breezy.hr/
yallaplay,yallaplay,https://yallaplay.breezy.hr/
south-seattle-emerald,south-seattle-emerald,https://south-seattle-emerald.breezy.hr/
the-farm-project,the-farm-project,https://the-farm-project.breezy.hr/
wepower,wepower,https://wepower.breezy.hr/
sentium,sentium,https://sentium.breezy.hr/
suregifts,suregifts,https://suregifts.breezy.hr/
lighting-new-york,lighting-new-york,https://lighting-new-york.breezy.hr/
security-roots,security-roots,https://security-roots.breezy.hr/
shift-lab,shift-lab,https://shift-lab.breezy.hr/
colman-engineering,colman-engineering,https://colman-engineering.breezy.hr/
jooble,jooble,https://jooble.breezy.hr/
right-side-capital-management,right-side-capital-management,https://right-side-capital-management.breezy.hr/
turbulent,turbulent,https://turbulent.breezy.hr/
archangellightworks,archangellightworks,https://archangellightworks.breezy.hr/
vm-group,vm-group,https://vm-group.breezy.hr/
wavelength-strategy,wavelength-strategy,https://wavelength-strategy.breezy.hr/
aluna,aluna,https://aluna.breezy.hr/
eq3-ltd,eq3-ltd,https://eq3-ltd.breezy.hr/
falkon-ai,falkon-ai,https://falkon-ai.breezy.hr/
gimme-seaweed,gimme-seaweed,https://gimme-seaweed.breezy.hr/
uncle-mike-s,uncle-mike-s,https://uncle-mike-s.breezy.hr/
cedar-park-group,cedar-park-group,https://cedar-park-group.breezy.hr/
protec-dental-laboratories-ltd,protec-dental-laboratories-ltd,https://protec-dental-laboratories-ltd.breezy.hr/
wonder-works-studio-inc,wonder-works-studio-inc,https://wonder-works-studio-inc.breezy.hr/
playvalve-s-l,playvalve-s-l,https://playvalve-s-l.breezy.hr/
scope-content-ag,scope-content-ag,https://scope-content-ag.breezy.hr/
youth-outreach-services-inc,youth-outreach-services-inc,https://youth-outreach-services-inc.breezy.hr/
axian-group,axian-group,https://axian-group.breezy.hr/
fetch-funnel,fetch-funnel,https://fetch-funnel.breezy.hr/
mailmunch,mailmunch,https://mailmunch.breezy.hr/
project-26-pennsylvania,project-26-pennsylvania,https://project-26-pennsylvania.breezy.hr/
returnbear,returnbear,https://returnbear.breezy.hr/
backupz-childcare-services,backupz-childcare-services,https://backupz-childcare-services.breezy.hr/
citiside-property-management,citiside-property-management,https://citiside-property-management.breezy.hr/
norima-consulting,norima-consulting,https://norima-consulting.breezy.hr/
review-wave,review-wave,https://review-wave.breezy.hr/
stowe-land-trust,stowe-land-trust,https://stowe-land-trust.breezy.hr/
worshipers-house-of-prayer-academy,worshipers-house-of-prayer-academy,https://worshipers-house-of-prayer-academy.breezy.hr/
kiehls,kiehls,https://kiehls.breezy.hr/
propertyradar-inc,propertyradar-inc,https://propertyradar-inc.breezy.hr/
psm,psm,https://psm.breezy.hr/
abel-cole,abel-cole,https://abel-cole.breezy.hr/
crowd-connected,crowd-connected,https://crowd-connected.breezy.hr/
land-sea,land-sea,https://land-sea.breezy.hr/
allied-property-management,allied-property-management,https://allied-property-management.breezy.hr/
centurion-information-security,centurion-information-security,https://centurion-information-security.breezy.hr/
collegiate-leadership-training,collegiate-leadership-training,https://collegiate-leadership-training.breezy.hr/
goal-3,goal-3,https://goal-3.breezy.hr/
onedome,onedome,https://onedome.breezy.hr/
pointed-copywriting,pointed-copywriting,https://pointed-copywriting.breezy.hr/
sirius-support,sirius-support,https://sirius-support.breezy.hr/
havocai,havocai,https://havocai.breezy.hr/
kitbash3d,kitbash3d,https://kitbash3d.breezy.hr/
beatdapp,beatdapp,https://beatdapp.breezy.hr/
equipment-sales-service-limited,equipment-sales-service-limited,https://equipment-sales-service-limited.breezy.hr/
solarnexus,solarnexus,https://solarnexus.breezy.hr/
uclawsf,uclawsf,https://uclawsf.breezy.hr/
viva-first,viva-first,https://viva-first.breezy.hr/
elantis-solutions-inc,elantis-solutions-inc,https://elantis-solutions-inc.breezy.hr/
resource-associates-of-nv,resource-associates-of-nv,https://resource-associates-of-nv.breezy.hr/
skyhigh-scaffolding,skyhigh-scaffolding,https://skyhigh-scaffolding.breezy.hr/
the-void,the-void,https://the-void.breezy.hr/
object-edge-inc,object-edge-inc,https://object-edge-inc.breezy.hr/
shake-smart-inc,shake-smart-inc,https://shake-smart-inc.breezy.hr/
ad-strategies,ad-strategies,https://ad-strategies.breezy.hr/
africaworks,africaworks,https://africaworks.breezy.hr/
cumplo,cumplo,https://cumplo.breezy.hr/
laura-baker,laura-baker,https://laura-baker.breezy.hr/
little-friends-pet-sitting-and-dog-walking,little-friends-pet-sitting-and-dog-walking,https://little-friends-pet-sitting-and-dog-walking.breezy.hr/
revolution-prep,revolution-prep,https://revolution-prep.breezy.hr/
kingsmen-software,kingsmen-software,https://kingsmen-software.breezy.hr/
pulse-id,pulse-id,https://pulse-id.breezy.hr/
melibio-inc,melibio-inc,https://melibio-inc.breezy.hr/
nighthawk-biosciences,nighthawk-biosciences,https://nighthawk-biosciences.breezy.hr/
nine-feet-tall,nine-feet-tall,https://nine-feet-tall.breezy.hr/
qkids,qkids,https://qkids.breezy.hr/
evolution-company,evolution-company,https://evolution-company.breezy.hr/
grid-smarter-cities,grid-smarter-cities,https://grid-smarter-cities.breezy.hr/
mclean-dermatology-and-skincare-center,mclean-dermatology-and-skincare-center,https://mclean-dermatology-and-skincare-center.breezy.hr/
p3adaptive,p3adaptive,https://p3adaptive.breezy.hr/
wondersign,wondersign,https://wondersign.breezy.hr/
andrews-senior-care,andrews-senior-care,https://andrews-senior-care.breezy.hr/
battle-creek-games,battle-creek-games,https://battle-creek-games.breezy.hr/
citybook,citybook,https://citybook.breezy.hr/
family-allergy-asthma,family-allergy-asthma,https://family-allergy-asthma.breezy.hr/
integry,integry,https://integry.breezy.hr/
kumanu-inc,kumanu-inc,https://kumanu-inc.breezy.hr/
orchestrate-hospitality,orchestrate-hospitality,https://orchestrate-hospitality.breezy.hr/
anthos-home,anthos-home,https://anthos-home.breezy.hr/
jobs-playstack,jobs-playstack,https://jobs-playstack.breezy.hr/
boardroom-labs,boardroom-labs,https://boardroom-labs.breezy.hr/
foundation-for-advanced-education-in-the-sciences-inc,foundation-for-advanced-education-in-the-sciences-inc,https://foundation-for-advanced-education-in-the-sciences-inc.breezy.hr/
jonathan-s-landing-golf-club,jonathan-s-landing-golf-club,https://jonathan-s-landing-golf-club.breezy.hr/
paynovate,paynovate,https://paynovate.breezy.hr/
prageru,prageru,https://prageru.breezy.hr/
prodeo-academy,prodeo-academy,https://prodeo-academy.breezy.hr/
sidelineswap,sidelineswap,https://sidelineswap.breezy.hr/
72-degrees,72-degrees,https://72-degrees.breezy.hr/
eigroup,eigroup,https://eigroup.breezy.hr/
kindred-bravely,kindred-bravely,https://kindred-bravely.breezy.hr/
philadelphia-green-capital-corp,philadelphia-green-capital-corp,https://philadelphia-green-capital-corp.breezy.hr/
the-san-francisco-standard,the-san-francisco-standard,https://the-san-francisco-standard.breezy.hr/
vahura,vahura,https://vahura.breezy.hr/
bowtie,bowtie,https://bowtie.breezy.hr/
west-side-campaign-against-hunger,west-side-campaign-against-hunger,https://west-side-campaign-against-hunger.breezy.hr/
holl-s-chocolates-inc,holl-s-chocolates-inc,https://holl-s-chocolates-inc.breezy.hr/
logan-a-c-heat-services-b29ac6f9712d,logan-a-c-heat-services-b29ac6f9712d,https://logan-a-c-heat-services-b29ac6f9712d.breezy.hr/
yellow-labs-software-inc,yellow-labs-software-inc,https://yellow-labs-software-inc.breezy.hr/
booster-apps,booster-apps,https://booster-apps.breezy.hr/
incubeta-global,incubeta-global,https://incubeta-global.breezy.hr/
adwerx,adwerx,https://adwerx.breezy.hr/
anchor-conzult,anchor-conzult,https://anchor-conzult.breezy.hr/
keyo,keyo,https://keyo.breezy.hr/
thrasher,thrasher,https://thrasher.breezy.hr/
ej-plumbing,ej-plumbing,https://ej-plumbing.breezy.hr/
roost,roost,https://roost.breezy.hr/
school-of-the-nations,school-of-the-nations,https://school-of-the-nations.breezy.hr/
aeyon,aeyon,https://aeyon.breezy.hr/
derive-systems-inc,derive-systems-inc,https://derive-systems-inc.breezy.hr/
gibson-county-coal-llc,gibson-county-coal-llc,https://gibson-county-coal-llc.breezy.hr/
homa,homa,https://homa.breezy.hr/
coinroutes-inc,coinroutes-inc,https://coinroutes-inc.breezy.hr/
iterum,iterum,https://iterum.breezy.hr/
md-home-team,md-home-team,https://md-home-team.breezy.hr/
sapling-energy,sapling-energy,https://sapling-energy.breezy.hr/
radiant-earth-foundation,radiant-earth-foundation,https://radiant-earth-foundation.breezy.hr/
reform-collective,reform-collective,https://reform-collective.breezy.hr/
the-anti,the-anti,https://the-anti.breezy.hr/
bondex-app,bondex-app,https://bondex-app.breezy.hr/
brink,brink,https://brink.breezy.hr/
sigao-studios,sigao-studios,https://sigao-studios.breezy.hr/
urbanlogiq,urbanlogiq,https://urbanlogiq.breezy.hr/
alectrona-llc,alectrona-llc,https://alectrona-llc.breezy.hr/
building-tomorrow,building-tomorrow,https://building-tomorrow.breezy.hr/
disperse,disperse,https://disperse.breezy.hr/
government-market-strategies,government-market-strategies,https://government-market-strategies.breezy.hr/
keeper-solutions,keeper-solutions,https://keeper-solutions.breezy.hr/
as-software,as-software,https://as-software.breezy.hr/
blue-label-labs,blue-label-labs,https://blue-label-labs.breezy.hr/
changers,changers,https://changers.breezy.hr/
bellatrx-inc,bellatrx-inc,https://bellatrx-inc.breezy.hr/
done-plumbing-and-heating,done-plumbing-and-heating,https://done-plumbing-and-heating.breezy.hr/
homebot,homebot,https://homebot.breezy.hr/
climate-vault-solutions-inc,climate-vault-solutions-inc,https://climate-vault-solutions-inc.breezy.hr/
dxomark-image-labs,dxomark-image-labs,https://dxomark-image-labs.breezy.hr/
ebb-carbon,ebb-carbon,https://ebb-carbon.breezy.hr/
finstrat-management,finstrat-management,https://finstrat-management.breezy.hr/
bitfire-games,bitfire-games,https://bitfire-games.breezy.hr/
mechanicode-io,mechanicode-io,https://mechanicode-io.breezy.hr/
mcguire-hester,mcguire-hester,https://mcguire-hester.breezy.hr/
neuroid,neuroid,https://neuroid.breezy.hr/
red-line-logistics,red-line-logistics,https://red-line-logistics.breezy.hr/
tanzanian-children-s-fund,tanzanian-children-s-fund,https://tanzanian-children-s-fund.breezy.hr/
bad-birdie,bad-birdie,https://bad-birdie.breezy.hr/
madkudu,madkudu,https://madkudu.breezy.hr/
natures-herbs-and-wellness,natures-herbs-and-wellness,https://natures-herbs-and-wellness.breezy.hr/
nesea,nesea,https://nesea.breezy.hr/
ntca,ntca,https://ntca.breezy.hr/
rhizome-data,rhizome-data,https://rhizome-data.breezy.hr/
terra,terra,https://terra.breezy.hr/
thementoringalliance,thementoringalliance,https://thementoringalliance.breezy.hr/
consolidated-label,consolidated-label,https://consolidated-label.breezy.hr/
nova-plastic-surgery,nova-plastic-surgery,https://nova-plastic-surgery.breezy.hr/
paper-id,paper-id,https://paper-id.breezy.hr/
young-storytellers,young-storytellers,https://young-storytellers.breezy.hr/
austin-retina-associates,austin-retina-associates,https://austin-retina-associates.breezy.hr/
i-dream-public-charter-school,i-dream-public-charter-school,https://i-dream-public-charter-school.breezy.hr/
wurk,wurk,https://wurk.breezy.hr/
connors-plumbing-heating-air,connors-plumbing-heating-air,https://connors-plumbing-heating-air.breezy.hr/
lifeworks-technology-group,lifeworks-technology-group,https://lifeworks-technology-group.breezy.hr/
volume7,volume7,https://volume7.breezy.hr/
medical-billing-concepts-inc,medical-billing-concepts-inc,https://medical-billing-concepts-inc.breezy.hr/
preloaded,preloaded,https://preloaded.breezy.hr/
radical-imaging,radical-imaging,https://radical-imaging.breezy.hr/
sonosim,sonosim,https://sonosim.breezy.hr/
turnerstaffing,turnerstaffing,https://turnerstaffing.breezy.hr/
impacta,impacta,https://impacta.breezy.hr/
red-apple-fireworks,red-apple-fireworks,https://red-apple-fireworks.breezy.hr/
city-of-baltimore-mayor-s-office-of-employment-development,city-of-baltimore-mayor-s-office-of-employment-development,https://city-of-baltimore-mayor-s-office-of-employment-development.breezy.hr/
gigalayer,gigalayer,https://gigalayer.breezy.hr/
simbiosys-inc,simbiosys-inc,https://simbiosys-inc.breezy.hr/
lynq-technologies,lynq-technologies,https://lynq-technologies.breezy.hr/
reliant-credit-repair,reliant-credit-repair,https://reliant-credit-repair.breezy.hr/
village-car-company,village-car-company,https://village-car-company.breezy.hr/
learning-people,learning-people,https://learning-people.breezy.hr/
vettanna,vettanna,https://vettanna.breezy.hr/
brooklyn-bridge-park-conservancy,brooklyn-bridge-park-conservancy,https://brooklyn-bridge-park-conservancy.breezy.hr/
staffmill-oy,staffmill-oy,https://staffmill-oy.breezy.hr/
technologix,technologix,https://technologix.breezy.hr/
zenklub,zenklub,https://zenklub.breezy.hr/
physicians-insurance-a-mutual-company,physicians-insurance-a-mutual-company,https://physicians-insurance-a-mutual-company.breezy.hr/
snaju-llc,snaju-llc,https://snaju-llc.breezy.hr/
surrey-choices,surrey-choices,https://surrey-choices.breezy.hr/
advocate-technologies,advocate-technologies,https://advocate-technologies.breezy.hr/
athletes-first,athletes-first,https://athletes-first.breezy.hr/
curbee,curbee,https://curbee.breezy.hr/
heitech-services,heitech-services,https://heitech-services.breezy.hr/
side-labs,side-labs,https://side-labs.breezy.hr/
indinterns,indinterns,https://indinterns.breezy.hr/
playback-rewards,playback-rewards,https://playback-rewards.breezy.hr/
savvy-cleaning-company,savvy-cleaning-company,https://savvy-cleaning-company.breezy.hr/
starberry,starberry,https://starberry.breezy.hr/
swapglobal,swapglobal,https://swapglobal.breezy.hr/
the-moran-group,the-moran-group,https://the-moran-group.breezy.hr/
malik-for-akron,malik-for-akron,https://malik-for-akron.breezy.hr/
solvoyo,solvoyo,https://solvoyo.breezy.hr/
thecrossing,thecrossing,https://thecrossing.breezy.hr/
dermtech,dermtech,https://dermtech.breezy.hr/
nexus-group,nexus-group,https://nexus-group.breezy.hr/
parashift-ag,parashift-ag,https://parashift-ag.breezy.hr/
zuul,zuul,https://zuul.breezy.hr/
asantegold,asantegold,https://asantegold.breezy.hr/
caf-belgium,caf-belgium,https://caf-belgium.breezy.hr/
green-project-technologies,green-project-technologies,https://green-project-technologies.breezy.hr/
roamer-games,roamer-games,https://roamer-games.breezy.hr/
zifty,zifty,https://zifty.breezy.hr/
boss-tech,boss-tech,https://boss-tech.breezy.hr/
constellation-digital-partners,constellation-digital-partners,https://constellation-digital-partners.breezy.hr/
deanhouston,deanhouston,https://deanhouston.breezy.hr/
realtyconnect,realtyconnect,https://realtyconnect.breezy.hr/
reverb-films,reverb-films,https://reverb-films.breezy.hr/
brookhill,brookhill,https://brookhill.breezy.hr/
crate-technologies-inc,crate-technologies-inc,https://crate-technologies-inc.breezy.hr/
foldijo-gasztro-kft,foldijo-gasztro-kft,https://foldijo-gasztro-kft.breezy.hr/
geooptics,geooptics,https://geooptics.breezy.hr/
pipo-saude,pipo-saude,https://pipo-saude.breezy.hr/
scentbird,scentbird,https://scentbird.breezy.hr/
csb,csb,https://csb.breezy.hr/
hireborderless,hireborderless,https://hireborderless.breezy.hr/
operatix,operatix,https://operatix.breezy.hr/
karta,karta,https://karta.breezy.hr/
sela,sela,https://sela.breezy.hr/
stemuli-studios-inc,stemuli-studios-inc,https://stemuli-studios-inc.breezy.hr/
tailwind-partners,tailwind-partners,https://tailwind-partners.breezy.hr/
xrex,xrex,https://xrex.breezy.hr/
anthemic-inc,anthemic-inc,https://anthemic-inc.breezy.hr/
apption,apption,https://apption.breezy.hr/
black-mcdonald-francais,black-mcdonald-francais,https://black-mcdonald-francais.breezy.hr/
theta-576709235054,theta-576709235054,https://theta-576709235054.breezy.hr/
rebound-technologies,rebound-technologies,https://rebound-technologies.breezy.hr/
statusgator,statusgator,https://statusgator.breezy.hr/
digitus,digitus,https://digitus.breezy.hr/
3dbio-therapeutics,3dbio-therapeutics,https://3dbio-therapeutics.breezy.hr/
apparel-impact-institute,apparel-impact-institute,https://apparel-impact-institute.breezy.hr/
gcu-uk-ltd,gcu-uk-ltd,https://gcu-uk-ltd.breezy.hr/
lacocinahome,lacocinahome,https://lacocinahome.breezy.hr/
mile-high-labs,mile-high-labs,https://mile-high-labs.breezy.hr/
newhouse-project-consulting,newhouse-project-consulting,https://newhouse-project-consulting.breezy.hr/
the-philanthropy-workshop,the-philanthropy-workshop,https://the-philanthropy-workshop.breezy.hr/
amplifymd,amplifymd,https://amplifymd.breezy.hr/
any-hour-services,any-hour-services,https://any-hour-services.breezy.hr/
rebel-staffing-llc,rebel-staffing-llc,https://rebel-staffing-llc.breezy.hr/
softwaremill,softwaremill,https://softwaremill.breezy.hr/
wapcar-careers-my,wapcar-careers-my,https://wapcar-careers-my.breezy.hr/
everydaylabs,everydaylabs,https://everydaylabs.breezy.hr/
executive-insight,executive-insight,https://executive-insight.breezy.hr/
hello-viki,hello-viki,https://hello-viki.breezy.hr/
mechanical-contractors-inc,mechanical-contractors-inc,https://mechanical-contractors-inc.breezy.hr/
zepl,zepl,https://zepl.breezy.hr/
ash-wellness-inc,ash-wellness-inc,https://ash-wellness-inc.breezy.hr/
murphy-s-pharmacies,murphy-s-pharmacies,https://murphy-s-pharmacies.breezy.hr/
nmpi,nmpi,https://nmpi.breezy.hr/
evolutionmanagementinc,evolutionmanagementinc,https://evolutionmanagementinc.breezy.hr/
geviti-inc,geviti-inc,https://geviti-inc.breezy.hr/
greenline-apartment-management,greenline-apartment-management,https://greenline-apartment-management.breezy.hr/
humatics,humatics,https://humatics.breezy.hr/
shinelight,shinelight,https://shinelight.breezy.hr/
trialfacts,trialfacts,https://trialfacts.breezy.hr/
hiveon,hiveon,https://hiveon.breezy.hr/
magellan-ai,magellan-ai,https://magellan-ai.breezy.hr/
wootware-computers,wootware-computers,https://wootware-computers.breezy.hr/
tnt-door-drawer,tnt-door-drawer,https://tnt-door-drawer.breezy.hr/
kwik-lok,kwik-lok,https://kwik-lok.breezy.hr/
the-really-great-teacher-company,the-really-great-teacher-company,https://the-really-great-teacher-company.breezy.hr/
zoomer,zoomer,https://zoomer.breezy.hr/
aci-federal,aci-federal,https://aci-federal.breezy.hr/
beyondwow,beyondwow,https://beyondwow.breezy.hr/
landfriend,landfriend,https://landfriend.breezy.hr/
nortedigital,nortedigital,https://nortedigital.breezy.hr/
city-of-glasgow,city-of-glasgow,https://city-of-glasgow.breezy.hr/
four-eyes-financial,four-eyes-financial,https://four-eyes-financial.breezy.hr/
integense,integense,https://integense.breezy.hr/
pitstop-connect,pitstop-connect,https://pitstop-connect.breezy.hr/
plixi,plixi,https://plixi.breezy.hr/
reengineventures,reengineventures,https://reengineventures.breezy.hr/
demandhub,demandhub,https://demandhub.breezy.hr/
headway,headway,https://headway.breezy.hr/
sfermion,sfermion,https://sfermion.breezy.hr/
happity,happity,https://happity.breezy.hr/
kingenergy,kingenergy,https://kingenergy.breezy.hr/
nurturing-wisdom,nurturing-wisdom,https://nurturing-wisdom.breezy.hr/
sports-reference-llc,sports-reference-llc,https://sports-reference-llc.breezy.hr/
bitdeer,bitdeer,https://bitdeer.breezy.hr/
leveled-concrete,leveled-concrete,https://leveled-concrete.breezy.hr/
movial,movial,https://movial.breezy.hr/
volcon,volcon,https://volcon.breezy.hr/
community-influencer-r,community-influencer-r,https://community-influencer-r.breezy.hr/
everblue,everblue,https://everblue.breezy.hr/
itering-io,itering-io,https://itering-io.breezy.hr/
one-league,one-league,https://one-league.breezy.hr/
slim-in,slim-in,https://slim-in.breezy.hr/
zaamigo,zaamigo,https://zaamigo.breezy.hr/
caliber-fitness,caliber-fitness,https://caliber-fitness.breezy.hr/
cambridge-dental,cambridge-dental,https://cambridge-dental.breezy.hr/
completing,completing,https://completing.breezy.hr/
npb-companies,npb-companies,https://npb-companies.breezy.hr/
blue-raven-solar,blue-raven-solar,https://blue-raven-solar.breezy.hr/
partake-foods-inc,partake-foods-inc,https://partake-foods-inc.breezy.hr/
qualitas-consulting-group,qualitas-consulting-group,https://qualitas-consulting-group.breezy.hr/
road-runner-courier,road-runner-courier,https://road-runner-courier.breezy.hr/
schoodic-institute,schoodic-institute,https://schoodic-institute.breezy.hr/
aquino-capital-group-llc-empowered-by-nexa-mortgage-llc,aquino-capital-group-llc-empowered-by-nexa-mortgage-llc,https://aquino-capital-group-llc-empowered-by-nexa-mortgage-llc.breezy.hr/
degas-ltd,degas-ltd,https://degas-ltd.breezy.hr/
jamaica-ssg,jamaica-ssg,https://jamaica-ssg.breezy.hr/
talon-analytics,talon-analytics,https://talon-analytics.breezy.hr/
tla,tla,https://tla.breezy.hr/
mira,mira,https://mira.breezy.hr/
premier-dialysis,premier-dialysis,https://premier-dialysis.breezy.hr/
the-well,the-well,https://the-well.breezy.hr/
bear-group,bear-group,https://bear-group.breezy.hr/
randall-residence,randall-residence,https://randall-residence.breezy.hr/
sideways-6,sideways-6,https://sideways-6.breezy.hr/
socradar,socradar,https://socradar.breezy.hr/
hartbeat,hartbeat,https://hartbeat.breezy.hr/
cambridge-security-services,cambridge-security-services,https://cambridge-security-services.breezy.hr/
crowdled,crowdled,https://crowdled.breezy.hr/
etain-health,etain-health,https://etain-health.breezy.hr/
puma-telecom,puma-telecom,https://puma-telecom.breezy.hr/
rmmfi,rmmfi,https://rmmfi.breezy.hr/
sous-chef,sous-chef,https://sous-chef.breezy.hr/
beam,beam,https://beam.breezy.hr/
emergency-air,emergency-air,https://emergency-air.breezy.hr/
intrust-it,intrust-it,https://intrust-it.breezy.hr/
matter-family-office,matter-family-office,https://matter-family-office.breezy.hr/
alemhealth,alemhealth,https://alemhealth.breezy.hr/
insentra,insentra,https://insentra.breezy.hr/
smartrend-manufacturing-group,smartrend-manufacturing-group,https://smartrend-manufacturing-group.breezy.hr/
sumeru-equity-partners,sumeru-equity-partners,https://sumeru-equity-partners.breezy.hr/
symphony,symphony,https://symphony.breezy.hr/
benzinga,benzinga,https://benzinga.breezy.hr/
cesar,cesar,https://cesar.breezy.hr/
navaide,navaide,https://navaide.breezy.hr/
optimi,optimi,https://optimi.breezy.hr/
child-health-development-institute-of-ct-inc,child-health-development-institute-of-ct-inc,https://child-health-development-institute-of-ct-inc.breezy.hr/
drimz,drimz,https://drimz.breezy.hr/
pave-academy-charter-school,pave-academy-charter-school,https://pave-academy-charter-school.breezy.hr/
piggyvest,piggyvest,https://piggyvest.breezy.hr/
the-bureau,the-bureau,https://the-bureau.breezy.hr/
blazeonline,blazeonline,https://blazeonline.breezy.hr/
careersource-capital-region,careersource-capital-region,https://careersource-capital-region.breezy.hr/
chat-assassins,chat-assassins,https://chat-assassins.breezy.hr/
dogdaycare,dogdaycare,https://dogdaycare.breezy.hr/
intellistocks,intellistocks,https://intellistocks.breezy.hr/
olly-olly,olly-olly,https://olly-olly.breezy.hr/
easyhealth,easyhealth,https://easyhealth.breezy.hr/
pangobooks-inc,pangobooks-inc,https://pangobooks-inc.breezy.hr/
upwardsdotcom,upwardsdotcom,https://upwardsdotcom.breezy.hr/
021-strategic,021-strategic,https://021-strategic.breezy.hr/
entri,entri,https://entri.breezy.hr/
gentem,gentem,https://gentem.breezy.hr/
pinwheel-pasta,pinwheel-pasta,https://pinwheel-pasta.breezy.hr/
the-thorn-tree-inn,the-thorn-tree-inn,https://the-thorn-tree-inn.breezy.hr/
activate-group-limited,activate-group-limited,https://activate-group-limited.breezy.hr/
product-hunt,product-hunt,https://product-hunt.breezy.hr/
rocketbook,rocketbook,https://rocketbook.breezy.hr/
trailblazers,trailblazers,https://trailblazers.breezy.hr/
wealthy-recruiting,wealthy-recruiting,https://wealthy-recruiting.breezy.hr/
aapm,aapm,https://aapm.breezy.hr/
ahead,ahead,https://ahead.breezy.hr/
elemy,elemy,https://elemy.breezy.hr/
kay-apartment-communities,kay-apartment-communities,https://kay-apartment-communities.breezy.hr/
segware,segware,https://segware.breezy.hr/
american-directions-research-group,american-directions-research-group,https://american-directions-research-group.breezy.hr/
best-practice-medicine,best-practice-medicine,https://best-practice-medicine.breezy.hr/
bordo-ai,bordo-ai,https://bordo-ai.breezy.hr/
davis-wealth-advisors,davis-wealth-advisors,https://davis-wealth-advisors.breezy.hr/
dreamscape-immersive,dreamscape-immersive,https://dreamscape-immersive.breezy.hr/
fundica,fundica,https://fundica.breezy.hr/
chnet-solutions-plus-ug,chnet-solutions-plus-ug,https://chnet-solutions-plus-ug.breezy.hr/
dar-labs,dar-labs,https://dar-labs.breezy.hr/
folino,folino,https://folino.breezy.hr/
goodinfo,goodinfo,https://goodinfo.breezy.hr/
remedy,remedy,https://remedy.breezy.hr/
seranova,seranova,https://seranova.breezy.hr/
share-food-program,share-food-program,https://share-food-program.breezy.hr/
aquatycia,aquatycia,https://aquatycia.breezy.hr/
power-takeoff,power-takeoff,https://power-takeoff.breezy.hr/
the-tutorverse,the-tutorverse,https://the-tutorverse.breezy.hr/
topmark-funding,topmark-funding,https://topmark-funding.breezy.hr/
value-store-it-management,value-store-it-management,https://value-store-it-management.breezy.hr/
avi-health-community-services-9eb7555be744,avi-health-community-services-9eb7555be744,https://avi-health-community-services-9eb7555be744.breezy.hr/
awarri,awarri,https://awarri.breezy.hr/
highpoint-technology-group,highpoint-technology-group,https://highpoint-technology-group.breezy.hr/
rustic-pathways-travel,rustic-pathways-travel,https://rustic-pathways-travel.breezy.hr/
solid,solid,https://solid.breezy.hr/
the-claw-house,the-claw-house,https://the-claw-house.breezy.hr/
blanton-peale-institute,blanton-peale-institute,https://blanton-peale-institute.breezy.hr/
swivl,swivl,https://swivl.breezy.hr/
twig,twig,https://twig.breezy.hr/
heist-studios,heist-studios,https://heist-studios.breezy.hr/
jkbx-jukebox,jkbx-jukebox,https://jkbx-jukebox.breezy.hr/
pillar-properties,pillar-properties,https://pillar-properties.breezy.hr/
renewco2,renewco2,https://renewco2.breezy.hr/
3brasseurs,3brasseurs,https://3brasseurs.breezy.hr/
almaden-genomics,almaden-genomics,https://almaden-genomics.breezy.hr/
boston-scally,boston-scally,https://boston-scally.breezy.hr/
kegmil,kegmil,https://kegmil.breezy.hr/
mary-crane-center,mary-crane-center,https://mary-crane-center.breezy.hr/
cg-spectrum,cg-spectrum,https://cg-spectrum.breezy.hr/
fireflies,fireflies,https://fireflies.breezy.hr/
leading-edge,leading-edge,https://leading-edge.breezy.hr/
parity-homes,parity-homes,https://parity-homes.breezy.hr/
simple-organic-beauty,simple-organic-beauty,https://simple-organic-beauty.breezy.hr/
socar,socar,https://socar.breezy.hr/
informed-k12,informed-k12,https://informed-k12.breezy.hr/
los-angeles-review-of-books,los-angeles-review-of-books,https://los-angeles-review-of-books.breezy.hr/
trustnimbl,trustnimbl,https://trustnimbl.breezy.hr/
voiceflow,voiceflow,https://voiceflow.breezy.hr/
xaqt,xaqt,https://xaqt.breezy.hr/
advance-financial,advance-financial,https://advance-financial.breezy.hr/
capture6,capture6,https://capture6.breezy.hr/
darwin-ai,darwin-ai,https://darwin-ai.breezy.hr/
handsome-app,handsome-app,https://handsome-app.breezy.hr/
tiktak,tiktak,https://tiktak.breezy.hr/
whitlock-company-p-c,whitlock-company-p-c,https://whitlock-company-p-c.breezy.hr/
beli,beli,https://beli.breezy.hr/
evvnt,evvnt,https://evvnt.breezy.hr/
political-data-intelligence,political-data-intelligence,https://political-data-intelligence.breezy.hr/
happyco,happyco,https://happyco.breezy.hr/
hassle-free-home-services,hassle-free-home-services,https://hassle-free-home-services.breezy.hr/
mcci,mcci,https://mcci.breezy.hr/
dials,dials,https://dials.breezy.hr/
floating-point-group,floating-point-group,https://floating-point-group.breezy.hr/
nyic,nyic,https://nyic.breezy.hr/
developx,developx,https://developx.breezy.hr/
eli-and-co,eli-and-co,https://eli-and-co.breezy.hr/
weightlossnyc,weightlossnyc,https://weightlossnyc.breezy.hr/
wildchain,wildchain,https://wildchain.breezy.hr/
foodom,foodom,https://foodom.breezy.hr/
formation-ventures,formation-ventures,https://formation-ventures.breezy.hr/
somo,somo,https://somo.breezy.hr/
creative-commons,creative-commons,https://creative-commons.breezy.hr/
disco,disco,https://disco.breezy.hr/
lucid-insights,lucid-insights,https://lucid-insights.breezy.hr/
michild-group,michild-group,https://michild-group.breezy.hr/
opsarmy,opsarmy,https://opsarmy.breezy.hr/
superloyal,superloyal,https://superloyal.breezy.hr/
autobahn-security,autobahn-security,https://autobahn-security.breezy.hr/
coinify,coinify,https://coinify.breezy.hr/
granite-hills-group,granite-hills-group,https://granite-hills-group.breezy.hr/
prelude-prep,prelude-prep,https://prelude-prep.breezy.hr/
caribou-digital,caribou-digital,https://caribou-digital.breezy.hr/
thrive-communities,thrive-communities,https://thrive-communities.breezy.hr/
uniconcepts,uniconcepts,https://uniconcepts.breezy.hr/
carsome-careers-id,carsome-careers-id,https://carsome-careers-id.breezy.hr/
destination-auto-group,destination-auto-group,https://destination-auto-group.breezy.hr/
tonti-properties,tonti-properties,https://tonti-properties.breezy.hr/
joystick,joystick,https://joystick.breezy.hr/
moderncontrols,moderncontrols,https://moderncontrols.breezy.hr/
primordial-labs,primordial-labs,https://primordial-labs.breezy.hr/
thinkhuman,thinkhuman,https://thinkhuman.breezy.hr/
voters-of-tomorrow,voters-of-tomorrow,https://voters-of-tomorrow.breezy.hr/
adhoc-studio,adhoc-studio,https://adhoc-studio.breezy.hr/
fuel-made,fuel-made,https://fuel-made.breezy.hr/
hellonimbly,hellonimbly,https://hellonimbly.breezy.hr/
paintjet,paintjet,https://paintjet.breezy.hr/
whoknows,whoknows,https://whoknows.breezy.hr/
bokksu,bokksu,https://bokksu.breezy.hr/
echelon-solar-power,echelon-solar-power,https://echelon-solar-power.breezy.hr/
fire-safety-and-protection-corporate,fire-safety-and-protection-corporate,https://fire-safety-and-protection-corporate.breezy.hr/
parakeeto,parakeeto,https://parakeeto.breezy.hr/
involve,involve,https://involve.breezy.hr/
nationsbenefits,nationsbenefits,https://nationsbenefits.breezy.hr/
viewber-limited,viewber-limited,https://viewber-limited.breezy.hr/
wet-planet-rafting-and-kayaking,wet-planet-rafting-and-kayaking,https://wet-planet-rafting-and-kayaking.breezy.hr/
agricapture,agricapture,https://agricapture.breezy.hr/
new-minds,new-minds,https://new-minds.breezy.hr/
sprinthub-mobile,sprinthub-mobile,https://sprinthub-mobile.breezy.hr/
ywca-cass-clay,ywca-cass-clay,https://ywca-cass-clay.breezy.hr/
customfoods,customfoods,https://customfoods.breezy.hr/
embassy-landscape,embassy-landscape,https://embassy-landscape.breezy.hr/
the-good,the-good,https://the-good.breezy.hr/
xperteks,xperteks,https://xperteks.breezy.hr/
nordcloud-germany,nordcloud-germany,https://nordcloud-germany.breezy.hr/
thesummitinstitute,thesummitinstitute,https://thesummitinstitute.breezy.hr/
eval-com,eval-com,https://eval-com.breezy.hr/
tumblehome-inc,tumblehome-inc,https://tumblehome-inc.breezy.hr/
honcho-real-estate,honcho-real-estate,https://honcho-real-estate.breezy.hr/
pet-parents,pet-parents,https://pet-parents.breezy.hr/
st-martin-parish-sheriff-office,st-martin-parish-sheriff-office,https://st-martin-parish-sheriff-office.breezy.hr/
aja-labs-inc,aja-labs-inc,https://aja-labs-inc.breezy.hr/
ssg-nova-scotia,ssg-nova-scotia,https://ssg-nova-scotia.breezy.hr/
empyrean-hospice,empyrean-hospice,https://empyrean-hospice.breezy.hr/
spinrite,spinrite,https://spinrite.breezy.hr/
violencefreecolorado,violencefreecolorado,https://violencefreecolorado.breezy.hr/
cumula3,cumula3,https://cumula3.breezy.hr/
global-collective-d13628d9de70,global-collective-d13628d9de70,https://global-collective-d13628d9de70.breezy.hr/
infocentric,infocentric,https://infocentric.breezy.hr/
pbc,pbc,https://pbc.breezy.hr/
atbs,atbs,https://atbs.breezy.hr/
jobadx,jobadx,https://jobadx.breezy.hr/
university-of-groningen,university-of-groningen,https://university-of-groningen.breezy.hr/
bloomington-wellness-center,bloomington-wellness-center,https://bloomington-wellness-center.breezy.hr/
kett-tool-company,kett-tool-company,https://kett-tool-company.breezy.hr/
revgen,revgen,https://revgen.breezy.hr/
buscom,buscom,https://buscom.breezy.hr/
on-call-nanny,on-call-nanny,https://on-call-nanny.breezy.hr/
ricart-automotive,ricart-automotive,https://ricart-automotive.breezy.hr/
space-nk,space-nk,https://space-nk.breezy.hr/
cinetpay,cinetpay,https://cinetpay.breezy.hr/
girlsincgreaterpgh,girlsincgreaterpgh,https://girlsincgreaterpgh.breezy.hr/
xguard,xguard,https://xguard.breezy.hr/
10percent,10percent,https://10percent.breezy.hr/
cfs,cfs,https://cfs.breezy.hr/
kabesa,kabesa,https://kabesa.breezy.hr/
agot,agot,https://agot.breezy.hr/
beam-wallet,beam-wallet,https://beam-wallet.breezy.hr/
kyte,kyte,https://kyte.breezy.hr/
baked-bros,baked-bros,https://baked-bros.breezy.hr/
carsome,carsome,https://carsome.breezy.hr/
creative-home-solutions,creative-home-solutions,https://creative-home-solutions.breezy.hr/
djamo,djamo,https://djamo.breezy.hr/
madecomfy,madecomfy,https://madecomfy.breezy.hr/
orange-barrel-media,orange-barrel-media,https://orange-barrel-media.breezy.hr/
hapana,hapana,https://hapana.breezy.hr/
http-lasallelumber-com,http-lasallelumber-com,https://http-lasallelumber-com.breezy.hr/
revops-inc,revops-inc,https://revops-inc.breezy.hr/
simplify3d,simplify3d,https://simplify3d.breezy.hr/
xo-life,xo-life,https://xo-life.breezy.hr/
cloudcommerce,cloudcommerce,https://cloudcommerce.breezy.hr/
perfect-plumbing-heating-and-air,perfect-plumbing-heating-and-air,https://perfect-plumbing-heating-and-air.breezy.hr/
soares-landscaping,soares-landscaping,https://soares-landscaping.breezy.hr/
the-strategic-implementer,the-strategic-implementer,https://the-strategic-implementer.breezy.hr/
comwell-systems-group,comwell-systems-group,https://comwell-systems-group.breezy.hr/
creai,creai,https://creai.breezy.hr/
ittude,ittude,https://ittude.breezy.hr/
pensa-systems,pensa-systems,https://pensa-systems.breezy.hr/
activtec-solutions,activtec-solutions,https://activtec-solutions.breezy.hr/
samrc,samrc,https://samrc.breezy.hr/
selzy,selzy,https://selzy.breezy.hr/
stormind-games,stormind-games,https://stormind-games.breezy.hr/
acadiainn,acadiainn,https://acadiainn.breezy.hr/
franchise-sidekick,franchise-sidekick,https://franchise-sidekick.breezy.hr/
inlife-independent-living,inlife-independent-living,https://inlife-independent-living.breezy.hr/
o-mally-management-group,o-mally-management-group,https://o-mally-management-group.breezy.hr/
device-rescue,device-rescue,https://device-rescue.breezy.hr/
fabio-viviani-hospitality-group,fabio-viviani-hospitality-group,https://fabio-viviani-hospitality-group.breezy.hr/
fetola,fetola,https://fetola.breezy.hr/
gohfr-inc,gohfr-inc,https://gohfr-inc.breezy.hr/
lightforce-ortho,lightforce-ortho,https://lightforce-ortho.breezy.hr/
aninebing,aninebing,https://aninebing.breezy.hr/
grill-hero,grill-hero,https://grill-hero.breezy.hr/
outrival,outrival,https://outrival.breezy.hr/
razorhorse-capital,razorhorse-capital,https://razorhorse-capital.breezy.hr/
simplex-investments-llc,simplex-investments-llc,https://simplex-investments-llc.breezy.hr/
exechq,exechq,https://exechq.breezy.hr/
poetic-systems,poetic-systems,https://poetic-systems.breezy.hr/
recordati,recordati,https://recordati.breezy.hr/
teacher-s-pension-services-inc,teacher-s-pension-services-inc,https://teacher-s-pension-services-inc.breezy.hr/
buyapowa,buyapowa,https://buyapowa.breezy.hr/
developmentnow,developmentnow,https://developmentnow.breezy.hr/
emeals,emeals,https://emeals.breezy.hr/
swa-group,swa-group,https://swa-group.breezy.hr/
visor,visor,https://visor.breezy.hr/
avaturn,avaturn,https://avaturn.breezy.hr/
proexe-eu,proexe-eu,https://proexe-eu.breezy.hr/
resource-generation,resource-generation,https://resource-generation.breezy.hr/
yalla-fel-sekka,yalla-fel-sekka,https://yalla-fel-sekka.breezy.hr/
because-of-alice,because-of-alice,https://because-of-alice.breezy.hr/
corenglish,corenglish,https://corenglish.breezy.hr/
dott,dott,https://dott.breezy.hr/
expert-links,expert-links,https://expert-links.breezy.hr/
german-american-chambers-of-commerce,german-american-chambers-of-commerce,https://german-american-chambers-of-commerce.breezy.hr/
groundwork-coffee,groundwork-coffee,https://groundwork-coffee.breezy.hr/
informaticon,informaticon,https://informaticon.breezy.hr/
codelearn,codelearn,https://codelearn.breezy.hr/
padi,padi,https://padi.breezy.hr/
pcn-entertainment-group-inc,pcn-entertainment-group-inc,https://pcn-entertainment-group-inc.breezy.hr/
beanstock-ventures,beanstock-ventures,https://beanstock-ventures.breezy.hr/
brookside-church,brookside-church,https://brookside-church.breezy.hr/
rock-city-church,rock-city-church,https://rock-city-church.breezy.hr/
salespider-media-inc,salespider-media-inc,https://salespider-media-inc.breezy.hr/
sis-q-cellular-llc,sis-q-cellular-llc,https://sis-q-cellular-llc.breezy.hr/
sit-means-sit-austin,sit-means-sit-austin,https://sit-means-sit-austin.breezy.hr/
the-court-reporting-academy,the-court-reporting-academy,https://the-court-reporting-academy.breezy.hr/
auburndale-builders,auburndale-builders,https://auburndale-builders.breezy.hr/
hoffman-estates-park-district,hoffman-estates-park-district,https://hoffman-estates-park-district.breezy.hr/
paramo-technologies,paramo-technologies,https://paramo-technologies.breezy.hr/
the-quest-of-evolution,the-quest-of-evolution,https://the-quest-of-evolution.breezy.hr/
themesphere,themesphere,https://themesphere.breezy.hr/
timber-dental,timber-dental,https://timber-dental.breezy.hr/
axion-spine-neurosurgery,axion-spine-neurosurgery,https://axion-spine-neurosurgery.breezy.hr/
digestaid,digestaid,https://digestaid.breezy.hr/
knotapi,knotapi,https://knotapi.breezy.hr/
pedalheads-bike-camps,pedalheads-bike-camps,https://pedalheads-bike-camps.breezy.hr/
personify-corp,personify-corp,https://personify-corp.breezy.hr/
repair-the-world,repair-the-world,https://repair-the-world.breezy.hr/
gritmind,gritmind,https://gritmind.breezy.hr/
iconic-hearts-holdings-inc,iconic-hearts-holdings-inc,https://iconic-hearts-holdings-inc.breezy.hr/
lestars-management-consultancy-l-l-c,lestars-management-consultancy-l-l-c,https://lestars-management-consultancy-l-l-c.breezy.hr/
neuro-id,neuro-id,https://neuro-id.breezy.hr/
obvious-ventures,obvious-ventures,https://obvious-ventures.breezy.hr/
abound-paraplanning,abound-paraplanning,https://abound-paraplanning.breezy.hr/
giguru,giguru,https://giguru.breezy.hr/
independence-excavating,independence-excavating,https://independence-excavating.breezy.hr/
online-labels,online-labels,https://online-labels.breezy.hr/
scout-apm,scout-apm,https://scout-apm.breezy.hr/
andolini-s-llc,andolini-s-llc,https://andolini-s-llc.breezy.hr/
pediatric-dentist,pediatric-dentist,https://pediatric-dentist.breezy.hr/
sparkbit,sparkbit,https://sparkbit.breezy.hr/
the-c2-group,the-c2-group,https://the-c2-group.breezy.hr/
willful,willful,https://willful.breezy.hr/
chazin-company,chazin-company,https://chazin-company.breezy.hr/
dripshop-live,dripshop-live,https://dripshop-live.breezy.hr/
ignite-learning-academy,ignite-learning-academy,https://ignite-learning-academy.breezy.hr/
mt-cuba-center,mt-cuba-center,https://mt-cuba-center.breezy.hr/
qui-identity-inc,qui-identity-inc,https://qui-identity-inc.breezy.hr/
startupblink,startupblink,https://startupblink.breezy.hr/
statusphere,statusphere,https://statusphere.breezy.hr/
acme,acme,https://acme.breezy.hr/
ganger-dermatology,ganger-dermatology,https://ganger-dermatology.breezy.hr/
just-for-laughs,just-for-laughs,https://just-for-laughs.breezy.hr/
onepet,onepet,https://onepet.breezy.hr/
requis,requis,https://requis.breezy.hr/
social-currant,social-currant,https://social-currant.breezy.hr/
accountingfly,accountingfly,https://accountingfly.breezy.hr/
entlest-brands-inc,entlest-brands-inc,https://entlest-brands-inc.breezy.hr/
humancentric,humancentric,https://humancentric.breezy.hr/
lucia-landscaping-inc,lucia-landscaping-inc,https://lucia-landscaping-inc.breezy.hr/
dynata,dynata,https://dynata.breezy.hr/
high-performance-real-estate-advisors,high-performance-real-estate-advisors,https://high-performance-real-estate-advisors.breezy.hr/
playbookux,playbookux,https://playbookux.breezy.hr/
synthesize-bio,synthesize-bio,https://synthesize-bio.breezy.hr/
vaxart-inc,vaxart-inc,https://vaxart-inc.breezy.hr/
wowyow,wowyow,https://wowyow.breezy.hr/
certain,certain,https://certain.breezy.hr/
dance-iquail,dance-iquail,https://dance-iquail.breezy.hr/
magenta-consulting,magenta-consulting,https://magenta-consulting.breezy.hr/
advekit,advekit,https://advekit.breezy.hr/
almalaboris,almalaboris,https://almalaboris.breezy.hr/
angel-city-advisors,angel-city-advisors,https://angel-city-advisors.breezy.hr/
infinit-us,infinit-us,https://infinit-us.breezy.hr/
kpers,kpers,https://kpers.breezy.hr/
elevate-commercial,elevate-commercial,https://elevate-commercial.breezy.hr/
keep-it-cool,keep-it-cool,https://keep-it-cool.breezy.hr/
lodgeur,lodgeur,https://lodgeur.breezy.hr/
pinnacle-cares,pinnacle-cares,https://pinnacle-cares.breezy.hr/
triple-b-field-service,triple-b-field-service,https://triple-b-field-service.breezy.hr/
akuity,akuity,https://akuity.breezy.hr/
graphite-studio,graphite-studio,https://graphite-studio.breezy.hr/
pixieset,pixieset,https://pixieset.breezy.hr/
ptoexchange,ptoexchange,https://ptoexchange.breezy.hr/
mito-material-solutions,mito-material-solutions,https://mito-material-solutions.breezy.hr/
red-edge,red-edge,https://red-edge.breezy.hr/
tuxera,tuxera,https://tuxera.breezy.hr/
aqbank-instituicao-de-pagamentos,aqbank-instituicao-de-pagamentos,https://aqbank-instituicao-de-pagamentos.breezy.hr/
city-of-blue-springs,city-of-blue-springs,https://city-of-blue-springs.breezy.hr/
code-4-canada,code-4-canada,https://code-4-canada.breezy.hr/
ladder,ladder,https://ladder.breezy.hr/
northstarpmo-inc,northstarpmo-inc,https://northstarpmo-inc.breezy.hr/
riverside-natural-foods-ltd,riverside-natural-foods-ltd,https://riverside-natural-foods-ltd.breezy.hr/
vigil-global,vigil-global,https://vigil-global.breezy.hr/
blueprint-smiles,blueprint-smiles,https://blueprint-smiles.breezy.hr/
faithful-america-c44c3a187796,faithful-america-c44c3a187796,https://faithful-america-c44c3a187796.breezy.hr/
heritage-roofing-and-construction,heritage-roofing-and-construction,https://heritage-roofing-and-construction.breezy.hr/
tbc-uz,tbc-uz,https://tbc-uz.breezy.hr/
animus-studios,animus-studios,https://animus-studios.breezy.hr/
jatheon-technologies-inc,jatheon-technologies-inc,https://jatheon-technologies-inc.breezy.hr/
meridia-capodagli-property-company,meridia-capodagli-property-company,https://meridia-capodagli-property-company.breezy.hr/
noaca,noaca,https://noaca.breezy.hr/
steel-fence-supply,steel-fence-supply,https://steel-fence-supply.breezy.hr/
webedia-es,webedia-es,https://webedia-es.breezy.hr/
cr-machine-shop-llc,cr-machine-shop-llc,https://cr-machine-shop-llc.breezy.hr/
reptile,reptile,https://reptile.breezy.hr/
route-66-ventures,route-66-ventures,https://route-66-ventures.breezy.hr/
deutsch-financial-group,deutsch-financial-group,https://deutsch-financial-group.breezy.hr/
evolvestudios,evolvestudios,https://evolvestudios.breezy.hr/
shpdc,shpdc,https://shpdc.breezy.hr/
truu,truu,https://truu.breezy.hr/
v-thru,v-thru,https://v-thru.breezy.hr/
chica-project,chica-project,https://chica-project.breezy.hr/
activatework,activatework,https://activatework.breezy.hr/
apm-music,apm-music,https://apm-music.breezy.hr/
babington,babington,https://babington.breezy.hr/
edge-funders-alliance,edge-funders-alliance,https://edge-funders-alliance.breezy.hr/
legna-software,legna-software,https://legna-software.breezy.hr/
medsec,medsec,https://medsec.breezy.hr/
offit-kurman,offit-kurman,https://offit-kurman.breezy.hr/
aira,aira,https://aira.breezy.hr/
satellite,satellite,https://satellite.breezy.hr/
edison-electric,edison-electric,https://edison-electric.breezy.hr/
invite-networks,invite-networks,https://invite-networks.breezy.hr/
tqi-solutions-inc,tqi-solutions-inc,https://tqi-solutions-inc.breezy.hr/
atlas-rfid-solutions-store-llc,atlas-rfid-solutions-store-llc,https://atlas-rfid-solutions-store-llc.breezy.hr/
cresst2,cresst2,https://cresst2.breezy.hr/
greenshades,greenshades,https://greenshades.breezy.hr/
ingoodtaste,ingoodtaste,https://ingoodtaste.breezy.hr/
lower-street,lower-street,https://lower-street.breezy.hr/
normal-bear-media-llc,normal-bear-media-llc,https://normal-bear-media-llc.breezy.hr/
found-search-marketing,found-search-marketing,https://found-search-marketing.breezy.hr/
robbins-children-s-programs,robbins-children-s-programs,https://robbins-children-s-programs.breezy.hr/
acolin-fund-services-ag,acolin-fund-services-ag,https://acolin-fund-services-ag.breezy.hr/
justfund,justfund,https://justfund.breezy.hr/
swiss-watch-expo,swiss-watch-expo,https://swiss-watch-expo.breezy.hr/
veev,veev,https://veev.breezy.hr/
brisbane-powerhouse,brisbane-powerhouse,https://brisbane-powerhouse.breezy.hr/
diverta-inc,diverta-inc,https://diverta-inc.breezy.hr/
fugo-games,fugo-games,https://fugo-games.breezy.hr/
sagaci-research,sagaci-research,https://sagaci-research.breezy.hr/
nanoramic,nanoramic,https://nanoramic.breezy.hr/
park-avenue-center,park-avenue-center,https://park-avenue-center.breezy.hr/
wireless-world,wireless-world,https://wireless-world.breezy.hr/
flyingwildhog,flyingwildhog,https://flyingwildhog.breezy.hr/
metrum-research-group,metrum-research-group,https://metrum-research-group.breezy.hr/
midjourney,midjourney,https://midjourney.breezy.hr/
cardax-b-v,cardax-b-v,https://cardax-b-v.breezy.hr/
erba-mannheim,erba-mannheim,https://erba-mannheim.breezy.hr/
halcyon-financial-technology,halcyon-financial-technology,https://halcyon-financial-technology.breezy.hr/
magic-bio,magic-bio,https://magic-bio.breezy.hr/
north-river-home-care,north-river-home-care,https://north-river-home-care.breezy.hr/
people-performance-resources,people-performance-resources,https://people-performance-resources.breezy.hr/
rocky-mountain-care,rocky-mountain-care,https://rocky-mountain-care.breezy.hr/
datadocs,datadocs,https://datadocs.breezy.hr/
devise-agency,devise-agency,https://devise-agency.breezy.hr/
goate-lab,goate-lab,https://goate-lab.breezy.hr/
goodplanet-vzw,goodplanet-vzw,https://goodplanet-vzw.breezy.hr/
flower-company,flower-company,https://flower-company.breezy.hr/
go-hr,go-hr,https://go-hr.breezy.hr/
in-touch-ministries,in-touch-ministries,https://in-touch-ministries.breezy.hr/
conception-nurseries,conception-nurseries,https://conception-nurseries.breezy.hr/
genuine-people,genuine-people,https://genuine-people.breezy.hr/
urbantz,urbantz,https://urbantz.breezy.hr/
usual,usual,https://usual.breezy.hr/
xplor-education,xplor-education,https://xplor-education.breezy.hr/
personal-health-care,personal-health-care,https://personal-health-care.breezy.hr/
singlemind-consulting,singlemind-consulting,https://singlemind-consulting.breezy.hr/
southern-california-institute-of-technology,southern-california-institute-of-technology,https://southern-california-institute-of-technology.breezy.hr/
timeless-select-llc,timeless-select-llc,https://timeless-select-llc.breezy.hr/
cyndx,cyndx,https://cyndx.breezy.hr/
il-gabbiano-societa-cooperativa-sociale-onlus,il-gabbiano-societa-cooperativa-sociale-onlus,https://il-gabbiano-societa-cooperativa-sociale-onlus.breezy.hr/
sheerchain-85cac8ee04de,sheerchain-85cac8ee04de,https://sheerchain-85cac8ee04de.breezy.hr/
swissdrones-operating-ag,swissdrones-operating-ag,https://swissdrones-operating-ag.breezy.hr/
around,around,https://around.breezy.hr/
bellows,bellows,https://bellows.breezy.hr/
dms-international,dms-international,https://dms-international.breezy.hr/
edrolo,edrolo,https://edrolo.breezy.hr/
erbis,erbis,https://erbis.breezy.hr/
indiana-county-conservation-district,indiana-county-conservation-district,https://indiana-county-conservation-district.breezy.hr/
jennifer-zeuner-jewelry,jennifer-zeuner-jewelry,https://jennifer-zeuner-jewelry.breezy.hr/
kea,kea,https://kea.breezy.hr/
brandcrops,brandcrops,https://brandcrops.breezy.hr/
marketforce,marketforce,https://marketforce.breezy.hr/
stonegate-advisors,stonegate-advisors,https://stonegate-advisors.breezy.hr/
2degrees,2degrees,https://2degrees.breezy.hr/
deepar,deepar,https://deepar.breezy.hr/
semsee,semsee,https://semsee.breezy.hr/
car-dealership-guy,car-dealership-guy,https://car-dealership-guy.breezy.hr/
global-charter-services-inc,global-charter-services-inc,https://global-charter-services-inc.breezy.hr/
klarity-health,klarity-health,https://klarity-health.breezy.hr/
ricoh-e-discovery,ricoh-e-discovery,https://ricoh-e-discovery.breezy.hr/
subconscious-ai,subconscious-ai,https://subconscious-ai.breezy.hr/
testery,testery,https://testery.breezy.hr/
the-qt-company,the-qt-company,https://the-qt-company.breezy.hr/
groupe-unigesco,groupe-unigesco,https://groupe-unigesco.breezy.hr/
innoveo,innoveo,https://innoveo.breezy.hr/
matterway,matterway,https://matterway.breezy.hr/
teasdale-latin-foods,teasdale-latin-foods,https://teasdale-latin-foods.breezy.hr/
vitra-health,vitra-health,https://vitra-health.breezy.hr/
auric,auric,https://auric.breezy.hr/
phylway-construction,phylway-construction,https://phylway-construction.breezy.hr/
pure-service-pro-llc,pure-service-pro-llc,https://pure-service-pro-llc.breezy.hr/
time-doctor,time-doctor,https://time-doctor.breezy.hr/
velco,velco,https://velco.breezy.hr/
wevo,wevo,https://wevo.breezy.hr/
obrio-76be502da02f,obrio-76be502da02f,https://obrio-76be502da02f.breezy.hr/
wanderu,wanderu,https://wanderu.breezy.hr/
withodyssey,withodyssey,https://withodyssey.breezy.hr/
heartland-womens-health,heartland-womens-health,https://heartland-womens-health.breezy.hr/
intelligo,intelligo,https://intelligo.breezy.hr/
jumpseat,jumpseat,https://jumpseat.breezy.hr/
shefinds,shefinds,https://shefinds.breezy.hr/
company-six,company-six,https://company-six.breezy.hr/
onebridge,onebridge,https://onebridge.breezy.hr/
assurancelab,assurancelab,https://assurancelab.breezy.hr/
straub-collaborative,straub-collaborative,https://straub-collaborative.breezy.hr/
tempo-libero-cooperativa-sociale-onlus,tempo-libero-cooperativa-sociale-onlus,https://tempo-libero-cooperativa-sociale-onlus.breezy.hr/
unito,unito,https://unito.breezy.hr/
access-physical-therapy-wellness,access-physical-therapy-wellness,https://access-physical-therapy-wellness.breezy.hr/
cocoon-capital,cocoon-capital,https://cocoon-capital.breezy.hr/
student-basic-needs-coalition,student-basic-needs-coalition,https://student-basic-needs-coalition.breezy.hr/
acculogix-distribution-services,acculogix-distribution-services,https://acculogix-distribution-services.breezy.hr/
athena-actuarial-consulting,athena-actuarial-consulting,https://athena-actuarial-consulting.breezy.hr/
beefree,beefree,https://beefree.breezy.hr/
novity-inc,novity-inc,https://novity-inc.breezy.hr/
a-p-group-ltd,a-p-group-ltd,https://a-p-group-ltd.breezy.hr/
linqd,linqd,https://linqd.breezy.hr/
nuco-travel,nuco-travel,https://nuco-travel.breezy.hr/
people-solutions-center,people-solutions-center,https://people-solutions-center.breezy.hr/
practice-positions,practice-positions,https://practice-positions.breezy.hr/
hero,hero,https://hero.breezy.hr/
latoken,latoken,https://latoken.breezy.hr/
big-fat-smile-group-ltd,big-fat-smile-group-ltd,https://big-fat-smile-group-ltd.breezy.hr/
notably,notably,https://notably.breezy.hr/
nursing-float-health,nursing-float-health,https://nursing-float-health.breezy.hr/
optimetriks,optimetriks,https://optimetriks.breezy.hr/
caf-netherlands,caf-netherlands,https://caf-netherlands.breezy.hr/
carespace-health-wellness,carespace-health-wellness,https://carespace-health-wellness.breezy.hr/
driver-ai-inc,driver-ai-inc,https://driver-ai-inc.breezy.hr/
peoplefluent,peoplefluent,https://peoplefluent.breezy.hr/
elite-hospitality-recruiter,elite-hospitality-recruiter,https://elite-hospitality-recruiter.breezy.hr/
nomaco,nomaco,https://nomaco.breezy.hr/
swipeby,swipeby,https://swipeby.breezy.hr/
trueplay,trueplay,https://trueplay.breezy.hr/
mitra-chem,mitra-chem,https://mitra-chem.breezy.hr/
bota-systems-ag,bota-systems-ag,https://bota-systems-ag.breezy.hr/
design-in-dc,design-in-dc,https://design-in-dc.breezy.hr/
impilo-inc,impilo-inc,https://impilo-inc.breezy.hr/
liberty-technology,liberty-technology,https://liberty-technology.breezy.hr/
modern-picnic,modern-picnic,https://modern-picnic.breezy.hr/
ontop-holdings-inc,ontop-holdings-inc,https://ontop-holdings-inc.breezy.hr/
pai-skincare,pai-skincare,https://pai-skincare.breezy.hr/
webcircles,webcircles,https://webcircles.breezy.hr/
able-brewing,able-brewing,https://able-brewing.breezy.hr/
gradient-metrics,gradient-metrics,https://gradient-metrics.breezy.hr/
stinson,stinson,https://stinson.breezy.hr/
amitruck,amitruck,https://amitruck.breezy.hr/
feelway,feelway,https://feelway.breezy.hr/
isla-marketing,isla-marketing,https://isla-marketing.breezy.hr/
kinetic-events,kinetic-events,https://kinetic-events.breezy.hr/
thrive-ministry,thrive-ministry,https://thrive-ministry.breezy.hr/
vancouver-foundation,vancouver-foundation,https://vancouver-foundation.breezy.hr/
crawford-cash-consulting-group,crawford-cash-consulting-group,https://crawford-cash-consulting-group.breezy.hr/
espark-learning,espark-learning,https://espark-learning.breezy.hr/
layer-systems,layer-systems,https://layer-systems.breezy.hr/
levy-electric-inc,levy-electric-inc,https://levy-electric-inc.breezy.hr/
rentcars,rentcars,https://rentcars.breezy.hr/
rti-ltd,rti-ltd,https://rti-ltd.breezy.hr/
clubhouse-studios,clubhouse-studios,https://clubhouse-studios.breezy.hr/
media-plus,media-plus,https://media-plus.breezy.hr/
shipshap,shipshap,https://shipshap.breezy.hr/
spin-global,spin-global,https://spin-global.breezy.hr/
supermind,supermind,https://supermind.breezy.hr/
vida-co,vida-co,https://vida-co.breezy.hr/
vigilante-coffee,vigilante-coffee,https://vigilante-coffee.breezy.hr/
mihomecare-limited,mihomecare-limited,https://mihomecare-limited.breezy.hr/
casa-speech-and-development,casa-speech-and-development,https://casa-speech-and-development.breezy.hr/
recrue,recrue,https://recrue.breezy.hr/
fairtutors,fairtutors,https://fairtutors.breezy.hr/
ipon,ipon,https://ipon.breezy.hr/
mano-en-mano,mano-en-mano,https://mano-en-mano.breezy.hr/
oral-surgeons,oral-surgeons,https://oral-surgeons.breezy.hr/
plato,plato,https://plato.breezy.hr/
gpfs,gpfs,https://gpfs.breezy.hr/
adquick,adquick,https://adquick.breezy.hr/
burgertest-ottobrunn,burgertest-ottobrunn,https://burgertest-ottobrunn.breezy.hr/
lumio-dental-tulsa-hub,lumio-dental-tulsa-hub,https://lumio-dental-tulsa-hub.breezy.hr/
parkside-securities,parkside-securities,https://parkside-securities.breezy.hr/
testbox,testbox,https://testbox.breezy.hr/
base8,base8,https://base8.breezy.hr/
comparepower-com,comparepower-com,https://comparepower-com.breezy.hr/
crosby-kaneda-cpas-llp,crosby-kaneda-cpas-llp,https://crosby-kaneda-cpas-llp.breezy.hr/
intelvisio,intelvisio,https://intelvisio.breezy.hr/
arpio,arpio,https://arpio.breezy.hr/
domestika,domestika,https://domestika.breezy.hr/
hawk-river-construction,hawk-river-construction,https://hawk-river-construction.breezy.hr/
mammoth-distribution,mammoth-distribution,https://mammoth-distribution.breezy.hr/
realt,realt,https://realt.breezy.hr/
kipi-ai,kipi-ai,https://kipi-ai.breezy.hr/
merchant,merchant,https://merchant.breezy.hr/
opinary-gmbh,opinary-gmbh,https://opinary-gmbh.breezy.hr/
uxcel,uxcel,https://uxcel.breezy.hr/
water-street-mission,water-street-mission,https://water-street-mission.breezy.hr/
cefaly-technology,cefaly-technology,https://cefaly-technology.breezy.hr/
donut-media,donut-media,https://donut-media.breezy.hr/
grofin,grofin,https://grofin.breezy.hr/
participatory-culture-foundation,participatory-culture-foundation,https://participatory-culture-foundation.breezy.hr/
a-core-concrete-specialists,a-core-concrete-specialists,https://a-core-concrete-specialists.breezy.hr/
fastcap-systems,fastcap-systems,https://fastcap-systems.breezy.hr/
greenlight-america,greenlight-america,https://greenlight-america.breezy.hr/
precision-infinity,precision-infinity,https://precision-infinity.breezy.hr/
rezare-systems,rezare-systems,https://rezare-systems.breezy.hr/
optimal,optimal,https://optimal.breezy.hr/
beta-i,beta-i,https://beta-i.breezy.hr/
clare-advisors,clare-advisors,https://clare-advisors.breezy.hr/
commercialtribe-inc,commercialtribe-inc,https://commercialtribe-inc.breezy.hr/
immerse-vr,immerse-vr,https://immerse-vr.breezy.hr/
volansky-studio,volansky-studio,https://volansky-studio.breezy.hr/
cdpsupportcenter,cdpsupportcenter,https://cdpsupportcenter.breezy.hr/
urbanspace,urbanspace,https://urbanspace.breezy.hr/
usnc,usnc,https://usnc.breezy.hr/
hope-city,hope-city,https://hope-city.breezy.hr/
mainstream-home-services,mainstream-home-services,https://mainstream-home-services.breezy.hr/
pathway-to-living,pathway-to-living,https://pathway-to-living.breezy.hr/
serendipity-labs,serendipity-labs,https://serendipity-labs.breezy.hr/
anedot,anedot,https://anedot.breezy.hr/
elevar,elevar,https://elevar.breezy.hr/
mezzanine-ware,mezzanine-ware,https://mezzanine-ware.breezy.hr/
thrills-marketing,thrills-marketing,https://thrills-marketing.breezy.hr/
daffodil-storage,daffodil-storage,https://daffodil-storage.breezy.hr/
golden-recursion-inc,golden-recursion-inc,https://golden-recursion-inc.breezy.hr/
nemedio,nemedio,https://nemedio.breezy.hr/
big-picture,big-picture,https://big-picture.breezy.hr/
ezoic-inc,ezoic-inc,https://ezoic-inc.breezy.hr/
jitbase,jitbase,https://jitbase.breezy.hr/
revcult,revcult,https://revcult.breezy.hr/
lifetime-quality,lifetime-quality,https://lifetime-quality.breezy.hr/
deca-games,deca-games,https://deca-games.breezy.hr/
dogma-alares,dogma-alares,https://dogma-alares.breezy.hr/
makerere-university-school-of-public-health,makerere-university-school-of-public-health,https://makerere-university-school-of-public-health.breezy.hr/
waves-express-car-wash,waves-express-car-wash,https://waves-express-car-wash.breezy.hr/
mission-minded,mission-minded,https://mission-minded.breezy.hr/
qritive,qritive,https://qritive.breezy.hr/
everstar,everstar,https://everstar.breezy.hr/
fossil-fuel-non-proliferation-treaty,fossil-fuel-non-proliferation-treaty,https://fossil-fuel-non-proliferation-treaty.breezy.hr/
kindgeeks,kindgeeks,https://kindgeeks.breezy.hr/
bootstrap-brands,bootstrap-brands,https://bootstrap-brands.breezy.hr/
cadent,cadent,https://cadent.breezy.hr/
cardinal-aba,cardinal-aba,https://cardinal-aba.breezy.hr/
digiage,digiage,https://digiage.breezy.hr/
glenholme-healthcare,glenholme-healthcare,https://glenholme-healthcare.breezy.hr/
mohawk-ambulance-service,mohawk-ambulance-service,https://mohawk-ambulance-service.breezy.hr/
umbrella,umbrella,https://umbrella.breezy.hr/
bellesa,bellesa,https://bellesa.breezy.hr/
promise,promise,https://promise.breezy.hr/
salesfloor-inc,salesfloor-inc,https://salesfloor-inc.breezy.hr/
valital-technologies,valital-technologies,https://valital-technologies.breezy.hr/
aten-design-group,aten-design-group,https://aten-design-group.breezy.hr/
corporate-traffic-logistics,corporate-traffic-logistics,https://corporate-traffic-logistics.breezy.hr/
stellarpeak-corp,stellarpeak-corp,https://stellarpeak-corp.breezy.hr/
chip-cookies,chip-cookies,https://chip-cookies.breezy.hr/
deako,deako,https://deako.breezy.hr/
national-math-stars,national-math-stars,https://national-math-stars.breezy.hr/
church-alliance,church-alliance,https://church-alliance.breezy.hr/
controlpoint-technologies,controlpoint-technologies,https://controlpoint-technologies.breezy.hr/
sleeping-duck,sleeping-duck,https://sleeping-duck.breezy.hr/
yosemite-conservancy,yosemite-conservancy,https://yosemite-conservancy.breezy.hr/
new-england-science-sailing-foundation,new-england-science-sailing-foundation,https://new-england-science-sailing-foundation.breezy.hr/
sounding-board-inc,sounding-board-inc,https://sounding-board-inc.breezy.hr/
wieni,wieni,https://wieni.breezy.hr/
dhm-research,dhm-research,https://dhm-research.breezy.hr/
hfi-llc-active,hfi-llc-active,https://hfi-llc-active.breezy.hr/
core-mkt,core-mkt,https://core-mkt.breezy.hr/
cyberlogic,cyberlogic,https://cyberlogic.breezy.hr/
magmod,magmod,https://magmod.breezy.hr/
neurobehavioral-systems,neurobehavioral-systems,https://neurobehavioral-systems.breezy.hr/
revenue-accelerator,revenue-accelerator,https://revenue-accelerator.breezy.hr/
sportradar,sportradar,https://sportradar.breezy.hr/
children-s-dental-funzone,children-s-dental-funzone,https://children-s-dental-funzone.breezy.hr/
cubit-studios,cubit-studios,https://cubit-studios.breezy.hr/
morgan-s-wonderland-camp,morgan-s-wonderland-camp,https://morgan-s-wonderland-camp.breezy.hr/
wawoo-staffing,wawoo-staffing,https://wawoo-staffing.breezy.hr/
center-for-new-data,center-for-new-data,https://center-for-new-data.breezy.hr/
dispatchhealth,dispatchhealth,https://dispatchhealth.breezy.hr/
nobl-collective-llc,nobl-collective-llc,https://nobl-collective-llc.breezy.hr/
source-1-solutions,source-1-solutions,https://source-1-solutions.breezy.hr/
violet,violet,https://violet.breezy.hr/
barber-national-institute,barber-national-institute,https://barber-national-institute.breezy.hr/
good-life-sorted,good-life-sorted,https://good-life-sorted.breezy.hr/
kynd,kynd,https://kynd.breezy.hr/
letrus,letrus,https://letrus.breezy.hr/
mikan-associates-llc,mikan-associates-llc,https://mikan-associates-llc.breezy.hr/
remodel-health,remodel-health,https://remodel-health.breezy.hr/
vetted-pet-health,vetted-pet-health,https://vetted-pet-health.breezy.hr/
bloom-consulting,bloom-consulting,https://bloom-consulting.breezy.hr/
commonhouse,commonhouse,https://commonhouse.breezy.hr/
flink-robotics,flink-robotics,https://flink-robotics.breezy.hr/
partnerships-in-education-and-resilience-pear,partnerships-in-education-and-resilience-pear,https://partnerships-in-education-and-resilience-pear.breezy.hr/
seventh-dimension,seventh-dimension,https://seventh-dimension.breezy.hr/
vetro-fibermap-inc,vetro-fibermap-inc,https://vetro-fibermap-inc.breezy.hr/
ascenial,ascenial,https://ascenial.breezy.hr/
pillsorted,pillsorted,https://pillsorted.breezy.hr/
runn,runn,https://runn.breezy.hr/
upgrow,upgrow,https://upgrow.breezy.hr/
mobilion-systems-inc,mobilion-systems-inc,https://mobilion-systems-inc.breezy.hr/
productable,productable,https://productable.breezy.hr/
agrigistics,agrigistics,https://agrigistics.breezy.hr/
catsci-ltd,catsci-ltd,https://catsci-ltd.breezy.hr/
development-gateway,development-gateway,https://development-gateway.breezy.hr/
lunarresources,lunarresources,https://lunarresources.breezy.hr/
mindtech,mindtech,https://mindtech.breezy.hr/
quinn-co-of-ny-ltd,quinn-co-of-ny-ltd,https://quinn-co-of-ny-ltd.breezy.hr/
a-fresh-wind-church,a-fresh-wind-church,https://a-fresh-wind-church.breezy.hr/
ma-services,ma-services,https://ma-services.breezy.hr/
netsync-network-solutions,netsync-network-solutions,https://netsync-network-solutions.breezy.hr/
vetster,vetster,https://vetster.breezy.hr/
content-at-scale,content-at-scale,https://content-at-scale.breezy.hr/
independent-community-care-management,independent-community-care-management,https://independent-community-care-management.breezy.hr/
moxielash,moxielash,https://moxielash.breezy.hr/
platinum-technologies,platinum-technologies,https://platinum-technologies.breezy.hr/
block-party,block-party,https://block-party.breezy.hr/
gulliver-s-games,gulliver-s-games,https://gulliver-s-games.breezy.hr/
paradigm-sports,paradigm-sports,https://paradigm-sports.breezy.hr/
politech,politech,https://politech.breezy.hr/
rxmg,rxmg,https://rxmg.breezy.hr/
happysignals,happysignals,https://happysignals.breezy.hr/
patlive,patlive,https://patlive.breezy.hr/
twinstate-technologies,twinstate-technologies,https://twinstate-technologies.breezy.hr/
censio,censio,https://censio.breezy.hr/
cieden,cieden,https://cieden.breezy.hr/
revenued-albania,revenued-albania,https://revenued-albania.breezy.hr/
wearehiring,wearehiring,https://wearehiring.breezy.hr/
whatconverts,whatconverts,https://whatconverts.breezy.hr/
apriorit,apriorit,https://apriorit.breezy.hr/
arteria,arteria,https://arteria.breezy.hr/
fcs-frankfurt-cargo-services-gmbh,fcs-frankfurt-cargo-services-gmbh,https://fcs-frankfurt-cargo-services-gmbh.breezy.hr/
iamota,iamota,https://iamota.breezy.hr/
rubyplay-network,rubyplay-network,https://rubyplay-network.breezy.hr/
wonderstorm,wonderstorm,https://wonderstorm.breezy.hr/
agami,agami,https://agami.breezy.hr/
platinum-fundraising,platinum-fundraising,https://platinum-fundraising.breezy.hr/
soko-glam,soko-glam,https://soko-glam.breezy.hr/
streamhub,streamhub,https://streamhub.breezy.hr/
topolio,topolio,https://topolio.breezy.hr/
i-tech,i-tech,https://i-tech.breezy.hr/
let-s-go,let-s-go,https://let-s-go.breezy.hr/
real-estate-webmasters,real-estate-webmasters,https://real-estate-webmasters.breezy.hr/
we-care-plumbing-heating-and-air,we-care-plumbing-heating-and-air,https://we-care-plumbing-heating-and-air.breezy.hr/
matrix-technologies-inc,matrix-technologies-inc,https://matrix-technologies-inc.breezy.hr/
pittsburgh-business-group-on-health,pittsburgh-business-group-on-health,https://pittsburgh-business-group-on-health.breezy.hr/
tlc-solutions,tlc-solutions,https://tlc-solutions.breezy.hr/
actually-clean-llc,actually-clean-llc,https://actually-clean-llc.breezy.hr/
bridgit,bridgit,https://bridgit.breezy.hr/
center-for-children-youth-justice,center-for-children-youth-justice,https://center-for-children-youth-justice.breezy.hr/
the-musicianship,the-musicianship,https://the-musicianship.breezy.hr/
american-antiquarian-society,american-antiquarian-society,https://american-antiquarian-society.breezy.hr/
learn-corporation,learn-corporation,https://learn-corporation.breezy.hr/
pacify,pacify,https://pacify.breezy.hr/
themis-insight,themis-insight,https://themis-insight.breezy.hr/
srlabs,srlabs,https://srlabs.breezy.hr/
conserv,conserv,https://conserv.breezy.hr/
gotham-gym,gotham-gym,https://gotham-gym.breezy.hr/
new-heights-kc-lpt-realty,new-heights-kc-lpt-realty,https://new-heights-kc-lpt-realty.breezy.hr/
bitwise,bitwise,https://bitwise.breezy.hr/
blue-sky-hospitality-solutions,blue-sky-hospitality-solutions,https://blue-sky-hospitality-solutions.breezy.hr/
skylark,skylark,https://skylark.breezy.hr/
trustpoint,trustpoint,https://trustpoint.breezy.hr/
cims,cims,https://cims.breezy.hr/
meridian-university,meridian-university,https://meridian-university.breezy.hr/
molecular-sound,molecular-sound,https://molecular-sound.breezy.hr/
the-kidney-experts-pllc,the-kidney-experts-pllc,https://the-kidney-experts-pllc.breezy.hr/
cenacle-leadership-group,cenacle-leadership-group,https://cenacle-leadership-group.breezy.hr/
leap-digital-marketing,leap-digital-marketing,https://leap-digital-marketing.breezy.hr/
magic-services,magic-services,https://magic-services.breezy.hr/
qunasys,qunasys,https://qunasys.breezy.hr/
radilens,radilens,https://radilens.breezy.hr/
canada-robotix,canada-robotix,https://canada-robotix.breezy.hr/
gaskinslecraw,gaskinslecraw,https://gaskinslecraw.breezy.hr/
remerge,remerge,https://remerge.breezy.hr/
rivermead,rivermead,https://rivermead.breezy.hr/
sdv-construction-inc,sdv-construction-inc,https://sdv-construction-inc.breezy.hr/
teal-media,teal-media,https://teal-media.breezy.hr/
vericode,vericode,https://vericode.breezy.hr/
bitbean,bitbean,https://bitbean.breezy.hr/
blueconduit,blueconduit,https://blueconduit.breezy.hr/
fierogroup,fierogroup,https://fierogroup.breezy.hr/
neuranet,neuranet,https://neuranet.breezy.hr/
vyde,vyde,https://vyde.breezy.hr/
bellhop,bellhop,https://bellhop.breezy.hr/
bridgecomm,bridgecomm,https://bridgecomm.breezy.hr/
garmentory,garmentory,https://garmentory.breezy.hr/
brigad,brigad,https://brigad.breezy.hr/
fix-com,fix-com,https://fix-com.breezy.hr/
lamont-bros-llc,lamont-bros-llc,https://lamont-bros-llc.breezy.hr/
pillar4media,pillar4media,https://pillar4media.breezy.hr/
the-international-data-organization-for-transport,the-international-data-organization-for-transport,https://the-international-data-organization-for-transport.breezy.hr/
austinstone,austinstone,https://austinstone.breezy.hr/
gateway-market,gateway-market,https://gateway-market.breezy.hr/
haussmann-group-africa,haussmann-group-africa,https://haussmann-group-africa.breezy.hr/
the-last-layer,the-last-layer,https://the-last-layer.breezy.hr/
acib-gmbh,acib-gmbh,https://acib-gmbh.breezy.hr/
culinex,culinex,https://culinex.breezy.hr/
gulfhawk-logistics,gulfhawk-logistics,https://gulfhawk-logistics.breezy.hr/
jns,jns,https://jns.breezy.hr/
360-apartment-renovations,360-apartment-renovations,https://360-apartment-renovations.breezy.hr/
500chow,500chow,https://500chow.breezy.hr/
greenwich-medical-spa,greenwich-medical-spa,https://greenwich-medical-spa.breezy.hr/
vitacoco,vitacoco,https://vitacoco.breezy.hr/
apex-tk-llc,apex-tk-llc,https://apex-tk-llc.breezy.hr/
century-consulting-services,century-consulting-services,https://century-consulting-services.breezy.hr/
edge,edge,https://edge.breezy.hr/
flocknote,flocknote,https://flocknote.breezy.hr/
rucd-head-start,rucd-head-start,https://rucd-head-start.breezy.hr/
body-complete-rx,body-complete-rx,https://body-complete-rx.breezy.hr/
kwara,kwara,https://kwara.breezy.hr/
o-m-plumbing-services-inc,o-m-plumbing-services-inc,https://o-m-plumbing-services-inc.breezy.hr/
prophesee,prophesee,https://prophesee.breezy.hr/
edenspiekermann,edenspiekermann,https://edenspiekermann.breezy.hr/
fidenda-ltd,fidenda-ltd,https://fidenda-ltd.breezy.hr/
genofab,genofab,https://genofab.breezy.hr/
the-rounds,the-rounds,https://the-rounds.breezy.hr/
votingworks,votingworks,https://votingworks.breezy.hr/
wayy-llc,wayy-llc,https://wayy-llc.breezy.hr/
aurora-consulting,aurora-consulting,https://aurora-consulting.breezy.hr/
cybercrew,cybercrew,https://cybercrew.breezy.hr/
octaive,octaive,https://octaive.breezy.hr/
worldtennis,worldtennis,https://worldtennis.breezy.hr/
infuse-travel-6f17601f5a04,infuse-travel-6f17601f5a04,https://infuse-travel-6f17601f5a04.breezy.hr/
reincubate,reincubate,https://reincubate.breezy.hr/
sentinel-blue,sentinel-blue,https://sentinel-blue.breezy.hr/
sidney-regional-medical-center,sidney-regional-medical-center,https://sidney-regional-medical-center.breezy.hr/
spiro,spiro,https://spiro.breezy.hr/
global-elite-empire-agency,global-elite-empire-agency,https://global-elite-empire-agency.breezy.hr/
groupcollect,groupcollect,https://groupcollect.breezy.hr/
naperville-park-district,naperville-park-district,https://naperville-park-district.breezy.hr/
techmates-group,techmates-group,https://techmates-group.breezy.hr/
triune-financial,triune-financial,https://triune-financial.breezy.hr/
challenger-geomatics,challenger-geomatics,https://challenger-geomatics.breezy.hr/
drodex,drodex,https://drodex.breezy.hr/
feeney-s,feeney-s,https://feeney-s.breezy.hr/
guardio,guardio,https://guardio.breezy.hr/
mediavision-interactive-ltd,mediavision-interactive-ltd,https://mediavision-interactive-ltd.breezy.hr/
mpathic-ai,mpathic-ai,https://mpathic-ai.breezy.hr/
dexma,dexma,https://dexma.breezy.hr/
gophermods,gophermods,https://gophermods.breezy.hr/
gosky-ai-inc,gosky-ai-inc,https://gosky-ai-inc.breezy.hr/
northpoint-development,northpoint-development,https://northpoint-development.breezy.hr/
recruit-66c441c05fde,recruit-66c441c05fde,https://recruit-66c441c05fde.breezy.hr/
solo-funds,solo-funds,https://solo-funds.breezy.hr/
adah-international-llc,adah-international-llc,https://adah-international-llc.breezy.hr/
pine-services-group-75de518bc789,pine-services-group-75de518bc789,https://pine-services-group-75de518bc789.breezy.hr/
poker-skill,poker-skill,https://poker-skill.breezy.hr/
stacklet,stacklet,https://stacklet.breezy.hr/
trustradius,trustradius,https://trustradius.breezy.hr/
west-one-music-group,west-one-music-group,https://west-one-music-group.breezy.hr/
community-solutions,community-solutions,https://community-solutions.breezy.hr/
etoile-academy-charter-school,etoile-academy-charter-school,https://etoile-academy-charter-school.breezy.hr/
peoplebiz,peoplebiz,https://peoplebiz.breezy.hr/
plan-left-llc,plan-left-llc,https://plan-left-llc.breezy.hr/
proquest-consulting,proquest-consulting,https://proquest-consulting.breezy.hr/
rishworth-aviation,rishworth-aviation,https://rishworth-aviation.breezy.hr/
thp,thp,https://thp.breezy.hr/
uh-oh-labs-inc,uh-oh-labs-inc,https://uh-oh-labs-inc.breezy.hr/
cmkl-university,cmkl-university,https://cmkl-university.breezy.hr/
dayshape,dayshape,https://dayshape.breezy.hr/
gro,gro,https://gro.breezy.hr/
modolabs,modolabs,https://modolabs.breezy.hr/
wnnlaf,wnnlaf,https://wnnlaf.breezy.hr/
duncan-family-farms-inc,duncan-family-farms-inc,https://duncan-family-farms-inc.breezy.hr/
hr-compliance-partners,hr-compliance-partners,https://hr-compliance-partners.breezy.hr/
ntc,ntc,https://ntc.breezy.hr/
ampup,ampup,https://ampup.breezy.hr/
data-insight-partners-llc,data-insight-partners-llc,https://data-insight-partners-llc.breezy.hr/
landtech,landtech,https://landtech.breezy.hr/
west-london-waste-authority,west-london-waste-authority,https://west-london-waste-authority.breezy.hr/
afriforum,afriforum,https://afriforum.breezy.hr/
blessings-in-a-backpack,blessings-in-a-backpack,https://blessings-in-a-backpack.breezy.hr/
dlsn-holdings-llc,dlsn-holdings-llc,https://dlsn-holdings-llc.breezy.hr/
greater-columbus-sports-commission,greater-columbus-sports-commission,https://greater-columbus-sports-commission.breezy.hr/
mps-egg-farms,mps-egg-farms,https://mps-egg-farms.breezy.hr/
sava-health,sava-health,https://sava-health.breezy.hr/
be-caring-ltd,be-caring-ltd,https://be-caring-ltd.breezy.hr/
capital-b,capital-b,https://capital-b.breezy.hr/
electives,electives,https://electives.breezy.hr/
minkin-management-inc,minkin-management-inc,https://minkin-management-inc.breezy.hr/
the-dyrt,the-dyrt,https://the-dyrt.breezy.hr/
tribegaming,tribegaming,https://tribegaming.breezy.hr/
cornerstone-christian-counseling,cornerstone-christian-counseling,https://cornerstone-christian-counseling.breezy.hr/
figopara,figopara,https://figopara.breezy.hr/
outsourceddoers,outsourceddoers,https://outsourceddoers.breezy.hr/
test-yantra-eu-2,test-yantra-eu-2,https://test-yantra-eu-2.breezy.hr/
ati-business-group,ati-business-group,https://ati-business-group.breezy.hr/
b-carlson-heating-air-conditioning-plumbing,b-carlson-heating-air-conditioning-plumbing,https://b-carlson-heating-air-conditioning-plumbing.breezy.hr/
dare-to-imagine,dare-to-imagine,https://dare-to-imagine.breezy.hr/
driveline-solutions,driveline-solutions,https://driveline-solutions.breezy.hr/
connections-homes,connections-homes,https://connections-homes.breezy.hr/
leadorigin,leadorigin,https://leadorigin.breezy.hr/
obviouslee-marketing,obviouslee-marketing,https://obviouslee-marketing.breezy.hr/
small-potato-trucking,small-potato-trucking,https://small-potato-trucking.breezy.hr/
center-for-care-innovations,center-for-care-innovations,https://center-for-care-innovations.breezy.hr/
irocket,irocket,https://irocket.breezy.hr/
silo-finance,silo-finance,https://silo-finance.breezy.hr/
sully-ai,sully-ai,https://sully-ai.breezy.hr/
swift-hr-solutions,swift-hr-solutions,https://swift-hr-solutions.breezy.hr/
artis-llc,artis-llc,https://artis-llc.breezy.hr/
immerse-education,immerse-education,https://immerse-education.breezy.hr/
nc-100,nc-100,https://nc-100.breezy.hr/
timekeeper,timekeeper,https://timekeeper.breezy.hr/
buildfire,buildfire,https://buildfire.breezy.hr/
kingsdown-learning-trust,kingsdown-learning-trust,https://kingsdown-learning-trust.breezy.hr/
sunrise-cafe,sunrise-cafe,https://sunrise-cafe.breezy.hr/
wagomu,wagomu,https://wagomu.breezy.hr/
3-forks-services,3-forks-services,https://3-forks-services.breezy.hr/
assessment-intervention-management,assessment-intervention-management,https://assessment-intervention-management.breezy.hr/
dark-horse-technologies-llc,dark-horse-technologies-llc,https://dark-horse-technologies-llc.breezy.hr/
mtz-solutionz,mtz-solutionz,https://mtz-solutionz.breezy.hr/
outdoor-voices,outdoor-voices,https://outdoor-voices.breezy.hr/
ensight,ensight,https://ensight.breezy.hr/
penguin-air,penguin-air,https://penguin-air.breezy.hr/
rosalyn-yalow-charter-school,rosalyn-yalow-charter-school,https://rosalyn-yalow-charter-school.breezy.hr/
vfairs,vfairs,https://vfairs.breezy.hr/
warren-wilson,warren-wilson,https://warren-wilson.breezy.hr/
advisicon,advisicon,https://advisicon.breezy.hr/
cariina,cariina,https://cariina.breezy.hr/
growisto,growisto,https://growisto.breezy.hr/
ramptalentjobs,ramptalentjobs,https://ramptalentjobs.breezy.hr/
reliant-intl,reliant-intl,https://reliant-intl.breezy.hr/
american-giant,american-giant,https://american-giant.breezy.hr/
experiencefirst,experiencefirst,https://experiencefirst.breezy.hr/
scribekick,scribekick,https://scribekick.breezy.hr/
staffworthy-inc,staffworthy-inc,https://staffworthy-inc.breezy.hr/
bristow-and-sutor-group,bristow-and-sutor-group,https://bristow-and-sutor-group.breezy.hr/
global-predictions,global-predictions,https://global-predictions.breezy.hr/
national-giving-alliance,national-giving-alliance,https://national-giving-alliance.breezy.hr/
carlson-procare,carlson-procare,https://carlson-procare.breezy.hr/
device-insight,device-insight,https://device-insight.breezy.hr/
invariant,invariant,https://invariant.breezy.hr/
propertyhero-ai,propertyhero-ai,https://propertyhero-ai.breezy.hr/
tembo,tembo,https://tembo.breezy.hr/
tyton-partners,tyton-partners,https://tyton-partners.breezy.hr/
bluetree-group,bluetree-group,https://bluetree-group.breezy.hr/
ecare-vault-inc,ecare-vault-inc,https://ecare-vault-inc.breezy.hr/
the-hill-center,the-hill-center,https://the-hill-center.breezy.hr/
black-ink-business-services,black-ink-business-services,https://black-ink-business-services.breezy.hr/
gustav-technologies-inc,gustav-technologies-inc,https://gustav-technologies-inc.breezy.hr/
orchestry-software-inc,orchestry-software-inc,https://orchestry-software-inc.breezy.hr/
thevillagechurch,thevillagechurch,https://thevillagechurch.breezy.hr/
warmhub-inc,warmhub-inc,https://warmhub-inc.breezy.hr/
astro-shapes-llc,astro-shapes-llc,https://astro-shapes-llc.breezy.hr/
canada-explorers,canada-explorers,https://canada-explorers.breezy.hr/
new-horizon-services-inc,new-horizon-services-inc,https://new-horizon-services-inc.breezy.hr/
tubescience,tubescience,https://tubescience.breezy.hr/
zenledger,zenledger,https://zenledger.breezy.hr/
autotiv,autotiv,https://autotiv.breezy.hr/
cloudpointe,cloudpointe,https://cloudpointe.breezy.hr/
duclo,duclo,https://duclo.breezy.hr/
onyx-management-services-llc,onyx-management-services-llc,https://onyx-management-services-llc.breezy.hr/
ikigai-technologies,ikigai-technologies,https://ikigai-technologies.breezy.hr/
neo-consulting-s-a-c,neo-consulting-s-a-c,https://neo-consulting-s-a-c.breezy.hr/
commutifi,commutifi,https://commutifi.breezy.hr/
gamebreaking-studios-inc,gamebreaking-studios-inc,https://gamebreaking-studios-inc.breezy.hr/
independent-food-company,independent-food-company,https://independent-food-company.breezy.hr/
myside,myside,https://myside.breezy.hr/
positive-impact-dental-alliance,positive-impact-dental-alliance,https://positive-impact-dental-alliance.breezy.hr/
teamrankings,teamrankings,https://teamrankings.breezy.hr/
dina,dina,https://dina.breezy.hr/
gray-tier-technologies,gray-tier-technologies,https://gray-tier-technologies.breezy.hr/
remote-year,remote-year,https://remote-year.breezy.hr/
assignar,assignar,https://assignar.breezy.hr/
ayyeka,ayyeka,https://ayyeka.breezy.hr/
atticus-market,atticus-market,https://atticus-market.breezy.hr/
progesys-inc,progesys-inc,https://progesys-inc.breezy.hr/
synergy-inc,synergy-inc,https://synergy-inc.breezy.hr/
xcorp,xcorp,https://xcorp.breezy.hr/
conducive-consulting-inc,conducive-consulting-inc,https://conducive-consulting-inc.breezy.hr/
crodu,crodu,https://crodu.breezy.hr/
designworks-talent,designworks-talent,https://designworks-talent.breezy.hr/
l-e-s-s-sa,l-e-s-s-sa,https://l-e-s-s-sa.breezy.hr/
super-studios,super-studios,https://super-studios.breezy.hr/
synnefa,synnefa,https://synnefa.breezy.hr/
combient,combient,https://combient.breezy.hr/
incubeta,incubeta,https://incubeta.breezy.hr/
the-assistant,the-assistant,https://the-assistant.breezy.hr/
the-convenience-shop,the-convenience-shop,https://the-convenience-shop.breezy.hr/
cadalys,cadalys,https://cadalys.breezy.hr/
the-graph,the-graph,https://the-graph.breezy.hr/
tote-pears,tote-pears,https://tote-pears.breezy.hr/
bluegrass-technologies-pty-ltd,bluegrass-technologies-pty-ltd,https://bluegrass-technologies-pty-ltd.breezy.hr/
digidoc-inc-dba-public-sector-solutions-group,digidoc-inc-dba-public-sector-solutions-group,https://digidoc-inc-dba-public-sector-solutions-group.breezy.hr/
ledgergurus,ledgergurus,https://ledgergurus.breezy.hr/
barharborgrand,barharborgrand,https://barharborgrand.breezy.hr/
flamingo-bowl,flamingo-bowl,https://flamingo-bowl.breezy.hr/
visolis,visolis,https://visolis.breezy.hr/
cornerstone-healthcare-staffing-llc,cornerstone-healthcare-staffing-llc,https://cornerstone-healthcare-staffing-llc.breezy.hr/
iappdirco,iappdirco,https://iappdirco.breezy.hr/
viamo-inc,viamo-inc,https://viamo-inc.breezy.hr/
acute-nursing-care,acute-nursing-care,https://acute-nursing-care.breezy.hr/
linode,linode,https://linode.breezy.hr/
quimby-digital,quimby-digital,https://quimby-digital.breezy.hr/
space-ge,space-ge,https://space-ge.breezy.hr/
team-201,team-201,https://team-201.breezy.hr/
terzo-enterprises,terzo-enterprises,https://terzo-enterprises.breezy.hr/
villagestudio,villagestudio,https://villagestudio.breezy.hr/
apex-roofing,apex-roofing,https://apex-roofing.breezy.hr/
crisp-labs,crisp-labs,https://crisp-labs.breezy.hr/
dagmar-marketing,dagmar-marketing,https://dagmar-marketing.breezy.hr/
ddia,ddia,https://ddia.breezy.hr/
gowrench,gowrench,https://gowrench.breezy.hr/
great-keppel-island-hideaway,great-keppel-island-hideaway,https://great-keppel-island-hideaway.breezy.hr/
frasal,frasal,https://frasal.breezy.hr/
general-ui,general-ui,https://general-ui.breezy.hr/
jway-group,jway-group,https://jway-group.breezy.hr/
on-time-experts,on-time-experts,https://on-time-experts.breezy.hr/
proumwelt,proumwelt,https://proumwelt.breezy.hr/
stac-labs,stac-labs,https://stac-labs.breezy.hr/
kompasbank,kompasbank,https://kompasbank.breezy.hr/
cloverleaf-bio,cloverleaf-bio,https://cloverleaf-bio.breezy.hr/
earthscape-play,earthscape-play,https://earthscape-play.breezy.hr/
novatti,novatti,https://novatti.breezy.hr/
osec,osec,https://osec.breezy.hr/
port-side-logistics-llc,port-side-logistics-llc,https://port-side-logistics-llc.breezy.hr/
kiki-club,kiki-club,https://kiki-club.breezy.hr/
mastermnd,mastermnd,https://mastermnd.breezy.hr/
red-rocks-church,red-rocks-church,https://red-rocks-church.breezy.hr/
smartmessage,smartmessage,https://smartmessage.breezy.hr/
swifteam,swifteam,https://swifteam.breezy.hr/
1-grid,1-grid,https://1-grid.breezy.hr/
greenerfield-llc,greenerfield-llc,https://greenerfield-llc.breezy.hr/
storecast-gmbh,storecast-gmbh,https://storecast-gmbh.breezy.hr/
www-timezest-com,www-timezest-com,https://www-timezest-com.breezy.hr/
20fathoms,20fathoms,https://20fathoms.breezy.hr/
infogravity,infogravity,https://infogravity.breezy.hr/
leverage,leverage,https://leverage.breezy.hr/
spike95-limited,spike95-limited,https://spike95-limited.breezy.hr/
the-win-academy,the-win-academy,https://the-win-academy.breezy.hr/
urbana,urbana,https://urbana.breezy.hr/
ct-united-fc,ct-united-fc,https://ct-united-fc.breezy.hr/
jdee-transport-services,jdee-transport-services,https://jdee-transport-services.breezy.hr/
jefferson-county-communications-center-authority,jefferson-county-communications-center-authority,https://jefferson-county-communications-center-authority.breezy.hr/
mg-digital-recruiting,mg-digital-recruiting,https://mg-digital-recruiting.breezy.hr/
payquad,payquad,https://payquad.breezy.hr/
kolbert-building,kolbert-building,https://kolbert-building.breezy.hr/
re-fab,re-fab,https://re-fab.breezy.hr/
vald,vald,https://vald.breezy.hr/
factal,factal,https://factal.breezy.hr/
law-of-the-jungle,law-of-the-jungle,https://law-of-the-jungle.breezy.hr/
linksbridge,linksbridge,https://linksbridge.breezy.hr/
vitalcheck-wellness,vitalcheck-wellness,https://vitalcheck-wellness.breezy.hr/
lovisa-llc,lovisa-llc,https://lovisa-llc.breezy.hr/
patrianna,patrianna,https://patrianna.breezy.hr/
sunstar-clinical-pllc,sunstar-clinical-pllc,https://sunstar-clinical-pllc.breezy.hr/
eok-consults-inc,eok-consults-inc,https://eok-consults-inc.breezy.hr/
img,img,https://img.breezy.hr/
mechanism,mechanism,https://mechanism.breezy.hr/
prodev,prodev,https://prodev.breezy.hr/
small-improvements,small-improvements,https://small-improvements.breezy.hr/
gideon300,gideon300,https://gideon300.breezy.hr/
magnified-vacations-llc,magnified-vacations-llc,https://magnified-vacations-llc.breezy.hr/
nacelle,nacelle,https://nacelle.breezy.hr/
runa-hr,runa-hr,https://runa-hr.breezy.hr/
banyan,banyan,https://banyan.breezy.hr/
bonfire-technologies-llc,bonfire-technologies-llc,https://bonfire-technologies-llc.breezy.hr/
flybondi,flybondi,https://flybondi.breezy.hr/
liki-brand,liki-brand,https://liki-brand.breezy.hr/
bluebit-networks-llc,bluebit-networks-llc,https://bluebit-networks-llc.breezy.hr/
the-sports-edit,the-sports-edit,https://the-sports-edit.breezy.hr/
infinite,infinite,https://infinite.breezy.hr/
onehealth,onehealth,https://onehealth.breezy.hr/
unifin-inc,unifin-inc,https://unifin-inc.breezy.hr/
zendar,zendar,https://zendar.breezy.hr/
elgin-math-science-academy,elgin-math-science-academy,https://elgin-math-science-academy.breezy.hr/
fastship-co,fastship-co,https://fastship-co.breezy.hr/
safe-passage-project-corporation,safe-passage-project-corporation,https://safe-passage-project-corporation.breezy.hr/
sd-solutions,sd-solutions,https://sd-solutions.breezy.hr/
telecomnetworks,telecomnetworks,https://telecomnetworks.breezy.hr/
yodl,yodl,https://yodl.breezy.hr/
betterpool,betterpool,https://betterpool.breezy.hr/
kaleo-supports,kaleo-supports,https://kaleo-supports.breezy.hr/
cyber-advisors,cyber-advisors,https://cyber-advisors.breezy.hr/
dev-partners-philippines,dev-partners-philippines,https://dev-partners-philippines.breezy.hr/
special-olympics-of-washington,special-olympics-of-washington,https://special-olympics-of-washington.breezy.hr/
syrah-resources-ltd,syrah-resources-ltd,https://syrah-resources-ltd.breezy.hr/
the-tustin-group,the-tustin-group,https://the-tustin-group.breezy.hr/
beatclub-inc,beatclub-inc,https://beatclub-inc.breezy.hr/
homebuys-inc,homebuys-inc,https://homebuys-inc.breezy.hr/
ic-automation,ic-automation,https://ic-automation.breezy.hr/
athletes-global,athletes-global,https://athletes-global.breezy.hr/
launch-potato,launch-potato,https://launch-potato.breezy.hr/
spark-power,spark-power,https://spark-power.breezy.hr/
the-asprey-group,the-asprey-group,https://the-asprey-group.breezy.hr/
the-church-of-the-incarnation,the-church-of-the-incarnation,https://the-church-of-the-incarnation.breezy.hr/
agriterra-equipment,agriterra-equipment,https://agriterra-equipment.breezy.hr/
share-local-media,share-local-media,https://share-local-media.breezy.hr/
the-garden-foundation,the-garden-foundation,https://the-garden-foundation.breezy.hr/
alconost-inc,alconost-inc,https://alconost-inc.breezy.hr/
icstars,icstars,https://icstars.breezy.hr/
electro-polish-co,electro-polish-co,https://electro-polish-co.breezy.hr/
nqapia,nqapia,https://nqapia.breezy.hr/
planleave,planleave,https://planleave.breezy.hr/
circle-s-studio,circle-s-studio,https://circle-s-studio.breezy.hr/
garner-foods,garner-foods,https://garner-foods.breezy.hr/
kuda,kuda,https://kuda.breezy.hr/
sparc-the-world,sparc-the-world,https://sparc-the-world.breezy.hr/
stream,stream,https://stream.breezy.hr/
qps-works,qps-works,https://qps-works.breezy.hr/
tuva,tuva,https://tuva.breezy.hr/
ultrahealth-agency,ultrahealth-agency,https://ultrahealth-agency.breezy.hr/
bullseye-strategy,bullseye-strategy,https://bullseye-strategy.breezy.hr/
11sigma,11sigma,https://11sigma.breezy.hr/
dapi,dapi,https://dapi.breezy.hr/
hotelrunner,hotelrunner,https://hotelrunner.breezy.hr/
kitsap-economic-development-alliance,kitsap-economic-development-alliance,https://kitsap-economic-development-alliance.breezy.hr/
bitninja-technologies-zrt,bitninja-technologies-zrt,https://bitninja-technologies-zrt.breezy.hr/
chalkline-sports,chalkline-sports,https://chalkline-sports.breezy.hr/
creative-spirit,creative-spirit,https://creative-spirit.breezy.hr/
naturecan-careers,naturecan-careers,https://naturecan-careers.breezy.hr/
ourritual,ourritual,https://ourritual.breezy.hr/
endossed,endossed,https://endossed.breezy.hr/
federal-public-defender-western-district-of-texas,federal-public-defender-western-district-of-texas,https://federal-public-defender-western-district-of-texas.breezy.hr/
small-world,small-world,https://small-world.breezy.hr/
beta-bionics-inc,beta-bionics-inc,https://beta-bionics-inc.breezy.hr/
insultech,insultech,https://insultech.breezy.hr/
kae-marketing-intelligence-ltd,kae-marketing-intelligence-ltd,https://kae-marketing-intelligence-ltd.breezy.hr/
linnworks,linnworks,https://linnworks.breezy.hr/
ifixit,ifixit,https://ifixit.breezy.hr/
onehope,onehope,https://onehope.breezy.hr/
2ulaundry,2ulaundry,https://2ulaundry.breezy.hr/
celer-network-5d8f644bd292,celer-network-5d8f644bd292,https://celer-network-5d8f644bd292.breezy.hr/
protein,protein,https://protein.breezy.hr/
strata-g-llc,strata-g-llc,https://strata-g-llc.breezy.hr/
crossroads-talent-solutions-llc,crossroads-talent-solutions-llc,https://crossroads-talent-solutions-llc.breezy.hr/
huddex,huddex,https://huddex.breezy.hr/
bothouniversity,bothouniversity,https://bothouniversity.breezy.hr/
gatherly,gatherly,https://gatherly.breezy.hr/
margaret-w-wong-associates,margaret-w-wong-associates,https://margaret-w-wong-associates.breezy.hr/
noze,noze,https://noze.breezy.hr/
snappycx,snappycx,https://snappycx.breezy.hr/
bad-marketing,bad-marketing,https://bad-marketing.breezy.hr/
canvs,canvs,https://canvs.breezy.hr/
lifespicecareers,lifespicecareers,https://lifespicecareers.breezy.hr/
smartmobilefactory,smartmobilefactory,https://smartmobilefactory.breezy.hr/
wavetronix,wavetronix,https://wavetronix.breezy.hr/
good-life-sorted-ff4b273f1f17,good-life-sorted-ff4b273f1f17,https://good-life-sorted-ff4b273f1f17.breezy.hr/
stg,stg,https://stg.breezy.hr/
alkyme,alkyme,https://alkyme.breezy.hr/
council-for-professional-recognition,council-for-professional-recognition,https://council-for-professional-recognition.breezy.hr/
finance-new-orleans,finance-new-orleans,https://finance-new-orleans.breezy.hr/
alphanumeric-systems,alphanumeric-systems,https://alphanumeric-systems.breezy.hr/
idesign,idesign,https://idesign.breezy.hr/
boldceo,boldceo,https://boldceo.breezy.hr/
movnhealth,movnhealth,https://movnhealth.breezy.hr/
peggy-notebaert-nature-museum,peggy-notebaert-nature-museum,https://peggy-notebaert-nature-museum.breezy.hr/
24-hour-medical-staffing-services,24-hour-medical-staffing-services,https://24-hour-medical-staffing-services.breezy.hr/
clain,clain,https://clain.breezy.hr/
criticaleye-europe-ltd,criticaleye-europe-ltd,https://criticaleye-europe-ltd.breezy.hr/
uptech,uptech,https://uptech.breezy.hr/
kryptoscape,kryptoscape,https://kryptoscape.breezy.hr/
novlr,novlr,https://novlr.breezy.hr/
vinoly-llc,vinoly-llc,https://vinoly-llc.breezy.hr/
alloy,alloy,https://alloy.breezy.hr/
delivery-solutions,delivery-solutions,https://delivery-solutions.breezy.hr/
ondewo,ondewo,https://ondewo.breezy.hr/
commonwealth-institute,commonwealth-institute,https://commonwealth-institute.breezy.hr/
sam-s-fun-city,sam-s-fun-city,https://sam-s-fun-city.breezy.hr/
onceit,onceit,https://onceit.breezy.hr/
atlanta-cycling,atlanta-cycling,https://atlanta-cycling.breezy.hr/
benchmark-space-systems-inc,benchmark-space-systems-inc,https://benchmark-space-systems-inc.breezy.hr/
klika-doo-sarajevo,klika-doo-sarajevo,https://klika-doo-sarajevo.breezy.hr/
motobyo,motobyo,https://motobyo.breezy.hr/
parkar,parkar,https://parkar.breezy.hr/
prima,prima,https://prima.breezy.hr/
accredible,accredible,https://accredible.breezy.hr/
cause-concierge,cause-concierge,https://cause-concierge.breezy.hr/
ds2,ds2,https://ds2.breezy.hr/
fairing,fairing,https://fairing.breezy.hr/
jitjatjo,jitjatjo,https://jitjatjo.breezy.hr/
prime-coalition,prime-coalition,https://prime-coalition.breezy.hr/
smallpartsinc,smallpartsinc,https://smallpartsinc.breezy.hr/
dockyard,dockyard,https://dockyard.breezy.hr/
speedwell-construction,speedwell-construction,https://speedwell-construction.breezy.hr/
dura-software,dura-software,https://dura-software.breezy.hr/
moburst,moburst,https://moburst.breezy.hr/
mtheory,mtheory,https://mtheory.breezy.hr/
sfr3,sfr3,https://sfr3.breezy.hr/
klay-media,klay-media,https://klay-media.breezy.hr/
northland-area-fcu,northland-area-fcu,https://northland-area-fcu.breezy.hr/
signallamp-health,signallamp-health,https://signallamp-health.breezy.hr/
asian-pacific-islander-legal-outreach,asian-pacific-islander-legal-outreach,https://asian-pacific-islander-legal-outreach.breezy.hr/
dose-health,dose-health,https://dose-health.breezy.hr/
wattx,wattx,https://wattx.breezy.hr/
akt,akt,https://akt.breezy.hr/
entia,entia,https://entia.breezy.hr/
m-e-b-alliance-for-educator-diversity,m-e-b-alliance-for-educator-diversity,https://m-e-b-alliance-for-educator-diversity.breezy.hr/
progressnow,progressnow,https://progressnow.breezy.hr/
reamcare,reamcare,https://reamcare.breezy.hr/
trailmix,trailmix,https://trailmix.breezy.hr/
aimpoint-digital,aimpoint-digital,https://aimpoint-digital.breezy.hr/
leforce-event-group,leforce-event-group,https://leforce-event-group.breezy.hr/
luminary-digital,luminary-digital,https://luminary-digital.breezy.hr/
sallve,sallve,https://sallve.breezy.hr/
goodcents,goodcents,https://goodcents.breezy.hr/
holt-accelerator,holt-accelerator,https://holt-accelerator.breezy.hr/
rainforest,rainforest,https://rainforest.breezy.hr/
stqry,stqry,https://stqry.breezy.hr/
voyagu,voyagu,https://voyagu.breezy.hr/
careers-hankooktire,careers-hankooktire,https://careers-hankooktire.breezy.hr/
respond-io,respond-io,https://respond-io.breezy.hr/
simple-healthkit,simple-healthkit,https://simple-healthkit.breezy.hr/
tharsus,tharsus,https://tharsus.breezy.hr/
inigo,inigo,https://inigo.breezy.hr/
l-a-gauge,l-a-gauge,https://l-a-gauge.breezy.hr/
panic-inc,panic-inc,https://panic-inc.breezy.hr/
zeno-power,zeno-power,https://zeno-power.breezy.hr/
official-sales-tips,official-sales-tips,https://official-sales-tips.breezy.hr/
ciyis-llc,ciyis-llc,https://ciyis-llc.breezy.hr/
lineleader,lineleader,https://lineleader.breezy.hr/
offwego,offwego,https://offwego.breezy.hr/
playbook-engineering,playbook-engineering,https://playbook-engineering.breezy.hr/
vuka-collective,vuka-collective,https://vuka-collective.breezy.hr/
excel-mining-llc,excel-mining-llc,https://excel-mining-llc.breezy.hr/
american-coatings-association,american-coatings-association,https://american-coatings-association.breezy.hr/
everspring-inc,everspring-inc,https://everspring-inc.breezy.hr/
senesco-marine,senesco-marine,https://senesco-marine.breezy.hr/
luxury-living,luxury-living,https://luxury-living.breezy.hr/
ta-monroe,ta-monroe,https://ta-monroe.breezy.hr/
teal,teal,https://teal.breezy.hr/
the-streamable,the-streamable,https://the-streamable.breezy.hr/
alabama-oncology,alabama-oncology,https://alabama-oncology.breezy.hr/
andonovo,andonovo,https://andonovo.breezy.hr/
dedicated-it,dedicated-it,https://dedicated-it.breezy.hr/
pearce-bevill-leesburg-moore-pc,pearce-bevill-leesburg-moore-pc,https://pearce-bevill-leesburg-moore-pc.breezy.hr/
prismatic,prismatic,https://prismatic.breezy.hr/
unfold,unfold,https://unfold.breezy.hr/
acumen-strategic-consulting-inc,acumen-strategic-consulting-inc,https://acumen-strategic-consulting-inc.breezy.hr/
avy,avy,https://avy.breezy.hr/
first-priority-manufacturing,first-priority-manufacturing,https://first-priority-manufacturing.breezy.hr/
loot-labs,loot-labs,https://loot-labs.breezy.hr/
canvus-inc,canvus-inc,https://canvus-inc.breezy.hr/
cary-institute-of-ecosystem-studies,cary-institute-of-ecosystem-studies,https://cary-institute-of-ecosystem-studies.breezy.hr/
hr-studio-pty-ltd,hr-studio-pty-ltd,https://hr-studio-pty-ltd.breezy.hr/
muddy-sneakers,muddy-sneakers,https://muddy-sneakers.breezy.hr/
sifi,sifi,https://sifi.breezy.hr/
snx,snx,https://snx.breezy.hr/
signal-group,signal-group,https://signal-group.breezy.hr/
the-swim-squad,the-swim-squad,https://the-swim-squad.breezy.hr/
actionable-co,actionable-co,https://actionable-co.breezy.hr/
beech-valley-solutions,beech-valley-solutions,https://beech-valley-solutions.breezy.hr/
chainalytics,chainalytics,https://chainalytics.breezy.hr/
docomo-innovations-inc,docomo-innovations-inc,https://docomo-innovations-inc.breezy.hr/
gokada,gokada,https://gokada.breezy.hr/
cube-dev,cube-dev,https://cube-dev.breezy.hr/
lexlegis,lexlegis,https://lexlegis.breezy.hr/
open-bionics,open-bionics,https://open-bionics.breezy.hr/
prisma-international,prisma-international,https://prisma-international.breezy.hr/
wekudo-tech-inc,wekudo-tech-inc,https://wekudo-tech-inc.breezy.hr/
welink,welink,https://welink.breezy.hr/
bikewalkkc,bikewalkkc,https://bikewalkkc.breezy.hr/
chatfuel,chatfuel,https://chatfuel.breezy.hr/
christopher-o-keeffe-cpa-llc,christopher-o-keeffe-cpa-llc,https://christopher-o-keeffe-cpa-llc.breezy.hr/
karen-clark-company,karen-clark-company,https://karen-clark-company.breezy.hr/
r-a-miller-industries-inc-33ad0025d526,r-a-miller-industries-inc-33ad0025d526,https://r-a-miller-industries-inc-33ad0025d526.breezy.hr/
glocalzone,glocalzone,https://glocalzone.breezy.hr/
lifeblue,lifeblue,https://lifeblue.breezy.hr/
nw-softwash-llc,nw-softwash-llc,https://nw-softwash-llc.breezy.hr/
skipcart,skipcart,https://skipcart.breezy.hr/
ssg-mexico,ssg-mexico,https://ssg-mexico.breezy.hr/
actims,actims,https://actims.breezy.hr/
diasyst,diasyst,https://diasyst.breezy.hr/
karriererakete-gmbh,karriererakete-gmbh,https://karriererakete-gmbh.breezy.hr/
north-point-ministries,north-point-ministries,https://north-point-ministries.breezy.hr/
opus-training,opus-training,https://opus-training.breezy.hr/
shrimp-shack-seafood-kitchen,shrimp-shack-seafood-kitchen,https://shrimp-shack-seafood-kitchen.breezy.hr/
tie-bar,tie-bar,https://tie-bar.breezy.hr/
answeraide,answeraide,https://answeraide.breezy.hr/
bridgepoint-bible,bridgepoint-bible,https://bridgepoint-bible.breezy.hr/
texas-campaign-for-the-environment,texas-campaign-for-the-environment,https://texas-campaign-for-the-environment.breezy.hr/
visits,visits,https://visits.breezy.hr/
storyco,storyco,https://storyco.breezy.hr/
kinatrax,kinatrax,https://kinatrax.breezy.hr/
nucleusteq,nucleusteq,https://nucleusteq.breezy.hr/
ripemetrics,ripemetrics,https://ripemetrics.breezy.hr/
subtext,subtext,https://subtext.breezy.hr/
etel-transformers,etel-transformers,https://etel-transformers.breezy.hr/
national-mortgage-field-services,national-mortgage-field-services,https://national-mortgage-field-services.breezy.hr/
open-door-legal,open-door-legal,https://open-door-legal.breezy.hr/
ton-foundation,ton-foundation,https://ton-foundation.breezy.hr/
usa-radio,usa-radio,https://usa-radio.breezy.hr/
glean-analytics-inc,glean-analytics-inc,https://glean-analytics-inc.breezy.hr/
mt-vernon-transfer-terminal-llc,mt-vernon-transfer-terminal-llc,https://mt-vernon-transfer-terminal-llc.breezy.hr/
transak-inc,transak-inc,https://transak-inc.breezy.hr/
cold-iron-studios,cold-iron-studios,https://cold-iron-studios.breezy.hr/
edens-construction-company,edens-construction-company,https://edens-construction-company.breezy.hr/
entertainment-district,entertainment-district,https://entertainment-district.breezy.hr/
govos,govos,https://govos.breezy.hr/
unitarian-universalist-association,unitarian-universalist-association,https://unitarian-universalist-association.breezy.hr/
acceleration-capital,acceleration-capital,https://acceleration-capital.breezy.hr/
apex-network-limited,apex-network-limited,https://apex-network-limited.breezy.hr/
marex,marex,https://marex.breezy.hr/
puzzle-cats,puzzle-cats,https://puzzle-cats.breezy.hr/
adoc-tm,adoc-tm,https://adoc-tm.breezy.hr/
amazingco,amazingco,https://amazingco.breezy.hr/
proven,proven,https://proven.breezy.hr/
resultslab,resultslab,https://resultslab.breezy.hr/
alt-assets-inc,alt-assets-inc,https://alt-assets-inc.breezy.hr/
city-report-inc,city-report-inc,https://city-report-inc.breezy.hr/
krutham,krutham,https://krutham.breezy.hr/
pico-california,pico-california,https://pico-california.breezy.hr/
tovanah-analytics,tovanah-analytics,https://tovanah-analytics.breezy.hr/
courted,courted,https://courted.breezy.hr/
doublecloud,doublecloud,https://doublecloud.breezy.hr/
walkingtours,walkingtours,https://walkingtours.breezy.hr/
founder-s-cpa,founder-s-cpa,https://founder-s-cpa.breezy.hr/
map-international,map-international,https://map-international.breezy.hr/
poseidon,poseidon,https://poseidon.breezy.hr/
crg,crg,https://crg.breezy.hr/
decerna,decerna,https://decerna.breezy.hr/
hickey-global,hickey-global,https://hickey-global.breezy.hr/
mate-academy,mate-academy,https://mate-academy.breezy.hr/
sistem-tutoring-agency,sistem-tutoring-agency,https://sistem-tutoring-agency.breezy.hr/
techloy,techloy,https://techloy.breezy.hr/
veridic-solutions,veridic-solutions,https://veridic-solutions.breezy.hr/
internet-freedom-foundation,internet-freedom-foundation,https://internet-freedom-foundation.breezy.hr/
practicepro-365,practicepro-365,https://practicepro-365.breezy.hr/
viva-creative,viva-creative,https://viva-creative.breezy.hr/
appointedd,appointedd,https://appointedd.breezy.hr/
harlem-lacrosse,harlem-lacrosse,https://harlem-lacrosse.breezy.hr/
kaleidocode,kaleidocode,https://kaleidocode.breezy.hr/
cbds,cbds,https://cbds.breezy.hr/
wearlinq,wearlinq,https://wearlinq.breezy.hr/
allegorithmic,allegorithmic,https://allegorithmic.breezy.hr/
antidote,antidote,https://antidote.breezy.hr/
b2spin,b2spin,https://b2spin.breezy.hr/
cromwell-architects-engineers-inc-e1e86af4125f,cromwell-architects-engineers-inc-e1e86af4125f,https://cromwell-architects-engineers-inc-e1e86af4125f.breezy.hr/
decent,decent,https://decent.breezy.hr/
exit-factor,exit-factor,https://exit-factor.breezy.hr/
fairsquare,fairsquare,https://fairsquare.breezy.hr/
kare,kare,https://kare.breezy.hr/
melodyarc,melodyarc,https://melodyarc.breezy.hr/
moser-consulting,moser-consulting,https://moser-consulting.breezy.hr/
nurturecare,nurturecare,https://nurturecare.breezy.hr/
servy,servy,https://servy.breezy.hr/
my-naturi,my-naturi,https://my-naturi.breezy.hr/
pixel-service--consulting-srl,pixel-service--consulting-srl,https://pixel-service--consulting-srl.breezy.hr/
software-secured,software-secured,https://software-secured.breezy.hr/
tri3inc,tri3inc,https://tri3inc.breezy.hr/
adaptiq,adaptiq,https://adaptiq.breezy.hr/
agileone,agileone,https://agileone.breezy.hr/
global-fund-for-children,global-fund-for-children,https://global-fund-for-children.breezy.hr/
kaniksu-community-health,kaniksu-community-health,https://kaniksu-community-health.breezy.hr/
raptor-maps,raptor-maps,https://raptor-maps.breezy.hr/
northline-seafoods,northline-seafoods,https://northline-seafoods.breezy.hr/
true-digital-group,true-digital-group,https://true-digital-group.breezy.hr/
wilhelm,wilhelm,https://wilhelm.breezy.hr/
advanced-crypto-services-inc,advanced-crypto-services-inc,https://advanced-crypto-services-inc.breezy.hr/
citizen-pilates,citizen-pilates,https://citizen-pilates.breezy.hr/
citizen-schools,citizen-schools,https://citizen-schools.breezy.hr/
zl-technologies-inc,zl-technologies-inc,https://zl-technologies-inc.breezy.hr/
endurance-industries,endurance-industries,https://endurance-industries.breezy.hr/
kv-software,kv-software,https://kv-software.breezy.hr/
ten-fifteen,ten-fifteen,https://ten-fifteen.breezy.hr/
aviron,aviron,https://aviron.breezy.hr/
community-dental-partners,community-dental-partners,https://community-dental-partners.breezy.hr/
insiten,insiten,https://insiten.breezy.hr/
alltrade-industrial-contractors,alltrade-industrial-contractors,https://alltrade-industrial-contractors.breezy.hr/
bluebird-barbecue,bluebird-barbecue,https://bluebird-barbecue.breezy.hr/
connect2bpo-sas,connect2bpo-sas,https://connect2bpo-sas.breezy.hr/
defendify,defendify,https://defendify.breezy.hr/
young-basile,young-basile,https://young-basile.breezy.hr/
ktc,ktc,https://ktc.breezy.hr/
my-doctor-medical-group,my-doctor-medical-group,https://my-doctor-medical-group.breezy.hr/
absolute-labs,absolute-labs,https://absolute-labs.breezy.hr/
finova,finova,https://finova.breezy.hr/
issac-corp,issac-corp,https://issac-corp.breezy.hr/
kayhan,kayhan,https://kayhan.breezy.hr/
arangodb,arangodb,https://arangodb.breezy.hr/
new-riff-distillery,new-riff-distillery,https://new-riff-distillery.breezy.hr/
nock-deighton,nock-deighton,https://nock-deighton.breezy.hr/
philanthropy-northwest,philanthropy-northwest,https://philanthropy-northwest.breezy.hr/
counterplay-games-inc,counterplay-games-inc,https://counterplay-games-inc.breezy.hr/
divadance,divadance,https://divadance.breezy.hr/
global-channel-management-inc,global-channel-management-inc,https://global-channel-management-inc.breezy.hr/
kelsus-inc,kelsus-inc,https://kelsus-inc.breezy.hr/
klubi,klubi,https://klubi.breezy.hr/
health-vision,health-vision,https://health-vision.breezy.hr/
leverageit,leverageit,https://leverageit.breezy.hr/
smith-crown,smith-crown,https://smith-crown.breezy.hr/
temporaires-d-ete,temporaires-d-ete,https://temporaires-d-ete.breezy.hr/
ailo,ailo,https://ailo.breezy.hr/
bothar-inc,bothar-inc,https://bothar-inc.breezy.hr/
circolo,circolo,https://circolo.breezy.hr/
conservis,conservis,https://conservis.breezy.hr/
joe-jr-landscapes,joe-jr-landscapes,https://joe-jr-landscapes.breezy.hr/
mapon,mapon,https://mapon.breezy.hr/
vawaa,vawaa,https://vawaa.breezy.hr/
streetwise-partners,streetwise-partners,https://streetwise-partners.breezy.hr/
