ats,tenant,url,jobs
personio,1nce,1nce.jobs.personio.com,17
personio,7nxt-gmbh,7nxt-gmbh.jobs.personio.com,4
personio,1xinternet,1xinternet.jobs.personio.com,0
personio,1komma5grad,1komma5grad.jobs.personio.com,316
personio,aap-joints-gmbh,aap-joints-gmbh.jobs.personio.com,0
personio,abbey-capital-limited,abbey-capital-limited.jobs.personio.com,0
personio,21x,21x.jobs.personio.com,4
personio,abl,abl.jobs.personio.com,3
personio,accure,accure.jobs.personio.com,3
personio,a4g,a4g.jobs.personio.com,5
personio,accounto-ag,accounto-ag.jobs.personio.com,1
personio,abt-sportsline-gmbh,abt-sportsline-gmbh.jobs.personio.com,9
personio,act,act.jobs.personio.com,3
personio,aciturri,aciturri.jobs.personio.com,3
personio,7assets,7assets.jobs.personio.com,1
personio,abtis,abtis.jobs.personio.com,2
personio,7play,7play.jobs.personio.com,2
personio,acto,acto.jobs.personio.com,6
personio,accurids-gmbh,accurids-gmbh.jobs.personio.com,1
personio,acker,acker.jobs.personio.com,3
personio,59engineers,59engineers.jobs.personio.com,1
personio,adelphi,adelphi.jobs.personio.com,2
personio,addland,addland.jobs.personio.com,0
personio,adameve,adameve.jobs.personio.com,6
personio,adhoc,adhoc.jobs.personio.com,0
personio,accscale,accscale.jobs.personio.com,2
personio,adbaker-gmbh,adbaker-gmbh.jobs.personio.com,19
personio,activation,activation.jobs.personio.com,3
personio,acaps,acaps.jobs.personio.com,0
personio,add,add.jobs.personio.com,3
personio,about-source-gmbh,about-source-gmbh.jobs.personio.com,2
personio,acme,acme.jobs.personio.com,3
personio,ace,ace.jobs.personio.com,0
personio,adtractive,adtractive.jobs.personio.com,0
personio,adeor,adeor.jobs.personio.com,3
personio,ado,ado.jobs.personio.com,0
personio,advoscale,advoscale.jobs.personio.com,3
personio,adn,adn.jobs.personio.com,15
personio,aesir,aesir.jobs.personio.com,11
personio,additiv,additiv.jobs.personio.com,0
personio,ada,ada.jobs.personio.com,1
personio,admi,admi.jobs.personio.com,3
personio,ads,ads.jobs.personio.com,43
personio,afilio,afilio.jobs.personio.com,4
personio,adstrive,adstrive.jobs.personio.com,1
personio,afc-gruppe,afc-gruppe.jobs.personio.com,27
personio,ahead-gmbh,ahead-gmbh.jobs.personio.com,12
personio,agentur-frau-wenk-gmbh,agentur-frau-wenk-gmbh.jobs.personio.com,3
personio,aif,aif.jobs.personio.com,1
personio,321med,321med.jobs.personio.com,4
personio,ahead,ahead.jobs.personio.com,1
personio,agora-thinktanks,agora-thinktanks.jobs.personio.com,7
personio,alen-space,alen-space.jobs.personio.com,0
personio,advancis,advancis.jobs.personio.com,11
personio,aihr,aihr.jobs.personio.com,4
personio,alchemy,alchemy.jobs.personio.com,1
personio,akm,akm.jobs.personio.com,9
personio,aimplas,aimplas.jobs.personio.com,13
personio,ahi,ahi.jobs.personio.com,3
personio,aiperia,aiperia.jobs.personio.com,1
personio,aixemtec-gmbh,aixemtec-gmbh.jobs.personio.com,0
personio,allane,allane.jobs.personio.com,28
personio,aionbank,aionbank.jobs.personio.com,82
personio,alhr,alhr.jobs.personio.com,2
personio,aivan-oy,aivan-oy.jobs.personio.com,4
personio,allgaeubatterie,allgaeubatterie.jobs.personio.com,3
personio,aloha-living-immobilien,aloha-living-immobilien.jobs.personio.com,2
personio,almanac-hotels,almanac-hotels.jobs.personio.com,4
personio,adragos-leipzig,adragos-leipzig.jobs.personio.com,2
personio,aleno,aleno.jobs.personio.com,4
personio,aliceandbob,aliceandbob.jobs.personio.com,3
personio,altura,altura.jobs.personio.com,3
personio,allabouthrlaw,allabouthrlaw.jobs.personio.com,0
personio,all4cloud,all4cloud.jobs.personio.com,2
personio,albaberlin,albaberlin.jobs.personio.com,9
personio,amacuro,amacuro.jobs.personio.com,0
personio,algol-consulting,algol-consulting.jobs.personio.com,3
personio,amiqus,amiqus.jobs.personio.com,1
personio,ailylabs,ailylabs.jobs.personio.com,34
personio,ampere,ampere.jobs.personio.com,6
personio,alewijnse,alewijnse.jobs.personio.com,2
personio,amsilk,amsilk.jobs.personio.com,2
personio,albert-rauch-gmbh,albert-rauch-gmbh.jobs.personio.com,3
personio,ambifox,ambifox.jobs.personio.com,5
personio,allgeier-inovar-gmbh,allgeier-inovar-gmbh.jobs.personio.com,12
personio,allunity,allunity.jobs.personio.com,1
personio,alleo,alleo.jobs.personio.com,1
personio,alphatrans,alphatrans.jobs.personio.com,4
personio,ama,ama.jobs.personio.com,0
personio,amx,amx.jobs.personio.com,1
personio,ane,ane.jobs.personio.com,5
personio,altagramgroup,altagramgroup.jobs.personio.com,9
personio,angiogenesis,angiogenesis.jobs.personio.com,0
personio,alliantis,alliantis.jobs.personio.com,8
personio,anavia,anavia.jobs.personio.com,20
personio,andersinnovations,andersinnovations.jobs.personio.com,3
personio,anglian-dental-1,anglian-dental-1.jobs.personio.com,2
personio,alteos,alteos.jobs.personio.com,4
personio,aok-connect,aok-connect.jobs.personio.com,1
personio,angela,angela.jobs.personio.com,3
personio,apartool,apartool.jobs.personio.com,1
personio,aonic,aonic.jobs.personio.com,4
personio,appliedai,appliedai.jobs.personio.com,4
personio,antares-consulting-1,antares-consulting-1.jobs.personio.com,2
personio,apryl,apryl.jobs.personio.com,3
personio,angsa-robotics,angsa-robotics.jobs.personio.com,0
personio,architus,architus.jobs.personio.com,3
personio,apm,apm.jobs.personio.com,2
personio,arcteam,arcteam.jobs.personio.com,3
personio,apc-ag,apc-ag.jobs.personio.com,12
personio,apron,apron.jobs.personio.com,3
personio,arctorians,arctorians.jobs.personio.com,1
personio,arcual,arcual.jobs.personio.com,0
personio,architrave,architrave.jobs.personio.com,2
personio,arconsis,arconsis.jobs.personio.com,4
personio,ariadne,ariadne.jobs.personio.com,3
personio,ares,ares.jobs.personio.com,2
personio,arktura-bv-1,arktura-bv-1.jobs.personio.com,3
personio,arku-maschinenbau-gmbh,arku-maschinenbau-gmbh.jobs.personio.com,1
personio,arsenal,arsenal.jobs.personio.com,1
personio,aperitivos-snack,aperitivos-snack.jobs.personio.com,4
personio,artefact,artefact.jobs.personio.com,0
personio,artitree,artitree.jobs.personio.com,1
personio,aroundhome,aroundhome.jobs.personio.com,8
personio,anthony-gold-solicitors,anthony-gold-solicitors.jobs.personio.com,6
personio,arx,arx.jobs.personio.com,2
personio,aryza,aryza.jobs.personio.com,4
personio,ass,ass.jobs.personio.com,3
personio,arethia,arethia.jobs.personio.com,28
personio,asew,asew.jobs.personio.com,2
personio,astormueller-ag,astormueller-ag.jobs.personio.com,4
personio,atania,atania.jobs.personio.com,4
personio,athebio,athebio.jobs.personio.com,0
personio,askui-gmbh,askui-gmbh.jobs.personio.com,1
personio,athereon,athereon.jobs.personio.com,3
personio,atheneum,atheneum.jobs.personio.com,5
personio,atlantica-agrcola-s-a,atlantica-agrcola-s-a.jobs.personio.com,8
personio,atlantis,atlantis.jobs.personio.com,3
personio,atlas,atlas.jobs.personio.com,10
personio,arua,arua.jobs.personio.com,2
personio,atrevia,atrevia.jobs.personio.com,2
personio,arndt-automobile-gmbh-1,arndt-automobile-gmbh-1.jobs.personio.com,49
personio,atrain-gmbh,atrain-gmbh.jobs.personio.com,4
personio,arvana,arvana.jobs.personio.com,5
personio,atipik-sa,atipik-sa.jobs.personio.com,2
personio,aurora,aurora.jobs.personio.com,4
personio,astrafy,astrafy.jobs.personio.com,8
personio,avance,avance.jobs.personio.com,1
personio,auvaria,auvaria.jobs.personio.com,4
personio,avega,avega.jobs.personio.com,16
personio,augprien,augprien.jobs.personio.com,21
personio,atletica,atletica.jobs.personio.com,4
personio,avidly-design-bu,avidly-design-bu.jobs.personio.com,1
personio,avidly,avidly.jobs.personio.com,0
personio,avimedical,avimedical.jobs.personio.com,3
personio,aware,aware.jobs.personio.com,0
personio,avp,avp.jobs.personio.com,0
personio,axicom,axicom.jobs.personio.com,0
personio,avian,avian.jobs.personio.com,3
personio,authilde,authilde.jobs.personio.com,40
personio,axon-partners-group,axon-partners-group.jobs.personio.com,0
personio,atc,atc.jobs.personio.com,4
personio,augenblick-rheinland,augenblick-rheinland.jobs.personio.com,13
personio,ayra,ayra.jobs.personio.com,3
personio,avenit-ag,avenit-ag.jobs.personio.com,12
personio,avan,avan.jobs.personio.com,1
personio,b2x,b2x.jobs.personio.com,0
personio,axonivy,axonivy.jobs.personio.com,0
personio,auxmoney-gmbh,auxmoney-gmbh.jobs.personio.com,10
personio,b-edgile,b-edgile.jobs.personio.com,4
personio,b-plus,b-plus.jobs.personio.com,16
personio,automation-consultants-ltd,automation-consultants-ltd.jobs.personio.com,6
personio,audibene,audibene.jobs.personio.com,2
personio,baqend,baqend.jobs.personio.com,4
personio,barents,barents.jobs.personio.com,0
personio,baechlein,baechlein.jobs.personio.com,3
personio,balltec,balltec.jobs.personio.com,2
personio,banxware,banxware.jobs.personio.com,4
personio,ba-tax-gmbh,ba-tax-gmbh.jobs.personio.com,8
personio,bakerman,bakerman.jobs.personio.com,4
personio,barth,barth.jobs.personio.com,5
personio,awsi,awsi.jobs.personio.com,11
personio,basis,basis.jobs.personio.com,0
personio,bamboo,bamboo.jobs.personio.com,0
personio,avow,avow.jobs.personio.com,6
personio,bbb,bbb.jobs.personio.com,3
personio,batene,batene.jobs.personio.com,2
personio,bartenbach,bartenbach.jobs.personio.com,7
personio,baan-dek,baan-dek.jobs.personio.com,9
personio,bbe,bbe.jobs.personio.com,3
personio,beaglesystems,beaglesystems.jobs.personio.com,1
personio,beducated,beducated.jobs.personio.com,1
personio,baseit,baseit.jobs.personio.com,26
personio,baupal-gmbh,baupal-gmbh.jobs.personio.com,4
personio,bbl-brockdorff-rgmbh-1,bbl-brockdorff-rgmbh-1.jobs.personio.com,19
personio,berylls,berylls.jobs.personio.com,0
personio,baramundi-software-ag,baramundi-software-ag.jobs.personio.com,12
personio,besserzuhause,besserzuhause.jobs.personio.com,5
personio,bettermarks,bettermarks.jobs.personio.com,4
personio,become-1-gmbh,become-1-gmbh.jobs.personio.com,5
personio,bds,bds.jobs.personio.com,3
personio,bcmm,bcmm.jobs.personio.com,9
personio,betterdoc,betterdoc.jobs.personio.com,2
personio,bedrop,bedrop.jobs.personio.com,9
personio,becanex,becanex.jobs.personio.com,3
personio,bex-technologies-gmbh,bex-technologies-gmbh.jobs.personio.com,1
personio,bertram,bertram.jobs.personio.com,16
personio,beweglichmacher,beweglichmacher.jobs.personio.com,14
personio,bentley,bentley.jobs.personio.com,10
personio,bewunder,bewunder.jobs.personio.com,25
personio,berdin,berdin.jobs.personio.com,3
personio,bayern-kapital-gmbh,bayern-kapital-gmbh.jobs.personio.com,2
personio,basecamp,basecamp.jobs.personio.de,4
personio,birch,birch.jobs.personio.com,3
personio,bis,bis.jobs.personio.com,20
personio,bidx,bidx.jobs.personio.com,0
personio,bergauer-ag,bergauer-ag.jobs.personio.com,5
personio,betterbusiness,betterbusiness.jobs.personio.com,0
personio,bioweg,bioweg.jobs.personio.com,6
personio,bezahlexperten,bezahlexperten.jobs.personio.com,0
personio,bital,bital.jobs.personio.com,2
personio,biesterfeld,biesterfeld.jobs.personio.com,14
personio,bimani,bimani.jobs.personio.com,2
personio,bitbang,bitbang.jobs.personio.com,1
personio,bisly,bisly.jobs.personio.com,4
personio,bkd,bkd.jobs.personio.com,6
personio,bglobaltech,bglobaltech.jobs.personio.com,16
personio,bigpoint,bigpoint.jobs.personio.de,2
personio,becker-buettner-held-partgmbb-1,becker-buettner-held-partgmbb-1.jobs.personio.com,77
personio,bks,bks.jobs.personio.com,0
personio,bib,bib.jobs.personio.com,4
personio,bison-polymers-gmbh,bison-polymers-gmbh.jobs.personio.com,10
personio,betty,betty.jobs.personio.com,3
personio,bbz,bbz.jobs.personio.com,7
personio,bikeleasing,bikeleasing.jobs.personio.com,10
personio,bitwala,bitwala.jobs.personio.com,0
personio,blaum,blaum.jobs.personio.com,1
personio,bkvibro,bkvibro.jobs.personio.com,2
personio,bhu,bhu.jobs.personio.com,3
personio,biteam,biteam.jobs.personio.com,5
personio,bls,bls.jobs.personio.com,1
personio,blickfeld,blickfeld.jobs.personio.com,4
personio,blue-marine-foundation,blue-marine-foundation.jobs.personio.com,1
personio,bitvavo,bitvavo.jobs.personio.com,0
personio,bloop,bloop.jobs.personio.com,0
personio,bluewave-group,bluewave-group.jobs.personio.com,0
personio,berner-augenklinik,berner-augenklinik.jobs.personio.com,2
personio,bmr,bmr.jobs.personio.com,0
personio,bkta,bkta.jobs.personio.com,3
personio,blueworld,blueworld.jobs.personio.com,2
personio,bolt,bolt.jobs.personio.com,0
personio,boardwise,boardwise.jobs.personio.com,5
personio,blackroll,blackroll.jobs.personio.com,4
personio,blockrise,blockrise.jobs.personio.com,1
personio,blueocean-technologies-gmbh,blueocean-technologies-gmbh.jobs.personio.com,5
personio,bmk,bmk.jobs.personio.com,6
personio,bluecode,bluecode.jobs.personio.com,3
personio,boost-group,boost-group.jobs.personio.com,4
personio,bmp-greengas-gmbh,bmp-greengas-gmbh.jobs.personio.com,0
personio,blu,blu.jobs.personio.com,3
personio,bongfish,bongfish.jobs.personio.de,1
personio,bounce-insights,bounce-insights.jobs.personio.com,2
personio,botz,botz.jobs.personio.com,2
personio,bonify,bonify.jobs.personio.com,4
personio,booming-games,booming-games.jobs.personio.com,5
personio,brandl-talos,brandl-talos.jobs.personio.com,5
personio,brett-wilson-llp,brett-wilson-llp.jobs.personio.com,2
personio,brainproducts,brainproducts.jobs.personio.com,1
personio,bringliesel,bringliesel.jobs.personio.com,3
personio,brightcapital,brightcapital.jobs.personio.com,3
personio,boschen-it-investments,boschen-it-investments.jobs.personio.com,5
personio,bremer-gewuerzhandel4,bremer-gewuerzhandel4.jobs.personio.com,4
personio,boyens-medien,boyens-medien.jobs.personio.com,5
personio,brandung,brandung.jobs.personio.com,10
personio,brunner-blum-gmbh,brunner-blum-gmbh.jobs.personio.com,1
personio,brumaire,brumaire.jobs.personio.com,3
personio,brooklyn-fitboxing,brooklyn-fitboxing.jobs.personio.com,3
personio,britishrowing,britishrowing.jobs.personio.com,0
personio,bryx,bryx.jobs.personio.com,0
personio,bryck,bryck.jobs.personio.com,1
personio,bto-consultora-digital-sl,bto-consultora-digital-sl.jobs.personio.com,1
personio,buerklin-gmbh-co-kg,buerklin-gmbh-co-kg.jobs.personio.com,3
personio,buildarocket,buildarocket.jobs.personio.com,4
personio,brunathelabel,brunathelabel.jobs.personio.com,4
personio,bodensteiner-gruppe,bodensteiner-gruppe.jobs.personio.com,21
personio,bunch,bunch.jobs.personio.com,3
personio,buschgroup,buschgroup.jobs.personio.com,1
personio,bsc-education,bsc-education.jobs.personio.com,0
personio,buff,buff.jobs.personio.com,4
personio,bitcap,bitcap.jobs.personio.com,5
personio,bucher-group,bucher-group.jobs.personio.com,21
personio,buildhollywood,buildhollywood.jobs.personio.com,7
personio,bust,bust.jobs.personio.com,5
personio,cadac-group,cadac-group.jobs.personio.com,9
personio,bullfinch,bullfinch.jobs.personio.com,1
personio,buss-group,buss-group.jobs.personio.com,12
personio,cadoganclinic,cadoganclinic.jobs.personio.com,7
personio,btv,btv.jobs.personio.com,5
personio,cal,cal.jobs.personio.com,0
personio,caely,caely.jobs.personio.com,11
personio,callsign,callsign.jobs.personio.com,3
personio,buddyhealthcare,buddyhealthcare.jobs.personio.com,1
personio,cafico-international,cafico-international.jobs.personio.com,1
personio,bund,bund.jobs.personio.com,2
personio,c1-green-chemicals-ag,c1-green-chemicals-ag.jobs.personio.com,3
personio,calumet,calumet.jobs.personio.com,19
personio,caphenia,caphenia.jobs.personio.com,4
personio,cabify,cabify.jobs.personio.com,3
personio,capmo,capmo.jobs.personio.com,10
personio,carbmee,carbmee.jobs.personio.com,7
personio,carbon,carbon.jobs.personio.com,0
personio,campus-fuer-christus-1,campus-fuer-christus-1.jobs.personio.com,24
personio,care-international-iraq,care-international-iraq.jobs.personio.com,2
personio,carbon-gap,carbon-gap.jobs.personio.com,1
personio,carbonfuture,carbonfuture.jobs.personio.com,0
personio,capera,capera.jobs.personio.com,8
personio,caravelo,caravelo.jobs.personio.com,1
personio,careloop,careloop.jobs.personio.com,8
personio,build38,build38.jobs.personio.com,0
personio,cartken,cartken.jobs.personio.com,4
personio,cardano-foundation,cardano-foundation.jobs.personio.com,1
personio,casavi,casavi.jobs.personio.com,1
personio,cambrium,cambrium.jobs.personio.com,3
personio,cascination-ag,cascination-ag.jobs.personio.com,2
personio,cas,cas.jobs.personio.com,8
personio,cbbhr,cbbhr.jobs.personio.com,5
personio,cathago,cathago.jobs.personio.com,1
personio,cargoboard,cargoboard.jobs.personio.com,10
personio,cba,cba.jobs.personio.com,6
personio,cellumation,cellumation.jobs.personio.com,4
personio,celsion,celsion.jobs.personio.com,1
personio,ceon,ceon.jobs.personio.com,3
personio,ccf,ccf.jobs.personio.com,4
personio,certify360,certify360.jobs.personio.com,68
personio,cashlink,cashlink.jobs.personio.com,2
personio,chc,chc.jobs.personio.com,3
personio,ch2,ch2.jobs.personio.com,0
personio,ces,ces.jobs.personio.com,19
personio,celonic-ag,celonic-ag.jobs.personio.com,2
personio,channable,channable.jobs.personio.com,1
personio,cenosco,cenosco.jobs.personio.com,12
personio,charlotte,charlotte.jobs.personio.com,4
personio,cinemo,cinemo.jobs.personio.com,4
personio,cerebricks,cerebricks.jobs.personio.com,12
personio,cardmarket,cardmarket.jobs.personio.com,1
personio,cellbricks-gmbh,cellbricks-gmbh.jobs.personio.com,0
personio,cello,cello.jobs.personio.com,2
personio,circus,circus.jobs.personio.com,10
personio,circle-economy,circle-economy.jobs.personio.com,0
personio,cleanglobestaffing,cleanglobestaffing.jobs.personio.com,2
personio,claimini-gmbh,claimini-gmbh.jobs.personio.com,5
personio,circle-health,circle-health.jobs.personio.com,0
personio,cleantechgroup,cleantechgroup.jobs.personio.com,0
personio,clicks,clicks.jobs.personio.com,18
personio,climate,climate.jobs.personio.com,1
personio,cisc,cisc.jobs.personio.com,0
personio,chupi,chupi.jobs.personio.com,1
personio,chrono24,chrono24.jobs.personio.com,15
personio,ckm-group,ckm-group.jobs.personio.com,6
personio,clidrive,clidrive.jobs.personio.com,2
personio,chesterton,chesterton.jobs.personio.com,2
personio,chp-gruppe,chp-gruppe.jobs.personio.com,24
personio,clockodo,clockodo.jobs.personio.com,1
personio,clacks,clacks.jobs.personio.com,0
personio,cloover,cloover.jobs.personio.com,12
personio,cmc,cmc.jobs.personio.com,5
personio,coeo-be,coeo-be.jobs.personio.com,2
personio,ciratum,ciratum.jobs.personio.com,0
personio,codegaia,codegaia.jobs.personio.com,1
personio,coffeecircle,coffeecircle.jobs.personio.com,4
personio,cocunat,cocunat.jobs.personio.com,11
personio,climate-farmers,climate-farmers.jobs.personio.com,0
personio,cognita,cognita.jobs.personio.com,0
personio,clyso-gmbh,clyso-gmbh.jobs.personio.com,5
personio,cofinity-x-gmbh,cofinity-x-gmbh.jobs.personio.com,1
personio,code,code.jobs.personio.com,6
personio,colorcompany-gmbh,colorcompany-gmbh.jobs.personio.com,6
personio,comx,comx.jobs.personio.com,1
personio,compay,compay.jobs.personio.com,2
personio,codex,codex.jobs.personio.com,1
personio,cloudfreunde,cloudfreunde.jobs.personio.com,1
personio,climate-policy-radar,climate-policy-radar.jobs.personio.com,1
personio,comparis-ch,comparis-ch.jobs.personio.com,4
personio,concentro-management-ag-1,concentro-management-ag-1.jobs.personio.com,8
personio,complexio,complexio.jobs.personio.com,1
personio,concular,concular.jobs.personio.com,2
personio,compare-my-move-1,compare-my-move-1.jobs.personio.com,0
personio,conditess,conditess.jobs.personio.com,12
personio,clark,clark.jobs.personio.com,3
personio,coinmerce,coinmerce.jobs.personio.com,7
personio,connectad-demand-gmbh,connectad-demand-gmbh.jobs.personio.com,0
personio,cinify,cinify.jobs.personio.com,1
personio,codex-partners,codex-partners.jobs.personio.com,4
personio,compipower-gmbh,compipower-gmbh.jobs.personio.com,4
personio,contentserv,contentserv.jobs.personio.com,0
personio,climatepartner-gmbh,climatepartner-gmbh.jobs.personio.com,8
personio,consist,consist.jobs.personio.com,12
personio,continum,continum.jobs.personio.com,2
personio,coriolis,coriolis.jobs.personio.com,5
personio,cosmonautsandkings,cosmonautsandkings.jobs.personio.com,1
personio,connect,connect.jobs.personio.com,5
personio,cosine,cosine.jobs.personio.com,8
personio,cotinga,cotinga.jobs.personio.com,2
personio,cosphatec,cosphatec.jobs.personio.com,1
personio,count-cooper,count-cooper.jobs.personio.com,14
personio,covermanager,covermanager.jobs.personio.com,1
personio,crate-io,crate-io.jobs.personio.com,1
personio,cptx,cptx.jobs.personio.com,1
personio,consimo,consimo.jobs.personio.com,2
personio,creolytix,creolytix.jobs.personio.com,0
personio,constellation-academy,constellation-academy.jobs.personio.com,4
personio,cptr,cptr.jobs.personio.com,3
personio,crunchr,crunchr.jobs.personio.com,1
personio,cropster,cropster.jobs.personio.com,1
personio,croftstone,croftstone.jobs.personio.com,0
personio,consultinghouse,consultinghouse.jobs.personio.com,3
personio,cosuno,cosuno.jobs.personio.com,1
personio,ct-accountants,ct-accountants.jobs.personio.com,2
personio,credo,credo.jobs.personio.com,2
personio,csz,csz.jobs.personio.com,6
personio,cylib-gmbh,cylib-gmbh.jobs.personio.com,0
personio,ctrl-qs,ctrl-qs.jobs.personio.com,5
personio,cybercurriculum,cybercurriculum.jobs.personio.com,3
personio,daalab,daalab.jobs.personio.com,0
personio,cycle0,cycle0.jobs.personio.com,6
personio,cyberpeace-institute,cyberpeace-institute.jobs.personio.com,0
personio,cristina-oria-sl,cristina-oria-sl.jobs.personio.com,10
personio,cronofy,cronofy.jobs.personio.com,2
personio,current,current.jobs.personio.com,3
personio,damian,damian.jobs.personio.com,3
personio,cwsi,cwsi.jobs.personio.com,3
personio,cyens-centre-of-excellence,cyens-centre-of-excellence.jobs.personio.com,23
personio,cusp-capital-partners-gmbh,cusp-capital-partners-gmbh.jobs.personio.com,0
personio,daniel,daniel.jobs.personio.com,3
personio,cyber-valley-gmbh,cyber-valley-gmbh.jobs.personio.com,0
personio,cybus-gmbh,cybus-gmbh.jobs.personio.com,7
personio,datacrunch,datacrunch.jobs.personio.com,0
personio,danbro,danbro.jobs.personio.com,1
personio,daphos,daphos.jobs.personio.com,1
personio,data-space-solutions-gmbh,data-space-solutions-gmbh.jobs.personio.com,1
personio,crisalix-labs-slu,crisalix-labs-slu.jobs.personio.com,8
personio,dataforce,dataforce.jobs.personio.com,0
personio,dataunit,dataunit.jobs.personio.com,3
personio,dawg,dawg.jobs.personio.com,0
personio,daa,daa.jobs.personio.com,3
personio,comstruct,comstruct.jobs.personio.com,0
personio,dayone,dayone.jobs.personio.com,3
personio,cradle,cradle.jobs.personio.com,0
personio,culami,culami.jobs.personio.com,3
personio,dataciders,dataciders.jobs.personio.com,24
personio,dco,dco.jobs.personio.com,0
personio,dbwv,dbwv.jobs.personio.com,8
personio,cuno,cuno.jobs.personio.com,9
personio,ddbm,ddbm.jobs.personio.com,0
personio,dedicom,dedicom.jobs.personio.com,1
personio,ddl,ddl.jobs.personio.com,3
personio,datamaran,datamaran.jobs.personio.com,12
personio,cube-green-energy-topco-ltd,cube-green-energy-topco-ltd.jobs.personio.com,4
personio,deep,deep.jobs.personio.com,3
personio,deeploi,deeploi.jobs.personio.com,0
personio,cyan,cyan.jobs.personio.com,2
personio,dbi,dbi.jobs.personio.com,3
personio,de-group,de-group.jobs.personio.com,9
personio,deepset,deepset.jobs.personio.com,0
personio,deepspin-gmbh,deepspin-gmbh.jobs.personio.com,2
personio,cuculus-gmbh,cuculus-gmbh.jobs.personio.com,6
personio,dbs,dbs.jobs.personio.com,11
personio,deck13,deck13.jobs.personio.com,1
personio,demcode,demcode.jobs.personio.com,0
personio,dee,dee.jobs.personio.com,0
personio,deltia-ai,deltia-ai.jobs.personio.com,0
personio,ddock,ddock.jobs.personio.com,3
personio,deepup,deepup.jobs.personio.com,2
personio,deephealth,deephealth.jobs.personio.com,0
personio,delphos-1,delphos-1.jobs.personio.com,5
personio,cyted,cyted.jobs.personio.com,4
personio,depoly,depoly.jobs.personio.com,4
personio,deus,deus.jobs.personio.com,3
personio,des,des.jobs.personio.com,0
personio,dekom-ag,dekom-ag.jobs.personio.com,9
personio,devagro,devagro.jobs.personio.com,4
personio,dfh,dfh.jobs.personio.com,3
personio,dgap,dgap.jobs.personio.com,3
personio,desotec,desotec.jobs.personio.com,30
personio,dgnb,dgnb.jobs.personio.com,6
personio,devanthro,devanthro.jobs.personio.com,1
personio,dhme,dhme.jobs.personio.com,28
personio,didit,didit.jobs.personio.com,3
personio,dgc,dgc.jobs.personio.com,0
personio,dge,dge.jobs.personio.com,3
personio,dia,dia.jobs.personio.com,3
personio,deskbird,deskbird.jobs.personio.com,11
personio,digital-growth-studio,digital-growth-studio.jobs.personio.com,4
personio,diggia-group,diggia-group.jobs.personio.com,10
personio,dida,dida.jobs.personio.com,5
personio,dina,dina.jobs.personio.com,5
personio,digital-smile-design,digital-smile-design.jobs.personio.com,0
personio,differentis,differentis.jobs.personio.com,0
personio,deutsche-hausverwaltung-plus-gmbh,deutsche-hausverwaltung-plus-gmbh.jobs.personio.com,35
personio,dlbt,dlbt.jobs.personio.com,0
personio,dlc,dlc.jobs.personio.com,3
personio,diprocon,diprocon.jobs.personio.com,1
personio,developx,developx.jobs.personio.com,4
personio,dlg,dlg.jobs.personio.com,0
personio,dm-financial,dm-financial.jobs.personio.com,7
personio,docestate,docestate.jobs.personio.com,3
personio,diusframi,diusframi.jobs.personio.com,21
personio,dom,dom.jobs.personio.com,3
personio,doo,doo.jobs.personio.com,1
personio,doqtor,doqtor.jobs.personio.com,2
personio,digital-cuisine,digital-cuisine.jobs.personio.com,2
personio,dfb,dfb.jobs.personio.com,11
personio,deromein-gmbh,deromein-gmbh.jobs.personio.com,15
personio,dieproduktmacher,dieproduktmacher.jobs.personio.com,0
personio,dosmatix-gmbh,dosmatix-gmbh.jobs.personio.com,2
personio,digistore24,digistore24.jobs.personio.com,2
personio,dmrz,dmrz.jobs.personio.com,10
personio,digit4u-bs,digit4u-bs.jobs.personio.com,12
personio,doughty-street-chambers,doughty-street-chambers.jobs.personio.com,0
personio,diana,diana.jobs.personio.com,4
personio,dots,dots.jobs.personio.com,0
personio,dod,dod.jobs.personio.com,3
personio,dptv,dptv.jobs.personio.com,2
personio,drekopf,drekopf.jobs.personio.com,11
personio,demicon,,9
personio,drc,drc.jobs.personio.com,2
personio,dsr-digital,dsr-digital.jobs.personio.com,0
personio,dtcp,dtcp.jobs.personio.com,3
personio,drz,drz.jobs.personio.com,3
personio,dynamix,dynamix.jobs.personio.com,10
personio,dsdw,dsdw.jobs.personio.com,3
personio,e-shelter-security,e-shelter-security.jobs.personio.com,21
personio,dslv,dslv.jobs.personio.com,2
personio,driveblocks,driveblocks.jobs.personio.com,5
personio,drk,drk.jobs.personio.com,19
personio,eagronom,eagronom.jobs.personio.com,3
personio,dsei-germany-gmbh,dsei-germany-gmbh.jobs.personio.com,6
personio,drimco,drimco.jobs.personio.com,3
personio,dpa,dpa.jobs.personio.com,18
personio,drsj,drsj.jobs.personio.com,3
personio,ebenbuild,ebenbuild.jobs.personio.com,1
personio,e2n,e2n.jobs.personio.com,5
personio,ecdb-gmbh-latest,ecdb-gmbh-latest.jobs.personio.com,5
personio,easy2cool-gmbh,easy2cool-gmbh.jobs.personio.com,10
personio,eb2,eb2.jobs.personio.com,14
personio,dot,dot.jobs.personio.com,3
personio,ecfr,ecfr.jobs.personio.com,2
personio,eatable-adventures,eatable-adventures.jobs.personio.com,3
personio,edb,edb.jobs.personio.com,3
personio,ecoligo,ecoligo.jobs.personio.com,0
personio,drip,drip.jobs.personio.com,1
personio,edgeless-systems,edgeless-systems.jobs.personio.com,1
personio,eduardo,eduardo.jobs.personio.com,3
personio,eds,eds.jobs.personio.com,1
personio,edl-consulting,edl-consulting.jobs.personio.com,5
personio,dunia,dunia.jobs.personio.com,16
personio,ecog,ecog.jobs.personio.com,8
personio,educationy,educationy.jobs.personio.com,2
personio,ecod,ecod.jobs.personio.com,0
personio,eckert-schulen,eckert-schulen.jobs.personio.com,53
personio,eerstelijnszorg-zoetermeer,eerstelijnszorg-zoetermeer.jobs.personio.com,25
personio,edyoucated,edyoucated.jobs.personio.com,1
personio,egm,egm.jobs.personio.com,0
personio,ecovery-gmbh,ecovery-gmbh.jobs.personio.com,2
personio,edri,edri.jobs.personio.com,7
personio,efeso-consulting-ab,efeso-consulting-ab.jobs.personio.com,1
personio,egroup,egroup.jobs.personio.com,0
personio,educarogroup,educarogroup.jobs.personio.com,1
personio,dubu,dubu.jobs.personio.com,3
personio,eidf,eidf.jobs.personio.com,2
personio,eigenblue,eigenblue.jobs.personio.com,2
personio,eict,eict.jobs.personio.com,0
personio,ehg,ehg.jobs.personio.com,4
personio,einar-partners,einar-partners.jobs.personio.com,0
personio,eila,eila.jobs.personio.com,7
personio,eeg,eeg.jobs.personio.com,8
personio,einwert,einwert.jobs.personio.com,2
personio,elainesworld,elainesworld.jobs.personio.com,4
personio,elaflex-group,elaflex-group.jobs.personio.com,7
personio,efa,efa.jobs.personio.com,1
personio,eleo-technologies,eleo-technologies.jobs.personio.com,4
personio,ecija,ecija.jobs.personio.com,8
personio,elearnio,elearnio.jobs.personio.com,3
personio,elgin-energy,elgin-energy.jobs.personio.com,6
personio,en-concept,en-concept.jobs.personio.com,2
personio,egym,egym.jobs.personio.com,43
personio,elkaso,elkaso.jobs.personio.com,3
personio,emnetworksgmbh,emnetworksgmbh.jobs.personio.com,2
personio,element61,element61.jobs.personio.com,11
personio,empit,empit.jobs.personio.com,19
personio,element,element.jobs.personio.com,0
personio,energy-infrastructure-partners-ag,energy-infrastructure-partners-ag.jobs.personio.com,3
personio,empn,empn.jobs.personio.com,3
personio,endlessindustries,endlessindustries.jobs.personio.com,6
personio,eddyson,eddyson.jobs.personio.com,12
personio,ellamind,ellamind.jobs.personio.com,0
personio,encoviva,encoviva.jobs.personio.com,20
personio,em-ag,em-ag.jobs.personio.com,16
personio,encory-gmbh,encory-gmbh.jobs.personio.com,9
personio,engitix-limited,engitix-limited.jobs.personio.com,3
personio,elxis,elxis.jobs.personio.com,2
personio,engelmann-sensor-gmbh,engelmann-sensor-gmbh.jobs.personio.com,11
personio,emin,emin.jobs.personio.com,3
personio,eneve,eneve.jobs.personio.com,3
personio,emc2,emc2.jobs.personio.com,6
personio,en-software,en-software.jobs.personio.com,1
personio,engomo,engomo.jobs.personio.com,9
personio,enovetic,enovetic.jobs.personio.com,9
personio,epa,epa.jobs.personio.com,1
personio,ep-equipment-europe,ep-equipment-europe.jobs.personio.com,3
personio,endeavour,endeavour.jobs.personio.com,7
personio,enkoeducation,enkoeducation.jobs.personio.com,3
personio,enopai,enopai.jobs.personio.com,3
personio,eno,eno.jobs.personio.com,0
personio,eor,eor.jobs.personio.com,3
personio,electrogenos,electrogenos.jobs.personio.com,7
personio,ercm,ercm.jobs.personio.com,3
personio,entityx,entityx.jobs.personio.com,3
personio,enpulsion,enpulsion.jobs.personio.com,8
personio,epme,epme.jobs.personio.com,0
personio,equada,equada.jobs.personio.com,8
personio,envelio,envelio.jobs.personio.com,21
personio,ergotopia,ergotopia.jobs.personio.com,3
personio,eschbach-europe,eschbach-europe.jobs.personio.com,3
personio,etf-foundation,etf-foundation.jobs.personio.com,0
personio,emuca,emuca.jobs.personio.com,4
personio,emil-group-gmbh,emil-group-gmbh.jobs.personio.com,13
personio,etops,etops.jobs.personio.com,7
personio,etg,etg.jobs.personio.com,3
personio,envolutions-gmbh,envolutions-gmbh.jobs.personio.com,5
personio,esentri,esentri.jobs.personio.com,0
personio,erste-hausverwaltung-gmbh,erste-hausverwaltung-gmbh.jobs.personio.com,31
personio,euronics,euronics.jobs.personio.com,0
personio,etac,etac.jobs.personio.com,4
personio,eshop-guide,eshop-guide.jobs.personio.com,8
personio,europcell,europcell.jobs.personio.com,7
personio,eseki-sal,eseki-sal.jobs.personio.com,3
personio,eurides,eurides.jobs.personio.com,0
personio,empower,empower.jobs.personio.com,3
personio,euroleague-entertainment-services-slu,euroleague-entertainment-services-slu.jobs.personio.com,5
personio,europ-assistance,europ-assistance.jobs.personio.com,7
personio,epi-use,epi-use.jobs.personio.com,35
personio,evdb,evdb.jobs.personio.com,0
personio,eurofunding,eurofunding.jobs.personio.com,6
personio,eurowings-holidays,eurowings-holidays.jobs.personio.com,0
personio,eucorail,eucorail.jobs.personio.com,7
personio,eraneos,eraneos.jobs.personio.com,23
personio,europaeische-rechtsakademie-trier,europaeische-rechtsakademie-trier.jobs.personio.com,3
personio,ern,ern.jobs.personio.com,2
personio,evita,evita.jobs.personio.com,2
personio,everbrent,everbrent.jobs.personio.com,1
personio,evidentiq,evidentiq.jobs.personio.com,6
personio,evulpo,evulpo.jobs.personio.com,1
personio,evro-physio,evro-physio.jobs.personio.com,3
personio,exmox-gmbh,exmox-gmbh.jobs.personio.com,11
personio,exccon,exccon.jobs.personio.com,5
personio,equal,equal.jobs.personio.com,3
personio,excellent-air,excellent-air.jobs.personio.com,2
personio,expondo,expondo.jobs.personio.com,2
personio,eurowings-digital,eurowings-digital.jobs.personio.com,4
personio,extoll-gmbh,extoll-gmbh.jobs.personio.com,3
personio,eyeparc,eyeparc.jobs.personio.com,0
personio,exporto,exporto.jobs.personio.com,4
personio,facelift,facelift.jobs.personio.com,0
personio,fach-digital,fach-digital.jobs.personio.com,5
personio,entrix,entrix.jobs.personio.com,16
personio,f-c-hansa-rostock,f-c-hansa-rostock.jobs.personio.com,12
personio,facturee,facturee.jobs.personio.com,7
personio,evofitness,evofitness.jobs.personio.com,4
personio,exnaton-ag,exnaton-ag.jobs.personio.com,1
personio,factory42,factory42.jobs.personio.com,2
personio,fadata-group,fadata-group.jobs.personio.com,10
personio,exolaunch,exolaunch.jobs.personio.com,7
personio,everience,everience.jobs.personio.com,6
personio,fairbanks,fairbanks.jobs.personio.com,0
personio,fairphone,fairphone.jobs.personio.com,2
personio,favorit,favorit.jobs.personio.com,7
personio,fairr-1,fairr-1.jobs.personio.com,3
personio,familie-redlich,familie-redlich.jobs.personio.com,9
personio,feather,feather.jobs.personio.com,0
personio,fdm-uk,fdm-uk.jobs.personio.com,0
personio,fbms,fbms.jobs.personio.com,3
personio,eyeo,eyeo.jobs.personio.com,0
personio,fan12,fan12.jobs.personio.com,2
personio,faceland,faceland.jobs.personio.com,67
personio,feld-m,feld-m.jobs.personio.com,2
personio,farmfin-gmbh,farmfin-gmbh.jobs.personio.com,4
personio,everphone,everphone.jobs.personio.com,7
personio,fem,fem.jobs.personio.com,3
personio,falstaff,falstaff.jobs.personio.com,15
personio,faversham-house,faversham-house.jobs.personio.com,0
personio,fema,fema.jobs.personio.com,3
personio,felfel,felfel.jobs.personio.com,11
personio,fairconsult-247-gmbh,fairconsult-247-gmbh.jobs.personio.com,5
personio,fev,fev.jobs.personio.com,0
personio,fhw,fhw.jobs.personio.com,0
personio,feldwerke,feldwerke.jobs.personio.com,8
personio,feverup,feverup.jobs.personio.com,3
personio,fastic-gmbh,fastic-gmbh.jobs.personio.com,0
personio,fact-finder,fact-finder.jobs.personio.com,7
personio,finatix-gmbh,finatix-gmbh.jobs.personio.com,3
personio,fgm,fgm.jobs.personio.com,3
personio,finexity-ag,finexity-ag.jobs.personio.com,3
personio,finsmart,finsmart.jobs.personio.com,0
personio,finn,finn.jobs.personio.com,0
personio,finoa,finoa.jobs.personio.com,5
personio,fiksuruokafoodello,fiksuruokafoodello.jobs.personio.com,1
personio,finvia,finvia.jobs.personio.com,2
personio,fiz,fiz.jobs.personio.com,2
personio,finstack,finstack.jobs.personio.com,0
personio,firstclimate,firstclimate.jobs.personio.com,8
personio,fgk-clinical-research-gmbh,fgk-clinical-research-gmbh.jobs.personio.com,1
personio,fleetster,fleetster.jobs.personio.com,2
personio,flexxi,flexxi.jobs.personio.com,0
personio,findling,findling.jobs.personio.com,3
personio,flow,flow.jobs.personio.com,5
personio,fireboard,fireboard.jobs.personio.com,0
personio,filu-gmbh,filu-gmbh.jobs.personio.com,58
personio,flh,flh.jobs.personio.com,8
personio,flexidao,flexidao.jobs.personio.com,2
personio,flowprime,flowprime.jobs.personio.com,2
personio,floy,floy.jobs.personio.com,4
personio,finizio,finizio.jobs.personio.com,7
personio,flowit-ag,flowit-ag.jobs.personio.com,1
personio,flowfox,flowfox.jobs.personio.com,3
personio,flybotix,flybotix.jobs.personio.com,4
personio,fle,fle.jobs.personio.com,6
personio,flossbach-von-storch-ag,flossbach-von-storch-ag.jobs.personio.com,17
personio,fntio,fntio.jobs.personio.com,0
personio,fnly,fnly.jobs.personio.com,1
personio,exb,exb.jobs.personio.com,2
personio,foodforecast,foodforecast.jobs.personio.com,5
personio,flowhaven,flowhaven.jobs.personio.com,0
personio,fostec-company,fostec-company.jobs.personio.com,8
personio,forward,forward.jobs.personio.com,3
personio,framos,framos.jobs.personio.com,6
personio,franz,franz.jobs.personio.com,5
personio,framer,framer.jobs.personio.com,2
personio,flexa,flexa.jobs.personio.com,14
personio,firestart-gmbh,firestart-gmbh.jobs.personio.com,5
personio,focuseconomics,focuseconomics.jobs.personio.com,2
personio,frmwrk,frmwrk.jobs.personio.com,1
personio,fsc,fsc.jobs.personio.com,11
personio,fleetfox,fleetfox.jobs.personio.com,2
personio,frp,frp.jobs.personio.com,4
personio,foodgeniuslabs,foodgeniuslabs.jobs.personio.com,3
personio,fvm,fvm.jobs.personio.com,5
personio,functional,functional.jobs.personio.com,1
personio,fvdz,fvdz.jobs.personio.com,0
personio,ftm,ftm.jobs.personio.com,5
personio,fourvenues,fourvenues.jobs.personio.com,8
personio,frohraum,frohraum.jobs.personio.com,2
personio,fritz,fritz.jobs.personio.com,1
personio,gastroflow,gastroflow.jobs.personio.com,0
personio,fxxl-feld-gmbh,fxxl-feld-gmbh.jobs.personio.com,16
personio,frommer-legal,frommer-legal.jobs.personio.com,3
personio,gav,gav.jobs.personio.com,0
personio,fourplex,fourplex.jobs.personio.com,3
personio,franzrosa,franzrosa.jobs.personio.com,2
personio,gauss,gauss.jobs.personio.com,1
personio,gasser-partner,gasser-partner.jobs.personio.com,15
personio,fresh,fresh.jobs.personio.com,3
personio,friends,friends.jobs.personio.com,6
personio,gdg,gdg.jobs.personio.com,0
personio,footking,footking.jobs.personio.com,3
personio,friendsurance,friendsurance.jobs.personio.com,3
personio,gdv,gdv.jobs.personio.com,0
personio,gct,gct.jobs.personio.com,3
personio,gebo,gebo.jobs.personio.com,3
personio,gambit,gambit.jobs.personio.com,83
personio,geiri-europe-gmbh,geiri-europe-gmbh.jobs.personio.com,3
personio,gemma,gemma.jobs.personio.com,0
personio,frankfurter-bankgesellschaft,frankfurter-bankgesellschaft.jobs.personio.com,12
personio,fsd,fsd.jobs.personio.com,1
personio,fundi-bots,fundi-bots.jobs.personio.com,0
personio,gestalt-robotics,gestalt-robotics.jobs.personio.com,0
personio,gestalten,gestalten.jobs.personio.com,1
personio,gesundde,gesundde.jobs.personio.com,2
personio,genow,genow.jobs.personio.com,1
personio,friendlycaptcha,friendlycaptcha.jobs.personio.com,3
personio,get-e,get-e.jobs.personio.com,8
personio,gcsinsight,gcsinsight.jobs.personio.com,2
personio,gfp,gfp.jobs.personio.com,2
personio,genuport-trade-gmbh,genuport-trade-gmbh.jobs.personio.com,5
personio,giftify,giftify.jobs.personio.com,3
personio,giata,giata.jobs.personio.com,1
personio,ggh-heidelberg,ggh-heidelberg.jobs.personio.com,6
personio,giga,giga.jobs.personio.com,0
personio,gfos,gfos.jobs.personio.com,6
personio,gbc-gruppe,gbc-gruppe.jobs.personio.com,24
personio,ginkgo,ginkgo.jobs.personio.com,3
personio,git,git.jobs.personio.com,1
personio,gip,gip.jobs.personio.com,3
personio,gkl,gkl.jobs.personio.com,3
personio,glacier,glacier.jobs.personio.com,3
personio,gliwa,gliwa.jobs.personio.com,2
personio,globalist,globalist.jobs.personio.com,3
personio,glasfaser-plus-gmbh,glasfaser-plus-gmbh.jobs.personio.com,9
personio,glow,glow.jobs.personio.com,3
personio,globeair,globeair.jobs.personio.com,0
personio,gff,gff.jobs.personio.com,3
personio,globaldatanet,globaldatanet.jobs.personio.com,1
personio,gel-express-logistik,gel-express-logistik.jobs.personio.com,22
personio,gmelius,gmelius.jobs.personio.com,0
personio,globus-ai,globus-ai.jobs.personio.com,1
personio,global-voices-ltd,global-voices-ltd.jobs.personio.com,8
personio,gidara-energy,gidara-energy.jobs.personio.com,0
personio,gmk,gmk.jobs.personio.com,2
personio,gnosis,gnosis.jobs.personio.com,2
personio,goldbach-austria-gmbh,goldbach-austria-gmbh.jobs.personio.com,0
personio,goc,goc.jobs.personio.com,2
personio,getjet,getjet.jobs.personio.com,13
personio,goodlord,goodlord.jobs.personio.com,0
personio,globalct,globalct.jobs.personio.com,19
personio,goalhanger,goalhanger.jobs.personio.com,3
personio,glyphic,glyphic.jobs.personio.com,2
personio,gocomo,gocomo.jobs.personio.com,10
personio,gopagroup,gopagroup.jobs.personio.com,8
personio,goldenstein-group,goldenstein-group.jobs.personio.com,0
personio,goreha,goreha.jobs.personio.com,10
personio,goya,goya.jobs.personio.com,0
personio,gptw-ag,gptw-ag.jobs.personio.com,1
personio,gptw,gptw.jobs.personio.com,2
personio,graswald-gmbh,graswald-gmbh.jobs.personio.com,1
personio,govradar,govradar.jobs.personio.com,5
personio,fmi,fmi.jobs.personio.com,16
personio,gpi,gpi.jobs.personio.com,1
personio,grabyo,grabyo.jobs.personio.com,1
personio,green-energy-3000-gmbh,green-energy-3000-gmbh.jobs.personio.com,1
personio,goal-systems,goal-systems.jobs.personio.com,1
personio,grau,grau.jobs.personio.com,2
personio,grandir,grandir.jobs.personio.com,21
personio,greenaccount,greenaccount.jobs.personio.com,0
personio,goodbytz,goodbytz.jobs.personio.com,13
personio,greenforce,greenforce.jobs.personio.com,3
personio,govtech,govtech.jobs.personio.com,10
personio,greatstaff-gmbh,greatstaff-gmbh.jobs.personio.com,1
personio,gresb,gresb.jobs.personio.com,0
personio,goingbeyond,goingbeyond.jobs.personio.com,43
personio,greenbone-ag,greenbone-ag.jobs.personio.com,4
personio,grayoak,grayoak.jobs.personio.com,10
personio,grantlift,grantlift.jobs.personio.com,3
personio,grupoenhol,grupoenhol.jobs.personio.com,21
personio,greenfieldtechnology,greenfieldtechnology.jobs.personio.com,1
personio,gtp-schaefer-gmbh,gtp-schaefer-gmbh.jobs.personio.com,4
personio,grow,grow.jobs.personio.com,3
personio,gti,gti.jobs.personio.com,3
personio,gtt,gtt.jobs.personio.com,3
personio,grips-energy,grips-energy.jobs.personio.com,0
personio,gsa,gsa.jobs.personio.com,3
personio,greenrock,greenrock.jobs.personio.com,1
personio,gpnz,gpnz.jobs.personio.com,52
personio,greenpeak,greenpeak.jobs.personio.com,5
personio,gubn,gubn.jobs.personio.com,3
personio,gutting,gutting.jobs.personio.com,3
personio,gvc2u,gvc2u.jobs.personio.de,1
personio,gutta,gutta.jobs.personio.com,3
personio,haddock,haddock.jobs.personio.com,2
personio,gridx,gridx.jobs.personio.com,10
personio,gzrr,gzrr.jobs.personio.com,3
personio,fxxl-franz-gmbh,fxxl-franz-gmbh.jobs.personio.com,30
personio,hades,hades.jobs.personio.com,4
personio,gro,gro.jobs.personio.com,10
personio,gwp,gwp.jobs.personio.com,7
personio,habanero-networks,habanero-networks.jobs.personio.com,3
personio,gruber,gruber.jobs.personio.com,13
personio,gsf,gsf.jobs.personio.com,0
personio,hameln-pharma,hameln-pharma.jobs.personio.com,4
personio,gus,gus.jobs.personio.com,20
personio,hanseranking,hanseranking.jobs.personio.com,0
personio,gwp-group,gwp-group.jobs.personio.com,5
personio,happeo,happeo.jobs.personio.com,3
personio,hagatec,hagatec.jobs.personio.com,3
personio,hanseyachtsag,hanseyachtsag.jobs.personio.com,2
personio,happybrush,happybrush.jobs.personio.com,4
personio,hairoboticseurope,hairoboticseurope.jobs.personio.com,9
personio,hanna,hanna.jobs.personio.com,3
personio,harren-group,harren-group.jobs.personio.com,15
personio,haebmau,haebmau.jobs.personio.com,11
personio,hartwig-medical-foundation,hartwig-medical-foundation.jobs.personio.com,0
personio,hatched-analytics,hatched-analytics.jobs.personio.com,2
personio,haut-ai,haut-ai.jobs.personio.com,4
personio,hasenkamp,hasenkamp.jobs.personio.com,13
personio,harmless-cic,harmless-cic.jobs.personio.com,0
personio,hck,hck.jobs.personio.com,2
personio,hce,hce.jobs.personio.com,3
personio,hcm,hcm.jobs.personio.com,1
personio,heat,heat.jobs.personio.com,3
personio,hea,hea.jobs.personio.com,2
personio,hbm,hbm.jobs.personio.com,10
personio,helin-data,helin-data.jobs.personio.com,0
personio,helloinside,helloinside.jobs.personio.com,1
personio,hba,hba.jobs.personio.com,0
personio,helloprint,helloprint.jobs.personio.com,3
personio,helpling,helpling.jobs.personio.com,2
personio,hepster,hepster.jobs.personio.com,2
personio,herdify,herdify.jobs.personio.com,4
personio,hbi,hbi.jobs.personio.com,2
personio,helu,helu.jobs.personio.com,2
personio,hexpol,hexpol.jobs.personio.com,3
personio,hector-kitchen,hector-kitchen.jobs.personio.com,5
personio,heydata-gmbh,heydata-gmbh.jobs.personio.com,0
personio,helbako,helbako.jobs.personio.com,1
personio,heycare,heycare.jobs.personio.com,0
personio,heytrade,heytrade.jobs.personio.com,0
personio,hexafarms,hexafarms.jobs.personio.com,4
personio,hellohola,hellohola.jobs.personio.com,0
personio,hfd,hfd.jobs.personio.com,0
personio,hfsw,hfsw.jobs.personio.com,5
personio,hermes,hermes.jobs.personio.com,3
personio,hintsa-performance,hintsa-performance.jobs.personio.com,1
personio,hive-robotics,hive-robotics.jobs.personio.com,2
personio,hirotec,hirotec.jobs.personio.com,11
personio,hlb,hlb.jobs.personio.com,4
personio,hms-networks,hms-networks.jobs.personio.com,1
personio,hmmc,hmmc.jobs.personio.com,3
personio,hogast,hogast.jobs.personio.com,9
personio,hoffmann-eitle,hoffmann-eitle.jobs.personio.com,11
personio,hmmh,hmmh.jobs.personio.com,4
personio,hofstaetter,hofstaetter.jobs.personio.com,2
personio,holo-light,holo-light.jobs.personio.de,4
personio,hmf,hmf.jobs.personio.com,3
personio,hishab,hishab.jobs.personio.com,5
personio,hiq,hiq.jobs.personio.com,6
personio,holocene-gmbh,holocene-gmbh.jobs.personio.com,2
personio,hirespace,hirespace.jobs.personio.com,4
personio,hilscher,hilscher.jobs.personio.com,8
personio,holy-technologies-gmbh,holy-technologies-gmbh.jobs.personio.com,5
personio,holzkern,holzkern.jobs.personio.com,10
personio,hattec,hattec.jobs.personio.com,11
personio,honora,honora.jobs.personio.com,2
personio,hoogland-spine-products-gmbh,hoogland-spine-products-gmbh.jobs.personio.com,5
personio,holyvolt,holyvolt.jobs.personio.com,1
personio,homaris,homaris.jobs.personio.com,8
personio,holmes-and-hills-llp,holmes-and-hills-llp.jobs.personio.com,12
personio,horntools,horntools.jobs.personio.com,3
personio,hoppe-marine-gmbh,hoppe-marine-gmbh.jobs.personio.com,9
personio,homify,homify.jobs.personio.com,14
personio,hongfa-europe-gmbh,hongfa-europe-gmbh.jobs.personio.com,13
personio,houseoftales,houseoftales.jobs.personio.com,3
personio,hpe,hpe.jobs.personio.com,2
personio,hseq,hseq.jobs.personio.com,7
personio,htjz,htjz.jobs.personio.com,3
personio,htl,htl.jobs.personio.com,3
personio,heinz-lackmann-gmbh-co-kg,heinz-lackmann-gmbh-co-kg.jobs.personio.com,24
personio,huber,huber.jobs.personio.com,11
personio,hotel-seeklause,hotel-seeklause.jobs.personio.com,16
personio,humanizing,humanizing.jobs.personio.com,3
personio,hundertserver,hundertserver.jobs.personio.com,1
personio,hvsg,hvsg.jobs.personio.com,0
personio,hxi,hxi.jobs.personio.com,3
personio,hrsolvia,hrsolvia.jobs.personio.com,4
personio,humanocare,humanocare.jobs.personio.com,28
personio,hydrogrid,hydrogrid.jobs.personio.com,1
personio,hxx,hxx.jobs.personio.com,2
personio,hyntelo,hyntelo.jobs.personio.com,6
personio,hygh,hygh.jobs.personio.com,5
personio,hvle,hvle.jobs.personio.com,4
personio,hrk,hrk.jobs.personio.com,3
personio,iam-cloud,iam-cloud.jobs.personio.com,1
personio,hum-systems-gmbh,hum-systems-gmbh.jobs.personio.com,12
personio,icscentre,icscentre.jobs.personio.com,1
personio,hws,hws.jobs.personio.com,73
personio,ieg,ieg.jobs.personio.com,0
personio,impi,impi.jobs.personio.com,3
personio,impacthubvienna,impacthubvienna.jobs.personio.com,1
personio,igroove,igroove.jobs.personio.com,1
personio,igaming,igaming.jobs.personio.com,0
personio,ifunds,ifunds.jobs.personio.com,3
personio,igel,igel.jobs.personio.com,4
personio,imaxxam,imaxxam.jobs.personio.com,13
personio,idenergy,idenergy.jobs.personio.com,4
personio,ilias-solutions,ilias-solutions.jobs.personio.com,14
personio,impossible-founders-ggmbh,impossible-founders-ggmbh.jobs.personio.com,3
personio,implify,implify.jobs.personio.com,3
personio,igtp,igtp.jobs.personio.com,8
personio,igk,igk.jobs.personio.com,3
personio,id1,id1.jobs.personio.com,2
personio,hype-holding-gmbh,hype-holding-gmbh.jobs.personio.com,3
personio,i3d-net,i3d-net.jobs.personio.com,0
personio,improving,improving.jobs.personio.com,4
personio,incantis,incantis.jobs.personio.com,1
personio,implico-gmbh,implico-gmbh.jobs.personio.com,18
personio,increnta,increnta.jobs.personio.com,0
personio,hyimpulse-technologies-gmbh,hyimpulse-technologies-gmbh.jobs.personio.com,15
personio,icongroup-gmbh,icongroup-gmbh.jobs.personio.de,0
personio,indusys,indusys.jobs.personio.com,2
personio,informatec,informatec.jobs.personio.com,0
personio,insurwave,insurwave.jobs.personio.com,0
personio,infiniteroots,infiniteroots.jobs.personio.com,3
personio,inf,inf.jobs.personio.com,2
personio,innoactive,innoactive.jobs.personio.de,0
personio,hypertegrity,hypertegrity.jobs.personio.com,0
personio,indibit,indibit.jobs.personio.com,5
personio,iba-ag,iba-ag.jobs.personio.com,12
personio,inexogy,inexogy.jobs.personio.com,10
personio,index-soft,index-soft.jobs.personio.com,4
personio,indivi,indivi.jobs.personio.com,2
personio,intelli-eng,intelli-eng.jobs.personio.com,3
personio,infopro-digital,infopro-digital.jobs.personio.com,3
personio,interactiveai,interactiveai.jobs.personio.com,4
personio,interlink,interlink.jobs.personio.com,11
personio,institut-montana,institut-montana.jobs.personio.com,2
personio,invesdor,invesdor.jobs.personio.com,0
personio,inbrain-neuroelectronics,inbrain-neuroelectronics.jobs.personio.com,9
personio,iakw,iakw.jobs.personio.com,2
personio,invenio-real-estate,invenio-real-estate.jobs.personio.com,4
personio,integral,integral.jobs.personio.com,15
personio,internations,internations.jobs.personio.com,2
personio,id-ware,id-ware.jobs.personio.com,5
personio,invacon-dialog-gmbh,invacon-dialog-gmbh.jobs.personio.com,3
personio,ioew,ioew.jobs.personio.com,2
personio,insights,insights.jobs.personio.com,3
personio,innatera,innatera.jobs.personio.com,0
personio,informa-consultores-1,informa-consultores-1.jobs.personio.com,24
personio,iota-foundation,iota-foundation.jobs.personio.com,0
personio,ioki-gmbh,ioki-gmbh.jobs.personio.com,0
personio,innovant,innovant.jobs.personio.com,3
personio,iomx,iomx.jobs.personio.com,1
personio,inyad,inyad.jobs.personio.com,23
personio,iplabs,iplabs.jobs.personio.com,1
personio,invest-nao,invest-nao.jobs.personio.com,1
personio,ionity-gmbh,ionity-gmbh.jobs.personio.com,13
personio,ipg-automotive-gmbh,ipg-automotive-gmbh.jobs.personio.com,6
personio,ipo,ipo.jobs.personio.com,3
personio,ipos,ipos.jobs.personio.com,1
personio,ippf,ippf.jobs.personio.com,3
personio,iqm,iqm.jobs.personio.com,3
personio,intigriti,intigriti.jobs.personio.com,12
personio,ireckonu,ireckonu.jobs.personio.com,4
personio,ironforge,ironforge.jobs.personio.com,12
personio,island-collective,island-collective.jobs.personio.com,1
personio,isarsoft,isarsoft.jobs.personio.com,2
personio,irs,irs.jobs.personio.com,3
personio,ip-dynamics-gmbh,ip-dynamics-gmbh.jobs.personio.com,40
personio,itsr,itsr.jobs.personio.com,0
personio,isptech,isptech.jobs.personio.com,5
personio,isl,isl.jobs.personio.com,0
personio,isolutions,isolutions.jobs.personio.com,18
personio,ivt-ag,ivt-ag.jobs.personio.com,2
personio,jad,jad.jobs.personio.com,3
personio,jagdfeld-gruppe,jagdfeld-gruppe.jobs.personio.com,4
personio,iternity-gmbh,iternity-gmbh.jobs.personio.com,2
personio,izs,izs.jobs.personio.com,3
personio,iscc-system-gmbh,iscc-system-gmbh.jobs.personio.com,20
personio,jmd,jmd.jobs.personio.com,0
personio,impower,impower.jobs.personio.com,15
personio,join-capital,join-capital.jobs.personio.com,0
personio,ibms,ibms.jobs.personio.com,3
personio,johnson-hana,johnson-hana.jobs.personio.com,0
personio,jobleads,jobleads.jobs.personio.com,3
personio,jonathan,jonathan.jobs.personio.com,3
personio,join,join.jobs.personio.com,2
personio,jinx-music,jinx-music.jobs.personio.com,10
personio,joinpolitics,joinpolitics.jobs.personio.com,4
personio,jess,jess.jobs.personio.com,5
personio,japan-house-london,japan-house-london.jobs.personio.com,3
personio,june,june.jobs.personio.com,0
personio,journaway-gmbh,journaway-gmbh.jobs.personio.com,0
personio,jpm,jpm.jobs.personio.com,2
personio,josh,josh.jobs.personio.com,3
personio,k7-music-gmbh,k7-music-gmbh.jobs.personio.com,0
personio,justhome,justhome.jobs.personio.com,3
personio,joy,joy.jobs.personio.com,5
personio,k15t,k15t.jobs.personio.com,3
personio,julius,julius.jobs.personio.com,5
personio,jobrad-oesterreich-gmbh,jobrad-oesterreich-gmbh.jobs.personio.com,1
personio,keeb,keeb.jobs.personio.com,3
personio,keelvar,keelvar.jobs.personio.com,1
personio,journey-travel,journey-travel.jobs.personio.com,3
personio,juit,juit.jobs.personio.com,3
personio,kaer,kaer.jobs.personio.com,20
personio,kgs,kgs.jobs.personio.com,0
personio,kellerhals-carrard,kellerhals-carrard.jobs.personio.com,20
personio,kdab,kdab.jobs.personio.com,3
personio,katkin,katkin.jobs.personio.com,4
personio,kinderwelt-hamburg,kinderwelt-hamburg.jobs.personio.com,16
personio,kibernetik-ag,kibernetik-ag.jobs.personio.com,6
personio,kdk,kdk.jobs.personio.com,0
personio,kaleidos,kaleidos.jobs.personio.com,1
personio,kcx,kcx.jobs.personio.com,19
personio,klu,klu.jobs.personio.com,6
personio,jtl-software-gmbh,jtl-software-gmbh.jobs.personio.com,17
personio,keyless-technologies,keyless-technologies.jobs.personio.com,1
personio,klara-fardiga-film,klara-fardiga-film.jobs.personio.com,5
personio,kiz,kiz.jobs.personio.com,3
personio,juhn-partner,juhn-partner.jobs.personio.com,3
personio,kemb,kemb.jobs.personio.com,0
personio,kbht,kbht.jobs.personio.com,28
personio,keep-northern-ireland-beautiful,keep-northern-ireland-beautiful.jobs.personio.com,0
personio,jungmut,jungmut.jobs.personio.com,3
personio,keye,keye.jobs.personio.com,3
personio,konzepthaus-consulting-gmbh,konzepthaus-consulting-gmbh.jobs.personio.com,3
personio,kiwi,kiwi.jobs.personio.com,2
personio,knoll,knoll.jobs.personio.com,43
personio,knowisag,knowisag.jobs.personio.com,1
personio,kraftblock,kraftblock.jobs.personio.com,2
personio,konux,konux.jobs.personio.com,0
personio,ketryx,ketryx.jobs.personio.com,0
personio,kobil,kobil.jobs.personio.com,3
personio,kms-team-gmbh,kms-team-gmbh.jobs.personio.com,5
personio,juvigo-gmbh,juvigo-gmbh.jobs.personio.com,20
personio,kollex,kollex.jobs.personio.com,2
personio,kinzo-architekten-gmbh,kinzo-architekten-gmbh.jobs.personio.com,1
personio,kiutra,kiutra.jobs.personio.com,4
personio,kps-software-gmbh,kps-software-gmbh.jobs.personio.com,3
personio,kickdown,kickdown.jobs.personio.com,3
personio,kitepower,kitepower.jobs.personio.com,0
personio,kaya,kaya.jobs.personio.com,3
personio,kleineskraftwerk,kleineskraftwerk.jobs.personio.com,7
personio,kabema,kabema.jobs.personio.com,3
personio,knott,knott.jobs.personio.com,18
personio,kruut,kruut.jobs.personio.com,0
personio,kyanhealth,kyanhealth.jobs.personio.com,1
personio,ktda,ktda.jobs.personio.com,3
personio,kipu-quantum,kipu-quantum.jobs.personio.com,1
personio,kevin,kevin.jobs.personio.com,3
personio,lakestar,lakestar.jobs.personio.com,1
personio,keuerleber-gmbh,keuerleber-gmbh.jobs.personio.com,4
personio,kzw,kzw.jobs.personio.com,2
personio,kraftwerk,kraftwerk.jobs.personio.com,3
personio,kolmargroup,kolmargroup.jobs.personio.com,0
personio,kit,kit.jobs.personio.com,3
personio,kooku,kooku.jobs.personio.com,2
personio,kwco,kwco.jobs.personio.com,3
personio,lalive-law,lalive-law.jobs.personio.com,7
personio,lantek,lantek.jobs.personio.com,5
personio,kwhc,kwhc.jobs.personio.com,3
personio,langdock,langdock.jobs.personio.com,3
personio,labor-quade,labor-quade.jobs.personio.com,3
personio,korthauer,korthauer.jobs.personio.com,13
personio,lcm,lcm.jobs.personio.com,2
personio,landohealth,landohealth.jobs.personio.com,1
personio,kosys,kosys.jobs.personio.com,1
personio,lazars,lazars.jobs.personio.com,1
personio,kyon-energy-gmbh,kyon-energy-gmbh.jobs.personio.com,13
personio,koch-solutions,koch-solutions.jobs.personio.com,3
personio,learningculture,learningculture.jobs.personio.com,8
personio,kultur-fuer-alle-ggmbh,kultur-fuer-alle-ggmbh.jobs.personio.com,6
personio,kreiosspace,kreiosspace.jobs.personio.com,8
personio,lhr,lhr.jobs.personio.com,2
personio,legalhero,legalhero.jobs.personio.com,16
personio,lavera,lavera.jobs.personio.com,29
personio,leitspalt,leitspalt.jobs.personio.com,2
personio,lanch,lanch.jobs.personio.com,12
personio,legalsha,legalsha.jobs.personio.com,3
personio,lichtwart,lichtwart.jobs.personio.com,0
personio,lao,lao.jobs.personio.com,7
personio,l2r,l2r.jobs.personio.com,2
personio,langstane-housing-association,langstane-housing-association.jobs.personio.com,1
personio,laclippers,laclippers.jobs.personio.com,4
personio,librio,librio.jobs.personio.com,0
personio,libra-technology-gmbh,libra-technology-gmbh.jobs.personio.com,0
personio,liebdeingesicht,liebdeingesicht.jobs.personio.com,1
personio,leinemann-partner,leinemann-partner.jobs.personio.com,8
personio,lightpower,lightpower.jobs.personio.com,5
personio,lighthouse,lighthouse.jobs.personio.com,0
personio,lidrotec,lidrotec.jobs.personio.com,2
personio,leap,leap.jobs.personio.com,0
personio,lemm,lemm.jobs.personio.com,0
personio,linc,linc.jobs.personio.com,3
personio,leapartners,leapartners.jobs.personio.com,4
personio,laserhub-gmbh,laserhub-gmbh.jobs.personio.com,3
personio,ling,ling.jobs.personio.com,2
personio,leab,leab.jobs.personio.com,0
personio,letmeship,letmeship.jobs.personio.com,5
personio,lionstep-ag-3,lionstep-ag-3.jobs.personio.com,0
personio,l-mobile,l-mobile.jobs.personio.com,12
personio,listan-gmbh,listan-gmbh.jobs.personio.com,4
personio,littledata,littledata.jobs.personio.com,2
personio,liveeo-gmbh,liveeo-gmbh.jobs.personio.com,12
personio,lindenglobal,lindenglobal.jobs.personio.com,3
personio,lifelink-medical-gmbh,lifelink-medical-gmbh.jobs.personio.com,52
personio,lis,lis.jobs.personio.com,0
personio,lionment-gmbh,lionment-gmbh.jobs.personio.com,6
personio,lindalgroup,lindalgroup.jobs.personio.com,45
personio,lluita,lluita.jobs.personio.com,3
personio,liqui-moly-gmbh,liqui-moly-gmbh.jobs.personio.com,19
personio,liria,liria.jobs.personio.com,23
personio,livory-group,livory-group.jobs.personio.com,5
personio,lmis,lmis.jobs.personio.com,1
personio,livo,livo.jobs.personio.com,0
personio,lodgify,lodgify.jobs.personio.com,3
personio,lmit,lmit.jobs.personio.com,9
personio,logs,logs.jobs.personio.com,0
personio,leafworks-gmbh,leafworks-gmbh.jobs.personio.com,4
personio,lnds,lnds.jobs.personio.com,7
personio,jotelulu,jotelulu.jobs.personio.com,13
personio,liom,liom.jobs.personio.com,4
personio,lots,lots.jobs.personio.com,2
personio,lohi,lohi.jobs.personio.com,6
personio,loma,loma.jobs.personio.com,0
personio,lucas,lucas.jobs.personio.com,6
personio,lpg,lpg.jobs.personio.com,5
personio,lucia,lucia.jobs.personio.com,4
personio,logifuture,logifuture.jobs.personio.com,3
personio,lts,lts.jobs.personio.com,3
personio,leonine,leonine.jobs.personio.com,21
personio,lumoview,lumoview.jobs.personio.com,2
personio,lunar-x,lunar-x.jobs.personio.com,0
personio,lund,lund.jobs.personio.com,3
personio,lobster-data-gmbh,lobster-data-gmbh.jobs.personio.com,10
personio,lrz,lrz.jobs.personio.com,3
personio,luminair,luminair.jobs.personio.com,16
personio,magna,magna.jobs.personio.com,0
personio,magazino,magazino.jobs.personio.com,3
personio,madisonbrook,madisonbrook.jobs.personio.com,2
personio,maep,maep.jobs.personio.com,3
personio,magnolia-international,magnolia-international.jobs.personio.com,1
personio,madom,madom.jobs.personio.com,5
personio,mailingwork,mailingwork.jobs.personio.com,0
personio,lynqtech,lynqtech.jobs.personio.com,6
personio,lumas,lumas.jobs.personio.com,13
personio,machine26,machine26.jobs.personio.com,3
personio,macaw,macaw.jobs.personio.com,16
personio,lilliancare,lilliancare.jobs.personio.com,22
personio,mariana,mariana.jobs.personio.com,3
personio,lush,lush.jobs.personio.com,26
personio,mapegy,mapegy.jobs.personio.com,0
personio,mamahealth,mamahealth.jobs.personio.com,7
personio,marmot,marmot.jobs.personio.com,3
personio,marxman-advocaten,marxman-advocaten.jobs.personio.com,4
personio,maintea,maintea.jobs.personio.com,3
personio,matchory,matchory.jobs.personio.com,3
personio,matchx-gmbh,matchx-gmbh.jobs.personio.com,0
personio,marchon,marchon.jobs.personio.com,1
personio,makeitfix,makeitfix.jobs.personio.com,2
personio,mauritania,mauritania.jobs.personio.com,3
personio,max,max.jobs.personio.com,3
personio,maharishi-foundation,maharishi-foundation.jobs.personio.com,0
personio,may-ventures-gmbh,may-ventures-gmbh.jobs.personio.com,2
personio,martin-auer,martin-auer.jobs.personio.com,20
personio,mavie,mavie.jobs.personio.com,7
personio,mammaly,mammaly.jobs.personio.com,7
personio,matrix42,matrix42.jobs.personio.com,23
personio,mcf,mcf.jobs.personio.com,3
personio,mayflower,mayflower.jobs.personio.com,4
personio,maureratmosmiddlebygmbh,maureratmosmiddlebygmbh.jobs.personio.com,9
personio,maliasili,maliasili.jobs.personio.com,3
personio,maz-gruppe,maz-gruppe.jobs.personio.com,22
personio,maibornwolff,maibornwolff.jobs.personio.com,36
personio,marswalk,marswalk.jobs.personio.com,3
personio,marktlink,marktlink.jobs.personio.com,25
personio,medmark,medmark.jobs.personio.com,5
personio,medicare-flughafen-muenchen,medicare-flughafen-muenchen.jobs.personio.com,4
personio,mellowmessage,mellowmessage.jobs.personio.com,1
personio,meltlake,meltlake.jobs.personio.com,0
personio,medercommtech,medercommtech.jobs.personio.com,4
personio,menhir-photonics,menhir-photonics.jobs.personio.com,4
personio,maxsolar,maxsolar.jobs.personio.com,15
personio,merida,merida.jobs.personio.com,2
personio,meiragtx,meiragtx.jobs.personio.com,6
personio,mcfcorpfin,mcfcorpfin.jobs.personio.com,10
personio,metalshub,metalshub.jobs.personio.com,1
personio,metycle,metycle.jobs.personio.com,3
personio,md7-international-communications,md7-international-communications.jobs.personio.com,9
personio,meep,meep.jobs.personio.com,0
personio,mgs,mgs.jobs.personio.com,2
personio,meetingselect,meetingselect.jobs.personio.com,3
personio,mds-holding,mds-holding.jobs.personio.com,10
personio,merantix-momentum,merantix-momentum.jobs.personio.com,11
personio,migx,migx.jobs.personio.com,16
personio,miele-operations-payment-solutions-gmbh,miele-operations-payment-solutions-gmbh.jobs.personio.com,3
personio,microtech,microtech.jobs.personio.com,6
personio,mindmatters,mindmatters.jobs.personio.com,0
personio,migrando,migrando.jobs.personio.com,6
personio,media-pioneer-publishing-ag,media-pioneer-publishing-ag.jobs.personio.com,10
personio,minor-figures,minor-figures.jobs.personio.com,2
personio,mev,mev.jobs.personio.com,14
personio,minut,minut.jobs.personio.com,2
personio,mischok,mischok.jobs.personio.com,0
personio,mid-gmbh,mid-gmbh.jobs.personio.com,16
personio,mmg,mmg.jobs.personio.com,3
personio,mkhr,mkhr.jobs.personio.com,5
personio,metprogroup,metprogroup.jobs.personio.com,3
personio,mhlu,mhlu.jobs.personio.com,3
personio,misr-bank-europa-gmbh,misr-bank-europa-gmbh.jobs.personio.com,3
personio,mirai,mirai.jobs.personio.com,9
personio,menold-bezler,menold-bezler.jobs.personio.com,44
personio,mkg,mkg.jobs.personio.com,9
personio,moabits,moabits.jobs.personio.com,1
personio,mnstry,mnstry.jobs.personio.com,3
personio,mnoplus,mnoplus.jobs.personio.com,2
personio,mko,mko.jobs.personio.com,7
personio,mlh,mlh.jobs.personio.com,4
personio,mobilab-solutions-gmbh,mobilab-solutions-gmbh.jobs.personio.com,7
personio,meko,meko.jobs.personio.com,3
personio,mogenius,mogenius.jobs.personio.com,3
personio,modul-university-vienna-gmbh,modul-university-vienna-gmbh.jobs.personio.com,1
personio,momox,momox.jobs.personio.com,2
personio,momentum,momentum.jobs.personio.com,3
personio,moleqlar,moleqlar.jobs.personio.com,4
personio,mm-software-gmbh,mm-software-gmbh.jobs.personio.com,28
personio,montana-capital-partners,montana-capital-partners.jobs.personio.com,0
personio,morethanshelters-ev,morethanshelters-ev.jobs.personio.com,2
personio,monday,monday.jobs.personio.com,8
personio,more-in-common,more-in-common.jobs.personio.com,0
personio,moonwatt,moonwatt.jobs.personio.com,2
personio,mobiko,mobiko.jobs.personio.com,5
personio,mky,mky.jobs.personio.com,4
personio,more,more.jobs.personio.com,3
personio,moss,moss.jobs.personio.com,0
personio,moving-adventures-medien-gmbh,moving-adventures-medien-gmbh.jobs.personio.com,5
personio,movesell,movesell.jobs.personio.com,3
personio,mp-corporate-finance,mp-corporate-finance.jobs.personio.com,3
personio,movexm,movexm.jobs.personio.com,4
personio,mpc,mpc.jobs.personio.com,9
personio,mro,mro.jobs.personio.com,2
personio,motion,motion.jobs.personio.com,3
personio,motopp,motopp.jobs.personio.com,3
personio,mount7-gmbh,mount7-gmbh.jobs.personio.com,8
personio,murphy,murphy.jobs.personio.com,2
personio,morressier,morressier.jobs.personio.com,15
personio,mvz,mvz.jobs.personio.com,3
personio,mrei,mrei.jobs.personio.com,3
personio,msk,msk.jobs.personio.com,3
personio,munda-tech,munda-tech.jobs.personio.com,1
personio,mybacs-vertriebs-gmbh,mybacs-vertriebs-gmbh.jobs.personio.com,9
personio,mpgie,mpgie.jobs.personio.com,0
personio,mycolever,mycolever.jobs.personio.com,3
personio,mxpe,mxpe.jobs.personio.com,3
personio,mynaric,mynaric.jobs.personio.com,10
personio,multiverse-computing-sl,multiverse-computing-sl.jobs.personio.com,0
personio,nada,nada.jobs.personio.com,3
personio,myspa,myspa.jobs.personio.com,3
personio,natalia,natalia.jobs.personio.com,3
personio,myra,myra.jobs.personio.com,19
personio,mutabor,mutabor.jobs.personio.com,13
personio,myty,myty.jobs.personio.com,27
personio,multiecom-1,multiecom-1.jobs.personio.com,6
personio,nau,nau.jobs.personio.com,3
personio,navax-software,navax-software.jobs.personio.com,2
personio,mtr,mtr.jobs.personio.com,10
personio,naver-energy,naver-energy.jobs.personio.com,5
personio,navvis,navvis.jobs.personio.com,0
personio,navax,navax.jobs.personio.com,4
personio,nachsorgeklinik-am-straussee-ggmbh,nachsorgeklinik-am-straussee-ggmbh.jobs.personio.com,11
personio,negz,negz.jobs.personio.com,3
personio,nebul-bv,nebul-bv.jobs.personio.com,4
personio,neoimpulse,neoimpulse.jobs.personio.com,4
personio,neotiv,neotiv.jobs.personio.com,2
personio,neotaste,neotaste.jobs.personio.com,0
personio,mway,mway.jobs.personio.com,13
personio,nedstar,nedstar.jobs.personio.com,5
personio,neoshare,neoshare.jobs.personio.com,15
personio,netcom-connected-services-gmbh,netcom-connected-services-gmbh.jobs.personio.com,1
personio,neuland-ai,neuland-ai.jobs.personio.com,0
personio,neoshare-re,neoshare-re.jobs.personio.com,0
personio,netzwerkev,netzwerkev.jobs.personio.com,3
personio,moco-museum,moco-museum.jobs.personio.com,9
personio,montana,montana.jobs.personio.com,17
personio,nevis,nevis.jobs.personio.com,2
personio,new,new.jobs.personio.com,3
personio,neptune-software,neptune-software.jobs.personio.com,8
personio,neuplaner,neuplaner.jobs.personio.com,15
personio,newboxes,newboxes.jobs.personio.com,5
personio,netzstrategen,netzstrategen.jobs.personio.com,7
personio,native-design,native-design.jobs.personio.com,2
personio,newflag,newflag.jobs.personio.com,17
personio,nexperto,nexperto.jobs.personio.com,0
personio,neuroelectrics,neuroelectrics.jobs.personio.com,7
personio,netural,netural.jobs.personio.com,3
personio,miles-mobility,miles-mobility.jobs.personio.com,54
personio,nexmart,nexmart.jobs.personio.com,5
personio,nextron-systems,nextron-systems.jobs.personio.com,2
personio,nesto,nesto.jobs.personio.com,16
personio,nikon,nikon.jobs.personio.com,3
personio,next-mobility-labs,next-mobility-labs.jobs.personio.com,1
personio,neon,neon.jobs.personio.com,15
personio,nicolab,nicolab.jobs.personio.com,3
personio,nexus-nova,nexus-nova.jobs.personio.com,2
personio,nfon,nfon.jobs.personio.com,11
personio,nexwafe-1,nexwafe-1.jobs.personio.com,4
personio,nexrail-lease,nexrail-lease.jobs.personio.com,4
personio,nnxx,nnxx.jobs.personio.com,2
personio,nitrado,nitrado.jobs.personio.com,5
personio,nextwind,nextwind.jobs.personio.com,11
personio,newston-automated-solutions,newston-automated-solutions.jobs.personio.com,11
personio,neuraum,neuraum.jobs.personio.com,1
personio,nobile-group,nobile-group.jobs.personio.com,2
personio,moonlaketx,moonlaketx.jobs.personio.com,13
personio,mum,mum.jobs.personio.com,7
personio,nomoo,nomoo.jobs.personio.com,2
personio,northzone,northzone.jobs.personio.com,1
personio,norsan,norsan.jobs.personio.com,8
personio,nordic,nordic.jobs.personio.com,2
personio,nordalux,nordalux.jobs.personio.com,1
personio,novocarbo-gmbh,novocarbo-gmbh.jobs.personio.com,0
personio,neutral,neutral.jobs.personio.com,3
personio,norvestor,norvestor.jobs.personio.com,4
personio,nordic-hamburg,nordic-hamburg.jobs.personio.com,3
personio,nosh-bio-gmbh,nosh-bio-gmbh.jobs.personio.com,1
personio,nexburg-gmbh,nexburg-gmbh.jobs.personio.com,9
personio,nscon,nscon.jobs.personio.com,5
personio,nirx,nirx.jobs.personio.com,4
personio,netplans,netplans.jobs.personio.com,64
personio,nishcom,nishcom.jobs.personio.com,7
personio,november,november.jobs.personio.com,6
personio,notpla,notpla.jobs.personio.com,8
personio,noris-armaturen,noris-armaturen.jobs.personio.com,1
personio,nuffieldtrust,nuffieldtrust.jobs.personio.com,0
personio,nuwacom-gmbh,nuwacom-gmbh.jobs.personio.com,3
personio,nsgo,nsgo.jobs.personio.com,0
personio,nviso,nviso.jobs.personio.com,3
personio,noxt,noxt.jobs.personio.com,3
personio,nyce,nyce.jobs.personio.com,3
personio,nkm,nkm.jobs.personio.com,0
personio,obol,obol.jobs.personio.com,0
personio,nwb,nwb.jobs.personio.com,3
personio,nomupay,nomupay.jobs.personio.com,6
personio,nuernbergmesse-gmbh,nuernbergmesse-gmbh.jobs.personio.com,11
personio,nordblick,nordblick.jobs.personio.com,18
personio,nuways-ag,nuways-ag.jobs.personio.com,4
personio,nymphis,nymphis.jobs.personio.com,4
personio,obsg,obsg.jobs.personio.com,0
personio,objects,objects.jobs.personio.com,3
personio,ocd,ocd.jobs.personio.com,0
personio,obremba-partner,obremba-partner.jobs.personio.com,7
personio,nzym,nzym.jobs.personio.com,14
personio,notebooksbilliger,notebooksbilliger.jobs.personio.com,15
personio,nunatak,nunatak.jobs.personio.com,13
personio,nwit,nwit.jobs.personio.com,0
personio,novicap,novicap.jobs.personio.com,9
personio,nuon-gmbh,nuon-gmbh.jobs.personio.com,2
personio,obsidian-group,obsidian-group.jobs.personio.com,12
personio,ochairsystems,ochairsystems.jobs.personio.com,24
personio,nuuenergy,nuuenergy.jobs.personio.com,18
personio,ocumeda-ag,ocumeda-ag.jobs.personio.com,9
personio,oh-so,oh-so.jobs.personio.com,4
personio,omde-gmbh,omde-gmbh.jobs.personio.com,0
personio,observatoriodebienestaranimal,observatoriodebienestaranimal.jobs.personio.com,1
personio,obsession,obsession.jobs.personio.com,4
personio,one-five,one-five.jobs.personio.com,0
personio,omse,omse.jobs.personio.com,0
personio,once,once.jobs.personio.com,0
personio,odds-scanner,odds-scanner.jobs.personio.com,0
personio,ohs,ohs.jobs.personio.com,0
personio,olio,olio.jobs.personio.com,2
personio,oniq,oniq.jobs.personio.com,5
personio,onepage,onepage.jobs.personio.com,3
personio,onemedia-consulting,onemedia-consulting.jobs.personio.com,0
personio,onu,onu.jobs.personio.com,0
personio,omegga,omegga.jobs.personio.com,0
personio,one-on-one-srl,one-on-one-srl.jobs.personio.com,22
personio,onpier,onpier.jobs.personio.com,1
personio,octomind,octomind.jobs.personio.com,0
personio,open-xchange-gmbh,open-xchange-gmbh.jobs.personio.com,10
personio,opensc,opensc.jobs.personio.com,0
personio,oovb,oovb.jobs.personio.com,2
personio,opal,opal.jobs.personio.com,3
personio,openprovider,openprovider.jobs.personio.com,2
personio,oper,oper.jobs.personio.com,3
personio,ophirum,ophirum.jobs.personio.com,2
personio,oppenheim-architecture,oppenheim-architecture.jobs.personio.com,3
personio,open,open.jobs.personio.com,2
personio,opentas,opentas.jobs.personio.com,8
personio,oatsome,oatsome.jobs.personio.com,4
personio,oilquick-deutschland-kg,oilquick-deutschland-kg.jobs.personio.com,11
personio,orderfox,orderfox.jobs.personio.com,3
personio,optiply,optiply.jobs.personio.com,3
personio,orfo,orfo.jobs.personio.com,1
personio,oivan-group-oy,oivan-group-oy.jobs.personio.com,14
personio,ory,ory.jobs.personio.com,1
personio,otec,otec.jobs.personio.com,7
personio,orendtstudios,orendtstudios.jobs.personio.com,10
personio,optimax-energy-gmbh,optimax-energy-gmbh.jobs.personio.com,7
personio,otto-group-solution-provider-spain-sl-1,otto-group-solution-provider-spain-sl-1.jobs.personio.com,18
personio,parakar,parakar.jobs.personio.com,3
personio,orchard-care-group,orchard-care-group.jobs.personio.com,25
personio,paceteq-gmbh,paceteq-gmbh.jobs.personio.com,3
personio,pando,pando.jobs.personio.com,2
personio,paco,paco.jobs.personio.com,3
personio,pacemaker,pacemaker.jobs.personio.com,3
personio,painitsteelgroup,painitsteelgroup.jobs.personio.com,6
personio,panthronics,panthronics.jobs.personio.com,0
personio,partscloud,partscloud.jobs.personio.com,8
personio,passendo,passendo.jobs.personio.com,4
personio,ownr,ownr.jobs.personio.com,0
personio,pair,pair.jobs.personio.com,15
personio,pactos,pactos.jobs.personio.com,4
personio,pagestreet-legal-solutions-gmbh,pagestreet-legal-solutions-gmbh.jobs.personio.com,8
personio,paywise,paywise.jobs.personio.com,3
personio,ore-energy,ore-energy.jobs.personio.com,11
personio,partspace,partspace.jobs.personio.com,26
personio,paperandtea,paperandtea.jobs.personio.com,7
personio,peak-mechanics-gmbh,peak-mechanics-gmbh.jobs.personio.com,0
personio,pdr-team-gmbh,pdr-team-gmbh.jobs.personio.com,4
personio,patrick,patrick.jobs.personio.com,3
personio,pdv,pdv.jobs.personio.com,3
personio,peax,peax.jobs.personio.com,0
personio,paynovate,paynovate.jobs.personio.com,3
personio,pec,pec.jobs.personio.com,6
personio,pbs,pbs.jobs.personio.com,0
personio,peopleconnect,peopleconnect.jobs.personio.com,0
personio,penzilla-gmbh,penzilla-gmbh.jobs.personio.com,4
personio,pasiona,pasiona.jobs.personio.com,10
personio,passion4business,passion4business.jobs.personio.com,4
personio,perlego,perlego.jobs.personio.com,3
personio,peta,peta.jobs.personio.com,1
personio,persoqua,persoqua.jobs.personio.com,0
personio,packners-gmbh,packners-gmbh.jobs.personio.com,16
personio,peak-one,peak-one.jobs.personio.com,25
personio,pharma-mall-gmbh,pharma-mall-gmbh.jobs.personio.com,2
personio,pfg,pfg.jobs.personio.com,3
personio,phenospex-bv,phenospex-bv.jobs.personio.com,1
personio,phm-racing-gmbh,phm-racing-gmbh.jobs.personio.com,2
personio,phorax,phorax.jobs.personio.com,0
personio,perseus,perseus.jobs.personio.com,3
personio,pergolux,pergolux.jobs.personio.com,5
personio,phoenix,phoenix.jobs.personio.com,13
personio,perinova,perinova.jobs.personio.com,4
personio,pina,pina.jobs.personio.com,2
personio,pathos,pathos.jobs.personio.com,0
personio,penneo,penneo.jobs.personio.com,1
personio,pioneer-europe-rd-center,pioneer-europe-rd-center.jobs.personio.com,7
personio,pflege-de,pflege-de.jobs.personio.com,4
personio,pink-solutions-gmbh,pink-solutions-gmbh.jobs.personio.com,0
personio,penta,penta.jobs.personio.com,2
personio,pickware,pickware.jobs.personio.com,8
personio,peiq,peiq.jobs.personio.com,6
personio,pitch,pitch.jobs.personio.com,10
personio,p95-cvba,p95-cvba.jobs.personio.com,1
personio,plicatec,plicatec.jobs.personio.com,0
personio,plummygames,plummygames.jobs.personio.com,3
personio,pioneers,pioneers.jobs.personio.com,5
personio,pluspol-interactive,pluspol-interactive.jobs.personio.com,3
personio,polarise,polarise.jobs.personio.com,2
personio,plexal,plexal.jobs.personio.com,3
personio,plan-d,plan-d.jobs.personio.com,2
personio,political-intelligence-sl,political-intelligence-sl.jobs.personio.com,1
personio,plana-earth,plana-earth.jobs.personio.com,0
personio,positive-minds-gmbh-1,positive-minds-gmbh-1.jobs.personio.com,3
personio,poop,poop.jobs.personio.com,3
personio,otto-schatte-gmbh,otto-schatte-gmbh.jobs.personio.com,31
personio,plutos,plutos.jobs.personio.com,4
personio,porsche-ep-doo,porsche-ep-doo.jobs.personio.com,0
personio,predium,predium.jobs.personio.com,3
personio,powen,powen.jobs.personio.com,2
personio,postnova,postnova.jobs.personio.com,11
personio,primal-state,primal-state.jobs.personio.com,0
personio,porsche-ep,porsche-ep.jobs.personio.com,0
personio,pno-group-europe,pno-group-europe.jobs.personio.com,21
personio,pritidenta,pritidenta.jobs.personio.com,1
personio,plentyone,plentyone.jobs.personio.com,1
personio,pro4all,pro4all.jobs.personio.com,9
personio,plantura,plantura.jobs.personio.com,3
personio,processand,processand.jobs.personio.com,4
personio,planfox,planfox.jobs.personio.com,4
personio,primus,primus.jobs.personio.com,7
personio,powerfulmedical,powerfulmedical.jobs.personio.com,6
personio,pmone,pmone.jobs.personio.com,7
personio,planetafoods,planetafoods.jobs.personio.com,12
personio,ppura-sagl,ppura-sagl.jobs.personio.com,5
personio,prewave,prewave.jobs.personio.com,7
personio,postuning,postuning.jobs.personio.com,19
personio,planqc-gmbh,planqc-gmbh.jobs.personio.com,10
personio,playthehype-gmbh,playthehype-gmbh.jobs.personio.com,2
personio,product-dna-sa,product-dna-sa.jobs.personio.com,3
personio,oryl,oryl.jobs.personio.com,2
personio,project-q,project-q.jobs.personio.com,1
personio,pleez,pleez.jobs.personio.com,3
personio,primestar-hospitality,primestar-hospitality.jobs.personio.com,23
personio,prestwick-aircraft-maintenance-gmbh,prestwick-aircraft-maintenance-gmbh.jobs.personio.com,4
personio,policum-berlin,policum-berlin.jobs.personio.com,15
personio,onecore,onecore.jobs.personio.com,9
personio,prodevelop,prodevelop.jobs.personio.com,1
personio,prologa-1,prologa-1.jobs.personio.com,11
personio,plw,plw.jobs.personio.com,0
personio,oval,oval.jobs.personio.com,5
personio,proteindistillery,proteindistillery.jobs.personio.com,6
personio,protopixel,protopixel.jobs.personio.com,0
personio,pjm,pjm.jobs.personio.com,17
personio,protix,protix.jobs.personio.com,1
personio,praxipal,praxipal.jobs.personio.com,3
personio,pta,pta.jobs.personio.com,3
personio,prosperity,prosperity.jobs.personio.com,3
personio,project-eaden-1,project-eaden-1.jobs.personio.com,4
personio,promik,promik.jobs.personio.com,3
personio,pulmotree,pulmotree.jobs.personio.com,1
personio,publiccloudgroup,publiccloudgroup.jobs.personio.com,3
personio,prokuras,prokuras.jobs.personio.com,12
personio,protinus-it-bv,protinus-it-bv.jobs.personio.com,4
personio,pxl-vision,pxl-vision.jobs.personio.com,0
personio,pzta,pzta.jobs.personio.com,2
personio,ptg,ptg.jobs.personio.com,11
personio,purple,purple.jobs.personio.com,3
personio,qamine-portugal,qamine-portugal.jobs.personio.com,1
personio,pulpo-wms,pulpo-wms.jobs.personio.com,2
personio,qcg,qcg.jobs.personio.com,16
personio,qtas,qtas.jobs.personio.com,2
personio,qps,qps.jobs.personio.com,3
personio,qualityminds,qualityminds.jobs.personio.com,0
personio,quarterback,quarterback.jobs.personio.com,6
personio,pv-magazine,pv-magazine.jobs.personio.com,0
personio,pmx,pmx.jobs.personio.com,60
personio,quartierkraft-gmbh,quartierkraft-gmbh.jobs.personio.com,5
personio,pronux,pronux.jobs.personio.com,4
personio,pluta-rechtsanwalts-gmbh,pluta-rechtsanwalts-gmbh.jobs.personio.com,27
personio,q-ant-gmbh,q-ant-gmbh.jobs.personio.com,23
personio,quantpi,quantpi.jobs.personio.com,1
personio,qplix,qplix.jobs.personio.com,22
personio,qured,qured.jobs.personio.com,0
personio,qbi-solutions,qbi-solutions.jobs.personio.com,2
personio,radiologie-zentrum-nordharz,radiologie-zentrum-nordharz.jobs.personio.com,2
personio,raceon,raceon.jobs.personio.com,5
personio,raiku,raiku.jobs.personio.com,1
personio,quest-consulting-ag,quest-consulting-ag.jobs.personio.com,3
personio,qyobo,qyobo.jobs.personio.com,1
personio,raicoon,raicoon.jobs.personio.com,1
personio,radlabor,radlabor.jobs.personio.com,3
personio,quibim,quibim.jobs.personio.com,1
personio,randstad,randstad.jobs.personio.com,5
personio,rcslt,rcslt.jobs.personio.com,1
personio,raysono,raysono.jobs.personio.com,1
personio,raw-group,raw-group.jobs.personio.com,3
personio,rdt-limited,rdt-limited.jobs.personio.com,0
personio,rcventures,rcventures.jobs.personio.com,5
personio,rckt,rckt.jobs.personio.com,0
personio,pssti,pssti.jobs.personio.com,2
personio,redalpine,redalpine.jobs.personio.com,3
personio,ravio,ravio.jobs.personio.com,3
personio,recalm,recalm.jobs.personio.com,1
personio,recyda-gmbh,recyda-gmbh.jobs.personio.com,0
personio,reachlab,reachlab.jobs.personio.com,2
personio,remember,remember.jobs.personio.com,2
personio,regnology,regnology.jobs.personio.com,44
personio,remotecontrol,remotecontrol.jobs.personio.com,5
personio,ramp106-gmbh,ramp106-gmbh.jobs.personio.com,14
personio,quantummotion,quantummotion.jobs.personio.com,18
personio,reactivereality,reactivereality.jobs.personio.com,1
personio,reos,reos.jobs.personio.com,6
personio,rehau-new-ventures,rehau-new-ventures.jobs.personio.com,1
personio,reisetopia,reisetopia.jobs.personio.com,8
personio,rencore,rencore.jobs.personio.com,1
personio,renewa,renewa.jobs.personio.com,6
personio,relu,relu.jobs.personio.com,7
personio,richter,richter.jobs.personio.com,5
personio,reset-tech,reset-tech.jobs.personio.com,1
personio,res,res.jobs.personio.com,3
personio,rethink,rethink.jobs.personio.com,0
personio,rems,rems.jobs.personio.com,5
personio,rettie-and-co,rettie-and-co.jobs.personio.com,5
personio,retinai,retinai.jobs.personio.com,3
personio,reishunger-gmbh,reishunger-gmbh.jobs.personio.com,2
personio,resolve,resolve.jobs.personio.com,5
personio,rkl,rkl.jobs.personio.com,6
personio,rgz-holzminden,rgz-holzminden.jobs.personio.com,6
personio,rico,rico.jobs.personio.com,0
personio,rinkehenssler,rinkehenssler.jobs.personio.com,1
personio,robco,robco.jobs.personio.com,0
personio,rhpersonal,rhpersonal.jobs.personio.com,3
personio,robert-kukla-gmbh,robert-kukla-gmbh.jobs.personio.com,3
personio,ridersdeal,ridersdeal.jobs.personio.com,4
personio,rocajunyent,rocajunyent.jobs.personio.com,4
personio,revel8,revel8.jobs.personio.com,9
personio,riedel-bau-ag,riedel-bau-ag.jobs.personio.com,77
personio,richard-bergner-holding-gmbh-co-kg,richard-bergner-holding-gmbh-co-kg.jobs.personio.com,18
personio,ruck,ruck.jobs.personio.com,3
personio,reformer-club,reformer-club.jobs.personio.com,14
personio,robin-cook,robin-cook.jobs.personio.com,6
personio,revitalis,revitalis.jobs.personio.com,0
personio,rhk,rhk.jobs.personio.com,2
personio,rovo-portugal-unipessoal-lda,rovo-portugal-unipessoal-lda.jobs.personio.com,8
personio,s2bi,s2bi.jobs.personio.com,3
personio,risecoffee,risecoffee.jobs.personio.com,3
personio,royal,royal.jobs.personio.com,2
personio,roosh,roosh.jobs.personio.com,1
personio,romeo,romeo.jobs.personio.com,1
personio,salv,salv.jobs.personio.com,1
personio,rwt,rwt.jobs.personio.com,24
personio,saltocloudworks,saltocloudworks.jobs.personio.com,1
personio,saeki,saeki.jobs.personio.com,12
personio,sag,sag.jobs.personio.com,6
personio,salviabioelectronics,salviabioelectronics.jobs.personio.com,2
personio,rivella,rivella.jobs.personio.com,4
personio,rhesis-ai,rhesis-ai.jobs.personio.com,1
personio,rohrleitungsbaumuenster,rohrleitungsbaumuenster.jobs.personio.com,16
personio,russmedia,russmedia.jobs.personio.com,16
personio,rkk,rkk.jobs.personio.com,0
personio,scale-energy-gmbh,scale-energy-gmbh.jobs.personio.com,3
personio,safe-labs,safe-labs.jobs.personio.com,2
personio,sanz,sanz.jobs.personio.com,4
personio,repath,repath.jobs.personio.com,0
personio,rzl,rzl.jobs.personio.com,5
personio,sanoptis,sanoptis.jobs.personio.com,6
personio,reverse-retail,reverse-retail.jobs.personio.com,0
personio,schlafender-hase-gmbh,schlafender-hase-gmbh.jobs.personio.com,2
personio,rrf,rrf.jobs.personio.com,3
personio,schluetersche-mediengruppe,schluetersche-mediengruppe.jobs.personio.com,6
personio,scalepoint,scalepoint.jobs.personio.com,2
personio,sandhp,sandhp.jobs.personio.com,0
personio,rumble,rumble.jobs.personio.com,43
personio,sarcura,sarcura.jobs.personio.com,1
personio,scicomcenter,scicomcenter.jobs.personio.com,0
personio,sbfv,sbfv.jobs.personio.com,1
personio,ryl,ryl.jobs.personio.com,2
personio,sammedia,sammedia.jobs.personio.com,4
personio,security-research-labs,security-research-labs.jobs.personio.com,6
personio,savi,savi.jobs.personio.com,2
personio,sdp,sdp.jobs.personio.com,1
personio,screen-ireland,screen-ireland.jobs.personio.com,0
personio,sava-technologies,sava-technologies.jobs.personio.com,2
personio,schiller-international-university,schiller-international-university.jobs.personio.com,11
personio,sds,sds.jobs.personio.com,2
personio,scalastage,scalastage.jobs.personio.com,4
personio,seedtag-1,seedtag-1.jobs.personio.com,0
personio,samedi,samedi.jobs.personio.com,2
personio,schiller,schiller.jobs.personio.com,3
personio,sana-life-science-holdings,sana-life-science-holdings.jobs.personio.com,1
personio,sccb,sccb.jobs.personio.com,0
personio,sewo,sewo.jobs.personio.com,3
personio,scrapbees,scrapbees.jobs.personio.com,12
personio,schukat,schukat.jobs.personio.com,7
personio,seez,seez.jobs.personio.com,1
personio,scitaris,scitaris.jobs.personio.com,1
personio,schuettflix,schuettflix.jobs.personio.com,15
personio,ryd,ryd.jobs.personio.com,5
personio,schuberth,schuberth.jobs.personio.com,8
personio,secida,secida.jobs.personio.com,14
personio,scienion,scienion.jobs.personio.com,6
personio,sea,sea.jobs.personio.com,0
personio,saltrock,saltrock.jobs.personio.com,4
personio,sgia,sgia.jobs.personio.com,3
personio,semron,semron.jobs.personio.com,9
personio,sgh,sgh.jobs.personio.com,2
personio,seo-london,seo-london.jobs.personio.com,3
personio,sensia,sensia.jobs.personio.com,4
personio,senvo,senvo.jobs.personio.com,0
personio,shipzero,shipzero.jobs.personio.com,3
personio,shopmacher,shopmacher.jobs.personio.com,2
personio,sgd,sgd.jobs.personio.com,12
personio,sevleitstelle,sevleitstelle.jobs.personio.com,0
personio,shield-tech-gmbh,shield-tech-gmbh.jobs.personio.com,6
personio,reverion,reverion.jobs.personio.com,23
personio,shd,shd.jobs.personio.com,3
personio,shyftplan,shyftplan.jobs.personio.com,14
personio,sie,sie.jobs.personio.com,5
personio,shaper-tools-gmbh,shaper-tools-gmbh.jobs.personio.com,0
personio,sigma,sigma.jobs.personio.com,3
personio,sellence,sellence.jobs.personio.com,10
personio,sides,sides.jobs.personio.com,2
personio,shirtracer,shirtracer.jobs.personio.com,1
personio,sfc,sfc.jobs.personio.com,7
personio,shalion,shalion.jobs.personio.com,2
personio,simpleclub,simpleclub.jobs.personio.com,3
personio,scalefree,scalefree.jobs.personio.com,12
personio,simscale,simscale.jobs.personio.com,0
personio,simplycook,simplycook.jobs.personio.com,0
personio,sjt,sjt.jobs.personio.com,0
personio,simpleshow,simpleshow.jobs.personio.com,3
personio,simpledcard,simpledcard.jobs.personio.com,5
personio,saber-interactive-spain,saber-interactive-spain.jobs.personio.com,2
personio,singlequantum,singlequantum.jobs.personio.com,3
personio,smartcommerce,smartcommerce.jobs.personio.com,0
personio,silverflow,silverflow.jobs.personio.com,2
personio,sll-automotive-group,sll-automotive-group.jobs.personio.com,8
personio,smartenergy,smartenergy.jobs.personio.com,0
personio,sinus-bfk,sinus-bfk.jobs.personio.com,5
personio,smh,smh.jobs.personio.com,0
personio,smava,smava.jobs.personio.com,2
personio,sawoo-gmbh,sawoo-gmbh.jobs.personio.com,14
personio,specialisterne-es,specialisterne-es.jobs.personio.com,2
personio,social-talent-limited,social-talent-limited.jobs.personio.com,0
personio,soft-cloud,soft-cloud.jobs.personio.com,1
personio,special-olympics-deutschland,special-olympics-deutschland.jobs.personio.com,0
personio,soveo-steuerberatungsgesellschaft-mbb,soveo-steuerberatungsgesellschaft-mbb.jobs.personio.com,11
personio,smartmod,smartmod.jobs.personio.com,1
personio,shpock,shpock.jobs.personio.com,0
personio,somana,somana.jobs.personio.com,3
personio,smartmicro,smartmicro.jobs.personio.com,14
personio,solar-materials-gmbh,solar-materials-gmbh.jobs.personio.com,4
personio,songpush,songpush.jobs.personio.com,3
personio,sfgroup,sfgroup.jobs.personio.com,1
personio,sportissimo,sportissimo.jobs.personio.com,4
personio,springboard,springboard.jobs.personio.com,2
personio,ssf,ssf.jobs.personio.com,0
personio,speedinvest,speedinvest.jobs.personio.com,0
personio,siliconmed,siliconmed.jobs.personio.com,2
personio,spielmix,spielmix.jobs.personio.com,3
personio,socialvalueportal,socialvalueportal.jobs.personio.com,0
personio,slb,slb.jobs.personio.com,10
personio,samhammer,samhammer.jobs.personio.com,3
personio,spotahome,spotahome.jobs.personio.com,4
personio,spendesk,spendesk.jobs.personio.com,0
personio,somic-packaging,somic-packaging.jobs.personio.com,13
personio,spp,spp.jobs.personio.com,3
personio,ssp,ssp.jobs.personio.com,0
personio,silbury,silbury.jobs.personio.com,5
personio,speexx,speexx.jobs.personio.com,4
personio,steinberg,steinberg.jobs.personio.com,1
personio,stark-partners,stark-partners.jobs.personio.com,1
personio,ssc,ssc.jobs.personio.com,2
personio,staburo,staburo.jobs.personio.com,3
personio,sonia,sonia.jobs.personio.com,5
personio,sig,sig.jobs.personio.com,6
personio,soderhub,soderhub.jobs.personio.com,0
personio,statworx,statworx.jobs.personio.com,25
personio,stenon-gmbh,stenon-gmbh.jobs.personio.com,1
personio,stemdo,stemdo.jobs.personio.com,2
personio,stelia,stelia.jobs.personio.com,0
personio,spinnwerk,spinnwerk.jobs.personio.com,2
personio,stadtwerke-balingen,stadtwerke-balingen.jobs.personio.com,5
personio,stoertebekker,stoertebekker.jobs.personio.com,3
personio,stanley-stella,stanley-stella.jobs.personio.com,11
personio,stichting-oca,stichting-oca.jobs.personio.com,0
personio,stadtwerke-neuss,stadtwerke-neuss.jobs.personio.com,21
personio,steuernsteuern,steuernsteuern.jobs.personio.com,3
personio,station,station.jobs.personio.com,3
personio,stoff2,stoff2.jobs.personio.com,0
personio,sofatutor,sofatutor.jobs.personio.com,0
personio,signpath,signpath.jobs.personio.com,0
personio,straight,straight.jobs.personio.com,2
personio,storytellingcompany,storytellingcompany.jobs.personio.com,7
personio,sneh,sneh.jobs.personio.com,2
personio,submariner-network,submariner-network.jobs.personio.com,0
personio,signal-capital,signal-capital.jobs.personio.com,3
personio,stiftung-schueler-helfen-leben,stiftung-schueler-helfen-leben.jobs.personio.com,3
personio,stillalive,stillalive.jobs.personio.com,0
personio,summum,summum.jobs.personio.com,13
personio,sofacompany,sofacompany.jobs.personio.com,3
personio,sploro,sploro.jobs.personio.com,2
personio,stwb,stwb.jobs.personio.com,6
personio,spectrum-life,spectrum-life.jobs.personio.com,15
personio,st-andrews-hospice,st-andrews-hospice.jobs.personio.com,1
personio,storybox,storybox.jobs.personio.com,3
personio,stoeckli,stoeckli.jobs.personio.com,2
personio,sunday,sunday.jobs.personio.com,11
personio,stylink,stylink.jobs.personio.com,10
personio,sulion-digital,sulion-digital.jobs.personio.com,4
personio,studysmarter,studysmarter.jobs.personio.com,0
personio,sviper-gmbh,sviper-gmbh.jobs.personio.com,1
personio,super-ai,super-ai.jobs.personio.com,5
personio,sidekickhealth,sidekickhealth.jobs.personio.com,2
personio,stricker,stricker.jobs.personio.com,34
personio,swat-io-gmbh-1,swat-io-gmbh-1.jobs.personio.com,1
personio,swisslinx,swisslinx.jobs.personio.com,3
personio,starteam,starteam.jobs.personio.com,11
personio,swenex,swenex.jobs.personio.com,1
personio,rex,rex.jobs.personio.com,42
personio,swissdrones,swissdrones.jobs.personio.com,4
personio,suhrkamp-verlag-ag,suhrkamp-verlag-ag.jobs.personio.com,3
personio,swingdev,swingdev.jobs.personio.com,3
personio,swile,swile.jobs.personio.com,0
personio,swe,swe.jobs.personio.com,3
personio,suena-energy,suena-energy.jobs.personio.com,8
personio,symptoma,symptoma.jobs.personio.com,0
personio,sternglas,sternglas.jobs.personio.com,0
personio,sungrow-emea,sungrow-emea.jobs.personio.com,182
personio,syniotec,syniotec.jobs.personio.com,4
personio,supertext,supertext.jobs.personio.com,6
personio,swissbit,swissbit.jobs.personio.com,24
personio,synology,synology.jobs.personio.com,1
personio,stock3-ag,stock3-ag.jobs.personio.com,2
personio,syde,syde.jobs.personio.com,3
personio,synapticon,synapticon.jobs.personio.com,12
personio,swan-gmbh,swan-gmbh.jobs.personio.com,24
personio,steps-social-enterprise,steps-social-enterprise.jobs.personio.com,2
personio,smartnumbers,smartnumbers.jobs.personio.com,2
personio,sortera,sortera.jobs.personio.com,1
personio,softwaregini,softwaregini.jobs.personio.com,3
personio,soji,soji.jobs.personio.com,3
personio,sunny,sunny.jobs.personio.com,3
personio,suedblickgmbh,suedblickgmbh.jobs.personio.com,46
personio,storymachine,storymachine.jobs.personio.com,20
personio,taav,taav.jobs.personio.com,1
personio,solactive,solactive.jobs.personio.com,29
personio,tac-insights-gmbh,tac-insights-gmbh.jobs.personio.com,1
personio,superlist,superlist.jobs.personio.com,2
personio,surf-spirit,surf-spirit.jobs.personio.com,9
personio,talpasolutions,talpasolutions.jobs.personio.com,2
personio,talentsconnect,talentsconnect.jobs.personio.com,5
personio,somengo-gmbh,somengo-gmbh.jobs.personio.com,2
personio,talentspace,talentspace.jobs.personio.com,0
personio,solakon-gmbh,solakon-gmbh.jobs.personio.com,12
personio,tam,tam.jobs.personio.com,1
personio,squer,squer.jobs.personio.com,19
personio,softdoor,softdoor.jobs.personio.com,19
personio,tandem,tandem.jobs.personio.com,4
personio,takevalue,takevalue.jobs.personio.com,2
personio,taros,taros.jobs.personio.com,2
personio,tangany,tangany.jobs.personio.com,3
personio,spark-hq,spark-hq.jobs.personio.com,0
personio,tannico-spa,tannico-spa.jobs.personio.com,2
personio,tandler,tandler.jobs.personio.com,3
personio,spectral,spectral.jobs.personio.com,0
personio,smino,smino.jobs.personio.com,3
personio,syte-gmbh,syte-gmbh.jobs.personio.com,9
personio,tcm,tcm.jobs.personio.com,9
personio,teag,teag.jobs.personio.com,5
personio,synvert,synvert.jobs.personio.com,24
personio,tecracer,tecracer.jobs.personio.com,5
personio,taw,taw.jobs.personio.com,18
personio,thefaculty,thefaculty.jobs.personio.com,2
personio,think-cell-software-gmbh,think-cell-software-gmbh.jobs.personio.com,0
personio,teclog-gmbh,teclog-gmbh.jobs.personio.com,4
personio,technoform,technoform.jobs.personio.com,2
personio,teleport,teleport.jobs.personio.com,3
personio,techpoint,techpoint.jobs.personio.com,6
personio,techspace,techspace.jobs.personio.com,2
personio,thewordlab-co,thewordlab-co.jobs.personio.com,0
personio,teg,teg.jobs.personio.com,3
personio,talentspring-academy,talentspring-academy.jobs.personio.com,24
personio,ten,ten.jobs.personio.com,3
personio,thermoteknix,thermoteknix.jobs.personio.com,7
personio,tilp,tilp.jobs.personio.com,3
personio,tiki,tiki.jobs.personio.com,3
personio,timechimp,timechimp.jobs.personio.com,1
personio,tenzir,tenzir.jobs.personio.com,0
personio,tiny-technologies,tiny-technologies.jobs.personio.com,1
personio,tamaja,tamaja.jobs.personio.com,5
personio,timify,timify.jobs.personio.com,3
personio,theraphysia,theraphysia.jobs.personio.com,25
personio,tisix,tisix.jobs.personio.com,1
personio,tion,tion.jobs.personio.com,0
personio,tiffingerthiel,tiffingerthiel.jobs.personio.com,3
personio,tilta,tilta.jobs.personio.com,1
personio,titan-energy-holding-bv,titan-energy-holding-bv.jobs.personio.com,0
personio,threatfabric,threatfabric.jobs.personio.com,5
personio,tkp,tkp.jobs.personio.com,7
personio,thinkport-gmbh,thinkport-gmbh.jobs.personio.com,7
personio,telluride,telluride.jobs.personio.com,9
personio,tennders,tennders.jobs.personio.com,1
personio,teampleyer,teampleyer.jobs.personio.com,2
personio,teliogroup,teliogroup.jobs.personio.com,17
personio,teilhabepilot,teilhabepilot.jobs.personio.com,44
personio,tnp-1,tnp-1.jobs.personio.com,2
personio,ten23-health,ten23-health.jobs.personio.com,7
personio,tenz,tenz.jobs.personio.com,8
personio,tdsoftware,tdsoftware.jobs.personio.com,0
personio,todd,todd.jobs.personio.com,2
personio,titan-academy,titan-academy.jobs.personio.com,1
personio,terralayr,terralayr.jobs.personio.com,12
personio,tmeu,tmeu.jobs.personio.com,0
personio,traderepublic,traderepublic.jobs.personio.com,0
personio,tractive,tractive.jobs.personio.com,3
personio,transconnect,transconnect.jobs.personio.com,1
personio,technopolis-group,technopolis-group.jobs.personio.com,12
personio,tozero,tozero.jobs.personio.com,4
personio,tnbb,tnbb.jobs.personio.com,0
personio,transparity,transparity.jobs.personio.com,0
personio,tset,tset.jobs.personio.com,3
personio,transmare-chemie,transmare-chemie.jobs.personio.com,5
personio,transforma-travel-group,transforma-travel-group.jobs.personio.com,2
personio,triberagroup,triberagroup.jobs.personio.com,5
personio,teamwork,teamwork.jobs.personio.com,1
personio,tradetracker,tradetracker.jobs.personio.com,15
personio,timetoact-group,timetoact-group.jobs.personio.com,56
personio,tuev-ai-lab,tuev-ai-lab.jobs.personio.com,2
personio,trina-solar-global1-trial-1,trina-solar-global1-trial-1.jobs.personio.com,6
personio,troi,troi.jobs.personio.com,2
personio,tuerlinckx-tax-lawyers,tuerlinckx-tax-lawyers.jobs.personio.com,8
personio,tta,tta.jobs.personio.com,0
personio,twaice,twaice.jobs.personio.com,1
personio,ttp,ttp.jobs.personio.com,3
personio,tosu,tosu.jobs.personio.com,5
personio,tumo-de,tumo-de.jobs.personio.com,3
personio,transped-europe-gmbh,transped-europe-gmbh.jobs.personio.com,10
personio,tri,tri.jobs.personio.com,0
personio,twk,twk.jobs.personio.com,0
personio,trauringschmiede,trauringschmiede.jobs.personio.com,14
personio,transitionzero,transitionzero.jobs.personio.com,3
personio,tradingeu,tradingeu.jobs.personio.com,5
personio,twicecommerce,twicecommerce.jobs.personio.com,0
personio,traide-ai,traide-ai.jobs.personio.com,8
personio,tubulis-gmbh,tubulis-gmbh.jobs.personio.com,7
personio,trave,trave.jobs.personio.com,0
personio,topdesk,topdesk.jobs.personio.com,3
personio,trbo,trbo.jobs.personio.com,1
personio,udg,udg.jobs.personio.com,2
personio,ufenau-capital-partners,ufenau-capital-partners.jobs.personio.com,8
personio,tmh,tmh.jobs.personio.com,22
personio,trina-solar-1,trina-solar-1.jobs.personio.com,29
personio,tracebit,tracebit.jobs.personio.com,3
personio,trapp,trapp.jobs.personio.com,16
personio,tutoringforall,tutoringforall.jobs.personio.com,1
personio,turn2x,turn2x.jobs.personio.com,0
personio,trinckle,trinckle.jobs.personio.com,1
personio,twojeys,twojeys.jobs.personio.com,5
personio,ubiops,ubiops.jobs.personio.com,3
personio,ubg,ubg.jobs.personio.com,3
personio,tpg,tpg.jobs.personio.com,28
personio,tupl,tupl.jobs.personio.com,0
personio,ucaneo,ucaneo.jobs.personio.com,4
personio,tsc-life,tsc-life.jobs.personio.com,3
personio,unitedgames,unitedgames.jobs.personio.de,1
personio,tp-link-gmbh,tp-link-gmbh.jobs.personio.com,11
personio,tte-strategy,tte-strategy.jobs.personio.com,6
personio,transreport,transreport.jobs.personio.com,3
personio,towa,towa.jobs.personio.com,37
personio,unity-group-1,unity-group-1.jobs.personio.com,2
personio,unitelabs,unitelabs.jobs.personio.com,1
personio,unterkunft2000,unterkunft2000.jobs.personio.com,3
personio,undgretel,undgretel.jobs.personio.com,5
personio,twentyfour-industries,twentyfour-industries.jobs.personio.com,14
personio,udx,udx.jobs.personio.com,3
personio,univention,univention.jobs.personio.com,3
personio,trimexa,trimexa.jobs.personio.com,3
personio,truecare,truecare.jobs.personio.com,3
personio,trever,trever.jobs.personio.com,8
personio,tazz,tazz.jobs.personio.com,3
personio,uxma,uxma.jobs.personio.com,3
personio,validas-ag,validas-ag.jobs.personio.com,4
personio,urbanheroes,urbanheroes.jobs.personio.com,2
personio,upway,upway.jobs.personio.com,3
personio,unn,unn.jobs.personio.com,3
personio,undkrauss,undkrauss.jobs.personio.com,22
personio,vapaus,vapaus.jobs.personio.com,1
personio,utc,utc.jobs.personio.com,3
personio,valuedesk,valuedesk.jobs.personio.com,11
personio,vapv,vapv.jobs.personio.com,3
personio,unterschwarzach,unterschwarzach.jobs.personio.com,7
personio,utiligence,utiligence.jobs.personio.com,9
personio,vara,vara.jobs.personio.com,1
personio,userlane,userlane.jobs.personio.com,3
personio,vantis,vantis.jobs.personio.com,26
personio,vamedis,vamedis.jobs.personio.com,4
personio,valera,valera.jobs.personio.com,0
personio,vanilla-steel-gmbh,vanilla-steel-gmbh.jobs.personio.com,5
personio,umotif,umotif.jobs.personio.com,0
personio,unionstahl-gmbh,unionstahl-gmbh.jobs.personio.com,19
personio,vaeridion,vaeridion.jobs.personio.com,26
personio,unique,unique.jobs.personio.com,2
personio,vanever,vanever.jobs.personio.com,20
personio,velptec,velptec.jobs.personio.com,8
personio,urano,urano.jobs.personio.com,24
personio,ultralytics,ultralytics.jobs.personio.com,11
personio,verisk,verisk.jobs.personio.com,0
personio,vb-group,vb-group.jobs.personio.com,8
personio,vasco-global-limited,vasco-global-limited.jobs.personio.com,1
personio,umbrella,umbrella.jobs.personio.com,0
personio,varm,varm.jobs.personio.com,7
personio,verdure,verdure.jobs.personio.com,2
personio,vfa,vfa.jobs.personio.com,1
personio,urban-ray,urban-ray.jobs.personio.com,0
personio,varuna,varuna.jobs.personio.com,3
personio,uxcam,uxcam.jobs.personio.com,1
personio,ventomaxx,ventomaxx.jobs.personio.com,4
personio,urlaubstracker,urlaubstracker.jobs.personio.com,7
personio,vc24,vc24.jobs.personio.com,3
personio,vicinity,vicinity.jobs.personio.com,3
personio,valve,valve.jobs.personio.com,1
personio,versorgungszentren-dillingen-gbr,versorgungszentren-dillingen-gbr.jobs.personio.com,26
personio,vdmb,vdmb.jobs.personio.com,3
personio,veedelshelfer,veedelshelfer.jobs.personio.com,3
personio,unite-ggmbh,unite-ggmbh.jobs.personio.com,3
personio,vecttor,vecttor.jobs.personio.com,7
personio,vfhv,vfhv.jobs.personio.com,3
personio,vertice,vertice.jobs.personio.com,3
personio,vexcash,vexcash.jobs.personio.com,3
personio,vetain,vetain.jobs.personio.com,9
personio,visionactive,visionactive.jobs.personio.com,4
personio,vhe,vhe.jobs.personio.com,3
personio,victoria,victoria.jobs.personio.com,3
personio,upper,upper.jobs.personio.com,3
personio,vitafant,vitafant.jobs.personio.com,5
personio,vielfaltmenue,vielfaltmenue.jobs.personio.com,56
personio,villaviva,villaviva.jobs.personio.com,3
personio,vane,vane.jobs.personio.com,0
personio,veridas-1,veridas-1.jobs.personio.com,4
personio,viterbit,viterbit.jobs.personio.com,2
personio,veecle,veecle.jobs.personio.com,1
personio,vgda,vgda.jobs.personio.com,3
personio,vimp,vimp.jobs.personio.com,3
personio,vitbikes,vitbikes.jobs.personio.com,17
personio,veact,veact.jobs.personio.com,1
personio,vocali,vocali.jobs.personio.com,0
personio,vetsak,vetsak.jobs.personio.com,1
personio,vitafy,vitafy.jobs.personio.com,11
personio,visual-components,visual-components.jobs.personio.com,9
personio,vmt-gmbh,vmt-gmbh.jobs.personio.com,9
personio,vlp,vlp.jobs.personio.com,5
personio,viind,viind.jobs.personio.com,4
personio,vollpension,vollpension.jobs.personio.com,16
personio,viataurus,viataurus.jobs.personio.com,14
personio,vom-einfachen-das-gute,vom-einfachen-das-gute.jobs.personio.com,6
personio,vivira,vivira.jobs.personio.com,3
personio,voiio,voiio.jobs.personio.com,12
personio,voy,voy.jobs.personio.com,3
personio,turck-vilant,turck-vilant.jobs.personio.com,1
personio,von-poll,von-poll.jobs.personio.com,6
personio,vsti,vsti.jobs.personio.com,0
personio,vmp,vmp.jobs.personio.com,3
personio,voltfang,voltfang.jobs.personio.com,13
personio,vier,vier.jobs.personio.com,9
personio,vivid,vivid.jobs.personio.com,20
personio,vstep,vstep.jobs.personio.com,1
personio,vodeno,vodeno.jobs.personio.com,7
personio,vska,vska.jobs.personio.com,3
personio,tngtech,,15
personio,wawa,wawa.jobs.personio.com,3
personio,vpdo,vpdo.jobs.personio.com,1
personio,verdane,verdane.jobs.personio.com,2
personio,tomorrow-gmbh,tomorrow-gmbh.jobs.personio.com,3
personio,wapp,wapp.jobs.personio.com,1
personio,waratek,waratek.jobs.personio.com,0
personio,wemolo,wemolo.jobs.personio.com,0
personio,victo-postanova-sl,victo-postanova-sl.jobs.personio.com,0
personio,we-love-x,we-love-x.jobs.personio.com,5
personio,wayt,wayt.jobs.personio.com,3
personio,welevel,welevel.jobs.personio.com,24
personio,warchildnederland,warchildnederland.jobs.personio.com,0
personio,wew,wew.jobs.personio.com,1
personio,wfa,wfa.jobs.personio.com,0
personio,ward-williams,ward-williams.jobs.personio.com,3
personio,wearetblx,wearetblx.jobs.personio.com,3
personio,whe,whe.jobs.personio.com,3
personio,welearn,welearn.jobs.personio.com,1
personio,wentzel-dr-gmbh,wentzel-dr-gmbh.jobs.personio.com,18
personio,wallround,wallround.jobs.personio.com,5
personio,wifor,wifor.jobs.personio.com,3
personio,wiener-bildungsserver,wiener-bildungsserver.jobs.personio.com,0
personio,water,water.jobs.personio.com,7
personio,wemove-europe,wemove-europe.jobs.personio.com,0
personio,weclapp,weclapp.jobs.personio.com,3
personio,wietholt,wietholt.jobs.personio.com,1
personio,wjc,wjc.jobs.personio.com,3
personio,wob,wob.jobs.personio.com,1
personio,war-child-alliance,war-child-alliance.jobs.personio.com,29
personio,weha,weha.jobs.personio.com,0
personio,weber-und-weber-arzneimittel,weber-und-weber-arzneimittel.jobs.personio.com,3
personio,world-data-lab,world-data-lab.jobs.personio.com,0
personio,windup,windup.jobs.personio.com,5
personio,wortstark,wortstark.jobs.personio.com,4
personio,wscad,wscad.jobs.personio.com,14
personio,web-shield,web-shield.jobs.personio.com,0
personio,wos,wos.jobs.personio.com,15
personio,wmu,wmu.jobs.personio.com,3
personio,wetaca,wetaca.jobs.personio.com,4
personio,wirtschaftsbund,wirtschaftsbund.jobs.personio.com,3
personio,wohnungsbau,wohnungsbau.jobs.personio.com,6
personio,wellcosan-gmbh,wellcosan-gmbh.jobs.personio.com,14
personio,wlschroeder,wlschroeder.jobs.personio.com,8
personio,whitestack,whitestack.jobs.personio.com,0
personio,wefralife,wefralife.jobs.personio.com,12
personio,xd-connects,xd-connects.jobs.personio.com,3
personio,wwf-belgium,wwf-belgium.jobs.personio.com,4
personio,welle-und-partner,welle-und-partner.jobs.personio.com,1
personio,xaver-group-gmbh,xaver-group-gmbh.jobs.personio.com,3
personio,wingcopter,wingcopter.jobs.personio.com,14
personio,xebia,xebia.jobs.personio.com,3
personio,weton,weton.jobs.personio.com,2
personio,yarowa,yarowa.jobs.personio.com,3
personio,wund,wund.jobs.personio.com,35
personio,westhouse,westhouse.jobs.personio.com,10
personio,yager,yager.jobs.personio.de,0
personio,yatta,yatta.jobs.personio.com,6
personio,yourjobconsult,yourjobconsult.jobs.personio.com,5
personio,wundermobility,wundermobility.jobs.personio.com,0
personio,xport,xport.jobs.personio.com,0
personio,yco,yco.jobs.personio.com,2
personio,widas,widas.jobs.personio.com,9
personio,web,web.jobs.personio.com,3
personio,yaak-ai-gmbh,yaak-ai-gmbh.jobs.personio.com,0
personio,zad,zad.jobs.personio.com,0
personio,youth-climate-lab,youth-climate-lab.jobs.personio.com,1
personio,yepp,yepp.jobs.personio.com,2
personio,yoc,yoc.jobs.personio.com,10
personio,ygo,ygo.jobs.personio.com,3
personio,zauberdergewuerze,zauberdergewuerze.jobs.personio.com,3
personio,wik,wik.jobs.personio.com,5
personio,wizards,wizards.jobs.personio.com,3
personio,ytec,ytec.jobs.personio.com,5
personio,y1-digital-ag,y1-digital-ag.jobs.personio.com,4
personio,tracify,tracify.jobs.personio.com,2
personio,zellerfeld,zellerfeld.jobs.personio.com,26
personio,wirthgruppe,wirthgruppe.jobs.personio.com,7
personio,xpate,xpate.jobs.personio.com,11
personio,zartis,zartis.jobs.personio.com,3
personio,yaba,yaba.jobs.personio.com,4
personio,zerog-gmbh,zerog-gmbh.jobs.personio.com,0
personio,xtb-espana,xtb-espana.jobs.personio.com,1
personio,webuildai,webuildai.jobs.personio.com,3
personio,zbf,zbf.jobs.personio.com,16
personio,zaleos,zaleos.jobs.personio.com,1
personio,yuri,yuri.jobs.personio.com,2
personio,zentrum-fuer-bilddiagnostik-ag,zentrum-fuer-bilddiagnostik-ag.jobs.personio.com,3
personio,webmatch,webmatch.jobs.personio.com,3
personio,worksimple,worksimple.jobs.personio.com,3
personio,yoursquares,yoursquares.jobs.personio.com,7
personio,ypsilon,ypsilon.jobs.personio.com,19
personio,zfb,zfb.jobs.personio.com,45
personio,xempus,xempus.jobs.personio.com,4
personio,zeinpharma,zeinpharma.jobs.personio.com,3
personio,zora-ecosystems,zora-ecosystems.jobs.personio.com,1
personio,yuma,yuma.jobs.personio.com,0
personio,wow,wow.jobs.personio.com,2
personio,zpuegmbh,zpuegmbh.jobs.personio.com,9
personio,vamo,vamo.jobs.personio.com,29
personio,ztk,ztk.jobs.personio.com,36
personio,wirecube,wirecube.jobs.personio.com,2
personio,autohaus-kahle-gmbh-co-kg,autohaus-kahle-gmbh-co-kg.jobs.personio.com,22
personio,autohaus-bleker-gmbh,autohaus-bleker-gmbh.jobs.personio.com,91
personio,avantgarde,avantgarde.jobs.personio.com,104
personio,autohaus-royal,autohaus-royal.jobs.personio.com,46
personio,consileon,consileon.jobs.personio.com,58
personio,dolatel,dolatel.jobs.personio.com,21
personio,dr-bernhard-burger-ag,dr-bernhard-burger-ag.jobs.personio.com,9
personio,dornier-group,dornier-group.jobs.personio.com,29
personio,ecovis-kso,ecovis-kso.jobs.personio.com,60
personio,fibrus,fibrus.jobs.personio.com,17
personio,feld-energy,feld-energy.jobs.personio.com,20
personio,flemming-dental,flemming-dental.jobs.personio.com,51
personio,flatrock,flatrock.jobs.personio.com,77
personio,evorait,evorait.jobs.personio.com,37
personio,flabelus,flabelus.jobs.personio.com,22
personio,flatpay,flatpay.jobs.personio.com,175
personio,garla,garla.jobs.personio.com,123
personio,hsm,hsm.jobs.personio.com,2
personio,hypatos-gmbh,hypatos-gmbh.jobs.personio.com,13
personio,hola-consultores-sl,hola-consultores-sl.jobs.personio.com,14
personio,holy,holy.jobs.personio.com,40
personio,homeserve,homeserve.jobs.personio.com,185
personio,init-ag,init-ag.jobs.personio.com,155
personio,nuru,nuru.jobs.personio.com,2
personio,nexia,nexia.jobs.personio.com,95
personio,ohpen,ohpen.jobs.personio.com,9
personio,onventis,onventis.jobs.personio.com,12
personio,ommax,ommax.jobs.personio.com,76
personio,output-sports,output-sports.jobs.personio.com,0
personio,otonomee,otonomee.jobs.personio.com,4
personio,starface,starface.jobs.personio.com,14
personio,sirius,sirius.jobs.personio.com,45
personio,smilodox,smilodox.jobs.personio.com,3
personio,smart-pa,smart-pa.jobs.personio.com,12
personio,sonachhaltig,sonachhaltig.jobs.personio.com,25
personio,stratosphere-games,stratosphere-games.jobs.personio.com,2
personio,teamative,teamative.jobs.personio.com,17
personio,taxy-io-gmbh,taxy-io-gmbh.jobs.personio.com,3
personio,stark,stark.jobs.personio.com,133
personio,tonies,tonies.jobs.personio.com,12
personio,tok-food-gmbh,tok-food-gmbh.jobs.personio.com,4
personio,topgolf,topgolf.jobs.personio.com,17
personio,toelke-fischer-gmbh-co-kg,toelke-fischer-gmbh-co-kg.jobs.personio.com,35
personio,tiemeyer,tiemeyer.jobs.personio.com,104
personio,wild-balance,wild-balance.jobs.personio.com,3
personio,westwing,westwing.jobs.personio.com,52
