ats,tenant,url,jobs
workable,12go,https://apply.workable.com/12go,2
workable,1000heads,https://apply.workable.com/1000heads,29
workable,1870-ventures,https://apply.workable.com/1870-ventures,0
workable,100x,https://apply.workable.com/100x,1
workable,1-resource-group,https://apply.workable.com/1-resource-group,30
workable,1871,https://apply.workable.com/1871,0
workable,10x-3,https://apply.workable.com/10x-3,0
workable,10-minutes-with,https://10-minutes-with.workable.com,0
workable,1-stopasia,https://apply.workable.com/1-stopasia,1
workable,1111systems,https://apply.workable.com/1111systems,0
workable,1111systems-archive-1717026684,https://apply.workable.com/1111systems-archive-1717026684,0
workable,123formbuilder,https://apply.workable.com/123formbuilder,0
workable,123rf,https://apply.workable.com/123rf,0
workable,18-coffees,https://apply.workable.com/18-coffees,0
workable,1datagroup,https://apply.workable.com/1datagroup,0
workable,1ovmany,https://apply.workable.com/1ovmany,0
workable,1rebel,https://apply.workable.com/1rebel,0
workable,15below-ltd,https://apply.workable.com/15below-ltd,0
workable,123rf-technology,https://123rf-technology.workable.com,0
workable,18-week-support-1,https://apply.workable.com/18-week-support-1,0
workable,1p,https://apply.workable.com/1p,0
workable,1spatial,https://apply.workable.com/1spatial,0
workable,1776homecare,https://apply.workable.com/1776homecare,0
workable,10pearls,https://apply.workable.com/10pearls,0
workable,2-1-1-big-bend,https://apply.workable.com/2-1-1-big-bend,1
workable,211-broward-1,https://apply.workable.com/211-broward-1,0
workable,0800-bancos,https://apply.workable.com/0800-bancos,0
workable,11-fs,https://apply.workable.com/11-fs,0
workable,10xfuturetechnologies,https://apply.workable.com/10xfuturetechnologies,0
workable,219-design,https://apply.workable.com/219-design,0
workable,1valet,https://apply.workable.com/1valet,0
workable,1point21-interactive,https://apply.workable.com/1point21-interactive,6
workable,10clouds,https://apply.workable.com/10clouds,0
workable,100mentors,https://apply.workable.com/100mentors,0
workable,1st-choice-roofing-company,https://apply.workable.com/1st-choice-roofing-company,0
workable,10xerp,https://apply.workable.com/10xerp,0
workable,1mm,https://apply.workable.com/1mm,0
workable,1kosmos,https://apply.workable.com/1kosmos,13
workable,10xbanking,https://apply.workable.com/10xbanking,0
workable,1915-south-ashley,https://apply.workable.com/1915-south-ashley,51
workable,1global,https://apply.workable.com/1global,94
workable,2070health,https://apply.workable.com/2070health,111
workable,21ilab,https://apply.workable.com/21ilab,0
workable,247-express-enterprises,https://apply.workable.com/247-express-enterprises,0
workable,24-7intouch,https://apply.workable.com/24-7intouch,0
workable,247networks,https://apply.workable.com/247networks,0
workable,252fapply,https://apply.workable.com/252fapply,0
workable,247laundryservice,https://apply.workable.com/247laundryservice,0
workable,26five,https://26five.workable.com,0
workable,24hourdentalcare,https://24hourdentalcare.workable.com,0
workable,28stone,https://apply.workable.com/28stone,0
workable,315health,https://apply.workable.com/315health,0
workable,2fwww,https://apply.workable.com/2fwww,0
workable,33,https://apply.workable.com/33,0
workable,33vincent,https://apply.workable.com/33vincent,0
workable,2momscleaning,https://apply.workable.com/2momscleaning,0
workable,2fid,https://apply.workable.com/2fid,0
workable,3-oaks-gaming,https://apply.workable.com/3-oaks-gaming,4
workable,352-inc,https://352-inc.workable.com,0
workable,360digitalgroup,https://apply.workable.com/360digitalgroup,0
workable,257,https://apply.workable.com/257,0
workable,360factors,https://360factors.workable.com,0
workable,33usa,https://apply.workable.com/33usa,11
workable,2modern,https://apply.workable.com/2modern,2
workable,2finskin-media,https://2finskin-media.workable.com,0
workable,365-fulfillment-services,https://apply.workable.com/365-fulfillment-services,0
workable,360-insurance-group,https://apply.workable.com/360-insurance-group,0
workable,360dialog-gmbh,https://apply.workable.com/360dialog-gmbh,45
workable,365domain,https://apply.workable.com/365domain,17
workable,2fapply,https://apply.workable.com/2fapply,0
workable,37signals,https://apply.workable.com/37signals,0
workable,38land,https://apply.workable.com/38land,0
workable,383,https://apply.workable.com/383,0
workable,3degrees,https://apply.workable.com/3degrees,14
workable,3e,https://apply.workable.com/3e,10
workable,3keylogic,https://apply.workable.com/3keylogic,0
workable,3fa,https://apply.workable.com/3fa,0
workable,3nk-engineers-and-architects,https://apply.workable.com/3nk-engineers-and-architects,8
workable,3plearning,https://apply.workable.com/3plearning,0
workable,3s-ventures,https://3s-ventures.workable.com,0
workable,3squared,https://apply.workable.com/3squared,0
workable,3ss,https://apply.workable.com/3ss,0
workable,3v-sigma-usa-inc,https://apply.workable.com/3v-sigma-usa-inc,0
workable,419,https://apply.workable.com/419,0
workable,417,https://apply.workable.com/417,0
workable,42hertz,https://apply.workable.com/42hertz,0
workable,42matters,https://apply.workable.com/42matters,0
workable,4docean,https://4docean.workable.com,0
workable,412,https://apply.workable.com/412,0
workable,4mativ-technologies,https://apply.workable.com/4mativ-technologies,1
workable,4i-inc-1,https://4i-inc-1.workable.com,0
workable,4most,https://apply.workable.com/4most,0
workable,4sightconsulting,https://apply.workable.com/4sightconsulting,0
workable,4oc,https://4oc.workable.com,0
workable,4th-and-reckless,https://apply.workable.com/4th-and-reckless,2
workable,49-solutions-1,https://apply.workable.com/49-solutions-1,8
workable,500global,https://apply.workable.com/500global,0
workable,274-construction-group-inc,https://apply.workable.com/274-construction-group-inc,0
workable,500startups,https://apply.workable.com/500startups,0
workable,4chain-consulting,https://apply.workable.com/4chain-consulting,133
workable,554848,https://apply.workable.com/554848,20
workable,5th-kind,https://apply.workable.com/5th-kind,0
workable,5th-world,https://apply.workable.com/5th-world,0
workable,6-pack-macros-llc,https://apply.workable.com/6-pack-macros-llc,0
workable,5foldmarketing,https://apply.workable.com/5foldmarketing,0
workable,605,https://apply.workable.com/605,0
workable,640-acres,https://apply.workable.com/640-acres,0
workable,605-1,https://apply.workable.com/605-1,0
workable,365-holdings,https://apply.workable.com/365-holdings,0
workable,6figurecreative,https://apply.workable.com/6figurecreative,0
workable,700apps-2,https://apply.workable.com/700apps-2,0
workable,6point6,https://apply.workable.com/6point6,0
workable,72-point,https://apply.workable.com/72-point,0
workable,77digital,https://77digital.workable.com,0
workable,7digital,https://apply.workable.com/7digital,0
workable,8-dot-f-inance,https://apply.workable.com/8-dot-f-inance,0
workable,7days-labs,https://apply.workable.com/7days-labs,0
workable,7pc,https://apply.workable.com/7pc,0
workable,7pace,https://apply.workable.com/7pace,0
workable,7figuredocs,https://apply.workable.com/7figuredocs,0
workable,7thsense,https://apply.workable.com/7thsense,6
workable,8fit,https://apply.workable.com/8fit,0
workable,8bars,https://apply.workable.com/8bars,0
workable,8base-inc,https://apply.workable.com/8base-inc,0
workable,8i,https://apply.workable.com/8i,0
workable,8twelve,https://apply.workable.com/8twelve,0
workable,900lbs-of-creative-1,https://apply.workable.com/900lbs-of-creative-1,0
workable,83bar,https://apply.workable.com/83bar,0
workable,90poe-1,https://apply.workable.com/90poe-1,0
workable,99x-careers,https://apply.workable.com/99x-careers,0
workable,99xamericas,https://apply.workable.com/99xamericas,0
workable,99xbrazil,https://apply.workable.com/99xbrazil,2
workable,99xtechnology-careers,https://apply.workable.com/99xtechnology-careers,0
workable,9fin,https://apply.workable.com/9fin,0
workable,9dtechnologies-1,https://apply.workable.com/9dtechnologies-1,17
workable,a-bridge-to-achievement,https://apply.workable.com/a-bridge-to-achievement,0
workable,a-hatzopoulos-sa,https://apply.workable.com/a-hatzopoulos-sa,8
workable,a-hundred-years,https://a-hundred-years.workable.com,0
workable,a-la-carte-solutions,https://apply.workable.com/a-la-carte-solutions,5
workable,a-more-perfect-union-the-jewish-partnership-for-democracy,https://apply.workable.com/a-more-perfect-union-the-jewish-partnership-for-democracy,0
workable,a17,https://apply.workable.com/a17,3
workable,aabak,https://aabak.workable.com,0
workable,a2z-youthsolution,https://apply.workable.com/a2z-youthsolution,0
workable,a2-bio,https://apply.workable.com/a2-bio,0
workable,a2e-technologies-1,https://apply.workable.com/a2e-technologies-1,13
workable,aacsb-international,https://apply.workable.com/aacsb-international,0
workable,aand-m-architects-sa,https://apply.workable.com/aand-m-architects-sa,1
workable,aac-usa,https://apply.workable.com/aac-usa,4
workable,a2mac1,https://apply.workable.com/a2mac1,53
workable,aambience-services,https://apply.workable.com/aambience-services,11
workable,ab-marketing,https://apply.workable.com/ab-marketing,4
workable,aardvark-studios,https://apply.workable.com/aardvark-studios,5
workable,abaholding,https://apply.workable.com/abaholding,0
workable,abakus,https://apply.workable.com/abakus,0
workable,abalone-bio,https://apply.workable.com/abalone-bio,0
workable,abana-enterprises-group-co,https://apply.workable.com/abana-enterprises-group-co,1
workable,abatable,https://apply.workable.com/abatable,0
workable,abakus-center,https://apply.workable.com/abakus-center,20
workable,abbots-care-1,https://apply.workable.com/abbots-care-1,0
workable,abci,https://apply.workable.com/abci,0
workable,abc-plumbing-heating-and-cooling,https://apply.workable.com/abc-plumbing-heating-and-cooling,0
workable,abcosubsea,https://apply.workable.com/abcosubsea,1
workable,abercrombie-and-kent-1,https://apply.workable.com/abercrombie-and-kent-1,0
workable,abide,https://apply.workable.com/abide,0
workable,abcom,https://apply.workable.com/abcom,26
workable,abi-hiring,https://apply.workable.com/abi-hiring,10
workable,abilene-machine-inc,https://apply.workable.com/abilene-machine-inc,0
workable,ablestar,https://apply.workable.com/ablestar,0
workable,abl-schools,https://apply.workable.com/abl-schools,0
workable,abntec,https://apply.workable.com/abntec,0
workable,about-fresh,https://apply.workable.com/about-fresh,0
workable,above-roofing-inc,https://apply.workable.com/above-roofing-inc,2
workable,absolutelybeautifulflowers,https://apply.workable.com/absolutelybeautifulflowers,3
workable,abpipeliners,https://apply.workable.com/abpipeliners,12
workable,abstract-developments,https://apply.workable.com/abstract-developments,0
workable,abu-dhabi-investment-council,https://apply.workable.com/abu-dhabi-investment-council,4
workable,above-the-treeline,https://apply.workable.com/above-the-treeline,0
workable,abzorbagames,https://apply.workable.com/abzorbagames,1
workable,abtrace,https://apply.workable.com/abtrace,12
workable,acadaca,https://apply.workable.com/acadaca,0
workable,academy-of-medical-sciences,https://apply.workable.com/academy-of-medical-sciences,3
workable,acadia-center,https://apply.workable.com/acadia-center,2
workable,acceleratetech,https://apply.workable.com/acceleratetech,0
workable,accepted-ltd,https://apply.workable.com/accepted-ltd,7
workable,accelerating-appalachia,https://apply.workable.com/accelerating-appalachia,0
workable,access-analytix,https://apply.workable.com/access-analytix,0
workable,accellor,https://apply.workable.com/accellor,31
workable,abm-careers,https://apply.workable.com/abm-careers,181
workable,accelevents,https://apply.workable.com/accelevents,0
workable,access-bank-plc-2,https://apply.workable.com/access-bank-plc-2,0
workable,access-bank,https://apply.workable.com/access-bank,51
workable,access-holding,https://apply.workable.com/access-holding,0
workable,abis,https://apply.workable.com/abis,74
workable,accessgenie,https://apply.workable.com/accessgenie,0
workable,accessnowapp,https://apply.workable.com/accessnowapp,0
workable,access-services-3,https://apply.workable.com/access-services-3,39
workable,accesso,https://apply.workable.com/accesso,0
workable,accessorypower,https://apply.workable.com/accessorypower,1
workable,accomplice,https://accomplice.workable.com,0
workable,accordia,https://apply.workable.com/accordia,2
workable,accomplishr,https://apply.workable.com/accomplishr,0
workable,accountability-counsel,https://apply.workable.com/accountability-counsel,0
workable,accora,https://apply.workable.com/accora,4
workable,accountancycloud,https://apply.workable.com/accountancycloud,0
workable,accounttech,https://apply.workable.com/accounttech,0
workable,accounts,https://apply.workable.com/accounts,0
workable,accountingprose-hiring,https://apply.workable.com/accountingprose-hiring,0
workable,accrete,https://apply.workable.com/accrete,0
workable,accrue-technologies,https://apply.workable.com/accrue-technologies,0
workable,accurant,https://apply.workable.com/accurant,4
workable,accurity,https://apply.workable.com/accurity,0
workable,ace-games,https://apply.workable.com/ace-games,5
workable,ace-pressure-washing,https://apply.workable.com/ace-pressure-washing,0
workable,ace-training-1,https://apply.workable.com/ace-training-1,0
workable,acdisaster,https://apply.workable.com/acdisaster,31
workable,aced,https://apply.workable.com/aced,0
workable,acelab,https://apply.workable.com/acelab,0
workable,acentra-health,https://apply.workable.com/acentra-health,0
workable,acensblue,https://apply.workable.com/acensblue,17
workable,acfcanada,https://apply.workable.com/acfcanada,0
workable,aces-united-llc,https://aces-united-llc.workable.com,0
workable,achilles-therapeutics,https://apply.workable.com/achilles-therapeutics,0
workable,acho,https://apply.workable.com/acho,0
workable,achs,https://apply.workable.com/achs,0
workable,achieveit,https://apply.workable.com/achieveit,1
workable,ackerherz,https://apply.workable.com/ackerherz,3
workable,acliviti,https://apply.workable.com/acliviti,0
workable,acl-authentic-charisma-ltd,https://apply.workable.com/acl-authentic-charisma-ltd,0
workable,acie,https://acie.workable.com,0
workable,acm-strategies,https://apply.workable.com/acm-strategies,0
workable,acnrinc,https://apply.workable.com/acnrinc,0
workable,acodis,https://apply.workable.com/acodis,0
workable,acloud,https://apply.workable.com/acloud,11
workable,ace-it-careers-1,https://apply.workable.com/ace-it-careers-1,17
workable,acorn-analytics,https://apply.workable.com/acorn-analytics,0
workable,acoladgroup,https://apply.workable.com/acoladgroup,0
workable,acoustic-3,https://apply.workable.com/acoustic-3,0
workable,acorn-product-development,https://apply.workable.com/acorn-product-development,5
workable,acquirecrowd,https://apply.workable.com/acquirecrowd,0
workable,acquirejobs,https://acquirejobs.workable.com,0
workable,acquiremarketing,https://apply.workable.com/acquiremarketing,0
workable,acs-sa,https://apply.workable.com/acs-sa,0
workable,act-for-peace,https://apply.workable.com/act-for-peace,0
workable,act1federal,https://apply.workable.com/act1federal,0
workable,action-against-hunger,https://apply.workable.com/action-against-hunger,26
workable,action-against-hunger-4,https://action-against-hunger-4.workable.com,0
workable,action-day-schools,https://apply.workable.com/action-day-schools,19
workable,action-finance-initiative,https://apply.workable.com/action-finance-initiative,0
workable,action-network-1,https://apply.workable.com/action-network-1,0
workable,actionaid-hellas,https://apply.workable.com/actionaid-hellas,0
workable,activ-2,https://apply.workable.com/activ-2,2
workable,actioniq,https://apply.workable.com/actioniq,0
workable,activetheory,https://apply.workable.com/activetheory,0
workable,active-training-team,https://apply.workable.com/active-training-team,0
workable,activematter,https://apply.workable.com/activematter,0
workable,activatecare,https://apply.workable.com/activatecare,5
workable,active-partners,https://apply.workable.com/active-partners,0
workable,activecampaign-1,https://activecampaign-1.workable.com,0
workable,acs-networks-and-technologies,https://apply.workable.com/acs-networks-and-technologies,0
workable,actsecond,https://apply.workable.com/actsecond,2
workable,acelr8,https://apply.workable.com/acelr8,0
workable,activtrak,https://apply.workable.com/activtrak,4
workable,action1,https://apply.workable.com/action1,25
workable,actionline-ltd,https://apply.workable.com/actionline-ltd,48
workable,acuity-scheduling,https://apply.workable.com/acuity-scheduling,0
workable,acuity-insights,https://apply.workable.com/acuity-insights,4
workable,actoncapital,https://apply.workable.com/actoncapital,0
workable,activate-interactive-pte-ltd,https://apply.workable.com/activate-interactive-pte-ltd,62
workable,acuityinnovations,https://acuityinnovations.workable.com,0
workable,acumentechnology,https://apply.workable.com/acumentechnology,4
workable,actionstep,https://apply.workable.com/actionstep,7
workable,acumen-fiscal-agent-1,https://apply.workable.com/acumen-fiscal-agent-1,6
workable,activation-capital,https://apply.workable.com/activation-capital,0
workable,acutec-precision-aerospace-inc,https://apply.workable.com/acutec-precision-aerospace-inc,0
workable,acusensus-new-zealand,https://apply.workable.com/acusensus-new-zealand,2
workable,adacom-sa-2,https://apply.workable.com/adacom-sa-2,7
workable,adamasbuildingservices,https://apply.workable.com/adamasbuildingservices,0
workable,adam-fard-studio,https://apply.workable.com/adam-fard-studio,0
workable,adalysis,https://apply.workable.com/adalysis,0
workable,adam-shay-cpa-pllc,https://apply.workable.com/adam-shay-cpa-pllc,0
workable,adams-hr-group,https://apply.workable.com/adams-hr-group,0
workable,adaptive-lab,https://apply.workable.com/adaptive-lab,0
workable,adapt1solution,https://apply.workable.com/adapt1solution,12
workable,adaptavist,https://apply.workable.com/adaptavist,0
workable,adaptalogix,https://apply.workable.com/adaptalogix,0
workable,adaptable,https://apply.workable.com/adaptable,0
workable,adaptera,https://apply.workable.com/adaptera,4
workable,adarepharmasolutions,https://apply.workable.com/adarepharmasolutions,0
workable,adaptit,https://apply.workable.com/adaptit,8
workable,adaxem,https://apply.workable.com/adaxem,0
workable,adb-interests,https://apply.workable.com/adb-interests,0
workable,acymailing,https://apply.workable.com/acymailing,0
workable,adcetera,https://apply.workable.com/adcetera,0
workable,adcash,https://apply.workable.com/adcash,0
workable,add-to-event-26,https://apply.workable.com/add-to-event-26,0
workable,addefend-gmbh,https://apply.workable.com/addefend-gmbh,0
workable,addison-lee-group,https://apply.workable.com/addison-lee-group,0
workable,addjust,https://apply.workable.com/addjust,0
workable,addpbj,https://apply.workable.com/addpbj,0
workable,adduco,https://adduco.workable.com,0
workable,adello,https://apply.workable.com/adello,0
workable,adentro,https://apply.workable.com/adentro,0
workable,addynamo,https://apply.workable.com/addynamo,0
workable,adept-consulting-services-inc,https://apply.workable.com/adept-consulting-services-inc,11
workable,adepto-technical-recruitment,https://apply.workable.com/adepto-technical-recruitment,16
workable,adevinta-cmh-kft,https://apply.workable.com/adevinta-cmh-kft,0
workable,adhocteam,https://apply.workable.com/adhocteam,0
workable,adfix,https://apply.workable.com/adfix,0
workable,adenda,https://apply.workable.com/adenda,0
workable,adgoat,https://apply.workable.com/adgoat,0
workable,adhvitiya-the-acquisition-company,https://apply.workable.com/adhvitiya-the-acquisition-company,0
workable,adl-ventures,https://apply.workable.com/adl-ventures,0
workable,adia,https://apply.workable.com/adia,9
workable,aditazz,https://apply.workable.com/aditazz,0
workable,adjacent,https://apply.workable.com/adjacent,0
workable,admax-local-llc,https://apply.workable.com/admax-local-llc,0
workable,adk-electric,https://apply.workable.com/adk-electric,0
workable,admie,https://apply.workable.com/admie,0
workable,admirals,https://apply.workable.com/admirals,3
workable,adamkhoo,https://adamkhoo.workable.com,0
workable,adnoc-schools,https://apply.workable.com/adnoc-schools,0
workable,adobe,https://apply.workable.com/adobe,0
workable,adomik,https://apply.workable.com/adomik,0
workable,adoric,https://apply.workable.com/adoric,0
workable,adoriasoft,https://apply.workable.com/adoriasoft,0
workable,adpushup,https://apply.workable.com/adpushup,0
workable,adrianas-insurance,https://apply.workable.com/adrianas-insurance,0
workable,advance,https://apply.workable.com/advance,0
workable,adquadrant,https://apply.workable.com/adquadrant,0
workable,adtheorent-1,https://apply.workable.com/adtheorent-1,0
workable,adtech-polymer-engineering-ltd,https://apply.workable.com/adtech-polymer-engineering-ltd,0
workable,adshotel,https://apply.workable.com/adshotel,0
workable,adsplus,https://apply.workable.com/adsplus,0
workable,advance-millwrights-inc,https://apply.workable.com/advance-millwrights-inc,0
workable,adurolife,https://apply.workable.com/adurolife,0
workable,adservio,https://apply.workable.com/adservio,0
workable,adtechnacity,https://adtechnacity.workable.com,0
workable,adpages,https://adpages.workable.com,0
workable,advanced-behavioral-health-inc,https://apply.workable.com/advanced-behavioral-health-inc,7
workable,adree,https://apply.workable.com/adree,13
workable,advanced-bonded,https://apply.workable.com/advanced-bonded,0
workable,advanced-pediatric-care,https://apply.workable.com/advanced-pediatric-care,0
workable,advancial,https://apply.workable.com/advancial,12
workable,advancing-eco-agriculture,https://apply.workable.com/advancing-eco-agriculture,0
workable,admazing,https://apply.workable.com/admazing,0
workable,advantage-home-care-2,https://apply.workable.com/advantage-home-care-2,0
workable,advantage-premier-consulting,https://apply.workable.com/advantage-premier-consulting,0
workable,advantage-rehab-inc,https://apply.workable.com/advantage-rehab-inc,0
workable,advantio,https://apply.workable.com/advantio,0
workable,advansys-esc-1,https://apply.workable.com/advansys-esc-1,40
workable,advantagecare-home-health,https://apply.workable.com/advantagecare-home-health,13
workable,advantis,https://apply.workable.com/advantis,0
workable,advicefront,https://apply.workable.com/advicefront,0
workable,advicechaser,https://apply.workable.com/advicechaser,0
workable,adverto,https://apply.workable.com/adverto,0
workable,advantic,https://apply.workable.com/advantic,0
workable,adventure-cow,https://apply.workable.com/adventure-cow,0
workable,advengers,https://apply.workable.com/advengers,4
workable,advisable,https://advisable.workable.com,0
workable,advisorwebsites,https://apply.workable.com/advisorwebsites,0
workable,advictory-1,https://apply.workable.com/advictory-1,0
workable,advfn,https://apply.workable.com/advfn,0
workable,advoc8,https://apply.workable.com/advoc8,0
workable,adverity,https://apply.workable.com/adverity,6
workable,advocate-construction,https://apply.workable.com/advocate-construction,0
workable,advocate-roofing,https://apply.workable.com/advocate-roofing,0
workable,advantmed,https://apply.workable.com/advantmed,111
workable,advocacyarchitects,https://apply.workable.com/advocacyarchitects,0
workable,adoreal,https://apply.workable.com/adoreal,62
workable,advoice,https://apply.workable.com/advoice,0
workable,advantagefse,https://apply.workable.com/advantagefse,0
workable,advologix-dot-com,https://apply.workable.com/advologix-dot-com,0
workable,adzuna-2,https://apply.workable.com/adzuna-2,8
workable,advomatic,https://apply.workable.com/advomatic,0
workable,advanced-health-services-1,https://apply.workable.com/advanced-health-services-1,0
workable,ae-perkins,https://apply.workable.com/ae-perkins,7
workable,advtis,https://apply.workable.com/advtis,0
workable,advisacare-2,https://apply.workable.com/advisacare-2,343
workable,aea-relate-s-dot-a,https://apply.workable.com/aea-relate-s-dot-a,2
workable,aescape,https://apply.workable.com/aescape,0
workable,aesthetix-crm,https://apply.workable.com/aesthetix-crm,0
workable,aethir,https://apply.workable.com/aethir,0
workable,aes-international,https://aes-international.workable.com,0
workable,aegros,https://apply.workable.com/aegros,0
workable,aesthetic-integration,https://apply.workable.com/aesthetic-integration,0
workable,aesthetidocs,https://apply.workable.com/aesthetidocs,0
workable,aerocloud-systems,https://apply.workable.com/aerocloud-systems,0
workable,aerones,https://apply.workable.com/aerones,44
workable,aegean-baltic-bank,https://apply.workable.com/aegean-baltic-bank,0
workable,aegiq,https://apply.workable.com/aegiq,0
workable,aethon-energy,https://apply.workable.com/aethon-energy,0
workable,aetos-systems-inc,https://apply.workable.com/aetos-systems-inc,15
workable,afa,https://apply.workable.com/afa,0
workable,afc-urgent-care,https://apply.workable.com/afc-urgent-care,0
workable,afcomsat,https://afcomsat.workable.com,0
workable,afficiency,https://apply.workable.com/afficiency,0
workable,afglobal-corporation,https://apply.workable.com/afglobal-corporation,0
workable,afh-financial-group,https://apply.workable.com/afh-financial-group,0
workable,afiniti,https://apply.workable.com/afiniti,0
workable,afkvr,https://apply.workable.com/afkvr,0
workable,africasokoni,https://apply.workable.com/africasokoni,0
workable,african-community-center-for-social-sustainability,https://apply.workable.com/african-community-center-for-social-sustainability,0
workable,afriglobal-medicare,https://apply.workable.com/afriglobal-medicare,0
workable,afs,https://apply.workable.com/afs,0
workable,again,https://apply.workable.com/again,0
workable,afriko-2,https://apply.workable.com/afriko-2,0
workable,against,https://apply.workable.com/against,0
workable,african-safari-group,https://apply.workable.com/african-safari-group,4
workable,aftonpartners,https://apply.workable.com/aftonpartners,0
workable,agence-whodunit,https://agence-whodunit.workable.com,0
workable,afternet,https://apply.workable.com/afternet,0
workable,agency-services,https://apply.workable.com/agency-services,0
workable,agcp,https://apply.workable.com/agcp,11
workable,ag-barr,https://apply.workable.com/ag-barr,19
workable,aerohead,https://apply.workable.com/aerohead,0
workable,agencymax,https://apply.workable.com/agencymax,0
workable,agenda-for-children,https://agenda-for-children.workable.com,0
workable,agencyof,https://apply.workable.com/agencyof,0
workable,agenda21-digital,https://apply.workable.com/agenda21-digital,0
workable,agendaedu,https://apply.workable.com/agendaedu,0
workable,agentinbox,https://apply.workable.com/agentinbox,0
workable,ageras,https://apply.workable.com/ageras,0
workable,agevis,https://agevis.workable.com,0
workable,aggio,https://apply.workable.com/aggio,0
workable,agi-uk,https://apply.workable.com/agi-uk,1
workable,agile-analog-ltd,https://apply.workable.com/agile-analog-ltd,0
workable,agilecontent,https://apply.workable.com/agilecontent,0
workable,agile-robots,https://apply.workable.com/agile-robots,5
workable,agilis-sprl,https://apply.workable.com/agilis-sprl,0
workable,agiliscommerce,https://apply.workable.com/agiliscommerce,0
workable,agilis-sa,https://apply.workable.com/agilis-sa,0
workable,agilesix,https://apply.workable.com/agilesix,0
workable,agiletrailblazers,https://apply.workable.com/agiletrailblazers,0
workable,aginic,https://apply.workable.com/aginic,0
workable,agilytic,https://apply.workable.com/agilytic,6
workable,aging-and-long-term-services-department,https://apply.workable.com/aging-and-long-term-services-department,0
workable,aginicx,https://aginicx.workable.com,0
workable,agorapulse,https://apply.workable.com/agorapulse,0
workable,agility,https://apply.workable.com/agility,27
workable,agogo,https://agogo.workable.com,0
workable,agriprove,https://apply.workable.com/agriprove,0
workable,agrevolution,https://apply.workable.com/agrevolution,0
workable,agora-data-inc,https://apply.workable.com/agora-data-inc,0
workable,agrisolve,https://apply.workable.com/agrisolve,0
workable,agileactors,https://apply.workable.com/agileactors,21
workable,agroapps-pc,https://apply.workable.com/agroapps-pc,0
workable,agroknow,https://apply.workable.com/agroknow,0
workable,afg,https://apply.workable.com/afg,1466
workable,agentmethods,https://apply.workable.com/agentmethods,0
workable,agilemd,https://apply.workable.com/agilemd,0
workable,agt-group-1,https://apply.workable.com/agt-group-1,13
workable,agx-world,https://apply.workable.com/agx-world,0
workable,ahgain,https://apply.workable.com/ahgain,0
workable,ahmed-seddiqi-and-sons,https://apply.workable.com/ahmed-seddiqi-and-sons,0
workable,ahoyconnect,https://apply.workable.com/ahoyconnect,0
workable,ai-collaborative,https://apply.workable.com/ai-collaborative,0
workable,ai-builders,https://apply.workable.com/ai-builders,6
workable,ahv-international,https://apply.workable.com/ahv-international,2
workable,ai-digital-nexus-dot-c-om,https://apply.workable.com/ai-digital-nexus-dot-c-om,0
workable,ai-now-institute,https://apply.workable.com/ai-now-institute,0
workable,ai-robot-association,https://apply.workable.com/ai-robot-association,35
workable,aidaly,https://apply.workable.com/aidaly,0
workable,aidan-patric-hairdressing,https://apply.workable.com/aidan-patric-hairdressing,0
workable,aicfast,https://apply.workable.com/aicfast,6
workable,aia-california-council,https://aia-california-council.workable.com,0
workable,ai-acquisition,https://apply.workable.com/ai-acquisition,54
workable,ahsproperties,https://apply.workable.com/ahsproperties,53
workable,aidplex,https://apply.workable.com/aidplex,0
workable,aicure,https://apply.workable.com/aicure,0
workable,aiir-consulting,https://apply.workable.com/aiir-consulting,0
workable,aiimi-ltd,https://apply.workable.com/aiimi-ltd,0
workable,aietes,https://apply.workable.com/aietes,2
workable,aimhi-earth,https://apply.workable.com/aimhi-earth,0
workable,ailevate,https://apply.workable.com/ailevate,0
workable,aimglo,https://apply.workable.com/aimglo,0
workable,ainfin,https://apply.workable.com/ainfin,0
workable,aims-holding,https://apply.workable.com/aims-holding,0
workable,aintu-inc,https://apply.workable.com/aintu-inc,0
workable,aioma,https://apply.workable.com/aioma,0
workable,aion,https://apply.workable.com/aion,5
workable,aiotv,https://aiotv.workable.com,0
workable,aiprm-corp,https://apply.workable.com/aiprm-corp,0
workable,air-institute-of-realization-2,https://apply.workable.com/air-institute-of-realization-2,0
workable,air,https://apply.workable.com/air,0
workable,airbrils,https://apply.workable.com/airbrils,0
workable,airbeem,https://apply.workable.com/airbeem,0
workable,aira,https://apply.workable.com/aira,0
workable,air-to-ground-service,https://apply.workable.com/air-to-ground-service,0
workable,aircall,https://apply.workable.com/aircall,0
workable,airhubairlines,https://apply.workable.com/airhubairlines,0
workable,airfinityjobs,https://apply.workable.com/airfinityjobs,0
workable,airfox,https://apply.workable.com/airfox,0
workable,airfy,https://apply.workable.com/airfy,0
workable,airitytech,https://apply.workable.com/airitytech,0
workable,airica,https://apply.workable.com/airica,0
workable,airopay,https://apply.workable.com/airopay,0
workable,airmap,https://apply.workable.com/airmap,0
workable,airparks,https://apply.workable.com/airparks,4
workable,airrack,https://apply.workable.com/airrack,11
workable,airs-medical-inc,https://apply.workable.com/airs-medical-inc,19
workable,airsage,https://apply.workable.com/airsage,0
workable,airsorted,https://apply.workable.com/airsorted,0
workable,airtime-rewards,https://apply.workable.com/airtime-rewards,0
workable,airtree-ventures,https://apply.workable.com/airtree-ventures,3
workable,airvu,https://apply.workable.com/airvu,0
workable,airwalk-consulting,https://apply.workable.com/airwalk-consulting,0
workable,aize,https://apply.workable.com/aize,0
workable,aivohealth,https://apply.workable.com/aivohealth,0
workable,ajl,https://apply.workable.com/ajl,0
workable,ajukreizi,https://apply.workable.com/ajukreizi,0
workable,ajaib,https://apply.workable.com/ajaib,41
workable,akeed,https://apply.workable.com/akeed,7
workable,aka-promotions,https://apply.workable.com/aka-promotions,0
workable,akiverse,https://apply.workable.com/akiverse,0
workable,akeno,https://apply.workable.com/akeno,3
workable,aktify,https://apply.workable.com/aktify,0
workable,akoova,https://apply.workable.com/akoova,0
workable,akkadianlabs,https://apply.workable.com/akkadianlabs,0
workable,aker-horizons,https://apply.workable.com/aker-horizons,0
workable,aks-protalent,https://apply.workable.com/aks-protalent,0
workable,aktion-associates,https://apply.workable.com/aktion-associates,5
workable,aktlondon,https://apply.workable.com/aktlondon,0
workable,akur8,https://apply.workable.com/akur8,0
workable,al-solutions-1,https://apply.workable.com/al-solutions-1,0
workable,akuqq,https://apply.workable.com/akuqq,0
workable,alabama-solutions,https://apply.workable.com/alabama-solutions,14
workable,alabaster-co,https://apply.workable.com/alabaster-co,0
workable,alair-homes-aurora-lake-simcoe,https://apply.workable.com/alair-homes-aurora-lake-simcoe,0
workable,alabyed247at-gmail-dot-c-om,https://apply.workable.com/alabyed247at-gmail-dot-c-om,0
workable,alacrity,https://apply.workable.com/alacrity,0
workable,alamar-biosciences,https://apply.workable.com/alamar-biosciences,0
workable,alamo-drafthouse-cinemas,https://apply.workable.com/alamo-drafthouse-cinemas,0
workable,alaqtar,https://apply.workable.com/alaqtar,0
workable,alarm-communications-limited,https://apply.workable.com/alarm-communications-limited,0
workable,alani-nu,https://apply.workable.com/alani-nu,0
workable,alavida-health-ltd,https://apply.workable.com/alavida-health-ltd,0
workable,alaya,https://apply.workable.com/alaya,0
workable,alaska-premier-dental-group,https://apply.workable.com/alaska-premier-dental-group,6
workable,albus-health,https://apply.workable.com/albus-health,0
workable,alc-schools-llc-1,https://apply.workable.com/alc-schools-llc-1,0
workable,al-warren-oil-company-inc,https://apply.workable.com/al-warren-oil-company-inc,41
workable,alborg-diagnostics,https://apply.workable.com/alborg-diagnostics,4
workable,alcemy,https://apply.workable.com/alcemy,1
workable,alchemy,https://apply.workable.com/alchemy,0
workable,al-goodbody,https://apply.workable.com/al-goodbody,24
workable,albi,https://apply.workable.com/albi,7
workable,alc-solutions,https://apply.workable.com/alc-solutions,0
workable,albert-bartlett,https://apply.workable.com/albert-bartlett,59
workable,albireo-energy,https://apply.workable.com/albireo-energy,71
workable,alchemy-saunas,https://apply.workable.com/alchemy-saunas,0
workable,alchemyworx,https://apply.workable.com/alchemyworx,2
workable,alder-group,https://apply.workable.com/alder-group,5
workable,aldebaran-urg,https://apply.workable.com/aldebaran-urg,0
workable,alea,https://alea.workable.com,0
workable,alex-the-cfo,https://alex-the-cfo.workable.com,0
workable,alephsf,https://apply.workable.com/alephsf,0
workable,alert360,https://apply.workable.com/alert360,0
workable,alector,https://apply.workable.com/alector,0
workable,alexander-orthopaedic-associates,https://apply.workable.com/alexander-orthopaedic-associates,0
workable,alert-innovation,https://apply.workable.com/alert-innovation,0
workable,aldrin,https://apply.workable.com/aldrin,0
workable,alexanders,https://apply.workable.com/alexanders,1
workable,alfadocs,https://apply.workable.com/alfadocs,22
workable,algbra,https://apply.workable.com/algbra,0
workable,algolux,https://algolux.workable.com,0
workable,algooru,https://apply.workable.com/algooru,5
workable,algaecal,https://apply.workable.com/algaecal,27
workable,algoriz,https://apply.workable.com/algoriz,0
workable,alexander-dennis,https://apply.workable.com/alexander-dennis,51
workable,aliaxis,https://apply.workable.com/aliaxis,0
workable,aliaxis-france,https://apply.workable.com/aliaxis-france,0
workable,alianza,https://apply.workable.com/alianza,0
workable,aliaxis-group-australia,https://apply.workable.com/aliaxis-group-australia,0
workable,alex-staff-agency-careers,https://apply.workable.com/alex-staff-agency-careers,167
workable,aliaxis-latin-american-services-s-dot-a,https://apply.workable.com/aliaxis-latin-american-services-s-dot-a,0
workable,aliaxis-group-new-zealand,https://apply.workable.com/aliaxis-group-new-zealand,0
workable,aliaxis-uk,https://apply.workable.com/aliaxis-uk,0
workable,alice-bob,https://apply.workable.com/alice-bob,0
workable,alida-biosciences,https://apply.workable.com/alida-biosciences,0
workable,aliens,https://apply.workable.com/aliens,0
workable,align-construction-services,https://apply.workable.com/align-construction-services,0
workable,alkaffary-group,https://apply.workable.com/alkaffary-group,13
workable,alix-ventures,https://apply.workable.com/alix-ventures,0
workable,align-entand-allergy,https://apply.workable.com/align-entand-allergy,0
workable,all-about-aba-llc,https://apply.workable.com/all-about-aba-llc,0
workable,alkimii,https://apply.workable.com/alkimii,0
workable,alkemics,https://apply.workable.com/alkemics,0
workable,all-about-therapy,https://apply.workable.com/all-about-therapy,8
workable,all-day-kitchens,https://apply.workable.com/all-day-kitchens,0
workable,all-brite-glass-and-tint,https://apply.workable.com/all-brite-glass-and-tint,0
workable,alispa,https://apply.workable.com/alispa,45
workable,all-habitat-services,https://apply.workable.com/all-habitat-services,0
workable,allbirds,https://allbirds.workable.com,0
workable,allawee,https://apply.workable.com/allawee,0
workable,allcleared,https://apply.workable.com/allcleared,0
workable,allaroundchildren,https://apply.workable.com/allaroundchildren,11
workable,allegiant-fire-protection-llc,https://apply.workable.com/allegiant-fire-protection-llc,1
workable,allego-1,https://apply.workable.com/allego-1,9
workable,allen-shariff-corporation,https://apply.workable.com/allen-shariff-corporation,11
workable,aldinger-co,https://apply.workable.com/aldinger-co,0
workable,alene-candles,https://apply.workable.com/alene-candles,0
workable,allenby-graham-recruitment-and-consulting,https://apply.workable.com/allenby-graham-recruitment-and-consulting,0
workable,all-american-classics,https://apply.workable.com/all-american-classics,0
workable,allgrandbrands,https://apply.workable.com/allgrandbrands,11
workable,allen-vanguard,https://apply.workable.com/allen-vanguard,0
workable,alliance-material-handling-inc,https://apply.workable.com/alliance-material-handling-inc,0
workable,allianceforgenderequality,https://apply.workable.com/allianceforgenderequality,0
workable,alliancerecruiting,https://apply.workable.com/alliancerecruiting,0
workable,aliabdaal,https://apply.workable.com/aliabdaal,0
workable,alliance-for-clinical-trial-in-oncology-foundation,https://apply.workable.com/alliance-for-clinical-trial-in-oncology-foundation,1
workable,allied-clinical-management-gmbh,https://apply.workable.com/allied-clinical-management-gmbh,0
workable,alliedteam,https://apply.workable.com/alliedteam,0
workable,alloy-automation,https://apply.workable.com/alloy-automation,0
workable,allo-1,https://apply.workable.com/allo-1,0
workable,allset,https://apply.workable.com/allset,0
workable,alltech-federal-inc,https://apply.workable.com/alltech-federal-inc,0
workable,alloy-partners,https://apply.workable.com/alloy-partners,1
workable,allspace,https://apply.workable.com/allspace,7
workable,allnet-dot-italia-spa,https://apply.workable.com/allnet-dot-italia-spa,3
workable,alliedmachine,https://apply.workable.com/alliedmachine,0
workable,allied-benefit-systems,https://apply.workable.com/allied-benefit-systems,0
workable,alltest-instruments,https://alltest-instruments.workable.com,0
workable,allurion,https://apply.workable.com/allurion,0
workable,allwynls,https://apply.workable.com/allwynls,4
workable,allwynnorthamerica,https://apply.workable.com/allwynnorthamerica,0
workable,allucent,https://apply.workable.com/allucent,45
workable,alliancetrustsavings,https://apply.workable.com/alliancetrustsavings,0
workable,almabase,https://apply.workable.com/almabase,0
workable,ally-pediatric,https://apply.workable.com/ally-pediatric,0
workable,almaadvisorygroup,https://apply.workable.com/almaadvisorygroup,2
workable,ally,https://apply.workable.com/ally,0
workable,almanor-energy-plus,https://apply.workable.com/almanor-energy-plus,0
workable,almag-aluminum,https://apply.workable.com/almag-aluminum,19
workable,almanak-blockchain-labs-ag,https://apply.workable.com/almanak-blockchain-labs-ag,0
workable,almedia,https://apply.workable.com/almedia,0
workable,aln,https://apply.workable.com/aln,0
workable,almstead-tree-and-shrub-care,https://apply.workable.com/almstead-tree-and-shrub-care,18
workable,alp-oc,https://alp-oc.workable.com,0
workable,alongsidefinance,https://apply.workable.com/alongsidefinance,0
workable,alpha-empires,https://apply.workable.com/alpha-empires,0
workable,allinoneaccounting,https://apply.workable.com/allinoneaccounting,0
workable,alpaca-vc,https://apply.workable.com/alpaca-vc,2
workable,alohi,https://apply.workable.com/alohi,0
workable,alotus-infotech,https://apply.workable.com/alotus-infotech,0
workable,alpha-mead-group,https://apply.workable.com/alpha-mead-group,0
workable,alpha-lion,https://apply.workable.com/alpha-lion,0
workable,alpha-theory,https://apply.workable.com/alpha-theory,0
workable,alphahq,https://apply.workable.com/alphahq,0
workable,alomar-holding-company,https://apply.workable.com/alomar-holding-company,22
workable,allwynuk,https://apply.workable.com/allwynuk,26
workable,alphamead-facilities,https://alphamead-facilities.workable.com,0
workable,alpha-satellite-television-sa,https://apply.workable.com/alpha-satellite-television-sa,0
workable,alphait,https://apply.workable.com/alphait,0
workable,alphaott,https://apply.workable.com/alphaott,0
workable,alphasphere-1,https://apply.workable.com/alphasphere-1,0
workable,alphero-limited,https://apply.workable.com/alphero-limited,0
workable,alpheus-enterprise,https://apply.workable.com/alpheus-enterprise,0
workable,alongside-team,https://apply.workable.com/alongside-team,13
workable,alpheya,https://apply.workable.com/alpheya,1
workable,alpine,https://apply.workable.com/alpine,0
workable,alphax,https://apply.workable.com/alphax,44
workable,alpinehomeair,https://apply.workable.com/alpinehomeair,1
workable,alstar-group,https://apply.workable.com/alstar-group,0
workable,altavon-security-group,https://apply.workable.com/altavon-security-group,0
workable,altanddot,https://apply.workable.com/altanddot,0
workable,alter-global,https://apply.workable.com/alter-global,0
workable,als-group-pty-ltd,https://apply.workable.com/als-group-pty-ltd,0
workable,altcity,https://altcity.workable.com,0
workable,altalink,https://apply.workable.com/altalink,10
workable,alpine-elements,https://apply.workable.com/alpine-elements,0
workable,alsafi-group,https://apply.workable.com/alsafi-group,0
workable,altesia,https://apply.workable.com/altesia,13
workable,altitudect,https://apply.workable.com/altitudect,0
workable,altman-solon,https://apply.workable.com/altman-solon,0
workable,altfinance,https://apply.workable.com/altfinance,0
workable,altmetric,https://apply.workable.com/altmetric,0
workable,altorise,https://apply.workable.com/altorise,0
workable,altovalue,https://apply.workable.com/altovalue,0
workable,altroleum,https://apply.workable.com/altroleum,0
workable,altruist,https://apply.workable.com/altruist,0
workable,altifio,https://apply.workable.com/altifio,0
workable,altoros,https://apply.workable.com/altoros,3
workable,altscore,https://apply.workable.com/altscore,0
workable,alula-club,https://apply.workable.com/alula-club,4
workable,alumiermd,https://apply.workable.com/alumiermd,0
workable,alumio,https://apply.workable.com/alumio,0
workable,alumni-reach,https://apply.workable.com/alumni-reach,0
workable,alveo-land-corp-an-ayala-land-company,https://apply.workable.com/alveo-land-corp-an-ayala-land-company,0
workable,alvariumbeer,https://apply.workable.com/alvariumbeer,0
workable,alyce-1,https://alyce-1.workable.com,0
workable,am-digital-marketing,https://apply.workable.com/am-digital-marketing,0
workable,alyne,https://apply.workable.com/alyne,0
workable,amare-global,https://apply.workable.com/amare-global,0
workable,amatus,https://apply.workable.com/amatus,0
workable,amagi,https://apply.workable.com/amagi,0
workable,altru,https://apply.workable.com/altru,0
workable,altivia-chemicals,https://apply.workable.com/altivia-chemicals,0
workable,alumil,https://apply.workable.com/alumil,28
workable,amarillo-college,https://apply.workable.com/amarillo-college,0
workable,alten-mexico-1,https://apply.workable.com/alten-mexico-1,235
workable,amax-1,https://apply.workable.com/amax-1,18
workable,amayinc,https://apply.workable.com/amayinc,0
workable,amazehealth,https://apply.workable.com/amazehealth,18
workable,amazing,https://apply.workable.com/amazing,0
workable,amanzoe,https://apply.workable.com/amanzoe,0
workable,amaad,https://apply.workable.com/amaad,0
workable,amani-institute,https://apply.workable.com/amani-institute,0
workable,amazing-skills,https://apply.workable.com/amazing-skills,0
workable,ambition,https://apply.workable.com/ambition,0
workable,amber-labs,https://apply.workable.com/amber-labs,0
workable,alwatania-information-systems,https://apply.workable.com/alwatania-information-systems,10
workable,altom-transport,https://apply.workable.com/altom-transport,726
workable,ambitionally,https://ambitionally.workable.com,0
workable,ambrook,https://apply.workable.com/ambrook,0
workable,ambronite,https://ambronite.workable.com,0
workable,amea,https://amea.workable.com,0
workable,amartha,https://apply.workable.com/amartha,515
workable,amc-studio,https://apply.workable.com/amc-studio,0
workable,amelia-liana,https://apply.workable.com/amelia-liana,0
workable,amby,https://apply.workable.com/amby,0
workable,amcon-industrial,https://apply.workable.com/amcon-industrial,4
workable,amazingcarecareers,https://apply.workable.com/amazingcarecareers,257
workable,american-engineers-group,https://apply.workable.com/american-engineers-group,0
workable,american-hoteland-lodging-association,https://apply.workable.com/american-hoteland-lodging-association,0
workable,amazingcareoutpatient,https://apply.workable.com/amazingcareoutpatient,20
workable,american-canning,https://apply.workable.com/american-canning,0
workable,american-academic-capital,https://apply.workable.com/american-academic-capital,0
workable,american-income-life-ao,https://apply.workable.com/american-income-life-ao,0
workable,american-college-of-education,https://apply.workable.com/american-college-of-education,0
workable,american-institute-of-chemical-engineers,https://apply.workable.com/american-institute-of-chemical-engineers,2
workable,american-jazz-museum-1,https://apply.workable.com/american-jazz-museum-1,0
workable,american-concrete,https://apply.workable.com/american-concrete,13
workable,amer-sports,https://apply.workable.com/amer-sports,34
workable,american-operations-corporation,https://apply.workable.com/american-operations-corporation,23
workable,american-packaging,https://american-packaging.workable.com,0
workable,americanerc,https://apply.workable.com/americanerc,0
workable,americana-kuwait-food-company,https://apply.workable.com/americana-kuwait-food-company,0
workable,americans-for-financial-reform-education-fund-afref-1,https://apply.workable.com/americans-for-financial-reform-education-fund-afref-1,0
workable,americas-mortgage-professionals,https://apply.workable.com/americas-mortgage-professionals,0
workable,ametsa-packaging,https://apply.workable.com/ametsa-packaging,1
workable,amerilux-international,https://apply.workable.com/amerilux-international,57
workable,amgadization,https://apply.workable.com/amgadization,0
workable,aminad-consulting,https://apply.workable.com/aminad-consulting,1
workable,amino-communications,https://apply.workable.com/amino-communications,0
workable,amexio,https://apply.workable.com/amexio,12
workable,aminochain,https://apply.workable.com/aminochain,0
workable,ammortal,https://apply.workable.com/ammortal,0
workable,ammex-corporation-1,https://apply.workable.com/ammex-corporation-1,0
workable,ampcontrol,https://apply.workable.com/ampcontrol,0
workable,amplexor,https://apply.workable.com/amplexor,0
workable,ampcap,https://apply.workable.com/ampcap,0
workable,amperand,https://apply.workable.com/amperand,0
workable,amplifier-strategies,https://amplifier-strategies.workable.com,0
workable,ametris,https://apply.workable.com/ametris,1
workable,amogy-1,https://apply.workable.com/amogy-1,0
workable,ampolon,https://apply.workable.com/ampolon,0
workable,amplify-life-insurance,https://apply.workable.com/amplify-life-insurance,0
workable,amplio,https://apply.workable.com/amplio,4
workable,amprius,https://apply.workable.com/amprius,5
workable,ampthink,https://apply.workable.com/ampthink,5
workable,americas-pharmacy-group,https://apply.workable.com/americas-pharmacy-group,323
workable,amoda,https://apply.workable.com/amoda,16
workable,amplexorlifesciences,https://apply.workable.com/amplexorlifesciences,0
workable,amazing-athletes-2,https://apply.workable.com/amazing-athletes-2,366
workable,amphenol-fci-deutschland-gmbh-berlin,https://apply.workable.com/amphenol-fci-deutschland-gmbh-berlin,0
workable,amplifier-health,https://apply.workable.com/amplifier-health,0
workable,anakatech-2,https://apply.workable.com/anakatech-2,0
workable,amv,https://apply.workable.com/amv,0
workable,analytic-solutions-group,https://apply.workable.com/analytic-solutions-group,7
workable,anastaciakay,https://apply.workable.com/anastaciakay,0
workable,anchorsign,https://apply.workable.com/anchorsign,0
workable,anchorpoint-security,https://anchorpoint-security.workable.com,0
workable,anax-group,https://apply.workable.com/anax-group,0
workable,ancienthealingteas,https://apply.workable.com/ancienthealingteas,0
workable,anderson-engineering,https://apply.workable.com/anderson-engineering,0
workable,androlabs,https://apply.workable.com/androlabs,0
workable,andersonsprl,https://andersonsprl.workable.com,0
workable,andela,https://apply.workable.com/andela,0
workable,andiamo,https://apply.workable.com/andiamo,0
workable,anderson-optimization,https://apply.workable.com/anderson-optimization,0
workable,anatomage,https://apply.workable.com/anatomage,15
workable,and-digital,https://apply.workable.com/and-digital,58
workable,anavah-talent,https://apply.workable.com/anavah-talent,52
workable,andshift,https://andshift.workable.com,0
workable,andromeda,https://apply.workable.com/andromeda,0
workable,andromium,https://apply.workable.com/andromium,0
workable,andy-friday-1,https://apply.workable.com/andy-friday-1,0
workable,andromeda-robotics,https://apply.workable.com/andromeda-robotics,13
workable,ananinja,https://apply.workable.com/ananinja,151
workable,andy-transport,https://apply.workable.com/andy-transport,1
workable,angel-city-advisors,https://apply.workable.com/angel-city-advisors,0
workable,angel-city-fc,https://apply.workable.com/angel-city-fc,0
workable,angeldotme,https://apply.workable.com/angeldotme,0
workable,anicare,https://apply.workable.com/anicare,0
workable,angle,https://apply.workable.com/angle,0
workable,animal-dynamics,https://apply.workable.com/animal-dynamics,0
workable,animal-er-care,https://apply.workable.com/animal-er-care,0
workable,animalsurgicalcenter,https://apply.workable.com/animalsurgicalcenter,0
workable,anka-behavioral-health,https://apply.workable.com/anka-behavioral-health,0
workable,animal-humane-society,https://apply.workable.com/animal-humane-society,5
workable,annapurna,https://apply.workable.com/annapurna,0
workable,annas-house,https://apply.workable.com/annas-house,0
workable,animadetv,https://animadetv.workable.com,0
workable,angkas,https://apply.workable.com/angkas,44
workable,annamoney,https://apply.workable.com/annamoney,1
workable,anne-frank-trust-uk,https://apply.workable.com/anne-frank-trust-uk,0
workable,anomalysquared,https://apply.workable.com/anomalysquared,0
workable,anonomatic,https://apply.workable.com/anonomatic,0
workable,anonyome-labs-inc,https://apply.workable.com/anonyome-labs-inc,0
workable,anorak,https://anorak.workable.com,0
workable,anotherbrainai,https://apply.workable.com/anotherbrainai,0
workable,anivive,https://apply.workable.com/anivive,0
workable,anovip-3,https://apply.workable.com/anovip-3,0
workable,anspar,https://apply.workable.com/anspar,0
workable,anishnawbe-health-toronto,https://apply.workable.com/anishnawbe-health-toronto,0
workable,animalventures,https://apply.workable.com/animalventures,0
workable,answermodules,https://apply.workable.com/answermodules,0
workable,anspire,https://apply.workable.com/anspire,0
workable,answeron,https://answeron.workable.com,0
workable,antalpha,https://apply.workable.com/antalpha,0
workable,antarcticaglobal,https://apply.workable.com/antarcticaglobal,6
workable,answerrocket,https://apply.workable.com/answerrocket,0
workable,anthro,https://apply.workable.com/anthro,2
workable,anti-matter-games-limited,https://apply.workable.com/anti-matter-games-limited,0
workable,anthemisgroup,https://apply.workable.com/anthemisgroup,0
workable,antenna,https://apply.workable.com/antenna,34
workable,antillion,https://apply.workable.com/antillion,0
workable,antler-1,https://apply.workable.com/antler-1,1
workable,antmoves,https://apply.workable.com/antmoves,0
workable,ants-sports,https://apply.workable.com/ants-sports,8
workable,anv-real-estate,https://apply.workable.com/anv-real-estate,0
workable,antpool,https://apply.workable.com/antpool,0
workable,answerhero,https://apply.workable.com/answerhero,11
workable,anvilogic-inc,https://apply.workable.com/anvilogic-inc,0
workable,anvyl,https://apply.workable.com/anvyl,0
workable,anvl,https://apply.workable.com/anvl,0
workable,anvyl-5,https://apply.workable.com/anvyl-5,0
workable,antura,https://apply.workable.com/antura,0
workable,anyday,https://apply.workable.com/anyday,0
workable,anylist,https://apply.workable.com/anylist,0
workable,anypear,https://apply.workable.com/anypear,8
workable,anytime-mailbox,https://apply.workable.com/anytime-mailbox,0
workable,aol-mail-settings,https://apply.workable.com/aol-mail-settings,0
workable,anzu,https://apply.workable.com/anzu,0
workable,ao-globe-life-7,https://apply.workable.com/ao-globe-life-7,0
workable,anza-xyz,https://apply.workable.com/anza-xyz,17
workable,aontas,https://apply.workable.com/aontas,0
workable,apac-media,https://apply.workable.com/apac-media,0
workable,aontas-6,https://apply.workable.com/aontas-6,0
workable,aosense,https://apply.workable.com/aosense,5
workable,aperioglobal,https://apply.workable.com/aperioglobal,0
workable,aperia-1,https://apply.workable.com/aperia-1,0
workable,apave-cameroun,https://apply.workable.com/apave-cameroun,20
workable,apella,https://apply.workable.com/apella,0
workable,apexinformatics,https://apply.workable.com/apexinformatics,0
workable,aperioristes-technologies-ltd,https://aperioristes-technologies-ltd.workable.com,0
workable,apex-network-1,https://apply.workable.com/apex-network-1,5
workable,aperture-london,https://apply.workable.com/aperture-london,28
workable,apifon,https://apply.workable.com/apifon,0
workable,apexwheels,https://apply.workable.com/apexwheels,4
workable,aphex,https://apply.workable.com/aphex,0
workable,apivita,https://apply.workable.com/apivita,8
workable,apluslives,https://apply.workable.com/apluslives,0
workable,apixa,https://apply.workable.com/apixa,2
workable,apogee-a-boldyn-networks-company,https://apply.workable.com/apogee-a-boldyn-networks-company,0
workable,apogee,https://apply.workable.com/apogee,0
workable,apm-monaco,https://apply.workable.com/apm-monaco,67
workable,apolitical,https://apply.workable.com/apolitical,0
workable,apogeetravel,https://apply.workable.com/apogeetravel,0
workable,apollo-safety-inc,https://apply.workable.com/apollo-safety-inc,2
workable,apogee-global-rms,https://apply.workable.com/apogee-global-rms,40
workable,apollolabs,https://apply.workable.com/apollolabs,0
workable,apna,https://apply.workable.com/apna,98
workable,aporia,https://apply.workable.com/aporia,0
workable,aposto,https://apply.workable.com/aposto,0
workable,apparelmagic,https://apply.workable.com/apparelmagic,0
workable,apopsi-sa,https://apply.workable.com/apopsi-sa,0
workable,apothekary,https://apply.workable.com/apothekary,1
workable,apperio-1,https://apply.workable.com/apperio-1,0
workable,appetize,https://apply.workable.com/appetize,0
workable,appearhere,https://apply.workable.com/appearhere,0
workable,appetiseio,https://apply.workable.com/appetiseio,0
workable,apple,https://apply.workable.com/apple,0
workable,applause-4,https://apply.workable.com/applause-4,3
workable,apple-roofing,https://apply.workable.com/apple-roofing,0
workable,apperio,https://apply.workable.com/apperio,0
workable,applicantsystem,https://apply.workable.com/applicantsystem,0
workable,applied-ev,https://apply.workable.com/applied-ev,0
workable,appgate,https://apply.workable.com/appgate,17
workable,appflowy,https://apply.workable.com/appflowy,0
workable,applied-control-engineering,https://apply.workable.com/applied-control-engineering,0
workable,applications,https://apply.workable.com/applications,0
workable,appleseed,https://apply.workable.com/appleseed,0
workable,applied-physics-1,https://apply.workable.com/applied-physics-1,8
workable,appiq-tech,https://apply.workable.com/appiq-tech,7
workable,appliedcarbon,https://apply.workable.com/appliedcarbon,0
workable,apmsteam,https://apply.workable.com/apmsteam,0
workable,appnation,https://apply.workable.com/appnation,0
workable,appointy,https://apply.workable.com/appointy,0
workable,appliedvr,https://apply.workable.com/appliedvr,0
workable,apply-superstaffjobs,https://apply.workable.com/apply-superstaffjobs,46
workable,apply2day,https://apply.workable.com/apply2day,107
workable,appolonia-city,https://apply.workable.com/appolonia-city,3
workable,apporto,https://apply.workable.com/apporto,0
workable,apposix,https://apply.workable.com/apposix,0
workable,appmediation,https://appmediation.workable.com,0
workable,apprenticenow,https://apply.workable.com/apprenticenow,0
workable,apprente-inc,https://apply.workable.com/apprente-inc,0
workable,appromoters,https://apply.workable.com/appromoters,0
workable,apps-for-good,https://apply.workable.com/apps-for-good,0
workable,appsembler,https://apply.workable.com/appsembler,0
workable,appsforgood,https://apply.workable.com/appsforgood,0
workable,appvia,https://apply.workable.com/appvia,6
workable,appstretto,https://appstretto.workable.com,0
workable,apptega,https://apply.workable.com/apptega,0
workable,apres-demain-sa,https://apply.workable.com/apres-demain-sa,0
workable,appson,https://apply.workable.com/appson,0
workable,applied-value-tech,https://apply.workable.com/applied-value-tech,0
workable,apron,https://apply.workable.com/apron,0
workable,april-parker,https://apply.workable.com/april-parker,0
workable,aprende,https://apply.workable.com/aprende,0
workable,aps-events-and-media,https://aps-events-and-media.workable.com,3
workable,appliedblockchain,https://apply.workable.com/appliedblockchain,0
workable,apryse,https://apply.workable.com/apryse,0
workable,aptbuildings,https://apply.workable.com/aptbuildings,0
workable,aptivio,https://apply.workable.com/aptivio,0
workable,appyway,https://apply.workable.com/appyway,0
workable,aptly,https://apply.workable.com/aptly,0
workable,aptitudemedia,https://apply.workable.com/aptitudemedia,0
workable,aptihealth,https://apply.workable.com/aptihealth,12
workable,aptus-health-care,https://apply.workable.com/aptus-health-care,44
workable,aqua-information-system,https://apply.workable.com/aqua-information-system,0
workable,aqmetrics,https://apply.workable.com/aqmetrics,1
workable,aqre-technlogies,https://apply.workable.com/aqre-technlogies,0
workable,arabesque-14,https://apply.workable.com/arabesque-14,0
workable,arabeep-llc,https://apply.workable.com/arabeep-llc,0
workable,aquiris,https://apply.workable.com/aquiris,0
workable,aquaria,https://apply.workable.com/aquaria,3
workable,aralez-bio,https://apply.workable.com/aralez-bio,0
workable,aravo,https://apply.workable.com/aravo,8
workable,arbitrary-execution-inc,https://apply.workable.com/arbitrary-execution-inc,0
workable,araic,https://apply.workable.com/araic,13
workable,arabian-creative-consultancy,https://apply.workable.com/arabian-creative-consultancy,0
workable,aramex-6,https://apply.workable.com/aramex-6,0
workable,arabesquegroup,https://apply.workable.com/arabesquegroup,0
workable,arbor-education-partners,https://apply.workable.com/arbor-education-partners,0
workable,arbor-renewable-gas,https://apply.workable.com/arbor-renewable-gas,0
workable,arbonics,https://apply.workable.com/arbonics,0
workable,arboc,https://apply.workable.com/arboc,1
workable,arcadia-2,https://apply.workable.com/arcadia-2,0
workable,arborxr,https://apply.workable.com/arborxr,0
workable,arcadia,https://apply.workable.com/arcadia,0
workable,arbor-story,https://apply.workable.com/arbor-story,0
workable,arbor-education-3,https://apply.workable.com/arbor-education-3,26
workable,arcboats,https://apply.workable.com/arcboats,0
workable,arceptive,https://apply.workable.com/arceptive,0
workable,arch-aerial-llc,https://apply.workable.com/arch-aerial-llc,7
workable,apt-resources,https://apply.workable.com/apt-resources,669
workable,archi-service,https://archi-service.workable.com,0
workable,arabicai,https://apply.workable.com/arabicai,26
workable,archilogic,https://apply.workable.com/archilogic,0
workable,archimed,https://apply.workable.com/archimed,32
workable,archlynk,https://apply.workable.com/archlynk,0
workable,archipro-3,https://apply.workable.com/archipro-3,0
workable,archistar,https://apply.workable.com/archistar,5
workable,architus,https://apply.workable.com/architus,16
workable,ardan-labs,https://apply.workable.com/ardan-labs,0
workable,archimedes-global,https://apply.workable.com/archimedes-global,0
workable,ardanis,https://apply.workable.com/ardanis,0
workable,arfa,https://apply.workable.com/arfa,0
workable,areeb-technology,https://apply.workable.com/areeb-technology,0
workable,arcion,https://apply.workable.com/arcion,0
workable,arex,https://apply.workable.com/arex,0
workable,arcsite,https://apply.workable.com/arcsite,2
workable,arenaonline,https://apply.workable.com/arenaonline,0
workable,arcsen,https://apply.workable.com/arcsen,10
workable,aretum,https://apply.workable.com/aretum,29
workable,argalis,https://apply.workable.com/argalis,0
workable,arcol-technology-inc,https://apply.workable.com/arcol-technology-inc,0
workable,arcurve-inc,https://apply.workable.com/arcurve-inc,0
workable,arcos,https://apply.workable.com/arcos,0
workable,architectural-landscape-design-inc,https://apply.workable.com/architectural-landscape-design-inc,0
workable,arena-investors-lp,https://apply.workable.com/arena-investors-lp,24
workable,argent-1,https://apply.workable.com/argent-1,0
workable,argosy-collegiate-charter-school,https://apply.workable.com/argosy-collegiate-charter-school,2
workable,argenthq,https://apply.workable.com/argenthq,0
workable,aristo-sourcing,https://apply.workable.com/aristo-sourcing,12
workable,ariadne-maps,https://apply.workable.com/ariadne-maps,0
workable,ark-diagnostics-inc,https://apply.workable.com/ark-diagnostics-inc,0
workable,arizona-monster-flyer-llc,https://apply.workable.com/arizona-monster-flyer-llc,0
workable,arketekxr,https://apply.workable.com/arketekxr,0
workable,arkadium-1,https://apply.workable.com/arkadium-1,2
workable,ark-group-dmcc,https://apply.workable.com/ark-group-dmcc,0
workable,aristotle,https://apply.workable.com/aristotle,8
workable,arkgroup,https://apply.workable.com/arkgroup,2
workable,arkham-technologies,https://apply.workable.com/arkham-technologies,9
workable,arkius,https://apply.workable.com/arkius,0
workable,armagh-1,https://apply.workable.com/armagh-1,0
workable,armagh,https://apply.workable.com/armagh,0
workable,arlington-power-equipment-inc,https://apply.workable.com/arlington-power-equipment-inc,0
workable,armadillo,https://apply.workable.com/armadillo,0
workable,armakuni,https://apply.workable.com/armakuni,0
workable,arkle-finance,https://apply.workable.com/arkle-finance,1
workable,armcareer,https://apply.workable.com/armcareer,0
workable,armina,https://apply.workable.com/armina,0
workable,armstrong-transport-group,https://apply.workable.com/armstrong-transport-group,0
workable,armstrong-flooring,https://apply.workable.com/armstrong-flooring,0
workable,armed-services-arts-partnership,https://armed-services-arts-partnership.workable.com,0
workable,arnold-oil-company-of-austin-lp,https://apply.workable.com/arnold-oil-company-of-austin-lp,0
workable,arne,https://apply.workable.com/arne,13
workable,arpu-telecommunication-services,https://apply.workable.com/arpu-telecommunication-services,14
workable,arondite,https://apply.workable.com/arondite,7
workable,aro,https://apply.workable.com/aro,5
workable,arquivei,https://apply.workable.com/arquivei,0
workable,arrikto,https://apply.workable.com/arrikto,0
workable,arrival-education-careers,https://arrival-education-careers.workable.com,0
workable,arrakis-finance,https://apply.workable.com/arrakis-finance,0
workable,artbees,https://apply.workable.com/artbees,0
workable,artboard,https://apply.workable.com/artboard,0
workable,arsenale-bioyards,https://apply.workable.com/arsenale-bioyards,2
workable,artemisintel,https://apply.workable.com/artemisintel,0
workable,ars-3,https://apply.workable.com/ars-3,0
workable,arteriagpartner,https://apply.workable.com/arteriagpartner,0
workable,arth-consulting,https://apply.workable.com/arth-consulting,0
workable,arthagroup,https://apply.workable.com/arthagroup,0
workable,arthur,https://apply.workable.com/arthur,0
workable,artie,https://apply.workable.com/artie,0
workable,article,https://apply.workable.com/article,0
workable,artisan-digital-media,https://apply.workable.com/artisan-digital-media,0
workable,artory,https://apply.workable.com/artory,0
workable,artimon,https://apply.workable.com/artimon,9
workable,articulate,https://apply.workable.com/articulate,0
workable,artificial,https://apply.workable.com/artificial,0
workable,arts-alliance-illinois,https://apply.workable.com/arts-alliance-illinois,0
workable,arts-alliance-media,https://apply.workable.com/arts-alliance-media,0
workable,artstorefronts,https://apply.workable.com/artstorefronts,0
workable,arusim-foodsand-groceries-venture,https://apply.workable.com/arusim-foodsand-groceries-venture,0
workable,arvo,https://apply.workable.com/arvo,37
workable,aryng,https://apply.workable.com/aryng,0
workable,aryeo,https://apply.workable.com/aryeo,0
workable,as-hellas,https://apply.workable.com/as-hellas,3
workable,asahi-1,https://apply.workable.com/asahi-1,0
workable,asa-carlton,https://apply.workable.com/asa-carlton,0
workable,asanarebel,https://apply.workable.com/asanarebel,0
workable,asaljobs,https://apply.workable.com/asaljobs,0
workable,ascend-behavior-partners,https://apply.workable.com/ascend-behavior-partners,0
workable,ascension-graniteand-marble-llc,https://apply.workable.com/ascension-graniteand-marble-llc,0
workable,ascend-advanced-therapies,https://apply.workable.com/ascend-advanced-therapies,0
workable,ascendex,https://apply.workable.com/ascendex,1
workable,ashbury,https://apply.workable.com/ashbury,0
workable,ascent-fitness,https://ascent-fitness.workable.com,0
workable,asia-premier-one-source,https://apply.workable.com/asia-premier-one-source,0
workable,ascend-software,https://apply.workable.com/ascend-software,0
workable,ascension-publishing-group,https://apply.workable.com/ascension-publishing-group,0
workable,ascential-buildings,https://apply.workable.com/ascential-buildings,0
workable,ashand-harris-executive-search,https://apply.workable.com/ashand-harris-executive-search,0
workable,arrowresources-ag,https://apply.workable.com/arrowresources-ag,0
workable,ascendvets,https://apply.workable.com/ascendvets,0
workable,ashtonpotter,https://apply.workable.com/ashtonpotter,0
workable,asi,https://apply.workable.com/asi,0
workable,ascendis-pharma,https://apply.workable.com/ascendis-pharma,70
workable,asco-equipment,https://apply.workable.com/asco-equipment,94
workable,askdragonfly,https://apply.workable.com/askdragonfly,0
workable,asmallworld,https://apply.workable.com/asmallworld,6
workable,askfractal,https://apply.workable.com/askfractal,0
workable,asknicely,https://apply.workable.com/asknicely,0
workable,asoko-insight,https://apply.workable.com/asoko-insight,0
workable,asmbly,https://asmbly.workable.com,0
workable,aspen-global-change-institute,https://apply.workable.com/aspen-global-change-institute,1
workable,aspen-wealth-strategies,https://apply.workable.com/aspen-wealth-strategies,0
workable,aspire-medical-staffing,https://apply.workable.com/aspire-medical-staffing,0
workable,aspencapital,https://apply.workable.com/aspencapital,0
workable,aspirion-health-resources,https://apply.workable.com/aspirion-health-resources,0
workable,assemblyai,https://apply.workable.com/assemblyai,0
workable,aspire-software,https://apply.workable.com/aspire-software,0
workable,assetnote,https://apply.workable.com/assetnote,0
workable,aspen-dental,https://apply.workable.com/aspen-dental,0
workable,assemblyglobal,https://apply.workable.com/assemblyglobal,0
workable,aspenfibernetworks,https://apply.workable.com/aspenfibernetworks,1
workable,asset-ogilvy-public-relations,https://apply.workable.com/asset-ogilvy-public-relations,0
workable,aspidagroup,https://aspidagroup.workable.com,0
workable,assala-energy,https://apply.workable.com/assala-energy,22
workable,assima,https://apply.workable.com/assima,2
workable,asset-class,https://apply.workable.com/asset-class,0
workable,assistant-launch,https://apply.workable.com/assistant-launch,12
workable,assist-care,https://apply.workable.com/assist-care,9
workable,asian-pacific-fund,https://apply.workable.com/asian-pacific-fund,0
workable,asseti,https://apply.workable.com/asseti,7
workable,asimov-trading,https://apply.workable.com/asimov-trading,0
workable,assisterr,https://apply.workable.com/assisterr,0
workable,assistiq,https://apply.workable.com/assistiq,16
workable,assistiveware,https://apply.workable.com/assistiveware,2
workable,assistantly,https://apply.workable.com/assistantly,84
workable,assist-rx,https://apply.workable.com/assist-rx,108
workable,asiaedit,https://apply.workable.com/asiaedit,0
workable,associated-industries,https://apply.workable.com/associated-industries,0
workable,associacanada,https://apply.workable.com/associacanada,17
workable,associated-students-inc,https://apply.workable.com/associated-students-inc,5
workable,association-for-institutional-research,https://apply.workable.com/association-for-institutional-research,0
workable,association-hero,https://apply.workable.com/association-hero,0
workable,association-of-british-insurers,https://association-of-british-insurers.workable.com,0
workable,asthra-e-learning,https://apply.workable.com/asthra-e-learning,0
workable,assurehire-testing,https://apply.workable.com/assurehire-testing,0
workable,associated-veterinary-partners,https://apply.workable.com/associated-veterinary-partners,43
workable,assured-home-care-1,https://apply.workable.com/assured-home-care-1,0
workable,assurasource,https://apply.workable.com/assurasource,12
workable,astoria-logistics-nig-ltd,https://apply.workable.com/astoria-logistics-nig-ltd,0
workable,association-of-womens-health-obstetric-and-neonatal-nurses,https://apply.workable.com/association-of-womens-health-obstetric-and-neonatal-nurses,0
workable,astradot,https://apply.workable.com/astradot,0
workable,astro-sirens-llc,https://apply.workable.com/astro-sirens-llc,0
workable,astronaut,https://astronaut.workable.com,0
workable,astralabs,https://apply.workable.com/astralabs,0
workable,astrid-entertainment,https://apply.workable.com/astrid-entertainment,4
workable,astrome-technologies,https://apply.workable.com/astrome-technologies,25
workable,assogroup,https://apply.workable.com/assogroup,32
workable,asurea-insurance-services-1,https://apply.workable.com/asurea-insurance-services-1,0
workable,astorandsanders,https://apply.workable.com/astorandsanders,19
workable,asymmetric,https://apply.workable.com/asymmetric,0
workable,assurity-trusted-solutions,https://apply.workable.com/assurity-trusted-solutions,42
workable,atad,https://apply.workable.com/atad,0
workable,atak-interactive,https://apply.workable.com/atak-interactive,2
workable,atarim,https://apply.workable.com/atarim,0
workable,atcom,https://apply.workable.com/atcom,5
workable,atc-driving-forward,https://apply.workable.com/atc-driving-forward,20
workable,atb-financial,https://apply.workable.com/atb-financial,0
workable,atest-1,https://apply.workable.com/atest-1,0
workable,atec-spine,https://apply.workable.com/atec-spine,43
workable,athena-global-advisors,https://apply.workable.com/athena-global-advisors,0
workable,athenian,https://apply.workable.com/athenian,0
workable,athemes,https://apply.workable.com/athemes,0
workable,athari,https://apply.workable.com/athari,4
workable,athenacloud,https://apply.workable.com/athenacloud,7
workable,athensmedica,https://apply.workable.com/athensmedica,0
workable,athlon,https://apply.workable.com/athlon,0
workable,ateam,https://apply.workable.com/ateam,0
workable,athens-technology-center-1,https://apply.workable.com/athens-technology-center-1,1
workable,atheer,https://apply.workable.com/atheer,0
workable,atheer-act,https://apply.workable.com/atheer-act,4
workable,atimi,https://apply.workable.com/atimi,1
workable,athlete-licensing-company,https://apply.workable.com/athlete-licensing-company,0
workable,atlantic-health-strategies,https://apply.workable.com/atlantic-health-strategies,0
workable,atlantbh,https://apply.workable.com/atlantbh,1
workable,athyna,https://apply.workable.com/athyna,0
workable,atlas-consolidated,https://apply.workable.com/atlas-consolidated,0
workable,atlas-lift-tech,https://apply.workable.com/atlas-lift-tech,0
workable,atlascopcosee,https://atlascopcosee.workable.com,0
workable,atlasreality,https://apply.workable.com/atlasreality,0
workable,atlas-sg,https://apply.workable.com/atlas-sg,0
workable,atmio,https://apply.workable.com/atmio,6
workable,atmire,https://apply.workable.com/atmire,0
workable,atnetplus-inc,https://apply.workable.com/atnetplus-inc,0
workable,atleanworld,https://apply.workable.com/atleanworld,210
workable,atomhawk,https://apply.workable.com/atomhawk,0
workable,atomlimbs,https://apply.workable.com/atomlimbs,0
workable,atomic,https://atomic.workable.com,0
workable,atomicrobot,https://apply.workable.com/atomicrobot,0
workable,atomica,https://apply.workable.com/atomica,0
workable,atosgr,https://apply.workable.com/atosgr,0
workable,atria-inc,https://atria-inc.workable.com,0
workable,atrium,https://apply.workable.com/atrium,0
workable,atticustech,https://apply.workable.com/atticustech,0
workable,atos-medical-us,https://apply.workable.com/atos-medical-us,0
workable,attadale-partners-llc,https://apply.workable.com/attadale-partners-llc,0
workable,attendify,https://apply.workable.com/attendify,0
workable,atomintl,https://apply.workable.com/atomintl,0
workable,attica-department-stores,https://apply.workable.com/attica-department-stores,0
workable,attractions-io,https://apply.workable.com/attractions-io,0
workable,atto-partners,https://apply.workable.com/atto-partners,0
workable,atticushq,https://apply.workable.com/atticushq,0
workable,atto-trading,https://apply.workable.com/atto-trading,0
workable,attorneys,https://apply.workable.com/attorneys,1
workable,atum,https://apply.workable.com/atum,0
workable,atv-global,https://apply.workable.com/atv-global,0
workable,atum-ventures,https://apply.workable.com/atum-ventures,7
workable,auckland-airport,https://apply.workable.com/auckland-airport,0
workable,aubh,https://apply.workable.com/aubh,12
workable,atria-health,https://apply.workable.com/atria-health,109
workable,auckland-one-rail,https://apply.workable.com/auckland-one-rail,2
workable,atypon-systems-inc,https://apply.workable.com/atypon-systems-inc,0
workable,atlas-fm,https://apply.workable.com/atlas-fm,0
workable,audacia,https://apply.workable.com/audacia,0
workable,audible-magic,https://apply.workable.com/audible-magic,0
workable,auctionata,https://apply.workable.com/auctionata,0
workable,audiohook,https://apply.workable.com/audiohook,0
workable,audiobyte-inc,https://apply.workable.com/audiobyte-inc,0
workable,audiokinetic,https://apply.workable.com/audiokinetic,0
workable,audiostack,https://apply.workable.com/audiostack,2
workable,augmenta,https://apply.workable.com/augmenta,0
workable,auditsight,https://apply.workable.com/auditsight,0
workable,aura-fertility,https://apply.workable.com/aura-fertility,0
workable,aumet-inc,https://apply.workable.com/aumet-inc,0
workable,auror,https://apply.workable.com/auror,0
workable,aulogicalis,https://apply.workable.com/aulogicalis,0
workable,aurity,https://aurity.workable.com,0
workable,auria,https://apply.workable.com/auria,0
workable,aurora-san-diego,https://apply.workable.com/aurora-san-diego,15
workable,auprosports,https://apply.workable.com/auprosports,6
workable,aurora-behavioral-charter-oak,https://apply.workable.com/aurora-behavioral-charter-oak,7
workable,aurora-3,https://apply.workable.com/aurora-3,14
workable,augmentum,https://apply.workable.com/augmentum,0
workable,aurumpay,https://apply.workable.com/aurumpay,0
workable,auspayplus,https://apply.workable.com/auspayplus,6
workable,auster,https://apply.workable.com/auster,0
workable,austin-consultants,https://apply.workable.com/austin-consultants,0
workable,australian-healthcare-associates,https://apply.workable.com/australian-healthcare-associates,1
workable,auth,https://apply.workable.com/auth,0
workable,australian-christian-college,https://apply.workable.com/australian-christian-college,44
workable,autofleet,https://autofleet.workable.com,8
workable,automation-hero,https://automation-hero.workable.com,0
workable,automaton-games,https://automaton-games.workable.com,0
workable,autonexus,https://autonexus.workable.com,0
workable,ava-may,https://ava-may.workable.com,0
workable,avadthree,https://avadthree.workable.com,0
workable,avantilearning,https://avantilearning.workable.com,0
workable,aviary,https://aviary.workable.com,0
workable,avantida,https://avantida.workable.com,0
workable,avionconsulting,https://avionconsulting.workable.com,0
workable,avantstay,https://avantstay.workable.com,0
workable,avionix,https://avionix.workable.com,0
workable,avocet,https://avocet.workable.com,0
workable,avrios,https://avrios.workable.com,0
workable,awcsolutions,https://awcsolutions.workable.com,14
workable,axis-healthcare,https://axis-healthcare.workable.com,0
workable,axur,https://axur.workable.com,2
workable,avvir,https://avvir.workable.com,0
workable,axminster-carpets-ltd,https://axminster-carpets-ltd.workable.com,0
workable,axis,https://axis.workable.com,0
workable,axiomsl,https://axiomsl.workable.com,0
workable,ayima,https://ayima.workable.com,0
workable,azimo,https://azimo.workable.com,0
workable,axius,https://axius.workable.com,0
workable,azumo,https://azumo.workable.com,72
workable,b12,https://b12.workable.com,0
workable,b2boost,https://b2boost.workable.com,0
workable,b2bwave,https://b2bwave.workable.com,0
workable,baas,https://baas.workable.com,0
workable,babbel,https://babbel.workable.com,0
workable,babeland,https://babeland.workable.com,0
workable,babylist,https://babylist.workable.com,0
workable,babylon-health,https://babylon-health.workable.com,0
workable,backed-1,https://backed-1.workable.com,0
workable,bad-dragon,https://bad-dragon.workable.com,4
workable,baesman-group-inc,https://baesman-group-inc.workable.com,12
workable,baird-and-warner,https://baird-and-warner.workable.com,4
workable,backtotheroots,https://backtotheroots.workable.com,0
workable,bananabeauty,https://bananabeauty.workable.com,0
workable,baluco,https://baluco.workable.com,0
workable,balena,https://balena.workable.com,0
workable,bai,https://bai.workable.com,0
workable,baldertoncapital,https://baldertoncapital.workable.com,0
workable,bame-recruitment-limited,https://bame-recruitment-limited.workable.com,0
workable,banteay-srei,https://banteay-srei.workable.com,0
workable,banzai,https://banzai.workable.com,0
workable,bandlabtechnologies,https://bandlabtechnologies.workable.com,0
workable,bandsintown,https://bandsintown.workable.com,0
workable,baremetrics,https://baremetrics.workable.com,0
workable,bare-conductive,https://bare-conductive.workable.com,0
workable,baresquare,https://baresquare.workable.com,0
workable,barfoots-of-botley-2,https://barfoots-of-botley-2.workable.com,14
workable,barorh,https://barorh.workable.com,45
workable,barrel,https://barrel.workable.com,0
workable,barr-refrigeration,https://barr-refrigeration.workable.com,0
workable,base58,https://base58.workable.com,0
workable,basecamp,https://basecamp.workable.com,0
workable,basepair,https://basepair.workable.com,0
workable,baton-rouge-physical-therapy-lake-1,https://baton-rouge-physical-therapy-lake-1.workable.com,0
workable,batteries911,https://batteries911.workable.com,0
workable,bartlett-and-co-dot-llc,https://bartlett-and-co-dot-llc.workable.com,2
workable,bathmate,https://bathmate.workable.com,0
workable,bausch-uk,https://bausch-uk.workable.com,0
workable,bcsg-ltd,https://bcsg-ltd.workable.com,0
workable,bask-health-1,https://bask-health-1.workable.com,61
workable,bcd-triptech,https://bcd-triptech.workable.com,0
workable,bcw,https://bcw.workable.com,0
workable,bavsound,https://bavsound.workable.com,0
workable,bcw-emea,https://bcw-emea.workable.com,0
workable,battlefy,https://battlefy.workable.com,0
workable,be-a-greek,https://be-a-greek.workable.com,0
workable,bayutdubizzle,https://bayutdubizzle.workable.com,53
workable,beach-inspector,https://beach-inspector.workable.com,0
workable,beach-inspector-work-and-traveller-1,https://beach-inspector-work-and-traveller-1.workable.com,0
workable,beameryapp,https://beameryapp.workable.com,0
workable,beapi,https://beapi.workable.com,0
workable,beam-aba,https://beam-aba.workable.com,2
workable,beauhurst,https://beauhurst.workable.com,0
workable,beermenus,https://beermenus.workable.com,0
workable,bedford,https://bedford.workable.com,5
workable,beeteacher,https://beeteacher.workable.com,0
workable,bella-is,https://bella-is.workable.com,0
workable,bendyworks,https://bendyworks.workable.com,0
workable,benensonstrategygroup,https://benensonstrategygroup.workable.com,0
workable,beezy,https://beezy.workable.com,0
workable,becosoft,https://becosoft.workable.com,0
workable,benivo,https://benivo.workable.com,2
workable,benevolentai,https://benevolentai.workable.com,0
workable,bestmobileltd,https://bestmobileltd.workable.com,0
workable,bedrock-learning,https://bedrock-learning.workable.com,0
workable,bentley-world-packaging,https://bentley-world-packaging.workable.com,0
workable,bermondsey-pub-team-members,https://bermondsey-pub-team-members.workable.com,0
workable,bestsite,https://bestsite.workable.com,0
workable,betabox,https://betabox.workable.com,1
workable,bestow,https://bestow.workable.com,0
workable,bermondsey-pub-company,https://bermondsey-pub-company.workable.com,0
workable,bepark,https://bepark.workable.com,0
workable,bestself,https://bestself.workable.com,0
workable,betahaus-sofia,https://betahaus-sofia.workable.com,0
workable,betterhelp,https://betterhelp.workable.com,0
workable,bevicareers,https://bevicareers.workable.com,0
workable,bettersleep,https://bettersleep.workable.com,2
workable,belmond-uk-ltd,https://belmond-uk-ltd.workable.com,255
workable,betterup,https://betterup.workable.com,0
workable,bevy,https://bevy.workable.com,0
workable,beyondco,https://beyondco.workable.com,3
workable,bh-solutions,https://bh-solutions.workable.com,0
workable,bialystokonline,https://bialystokonline.workable.com,1
workable,bgf-ventures,https://bgf-ventures.workable.com,0
workable,bhhscarolinascareers,https://bhhscarolinascareers.workable.com,0
workable,bigcompass,https://bigcompass.workable.com,0
workable,beyond12,https://beyond12.workable.com,0
workable,big-duck,https://big-duck.workable.com,0
workable,bike-rental-manager,https://bike-rental-manager.workable.com,0
workable,big-motive,https://big-motive.workable.com,0
workable,bigfoot-mobile-systems-inc,https://bigfoot-mobile-systems-inc.workable.com,0
workable,big-blue-marble-academy,https://big-blue-marble-academy.workable.com,0
workable,billdubehyundai,https://billdubehyundai.workable.com,0
workable,biglight,https://biglight.workable.com,1
workable,bikini-luxe,https://bikini-luxe.workable.com,0
workable,bigfinite,https://bigfinite.workable.com,0
workable,billed-right,https://billed-right.workable.com,0
workable,biffa,https://biffa.workable.com,162
workable,billguard,https://billguard.workable.com,0
workable,billiontoone,https://billiontoone.workable.com,0
workable,bintime,https://bintime.workable.com,0
workable,biobeats-group-ltd,https://biobeats-group-ltd.workable.com,0
workable,bionic-advertising-systems,https://bionic-advertising-systems.workable.com,0
workable,bionluk,https://bionluk.workable.com,0
workable,birdeye,https://birdeye.workable.com,0
workable,biocytogen,https://biocytogen.workable.com,25
workable,big-tomorrow,https://big-tomorrow.workable.com,0
workable,birdie,https://birdie.workable.com,0
workable,birons,https://birons.workable.com,0
workable,bit-zesty,https://bit-zesty.workable.com,0
workable,biotechware,https://biotechware.workable.com,0
workable,bitgo,https://bitgo.workable.com,0
workable,bitsbox,https://bitsbox.workable.com,0
workable,bitcoineu,https://bitcoineu.workable.com,0
workable,bizimply,https://bizimply.workable.com,0
workable,bizassure,https://bizassure.workable.com,0
workable,blackstoneagency,https://blackstoneagency.workable.com,0
workable,black-river-innovation-campus,https://black-river-innovation-campus.workable.com,0
workable,blackspectacles,https://blackspectacles.workable.com,1
workable,blackstone,https://blackstone.workable.com,5
workable,bitmo,https://bitmo.workable.com,0
workable,bizness-apps,https://bizness-apps.workable.com,0
workable,blairco,https://blairco.workable.com,18
workable,blanks-financial-solutions,https://blanks-financial-solutions.workable.com,0
workable,blender-design,https://blender-design.workable.com,0
workable,blankslate-partners,https://blankslate-partners.workable.com,13
workable,blink-lending,https://blink-lending.workable.com,0
workable,blink-design-group,https://blink-design-group.workable.com,0
workable,blffoundation,https://blffoundation.workable.com,0
workable,blkboxlabs,https://blkboxlabs.workable.com,0
workable,blockmason,https://blockmason.workable.com,0
workable,blogfoster,https://blogfoster.workable.com,0
workable,bloom,https://bloom.workable.com,0
workable,bloc-1,https://bloc-1.workable.com,0
workable,blue-prism,https://blue-prism.workable.com,0
workable,blue-value-ae,https://blue-value-ae.workable.com,0
workable,blue-palace-a-luxury-collection-resort-and-spa,https://blue-palace-a-luxury-collection-resort-and-spa.workable.com,0
workable,blooom,https://blooom.workable.com,0
workable,bloomia,https://bloomia.workable.com,0
workable,blue-raster,https://blue-raster.workable.com,2
workable,bluebridge,https://bluebridge.workable.com,0
workable,bloom-and-wild,https://bloom-and-wild.workable.com,0
workable,blue-moon-estate-sales,https://blue-moon-estate-sales.workable.com,0
workable,bluecode,https://bluecode.workable.com,0
workable,bloodwater,https://bloodwater.workable.com,0
workable,bluecore,https://bluecore.workable.com,0
workable,blueprintgenetics,https://blueprintgenetics.workable.com,0
workable,blueground,https://blueground.workable.com,36
workable,bluestargenomics,https://bluestargenomics.workable.com,0
workable,bluerock-therapeutics,https://bluerock-therapeutics.workable.com,0
workable,bluethumb,https://bluethumb.workable.com,0
workable,bluzelle,https://bluzelle.workable.com,0
workable,bluevisionlabs,https://bluevisionlabs.workable.com,0
workable,blys,https://blys.workable.com,0
workable,blyth-education,https://blyth-education.workable.com,0
workable,bmgcreative,https://bmgcreative.workable.com,0
workable,body-sculpting-by-emmanuel,https://body-sculpting-by-emmanuel.workable.com,0
workable,boiler-room,https://boiler-room.workable.com,0
workable,boclips,https://boclips.workable.com,0
workable,bohemia-interactive-simulations-inc,https://bohemia-interactive-simulations-inc.workable.com,0
workable,boardofinnovation,https://boardofinnovation.workable.com,8
workable,bone-structure,https://bone-structure.workable.com,0
workable,bolt,https://bolt.workable.com,0
workable,bolster-dot-us,https://bolster-dot-us.workable.com,0
workable,bonum-therapeutics,https://bonum-therapeutics.workable.com,0
workable,bonappetour,https://bonappetour.workable.com,0
workable,boldare,https://boldare.workable.com,0
workable,bonum,https://bonum.workable.com,0
workable,bold-ogilvy-mather-1,https://bold-ogilvy-mather-1.workable.com,0
workable,boomer,https://boomer.workable.com,0
workable,boords,https://boords.workable.com,0
workable,boosterfuels,https://boosterfuels.workable.com,0
workable,born-social-2,https://born-social-2.workable.com,0
workable,borrowell,https://borrowell.workable.com,6
workable,borneagency,https://borneagency.workable.com,0
workable,boost,https://boost.workable.com,2
workable,borrowmydoggy,https://borrowmydoggy.workable.com,0
workable,bossa-studios,https://bossa-studios.workable.com,0
workable,bournemouth-independent-group-ltd,https://bournemouth-independent-group-ltd.workable.com,0
workable,bqesoftware,https://bqesoftware.workable.com,0
workable,bovill,https://bovill.workable.com,0
workable,boutique-resort-phuket,https://boutique-resort-phuket.workable.com,0
workable,botify-jobs,https://botify-jobs.workable.com,0
workable,boxout-fm,https://boxout-fm.workable.com,0
workable,brandbank,https://brandbank.workable.com,0
workable,braveux,https://braveux.workable.com,0
workable,bravado-health,https://bravado-health.workable.com,0
workable,brannon-steel,https://brannon-steel.workable.com,0
workable,brandbastion,https://brandbastion.workable.com,4
workable,break-through,https://break-through.workable.com,0
workable,breadhunter,https://breadhunter.workable.com,0
workable,breakroom,https://breakroom.workable.com,0
workable,breaking-media,https://breaking-media.workable.com,0
workable,brewbot-1,https://brewbot-1.workable.com,0
workable,breakthrough-physical-therapy,https://breakthrough-physical-therapy.workable.com,0
workable,brickshare,https://brickshare.workable.com,0
workable,brickell-mens-products,https://brickell-mens-products.workable.com,0
workable,bridgescareers,https://bridgescareers.workable.com,0
workable,bridgeway-community-church,https://bridgeway-community-church.workable.com,0
workable,brightreps,https://brightreps.workable.com,0
workable,brightmetrics,https://brightmetrics.workable.com,0
workable,brightpearl-1,https://brightpearl-1.workable.com,0
workable,brightwell-payments,https://brightwell-payments.workable.com,0
workable,brokerxapp,https://brokerxapp.workable.com,0
workable,browser-london,https://browser-london.workable.com,0
workable,browserstack-2,https://browserstack-2.workable.com,0
workable,bstro,https://bstro.workable.com,0
workable,brookehowse-realtors-limited,https://brookehowse-realtors-limited.workable.com,0
workable,broadwaylab,https://broadwaylab.workable.com,0
workable,bucketlist-dot-org,https://bucketlist-dot-org.workable.com,0
workable,brilliantnoise,https://brilliantnoise.workable.com,0
workable,buckhead-lash,https://buckhead-lash.workable.com,0
workable,bswarena,https://bswarena.workable.com,0
workable,btinnolab,https://btinnolab.workable.com,0
workable,buffbrew,https://buffbrew.workable.com,0
workable,buildinglink,https://buildinglink.workable.com,0
workable,bucks-county-electric-works,https://bucks-county-electric-works.workable.com,1
workable,buildingtalent,https://buildingtalent.workable.com,0
workable,bukalapak,https://bukalapak.workable.com,0
workable,brilliantmetrics,https://brilliantmetrics.workable.com,0
workable,bringlabs,https://bringlabs.workable.com,5
workable,burson-cohn-and-wolfe-middle-east,https://burson-cohn-and-wolfe-middle-east.workable.com,0
workable,burson-cohn-and-wolfe-latin-america,https://burson-cohn-and-wolfe-latin-america.workable.com,0
workable,bureaublank,https://bureaublank.workable.com,0
workable,bulb,https://bulb.workable.com,0
workable,burkes,https://burkes.workable.com,4
workable,bushel,https://bushel.workable.com,0
workable,busara,https://busara.workable.com,0
workable,buxton,https://buxton.workable.com,0
workable,buyapowa,https://buyapowa.workable.com,0
workable,buyergenomics,https://buyergenomics.workable.com,0
workable,bwm2019,https://bwm2019.workable.com,0
workable,butler,https://butler.workable.com,0
workable,buzzvil,https://buzzvil.workable.com,0
workable,bxblue,https://bxblue.workable.com,0
workable,c4media,https://c4media.workable.com,0
workable,byronbeautybar,https://byronbeautybar.workable.com,0
workable,byteme-1,https://byteme-1.workable.com,0
workable,byshowroom,https://byshowroom.workable.com,0
workable,c4-planning-solutions-llc,https://c4-planning-solutions-llc.workable.com,5
workable,caamanitoba,https://caamanitoba.workable.com,0
workable,cabinet-designers,https://cabinet-designers.workable.com,0
workable,cabify,https://cabify.workable.com,0
workable,cadami,https://cadami.workable.com,0
workable,cah,https://cah.workable.com,0
workable,cafebazaar,https://cafebazaar.workable.com,0
workable,caliza,https://apply.workable.com/caliza,0
workable,caliwater,https://apply.workable.com/caliwater,0
workable,cactus,https://cactus.workable.com,6
workable,cal-am-properties-inc,https://cal-am-properties-inc.workable.com,0
workable,calciumusa,https://calciumusa.workable.com,0
workable,burson-cohn-and-wolfe-apac,https://burson-cohn-and-wolfe-apac.workable.com,0
workable,burst,https://burst.workable.com,0
workable,california-pizza-kitchen-canada,https://apply.workable.com/california-pizza-kitchen-canada,0
workable,callcentre-people,https://apply.workable.com/callcentre-people,0
workable,calliper,https://apply.workable.com/calliper,0
workable,call-andy-macintosh-consulting,https://apply.workable.com/call-andy-macintosh-consulting,0
workable,call-simulator,https://apply.workable.com/call-simulator,0
workable,callbell,https://apply.workable.com/callbell,0
workable,caltrout,https://apply.workable.com/caltrout,0
workable,calpak-1,https://apply.workable.com/calpak-1,5
workable,callminer,https://apply.workable.com/callminer,6
workable,callahanplanning,https://apply.workable.com/callahanplanning,0
workable,callsign,https://apply.workable.com/callsign,0
workable,cache,https://cache.workable.com,105
workable,calvary-hospital,https://apply.workable.com/calvary-hospital,37
workable,camaloon,https://apply.workable.com/camaloon,0
workable,cambiar-catalyst,https://apply.workable.com/cambiar-catalyst,0
workable,cambrico,https://apply.workable.com/cambrico,0
workable,cambridge-gan-devices,https://apply.workable.com/cambridge-gan-devices,6
workable,cambridge-healthcare-research,https://apply.workable.com/cambridge-healthcare-research,13
workable,cambridge-mobile-telematics,https://apply.workable.com/cambridge-mobile-telematics,0
workable,cambridgeres,https://cambridgeres.workable.com,0
workable,cambridge-spark,https://apply.workable.com/cambridge-spark,0
workable,camelot,https://apply.workable.com/camelot,0
workable,cambridge-isotope-laboratories-inc,https://apply.workable.com/cambridge-isotope-laboratories-inc,0
workable,camelot-lottery-solutions,https://apply.workable.com/camelot-lottery-solutions,0
workable,campaign-lab,https://apply.workable.com/campaign-lab,0
workable,camino-partners-1,https://apply.workable.com/camino-partners-1,2
workable,cammy,https://apply.workable.com/cammy,0
workable,camect,https://apply.workable.com/camect,0
workable,camile-thai-kitchen,https://apply.workable.com/camile-thai-kitchen,0
workable,campbell-comfort-systems,https://apply.workable.com/campbell-comfort-systems,0
workable,campusink,https://apply.workable.com/campusink,2
workable,campuslivingcentres,https://apply.workable.com/campuslivingcentres,0
workable,campuslab,https://campuslab.workable.com,0
workable,cadritech,https://cadritech.workable.com,0
workable,camtran,https://apply.workable.com/camtran,8
workable,cadillacf1team,https://cadillacf1team.workable.com,30
workable,camunda,https://apply.workable.com/camunda,0
workable,canada-media-fund,https://apply.workable.com/canada-media-fund,0
workable,can-i-build,https://apply.workable.com/can-i-build,0
workable,canadian-consumer-panels,https://apply.workable.com/canadian-consumer-panels,0
workable,calor-careers,https://apply.workable.com/calor-careers,3
workable,canadian-recruitment-group,https://apply.workable.com/canadian-recruitment-group,0
workable,canary-health,https://apply.workable.com/canary-health,0
workable,canary-technologies,https://canary-technologies.workable.com,0
workable,canal-da-peca,https://apply.workable.com/canal-da-peca,0
workable,canalys,https://apply.workable.com/canalys,0
workable,canaves-oia,https://apply.workable.com/canaves-oia,20
workable,cand-b-equipment-2,https://apply.workable.com/cand-b-equipment-2,0
workable,canceriq,https://apply.workable.com/canceriq,0
workable,candor,https://candor.workable.com,0
workable,canoa,https://apply.workable.com/canoa,0
workable,candlemedia,https://apply.workable.com/candlemedia,0
workable,canopy-7,https://apply.workable.com/canopy-7,4
workable,candyai,https://apply.workable.com/candyai,1
workable,candlescience,https://apply.workable.com/candlescience,0
workable,cand-m-dredging-inc,https://apply.workable.com/cand-m-dredging-inc,19
workable,canopie-inc,https://apply.workable.com/canopie-inc,0
workable,canopy-cloud,https://apply.workable.com/canopy-cloud,1
workable,canopy-servicing,https://apply.workable.com/canopy-servicing,0
workable,canopyfm,https://apply.workable.com/canopyfm,1
workable,canopyservices,https://apply.workable.com/canopyservices,0
workable,canplas-industries-ltd,https://apply.workable.com/canplas-industries-ltd,0
workable,canterbury-jockey-club-incorporated,https://apply.workable.com/canterbury-jockey-club-incorporated,0
workable,canvas-events,https://canvas-events.workable.com,0
workable,canucks-sports-and-entertainment,https://apply.workable.com/canucks-sports-and-entertainment,0
workable,canvas8,https://apply.workable.com/canvas8,2
workable,capability-trust,https://apply.workable.com/capability-trust,0
workable,cape-mentelle-vineyards-1,https://apply.workable.com/cape-mentelle-vineyards-1,0
workable,capdesk-1,https://apply.workable.com/capdesk-1,0
workable,capezero,https://apply.workable.com/capezero,0
workable,capacity-ch,https://apply.workable.com/capacity-ch,3
workable,capellaspace,https://apply.workable.com/capellaspace,0
workable,capital-b,https://apply.workable.com/capital-b,0
workable,capital-economics,https://apply.workable.com/capital-economics,5
workable,capital-home-mortgage,https://apply.workable.com/capital-home-mortgage,0
workable,capital-factory,https://apply.workable.com/capital-factory,11
workable,capital-impact-partners-1,https://apply.workable.com/capital-impact-partners-1,0
workable,capital-good-fund,https://apply.workable.com/capital-good-fund,0
workable,capitol-supplyand-service,https://apply.workable.com/capitol-supplyand-service,0
workable,capital-project-intelligence,https://apply.workable.com/capital-project-intelligence,0
workable,capital-off-road-pathfinders,https://apply.workable.com/capital-off-road-pathfinders,0
workable,capitole-energie,https://apply.workable.com/capitole-energie,0
workable,capstan,https://apply.workable.com/capstan,0
workable,capitaltg,https://apply.workable.com/capitaltg,0
workable,capstonecpas,https://apply.workable.com/capstonecpas,0
workable,captify,https://apply.workable.com/captify,0
workable,capitalpartnersme,https://apply.workable.com/capitalpartnersme,18
workable,capitol-supply,https://apply.workable.com/capitol-supply,0
workable,captini,https://apply.workable.com/captini,0
workable,capitex,https://apply.workable.com/capitex,94
workable,captivation,https://apply.workable.com/captivation,0
workable,captureone,https://apply.workable.com/captureone,1
workable,car-quality-services-gmbh,https://apply.workable.com/car-quality-services-gmbh,0
workable,capture,https://apply.workable.com/capture,0
workable,capula-investment-management-ltd,https://apply.workable.com/capula-investment-management-ltd,16
workable,cara-care-2,https://apply.workable.com/cara-care-2,0
workable,cara-care,https://apply.workable.com/cara-care,3
workable,carbo-culture,https://apply.workable.com/carbo-culture,0
workable,carazo-enterprise-sl,https://apply.workable.com/carazo-enterprise-sl,37
workable,carbmanager,https://apply.workable.com/carbmanager,0
workable,carbon-rmp,https://apply.workable.com/carbon-rmp,0
workable,caravel-1,https://apply.workable.com/caravel-1,0
workable,carbenefitsolutions,https://apply.workable.com/carbenefitsolutions,1
workable,capgemini-insurance,https://apply.workable.com/capgemini-insurance,418
workable,carbon180,https://apply.workable.com/carbon180,0
workable,carbonplan,https://apply.workable.com/carbonplan,0
workable,cardano-defi-alliance,https://apply.workable.com/cardano-defi-alliance,0
workable,carbyne-1,https://apply.workable.com/carbyne-1,0
workable,carbonclean,https://apply.workable.com/carbonclean,3
workable,carbonplace,https://apply.workable.com/carbonplace,0
workable,carbonlighthouse,https://apply.workable.com/carbonlighthouse,0
workable,carcodeal,https://apply.workable.com/carcodeal,0
workable,card-industry-professionals,https://apply.workable.com/card-industry-professionals,0
workable,cardiacimaginginc,https://apply.workable.com/cardiacimaginginc,0
workable,carbonre,https://apply.workable.com/carbonre,0
workable,cardboard-boxes,https://apply.workable.com/cardboard-boxes,0
workable,cardback,https://apply.workable.com/cardback,0
workable,cardorentals,https://apply.workable.com/cardorentals,0
workable,care-for-people-plus-inc,https://apply.workable.com/care-for-people-plus-inc,0
workable,cardstack,https://apply.workable.com/cardstack,0
workable,cardshq,https://apply.workable.com/cardshq,0
workable,care-sourcer,https://apply.workable.com/care-sourcer,0
workable,careacross,https://apply.workable.com/careacross,1
workable,care-harmony,https://apply.workable.com/care-harmony,66
workable,carecloud,https://apply.workable.com/carecloud,0
workable,carecru,https://apply.workable.com/carecru,0
workable,career-builder-4,https://career-builder-4.workable.com,0
workable,career-center,https://career-center.workable.com,0
workable,career-kargotech,https://apply.workable.com/career-kargotech,0
workable,career-education-colleges-and-universities-cecu,https://apply.workable.com/career-education-colleges-and-universities-cecu,0
workable,career-ladders-project,https://apply.workable.com/career-ladders-project,0
workable,career-renew,https://apply.workable.com/career-renew,0
workable,careerfoundry,https://apply.workable.com/careerfoundry,0
workable,careers-at-aws,https://apply.workable.com/careers-at-aws,0
workable,careers-circuit,https://apply.workable.com/careers-circuit,0
workable,careers-imdad,https://apply.workable.com/careers-imdad,12
workable,careers-nurole,https://apply.workable.com/careers-nurole,0
workable,careers-sixflags-and-aquarabia,https://apply.workable.com/careers-sixflags-and-aquarabia,18
workable,careers-at-sleek,https://apply.workable.com/careers-at-sleek,51
workable,careers-ewingirrigation,https://apply.workable.com/careers-ewingirrigation,94
workable,careersactivatetalent,https://apply.workable.com/careersactivatetalent,0
workable,careersatnutmeg,https://apply.workable.com/careersatnutmeg,0
workable,careerslanded,https://apply.workable.com/careerslanded,0
workable,careersatside,https://apply.workable.com/careersatside,0
workable,careershifters,https://apply.workable.com/careershifters,0
workable,careful-industries,https://apply.workable.com/careful-industries,0
workable,carefreespace,https://apply.workable.com/carefreespace,0
workable,carelinx,https://apply.workable.com/carelinx,0
workable,carefound-home-care,https://apply.workable.com/carefound-home-care,35
workable,careguideteam,https://apply.workable.com/careguideteam,0
workable,caretrack,https://apply.workable.com/caretrack,0
workable,caret,https://apply.workable.com/caret,0
workable,caresyntax-2,https://apply.workable.com/caresyntax-2,3
workable,cariflex,https://apply.workable.com/cariflex,6
workable,carewell,https://apply.workable.com/carewell,6
workable,caringforothers,https://apply.workable.com/caringforothers,0
workable,carestaff-solutions-1,https://apply.workable.com/carestaff-solutions-1,0
workable,carma-project,https://apply.workable.com/carma-project,0
workable,carlfriedrik,https://apply.workable.com/carlfriedrik,0
workable,carnall-farrar,https://apply.workable.com/carnall-farrar,0
workable,carl-fischer,https://carl-fischer.workable.com,0
workable,carmoola-1,https://apply.workable.com/carmoola-1,2
workable,carouselgroup,https://apply.workable.com/carouselgroup,0
workable,carnovo,https://apply.workable.com/carnovo,0
workable,carolyn-beach-inn-and-restaurant,https://apply.workable.com/carolyn-beach-inn-and-restaurant,0
workable,carnallfarrar,https://apply.workable.com/carnallfarrar,7
workable,carfair,https://apply.workable.com/carfair,20
workable,caresend,https://apply.workable.com/caresend,217
workable,carreraskiewitmx,https://apply.workable.com/carreraskiewitmx,10
workable,carrgomm,https://apply.workable.com/carrgomm,0
workable,carrierone,https://apply.workable.com/carrierone,0
workable,carrot,https://apply.workable.com/carrot,0
workable,carrus,https://apply.workable.com/carrus,0
workable,cars24,https://apply.workable.com/cars24,0
workable,carspring-2,https://carspring-2.workable.com,0
workable,carry1st,https://apply.workable.com/carry1st,0
workable,cartloop,https://apply.workable.com/cartloop,0
workable,carzada,https://apply.workable.com/carzada,0
workable,carrie-rikonand-associates,https://apply.workable.com/carrie-rikonand-associates,128
workable,cartwheel,https://apply.workable.com/cartwheel,0
workable,caryhealth,https://apply.workable.com/caryhealth,0
workable,cartstack,https://apply.workable.com/cartstack,0
workable,carter,https://apply.workable.com/carter,0
workable,cascadedebt,https://apply.workable.com/cascadedebt,0
workable,casamineira,https://apply.workable.com/casamineira,0
workable,casa-de-amparo,https://apply.workable.com/casa-de-amparo,0
workable,casecareers,https://apply.workable.com/casecareers,0
workable,casbah,https://apply.workable.com/casbah,0
workable,cascadia,https://apply.workable.com/cascadia,2
workable,carto,https://carto.workable.com,0
workable,carwow,https://apply.workable.com/carwow,0
workable,cartegraph,https://apply.workable.com/cartegraph,0
workable,cascade-engineering-services-1,https://apply.workable.com/cascade-engineering-services-1,0
workable,cascadestaffing,https://apply.workable.com/cascadestaffing,0
workable,cascadefellowship,https://apply.workable.com/cascadefellowship,0
workable,carzar,https://apply.workable.com/carzar,0
workable,casava-microinsurance,https://apply.workable.com/casava-microinsurance,0
workable,cartken,https://apply.workable.com/cartken,0
workable,caseware,https://apply.workable.com/caseware,0
workable,casino-hex-espana,https://apply.workable.com/casino-hex-espana,0
workable,casinohex-1,https://apply.workable.com/casinohex-1,0
workable,casinohex-dk,https://apply.workable.com/casinohex-dk,0
workable,casino-hex-new-zealand,https://apply.workable.com/casino-hex-new-zealand,0
workable,casiouk,https://apply.workable.com/casiouk,0
workable,casknx,https://apply.workable.com/casknx,0
workable,castaway-forecasting,https://apply.workable.com/castaway-forecasting,0
workable,castanea-fellowship-2,https://apply.workable.com/castanea-fellowship-2,0
workable,catalist,https://apply.workable.com/catalist,0
workable,castlery,https://apply.workable.com/castlery,0
workable,casualfridays,https://apply.workable.com/casualfridays,0
workable,castor-1,https://apply.workable.com/castor-1,0
workable,cast-iron-coding,https://apply.workable.com/cast-iron-coding,0
workable,castos,https://apply.workable.com/castos,0
workable,catalpa,https://apply.workable.com/catalpa,1
workable,catalysts-norway,https://apply.workable.com/catalysts-norway,0
workable,catalyst-metals,https://apply.workable.com/catalyst-metals,5
workable,catarse,https://apply.workable.com/catarse,0
workable,catalysts,https://apply.workable.com/catalysts,0
workable,catalabs,https://apply.workable.com/catalabs,0
workable,castile-construction-inc,https://castile-construction-inc.workable.com,0
workable,castle-trust,https://apply.workable.com/castle-trust,9
workable,catalyst-consulting-group-inc,https://catalyst-consulting-group-inc.workable.com,0
workable,catch,https://apply.workable.com/catch,0
workable,catch-digital,https://apply.workable.com/catch-digital,0
workable,catch-talent-1,https://apply.workable.com/catch-talent-1,0
workable,catchdesign,https://apply.workable.com/catchdesign,4
workable,catching-clouds,https://apply.workable.com/catching-clouds,0
workable,catholicmatch,https://apply.workable.com/catholicmatch,0
workable,catercow,https://apply.workable.com/catercow,0
workable,cathexis,https://apply.workable.com/cathexis,14
workable,cattlekrush,https://apply.workable.com/cattlekrush,0
workable,causaly,https://apply.workable.com/causaly,0
workable,catilas-resources-limited,https://apply.workable.com/catilas-resources-limited,20
workable,causevox,https://apply.workable.com/causevox,0
workable,cauldron,https://apply.workable.com/cauldron,0
workable,caveat-nyc,https://apply.workable.com/caveat-nyc,0
workable,cause-and-fx-ltd,https://apply.workable.com/cause-and-fx-ltd,3
workable,caxton-fx,https://apply.workable.com/caxton-fx,0
workable,cazeault-roofing-and-solar,https://cazeault-roofing-and-solar.workable.com,0
workable,caylent,https://apply.workable.com/caylent,0
workable,cavulus,https://apply.workable.com/cavulus,0
workable,cbo-group,https://apply.workable.com/cbo-group,1
workable,caxton,https://apply.workable.com/caxton,24
workable,cayman-first-insurance,https://apply.workable.com/cayman-first-insurance,4
workable,cbrcareers,https://apply.workable.com/cbrcareers,0
workable,cavu,https://apply.workable.com/cavu,0
workable,cbh-homes,https://apply.workable.com/cbh-homes,29
workable,cbtravel,https://apply.workable.com/cbtravel,0
workable,cbs-9,https://apply.workable.com/cbs-9,21
workable,ccds,https://apply.workable.com/ccds,8
workable,ccaw-automotive-group,https://ccaw-automotive-group.workable.com,0
workable,ccgiq,https://apply.workable.com/ccgiq,0
workable,cdc-foundation,https://apply.workable.com/cdc-foundation,0
workable,ccri,https://apply.workable.com/ccri,0
workable,cdlatam,https://cdlatam.workable.com,0
workable,ccres,https://apply.workable.com/ccres,83
workable,cdc-data-centres,https://apply.workable.com/cdc-data-centres,39
workable,cdl-2,https://apply.workable.com/cdl-2,0
workable,cedar-garage-ltd,https://cedar-garage-ltd.workable.com,0
workable,ceedcap-incorporated,https://apply.workable.com/ceedcap-incorporated,0
workable,cdr-companies,https://apply.workable.com/cdr-companies,60
workable,cedexis,https://apply.workable.com/cedexis,0
workable,cedars-of-marin,https://apply.workable.com/cedars-of-marin,0
workable,cdc-small-business-finance,https://apply.workable.com/cdc-small-business-finance,0
workable,ceedera,https://apply.workable.com/ceedera,0
workable,celeb-magazine,https://apply.workable.com/celeb-magazine,0
workable,celearning,https://apply.workable.com/celearning,0
workable,ceek-marketing,https://apply.workable.com/ceek-marketing,0
workable,cell48,https://apply.workable.com/cell48,0
workable,cedsys,https://apply.workable.com/cedsys,16
workable,cellartracker,https://apply.workable.com/cellartracker,0
workable,cellareye-inc,https://apply.workable.com/cellareye-inc,0
workable,cello-health,https://apply.workable.com/cello-health,0
workable,cellply,https://apply.workable.com/cellply,1
workable,celestino,https://apply.workable.com/celestino,12
workable,cellvoyant,https://apply.workable.com/cellvoyant,0
workable,celo,https://apply.workable.com/celo,0
workable,celsius,https://apply.workable.com/celsius,69
workable,cement-australia,https://apply.workable.com/cement-australia,0
workable,cenfri,https://apply.workable.com/cenfri,0
workable,celum,https://apply.workable.com/celum,0
workable,cem,https://apply.workable.com/cem,2
workable,centage,https://apply.workable.com/centage,2
workable,cemit,https://apply.workable.com/cemit,0
workable,celtic-bank,https://apply.workable.com/celtic-bank,13
workable,centaur-analytics-inc,https://apply.workable.com/centaur-analytics-inc,0
workable,center-for-industrial-progress-1,https://apply.workable.com/center-for-industrial-progress-1,2
workable,center-on-rural-innovation-1,https://apply.workable.com/center-on-rural-innovation-1,0
workable,center-on-rural-innovation-inc,https://apply.workable.com/center-on-rural-innovation-inc,0
workable,center-for-public-enterprise,https://apply.workable.com/center-for-public-enterprise,0
workable,centah-inc,https://apply.workable.com/centah-inc,4
workable,centrapay,https://apply.workable.com/centrapay,11
workable,centoeventi,https://apply.workable.com/centoeventi,0
workable,central-valley-insurance-agency-1,https://apply.workable.com/central-valley-insurance-agency-1,0
workable,centri,https://apply.workable.com/centri,0
workable,centralapp,https://apply.workable.com/centralapp,9
workable,central-houston-inc,https://apply.workable.com/central-houston-inc,1
workable,central-library-consortium,https://apply.workable.com/central-library-consortium,0
workable,centre-for-information-resilience,https://apply.workable.com/centre-for-information-resilience,6
workable,centric-services,https://apply.workable.com/centric-services,5
workable,centorrino-technologies,https://apply.workable.com/centorrino-technologies,43
workable,centrient,https://apply.workable.com/centrient,9
workable,centroida,https://centroida.workable.com,0
workable,centrl-office-1,https://apply.workable.com/centrl-office-1,0
workable,cepal,https://apply.workable.com/cepal,11
workable,ceo-life,https://apply.workable.com/ceo-life,35
workable,certane,https://apply.workable.com/certane,0
workable,cequens,https://apply.workable.com/cequens,14
workable,cervest,https://apply.workable.com/cervest,0
workable,certh-iti,https://apply.workable.com/certh-iti,0
workable,cerge,https://apply.workable.com/cerge,0
workable,ces,https://apply.workable.com/ces,0
workable,cfamidtownlr,https://apply.workable.com/cfamidtownlr,0
workable,ceterus-inc,https://apply.workable.com/ceterus-inc,0
workable,cg-industrial-specialties,https://apply.workable.com/cg-industrial-specialties,0
workable,cfchildren,https://apply.workable.com/cfchildren,0
workable,cg-tech-services-inc,https://apply.workable.com/cg-tech-services-inc,0
workable,cg-life,https://apply.workable.com/cg-life,0
workable,cgi,https://apply.workable.com/cgi,0
workable,chaeban-ice-cream,https://apply.workable.com/chaeban-ice-cream,0
workable,cgiar,https://apply.workable.com/cgiar,0
workable,cgspectrum,https://apply.workable.com/cgspectrum,0
workable,chaia-tacos,https://chaia-tacos.workable.com,0
workable,chaileyheritagefoundation,https://apply.workable.com/chaileyheritagefoundation,0
workable,chalkchisel,https://apply.workable.com/chalkchisel,0
workable,chain-reaction-1,https://apply.workable.com/chain-reaction-1,47
workable,challenge-unlimited-inc-1,https://apply.workable.com/challenge-unlimited-inc-1,0
workable,chaingpt,https://apply.workable.com/chaingpt,185
workable,chandonau,https://apply.workable.com/chandonau,1
workable,chandonusa,https://apply.workable.com/chandonusa,4
workable,challengers,https://apply.workable.com/challengers,0
workable,change-machine,https://apply.workable.com/change-machine,0
workable,changing-minds-trust,https://apply.workable.com/changing-minds-trust,0
workable,channeltivity,https://apply.workable.com/channeltivity,0
workable,chaos-theory,https://apply.workable.com/chaos-theory,2
workable,chapa,https://apply.workable.com/chapa,0
workable,chapel-hill-tire,https://apply.workable.com/chapel-hill-tire,16
workable,chargemap,https://apply.workable.com/chargemap,0
workable,charger-water,https://apply.workable.com/charger-water,10
workable,charidy,https://apply.workable.com/charidy,0
workable,chargify,https://apply.workable.com/chargify,0
workable,chariot-solutions,https://apply.workable.com/chariot-solutions,0
workable,chariot-logistics-inc,https://apply.workable.com/chariot-logistics-inc,0
workable,charger-logistics-inc,https://apply.workable.com/charger-logistics-inc,67
workable,channel-factory,https://apply.workable.com/channel-factory,26
workable,charity-search-group,https://apply.workable.com/charity-search-group,4
workable,charityjob,https://apply.workable.com/charityjob,0
workable,charityvest,https://apply.workable.com/charityvest,0
workable,charityvest-1,https://apply.workable.com/charityvest-1,0
workable,charity-link,https://apply.workable.com/charity-link,171
workable,charlietango,https://apply.workable.com/charlietango,0
workable,charliehr,https://apply.workable.com/charliehr,0
workable,charlesgate,https://apply.workable.com/charlesgate,0
workable,charles-it,https://apply.workable.com/charles-it,29
workable,charterhouse-2,https://apply.workable.com/charterhouse-2,2
workable,chasitys-virtual-home-solutions-llc,https://apply.workable.com/chasitys-virtual-home-solutions-llc,0
workable,charux-studio,https://apply.workable.com/charux-studio,0
workable,chatfood,https://apply.workable.com/chatfood,0
workable,chatsworth-media-ltd,https://apply.workable.com/chatsworth-media-ltd,0
workable,chatbooks,https://apply.workable.com/chatbooks,0
workable,chatham-print-design,https://chatham-print-design.workable.com,0
workable,chathamhouse,https://apply.workable.com/chathamhouse,0
workable,centricsoft,https://apply.workable.com/centricsoft,0
workable,chattacademy-community-school,https://apply.workable.com/chattacademy-community-school,3
workable,chatterboxes-1,https://apply.workable.com/chatterboxes-1,6
workable,chattermill,https://chattermill.workable.com,0
workable,chaucer,https://apply.workable.com/chaucer,0
workable,chec,https://apply.workable.com/chec,0
workable,checkbox,https://apply.workable.com/checkbox,0
workable,checkout-catch-jobs,https://apply.workable.com/checkout-catch-jobs,0
workable,charlotte-tilbury,https://apply.workable.com/charlotte-tilbury,226
workable,chefaa,https://apply.workable.com/chefaa,0
workable,cerego,https://apply.workable.com/cerego,0
workable,chefpreserve,https://apply.workable.com/chefpreserve,0
workable,chefsplate,https://apply.workable.com/chefsplate,0
workable,cghero,https://apply.workable.com/cghero,0
workable,cheme-engineering,https://apply.workable.com/cheme-engineering,0
workable,chemican-inc,https://apply.workable.com/chemican-inc,0
workable,chequer,https://apply.workable.com/chequer,0
workable,chemix,https://apply.workable.com/chemix,0
workable,chainlabs,https://apply.workable.com/chainlabs,0
workable,cheil,https://apply.workable.com/cheil,0
workable,chelseanova-health-1,https://apply.workable.com/chelseanova-health-1,0
workable,cherry-agencies-pvt-ltd-bangalore,https://apply.workable.com/cherry-agencies-pvt-ltd-bangalore,0
workable,chernoff-newman,https://apply.workable.com/chernoff-newman,0
workable,cherrypick,https://apply.workable.com/cherrypick,0
workable,cheer-home-care,https://apply.workable.com/cheer-home-care,342
workable,chessable,https://apply.workable.com/chessable,0
workable,chesapeake-contracting-group,https://apply.workable.com/chesapeake-contracting-group,11
workable,chess24,https://apply.workable.com/chess24,0
workable,chezmode,https://apply.workable.com/chezmode,0
workable,child-care-for-connecticuts-future,https://apply.workable.com/child-care-for-connecticuts-future,0
workable,childcare-professional-staffing-1,https://apply.workable.com/childcare-professional-staffing-1,0
workable,child-time-inc-1,https://apply.workable.com/child-time-inc-1,0
workable,childrens-museum-of-manhattan,https://childrens-museum-of-manhattan.workable.com,0
workable,chemin,https://apply.workable.com/chemin,39
workable,chiligumvideos,https://chiligumvideos.workable.com,0
workable,childstart,https://apply.workable.com/childstart,15
workable,chilindo,https://apply.workable.com/chilindo,0
workable,chipper,https://apply.workable.com/chipper,0
workable,chillysbottles,https://apply.workable.com/chillysbottles,0
workable,chill,https://apply.workable.com/chill,8
workable,charisma-condos-1,https://apply.workable.com/charisma-condos-1,0
workable,chippd,https://apply.workable.com/chippd,0
workable,chipply,https://apply.workable.com/chipply,1
workable,chm,https://apply.workable.com/chm,5
workable,chiral-nano-ag,https://apply.workable.com/chiral-nano-ag,0
workable,chirocat,https://apply.workable.com/chirocat,0
workable,choice,https://apply.workable.com/choice,2
workable,chironmanagement,https://apply.workable.com/chironmanagement,3
workable,chomp,https://apply.workable.com/chomp,0
workable,chordoma,https://apply.workable.com/chordoma,0
workable,chorus-2,https://apply.workable.com/chorus-2,0
workable,chripment,https://apply.workable.com/chripment,0
workable,christie-lites,https://apply.workable.com/christie-lites,0
workable,chrome,https://apply.workable.com/chrome,0
workable,chartered-college-of-teaching,https://apply.workable.com/chartered-college-of-teaching,0
workable,chroma-colors,https://apply.workable.com/chroma-colors,0
workable,christian-senior-care-services,https://apply.workable.com/christian-senior-care-services,2
workable,chronability,https://apply.workable.com/chronability,0
workable,chase-design-group,https://apply.workable.com/chase-design-group,7
workable,chroniclebooks,https://apply.workable.com/chroniclebooks,0
workable,chronos-agency,https://apply.workable.com/chronos-agency,0
workable,chuffed,https://apply.workable.com/chuffed,0
workable,chudnovsky-law,https://apply.workable.com/chudnovsky-law,0
workable,chronomics,https://apply.workable.com/chronomics,0
workable,chuco,https://apply.workable.com/chuco,0
workable,chuva-inc,https://apply.workable.com/chuva-inc,1
workable,cienet,https://apply.workable.com/cienet,4
workable,chux-trux,https://apply.workable.com/chux-trux,0
workable,ciff,https://apply.workable.com/ciff,2
workable,cimspa,https://apply.workable.com/cimspa,1
workable,cimmyt-1,https://apply.workable.com/cimmyt-1,61
workable,cimulate,https://apply.workable.com/cimulate,0
workable,cin7,https://apply.workable.com/cin7,0
workable,cinc-systems,https://apply.workable.com/cinc-systems,0
workable,chefherohq,https://apply.workable.com/chefherohq,0
workable,cio-technology-solutions,https://apply.workable.com/cio-technology-solutions,0
workable,ciocca-dealerships,https://apply.workable.com/ciocca-dealerships,0
workable,cion-digital,https://apply.workable.com/cion-digital,0
workable,ciphermode-labs,https://apply.workable.com/ciphermode-labs,0
workable,cipherstash,https://apply.workable.com/cipherstash,0
workable,circadia-health,https://apply.workable.com/circadia-health,0
workable,ciqgroup,https://apply.workable.com/ciqgroup,0
workable,circit-limited,https://apply.workable.com/circit-limited,11
workable,circlecat-canada,https://apply.workable.com/circlecat-canada,5
workable,circadian,https://apply.workable.com/circadian,0
workable,circles,https://apply.workable.com/circles,4
workable,circlelink-health,https://apply.workable.com/circlelink-health,41
workable,circles-bali,https://apply.workable.com/circles-bali,0
workable,circles-ubi,https://apply.workable.com/circles-ubi,0
workable,circonomit,https://apply.workable.com/circonomit,2
workable,circulee,https://apply.workable.com/circulee,0
workable,citeline,https://apply.workable.com/citeline,0
workable,cirrusmd,https://apply.workable.com/cirrusmd,2
workable,cirruslabs,https://apply.workable.com/cirruslabs,0
workable,chick-fil-a-8,https://apply.workable.com/chick-fil-a-8,0
workable,christensen-oconnor-johnson-kindness-pllc,https://apply.workable.com/christensen-oconnor-johnson-kindness-pllc,0
workable,cititech,https://apply.workable.com/cititech,0
workable,citizen,https://apply.workable.com/citizen,0
workable,citizendata,https://apply.workable.com/citizendata,0
workable,citizens-state-bank,https://apply.workable.com/citizens-state-bank,2
workable,citrapac,https://apply.workable.com/citrapac,0
workable,city-impact,https://apply.workable.com/city-impact,0
workable,city-cast,https://apply.workable.com/city-cast,7
workable,citrine-home-healthcare-inc-1,https://apply.workable.com/citrine-home-healthcare-inc-1,0
workable,city-of-altoona,https://apply.workable.com/city-of-altoona,2
workable,city-pantry-1,https://apply.workable.com/city-pantry-1,0
workable,city-light,https://apply.workable.com/city-light,0
workable,chimera-securities-llc,https://apply.workable.com/chimera-securities-llc,0
workable,city-of-dover-nh,https://apply.workable.com/city-of-dover-nh,0
workable,city-of-merritt,https://apply.workable.com/city-of-merritt,0
workable,cementpro,https://apply.workable.com/cementpro,0
workable,city-of-fountain-inn,https://apply.workable.com/city-of-fountain-inn,0
workable,city-of-evanston-parks-recreation-and-community-service,https://apply.workable.com/city-of-evanston-parks-recreation-and-community-service,0
workable,city-paper-company,https://apply.workable.com/city-paper-company,0
workable,city-pop,https://city-pop.workable.com,0
workable,city-of-rolling-meadows,https://apply.workable.com/city-of-rolling-meadows,0
workable,cityfibre,https://apply.workable.com/cityfibre,0
workable,citylitics,https://apply.workable.com/citylitics,7
workable,citysquare,https://apply.workable.com/citysquare,0
workable,civic-elevator,https://apply.workable.com/civic-elevator,0
workable,chronograph,https://apply.workable.com/chronograph,0
workable,civilitude,https://apply.workable.com/civilitude,0
workable,civichall,https://apply.workable.com/civichall,0
workable,claimsforce,https://apply.workable.com/claimsforce,0
workable,ck-specialty-insurance-associates-inc,https://apply.workable.com/ck-specialty-insurance-associates-inc,0
workable,ckh-hellas-2,https://apply.workable.com/ckh-hellas-2,0
workable,cili-pizza,https://apply.workable.com/cili-pizza,0
workable,clara-3,https://apply.workable.com/clara-3,0
workable,church-of-the-city-new-york,https://apply.workable.com/church-of-the-city-new-york,0
workable,claim-central-group,https://apply.workable.com/claim-central-group,0
workable,claraprice,https://apply.workable.com/claraprice,0
workable,civica-uk-ltd-1,https://apply.workable.com/civica-uk-ltd-1,106
workable,cioccadealerships,https://apply.workable.com/cioccadealerships,0
workable,clarion-events,https://apply.workable.com/clarion-events,0
workable,citywide,https://apply.workable.com/citywide,627
workable,claritasrx,https://apply.workable.com/claritasrx,7
workable,clarity-sq-1,https://apply.workable.com/clarity-sq-1,2
workable,clarity-4,https://apply.workable.com/clarity-4,0
workable,clarity-ai,https://apply.workable.com/clarity-ai,0
workable,clarityi,https://apply.workable.com/clarityi,1
workable,clarksburgcider,https://apply.workable.com/clarksburgcider,0
workable,class-valuation,https://apply.workable.com/class-valuation,0
workable,class-leasing,https://apply.workable.com/class-leasing,2
workable,clas-llc,https://apply.workable.com/clas-llc,1
workable,classcraft,https://apply.workable.com/classcraft,0
workable,class35,https://apply.workable.com/class35,0
workable,clarkston-consulting,https://apply.workable.com/clarkston-consulting,23
workable,claromentis,https://apply.workable.com/claromentis,0
workable,classic-resorts-2,https://classic-resorts-2.workable.com,0
workable,classet,https://apply.workable.com/classet,178
workable,classifieds,https://apply.workable.com/classifieds,0
workable,classwallet,https://apply.workable.com/classwallet,5
workable,clavis,https://apply.workable.com/clavis,0
workable,clause,https://apply.workable.com/clause,0
workable,clayearth,https://apply.workable.com/clayearth,0
workable,citygreen-systems-llc,https://apply.workable.com/citygreen-systems-llc,0
workable,cleafy,https://apply.workable.com/cleafy,0
workable,clayglobal,https://apply.workable.com/clayglobal,6
workable,clean-power-alliance,https://apply.workable.com/clean-power-alliance,0
workable,clean-digital,https://apply.workable.com/clean-digital,0
workable,citymapper,https://apply.workable.com/citymapper,0
workable,cleannow,https://apply.workable.com/cleannow,0
workable,cleanly,https://apply.workable.com/cleanly,0
workable,clean-solar-inc,https://apply.workable.com/clean-solar-inc,0
workable,cleantec,https://apply.workable.com/cleantec,56
workable,clearbank,https://apply.workable.com/clearbank,0
workable,clear-team,https://clear-team.workable.com,0
workable,civic-dinners,https://apply.workable.com/civic-dinners,0
workable,civica,https://apply.workable.com/civica,0
workable,cla-safflower-oil,https://cla-safflower-oil.workable.com,0
workable,cleardigital,https://apply.workable.com/cleardigital,0
workable,clearfast,https://clearfast.workable.com,0
workable,clearjunction,https://apply.workable.com/clearjunction,5
workable,civic,https://apply.workable.com/civic,14
workable,clearlyagile,https://apply.workable.com/clearlyagile,12
workable,clearmatics,https://apply.workable.com/clearmatics,0
workable,claremont-graduate-university,https://apply.workable.com/claremont-graduate-university,0
workable,clearstream,https://apply.workable.com/clearstream,0
workable,clearvoice,https://apply.workable.com/clearvoice,0
workable,clearview-social,https://apply.workable.com/clearview-social,0
workable,clearwater-analytics,https://apply.workable.com/clearwater-analytics,0
workable,clearwaters-dot-i-t,https://apply.workable.com/clearwaters-dot-i-t,3
workable,clearyst,https://apply.workable.com/clearyst,0
workable,clenera,https://apply.workable.com/clenera,0
workable,cledara,https://apply.workable.com/cledara,4
workable,cleeng-1,https://apply.workable.com/cleeng-1,4
workable,cleo-ai,https://apply.workable.com/cleo-ai,0
workable,clever-benefits,https://apply.workable.com/clever-benefits,2
workable,cleveland-eye-clinic,https://apply.workable.com/cleveland-eye-clinic,0
workable,click247,https://apply.workable.com/click247,0
workable,cleverprogrammer,https://apply.workable.com/cleverprogrammer,0
workable,clickbank-19,https://apply.workable.com/clickbank-19,0
workable,clickview,https://apply.workable.com/clickview,10
workable,clickbanner,https://clickbanner.workable.com,0
workable,clickatell,https://apply.workable.com/clickatell,15
workable,claystack,https://apply.workable.com/claystack,0
workable,cliengo,https://apply.workable.com/cliengo,0
workable,clear-labs,https://apply.workable.com/clear-labs,3
workable,client-accelerators,https://apply.workable.com/client-accelerators,33
workable,clients-blackbox-inc,https://apply.workable.com/clients-blackbox-inc,70
workable,clear-review,https://apply.workable.com/clear-review,0
workable,clear-score,https://apply.workable.com/clear-score,0
workable,cleargov,https://apply.workable.com/cleargov,0
workable,clik2pay,https://apply.workable.com/clik2pay,0
workable,climate-catalyst-1,https://apply.workable.com/climate-catalyst-1,0
workable,clearloop,https://apply.workable.com/clearloop,0
workable,clientsolutions,https://apply.workable.com/clientsolutions,0
workable,climate-control-heating-coolingand-plumbing,https://apply.workable.com/climate-control-heating-coolingand-plumbing,0
workable,climate-bonds-initiative,https://apply.workable.com/climate-bonds-initiative,0
workable,clearpayeu,https://apply.workable.com/clearpayeu,0
workable,clearsource,https://apply.workable.com/clearsource,0
workable,climax-studios,https://apply.workable.com/climax-studios,15
workable,climbhire,https://apply.workable.com/climbhire,0
workable,clinetic,https://apply.workable.com/clinetic,0
workable,clearsite-industrial,https://apply.workable.com/clearsite-industrial,20
workable,clinicomp,https://apply.workable.com/clinicomp,0
workable,clearstory,https://apply.workable.com/clearstory,14
workable,clinitiative-health-research,https://apply.workable.com/clinitiative-health-research,0
workable,clipperton,https://apply.workable.com/clipperton,4
workable,cliniko,https://apply.workable.com/cliniko,0
workable,clinigen,https://apply.workable.com/clinigen,23
workable,cleo-robotics,https://apply.workable.com/cleo-robotics,0
workable,clique,https://apply.workable.com/clique,0
workable,clipt,https://apply.workable.com/clipt,7
workable,clissold-arms,https://apply.workable.com/clissold-arms,0
workable,clockwork-labs,https://apply.workable.com/clockwork-labs,0
workable,clerk-dev,https://apply.workable.com/clerk-dev,0
workable,closersintoleaders,https://apply.workable.com/closersintoleaders,0
workable,cloud-camp,https://apply.workable.com/cloud-camp,0
workable,cloud-district,https://apply.workable.com/cloud-district,0
workable,cloud-carib,https://cloud-carib.workable.com,0
workable,clevermed,https://apply.workable.com/clevermed,0
workable,cloud66,https://apply.workable.com/cloud66,0
workable,cloudeon,https://apply.workable.com/cloudeon,0
workable,cloudfour,https://apply.workable.com/cloudfour,0
workable,clickmechanic,https://apply.workable.com/clickmechanic,1
workable,cloudkubed,https://apply.workable.com/cloudkubed,0
workable,cloudline,https://apply.workable.com/cloudline,0
workable,cloudlinux-1,https://apply.workable.com/cloudlinux-1,63
workable,cloudsaver,https://apply.workable.com/cloudsaver,0
workable,cloudquery,https://apply.workable.com/cloudquery,0
workable,climate-action,https://apply.workable.com/climate-action,5
workable,cloudshare,https://apply.workable.com/cloudshare,4
workable,climatepolicyradar,https://apply.workable.com/climatepolicyradar,0
workable,climateworks-foundation-1,https://apply.workable.com/climateworks-foundation-1,1
workable,claritysquared,https://apply.workable.com/claritysquared,0
workable,cloudy-bay-vineyards-ltd,https://apply.workable.com/cloudy-bay-vineyards-ltd,0
workable,clinton-hill-communityand-early-childhood-center,https://apply.workable.com/clinton-hill-communityand-early-childhood-center,7
workable,closeconcerns,https://apply.workable.com/closeconcerns,1
workable,cloudzero,https://apply.workable.com/cloudzero,0
workable,closed-loop-inc,https://apply.workable.com/closed-loop-inc,0
workable,cloud-giants,https://apply.workable.com/cloud-giants,0
workable,clover-pr,https://apply.workable.com/clover-pr,0
workable,cloudcannon,https://apply.workable.com/cloudcannon,0
workable,cloudability,https://apply.workable.com/cloudability,0
workable,cloverfoodlab,https://apply.workable.com/cloverfoodlab,3
workable,cloudastructure-inc,https://apply.workable.com/cloudastructure-inc,0
workable,cloudhire1,https://apply.workable.com/cloudhire1,0
workable,clow-stamping-company,https://apply.workable.com/clow-stamping-company,9
workable,cls-nordic,https://apply.workable.com/cls-nordic,0
workable,club-24-concept-gyms,https://apply.workable.com/club-24-concept-gyms,3
workable,cloudmore,https://apply.workable.com/cloudmore,0
workable,club-feast,https://apply.workable.com/club-feast,0
workable,cloudpointgeo,https://apply.workable.com/cloudpointgeo,0
workable,clubstudio,https://apply.workable.com/clubstudio,0
workable,clubhouse-studio,https://apply.workable.com/clubhouse-studio,8
workable,clubcarwash,https://apply.workable.com/clubcarwash,0
workable,cloudsmith,https://apply.workable.com/cloudsmith,0
workable,clubhouse,https://apply.workable.com/clubhouse,0
workable,cluse,https://apply.workable.com/cluse,2
workable,cloudsoft,https://apply.workable.com/cloudsoft,0
workable,clustreejobs,https://apply.workable.com/clustreejobs,0
workable,clubrare,https://apply.workable.com/clubrare,0
workable,cloudstuff,https://apply.workable.com/cloudstuff,6
workable,cloudtalk,https://apply.workable.com/cloudtalk,11
workable,clutch-global-logistics-inc,https://apply.workable.com/clutch-global-logistics-inc,2
workable,cloudwerx,https://apply.workable.com/cloudwerx,0
workable,cloudy-bay-vineyards,https://apply.workable.com/cloudy-bay-vineyards,0
workable,clyde,https://apply.workable.com/clyde,0
workable,cluttons,https://apply.workable.com/cluttons,15
workable,cm-windows-and-doors-inc,https://cm-windows-and-doors-inc.workable.com,0
workable,clymac,https://apply.workable.com/clymac,0
workable,cme-associates-llp,https://apply.workable.com/cme-associates-llp,0
workable,clevercards,https://apply.workable.com/clevercards,0
workable,cmaa-foundation,https://apply.workable.com/cmaa-foundation,0
workable,cmg-marketing,https://apply.workable.com/cmg-marketing,3
workable,cmic,https://apply.workable.com/cmic,10
workable,cmicareers,https://apply.workable.com/cmicareers,15
workable,cmo-stores,https://apply.workable.com/cmo-stores,0
workable,cloutive-technology-solutions,https://apply.workable.com/cloutive-technology-solutions,0
workable,cmspi,https://apply.workable.com/cmspi,3
workable,cnibfoundation,https://apply.workable.com/cnibfoundation,0
workable,cntral,https://apply.workable.com/cntral,0
workable,cnp,https://apply.workable.com/cnp,0
workable,cloudtech-sa,https://apply.workable.com/cloudtech-sa,0
workable,cnyf,https://apply.workable.com/cnyf,0
workable,co-architecture,https://apply.workable.com/co-architecture,0
workable,co-helm,https://apply.workable.com/co-helm,0
workable,coadec,https://apply.workable.com/coadec,0
workable,coadaptive,https://apply.workable.com/coadaptive,4
workable,coastalbabysitters,https://apply.workable.com/coastalbabysitters,4
workable,coastline-equity,https://apply.workable.com/coastline-equity,1
workable,coastal-wave-recruiting,https://apply.workable.com/coastal-wave-recruiting,61
workable,cobalt-labs,https://apply.workable.com/cobalt-labs,0
workable,cobot,https://apply.workable.com/cobot,0
workable,cococoders,https://apply.workable.com/cococoders,0
workable,cocoon-club,https://apply.workable.com/cocoon-club,0
workable,clusterinc,https://apply.workable.com/clusterinc,0
workable,cobs-bread-2,https://apply.workable.com/cobs-bread-2,169
workable,codacy,https://apply.workable.com/codacy,0
workable,code-computerlove,https://apply.workable.com/code-computerlove,0
workable,cm-management,https://apply.workable.com/cm-management,0
workable,clutchy-1,https://apply.workable.com/clutchy-1,0
workable,code-technology,https://apply.workable.com/code-technology,0
workable,cloud-temple,https://apply.workable.com/cloud-temple,0
workable,coded-by-kids,https://apply.workable.com/coded-by-kids,0
workable,cloudcraft,https://apply.workable.com/cloudcraft,0
workable,cnc-recruitment-1,https://apply.workable.com/cnc-recruitment-1,0
workable,cloud9,https://apply.workable.com/cloud9,2
workable,cloudfactory,https://apply.workable.com/cloudfactory,54
workable,codehunter,https://apply.workable.com/codehunter,0
workable,codelicious,https://apply.workable.com/codelicious,0
workable,codelink,https://apply.workable.com/codelink,14
workable,codemonk,https://apply.workable.com/codemonk,0
workable,coderscenter,https://coderscenter.workable.com,0
workable,coconut-1,https://apply.workable.com/coconut-1,0
workable,coconutva,https://apply.workable.com/coconutva,24
workable,cocovillage,https://apply.workable.com/cocovillage,0
workable,cocreativ,https://apply.workable.com/cocreativ,9
workable,codeweavers,https://apply.workable.com/codeweavers,0
workable,cod-technologies-ltd-2,https://apply.workable.com/cod-technologies-ltd-2,0
workable,cloudtech-group,https://apply.workable.com/cloudtech-group,4
workable,coefficient,https://apply.workable.com/coefficient,1
workable,codurance,https://apply.workable.com/codurance,10
workable,codibee,https://apply.workable.com/codibee,0
workable,code2college,https://apply.workable.com/code2college,0
workable,codebender,https://apply.workable.com/codebender,0
workable,cogify-ag-1,https://apply.workable.com/cogify-ag-1,8
workable,codefunnels,https://apply.workable.com/codefunnels,0
workable,cogna,https://apply.workable.com/cogna,8
workable,cognigy,https://apply.workable.com/cognigy,0
workable,cognite,https://apply.workable.com/cognite,0
workable,cognito-education,https://apply.workable.com/cognito-education,0
workable,codelitt-incubator,https://apply.workable.com/codelitt-incubator,0
workable,cogrammar,https://apply.workable.com/cogrammar,0
workable,cogstate,https://cogstate.workable.com,0
workable,cogsy,https://apply.workable.com/cogsy,0
workable,cohaesus,https://apply.workable.com/cohaesus,0
workable,coin-factory,https://apply.workable.com/coin-factory,0
workable,clusus,https://apply.workable.com/clusus,4
workable,codete,https://apply.workable.com/codete,0
workable,codi,https://apply.workable.com/codi,0
workable,coincloud,https://apply.workable.com/coincloud,0
workable,coinfloor,https://apply.workable.com/coinfloor,0
workable,coinjar,https://apply.workable.com/coinjar,0
workable,coinlist,https://apply.workable.com/coinlist,0
workable,coinomi,https://apply.workable.com/coinomi,0
workable,coffeebreaklanguages,https://apply.workable.com/coffeebreaklanguages,0
workable,cold-stone-creamery-southflorida,https://apply.workable.com/cold-stone-creamery-southflorida,5
workable,colden-corporation,https://apply.workable.com/colden-corporation,2
workable,colep-poland,https://colep-poland.workable.com,0
workable,coldquanta,https://apply.workable.com/coldquanta,75
workable,cognitiv,https://apply.workable.com/cognitiv,0
workable,coat-paints,https://apply.workable.com/coat-paints,0
workable,cognna,https://apply.workable.com/cognna,8
workable,collective-benefits,https://apply.workable.com/collective-benefits,0
workable,collectively-inc,https://apply.workable.com/collectively-inc,0
workable,coherence,https://apply.workable.com/coherence,0
workable,codasip,https://apply.workable.com/codasip,0
workable,code-metal,https://apply.workable.com/code-metal,0
workable,collision-solution,https://apply.workable.com/collision-solution,0
workable,colonialbeachauto,https://apply.workable.com/colonialbeachauto,0
workable,color-genomics,https://apply.workable.com/color-genomics,0
workable,colibrix,https://apply.workable.com/colibrix,0
workable,colibrix-one,https://apply.workable.com/colibrix-one,30
workable,colorfy-gmbh,https://colorfy-gmbh.workable.com,0
workable,collegedale-credit-union,https://apply.workable.com/collegedale-credit-union,0
workable,colossus,https://apply.workable.com/colossus,0
workable,columbia-commercial-building-products,https://columbia-commercial-building-products.workable.com,0
workable,codexitos,https://apply.workable.com/codexitos,0
workable,collegevine-1,https://apply.workable.com/collegevine-1,0
workable,coefficient-labs,https://apply.workable.com/coefficient-labs,0
workable,column-information-security,https://apply.workable.com/column-information-security,0
workable,colony,https://apply.workable.com/colony,0
workable,colvin,https://apply.workable.com/colvin,0
workable,combinevb,https://apply.workable.com/combinevb,0
workable,comeon,https://apply.workable.com/comeon,0
workable,cognia-law,https://apply.workable.com/cognia-law,0
workable,comeon-group,https://apply.workable.com/comeon-group,51
workable,comfort-insurance-and-finances,https://apply.workable.com/comfort-insurance-and-finances,0
workable,comer-family-foundation,https://apply.workable.com/comer-family-foundation,0
workable,comma-dot-ai,https://apply.workable.com/comma-dot-ai,0
workable,commenda,https://apply.workable.com/commenda,0
workable,colorcreative,https://apply.workable.com/colorcreative,0
workable,commercial-project-services-pty-ltd,https://apply.workable.com/commercial-project-services-pty-ltd,0
workable,commercial-site-design,https://commercial-site-design.workable.com,0
workable,commission-wolf,https://apply.workable.com/commission-wolf,0
workable,cohort,https://apply.workable.com/cohort,0
workable,colortv,https://apply.workable.com/colortv,0
workable,commodity,https://apply.workable.com/commodity,0
workable,common-energy-1,https://apply.workable.com/common-energy-1,0
workable,commonai,https://apply.workable.com/commonai,5
workable,columbia-wilbert-vault-co,https://columbia-wilbert-vault-co.workable.com,0
workable,coinmetro,https://apply.workable.com/coinmetro,2
workable,commonapp,https://apply.workable.com/commonapp,1
workable,colab,https://apply.workable.com/colab,0
workable,community-2,https://apply.workable.com/community-2,0
workable,comfort-keepers-199,https://comfort-keepers-199.workable.com,0
workable,commandline,https://apply.workable.com/commandline,0
workable,community-benchmark,https://apply.workable.com/community-benchmark,0
workable,commit-global,https://apply.workable.com/commit-global,0
workable,collegevine,https://apply.workable.com/collegevine,0
workable,community-prep-charter-school,https://community-prep-charter-school.workable.com,0
workable,communitycreations,https://apply.workable.com/communitycreations,0
workable,communityofhope,https://communityofhope.workable.com,2
workable,commusoft,https://apply.workable.com/commusoft,0
workable,commonwealth-dentistry,https://apply.workable.com/commonwealth-dentistry,20
workable,commonwealth-electrical-technologies,https://apply.workable.com/commonwealth-electrical-technologies,0
workable,colorado-carstar-auto-body-repair-experts,https://apply.workable.com/colorado-carstar-auto-body-repair-experts,0
workable,commune,https://apply.workable.com/commune,0
workable,colorado-health-institute,https://apply.workable.com/colorado-health-institute,0
workable,company,https://apply.workable.com/company,0
workable,company-name,https://apply.workable.com/company-name,0
workable,community-compassion-staffing,https://apply.workable.com/community-compassion-staffing,0
workable,competitivecapabilitiesinternational,https://apply.workable.com/competitivecapabilitiesinternational,0
workable,commonwealth-medical-services,https://apply.workable.com/commonwealth-medical-services,1053
workable,complement-recruitment,https://apply.workable.com/complement-recruitment,0
workable,complete-homecare,https://apply.workable.com/complete-homecare,0
workable,community-sports-partners,https://apply.workable.com/community-sports-partners,139
workable,complexio,https://apply.workable.com/complexio,12
workable,company-shop-group,https://apply.workable.com/company-shop-group,20
workable,commercial-lending,https://apply.workable.com/commercial-lending,39
workable,compass-analytics,https://apply.workable.com/compass-analytics,0
workable,compound-growth-marketing,https://apply.workable.com/compound-growth-marketing,2
workable,comptoirducode,https://apply.workable.com/comptoirducode,0
workable,common-trust,https://apply.workable.com/common-trust,0
workable,community-action-partnership-of-ramsey-and-washington-counties,https://apply.workable.com/community-action-partnership-of-ramsey-and-washington-counties,0
workable,conagra-mexico,https://apply.workable.com/conagra-mexico,1
workable,community-foodbank-of-new-jersey,https://apply.workable.com/community-foodbank-of-new-jersey,5
workable,conceptltd,https://conceptltd.workable.com,0
workable,conciergeauctions,https://apply.workable.com/conciergeauctions,2
workable,computer-aided-technologies,https://apply.workable.com/computer-aided-technologies,0
workable,comrade-software-marketing-llc,https://apply.workable.com/comrade-software-marketing-llc,0
workable,comunix,https://apply.workable.com/comunix,0
workable,concept3d-dot-c-om,https://apply.workable.com/concept3d-dot-c-om,3
workable,compass-education,https://apply.workable.com/compass-education,14
workable,concord-group-insurance,https://apply.workable.com/concord-group-insurance,0
workable,concordia-university-of-edmonton,https://apply.workable.com/concordia-university-of-edmonton,0
workable,concord-servicing,https://apply.workable.com/concord-servicing,20
workable,complexity,https://apply.workable.com/complexity,0
workable,conifex,https://apply.workable.com/conifex,0
workable,complyadvantage,https://apply.workable.com/complyadvantage,0
workable,computer-transition-services-inc,https://apply.workable.com/computer-transition-services-inc,0
workable,conares,https://apply.workable.com/conares,2
workable,concured-limited,https://apply.workable.com/concured-limited,0
workable,connexa,https://apply.workable.com/connexa,2
workable,conduct,https://apply.workable.com/conduct,0
workable,conexwest,https://apply.workable.com/conexwest,0
workable,connectlime,https://apply.workable.com/connectlime,0
workable,conradathens,https://apply.workable.com/conradathens,24
workable,connelly-school-of-the-holy-child,https://apply.workable.com/connelly-school-of-the-holy-child,5
workable,confluential-films,https://apply.workable.com/confluential-films,0
workable,constructionforceservices,https://apply.workable.com/constructionforceservices,0
workable,connor-consulting,https://apply.workable.com/connor-consulting,0
workable,consumertrack,https://apply.workable.com/consumertrack,0
workable,contactually,https://apply.workable.com/contactually,0
workable,contentfly,https://apply.workable.com/contentfly,0
workable,continohq,https://apply.workable.com/continohq,0
workable,continuity,https://apply.workable.com/continuity,0
workable,continuum-industries,https://apply.workable.com/continuum-industries,0
workable,control-risks-6,https://apply.workable.com/control-risks-6,116
workable,consortiagroup,https://apply.workable.com/consortiagroup,0
workable,conversate,https://apply.workable.com/conversate,0
workable,contactica,https://apply.workable.com/contactica,0
workable,convertkit,https://apply.workable.com/convertkit,0
workable,convergence-analysis,https://apply.workable.com/convergence-analysis,0
workable,conveyal,https://apply.workable.com/conveyal,0
workable,contend,https://apply.workable.com/contend,0
workable,coolasuncare,https://apply.workable.com/coolasuncare,0
workable,cooperidge-consulting-firm,https://apply.workable.com/cooperidge-consulting-firm,676
workable,corcoran-boots,https://corcoran-boots.workable.com,0
workable,core10,https://apply.workable.com/core10,0
workable,coppett-hill,https://apply.workable.com/coppett-hill,1
workable,corcentric,https://apply.workable.com/corcentric,3
workable,coreview,https://apply.workable.com/coreview,0
workable,coredna,https://apply.workable.com/coredna,1
workable,cosell,https://apply.workable.com/cosell,0
workable,cosic,https://apply.workable.com/cosic,0
workable,cosmos-sport-s-dot-a,https://apply.workable.com/cosmos-sport-s-dot-a,93
workable,corwave-1,https://apply.workable.com/corwave-1,8
workable,cornspring,https://apply.workable.com/cornspring,0
workable,countable,https://apply.workable.com/countable,0
workable,costello-medical,https://apply.workable.com/costello-medical,73
workable,courtsdesk,https://apply.workable.com/courtsdesk,0
workable,courbanize,https://apply.workable.com/courbanize,0
workable,countryside-consulting-inc,https://apply.workable.com/countryside-consulting-inc,0
workable,cozykin-1,https://cozykin-1.workable.com,0
workable,cover-whale,https://apply.workable.com/cover-whale,12
workable,craftsman-ventures,https://apply.workable.com/craftsman-ventures,0
workable,cpmjobs,https://apply.workable.com/cpmjobs,0
workable,create-wellness-inc,https://apply.workable.com/create-wellness-inc,12
workable,createit,https://apply.workable.com/createit,0
workable,createq-space,https://apply.workable.com/createq-space,12
workable,creativerace,https://creativerace.workable.com,0
workable,created-by-arc,https://apply.workable.com/created-by-arc,0
workable,creatorsmedia,https://apply.workable.com/creatorsmedia,0
workable,crim,https://apply.workable.com/crim,0
workable,credit-sage-llc,https://apply.workable.com/credit-sage-llc,0
workable,crisalix,https://apply.workable.com/crisalix,0
workable,crehana,https://apply.workable.com/crehana,0
workable,criadvantage,https://apply.workable.com/criadvantage,0
workable,goibibo,https://apply.workable.com/goibibo,0
workable,gohire-indonesia,https://apply.workable.com/gohire-indonesia,0
workable,godine,https://apply.workable.com/godine,0
workable,gobrio,https://apply.workable.com/gobrio,0
workable,gocertify,https://apply.workable.com/gocertify,5
workable,goexpedi,https://apply.workable.com/goexpedi,0
workable,godotcg,https://apply.workable.com/godotcg,29
workable,gofull-inc,https://apply.workable.com/gofull-inc,0
workable,globl-contact,https://apply.workable.com/globl-contact,10
workable,goji-investments-1,https://apply.workable.com/goji-investments-1,0
workable,goldair-handling-s-dot-a,https://apply.workable.com/goldair-handling-s-dot-a,87
workable,glofoxinc,https://apply.workable.com/glofoxinc,0
workable,glorify,https://apply.workable.com/glorify,0
workable,goldenlight-creative,https://goldenlight-creative.workable.com,0
workable,goglobal,https://apply.workable.com/goglobal,40
workable,goldenlighting,https://apply.workable.com/goldenlighting,0
workable,glowmade-ltd,https://apply.workable.com/glowmade-ltd,0
workable,glorious,https://apply.workable.com/glorious,0
workable,goldensection,https://apply.workable.com/goldensection,0
workable,gloo-3,https://apply.workable.com/gloo-3,0
workable,glover-park-hotel-georgetown,https://apply.workable.com/glover-park-hotel-georgetown,0
workable,goldfarb-properties,https://apply.workable.com/goldfarb-properties,0
workable,goldman-scarlato-and-penny-pc,https://apply.workable.com/goldman-scarlato-and-penny-pc,0
workable,goldstar,https://apply.workable.com/goldstar,0
workable,golfsuites,https://apply.workable.com/golfsuites,0
workable,golftec1,https://apply.workable.com/golftec1,73
workable,good-good-variety,https://apply.workable.com/good-good-variety,0
workable,gomaverick,https://apply.workable.com/gomaverick,1
workable,good-tuesday,https://apply.workable.com/good-tuesday,1
workable,good-united,https://apply.workable.com/good-united,0
workable,gomining,https://apply.workable.com/gomining,65
workable,good-sports-inc,https://apply.workable.com/good-sports-inc,0
workable,glownet,https://apply.workable.com/glownet,0
workable,goodcallanswers,https://apply.workable.com/goodcallanswers,0
workable,gooddollar,https://apply.workable.com/gooddollar,0
workable,goodfish-group,https://goodfish-group.workable.com,0
workable,goodlord,https://apply.workable.com/goodlord,0
workable,goodmanmasson,https://apply.workable.com/goodmanmasson,0
workable,goodtime,https://apply.workable.com/goodtime,84
workable,goodvidio,https://goodvidio.workable.com,0
workable,goodvision,https://apply.workable.com/goodvision,2
workable,golden-ventures-1,https://apply.workable.com/golden-ventures-1,0
workable,gluo,https://apply.workable.com/gluo,0
workable,gmatech,https://apply.workable.com/gmatech,0
workable,goratio,https://apply.workable.com/goratio,0
workable,goreel,https://apply.workable.com/goreel,4
workable,goreadymade,https://apply.workable.com/goreadymade,0
workable,goliathgroup,https://apply.workable.com/goliathgroup,12
workable,gotrg-1,https://apply.workable.com/gotrg-1,0
workable,goodboydigital,https://apply.workable.com/goodboydigital,0
workable,gottman-inc,https://apply.workable.com/gottman-inc,0
workable,goodery,https://apply.workable.com/goodery,0
workable,gourmet-ads,https://apply.workable.com/gourmet-ads,0
workable,gotyme-ph-philippines,https://apply.workable.com/gotyme-ph-philippines,36
workable,gpltech,https://apply.workable.com/gpltech,0
workable,goosechase,https://apply.workable.com/goosechase,0
workable,gopomelo,https://gopomelo.workable.com,0
workable,gogo-protocol,https://apply.workable.com/gogo-protocol,0
workable,gorgias,https://apply.workable.com/gorgias,0
workable,gprs,https://apply.workable.com/gprs,0
workable,gps-trackit,https://gps-trackit.workable.com,0
workable,gorillas,https://apply.workable.com/gorillas,0
workable,goruck,https://apply.workable.com/goruck,0
workable,grace-community-care-and-homes,https://apply.workable.com/grace-community-care-and-homes,0
workable,gourmey,https://apply.workable.com/gourmey,0
workable,govx,https://apply.workable.com/govx,12
workable,gradfuel-1,https://apply.workable.com/gradfuel-1,0
workable,grabble,https://apply.workable.com/grabble,0
workable,gosourcing,https://apply.workable.com/gosourcing,31
workable,gradguide,https://apply.workable.com/gradguide,0
workable,gradconsult-ltd,https://apply.workable.com/gradconsult-ltd,0
workable,gradfuel,https://apply.workable.com/gradfuel,0
workable,grabyo,https://apply.workable.com/grabyo,0
workable,gowerst,https://apply.workable.com/gowerst,0
workable,gorilla,https://apply.workable.com/gorilla,0
workable,goodnotes,https://apply.workable.com/goodnotes,0
workable,goterra,https://apply.workable.com/goterra,0
workable,gottstein-corporation,https://apply.workable.com/gottstein-corporation,0
workable,goopti,https://apply.workable.com/goopti,0
workable,goodunited-inc,https://apply.workable.com/goodunited-inc,0
workable,goodfood-market-corp,https://apply.workable.com/goodfood-market-corp,0
workable,goody,https://apply.workable.com/goody,0
workable,gpx,https://apply.workable.com/gpx,0
workable,gracepointnwa,https://apply.workable.com/gracepointnwa,0
workable,gosquared,https://apply.workable.com/gosquared,0
workable,goodhabitz,https://apply.workable.com/goodhabitz,13
workable,grab-a-worker,https://apply.workable.com/grab-a-worker,0
workable,gradient,https://apply.workable.com/gradient,0
workable,graduationsource,https://graduationsource.workable.com,0
workable,grafikfabriken,https://apply.workable.com/grafikfabriken,0
workable,gram-games,https://apply.workable.com/gram-games,0
workable,gradientcomfort,https://apply.workable.com/gradientcomfort,0
workable,gramian,https://apply.workable.com/gramian,138
workable,grahamand-brown,https://apply.workable.com/grahamand-brown,1
workable,grandcircle,https://apply.workable.com/grandcircle,0
workable,granasmart,https://apply.workable.com/granasmart,0
workable,graham-capital-management,https://apply.workable.com/graham-capital-management,0
workable,grantadesign,https://apply.workable.com/grantadesign,0
workable,grand-rapids-public-school-foundation,https://apply.workable.com/grand-rapids-public-school-foundation,0
workable,grain,https://apply.workable.com/grain,0
workable,gotham-enterprises,https://apply.workable.com/gotham-enterprises,947
workable,granite-state-manufacturing,https://apply.workable.com/granite-state-manufacturing,38
workable,grant-compass,https://apply.workable.com/grant-compass,0
workable,grand-welcome,https://apply.workable.com/grand-welcome,0
workable,grandata,https://apply.workable.com/grandata,0
workable,grandview-aviation-llc,https://apply.workable.com/grandview-aviation-llc,0
workable,grant-thornton-new-zealand,https://apply.workable.com/grant-thornton-new-zealand,3
workable,gouldand-ratner,https://apply.workable.com/gouldand-ratner,10
workable,gradely,https://apply.workable.com/gradely,0
workable,grability,https://grability.workable.com,0
workable,grand-rising,https://apply.workable.com/grand-rising,0
workable,grassrootscarbon,https://apply.workable.com/grassrootscarbon,2
workable,grape,https://apply.workable.com/grape,0
workable,grandad-digital,https://apply.workable.com/grandad-digital,0
workable,grapevine-msp-technology-services,https://apply.workable.com/grapevine-msp-technology-services,2
workable,gravitabusiness,https://apply.workable.com/gravitabusiness,0
workable,graywood-group,https://apply.workable.com/graywood-group,0
workable,grasp-tech,https://apply.workable.com/grasp-tech,0
workable,graphic-makers-and-printers,https://apply.workable.com/graphic-makers-and-printers,0
workable,graphy,https://apply.workable.com/graphy,0
workable,graph-one,https://apply.workable.com/graph-one,0
workable,gravitysketch,https://apply.workable.com/gravitysketch,0
workable,great-detail,https://apply.workable.com/great-detail,0
workable,gravity-brands,https://apply.workable.com/gravity-brands,0
workable,gravity-payments-1,https://apply.workable.com/gravity-payments-1,0
workable,grassdoor-1,https://apply.workable.com/grassdoor-1,0
workable,grayce,https://apply.workable.com/grayce,0
workable,great-wrap-3,https://apply.workable.com/great-wrap-3,0
workable,graza,https://apply.workable.com/graza,5
workable,gravity-networks,https://apply.workable.com/gravity-networks,0
workable,graybox,https://apply.workable.com/graybox,0
workable,gravytrain,https://apply.workable.com/gravytrain,0
workable,gravityview,https://gravityview.workable.com,0
workable,greater-baltimore-committee,https://apply.workable.com/greater-baltimore-committee,2
workable,greaterthanone,https://apply.workable.com/greaterthanone,0
workable,greater-toronto-music-school,https://apply.workable.com/greater-toronto-music-school,0
workable,greater-spokane-incorporated,https://apply.workable.com/greater-spokane-incorporated,1
workable,grecotel,https://apply.workable.com/grecotel,17
workable,greek-travel-pages,https://apply.workable.com/greek-travel-pages,0
workable,green-footand-ankle-care,https://apply.workable.com/green-footand-ankle-care,0
workable,green-irony,https://apply.workable.com/green-irony,0
workable,greatjones,https://apply.workable.com/greatjones,0
workable,green-man-gaming,https://apply.workable.com/green-man-gaming,2
workable,greekingme,https://apply.workable.com/greekingme,1
workable,green-cari,https://apply.workable.com/green-cari,0
workable,green-construction-company,https://apply.workable.com/green-construction-company,0
workable,green-led-lighting-solutions,https://apply.workable.com/green-led-lighting-solutions,0
workable,green-street,https://apply.workable.com/green-street,0
workable,green-genius,https://apply.workable.com/green-genius,4
workable,green-revolution-2,https://apply.workable.com/green-revolution-2,14
workable,greene-services-inc,https://apply.workable.com/greene-services-inc,0
workable,green-school-new-zealand,https://apply.workable.com/green-school-new-zealand,0
workable,green-power-energy,https://apply.workable.com/green-power-energy,1
workable,greenbelt-alliance,https://apply.workable.com/greenbelt-alliance,1
workable,greenberg-larraby-inc-gli,https://apply.workable.com/greenberg-larraby-inc-gli,126
workable,greenbacker-capital,https://apply.workable.com/greenbacker-capital,0
workable,greendoor,https://apply.workable.com/greendoor,5
workable,greenelibrary,https://apply.workable.com/greenelibrary,1
workable,greenearth,https://apply.workable.com/greenearth,39
workable,greenium-tech,https://apply.workable.com/greenium-tech,0
workable,greenroad,https://apply.workable.com/greenroad,0
workable,greenlink-networks,https://apply.workable.com/greenlink-networks,0
workable,greenscreens-dot-a-i,https://apply.workable.com/greenscreens-dot-a-i,0
workable,greenvolt,https://apply.workable.com/greenvolt,64
workable,greenmobility,https://apply.workable.com/greenmobility,0
workable,greentomatomedia-limited,https://apply.workable.com/greentomatomedia-limited,0
workable,greentank,https://apply.workable.com/greentank,3
workable,greenstaff,https://apply.workable.com/greenstaff,0
workable,gregorys-food-service-group,https://apply.workable.com/gregorys-food-service-group,12
workable,gresb,https://apply.workable.com/gresb,2
workable,gridcog,https://apply.workable.com/gridcog,9
workable,grenada-airports-authority,https://apply.workable.com/grenada-airports-authority,1
workable,gridlines,https://apply.workable.com/gridlines,87
workable,gresham,https://apply.workable.com/gresham,0
workable,gridware,https://apply.workable.com/gridware,0
workable,greyzone,https://apply.workable.com/greyzone,0
workable,griffin-consulting-llc-1,https://apply.workable.com/griffin-consulting-llc-1,0
workable,gritter-francona,https://apply.workable.com/gritter-francona,109
workable,grm-document-management,https://apply.workable.com/grm-document-management,10
workable,gripvan,https://gripvan.workable.com,0
workable,grocer-online,https://apply.workable.com/grocer-online,0
workable,grnet-sa,https://apply.workable.com/grnet-sa,6
workable,groov,https://apply.workable.com/groov,0
workable,groove-10,https://apply.workable.com/groove-10,0
workable,groendyke-transport,https://apply.workable.com/groendyke-transport,0
workable,groove,https://apply.workable.com/groove,0
workable,grounded-1002,https://apply.workable.com/grounded-1002,0
workable,groundfloor,https://apply.workable.com/groundfloor,0
workable,groovehq,https://apply.workable.com/groovehq,0
workable,groundtruth,https://apply.workable.com/groundtruth,12
workable,greenlife-healthcare-staffing-1,https://apply.workable.com/greenlife-healthcare-staffing-1,990
workable,groupecho-canada-inc-1,https://apply.workable.com/groupecho-canada-inc-1,0
workable,group-72,https://apply.workable.com/group-72,0
workable,groupgreeting,https://apply.workable.com/groupgreeting,0
workable,grow,https://apply.workable.com/grow,0
workable,grow-progress,https://apply.workable.com/grow-progress,0
workable,groupsuerickx,https://apply.workable.com/groupsuerickx,0
workable,grow-development,https://apply.workable.com/grow-development,0
workable,grow-therapy,https://apply.workable.com/grow-therapy,0
workable,growing-chefs,https://apply.workable.com/growing-chefs,0
workable,grow-wellbeing,https://apply.workable.com/grow-wellbeing,0
workable,growing-places,https://growing-places.workable.com,0
workable,growhealthy,https://apply.workable.com/growhealthy,0
workable,growth-kitchen,https://apply.workable.com/growth-kitchen,13
workable,growth-labs-academy,https://apply.workable.com/growth-labs-academy,0
workable,growthaccelerationpartners,https://apply.workable.com/growthaccelerationpartners,0
workable,growthcave,https://apply.workable.com/growthcave,0
workable,growthbook,https://apply.workable.com/growthbook,0
workable,growthcurve-ltd,https://apply.workable.com/growthcurve-ltd,0
workable,growthtools,https://apply.workable.com/growthtools,0
workable,grsl,https://apply.workable.com/grsl,0
workable,growup-farms,https://apply.workable.com/growup-farms,0
workable,grupoa,https://apply.workable.com/grupoa,0
workable,grupow,https://apply.workable.com/grupow,0
workable,gryphon-scientific,https://apply.workable.com/gryphon-scientific,0
workable,grythealth,https://apply.workable.com/grythealth,0
workable,growthbuster,https://apply.workable.com/growthbuster,0
workable,gs-advisors-cpas,https://apply.workable.com/gs-advisors-cpas,0
workable,gssg-talent,https://apply.workable.com/gssg-talent,0
workable,gtech,https://apply.workable.com/gtech,3
workable,growthgenius,https://apply.workable.com/growthgenius,0
workable,gsstech-group,https://apply.workable.com/gsstech-group,174
workable,gtm-tax,https://apply.workable.com/gtm-tax,0
workable,guardian-water-treatment,https://apply.workable.com/guardian-water-treatment,0
workable,gti-recruiting-solutions-ltd,https://apply.workable.com/gti-recruiting-solutions-ltd,0
workable,growupfarms,https://apply.workable.com/growupfarms,0
workable,grupago,https://apply.workable.com/grupago,0
workable,gruppo-orsero,https://apply.workable.com/gruppo-orsero,14
workable,greeneaglesolutions,https://apply.workable.com/greeneaglesolutions,0
workable,guestwise,https://apply.workable.com/guestwise,0
workable,gruppo-montenegro,https://apply.workable.com/gruppo-montenegro,0
workable,guest-post,https://apply.workable.com/guest-post,0
workable,guidantfinancial,https://apply.workable.com/guidantfinancial,13
workable,growthx,https://apply.workable.com/growthx,0
workable,green-tractors-inc,https://green-tractors-inc.workable.com,0
workable,guiker,https://apply.workable.com/guiker,0
workable,gulfcx,https://apply.workable.com/gulfcx,0
workable,greetabl,https://apply.workable.com/greetabl,0
workable,gullview-technologies,https://apply.workable.com/gullview-technologies,0
workable,greenzone-solutions-inc,https://apply.workable.com/greenzone-solutions-inc,0
workable,guild,https://apply.workable.com/guild,0
workable,gruntwork,https://apply.workable.com/gruntwork,0
workable,gumbiner-savett,https://apply.workable.com/gumbiner-savett,0
workable,gregoryfunding,https://apply.workable.com/gregoryfunding,0
workable,gunnebo,https://apply.workable.com/gunnebo,8
workable,gumption,https://apply.workable.com/gumption,24
workable,grey-horse,https://apply.workable.com/grey-horse,0
workable,gridium,https://apply.workable.com/gridium,1
workable,grf-cpas-and-advisors,https://apply.workable.com/grf-cpas-and-advisors,8
workable,gunner,https://apply.workable.com/gunner,20
workable,grio,https://apply.workable.com/grio,0
workable,gwyneddmfg,https://apply.workable.com/gwyneddmfg,0
workable,grin,https://apply.workable.com/grin,0
workable,gust,https://apply.workable.com/gust,0
workable,guru-pay,https://apply.workable.com/guru-pay,7
workable,gvymca,https://apply.workable.com/gvymca,0
workable,gwa,https://apply.workable.com/gwa,0
workable,gxe,https://apply.workable.com/gxe,2
workable,gxa-it,https://apply.workable.com/gxa-it,30
workable,groupnire,https://groupnire.workable.com,0
workable,growth-gorilla,https://apply.workable.com/growth-gorilla,0
workable,gyroscope-therapeutics,https://apply.workable.com/gyroscope-therapeutics,0
workable,growers-ag,https://apply.workable.com/growers-ag,0
workable,gypsy,https://apply.workable.com/gypsy,26
workable,h2-performance-consulting-corporation,https://apply.workable.com/h2-performance-consulting-corporation,26
workable,haciendola-dot-com,https://haciendola-dot-com.workable.com,0
workable,habitat-learn-inc,https://apply.workable.com/habitat-learn-inc,10
workable,h2-health,https://apply.workable.com/h2-health,320
workable,hack-dot-d-iversity-inc,https://apply.workable.com/hack-dot-d-iversity-inc,0
workable,hacera,https://apply.workable.com/hacera,0
workable,hadley-designs,https://apply.workable.com/hadley-designs,52
workable,hafman,https://apply.workable.com/hafman,0
workable,hack-the-box-ltd,https://apply.workable.com/hack-the-box-ltd,47
workable,haes,https://haes.workable.com,0
workable,hakim-media,https://apply.workable.com/hakim-media,0
workable,haiqu-inc,https://apply.workable.com/haiqu-inc,1
workable,hackajob,https://apply.workable.com/hackajob,0
workable,halalah,https://apply.workable.com/halalah,0
workable,hailo,https://apply.workable.com/hailo,0
workable,hairstory,https://apply.workable.com/hairstory,0
workable,hakluyt,https://apply.workable.com/hakluyt,2
workable,hale-akua-garden-farm-and-ecoretreat-center,https://apply.workable.com/hale-akua-garden-farm-and-ecoretreat-center,4
workable,halflife,https://halflife.workable.com,0
workable,hallway,https://apply.workable.com/hallway,0
workable,hallson-hospitality,https://apply.workable.com/hallson-hospitality,3
workable,halp,https://apply.workable.com/halp,0
workable,haloverify,https://apply.workable.com/haloverify,0
workable,halo-industries,https://apply.workable.com/halo-industries,19
workable,halo-media,https://apply.workable.com/halo-media,0
workable,hamama,https://apply.workable.com/hamama,0
workable,haltian,https://apply.workable.com/haltian,0
workable,hamilton-place-strategies,https://apply.workable.com/hamilton-place-strategies,0
workable,hamiltonian-dynamics,https://apply.workable.com/hamiltonian-dynamics,9
workable,hammoq-1,https://apply.workable.com/hammoq-1,0
workable,hamu-legal,https://apply.workable.com/hamu-legal,0
workable,hammer-media,https://apply.workable.com/hammer-media,7
workable,hampr,https://apply.workable.com/hampr,9
workable,handshake,https://apply.workable.com/handshake,0
workable,handpoint,https://apply.workable.com/handpoint,0
workable,handwritingio,https://apply.workable.com/handwritingio,0
workable,hanzo-1,https://apply.workable.com/hanzo-1,0
workable,hannon-hill,https://hannon-hill.workable.com,0
workable,hansteen-holdings-plc,https://hansteen-holdings-plc.workable.com,0
workable,hanovercomms,https://apply.workable.com/hanovercomms,0
workable,happy-hired,https://apply.workable.com/happy-hired,0
workable,happy-hour-games,https://apply.workable.com/happy-hour-games,9
workable,happy-returns,https://apply.workable.com/happy-returns,0
workable,happy-stack,https://apply.workable.com/happy-stack,0
workable,happyfox,https://happyfox.workable.com,0
workable,happyfuncorp-1,https://apply.workable.com/happyfuncorp-1,0
workable,happyday,https://apply.workable.com/happyday,0
workable,happyrentals,https://apply.workable.com/happyrentals,2
workable,harborlab,https://apply.workable.com/harborlab,3
workable,harbrdata,https://apply.workable.com/harbrdata,0
workable,hardestyand-hanover,https://apply.workable.com/hardestyand-hanover,136
workable,hardsuit-labs-1,https://apply.workable.com/hardsuit-labs-1,6
workable,harmonic-security,https://apply.workable.com/harmonic-security,0
workable,harlem-childrens-zone,https://apply.workable.com/harlem-childrens-zone,91
workable,harleyacademy,https://apply.workable.com/harleyacademy,0
workable,harmlessharvest,https://apply.workable.com/harmlessharvest,0
workable,harmony-cloud-systems-pte-ltd,https://apply.workable.com/harmony-cloud-systems-pte-ltd,4
workable,harriett-buhai-center-for-family-law,https://apply.workable.com/harriett-buhai-center-for-family-law,2
workable,harrigan-solutions-llc,https://apply.workable.com/harrigan-solutions-llc,0
workable,harris-rebar-1,https://apply.workable.com/harris-rebar-1,0
workable,harris-rebar-2,https://apply.workable.com/harris-rebar-2,0
workable,hartlaw,https://hartlaw.workable.com,0
workable,harrison-brook,https://apply.workable.com/harrison-brook,0
workable,harunpehlivantebimtebitagem,https://apply.workable.com/harunpehlivantebimtebitagem,0
workable,harvest,https://apply.workable.com/harvest,0
workable,harvey-nash-108,https://apply.workable.com/harvey-nash-108,0
workable,hashbox,https://apply.workable.com/hashbox,0
workable,harveywatersofteners,https://apply.workable.com/harveywatersofteners,41
workable,haseel,https://apply.workable.com/haseel,0
workable,hatch-5,https://apply.workable.com/hatch-5,0
workable,hatchet,https://apply.workable.com/hatchet,0
workable,haute-hijab,https://apply.workable.com/haute-hijab,0
workable,haud-systems,https://apply.workable.com/haud-systems,0
workable,haven-life,https://apply.workable.com/haven-life,0
workable,hayat-universal-school-hubs,https://apply.workable.com/hayat-universal-school-hubs,7
workable,hawking-electrical-energy-solutions-pty-ltd,https://apply.workable.com/hawking-electrical-energy-solutions-pty-ltd,0
workable,hayfin-capital-management,https://apply.workable.com/hayfin-capital-management,4
workable,haysto,https://apply.workable.com/haysto,0
workable,hcb-widdows-mason,https://apply.workable.com/hcb-widdows-mason,3
workable,head-hunter-1,https://apply.workable.com/head-hunter-1,0
workable,headchannel-hq,https://apply.workable.com/headchannel-hq,0
workable,headstream,https://headstream.workable.com,0
workable,health-and-reentry-project,https://apply.workable.com/health-and-reentry-project,2
workable,health-plus-management,https://apply.workable.com/health-plus-management,0
workable,health-unlimited,https://apply.workable.com/health-unlimited,0
workable,healthbookplus,https://apply.workable.com/healthbookplus,0
workable,healthcare-management-administrators,https://apply.workable.com/healthcare-management-administrators,4
workable,heart-corporation-2,https://apply.workable.com/heart-corporation-2,0
workable,healthify,https://apply.workable.com/healthify,0
workable,heart-valve-voice-us,https://apply.workable.com/heart-valve-voice-us,0
workable,healthlabs,https://apply.workable.com/healthlabs,0
workable,heartex,https://apply.workable.com/heartex,0
workable,heartlab-limited,https://apply.workable.com/heartlab-limited,0
workable,hearth-support-services,https://apply.workable.com/hearth-support-services,8
workable,heartland-counseling-center,https://apply.workable.com/heartland-counseling-center,4
workable,hearts-and-hands-home-care,https://apply.workable.com/hearts-and-hands-home-care,0
workable,heartrithm,https://apply.workable.com/heartrithm,0
workable,hearts-science,https://hearts-science.workable.com,0
workable,heartwork,https://apply.workable.com/heartwork,0
workable,heatfreehair,https://apply.workable.com/heatfreehair,0
workable,heaven-media,https://apply.workable.com/heaven-media,0
workable,heavenhr,https://apply.workable.com/heavenhr,17
workable,healthcorpsorg,https://apply.workable.com/healthcorpsorg,34
workable,heartstrings-pet-hospice-in-home-euthanasiaand-aftercare,https://apply.workable.com/heartstrings-pet-hospice-in-home-euthanasiaand-aftercare,1194
workable,heavy-iron-studios,https://apply.workable.com/heavy-iron-studios,0
workable,heavybit,https://apply.workable.com/heavybit,0
workable,hearst-ventures-1,https://apply.workable.com/hearst-ventures-1,0
workable,healthmatch,https://apply.workable.com/healthmatch,0
workable,healwell-ai,https://apply.workable.com/healwell-ai,2
workable,heavyheadsocial,https://apply.workable.com/heavyheadsocial,0
workable,hedepy,https://apply.workable.com/hedepy,15
workable,hedgefield,https://apply.workable.com/hedgefield,0
workable,healthy-networks,https://apply.workable.com/healthy-networks,0
workable,healthsplash,https://apply.workable.com/healthsplash,0
workable,hedgeflows,https://apply.workable.com/hedgeflows,0
workable,hedron-space,https://apply.workable.com/hedron-space,0
workable,hedgehog-lab,https://apply.workable.com/hedgehog-lab,0
workable,hedgeserv-1,https://apply.workable.com/hedgeserv-1,0
workable,hefring-engineering,https://apply.workable.com/hefring-engineering,0
workable,heggerty,https://apply.workable.com/heggerty,0
workable,heart-and-soul-child-and-family-services-pllc,https://apply.workable.com/heart-and-soul-child-and-family-services-pllc,0
workable,heidelberg,https://apply.workable.com/heidelberg,0
workable,heidi-marshall-studio,https://apply.workable.com/heidi-marshall-studio,0
workable,heirloom-1,https://apply.workable.com/heirloom-1,0
workable,heirs-insurance-ltd,https://apply.workable.com/heirs-insurance-ltd,0
workable,helios-consulting,https://apply.workable.com/helios-consulting,0
workable,helical-pile-solutions,https://apply.workable.com/helical-pile-solutions,3
workable,helical,https://apply.workable.com/helical,15
workable,healthdaq,https://apply.workable.com/healthdaq,0
workable,helis-network,https://apply.workable.com/helis-network,0
workable,helixa,https://apply.workable.com/helixa,0
workable,helium-health,https://apply.workable.com/helium-health,1
workable,helixfi,https://apply.workable.com/helixfi,0
workable,helixcollective,https://apply.workable.com/helixcollective,0
workable,healthefficient,https://apply.workable.com/healthefficient,0
workable,hellasdirect,https://apply.workable.com/hellasdirect,6
workable,helixiora,https://apply.workable.com/helixiora,0
workable,hellenic-development-bank,https://apply.workable.com/hellenic-development-bank,2
workable,hello-customer,https://apply.workable.com/hello-customer,0
workable,hello-alice,https://apply.workable.com/hello-alice,0
workable,hello-nimbus,https://apply.workable.com/hello-nimbus,0
workable,hello-rache,https://apply.workable.com/hello-rache,3
workable,haynes,https://apply.workable.com/haynes,0
workable,hello-starling,https://apply.workable.com/hello-starling,0
workable,helloaoa,https://apply.workable.com/helloaoa,20
workable,hello-sunshine,https://apply.workable.com/hello-sunshine,1
workable,hellogoodiebox,https://apply.workable.com/hellogoodiebox,0
workable,healthunlocked-2,https://apply.workable.com/healthunlocked-2,0
workable,hellojute,https://apply.workable.com/hellojute,0
workable,healthop-solutions,https://apply.workable.com/healthop-solutions,99
workable,hellogov,https://apply.workable.com/hellogov,5
workable,hellohydrant,https://apply.workable.com/hellohydrant,0
workable,hellopando-1,https://apply.workable.com/hellopando-1,0
workable,helloself-1,https://apply.workable.com/helloself-1,0
workable,hellotext,https://apply.workable.com/hellotext,0
workable,healthsnap,https://apply.workable.com/healthsnap,0
workable,helloworld-pc,https://apply.workable.com/helloworld-pc,0
workable,helmes,https://apply.workable.com/helmes,0
workable,healthscribe,https://healthscribe.workable.com,3
workable,helpdocs,https://apply.workable.com/helpdocs,0
workable,helm-solutions-inc,https://apply.workable.com/helm-solutions-inc,0
workable,helperheroes,https://apply.workable.com/helperheroes,8
workable,healthee,https://apply.workable.com/healthee,4
workable,helpful-home-solution,https://helpful-home-solution.workable.com,0
workable,healthhero,https://apply.workable.com/healthhero,45
workable,helpflow,https://apply.workable.com/helpflow,0
workable,healthcarelink,https://apply.workable.com/healthcarelink,3
workable,helpjuice,https://apply.workable.com/helpjuice,0
workable,helprise-1,https://apply.workable.com/helprise-1,36
workable,henry-j-austin,https://apply.workable.com/henry-j-austin,0
workable,helux-technologies-inc,https://helux-technologies-inc.workable.com,0
workable,helpsense,https://apply.workable.com/helpsense,5
workable,heritage-healthcare-services,https://apply.workable.com/heritage-healthcare-services,20
workable,heritage-werks-inc,https://apply.workable.com/heritage-werks-inc,21
workable,heritage-exposition-services,https://apply.workable.com/heritage-exposition-services,20
workable,heor,https://apply.workable.com/heor,11
workable,hermeneutic,https://apply.workable.com/hermeneutic,21
workable,heritage-wealth-advisors,https://apply.workable.com/heritage-wealth-advisors,0
workable,herman-scheer,https://apply.workable.com/herman-scheer,1
workable,heroes-aid,https://apply.workable.com/heroes-aid,0
workable,hero-labs,https://apply.workable.com/hero-labs,0
workable,herox,https://apply.workable.com/herox,0
workable,heymane,https://apply.workable.com/heymane,3
workable,heyhowdy,https://apply.workable.com/heyhowdy,0
workable,heysavilimited,https://apply.workable.com/heysavilimited,0
workable,heuristics,https://apply.workable.com/heuristics,1
workable,heyscience-sa,https://apply.workable.com/heyscience-sa,0
workable,heytaco,https://apply.workable.com/heytaco,0
workable,hfd,https://apply.workable.com/hfd,0
workable,hhogdev,https://apply.workable.com/hhogdev,0
workable,hhcs-ng,https://apply.workable.com/hhcs-ng,0
workable,hi-career,https://apply.workable.com/hi-career,0
workable,hialtitudebrands,https://apply.workable.com/hialtitudebrands,7
workable,hiddenvalleyorchards,https://apply.workable.com/hiddenvalleyorchards,7
workable,hifi-gaming-society,https://apply.workable.com/hifi-gaming-society,0
workable,higgins-publishing,https://apply.workable.com/higgins-publishing,0
workable,high-street-resources,https://apply.workable.com/high-street-resources,32
workable,high-time-foods,https://apply.workable.com/high-time-foods,0
workable,high-voltage-software,https://apply.workable.com/high-voltage-software,8
workable,highbridgecareers,https://apply.workable.com/highbridgecareers,17
workable,higher-steaks,https://apply.workable.com/higher-steaks,0
workable,higher-talents,https://apply.workable.com/higher-talents,0
workable,higher-learning-commission,https://apply.workable.com/higher-learning-commission,0
workable,hired-3,https://hired-3.workable.com,0
workable,hiregroundtalent,https://apply.workable.com/hiregroundtalent,7
workable,hireio-inc,https://apply.workable.com/hireio-inc,0
workable,highway,https://apply.workable.com/highway,0
workable,hitec-ups,https://apply.workable.com/hitec-ups,16
workable,hiretual-3,https://apply.workable.com/hiretual-3,0
workable,hive-healthcare,https://apply.workable.com/hive-healthcare,0
workable,hiv-medicine-online-from-india,https://apply.workable.com/hiv-medicine-online-from-india,0
workable,hivehouse-digital,https://apply.workable.com/hivehouse-digital,0
workable,hived,https://apply.workable.com/hived,0
workable,hirevue,https://apply.workable.com/hirevue,0
workable,hivmedicineonline,https://apply.workable.com/hivmedicineonline,0
workable,hiyield,https://apply.workable.com/hiyield,0
workable,hja,https://apply.workable.com/hja,3
workable,hoares-bank,https://apply.workable.com/hoares-bank,0
workable,hoa-talent,https://apply.workable.com/hoa-talent,44
workable,hockeystickco,https://apply.workable.com/hockeystickco,0
workable,hoffmann-brothers,https://apply.workable.com/hoffmann-brothers,19
workable,hoge-hakken,https://hoge-hakken.workable.com,0
workable,hokali,https://apply.workable.com/hokali,73
workable,hold-brothers,https://apply.workable.com/hold-brothers,4
workable,hirsch,https://apply.workable.com/hirsch,7
workable,holaluz,https://apply.workable.com/holaluz,0
workable,holiday-extras,https://apply.workable.com/holiday-extras,0
workable,hilton-head-christian-academy,https://apply.workable.com/hilton-head-christian-academy,5
workable,holistic-healing-systems,https://holistic-healing-systems.workable.com,0
workable,holly-and-co,https://apply.workable.com/holly-and-co,0
workable,hollywood-physical-therapy,https://apply.workable.com/hollywood-physical-therapy,0
workable,hololabs,https://apply.workable.com/hololabs,0
workable,holvi,https://apply.workable.com/holvi,0
workable,hitch,https://hitch.workable.com,0
workable,hipflat,https://apply.workable.com/hipflat,0
workable,homa-games,https://apply.workable.com/homa-games,34
workable,home-brands,https://apply.workable.com/home-brands,7
workable,histowiz,https://apply.workable.com/histowiz,0
workable,home-run-auto-group,https://apply.workable.com/home-run-auto-group,30
workable,home-loan-experts,https://apply.workable.com/home-loan-experts,0
workable,homeppl-1,https://apply.workable.com/homeppl-1,0
workable,homeprotect,https://apply.workable.com/homeprotect,0
workable,hire-overseas,https://apply.workable.com/hire-overseas,180
workable,hire-resolve,https://apply.workable.com/hire-resolve,0
workable,homestead-studio-llc,https://apply.workable.com/homestead-studio-llc,0
workable,hire-with-reef,https://apply.workable.com/hire-with-reef,134
workable,hire-space,https://apply.workable.com/hire-space,0
workable,homestory,https://apply.workable.com/homestory,0
workable,homesweethomeihc,https://apply.workable.com/homesweethomeihc,0
workable,hometown-urgent-care,https://apply.workable.com/hometown-urgent-care,41
workable,homey,https://apply.workable.com/homey,9
workable,honee,https://apply.workable.com/honee,0
workable,honehealth,https://apply.workable.com/honehealth,0
workable,honestbee,https://apply.workable.com/honestbee,0
workable,hook-technology,https://apply.workable.com/hook-technology,0
workable,hirehawk,https://apply.workable.com/hirehawk,486
workable,hooloovoo,https://apply.workable.com/hooloovoo,1
workable,hope-not-hate,https://apply.workable.com/hope-not-hate,0
workable,hopeway,https://apply.workable.com/hopeway,0
workable,hoplite-group,https://apply.workable.com/hoplite-group,0
workable,hopscotch-1,https://apply.workable.com/hopscotch-1,0
workable,horizon-health-and-wellness,https://apply.workable.com/horizon-health-and-wellness,0
workable,horizon-roofing,https://apply.workable.com/horizon-roofing,20
workable,horizoncamera,https://apply.workable.com/horizoncamera,0
workable,horizonsolarjobs,https://apply.workable.com/horizonsolarjobs,0
workable,hosco,https://apply.workable.com/hosco,0
workable,houston-behavioral-healthcare-hospital,https://apply.workable.com/houston-behavioral-healthcare-hospital,12
workable,hrfactory-lithuania,https://apply.workable.com/hrfactory-lithuania,43
workable,hrmc-13,https://apply.workable.com/hrmc-13,0
workable,hrsignal,https://apply.workable.com/hrsignal,0
workable,hr-avatar,https://apply.workable.com/hr-avatar,0
workable,hr-one,https://apply.workable.com/hr-one,35
workable,hrw,https://apply.workable.com/hrw,0
workable,hr-force,https://apply.workable.com/hr-force,0
workable,howard-financial,https://apply.workable.com/howard-financial,0
workable,htc-global-services-inc,https://apply.workable.com/htc-global-services-inc,0
workable,hr-studio,https://apply.workable.com/hr-studio,5
workable,hso,https://apply.workable.com/hso,0
workable,htrtalent,https://htrtalent.workable.com,0
workable,htsag,https://apply.workable.com/htsag,0
workable,hr-tag,https://apply.workable.com/hr-tag,0
workable,howso,https://apply.workable.com/howso,0
workable,hrd-india-1,https://apply.workable.com/hrd-india-1,0
workable,hrdownloads,https://apply.workable.com/hrdownloads,0
workable,huawei-16,https://apply.workable.com/huawei-16,0
workable,huawei-ireland,https://apply.workable.com/huawei-ireland,0
workable,huawei-technologies-oy-finland,https://apply.workable.com/huawei-technologies-oy-finland,0
workable,hubb-inc,https://apply.workable.com/hubb-inc,0
workable,hubbard-digital,https://apply.workable.com/hubbard-digital,0
workable,hronhand,https://apply.workable.com/hronhand,0
workable,huawei-telekomunikasyon-dis-ticaret-ltd,https://apply.workable.com/huawei-telekomunikasyon-dis-ticaret-ltd,0
workable,hubblecontacts,https://apply.workable.com/hubblecontacts,0
workable,houston-properties-team,https://apply.workable.com/houston-properties-team,0
workable,hozenaghashiii,https://apply.workable.com/hozenaghashiii,0
workable,hpdcareers,https://apply.workable.com/hpdcareers,50
workable,hubble,https://apply.workable.com/hubble,0
workable,hubtype,https://apply.workable.com/hubtype,1
workable,huckletree,https://apply.workable.com/huckletree,0
workable,hudson-highlands-nature-museum,https://hudson-highlands-nature-museum.workable.com,0
workable,hubly,https://apply.workable.com/hubly,0
workable,huggingface,https://apply.workable.com/huggingface,9
workable,hudabeauty,https://apply.workable.com/hudabeauty,23
workable,humanz,https://apply.workable.com/humanz,7
workable,hupe-nigeria-limited,https://apply.workable.com/hupe-nigeria-limited,0
workable,hustlefish,https://apply.workable.com/hustlefish,0
workable,hutch,https://apply.workable.com/hutch,8
workable,hype-partners,https://apply.workable.com/hype-partners,0
workable,hummingbird-bioscience,https://apply.workable.com/hummingbird-bioscience,0
workable,hyperconnect,https://apply.workable.com/hyperconnect,0
workable,hyperallergic,https://apply.workable.com/hyperallergic,3
workable,hyperdev,https://apply.workable.com/hyperdev,5
workable,hvaci,https://hvaci.workable.com,0
workable,hummingbird-technologies-ltd,https://apply.workable.com/hummingbird-technologies-ltd,0
workable,hyperexponential,https://apply.workable.com/hyperexponential,0
workable,hutter-painting,https://apply.workable.com/hutter-painting,0
workable,hyperhosting,https://apply.workable.com/hyperhosting,0
workable,hyperion-crypto-exchange,https://hyperion-crypto-exchange.workable.com,0
workable,hyperlab,https://apply.workable.com/hyperlab,0
workable,hyperlane,https://apply.workable.com/hyperlane,0
workable,hyperlight,https://apply.workable.com/hyperlight,21
workable,hydro-x,https://apply.workable.com/hydro-x,0
workable,hypernovalabs,https://apply.workable.com/hypernovalabs,0
workable,humi,https://apply.workable.com/humi,0
workable,humn,https://apply.workable.com/humn,0
workable,hyros,https://apply.workable.com/hyros,2
workable,hummingbird-technologies-ltd-1,https://apply.workable.com/hummingbird-technologies-ltd-1,0
workable,i-5-design-build-inc,https://apply.workable.com/i-5-design-build-inc,0
workable,hysopt,https://apply.workable.com/hysopt,1
workable,hunter-io,https://apply.workable.com/hunter-io,0
workable,huntington-learning-center-lodi,https://apply.workable.com/huntington-learning-center-lodi,0
workable,i-finance,https://apply.workable.com/i-finance,0
workable,i-tech-people,https://apply.workable.com/i-tech-people,12
workable,i4-energy,https://apply.workable.com/i4-energy,0
workable,hungerstation,https://apply.workable.com/hungerstation,0
workable,i5tg,https://apply.workable.com/i5tg,0
workable,iasociety,https://apply.workable.com/iasociety,0
workable,ianulytalentaccelerators,https://apply.workable.com/ianulytalentaccelerators,0
workable,iapwe,https://apply.workable.com/iapwe,1
workable,iamviva,https://apply.workable.com/iamviva,0
workable,ib3-global-solutions,https://apply.workable.com/ib3-global-solutions,2
workable,iav-automotive-engineering,https://apply.workable.com/iav-automotive-engineering,11
workable,ibhs,https://apply.workable.com/ibhs,6
workable,hustler-marketing,https://apply.workable.com/hustler-marketing,12
workable,huzzle,https://apply.workable.com/huzzle,1860
workable,hussle,https://apply.workable.com/hussle,0
workable,ibase-t,https://apply.workable.com/ibase-t,0
workable,huntington-historical-society,https://apply.workable.com/huntington-historical-society,0
workable,icap-employment-solutions-1,https://apply.workable.com/icap-employment-solutions-1,0
workable,icapes,https://apply.workable.com/icapes,41
workable,hunt-st,https://apply.workable.com/hunt-st,146
workable,icarda,https://apply.workable.com/icarda,3
workable,icarus-media-digital,https://apply.workable.com/icarus-media-digital,0
workable,icario,https://apply.workable.com/icario,0
workable,icast,https://apply.workable.com/icast,0
workable,icbd-holdings,https://apply.workable.com/icbd-holdings,483
workable,ici,https://apply.workable.com/ici,0
workable,iclasspro,https://apply.workable.com/iclasspro,0
workable,icimod,https://apply.workable.com/icimod,1
workable,iclinic,https://apply.workable.com/iclinic,0
workable,ick-international-inc,https://apply.workable.com/ick-international-inc,0
workable,icorp,https://apply.workable.com/icorp,42
workable,iconfinder,https://apply.workable.com/iconfinder,0
workable,ics,https://apply.workable.com/ics,5
workable,ics-4,https://apply.workable.com/ics-4,0
workable,ict-protect,https://apply.workable.com/ict-protect,2
workable,idaho-college-of-osteopathic-medicine,https://apply.workable.com/idaho-college-of-osteopathic-medicine,8
workable,ide-global,https://apply.workable.com/ide-global,9
workable,ideal-warehouse-innovations-inc,https://apply.workable.com/ideal-warehouse-innovations-inc,0
workable,ideaya-biosciences,https://apply.workable.com/ideaya-biosciences,0
workable,ideatorsrecruiting,https://apply.workable.com/ideatorsrecruiting,0
workable,idi-architects,https://idi-architects.workable.com,0
workable,idio,https://apply.workable.com/idio,0
workable,idpro,https://apply.workable.com/idpro,0
workable,idoven,https://apply.workable.com/idoven,4
workable,iek-akmh,https://apply.workable.com/iek-akmh,113
workable,iese-solutions,https://apply.workable.com/iese-solutions,12
workable,if-oxford,https://apply.workable.com/if-oxford,0
workable,ignitia-ab,https://apply.workable.com/ignitia-ab,0
workable,iknowhealth,https://apply.workable.com/iknowhealth,1
workable,imachines,https://apply.workable.com/imachines,54
workable,ignota-labs,https://apply.workable.com/ignota-labs,0
workable,image,https://apply.workable.com/image,0
workable,im4-lab,https://apply.workable.com/im4-lab,0
workable,images,https://apply.workable.com/images,0
workable,imageintelligence,https://apply.workable.com/imageintelligence,0
workable,imagine-black,https://apply.workable.com/imagine-black,1
workable,imagine-io,https://apply.workable.com/imagine-io,0
workable,imagic,https://apply.workable.com/imagic,0
workable,imaginet,https://apply.workable.com/imaginet,0
workable,illuma-technology,https://apply.workable.com/illuma-technology,0
workable,imandra,https://apply.workable.com/imandra,0
workable,imbco,https://apply.workable.com/imbco,0
workable,immediate-media-co,https://apply.workable.com/immediate-media-co,11
workable,imin,https://apply.workable.com/imin,0
workable,immedis,https://apply.workable.com/immedis,0
workable,ij-recruit,https://apply.workable.com/ij-recruit,0
workable,immersivegamebox,https://apply.workable.com/immersivegamebox,0
workable,iliad-partners,https://apply.workable.com/iliad-partners,0
workable,ikawacoffee,https://apply.workable.com/ikawacoffee,0
workable,illuminate-financial,https://apply.workable.com/illuminate-financial,0
workable,immigrants-rising,https://apply.workable.com/immigrants-rising,0
workable,immigrant-invest-2,https://apply.workable.com/immigrant-invest-2,0
workable,immo,https://apply.workable.com/immo,0
workable,immigrationequality,https://apply.workable.com/immigrationequality,0
workable,ilara-health,https://apply.workable.com/ilara-health,0
workable,imotions,https://apply.workable.com/imotions,0
workable,ihrseattle,https://apply.workable.com/ihrseattle,4
workable,immortals,https://apply.workable.com/immortals,0
workable,impact-america-fund,https://apply.workable.com/impact-america-fund,0
workable,immortal-game,https://apply.workable.com/immortal-game,0
workable,impact-capital-managers,https://apply.workable.com/impact-capital-managers,0
workable,impact-biosystems,https://apply.workable.com/impact-biosystems,0
workable,impact-digital-group-inc,https://apply.workable.com/impact-digital-group-inc,1
workable,impact-clients,https://apply.workable.com/impact-clients,66
workable,impact-hub-zurich-ag,https://apply.workable.com/impact-hub-zurich-ag,0
workable,igate-technologies,https://apply.workable.com/igate-technologies,32
workable,illustrate-australia,https://apply.workable.com/illustrate-australia,0
workable,impact-theory,https://apply.workable.com/impact-theory,1
workable,illuminations-inc,https://apply.workable.com/illuminations-inc,0
workable,impact-recruiting-solution,https://apply.workable.com/impact-recruiting-solution,0
workable,impactplus,https://apply.workable.com/impactplus,2
workable,impactlifetoday,https://apply.workable.com/impactlifetoday,5
workable,impact-united-methodist-church,https://apply.workable.com/impact-united-methodist-church,0
workable,illumis,https://apply.workable.com/illumis,0
workable,impact-ventures-uk,https://apply.workable.com/impact-ventures-uk,0
workable,imperative,https://apply.workable.com/imperative,0
workable,impec-group,https://apply.workable.com/impec-group,8
workable,impactual-llc,https://apply.workable.com/impactual-llc,1
workable,il-post,https://apply.workable.com/il-post,0
workable,import-dot-i-o-2,https://apply.workable.com/import-dot-i-o-2,0
workable,improovy,https://apply.workable.com/improovy,0
workable,imtf,https://apply.workable.com/imtf,7
workable,improvedcf,https://apply.workable.com/improvedcf,4
workable,ims,https://apply.workable.com/ims,0
workable,in4capital-1,https://apply.workable.com/in4capital-1,0
workable,in-space,https://apply.workable.com/in-space,0
workable,inaccel,https://apply.workable.com/inaccel,0
workable,inatai,https://apply.workable.com/inatai,4
workable,in99,https://apply.workable.com/in99,0
workable,inaitsa,https://apply.workable.com/inaitsa,0
workable,inautalent,https://apply.workable.com/inautalent,29
workable,inbest,https://apply.workable.com/inbest,0
workable,incelligent-1,https://apply.workable.com/incelligent-1,1
workable,inbybob,https://apply.workable.com/inbybob,0
workable,inboxmarketer,https://inboxmarketer.workable.com,0
workable,incelligent,https://apply.workable.com/incelligent,1
workable,inboxhealth,https://apply.workable.com/inboxhealth,0
workable,incentfit,https://apply.workable.com/incentfit,2
workable,inceptio-technology,https://apply.workable.com/inceptio-technology,0
workable,incommunities,https://apply.workable.com/incommunities,5
workable,incrediblue,https://apply.workable.com/incrediblue,0
workable,indev,https://apply.workable.com/indev,0
workable,india-hicks,https://india-hicks.workable.com,0
workable,independence-preparatory-academy,https://apply.workable.com/independence-preparatory-academy,2
workable,index-coop,https://apply.workable.com/index-coop,0
workable,indice,https://apply.workable.com/indice,2
workable,indico,https://apply.workable.com/indico,12
workable,indicina,https://apply.workable.com/indicina,0
workable,indiewalls,https://apply.workable.com/indiewalls,0
workable,indigotree,https://apply.workable.com/indigotree,0
workable,indikodata,https://apply.workable.com/indikodata,0
workable,indinero,https://apply.workable.com/indinero,0
workable,indinero-3,https://apply.workable.com/indinero-3,0
workable,indra-park-air,https://apply.workable.com/indra-park-air,0
workable,induprotx,https://apply.workable.com/induprotx,0
workable,industrial-asset-management-ltd,https://apply.workable.com/industrial-asset-management-ltd,0
workable,industrial-contracting-solutions,https://apply.workable.com/industrial-contracting-solutions,0
workable,indutrade,https://apply.workable.com/indutrade,0
workable,industrious,https://apply.workable.com/industrious,0
workable,ine,https://apply.workable.com/ine,0
workable,ineos-automotive,https://apply.workable.com/ineos-automotive,13
workable,infatica-dot-i-o,https://apply.workable.com/infatica-dot-i-o,12
workable,infinia,https://apply.workable.com/infinia,0
workable,infiniteio,https://apply.workable.com/infiniteio,0
workable,infiniti-platforms-limited,https://apply.workable.com/infiniti-platforms-limited,0
workable,infinitycontact,https://apply.workable.com/infinitycontact,0
workable,infinitus,https://infinitus.workable.com,0
workable,infinum,https://apply.workable.com/infinum,4
workable,infiterra,https://apply.workable.com/infiterra,0
workable,influence-and-co,https://apply.workable.com/influence-and-co,0
workable,influencemap,https://apply.workable.com/influencemap,0
workable,influenconnect,https://apply.workable.com/influenconnect,0
workable,influx-technologies-limited,https://apply.workable.com/influx-technologies-limited,0
workable,infomineo,https://apply.workable.com/infomineo,10
workable,infoquest,https://apply.workable.com/infoquest,4
workable,infostellar-space,https://infostellar-space.workable.com,0
workable,infosys-singaporeand-australia,https://apply.workable.com/infosys-singaporeand-australia,157
workable,ingentek,https://ingentek.workable.com,0
workable,innocells,https://apply.workable.com/innocells,0
workable,innodatalabs,https://apply.workable.com/innodatalabs,0
workable,innovadigits-1,https://apply.workable.com/innovadigits-1,0
workable,innovation360,https://apply.workable.com/innovation360,0
workable,inkling-culture-and-entertainment,https://apply.workable.com/inkling-culture-and-entertainment,0
workable,innovativ-pharma-inc,https://apply.workable.com/innovativ-pharma-inc,172
workable,innovationsprint,https://apply.workable.com/innovationsprint,0
workable,innovationteam,https://apply.workable.com/innovationteam,45
workable,innocence-project,https://apply.workable.com/innocence-project,8
workable,innovative-rocket-technologies-inc,https://apply.workable.com/innovative-rocket-technologies-inc,27
workable,innovative-marketing-firm-3,https://apply.workable.com/innovative-marketing-firm-3,0
workable,innopeaktech,https://apply.workable.com/innopeaktech,5
workable,innovatrics,https://apply.workable.com/innovatrics,23
workable,innerplant,https://apply.workable.com/innerplant,10
workable,inns-of-aurora,https://apply.workable.com/inns-of-aurora,13
workable,innowell,https://apply.workable.com/innowell,0
workable,inpac-wealth,https://apply.workable.com/inpac-wealth,0
workable,inpher,https://apply.workable.com/inpher,0
workable,innonic,https://apply.workable.com/innonic,0
workable,inproduction,https://apply.workable.com/inproduction,90
workable,inlight-1,https://inlight-1.workable.com,0
workable,inreach-ventures,https://apply.workable.com/inreach-ventures,0
workable,insanitytrading,https://insanitytrading.workable.com,0
workable,inside-real-estate,https://apply.workable.com/inside-real-estate,0
workable,insidersecurity,https://apply.workable.com/insidersecurity,12
workable,insight-investment,https://apply.workable.com/insight-investment,17
workable,insight-network-inc,https://apply.workable.com/insight-network-inc,5
workable,insighttimer,https://apply.workable.com/insighttimer,0
workable,insite-energy-uk,https://apply.workable.com/insite-energy-uk,0
workable,insignis,https://apply.workable.com/insignis,0
workable,inlife,https://apply.workable.com/inlife,0
workable,innovation-labs,https://apply.workable.com/innovation-labs,5
workable,insomnialabs,https://apply.workable.com/insomnialabs,0
workable,inspectionxpert-corporation,https://apply.workable.com/inspectionxpert-corporation,0
workable,inspectorio,https://apply.workable.com/inspectorio,0
workable,inmotion,https://apply.workable.com/inmotion,2
workable,innovation-intelligence-institute,https://innovation-intelligence-institute.workable.com,0
workable,inspire-agency,https://apply.workable.com/inspire-agency,0
workable,inspired,https://inspired.workable.com,0
workable,inn-at-perry-cabin,https://apply.workable.com/inn-at-perry-cabin,0
workable,instacar-sa,https://apply.workable.com/instacar-sa,9
workable,inspiroz1,https://apply.workable.com/inspiroz1,6
workable,installation-made-easy,https://apply.workable.com/installation-made-easy,1
workable,instabug,https://apply.workable.com/instabug,0
workable,instanda,https://apply.workable.com/instanda,5
workable,instamotor,https://apply.workable.com/instamotor,0
workable,inlumi,https://apply.workable.com/inlumi,0
workable,instapage,https://apply.workable.com/instapage,0
workable,inmybag,https://inmybag.workable.com,0
workable,instilla-srl,https://apply.workable.com/instilla-srl,0
workable,institute-of-the-willing-and-able,https://apply.workable.com/institute-of-the-willing-and-able,0
workable,institute-for-responsible-technology,https://apply.workable.com/institute-for-responsible-technology,0
workable,institute-for-applied-behavior-analysis,https://apply.workable.com/institute-for-applied-behavior-analysis,36
workable,insylo,https://apply.workable.com/insylo,0
workable,inline-manual,https://apply.workable.com/inline-manual,0
workable,insync-insurance,https://insync-insurance.workable.com,0
workable,intdv,https://apply.workable.com/intdv,0
workable,intale,https://apply.workable.com/intale,2
workable,intech,https://apply.workable.com/intech,2
workable,intechnica-1,https://apply.workable.com/intechnica-1,0
workable,integra-advanced-technology-services,https://integra-advanced-technology-services.workable.com,0
workable,integral-2,https://apply.workable.com/integral-2,0
workable,intecon,https://apply.workable.com/intecon,0
workable,integralgroup,https://apply.workable.com/integralgroup,0
workable,integrated-global-services,https://apply.workable.com/integrated-global-services,0
workable,integrant,https://apply.workable.com/integrant,31
workable,integrated-wound-care-1,https://apply.workable.com/integrated-wound-care-1,44
workable,integrated-security-technologies-inc,https://apply.workable.com/integrated-security-technologies-inc,0
workable,integrated-technologies-inc,https://apply.workable.com/integrated-technologies-inc,0
workable,integrateddev,https://apply.workable.com/integrateddev,0
workable,integrateiq,https://apply.workable.com/integrateiq,0
workable,integration-works,https://apply.workable.com/integration-works,0
workable,integris2,https://apply.workable.com/integris2,0
workable,integrity-urgent-care,https://apply.workable.com/integrity-urgent-care,0
workable,integritym,https://apply.workable.com/integritym,3
workable,inteliqua,https://apply.workable.com/inteliqua,2
workable,intelitics,https://apply.workable.com/intelitics,0
workable,intelistyle,https://apply.workable.com/intelistyle,0
workable,intellatriage,https://apply.workable.com/intellatriage,32
workable,intellectsoft,https://apply.workable.com/intellectsoft,37
workable,intelligent-design-air-conditioning-heating-and-plumbing,https://intelligent-design-air-conditioning-heating-and-plumbing.workable.com,0
workable,intellibright,https://apply.workable.com/intellibright,6
workable,intelligems,https://apply.workable.com/intelligems,0
workable,intelligent-editing,https://apply.workable.com/intelligent-editing,0
workable,intelligentchange,https://apply.workable.com/intelligentchange,3
workable,intellecthq,https://apply.workable.com/intellecthq,366
workable,intellisense-io,https://apply.workable.com/intellisense-io,0
workable,intellistars-aba,https://apply.workable.com/intellistars-aba,0
workable,intelligo-group,https://apply.workable.com/intelligo-group,0
workable,intellishift,https://apply.workable.com/intellishift,4
workable,intelliworx-managed-it,https://apply.workable.com/intelliworx-managed-it,0
workable,intello,https://apply.workable.com/intello,0
workable,intellyo,https://apply.workable.com/intellyo,0
workable,intelworks,https://apply.workable.com/intelworks,0
workable,intentionalcbd,https://apply.workable.com/intentionalcbd,0
workable,interactive-investor,https://apply.workable.com/interactive-investor,8
workable,interactivestrategies,https://apply.workable.com/interactivestrategies,9
workable,intercom,https://apply.workable.com/intercom,0
workable,interamerican,https://apply.workable.com/interamerican,0
workable,interapt,https://apply.workable.com/interapt,0
workable,interana,https://apply.workable.com/interana,0
workable,interluxe,https://apply.workable.com/interluxe,0
workable,international-cultural-exchange-services-1,https://apply.workable.com/international-cultural-exchange-services-1,0
workable,international-water-management-institute,https://apply.workable.com/international-water-management-institute,1
workable,interpath-advisory,https://apply.workable.com/interpath-advisory,162
workable,intersec-group,https://apply.workable.com/intersec-group,0
workable,interocean,https://apply.workable.com/interocean,13
workable,inventura,https://apply.workable.com/inventura,5
workable,inventyou-ab,https://apply.workable.com/inventyou-ab,2
workable,invest-group-piotr-sochan-ul,https://invest-group-piotr-sochan-ul.workable.com,0
workable,investment-property-group,https://apply.workable.com/investment-property-group,12
workable,investoo-group,https://apply.workable.com/investoo-group,0
workable,invest-lithuania,https://apply.workable.com/invest-lithuania,3
workable,involve-dot-m-e,https://apply.workable.com/involve-dot-m-e,0
workable,investnext,https://apply.workable.com/investnext,0
workable,intuita-consulting,https://apply.workable.com/intuita-consulting,0
workable,intropic,https://apply.workable.com/intropic,0
workable,invox,https://apply.workable.com/invox,1
workable,invygo,https://apply.workable.com/invygo,7
workable,io-global,https://apply.workable.com/io-global,18
workable,ioby,https://apply.workable.com/ioby,0
workable,ionate,https://apply.workable.com/ionate,4
workable,iontra-inc,https://apply.workable.com/iontra-inc,0
workable,ionworks,https://apply.workable.com/ionworks,0
workable,investoo-group-2,https://apply.workable.com/investoo-group-2,0
workable,iov,https://apply.workable.com/iov,0
workable,invi,https://apply.workable.com/invi,0
workable,ipconfigure,https://apply.workable.com/ipconfigure,0
workable,ipfolio,https://ipfolio.workable.com,0
workable,ipid,https://apply.workable.com/ipid,3
workable,involve,https://apply.workable.com/involve,0
workable,ipullrank,https://apply.workable.com/ipullrank,1
workable,iq-agency,https://apply.workable.com/iq-agency,0
workable,iqpc-2,https://apply.workable.com/iqpc-2,0
workable,inttrust,https://apply.workable.com/inttrust,13
workable,irisnova,https://apply.workable.com/irisnova,0
workable,irice-and-company,https://apply.workable.com/irice-and-company,9
workable,ironwear,https://apply.workable.com/ironwear,9
workable,iropartners,https://apply.workable.com/iropartners,49
workable,irystec,https://irystec.workable.com,0
workable,is,https://apply.workable.com/is,5
workable,is-international-services,https://apply.workable.com/is-international-services,33
workable,isaraerospace,https://apply.workable.com/isaraerospace,0
workable,ischool,https://apply.workable.com/ischool,13
workable,isg,https://apply.workable.com/isg,0
workable,island-dot-i-o,https://apply.workable.com/island-dot-i-o,0
workable,ismood,https://apply.workable.com/ismood,0
workable,isobar-nz,https://apply.workable.com/isobar-nz,0
workable,islington-council-2,https://apply.workable.com/islington-council-2,0
workable,itering,https://apply.workable.com/itering,0
workable,ithaca-hummus,https://apply.workable.com/ithaca-hummus,0
workable,itrex-group,https://apply.workable.com/itrex-group,6
workable,itselectric,https://apply.workable.com/itselectric,1
workable,itss,https://apply.workable.com/itss,5
workable,ivy,https://apply.workable.com/ivy,0
workable,jack-browns-beerand-burger-joint,https://apply.workable.com/jack-browns-beerand-burger-joint,51
workable,jackbox-games,https://apply.workable.com/jackbox-games,0
workable,ivy-energy,https://apply.workable.com/ivy-energy,0
workable,itsacheckmate-dot-com,https://apply.workable.com/itsacheckmate-dot-com,5
workable,jacks-donuts,https://apply.workable.com/jacks-donuts,0
workable,jackwills,https://apply.workable.com/jackwills,0
workable,jacob-a-riis-neighborhood-settlement,https://apply.workable.com/jacob-a-riis-neighborhood-settlement,0
workable,iugo,https://iugo.workable.com,0
workable,jacobian,https://apply.workable.com/jacobian,9
workable,jaded-london-2,https://apply.workable.com/jaded-london-2,17
workable,iziwork,https://apply.workable.com/iziwork,0
workable,jagex-limited,https://apply.workable.com/jagex-limited,13
workable,jain-family-institute,https://apply.workable.com/jain-family-institute,0
workable,itrs,https://apply.workable.com/itrs,20
workable,jakes-finer-foods,https://apply.workable.com/jakes-finer-foods,0
workable,ivyhill-technologies-llc,https://apply.workable.com/ivyhill-technologies-llc,8
workable,jalasoft,https://apply.workable.com/jalasoft,98
workable,iwoca,https://apply.workable.com/iwoca,0
workable,jambo-home-maitenance,https://apply.workable.com/jambo-home-maitenance,0
workable,james-allen,https://apply.workable.com/james-allen,0
workable,james-beard,https://apply.workable.com/james-beard,0
workable,j-curve-technologies,https://apply.workable.com/j-curve-technologies,0
workable,izix,https://apply.workable.com/izix,3
workable,jamiak,https://apply.workable.com/jamiak,0
workable,james-s-mcdonnell-foundation,https://apply.workable.com/james-s-mcdonnell-foundation,0
workable,jammu-escorts,https://apply.workable.com/jammu-escorts,0
workable,itso,https://apply.workable.com/itso,0
workable,jandhjanitorial,https://apply.workable.com/jandhjanitorial,13
workable,jaan-health-inc,https://apply.workable.com/jaan-health-inc,0
workable,janus,https://apply.workable.com/janus,0
workable,iversoft,https://apply.workable.com/iversoft,0
workable,janes,https://apply.workable.com/janes,0
workable,javelin-global-commodities,https://apply.workable.com/javelin-global-commodities,10
workable,jasmax-1,https://apply.workable.com/jasmax-1,6
workable,jasarapmc,https://apply.workable.com/jasarapmc,175
workable,jcc-greater-boston,https://apply.workable.com/jcc-greater-boston,88
workable,jasper,https://apply.workable.com/jasper,1
workable,jct-recruiting-llc,https://apply.workable.com/jct-recruiting-llc,0
workable,jda-worldwide,https://apply.workable.com/jda-worldwide,0
workable,jdk,https://apply.workable.com/jdk,0
workable,jdc-professional-recruitment,https://apply.workable.com/jdc-professional-recruitment,0
workable,jdl-corporate-interiors-inc,https://apply.workable.com/jdl-corporate-interiors-inc,0
workable,jdsat,https://apply.workable.com/jdsat,0
workable,jeffreym-consulting,https://apply.workable.com/jeffreym-consulting,6
workable,jeeny,https://apply.workable.com/jeeny,13
workable,jellydrops,https://apply.workable.com/jellydrops,0
workable,jellyfish-pictures-ltd,https://apply.workable.com/jellyfish-pictures-ltd,0
workable,jenzabar1,https://apply.workable.com/jenzabar1,15
workable,jenzabar-2,https://apply.workable.com/jenzabar-2,0
workable,jeri-davis-international-healthcare-consultants-recruiters,https://apply.workable.com/jeri-davis-international-healthcare-consultants-recruiters,0
workable,jerry,https://apply.workable.com/jerry,0
workable,jerrick-media,https://jerrick-media.workable.com,0
workable,jesus-son-of-mary-center,https://apply.workable.com/jesus-son-of-mary-center,0
workable,jetpack-workflow,https://apply.workable.com/jetpack-workflow,0
workable,jewish-community-center-on-the-hudson-inc,https://apply.workable.com/jewish-community-center-on-the-hudson-inc,0
workable,jfdi-recruitment,https://apply.workable.com/jfdi-recruitment,0
workable,jidomaps,https://apply.workable.com/jidomaps,0
workable,jigyasa-analytics,https://apply.workable.com/jigyasa-analytics,0
workable,jive-asset,https://apply.workable.com/jive-asset,0
workable,jkseva,https://apply.workable.com/jkseva,0
workable,jl-consulting-group-llc,https://apply.workable.com/jl-consulting-group-llc,0
workable,joan-levinson-realty,https://apply.workable.com/joan-levinson-realty,0
workable,job-bridge-global-1,https://apply.workable.com/job-bridge-global-1,633
workable,jobble-4,https://apply.workable.com/jobble-4,0
workable,jobjack,https://apply.workable.com/jobjack,0
workable,jiffyshirts,https://apply.workable.com/jiffyshirts,13
workable,joe-gannon-ltd,https://apply.workable.com/joe-gannon-ltd,0
workable,joey-restaurants-1,https://apply.workable.com/joey-restaurants-1,237
workable,john-brooks-company,https://apply.workable.com/john-brooks-company,19
workable,join-barkibu,https://apply.workable.com/join-barkibu,0
workable,joinbeam,https://apply.workable.com/joinbeam,38
workable,joinblink,https://apply.workable.com/joinblink,11
workable,joincheckmate1,https://apply.workable.com/joincheckmate1,3
workable,joinmakropro,https://apply.workable.com/joinmakropro,141
workable,joinorigami,https://apply.workable.com/joinorigami,0
workable,jointacademy,https://apply.workable.com/jointacademy,0
workable,joinwithus,https://apply.workable.com/joinwithus,0
workable,joingenius,https://apply.workable.com/joingenius,0
workable,jolt,https://apply.workable.com/jolt,0
workable,jones-knowles-ritchie,https://apply.workable.com/jones-knowles-ritchie,8
workable,jobtome,https://apply.workable.com/jobtome,0
workable,jones-therapy-services,https://apply.workable.com/jones-therapy-services,0
workable,joey-chinook,https://apply.workable.com/joey-chinook,0
workable,joos,https://apply.workable.com/joos,0
workable,joomag,https://apply.workable.com/joomag,4
workable,jorden-mick,https://apply.workable.com/jorden-mick,0
workable,joseph-phelps,https://apply.workable.com/joseph-phelps,0
workable,joinsherpa,https://apply.workable.com/joinsherpa,0
workable,joss-search,https://apply.workable.com/joss-search,4
workable,josephphelps,https://apply.workable.com/josephphelps,1
workable,jotis,https://apply.workable.com/jotis,5
workable,joinassembly,https://apply.workable.com/joinassembly,0
workable,journeylive,https://apply.workable.com/journeylive,0
workable,joyce-factory-direct-1,https://apply.workable.com/joyce-factory-direct-1,122
workable,joylabs,https://apply.workable.com/joylabs,0
workable,joinwaffle,https://apply.workable.com/joinwaffle,0
workable,joypac,https://apply.workable.com/joypac,0
workable,joyous,https://apply.workable.com/joyous,0
workable,jpf,https://apply.workable.com/jpf,0
workable,joffe-emergency-services,https://apply.workable.com/joffe-emergency-services,0
workable,jsb,https://apply.workable.com/jsb,0
workable,jstreet,https://apply.workable.com/jstreet,0
workable,jtribe,https://jtribe.workable.com,0
workable,judopayments1,https://apply.workable.com/judopayments1,0
workable,juice-analytics,https://apply.workable.com/juice-analytics,0
workable,juganu,https://apply.workable.com/juganu,1
workable,join-career-dot-vn-team,https://join-career-dot-vn-team.workable.com,0
workable,jumanji-studio,https://apply.workable.com/jumanji-studio,0
workable,jumingo,https://jumingo.workable.com,0
workable,juliedesk,https://apply.workable.com/juliedesk,0
workable,jumpseller,https://jumpseller.workable.com,0
workable,jungledevs,https://apply.workable.com/jungledevs,0
workable,junglee-games,https://apply.workable.com/junglee-games,0
workable,juno,https://apply.workable.com/juno,0
workable,jupiterone,https://apply.workable.com/jupiterone,1
workable,jupiter-power,https://apply.workable.com/jupiter-power,0
workable,juscollege,https://apply.workable.com/juscollege,0
workable,just-about,https://apply.workable.com/just-about,0
workable,k2i-design,https://apply.workable.com/k2i-design,0
workable,kadenze-inc,https://apply.workable.com/kadenze-inc,0
workable,kalu-yala,https://kalu-yala.workable.com,0
workable,kammok,https://apply.workable.com/kammok,2
workable,kantaloupe,https://apply.workable.com/kantaloupe,0
workable,kandidate,https://apply.workable.com/kandidate,0
workable,kantox,https://apply.workable.com/kantox,2
workable,ka-hoot,https://apply.workable.com/ka-hoot,0
workable,kaleidoscope-education-solutions,https://apply.workable.com/kaleidoscope-education-solutions,0
workable,kaiserpartner,https://apply.workable.com/kaiserpartner,8
workable,kapiche,https://apply.workable.com/kapiche,0
workable,kano,https://apply.workable.com/kano,0
workable,k4connect,https://apply.workable.com/k4connect,0
workable,kahoot,https://apply.workable.com/kahoot,13
workable,kangatech2,https://apply.workable.com/kangatech2,0
workable,k3btg,https://apply.workable.com/k3btg,0
workable,kapital,https://apply.workable.com/kapital,0
workable,kaporcenter,https://apply.workable.com/kaporcenter,0
workable,kahunaworkforce,https://apply.workable.com/kahunaworkforce,0
workable,kapow-primary,https://apply.workable.com/kapow-primary,0
workable,kapten,https://apply.workable.com/kapten,0
workable,kaptio,https://apply.workable.com/kaptio,0
workable,kara-inc,https://apply.workable.com/kara-inc,0
workable,karatza-partners,https://apply.workable.com/karatza-partners,5
workable,karro-mcgee-roi-ltd,https://karro-mcgee-roi-ltd.workable.com,0
workable,kaizenams,https://apply.workable.com/kaizenams,28
workable,karohealthcare,https://apply.workable.com/karohealthcare,32
workable,kartu-prakerja,https://apply.workable.com/kartu-prakerja,0
workable,karver-hospitality,https://apply.workable.com/karver-hospitality,0
workable,kasaliving,https://apply.workable.com/kasaliving,0
workable,karya-property-management,https://apply.workable.com/karya-property-management,13
workable,kaseware-inc,https://apply.workable.com/kaseware-inc,2
workable,katalyst-interactive-inc,https://apply.workable.com/katalyst-interactive-inc,0
workable,katalon,https://apply.workable.com/katalon,0
workable,kaizera,https://apply.workable.com/kaizera,0
workable,kava-labs-inc,https://apply.workable.com/kava-labs-inc,0
workable,kaufmanrossin,https://apply.workable.com/kaufmanrossin,44
workable,kanopi,https://apply.workable.com/kanopi,1
workable,kaynecapital,https://apply.workable.com/kaynecapital,9
workable,kca-neurology,https://apply.workable.com/kca-neurology,0
workable,kcgm,https://apply.workable.com/kcgm,0
workable,kda-consulting,https://apply.workable.com/kda-consulting,23
workable,keen360,https://apply.workable.com/keen360,4
workable,keenoa,https://apply.workable.com/keenoa,0
workable,keen,https://apply.workable.com/keen,10
workable,keepers-clean-az,https://apply.workable.com/keepers-clean-az,0
workable,keepersecurity,https://apply.workable.com/keepersecurity,0
workable,keepthinking,https://apply.workable.com/keepthinking,0
workable,kegshoe,https://apply.workable.com/kegshoe,0
workable,kellercareers,https://apply.workable.com/kellercareers,11
workable,kelly-klee-private-insurance,https://apply.workable.com/kelly-klee-private-insurance,0
workable,kemp-technologies,https://apply.workable.com/kemp-technologies,0
workable,kaizen-approach,https://apply.workable.com/kaizen-approach,0
workable,kene-partners,https://apply.workable.com/kene-partners,0
workable,keller-executive-search,https://apply.workable.com/keller-executive-search,220
workable,kenna-1,https://apply.workable.com/kenna-1,0
workable,kamino,https://apply.workable.com/kamino,0
workable,kennel-club-lax,https://apply.workable.com/kennel-club-lax,2
workable,kennyhabetzlaw,https://apply.workable.com/kennyhabetzlaw,1
workable,kentro,https://apply.workable.com/kentro,0
workable,keona-health,https://apply.workable.com/keona-health,0
workable,kepak,https://apply.workable.com/kepak,53
workable,keragon,https://apply.workable.com/keragon,0
workable,kepro,https://apply.workable.com/kepro,0
workable,kernel,https://apply.workable.com/kernel,0
workable,kestra,https://apply.workable.com/kestra,35
workable,kestra-medical-technologies-inc,https://apply.workable.com/kestra-medical-technologies-inc,0
workable,kestrafinancial,https://apply.workable.com/kestrafinancial,0
workable,ketokrate,https://apply.workable.com/ketokrate,0
workable,kettle-and-fire,https://apply.workable.com/kettle-and-fire,1
workable,key-assets-recruitment,https://apply.workable.com/key-assets-recruitment,0
workable,kettle-2,https://apply.workable.com/kettle-2,0
workable,ketox-consult,https://apply.workable.com/ketox-consult,0
workable,keyideas,https://apply.workable.com/keyideas,0
workable,key-mortgage,https://apply.workable.com/key-mortgage,5
workable,keylane,https://apply.workable.com/keylane,35
workable,keystar,https://apply.workable.com/keystar,0
workable,keystone-click,https://keystone-click.workable.com,0
workable,keyme,https://keyme.workable.com,0
workable,keystonecare,https://apply.workable.com/keystonecare,24
workable,keystonecgrp,https://apply.workable.com/keystonecgrp,0
workable,kgarnermfg,https://apply.workable.com/kgarnermfg,9
workable,kezar,https://apply.workable.com/kezar,0
workable,kha,https://apply.workable.com/kha,0
workable,keywords-intl1,https://apply.workable.com/keywords-intl1,391
workable,khibraty,https://apply.workable.com/khibraty,94
workable,khwarizmi-ventures,https://apply.workable.com/khwarizmi-ventures,0
workable,kianite,https://apply.workable.com/kianite,0
workable,kibo-ventures-3,https://apply.workable.com/kibo-ventures-3,0
workable,kickbox,https://apply.workable.com/kickbox,0
workable,kickfurther,https://apply.workable.com/kickfurther,0
workable,kiavets,https://apply.workable.com/kiavets,527
workable,kickpay,https://apply.workable.com/kickpay,0
workable,kickupcareers,https://apply.workable.com/kickupcareers,2
workable,kidadl,https://apply.workable.com/kidadl,0
workable,kidoschools,https://apply.workable.com/kidoschools,0
workable,kihomac,https://apply.workable.com/kihomac,33
workable,killing-kittens,https://apply.workable.com/killing-kittens,0
workable,kiko,https://apply.workable.com/kiko,0
workable,kin,https://apply.workable.com/kin,0
workable,kimberly-advisors,https://apply.workable.com/kimberly-advisors,0
workable,kin-4,https://apply.workable.com/kin-4,0
workable,kindspectrum,https://apply.workable.com/kindspectrum,0
workable,kindredcareers,https://apply.workable.com/kindredcareers,0
workable,kineticsbeauty,https://apply.workable.com/kineticsbeauty,11
workable,kingdom-homes,https://apply.workable.com/kingdom-homes,8
workable,kingsdale-advisors,https://apply.workable.com/kingsdale-advisors,3
workable,kingsisle-entertainment-inc,https://apply.workable.com/kingsisle-entertainment-inc,1
workable,kinly,https://apply.workable.com/kinly,0
workable,kingsleymanagement,https://apply.workable.com/kingsleymanagement,5
workable,kinta-ai,https://apply.workable.com/kinta-ai,0
workable,kitchen-magic,https://apply.workable.com/kitchen-magic,0
workable,kingkong,https://apply.workable.com/kingkong,14
workable,kite-magnetics,https://apply.workable.com/kite-magnetics,0
workable,kittch,https://apply.workable.com/kittch,0
workable,kiwee,https://apply.workable.com/kiwee,0
workable,klara-1,https://apply.workable.com/klara-1,0
workable,kla-group,https://apply.workable.com/kla-group,0
workable,klaveness-digital-1,https://apply.workable.com/klaveness-digital-1,0
workable,klearly,https://apply.workable.com/klearly,0
workable,kleermail,https://apply.workable.com/kleermail,0
workable,klosterman-baking-company,https://apply.workable.com/klosterman-baking-company,0
workable,kmcamera,https://apply.workable.com/kmcamera,0
workable,kms-technology-2,https://apply.workable.com/kms-technology-2,2
workable,kiutra,https://apply.workable.com/kiutra,0
workable,knok,https://apply.workable.com/knok,16
workable,klass-capital,https://apply.workable.com/klass-capital,0
workable,knowitnorge,https://apply.workable.com/knowitnorge,0
workable,klarian-limited,https://apply.workable.com/klarian-limited,0
workable,kiva-lighting,https://apply.workable.com/kiva-lighting,0
workable,knowledgefutures,https://apply.workable.com/knowledgefutures,0
workable,knowit-sverige,https://apply.workable.com/knowit-sverige,0
workable,klaxit,https://apply.workable.com/klaxit,0
workable,knowledge-transfer-network,https://apply.workable.com/knowledge-transfer-network,0
workable,kleen-test-products,https://apply.workable.com/kleen-test-products,16
workable,kobalt-music,https://apply.workable.com/kobalt-music,4
workable,knit-people,https://apply.workable.com/knit-people,0
workable,kobiton,https://apply.workable.com/kobiton,0
workable,koda-health,https://apply.workable.com/koda-health,0
workable,kode-health,https://apply.workable.com/kode-health,0
workable,klang-games,https://apply.workable.com/klang-games,0
workable,kodally,https://apply.workable.com/kodally,0
workable,kheironmed,https://apply.workable.com/kheironmed,0
workable,koffie-labs,https://apply.workable.com/koffie-labs,0
workable,kody,https://apply.workable.com/kody,45
workable,koho,https://apply.workable.com/koho,0
workable,kokku-games,https://apply.workable.com/kokku-games,0
workable,koinbx,https://apply.workable.com/koinbx,0
workable,kolau-carrers,https://apply.workable.com/kolau-carrers,0
workable,kolokium,https://apply.workable.com/kolokium,0
workable,komodo-co-dot-ltd,https://apply.workable.com/komodo-co-dot-ltd,14
workable,kompyte,https://apply.workable.com/kompyte,0
workable,komodohealth,https://apply.workable.com/komodohealth,0
workable,koala,https://apply.workable.com/koala,0
workable,komodowellbeing,https://apply.workable.com/komodowellbeing,0
workable,komodo-digital,https://apply.workable.com/komodo-digital,0
workable,komeerforschools,https://apply.workable.com/komeerforschools,0
workable,kloudius-service,https://apply.workable.com/kloudius-service,0
workable,know-your-team,https://apply.workable.com/know-your-team,0
workable,konfio,https://apply.workable.com/konfio,0
workable,konica-minolta-business-solutions-australia,https://apply.workable.com/konica-minolta-business-solutions-australia,7
workable,kooku,https://apply.workable.com/kooku,27
workable,korres-sa-natural-products,https://apply.workable.com/korres-sa-natural-products,7
workable,koru,https://apply.workable.com/koru,2
workable,korsail-energy-1,https://apply.workable.com/korsail-energy-1,0
workable,kooner-fleet-management-solutions,https://apply.workable.com/kooner-fleet-management-solutions,35
workable,klientboost,https://apply.workable.com/klientboost,0
workable,korukids,https://apply.workable.com/korukids,0
workable,kota,https://apply.workable.com/kota,0
workable,kosenlabs,https://apply.workable.com/kosenlabs,0
workable,kpmg-ukraine,https://apply.workable.com/kpmg-ukraine,37
workable,kristina-zack-and-associates-keller-williams-realty,https://apply.workable.com/kristina-zack-and-associates-keller-williams-realty,0
workable,kriya,https://apply.workable.com/kriya,0
workable,kriya-old,https://apply.workable.com/kriya-old,0
workable,kroo,https://apply.workable.com/kroo,22
workable,kroff,https://apply.workable.com/kroff,3
workable,krushlabs,https://apply.workable.com/krushlabs,15
workable,ksa-group,https://apply.workable.com/ksa-group,0
workable,ksm,https://apply.workable.com/ksm,0
workable,ksoc,https://apply.workable.com/ksoc,0
workable,ksp,https://ksp.workable.com,0
workable,ksm-hr,https://apply.workable.com/ksm-hr,99
workable,ksps,https://apply.workable.com/ksps,2
workable,kualico,https://apply.workable.com/kualico,0
workable,kuali,https://apply.workable.com/kuali,0
workable,kuba,https://apply.workable.com/kuba,0
workable,kube-pak,https://apply.workable.com/kube-pak,0
workable,kubicki-draper,https://apply.workable.com/kubicki-draper,34
workable,kubric,https://kubric.workable.com,0
workable,kubos,https://apply.workable.com/kubos,0
workable,kueckerpulseintegration,https://apply.workable.com/kueckerpulseintegration,24
workable,kule,https://apply.workable.com/kule,0
workable,kurtgeiger,https://apply.workable.com/kurtgeiger,120
workable,kuula,https://apply.workable.com/kuula,0
workable,kraftkennedy,https://apply.workable.com/kraftkennedy,13
workable,knorex,https://apply.workable.com/knorex,6
workable,kybotech,https://apply.workable.com/kybotech,0
workable,kyn,https://apply.workable.com/kyn,13
workable,kynetix,https://apply.workable.com/kynetix,0
workable,kynze,https://apply.workable.com/kynze,0
workable,kzsoftworks,https://apply.workable.com/kzsoftworks,0
workable,la-javaness,https://la-javaness.workable.com,6
workable,lab10collective,https://apply.workable.com/lab10collective,0
workable,lab3,https://apply.workable.com/lab3,0
workable,labelink,https://apply.workable.com/labelink,0
workable,labgenius,https://apply.workable.com/labgenius,0
workable,labguru,https://apply.workable.com/labguru,0
workable,laborworx,https://apply.workable.com/laborworx,1
workable,labtwin,https://apply.workable.com/labtwin,0
workable,laffare,https://apply.workable.com/laffare,0
workable,lakiotis-s-dot-a,https://apply.workable.com/lakiotis-s-dot-a,21
workable,laars-heating-systems-company,https://laars-heating-systems-company.workable.com,0
workable,labella-associates,https://apply.workable.com/labella-associates,339
workable,labcodes,https://apply.workable.com/labcodes,0
workable,lakshyadigitalglobal,https://apply.workable.com/lakshyadigitalglobal,63
workable,lane4tech,https://apply.workable.com/lane4tech,0
workable,lakeside-software,https://apply.workable.com/lakeside-software,6
workable,lambda-automata,https://apply.workable.com/lambda-automata,0
workable,lansing-proprietary,https://apply.workable.com/lansing-proprietary,0
workable,landytech,https://apply.workable.com/landytech,5
workable,lantum,https://apply.workable.com/lantum,2
workable,lantostechnologies,https://apply.workable.com/lantostechnologies,0
workable,lapse,https://apply.workable.com/lapse,0
workable,lantern-ventures-ltd-1,https://apply.workable.com/lantern-ventures-ltd-1,0
workable,lago-1,https://apply.workable.com/lago-1,357
workable,lapoflovejobs,https://apply.workable.com/lapoflovejobs,941
workable,large-scale,https://apply.workable.com/large-scale,0
workable,lasani-logistics,https://apply.workable.com/lasani-logistics,0
workable,lastcallmedia,https://apply.workable.com/lastcallmedia,0
workable,lambda-labs,https://lambda-labs.workable.com,0
workable,landcare-1,https://apply.workable.com/landcare-1,52
workable,landbay,https://apply.workable.com/landbay,0
workable,latinosforeducation,https://apply.workable.com/latinosforeducation,0
workable,lafrance-hospitality,https://apply.workable.com/lafrance-hospitality,39
workable,later-5,https://apply.workable.com/later-5,0
workable,laterpay,https://apply.workable.com/laterpay,0
workable,laivly,https://apply.workable.com/laivly,0
workable,lattice-1,https://apply.workable.com/lattice-1,0
workable,launch-math-and-science-centers,https://apply.workable.com/launch-math-and-science-centers,3
workable,latticeflow,https://apply.workable.com/latticeflow,3
workable,launch-academy-boston,https://apply.workable.com/launch-academy-boston,0
workable,launchfinance,https://apply.workable.com/launchfinance,1
workable,laita,https://apply.workable.com/laita,0
workable,launchnotes,https://apply.workable.com/launchnotes,0
workable,launchpointdev,https://apply.workable.com/launchpointdev,0
workable,launchpadlab,https://apply.workable.com/launchpadlab,1
workable,laurel-steel,https://apply.workable.com/laurel-steel,0
workable,laundryheap-2,https://apply.workable.com/laundryheap-2,48
workable,laka,https://apply.workable.com/laka,13
workable,laundry-locker-inc,https://apply.workable.com/laundry-locker-inc,0
workable,laundryrepublic,https://apply.workable.com/laundryrepublic,0
workable,lautec-group,https://apply.workable.com/lautec-group,0
workable,lauth-investigations-international-inc-1,https://apply.workable.com/lauth-investigations-international-inc-1,31
workable,lahaus,https://apply.workable.com/lahaus,0
workable,lavanda,https://apply.workable.com/lavanda,0
workable,lawbite,https://apply.workable.com/lawbite,0
workable,lawazem,https://apply.workable.com/lawazem,4
workable,lawbot-dot-ai,https://lawbot-dot-ai.workable.com,0
workable,lawgical,https://apply.workable.com/lawgical,0
workable,lawhive,https://apply.workable.com/lawhive,0
workable,lawn-love,https://apply.workable.com/lawn-love,0
workable,lawofficesofsabrinali,https://apply.workable.com/lawofficesofsabrinali,19
workable,lawsons-finest-liquids,https://apply.workable.com/lawsons-finest-liquids,0
workable,lafosse,https://apply.workable.com/lafosse,17
workable,lawnstarter,https://apply.workable.com/lawnstarter,44
workable,layer-labs-cayman-ltd,https://apply.workable.com/layer-labs-cayman-ltd,0
workable,lawyer,https://apply.workable.com/lawyer,2
workable,lawtests,https://apply.workable.com/lawtests,0
workable,layer27,https://apply.workable.com/layer27,0
workable,lafosse-academy,https://apply.workable.com/lafosse-academy,0
workable,layar,https://apply.workable.com/layar,0
workable,lazer-technologies,https://apply.workable.com/lazer-technologies,0
workable,lazarus-naturals,https://apply.workable.com/lazarus-naturals,0
workable,lcx,https://apply.workable.com/lcx,0
workable,ldngrp,https://ldngrp.workable.com,0
workable,lda,https://apply.workable.com/lda,0
workable,le-sergent-recruteur,https://apply.workable.com/le-sergent-recruteur,0
workable,ldms,https://apply.workable.com/ldms,3
workable,ldx-digital-2,https://apply.workable.com/ldx-digital-2,0
workable,le-vasa-resort,https://le-vasa-resort.workable.com,0
workable,le-village-cowork,https://apply.workable.com/le-village-cowork,0
workable,lead-for-america,https://apply.workable.com/lead-for-america,50
workable,leadaki,https://leadaki.workable.com,0
workable,leaders-in-sport,https://apply.workable.com/leaders-in-sport,0
workable,leadfeeder,https://apply.workable.com/leadfeeder,8
workable,leadership-roundtable,https://apply.workable.com/leadership-roundtable,0
workable,leadgiant,https://leadgiant.workable.com,0
workable,leadhome,https://apply.workable.com/leadhome,0
workable,leading-path-consulting,https://apply.workable.com/leading-path-consulting,28
workable,leadtech,https://apply.workable.com/leadtech,19
workable,leadowlhq,https://apply.workable.com/leadowlhq,0
workable,leakstep,https://apply.workable.com/leakstep,0
workable,lemonpie,https://apply.workable.com/lemonpie,0
workable,lendingblock,https://apply.workable.com/lendingblock,0
workable,lendingone,https://apply.workable.com/lendingone,11
workable,leightons-opticians-and-hearing-care,https://apply.workable.com/leightons-opticians-and-hearing-care,0
workable,lendinvest,https://apply.workable.com/lendinvest,0
workable,lendscape,https://apply.workable.com/lendscape,3
workable,lekos-group,https://apply.workable.com/lekos-group,11
workable,lensesio,https://apply.workable.com/lensesio,0
workable,leon-county-rand-d-authorityslash-innovation-park,https://apply.workable.com/leon-county-rand-d-authorityslash-innovation-park,0
workable,lelivrescolaire,https://apply.workable.com/lelivrescolaire,3
workable,lemon-perfect,https://apply.workable.com/lemon-perfect,0
workable,lemnatureusa,https://apply.workable.com/lemnatureusa,0
workable,lemon-dot-i-o,https://apply.workable.com/lemon-dot-i-o,0
workable,leonardo,https://apply.workable.com/leonardo,0
workable,les,https://apply.workable.com/les,0
workable,legalmatch,https://apply.workable.com/legalmatch,0
workable,lethbridge-public-school-district,https://apply.workable.com/lethbridge-public-school-district,5
workable,letsremotivate,https://apply.workable.com/letsremotivate,0
workable,legalnature,https://apply.workable.com/legalnature,0
workable,letterstream,https://apply.workable.com/letterstream,0
workable,legaltemplates-llc,https://apply.workable.com/legaltemplates-llc,0
workable,level,https://apply.workable.com/level,0
workable,level-data,https://apply.workable.com/level-data,0
workable,levelagency,https://apply.workable.com/levelagency,12
workable,levels,https://apply.workable.com/levels,0
workable,levee,https://apply.workable.com/levee,0
workable,lexusdomino-deposit-pulsa,https://apply.workable.com/lexusdomino-deposit-pulsa,0
workable,lexoo,https://apply.workable.com/lexoo,0
workable,lg-chem-michigan-inc,https://lg-chem-michigan-inc.workable.com,0
workable,leyden,https://apply.workable.com/leyden,0
workable,lgnd-ai-inc,https://apply.workable.com/lgnd-ai-inc,0
workable,lgra,https://apply.workable.com/lgra,0
workable,libeo-app,https://apply.workable.com/libeo-app,0
workable,liberated-networks-inc,https://liberated-networks-inc.workable.com,0
workable,libertrip,https://libertrip.workable.com,0
workable,liberty-advisor-group,https://apply.workable.com/liberty-advisor-group,0
workable,liberty-bay-credit-union-1,https://apply.workable.com/liberty-bay-credit-union-1,2
workable,liberty-music-pr,https://apply.workable.com/liberty-music-pr,30
workable,liberty-mutual-canada,https://apply.workable.com/liberty-mutual-canada,14
workable,libra-solutions,https://apply.workable.com/libra-solutions,68
workable,library-of-things,https://apply.workable.com/library-of-things,0
workable,lick-home-ltd,https://apply.workable.com/lick-home-ltd,0
workable,life-academy,https://apply.workable.com/life-academy,19
workable,life-balance-massage,https://life-balance-massage.workable.com,0
workable,life-is-good,https://apply.workable.com/life-is-good,6
workable,lifebytesystems,https://apply.workable.com/lifebytesystems,2
workable,lifefuels,https://apply.workable.com/lifefuels,0
workable,lgrmg,https://lgrmg.workable.com,0
workable,lifeisbeautiful,https://apply.workable.com/lifeisbeautiful,0
workable,lifestreet-corporation,https://lifestreet-corporation.workable.com,0
workable,lifestyle-solar-roofingand-ac,https://apply.workable.com/lifestyle-solar-roofingand-ac,0
workable,lifeway-network,https://apply.workable.com/lifeway-network,0
workable,lifex,https://apply.workable.com/lifex,0
workable,liftango1,https://apply.workable.com/liftango1,0
workable,light-wave-dental,https://apply.workable.com/light-wave-dental,0
workable,lightdeck-diagnostics,https://apply.workable.com/lightdeck-diagnostics,0
workable,lighthousegames,https://apply.workable.com/lighthousegames,23
workable,lightmatter,https://apply.workable.com/lightmatter,0
workable,limewire,https://apply.workable.com/limewire,0
workable,likewise,https://apply.workable.com/likewise,0
workable,ligolab,https://apply.workable.com/ligolab,0
workable,liiva,https://apply.workable.com/liiva,0
workable,limbic,https://apply.workable.com/limbic,0
workable,lilli,https://apply.workable.com/lilli,2
workable,liminalcustody,https://apply.workable.com/liminalcustody,0
workable,limitless-care-3,https://apply.workable.com/limitless-care-3,11
workable,limitless-labs-network,https://apply.workable.com/limitless-labs-network,0
workable,lighthouse-reports-2,https://apply.workable.com/lighthouse-reports-2,0
workable,limble,https://apply.workable.com/limble,0
workable,limitless-talent-solutions,https://apply.workable.com/limitless-talent-solutions,0
workable,lightbids,https://apply.workable.com/lightbids,0
workable,lifetime-destinations,https://apply.workable.com/lifetime-destinations,0
workable,light-field-lab,https://apply.workable.com/light-field-lab,0
workable,limitless-technology,https://apply.workable.com/limitless-technology,0
workable,linah-group,https://apply.workable.com/linah-group,32
workable,limula,https://apply.workable.com/limula,0
workable,linda-barineau-hr-solutions-llc,https://apply.workable.com/linda-barineau-hr-solutions-llc,0
workable,lingo-culture,https://apply.workable.com/lingo-culture,6
workable,linear-financial-technologies-llc,https://apply.workable.com/linear-financial-technologies-llc,0
workable,linearity,https://apply.workable.com/linearity,0
workable,lingo-education,https://lingo-education.workable.com,0
workable,lightelligence,https://apply.workable.com/lightelligence,0
workable,linka,https://apply.workable.com/linka,0
workable,linkapi,https://linkapi.workable.com,0
workable,linkgraph,https://apply.workable.com/linkgraph,0
workable,linkifi,https://apply.workable.com/linkifi,0
workable,linksquares,https://apply.workable.com/linksquares,0
workable,lighthouse8,https://lighthouse8.workable.com,0
workable,linkpool,https://apply.workable.com/linkpool,0
workable,linkwise,https://apply.workable.com/linkwise,0
workable,linuxacademy,https://apply.workable.com/linuxacademy,0
workable,linx-digital,https://apply.workable.com/linx-digital,0
workable,linq,https://apply.workable.com/linq,0
workable,lion-real-estate-group-llc,https://apply.workable.com/lion-real-estate-group-llc,0
workable,lionsher,https://apply.workable.com/lionsher,0
workable,liquid-development,https://apply.workable.com/liquid-development,7
workable,limepack,https://apply.workable.com/limepack,1
workable,liftforward,https://apply.workable.com/liftforward,0
workable,lipman-pty-ltd,https://apply.workable.com/lipman-pty-ltd,6
workable,limesurvey,https://apply.workable.com/limesurvey,0
workable,liquidadvertising,https://apply.workable.com/liquidadvertising,0
workable,liquid-media,https://apply.workable.com/liquid-media,0
workable,liquidsky,https://apply.workable.com/liquidsky,0
workable,lightring-technology,https://apply.workable.com/lightring-technology,0
workable,lightstate,https://apply.workable.com/lightstate,0
workable,liqwid-labs,https://apply.workable.com/liqwid-labs,0
workable,lisacuk,https://apply.workable.com/lisacuk,0
workable,lis-1,https://apply.workable.com/lis-1,0
workable,listening-bureau,https://apply.workable.com/listening-bureau,0
workable,lisiservices,https://apply.workable.com/lisiservices,0
workable,listella,https://apply.workable.com/listella,0
workable,listings-project,https://apply.workable.com/listings-project,0
workable,listventures,https://listventures.workable.com,0
workable,lightform,https://apply.workable.com/lightform,0
workable,little-bear-labs,https://apply.workable.com/little-bear-labs,0
workable,little-sleepies,https://apply.workable.com/little-sleepies,0
workable,little-journey,https://apply.workable.com/little-journey,1
workable,littledata,https://apply.workable.com/littledata,0
workable,live-free-usa,https://apply.workable.com/live-free-usa,0
workable,livelink,https://apply.workable.com/livelink,0
workable,livelyroot,https://apply.workable.com/livelyroot,0
workable,lifebit-biotech-ltd,https://apply.workable.com/lifebit-biotech-ltd,0
workable,liverpool-dreams,https://apply.workable.com/liverpool-dreams,0
workable,livestock-information,https://apply.workable.com/livestock-information,2
workable,livetechgames,https://apply.workable.com/livetechgames,0
workable,livingdocs,https://apply.workable.com/livingdocs,0
workable,living-in-a-bubble,https://apply.workable.com/living-in-a-bubble,17
workable,livunltd,https://apply.workable.com/livunltd,0
workable,lloydsdirect-health,https://apply.workable.com/lloydsdirect-health,0
workable,lmna,https://apply.workable.com/lmna,0
workable,lmax,https://apply.workable.com/lmax,7
workable,logojoy,https://apply.workable.com/logojoy,0
workable,lola-mullenlowe,https://apply.workable.com/lola-mullenlowe,0
workable,lokal-app,https://apply.workable.com/lokal-app,47
workable,lojaintegrada,https://apply.workable.com/lojaintegrada,0
workable,lokk-landsorganisation-af-kvindekrisecentre,https://apply.workable.com/lokk-landsorganisation-af-kvindekrisecentre,0
workable,logisense,https://apply.workable.com/logisense,0
workable,lodgify,https://apply.workable.com/lodgify,0
workable,london-and-stetelman,https://london-and-stetelman.workable.com,0
workable,londonhouseexchange,https://apply.workable.com/londonhouseexchange,0
workable,london-film-academy,https://apply.workable.com/london-film-academy,0
workable,lone-star-legal-aid,https://apply.workable.com/lone-star-legal-aid,7
workable,logisticare,https://logisticare.workable.com,0
workable,lockthreat,https://apply.workable.com/lockthreat,21
workable,loginradius,https://apply.workable.com/loginradius,0
workable,loftbr,https://apply.workable.com/loftbr,0
workable,lonerockpoint,https://apply.workable.com/lonerockpoint,0
workable,lof-xpress,https://apply.workable.com/lof-xpress,0
workable,longdue-games,https://apply.workable.com/longdue-games,3
workable,longevity-medical-clinic,https://apply.workable.com/longevity-medical-clinic,0
workable,longislandspeech,https://apply.workable.com/longislandspeech,34
workable,longaccess,https://apply.workable.com/longaccess,0
workable,longshot-systems-ltd,https://apply.workable.com/longshot-systems-ltd,6
workable,longtail-ux,https://apply.workable.com/longtail-ux,0
workable,looking-glass-factory,https://apply.workable.com/looking-glass-factory,0
workable,lookout-tavern,https://apply.workable.com/lookout-tavern,9
workable,loggi,https://apply.workable.com/loggi,24
workable,loomis-uk,https://apply.workable.com/loomis-uk,0
workable,looper-insights,https://apply.workable.com/looper-insights,0
workable,loop-15,https://apply.workable.com/loop-15,0
workable,loopearplugs,https://apply.workable.com/loopearplugs,0
workable,loopinternet,https://apply.workable.com/loopinternet,0
workable,looplearn,https://apply.workable.com/looplearn,0
workable,loopme,https://apply.workable.com/loopme,44
workable,loot,https://apply.workable.com/loot,0
workable,lopsolutions,https://apply.workable.com/lopsolutions,0
workable,lopterra-services,https://apply.workable.com/lopterra-services,0
workable,lorals,https://lorals.workable.com,0
workable,lost-lake-games,https://apply.workable.com/lost-lake-games,0
workable,los-alamos-retirement-community,https://apply.workable.com/los-alamos-retirement-community,0
workable,lotte-travel-retail-singapore,https://apply.workable.com/lotte-travel-retail-singapore,16
workable,louvellahr,https://louvellahr.workable.com,0
workable,love-mondays,https://apply.workable.com/love-mondays,0
workable,logistics-uk,https://apply.workable.com/logistics-uk,0
workable,love-to-ride,https://apply.workable.com/love-to-ride,0
workable,love-strategies-inc,https://apply.workable.com/love-strategies-inc,2
workable,lowell-farms,https://apply.workable.com/lowell-farms,0
workable,logodotcom,https://apply.workable.com/logodotcom,0
workable,lovells-peterborough-ltd,https://apply.workable.com/lovells-peterborough-ltd,0
workable,logikos,https://logikos.workable.com,0
workable,logi-analytics,https://apply.workable.com/logi-analytics,0
workable,lovingly,https://apply.workable.com/lovingly,7
workable,lowrisc,https://apply.workable.com/lowrisc,0
workable,logicgate,https://apply.workable.com/logicgate,0
workable,loyaltylion-1,https://apply.workable.com/loyaltylion-1,0
workable,lrdtech,https://apply.workable.com/lrdtech,2
workable,lpp-greece,https://apply.workable.com/lpp-greece,52
workable,lrn-corporation,https://apply.workable.com/lrn-corporation,28
workable,lsh-auto-1,https://apply.workable.com/lsh-auto-1,40
workable,lsg,https://apply.workable.com/lsg,0
workable,lubetzky-family-foundation-2,https://apply.workable.com/lubetzky-family-foundation-2,0
workable,luca-2,https://apply.workable.com/luca-2,0
workable,lucky-bamboo-tattoo,https://apply.workable.com/lucky-bamboo-tattoo,0
workable,lucidya,https://apply.workable.com/lucidya,57
workable,lula,https://apply.workable.com/lula,0
workable,luke-recruitment,https://apply.workable.com/luke-recruitment,49
workable,lumanity,https://apply.workable.com/lumanity,0
workable,lumata-health,https://apply.workable.com/lumata-health,0
workable,lumen-it-inc,https://apply.workable.com/lumen-it-inc,0
workable,lumen5,https://apply.workable.com/lumen5,0
workable,lubetzky-family-foundation-1,https://apply.workable.com/lubetzky-family-foundation-1,0
workable,lumeon,https://apply.workable.com/lumeon,0
workable,lumi-labs,https://apply.workable.com/lumi-labs,0
workable,luminance-1,https://apply.workable.com/luminance-1,46
workable,luminary-group,https://apply.workable.com/luminary-group,0
workable,lumiqualis,https://apply.workable.com/lumiqualis,0
workable,lunatech,https://apply.workable.com/lunatech,0
workable,lutra-ai,https://apply.workable.com/lutra-ai,0
workable,luv-lab,https://apply.workable.com/luv-lab,0
workable,luxe-dot-co,https://apply.workable.com/luxe-dot-co,0
workable,lvle-up-esports,https://apply.workable.com/lvle-up-esports,0
workable,lygos,https://apply.workable.com/lygos,0
workable,lynch-leahy-landscaping,https://apply.workable.com/lynch-leahy-landscaping,0
workable,lynx-therapeutics,https://apply.workable.com/lynx-therapeutics,0
workable,lyssn,https://apply.workable.com/lyssn,0
workable,lyvly,https://apply.workable.com/lyvly,0
workable,m-s-digital,https://apply.workable.com/m-s-digital,0
workable,macdonald-miller,https://apply.workable.com/macdonald-miller,32
workable,made-tech,https://apply.workable.com/made-tech,0
workable,madebyxds,https://apply.workable.com/madebyxds,1
workable,mabletherapy,https://apply.workable.com/mabletherapy,0
workable,madeintandem,https://apply.workable.com/madeintandem,0
workable,machercareers,https://apply.workable.com/machercareers,1
workable,madel-food-ltd,https://apply.workable.com/madel-food-ltd,25
workable,mademedia,https://apply.workable.com/mademedia,0
workable,macfort-incorporation-1,https://apply.workable.com/macfort-incorporation-1,0
workable,madf,https://apply.workable.com/madf,15
workable,madgex-ltd,https://apply.workable.com/madgex-ltd,0
workable,macewen-petroleum-inc,https://apply.workable.com/macewen-petroleum-inc,0
workable,m-files,https://apply.workable.com/m-files,16
workable,madina-group,https://apply.workable.com/madina-group,0
workable,macphie-ltd,https://apply.workable.com/macphie-ltd,3
workable,macropace-technologies,https://apply.workable.com/macropace-technologies,0
workable,mactaggart-scott,https://apply.workable.com/mactaggart-scott,16
workable,madwire-1,https://apply.workable.com/madwire-1,2
workable,madlab,https://apply.workable.com/madlab,0
workable,madtv,https://apply.workable.com/madtv,0
workable,mag-international,https://apply.workable.com/mag-international,8
workable,m-square-recruiting,https://apply.workable.com/m-square-recruiting,0
workable,magic-careers,https://apply.workable.com/magic-careers,4
workable,lyst,https://apply.workable.com/lyst,7
workable,magency-digital,https://apply.workable.com/magency-digital,0
workable,magic-carpet-ai,https://apply.workable.com/magic-carpet-ai,0
workable,magic42,https://apply.workable.com/magic42,0
workable,magic-media,https://apply.workable.com/magic-media,14
workable,magicpace,https://apply.workable.com/magicpace,0
workable,madisons-fitness-1,https://apply.workable.com/madisons-fitness-1,6
workable,magicplan,https://apply.workable.com/magicplan,0
workable,mactay,https://apply.workable.com/mactay,0
workable,magnetis,https://apply.workable.com/magnetis,0
workable,magicrecruitment,https://apply.workable.com/magicrecruitment,0
workable,magnificent-noise,https://apply.workable.com/magnificent-noise,0
workable,mach,https://mach.workable.com,0
workable,magnolia-plantationand-gardens,https://apply.workable.com/magnolia-plantationand-gardens,0
workable,magno-it-recruitment,https://apply.workable.com/magno-it-recruitment,0
workable,magnolia-law-apc,https://apply.workable.com/magnolia-law-apc,0
workable,magpieliteracy,https://apply.workable.com/magpieliteracy,1
workable,maha-software-solutions,https://apply.workable.com/maha-software-solutions,0
workable,maguru,https://apply.workable.com/maguru,0
workable,maharahjobs,https://apply.workable.com/maharahjobs,9
workable,mailjet,https://apply.workable.com/mailjet,0
workable,made-dot-c-om,https://apply.workable.com/made-dot-c-om,0
workable,maidoteam,https://maidoteam.workable.com,0
workable,mailgun,https://apply.workable.com/mailgun,0
workable,main-street-america,https://apply.workable.com/main-street-america,0
workable,mad-capital,https://apply.workable.com/mad-capital,0
workable,m76,https://m76.workable.com,0
workable,mainstreamtech,https://apply.workable.com/mainstreamtech,0
workable,mainfactor,https://apply.workable.com/mainfactor,0
workable,made-media,https://apply.workable.com/made-media,0
workable,m3-eu-ltd,https://apply.workable.com/m3-eu-ltd,0
workable,maisie-hill-ltd,https://apply.workable.com/maisie-hill-ltd,0
workable,maison-dandoy-1,https://apply.workable.com/maison-dandoy-1,0
workable,maison-sport,https://apply.workable.com/maison-sport,0
workable,m3,https://apply.workable.com/m3,0
workable,majestyk,https://apply.workable.com/majestyk,0
workable,majority-action,https://apply.workable.com/majority-action,0
workable,major-impact-media,https://apply.workable.com/major-impact-media,0
workable,make-a-wish-illinois,https://apply.workable.com/make-a-wish-illinois,0
workable,makeitmine,https://apply.workable.com/makeitmine,0
workable,makelab,https://apply.workable.com/makelab,0
workable,makemereach,https://apply.workable.com/makemereach,0
workable,makemyblinds,https://apply.workable.com/makemyblinds,0
workable,makerble,https://apply.workable.com/makerble,0
workable,makersrow,https://apply.workable.com/makersrow,0
workable,maker-lab,https://apply.workable.com/maker-lab,41
workable,malaghan-institute-of-medical-research,https://apply.workable.com/malaghan-institute-of-medical-research,0
workable,malama-health,https://apply.workable.com/malama-health,19
workable,mallzee,https://apply.workable.com/mallzee,0
workable,maltairport,https://apply.workable.com/maltairport,21
workable,maly-marketing,https://apply.workable.com/maly-marketing,0
workable,mamble,https://apply.workable.com/mamble,0
workable,mamo-pay,https://apply.workable.com/mamo-pay,0
workable,man-bites-dog,https://apply.workable.com/man-bites-dog,0
workable,manada-technologies,https://apply.workable.com/manada-technologies,0
workable,managed-services,https://apply.workable.com/managed-services,4
workable,managedcommerce,https://apply.workable.com/managedcommerce,0
workable,management-consulting,https://apply.workable.com/management-consulting,0
workable,manbiz,https://apply.workable.com/manbiz,0
workable,mandarich-law,https://apply.workable.com/mandarich-law,41
workable,mando-agency,https://mando-agency.workable.com,0
workable,manac,https://apply.workable.com/manac,6
workable,maneuver-marketing,https://apply.workable.com/maneuver-marketing,0
workable,manifest-us,https://apply.workable.com/manifest-us,0
workable,mangomint,https://apply.workable.com/mangomint,0
workable,mannahouse-church,https://apply.workable.com/mannahouse-church,1
workable,mapscorps,https://apply.workable.com/mapscorps,0
workable,marcura,https://apply.workable.com/marcura,17
workable,marketcolor,https://apply.workable.com/marketcolor,0
workable,mariasgourmetkitchen,https://apply.workable.com/mariasgourmetkitchen,0
workable,marguerite-casey-foundation,https://apply.workable.com/marguerite-casey-foundation,0
workable,marketing-media-valley-ltd,https://apply.workable.com/marketing-media-valley-ltd,0
workable,marketgoo,https://apply.workable.com/marketgoo,0
workable,maridive-group,https://apply.workable.com/maridive-group,0
workable,marketgroup,https://apply.workable.com/marketgroup,0
workable,marabu,https://apply.workable.com/marabu,7
workable,mari-events,https://apply.workable.com/mari-events,0
workable,marksand-clerk,https://apply.workable.com/marksand-clerk,0
workable,marleyspoon,https://apply.workable.com/marleyspoon,0
workable,marlyn-group-llc,https://apply.workable.com/marlyn-group-llc,0
workable,marlowe-smoke-control,https://apply.workable.com/marlowe-smoke-control,0
workable,marmalade,https://apply.workable.com/marmalade,0
workable,marolina,https://apply.workable.com/marolina,17
workable,marathon-talent,https://apply.workable.com/marathon-talent,51
workable,marinetraffic,https://apply.workable.com/marinetraffic,0
workable,marshalls,https://apply.workable.com/marshalls,23
workable,maqsam,https://apply.workable.com/maqsam,4
workable,marshmallow,https://apply.workable.com/marshmallow,0
workable,marten-law-llp,https://apply.workable.com/marten-law-llp,0
workable,martide,https://apply.workable.com/martide,0
workable,martin-automotive-group,https://apply.workable.com/martin-automotive-group,35
workable,martin-harley-davidson,https://apply.workable.com/martin-harley-davidson,6
workable,martinsen-mayer-1,https://apply.workable.com/martinsen-mayer-1,0
workable,maritimeuk,https://apply.workable.com/maritimeuk,0
workable,martin-management-group,https://apply.workable.com/martin-management-group,1
workable,marvel,https://apply.workable.com/marvel,0
workable,marbella-collection,https://apply.workable.com/marbella-collection,21
workable,marlowe-kitchen-fire-suppression-1,https://apply.workable.com/marlowe-kitchen-fire-suppression-1,0
workable,marvista-entertainment,https://apply.workable.com/marvista-entertainment,0
workable,marker-io,https://apply.workable.com/marker-io,0
workable,mark-iii-construction,https://apply.workable.com/mark-iii-construction,20
workable,maryland-rural-development-corporation,https://apply.workable.com/maryland-rural-development-corporation,6
workable,marathon-vc,https://apply.workable.com/marathon-vc,0
workable,marys-meals,https://apply.workable.com/marys-meals,1
workable,maseventdesign,https://apply.workable.com/maseventdesign,0
workable,mashape,https://apply.workable.com/mashape,0
workable,mash-staffing,https://apply.workable.com/mash-staffing,0
workable,masonic-homes-of-ca,https://apply.workable.com/masonic-homes-of-ca,0
workable,massachusetts-life-sciences-center,https://apply.workable.com/massachusetts-life-sciences-center,0
workable,mangabey,https://apply.workable.com/mangabey,0
workable,march-networks,https://apply.workable.com/march-networks,11
workable,marchay-1,https://apply.workable.com/marchay-1,10
workable,mastercard,https://apply.workable.com/mastercard,0
workable,masterofmalt,https://apply.workable.com/masterofmalt,8
workable,masterpiece-capital-limited,https://apply.workable.com/masterpiece-capital-limited,0
workable,masterworks,https://apply.workable.com/masterworks,0
workable,masterworksco,https://apply.workable.com/masterworksco,29
workable,mat3ra,https://apply.workable.com/mat3ra,11
workable,match-talent,https://apply.workable.com/match-talent,0
workable,matchesfashion,https://apply.workable.com/matchesfashion,0
workable,matchless-solutions,https://apply.workable.com/matchless-solutions,0
workable,matchr,https://apply.workable.com/matchr,0
workable,matchstick,https://apply.workable.com/matchstick,0
workable,matchwornshirt,https://apply.workable.com/matchwornshirt,0
workable,material-evolution,https://apply.workable.com/material-evolution,0
workable,mathspace,https://apply.workable.com/mathspace,22
workable,matific,https://apply.workable.com/matific,5
workable,matrix-systems-pvt-dot-ltd,https://matrix-systems-pvt-dot-ltd.workable.com,0
workable,matteladventurepark,https://apply.workable.com/matteladventurepark,0
workable,matternet,https://apply.workable.com/matternet,4
workable,maven-pet,https://apply.workable.com/maven-pet,0
workable,maventri,https://apply.workable.com/maventri,0
workable,maviance,https://apply.workable.com/maviance,1
workable,mawa,https://apply.workable.com/mawa,1
workable,max-accelerate,https://apply.workable.com/max-accelerate,166
workable,maxrte,https://apply.workable.com/maxrte,3
workable,maybank-6,https://apply.workable.com/maybank-6,0
workable,mayor,https://apply.workable.com/mayor,0
workable,maystreet,https://apply.workable.com/maystreet,0
workable,meadows-resources,https://apply.workable.com/meadows-resources,0
workable,meal-mentor,https://apply.workable.com/meal-mentor,0
workable,mealime,https://apply.workable.com/mealime,0
workable,me-learning-ltd,https://apply.workable.com/me-learning-ltd,0
workable,mbi-3,https://apply.workable.com/mbi-3,0
workable,mealsuite,https://apply.workable.com/mealsuite,35
workable,meanpug,https://apply.workable.com/meanpug,8
workable,mbanq,https://apply.workable.com/mbanq,0
workable,measured,https://apply.workable.com/measured,3
workable,medall-jobs,https://apply.workable.com/medall-jobs,0
workable,meati-foods,https://apply.workable.com/meati-foods,0
workable,medalogix,https://apply.workable.com/medalogix,0
workable,medblocks,https://apply.workable.com/medblocks,0
workable,medall,https://apply.workable.com/medall,0
workable,mcom-media-communications,https://apply.workable.com/mcom-media-communications,1
workable,medcura,https://apply.workable.com/medcura,0
workable,medecins-du-monde,https://apply.workable.com/medecins-du-monde,33
workable,medhaul,https://apply.workable.com/medhaul,0
workable,mediabilitygroup,https://mediabilitygroup.workable.com,0
workable,mediaandgamesinvest,https://apply.workable.com/mediaandgamesinvest,9
workable,media-dot-n-et-software-services-india-pvt-ltd,https://apply.workable.com/media-dot-n-et-software-services-india-pvt-ltd,0
workable,mediabuyer-com,https://apply.workable.com/mediabuyer-com,0
workable,mediacorp,https://apply.workable.com/mediacorp,0
workable,medialakeai,https://apply.workable.com/medialakeai,2
workable,mediacube,https://apply.workable.com/mediacube,3
workable,mediamonks,https://apply.workable.com/mediamonks,0
workable,mccann-central,https://apply.workable.com/mccann-central,0
workable,mediapark,https://apply.workable.com/mediapark,0
workable,mcwhinney-1,https://mcwhinney-1.workable.com,0
workable,mdts,https://apply.workable.com/mdts,0
workable,mediaradar,https://apply.workable.com/mediaradar,13
workable,mediaphorm,https://apply.workable.com/mediaphorm,0
workable,mediatonic,https://apply.workable.com/mediatonic,0
workable,mediavine,https://apply.workable.com/mediavine,2
workable,medical-2,https://apply.workable.com/medical-2,6
workable,medicaldirector,https://apply.workable.com/medicaldirector,0
workable,mccolm-and-company,https://apply.workable.com/mccolm-and-company,11
workable,medical-guardian,https://apply.workable.com/medical-guardian,10
workable,medical-associates-plus,https://apply.workable.com/medical-associates-plus,0
workable,mcpsa,https://apply.workable.com/mcpsa,0
workable,mcswusa,https://apply.workable.com/mcswusa,0
workable,mediscribes,https://apply.workable.com/mediscribes,0
workable,medishout,https://apply.workable.com/medishout,0
workable,medowie-christian-school,https://apply.workable.com/medowie-christian-school,4
workable,medopad,https://medopad.workable.com,0
workable,medsalesforce,https://apply.workable.com/medsalesforce,0
workable,medstar,https://medstar.workable.com,0
workable,medva,https://apply.workable.com/medva,0
workable,meetingpackage,https://apply.workable.com/meetingpackage,0
workable,mclane-technology-partners-1,https://apply.workable.com/mclane-technology-partners-1,0
workable,meetical-software,https://apply.workable.com/meetical-software,0
workable,meicosolar,https://apply.workable.com/meicosolar,0
workable,mclane-global,https://apply.workable.com/mclane-global,12
workable,mellizyme-biotechnology-limited,https://apply.workable.com/mellizyme-biotechnology-limited,0
workable,melba-support-services,https://apply.workable.com/melba-support-services,0
workable,melon-2,https://apply.workable.com/melon-2,0
workable,meltingspot,https://apply.workable.com/meltingspot,0
workable,melotech,https://apply.workable.com/melotech,0
workable,melodics,https://apply.workable.com/melodics,0
workable,memic-1,https://apply.workable.com/memic-1,0
workable,memobank,https://apply.workable.com/memobank,0
workable,memo,https://apply.workable.com/memo,0
workable,memx,https://apply.workable.com/memx,0
workable,menage-parfait-services,https://apply.workable.com/menage-parfait-services,0
workable,mental-health-america-of-greenville-county,https://apply.workable.com/mental-health-america-of-greenville-county,0
workable,mention,https://apply.workable.com/mention,0
workable,mention-me-ltd,https://apply.workable.com/mention-me-ltd,7
workable,mentis-ai,https://apply.workable.com/mentis-ai,0
workable,mercuryradioarts,https://apply.workable.com/mercuryradioarts,0
workable,meridia,https://apply.workable.com/meridia,2
workable,merot,https://apply.workable.com/merot,0
workable,mermaidme,https://apply.workable.com/mermaidme,0
workable,mesh,https://mesh.workable.com,0
workable,metafore-1,https://apply.workable.com/metafore-1,1
workable,mercurylabs,https://apply.workable.com/mercurylabs,0
workable,metabook,https://apply.workable.com/metabook,0
workable,metaculus,https://apply.workable.com/metaculus,0
workable,metal-clay,https://apply.workable.com/metal-clay,0
workable,metalbear,https://apply.workable.com/metalbear,0
workable,metaphor-services-dot-c-om,https://apply.workable.com/metaphor-services-dot-c-om,0
workable,meshid,https://apply.workable.com/meshid,0
workable,metavallonvc,https://apply.workable.com/metavallonvc,0
workable,mercuryworks,https://apply.workable.com/mercuryworks,0
workable,meteor-education,https://apply.workable.com/meteor-education,2
workable,meshki,https://apply.workable.com/meshki,0
workable,mesa-quantum-systems,https://apply.workable.com/mesa-quantum-systems,9
workable,methodiko,https://methodiko.workable.com,0
workable,meshsystems,https://apply.workable.com/meshsystems,4
workable,methods,https://apply.workable.com/methods,72
workable,methodsavvy,https://apply.workable.com/methodsavvy,0
workable,messagegears,https://apply.workable.com/messagegears,0
workable,metlife-29,https://apply.workable.com/metlife-29,0
workable,metomic,https://apply.workable.com/metomic,0
workable,metova,https://apply.workable.com/metova,68
workable,metrica-sports,https://apply.workable.com/metrica-sports,0
workable,metric,https://apply.workable.com/metric,0
workable,metro-infectious-disease-consultants,https://apply.workable.com/metro-infectious-disease-consultants,28
workable,metro-stars-gymnastics,https://apply.workable.com/metro-stars-gymnastics,2
workable,metrocinema,https://apply.workable.com/metrocinema,0
workable,meyersarchitects,https://apply.workable.com/meyersarchitects,1
workable,metro-aebe,https://apply.workable.com/metro-aebe,289
workable,mews-systems,https://apply.workable.com/mews-systems,0
workable,mfs-africa,https://apply.workable.com/mfs-africa,0
workable,mfr-kids-technoschool-pvt-ltd,https://apply.workable.com/mfr-kids-technoschool-pvt-ltd,0
workable,mfind-it-sp-z-oo,https://apply.workable.com/mfind-it-sp-z-oo,0
workable,mgmt-global-consulting-1,https://apply.workable.com/mgmt-global-consulting-1,0
workable,michaelandassociates,https://apply.workable.com/michaelandassociates,32
workable,mibura-incorporated,https://apply.workable.com/mibura-incorporated,0
workable,microf,https://apply.workable.com/microf,0
workable,micrographia-bio,https://apply.workable.com/micrographia-bio,0
workable,microtransponder,https://apply.workable.com/microtransponder,0
workable,mid-state-cycles,https://apply.workable.com/mid-state-cycles,0
workable,mid-valley-event-group,https://apply.workable.com/mid-valley-event-group,0
workable,middle-seat,https://apply.workable.com/middle-seat,8
workable,middletons,https://apply.workable.com/middletons,0
workable,mindful-support-services,https://apply.workable.com/mindful-support-services,15
workable,mindstone,https://apply.workable.com/mindstone,0
workable,mimacom-group,https://apply.workable.com/mimacom-group,0
workable,mindfury,https://mindfury.workable.com,0
workable,millsuniformco,https://apply.workable.com/millsuniformco,0
workable,mimica-automation,https://apply.workable.com/mimica-automation,0
workable,mindlance-inc-1,https://apply.workable.com/mindlance-inc-1,0
workable,mindjournal,https://apply.workable.com/mindjournal,0
workable,mindworks-collaborative,https://apply.workable.com/mindworks-collaborative,0
workable,mindx-jobs,https://apply.workable.com/mindx-jobs,0
workable,minerva-marine-official,https://apply.workable.com/minerva-marine-official,5
workable,minetechservices,https://apply.workable.com/minetechservices,0
workable,minervaresearchlabs,https://apply.workable.com/minervaresearchlabs,1
workable,mingsbings,https://apply.workable.com/mingsbings,0
workable,mini-city,https://apply.workable.com/mini-city,0
workable,mindmekka-1,https://apply.workable.com/mindmekka-1,0
workable,minke,https://apply.workable.com/minke,0
workable,miniminc,https://apply.workable.com/miniminc,0
workable,minly,https://apply.workable.com/minly,0
workable,mino-games,https://apply.workable.com/mino-games,0
workable,mintensive,https://apply.workable.com/mintensive,0
workable,mintago,https://apply.workable.com/mintago,0
workable,mintvestor-llc,https://mintvestor-llc.workable.com,0
workable,mintbase,https://apply.workable.com/mintbase,0
workable,mindshare-greece,https://apply.workable.com/mindshare-greece,0
workable,mintos,https://apply.workable.com/mintos,0
workable,mio,https://mio.workable.com,0
workable,mindsize,https://apply.workable.com/mindsize,0
workable,mindoula,https://mindoula.workable.com,0
workable,mira-8,https://apply.workable.com/mira-8,0
workable,mira-financial,https://apply.workable.com/mira-financial,0
workable,miracl,https://apply.workable.com/miracl,0
workable,mirador-financial,https://apply.workable.com/mirador-financial,0
workable,mirage-marketing-1,https://apply.workable.com/mirage-marketing-1,0
workable,miranda-creative,https://apply.workable.com/miranda-creative,0
workable,miri-growth,https://apply.workable.com/miri-growth,0
workable,mirror-identity,https://apply.workable.com/mirror-identity,0
workable,mirriad-advertising-plc,https://apply.workable.com/mirriad-advertising-plc,0
workable,misbhv,https://apply.workable.com/misbhv,0
workable,misfits-market,https://apply.workable.com/misfits-market,0
workable,mishipay-1,https://apply.workable.com/mishipay-1,0
workable,misio,https://apply.workable.com/misio,0
workable,mindex,https://apply.workable.com/mindex,4
workable,mission-44,https://apply.workable.com/mission-44,1
workable,mission-edge,https://apply.workable.com/mission-edge,0
workable,mina-foundation,https://apply.workable.com/mina-foundation,0
workable,mistio,https://apply.workable.com/mistio,0
workable,mistywest,https://apply.workable.com/mistywest,7
workable,mitchell-lewisand-staver,https://apply.workable.com/mitchell-lewisand-staver,0
workable,mitchell-construction-group-llc,https://apply.workable.com/mitchell-construction-group-llc,3
workable,mito,https://apply.workable.com/mito,8
workable,mixcloud-limited,https://apply.workable.com/mixcloud-limited,2
workable,mixergy,https://apply.workable.com/mixergy,0
workable,mixtiles,https://apply.workable.com/mixtiles,0
workable,mixam,https://apply.workable.com/mixam,2
workable,mixfame,https://apply.workable.com/mixfame,0
workable,mjp-electrical-services-ltd,https://apply.workable.com/mjp-electrical-services-ltd,0
workable,mkobomfb,https://apply.workable.com/mkobomfb,0
workable,mindbridge-analytics,https://apply.workable.com/mindbridge-analytics,0
workable,mizecpas,https://apply.workable.com/mizecpas,0
workable,mlabs,https://apply.workable.com/mlabs,175
workable,mlacanada,https://apply.workable.com/mlacanada,0
workable,mmasmingenieria,https://apply.workable.com/mmasmingenieria,0
workable,mmdsmart-ltd,https://apply.workable.com/mmdsmart-ltd,32
workable,mmit,https://apply.workable.com/mmit,0
workable,mmoser,https://mmoser.workable.com,0
workable,mnguncaucus,https://apply.workable.com/mnguncaucus,1
workable,mmr,https://apply.workable.com/mmr,0
workable,mnsengineers,https://apply.workable.com/mnsengineers,0
workable,mni,https://apply.workable.com/mni,0
workable,mo-sys,https://apply.workable.com/mo-sys,0
workable,mobile-locker-nv,https://apply.workable.com/mobile-locker-nv,8
workable,mobile-home-stuff-store,https://apply.workable.com/mobile-home-stuff-store,0
workable,mobilefuse,https://apply.workable.com/mobilefuse,0
workable,mobilfox,https://apply.workable.com/mobilfox,0
workable,mobilise-1,https://apply.workable.com/mobilise-1,0
workable,mobilizemygame,https://mobilizemygame.workable.com,0
workable,mobiltron-inc,https://apply.workable.com/mobiltron-inc,0
workable,mobvista,https://apply.workable.com/mobvista,0
workable,moceanla,https://apply.workable.com/moceanla,0
workable,mod-careers,https://apply.workable.com/mod-careers,19
workable,mod-op,https://apply.workable.com/mod-op,0
workable,modaramo,https://apply.workable.com/modaramo,0
workable,modash,https://apply.workable.com/modash,22
workable,modelit,https://apply.workable.com/modelit,0
workable,modern-ai,https://apply.workable.com/modern-ai,11
workable,modern-family-law-1,https://apply.workable.com/modern-family-law-1,95
workable,modio,https://apply.workable.com/modio,0
workable,modus-group,https://apply.workable.com/modus-group,3
workable,modulous,https://apply.workable.com/modulous,0
workable,mohio,https://apply.workable.com/mohio,0
workable,monitize-ai,https://apply.workable.com/monitize-ai,0
workable,monj-health,https://apply.workable.com/monj-health,0
workable,mondial-telephone-fundraising,https://apply.workable.com/mondial-telephone-fundraising,2
workable,momos,https://apply.workable.com/momos,3
workable,mons-royale,https://apply.workable.com/mons-royale,2
workable,monospace-labs-1,https://monospace-labs-1.workable.com,0
workable,momentum-x,https://apply.workable.com/momentum-x,0
workable,mon-wellness-b-hip,https://apply.workable.com/mon-wellness-b-hip,0
workable,monsoonconsulting,https://apply.workable.com/monsoonconsulting,0
workable,momtovirtualassistant,https://apply.workable.com/momtovirtualassistant,0
workable,momentus-securities,https://apply.workable.com/momentus-securities,0
workable,money-honey-rachel,https://apply.workable.com/money-honey-rachel,0
workable,moneturn,https://apply.workable.com/moneturn,0
workable,monte-rosa-therapeutics,https://apply.workable.com/monte-rosa-therapeutics,0
workable,montera,https://apply.workable.com/montera,5
workable,moneythink,https://apply.workable.com/moneythink,0
workable,moneyfarm,https://apply.workable.com/moneyfarm,28
workable,monterail,https://apply.workable.com/monterail,15
workable,montrealanalytics,https://apply.workable.com/montrealanalytics,0
workable,montoux-limited,https://apply.workable.com/montoux-limited,0
workable,monirprecision,https://apply.workable.com/monirprecision,0
workable,moola,https://apply.workable.com/moola,0
workable,monite,https://apply.workable.com/monite,0
workable,moomoo,https://apply.workable.com/moomoo,135
workable,moodle,https://apply.workable.com/moodle,0
workable,moonbug-entertainment,https://apply.workable.com/moonbug-entertainment,17
workable,mooncascade,https://apply.workable.com/mooncascade,0
workable,moonbase,https://apply.workable.com/moonbase,0
workable,moonlight-staffing-llc,https://apply.workable.com/moonlight-staffing-llc,29
workable,moneyhub,https://apply.workable.com/moneyhub,0
workable,moondance-cancer-initiative,https://apply.workable.com/moondance-cancer-initiative,0
workable,moonshot,https://apply.workable.com/moonshot,11
workable,moonshot-cve,https://apply.workable.com/moonshot-cve,0
workable,moore-advice-limited,https://apply.workable.com/moore-advice-limited,0
workable,moore-advice-ltd,https://apply.workable.com/moore-advice-ltd,0
workable,moore-stephens-nsw,https://apply.workable.com/moore-stephens-nsw,0
workable,mondia-group,https://apply.workable.com/mondia-group,9
workable,mooremechanical,https://apply.workable.com/mooremechanical,0
workable,moosend,https://apply.workable.com/moosend,0
workable,more-than-me,https://more-than-me.workable.com,0
workable,moozoom,https://apply.workable.com/moozoom,0
workable,moralius,https://apply.workable.com/moralius,0
workable,more-staffing-llc,https://apply.workable.com/more-staffing-llc,0
workable,more-com,https://apply.workable.com/more-com,4
workable,moreton-capital-partners,https://apply.workable.com/moreton-capital-partners,9
workable,morgan-constructionand-environmental,https://apply.workable.com/morgan-constructionand-environmental,0
workable,morgan-fire-protection,https://apply.workable.com/morgan-fire-protection,0
workable,morgan-sports-law,https://apply.workable.com/morgan-sports-law,0
workable,monavation-general-contractors,https://apply.workable.com/monavation-general-contractors,0
workable,moripesh-group-africa,https://apply.workable.com/moripesh-group-africa,0
workable,morgans,https://apply.workable.com/morgans,0
workable,morni,https://apply.workable.com/morni,5
workable,monax,https://apply.workable.com/monax,0
workable,moringa,https://apply.workable.com/moringa,0
workable,mori,https://apply.workable.com/mori,0
workable,morningstarcorp,https://apply.workable.com/morningstarcorp,0
workable,moro-tech,https://apply.workable.com/moro-tech,17
workable,morphosis,https://apply.workable.com/morphosis,0
workable,morphworks,https://apply.workable.com/morphworks,0
workable,morrey-auto,https://apply.workable.com/morrey-auto,0
workable,morressier,https://apply.workable.com/morressier,0
workable,morris-county-communications-center,https://apply.workable.com/morris-county-communications-center,1
workable,morrisby,https://apply.workable.com/morrisby,0
workable,morries-automotive,https://apply.workable.com/morries-automotive,0
workable,morrow-health,https://apply.workable.com/morrow-health,24
workable,morrow-1,https://apply.workable.com/morrow-1,0
workable,mosaic-media,https://apply.workable.com/mosaic-media,0
workable,mosaiclabs,https://apply.workable.com/mosaiclabs,0
workable,monadnock-construction,https://apply.workable.com/monadnock-construction,2
workable,mosaicapp,https://mosaicapp.workable.com,0
workable,moscot,https://apply.workable.com/moscot,0
workable,mosaicventures,https://apply.workable.com/mosaicventures,0
workable,mosaic-culture-creativity,https://apply.workable.com/mosaic-culture-creativity,0
workable,mote,https://apply.workable.com/mote,0
workable,moteefe,https://apply.workable.com/moteefe,0
workable,motability,https://apply.workable.com/motability,0
workable,motabilityfoundation,https://apply.workable.com/motabilityfoundation,2
workable,mothership-strategies,https://apply.workable.com/mothership-strategies,0
workable,motesque,https://apply.workable.com/motesque,0
workable,moth-drinks,https://apply.workable.com/moth-drinks,0
workable,motia,https://apply.workable.com/motia,8
workable,motion-msk,https://apply.workable.com/motion-msk,0
workable,motibio,https://apply.workable.com/motibio,0
workable,motifdigital,https://apply.workable.com/motifdigital,0
workable,motionhall,https://apply.workable.com/motionhall,0
workable,motion-picture-solutions,https://apply.workable.com/motion-picture-solutions,0
workable,motodynamics,https://apply.workable.com/motodynamics,13
workable,motor-coach-industries,https://apply.workable.com/motor-coach-industries,29
workable,motorsport-games,https://apply.workable.com/motorsport-games,0
workable,motork,https://apply.workable.com/motork,11
workable,motorway,https://apply.workable.com/motorway,0
workable,mount,https://apply.workable.com/mount,0
workable,motsai,https://apply.workable.com/motsai,0
workable,motto-2,https://apply.workable.com/motto-2,0
workable,mountain-view-landscapes-and-lawncare-inc,https://mountain-view-landscapes-and-lawncare-inc.workable.com,0
workable,mouldbox,https://apply.workable.com/mouldbox,0
workable,mouro-capital,https://apply.workable.com/mouro-capital,0
workable,mouse,https://apply.workable.com/mouse,0
workable,mondu,https://apply.workable.com/mondu,4
workable,move-talent,https://apply.workable.com/move-talent,2
workable,mouse-1,https://apply.workable.com/mouse-1,0
workable,move-for-hunger,https://apply.workable.com/move-for-hunger,2
workable,movement-labs,https://apply.workable.com/movement-labs,13
workable,movemedical,https://apply.workable.com/movemedical,0
workable,movere,https://apply.workable.com/movere,0
workable,moveoai,https://apply.workable.com/moveoai,0
workable,movio,https://apply.workable.com/movio,0
workable,mozn-ai,https://apply.workable.com/mozn-ai,0
workable,mr-blue,https://apply.workable.com/mr-blue,27
workable,mrg-people-partners,https://apply.workable.com/mrg-people-partners,0
workable,ms-consultants,https://apply.workable.com/ms-consultants,0
workable,ms2soft,https://apply.workable.com/ms2soft,2
workable,mscsoftware,https://apply.workable.com/mscsoftware,0
workable,msi-viking,https://apply.workable.com/msi-viking,8
workable,msps,https://apply.workable.com/msps,80
workable,mssc,https://apply.workable.com/mssc,17
workable,mtailor,https://apply.workable.com/mtailor,0
workable,muac,https://apply.workable.com/muac,6
workable,muddymachines,https://apply.workable.com/muddymachines,0
workable,muletown-coffee,https://apply.workable.com/muletown-coffee,0
workable,multigate,https://apply.workable.com/multigate,4
workable,multiple-1,https://apply.workable.com/multiple-1,0
workable,multiplicatalent,https://apply.workable.com/multiplicatalent,38
workable,muoverti,https://apply.workable.com/muoverti,0
workable,murmur-creative,https://apply.workable.com/murmur-creative,0
workable,murray-company,https://apply.workable.com/murray-company,27
workable,multilotto-1,https://apply.workable.com/multilotto-1,0
workable,multilocal,https://apply.workable.com/multilocal,0
workable,musika-music-lessons,https://apply.workable.com/musika-music-lessons,0
workable,mursion-inc,https://apply.workable.com/mursion-inc,1
workable,must-company,https://apply.workable.com/must-company,0
workable,mvg-hr-solutions,https://apply.workable.com/mvg-hr-solutions,0
workable,mvp360-management,https://apply.workable.com/mvp360-management,5
workable,mux,https://apply.workable.com/mux,0
workable,multimediallc,https://apply.workable.com/multimediallc,12
workable,mwa-architects-inc,https://apply.workable.com/mwa-architects-inc,0
workable,mun,https://mun.workable.com,0
workable,munchkin-labs,https://apply.workable.com/munchkin-labs,0
workable,mumsnet,https://apply.workable.com/mumsnet,3
workable,mvtennis,https://apply.workable.com/mvtennis,2
workable,my-virtual-resources-llc,https://apply.workable.com/my-virtual-resources-llc,0
workable,my-team,https://apply.workable.com/my-team,0
workable,musiio,https://apply.workable.com/musiio,0
workable,myaccord,https://apply.workable.com/myaccord,4
workable,mybabbo,https://apply.workable.com/mybabbo,0
workable,mybaggage,https://apply.workable.com/mybaggage,0
workable,mycompanyworks,https://apply.workable.com/mycompanyworks,0
workable,mycaresolution,https://apply.workable.com/mycaresolution,0
workable,mydoc,https://apply.workable.com/mydoc,0
workable,mygamez,https://apply.workable.com/mygamez,0
workable,mydoc-pte-ltd,https://apply.workable.com/mydoc-pte-ltd,0
workable,mygbi,https://apply.workable.com/mygbi,23
workable,myjobnow,https://apply.workable.com/myjobnow,0
workable,mylo-btech,https://apply.workable.com/mylo-btech,25
workable,myndshft,https://apply.workable.com/myndshft,0
workable,myoffroadgear,https://apply.workable.com/myoffroadgear,0
workable,myonsite-healthcare,https://apply.workable.com/myonsite-healthcare,0
workable,myonyxfit,https://apply.workable.com/myonyxfit,1
workable,myplace,https://apply.workable.com/myplace,0
workable,myrmex-inc,https://apply.workable.com/myrmex-inc,0
workable,museumoficecream,https://apply.workable.com/museumoficecream,25
workable,mytalentlaunch,https://apply.workable.com/mytalentlaunch,0
workable,mysteryapplicant,https://apply.workable.com/mysteryapplicant,0
workable,myteam,https://apply.workable.com/myteam,18
workable,mytutor,https://apply.workable.com/mytutor,0
workable,myxplor,https://apply.workable.com/myxplor,0
workable,n1-collaborative,https://apply.workable.com/n1-collaborative,0
workable,nabers,https://apply.workable.com/nabers,0
workable,n3twork-studios,https://apply.workable.com/n3twork-studios,0
workable,nacelopendoor,https://apply.workable.com/nacelopendoor,0
workable,nacrecapital,https://apply.workable.com/nacrecapital,11
workable,nagarrodv,https://apply.workable.com/nagarrodv,0
workable,naga,https://apply.workable.com/naga,0
workable,nagpur-escorts,https://apply.workable.com/nagpur-escorts,0
workable,nairtime,https://apply.workable.com/nairtime,0
workable,naked-wines,https://apply.workable.com/naked-wines,11
workable,naks,https://apply.workable.com/naks,0
workable,nala,https://apply.workable.com/nala,0
workable,nallian,https://apply.workable.com/nallian,0
workable,namdoland,https://apply.workable.com/namdoland,0
workable,namespacelabs,https://apply.workable.com/namespacelabs,0
workable,nana-grocery-direct,https://apply.workable.com/nana-grocery-direct,0
workable,nannyml,https://apply.workable.com/nannyml,0
workable,nannypod,https://apply.workable.com/nannypod,0
workable,nanocorp,https://apply.workable.com/nanocorp,0
workable,namuh-1,https://apply.workable.com/namuh-1,0
workable,national-beauty-distribution,https://national-beauty-distribution.workable.com,0
workable,national-college,https://apply.workable.com/national-college,0
workable,nata-compliance-services,https://apply.workable.com/nata-compliance-services,0
workable,national-genealogical-society,https://apply.workable.com/national-genealogical-society,0
workable,national-day-laborer-organizing-network,https://apply.workable.com/national-day-laborer-organizing-network,0
workable,national-equity-project,https://apply.workable.com/national-equity-project,0
workable,national-gridiron-league,https://apply.workable.com/national-gridiron-league,0
workable,national-adoption-association-1,https://apply.workable.com/national-adoption-association-1,0
workable,national-lutheran-communitiesand-services,https://apply.workable.com/national-lutheran-communitiesand-services,0
workable,natae-1,https://apply.workable.com/natae-1,0
workable,national-network-logistics,https://apply.workable.com/national-network-logistics,82
workable,nations-best,https://apply.workable.com/nations-best,0
workable,national-star-services,https://apply.workable.com/national-star-services,29
workable,national-western-center,https://apply.workable.com/national-western-center,2
workable,nationsecurity,https://apply.workable.com/nationsecurity,37
workable,native-commerce,https://apply.workable.com/native-commerce,0
workable,natrelhealth,https://apply.workable.com/natrelhealth,0
workable,natterbox-ltd-1,https://apply.workable.com/natterbox-ltd-1,6
workable,natural-intelligence,https://apply.workable.com/natural-intelligence,0
workable,nationwide-services-llc,https://apply.workable.com/nationwide-services-llc,0
workable,natural-collection-corp,https://apply.workable.com/natural-collection-corp,0
workable,naturaldog,https://apply.workable.com/naturaldog,0
workable,naturalmojo,https://apply.workable.com/naturalmojo,0
workable,nautilus-hyosung,https://apply.workable.com/nautilus-hyosung,0
workable,navarino,https://apply.workable.com/navarino,15
workable,nautilus-solar-energy,https://apply.workable.com/nautilus-solar-energy,2
workable,navarro-inc,https://apply.workable.com/navarro-inc,45
workable,navenio,https://apply.workable.com/navenio,0
workable,naveyasloane,https://apply.workable.com/naveyasloane,0
workable,navi,https://apply.workable.com/navi,0
workable,mutually-human,https://apply.workable.com/mutually-human,0
workable,navideck-2,https://apply.workable.com/navideck-2,0
workable,nathan-trust,https://apply.workable.com/nathan-trust,0
workable,natech,https://apply.workable.com/natech,3
workable,navionsl,https://apply.workable.com/navionsl,140
workable,nashoba-valley-spirits-ltd,https://apply.workable.com/nashoba-valley-spirits-ltd,0
workable,navig8,https://apply.workable.com/navig8,1
workable,navitasventures,https://navitasventures.workable.com,0
workable,navro,https://apply.workable.com/navro,1
workable,nawy-real-estate,https://apply.workable.com/nawy-real-estate,112
workable,nbrhd,https://apply.workable.com/nbrhd,20
workable,nca,https://apply.workable.com/nca,0
workable,nbforum,https://apply.workable.com/nbforum,5
workable,nbgroup,https://apply.workable.com/nbgroup,0
workable,nbxtalent,https://apply.workable.com/nbxtalent,0
workable,ncs-9,https://apply.workable.com/ncs-9,0
workable,ndax,https://apply.workable.com/ndax,8
workable,ncle,https://apply.workable.com/ncle,0
workable,near-sea-technologies,https://apply.workable.com/near-sea-technologies,0
workable,near-pay,https://apply.workable.com/near-pay,0
workable,nd-western-limited,https://apply.workable.com/nd-western-limited,0
workable,neardesk,https://apply.workable.com/neardesk,0
workable,nceiscpz,https://apply.workable.com/nceiscpz,0
workable,nasta,https://nasta.workable.com,0
workable,neatleaf,https://apply.workable.com/neatleaf,0
workable,nebullam-inc,https://apply.workable.com/nebullam-inc,0
workable,nectafy,https://apply.workable.com/nectafy,0
workable,nanogami,https://apply.workable.com/nanogami,0
workable,neighbor-serve,https://apply.workable.com/neighbor-serve,0
workable,nasoft-eg,https://apply.workable.com/nasoft-eg,17
workable,nelson-education,https://apply.workable.com/nelson-education,8
workable,nelsonbostock-unlimited,https://apply.workable.com/nelsonbostock-unlimited,0
workable,nelsoncitycouncil,https://apply.workable.com/nelsoncitycouncil,0
workable,nelsons,https://apply.workable.com/nelsons,2
workable,neo-tax,https://apply.workable.com/neo-tax,0
workable,neo-financial,https://apply.workable.com/neo-financial,0
workable,neogroup-ng-1,https://apply.workable.com/neogroup-ng-1,0
workable,neon-logistics-1,https://apply.workable.com/neon-logistics-1,4
workable,neon-rated,https://apply.workable.com/neon-rated,13
workable,neos,https://apply.workable.com/neos,0
workable,neota,https://apply.workable.com/neota,2
workable,nerd-street-gamers,https://apply.workable.com/nerd-street-gamers,0
workable,nerevu,https://apply.workable.com/nerevu,0
workable,nested,https://apply.workable.com/nested,0
workable,netacea-1,https://apply.workable.com/netacea-1,0
workable,netdepot-dot-c-om,https://apply.workable.com/netdepot-dot-c-om,0
workable,netrobe,https://apply.workable.com/netrobe,0
workable,newcode,https://apply.workable.com/newcode,37
workable,new-agehospice,https://apply.workable.com/new-agehospice,1
workable,new-kind,https://apply.workable.com/new-kind,0
workable,newdirectionnola,https://apply.workable.com/newdirectionnola,1
workable,newmediaeurope,https://apply.workable.com/newmediaeurope,0
workable,newground-together-1,https://apply.workable.com/newground-together-1,5
workable,newenergynexus,https://apply.workable.com/newenergynexus,2
workable,newhomestar,https://apply.workable.com/newhomestar,0
workable,newmindai,https://apply.workable.com/newmindai,0
workable,newoakland,https://apply.workable.com/newoakland,0
workable,newrich-network,https://apply.workable.com/newrich-network,5
workable,new-tales,https://apply.workable.com/new-tales,0
workable,news-post-daily,https://apply.workable.com/news-post-daily,0
workable,news360,https://apply.workable.com/news360,0
workable,newton-europe,https://apply.workable.com/newton-europe,6
workable,newton-media-group,https://apply.workable.com/newton-media-group,2
workable,newsbreak,https://apply.workable.com/newsbreak,0
workable,new-talent-era,https://apply.workable.com/new-talent-era,0
workable,new-disabled-south,https://apply.workable.com/new-disabled-south,0
workable,new-york-transit-museum,https://apply.workable.com/new-york-transit-museum,0
workable,nexar,https://apply.workable.com/nexar,0
workable,nexanteca-ltd,https://apply.workable.com/nexanteca-ltd,0
workable,nexoptic,https://apply.workable.com/nexoptic,0
workable,next-phase-solutions-and-services,https://apply.workable.com/next-phase-solutions-and-services,5
workable,nexstream,https://apply.workable.com/nexstream,0
workable,next,https://apply.workable.com/next,0
workable,nexj-health,https://nexj-health.workable.com,0
workable,nextcapital,https://apply.workable.com/nextcapital,0
workable,nexleaf-analytics,https://apply.workable.com/nexleaf-analytics,1
workable,nextern,https://apply.workable.com/nextern,48
workable,nextep,https://nextep.workable.com,0
workable,nextern-inc,https://nextern-inc.workable.com,0
workable,nextgrowth-labs,https://apply.workable.com/nextgrowth-labs,0
workable,nextep-2,https://apply.workable.com/nextep-2,11
workable,nextzon-business-services-limited-1,https://apply.workable.com/nextzon-business-services-limited-1,0
workable,nextroles,https://apply.workable.com/nextroles,0
workable,nextmove,https://apply.workable.com/nextmove,1
workable,nextgen-clearing,https://apply.workable.com/nextgen-clearing,4
workable,nexum-consulting,https://apply.workable.com/nexum-consulting,49
workable,nexus-8,https://apply.workable.com/nexus-8,0
workable,nexuscareservices,https://apply.workable.com/nexuscareservices,15
workable,newb,https://apply.workable.com/newb,0
workable,nexvelsolutions,https://apply.workable.com/nexvelsolutions,3
workable,nfp-hr-services,https://apply.workable.com/nfp-hr-services,0
workable,nfi-parts,https://apply.workable.com/nfi-parts,11
workable,neybox-digital,https://apply.workable.com/neybox-digital,1
workable,nfluence-partners,https://apply.workable.com/nfluence-partners,0
workable,neyo-ltd,https://apply.workable.com/neyo-ltd,0
workable,nh-civics,https://apply.workable.com/nh-civics,0
workable,newcocoms,https://apply.workable.com/newcocoms,0
workable,nicepak-products-inc,https://apply.workable.com/nicepak-products-inc,0
workable,nice-heatingand-air,https://apply.workable.com/nice-heatingand-air,0
workable,nicepeopleatwork,https://apply.workable.com/nicepeopleatwork,0
workable,niacet-corporation,https://apply.workable.com/niacet-corporation,0
workable,nice-and-serious,https://apply.workable.com/nice-and-serious,0
workable,nichefoodgroup,https://apply.workable.com/nichefoodgroup,0
workable,new-england-hidta,https://apply.workable.com/new-england-hidta,0
workable,nick-ai,https://apply.workable.com/nick-ai,3
workable,nidoliving,https://apply.workable.com/nidoliving,0
workable,nigerdock,https://apply.workable.com/nigerdock,0
workable,niftyapes,https://apply.workable.com/niftyapes,0
workable,newark-business-hub,https://apply.workable.com/newark-business-hub,0
workable,night,https://apply.workable.com/night,0
workable,nightingaleapp,https://apply.workable.com/nightingaleapp,0
workable,nila,https://apply.workable.com/nila,0
workable,new-holland-brewing-co,https://apply.workable.com/new-holland-brewing-co,0
workable,niki-urban-art,https://apply.workable.com/niki-urban-art,0
workable,nimber,https://apply.workable.com/nimber,0
workable,new-horizons-124,https://apply.workable.com/new-horizons-124,14
workable,nile-fresh-pty-ltd,https://apply.workable.com/nile-fresh-pty-ltd,3
workable,nimbus-consulting,https://apply.workable.com/nimbus-consulting,0
workable,nimblywise,https://apply.workable.com/nimblywise,0
workable,nimbus-resource-solutions,https://nimbus-resource-solutions.workable.com,0
workable,ninja-theory,https://apply.workable.com/ninja-theory,0
workable,ninetwothree-ai-studio,https://apply.workable.com/ninetwothree-ai-studio,5
workable,ninjacat,https://apply.workable.com/ninjacat,0
workable,nisus-technologies,https://apply.workable.com/nisus-technologies,0
workable,nipponexpress,https://apply.workable.com/nipponexpress,37
workable,nisgua,https://apply.workable.com/nisgua,0
workable,ninja,https://apply.workable.com/ninja,0
workable,neuron23,https://apply.workable.com/neuron23,0
workable,niteo,https://apply.workable.com/niteo,0
workable,nithio,https://apply.workable.com/nithio,0
workable,nitor,https://apply.workable.com/nitor,13
workable,nium,https://apply.workable.com/nium,0
workable,nitrogenwealth,https://apply.workable.com/nitrogenwealth,2
workable,nivi,https://apply.workable.com/nivi,0
workable,niva-health-2,https://apply.workable.com/niva-health-2,60
workable,nixtla,https://apply.workable.com/nixtla,2
workable,nkf-media-gmbh,https://apply.workable.com/nkf-media-gmbh,0
workable,nlamediaaccess,https://apply.workable.com/nlamediaaccess,0
workable,nmipayments,https://apply.workable.com/nmipayments,0
workable,nncpr,https://apply.workable.com/nncpr,0
workable,no-matter,https://apply.workable.com/no-matter,0
workable,noahsbox,https://apply.workable.com/noahsbox,0
workable,nobilissimus,https://apply.workable.com/nobilissimus,0
workable,noble-panacea,https://apply.workable.com/noble-panacea,17
workable,normally,https://apply.workable.com/normally,0
workable,north-carolina-institute-of-advanced-neurohealth,https://apply.workable.com/north-carolina-institute-of-advanced-neurohealth,0
workable,norma-2,https://apply.workable.com/norma-2,0
workable,norma,https://apply.workable.com/norma,0
workable,northeast-ohio-eye-surgeons,https://apply.workable.com/northeast-ohio-eye-surgeons,0
workable,northbeam,https://apply.workable.com/northbeam,0
workable,northern-architectural-systems,https://apply.workable.com/northern-architectural-systems,5
workable,north-coast-seafoods,https://apply.workable.com/north-coast-seafoods,18
workable,northern-arizona-pride-association,https://apply.workable.com/northern-arizona-pride-association,0
workable,north-projects,https://apply.workable.com/north-projects,0
workable,northern-wolves-inc,https://apply.workable.com/northern-wolves-inc,0
workable,northmain,https://apply.workable.com/northmain,0
workable,northern-nursing-solutions,https://apply.workable.com/northern-nursing-solutions,0
workable,northpass,https://apply.workable.com/northpass,0
workable,northernstarresourcesltd,https://apply.workable.com/northernstarresourcesltd,0
workable,north-kent-connect,https://apply.workable.com/north-kent-connect,0
workable,northwest-ambulance,https://apply.workable.com/northwest-ambulance,2
workable,nordgrona,https://apply.workable.com/nordgrona,0
workable,north-star-care,https://apply.workable.com/north-star-care,8
workable,northweather,https://apply.workable.com/northweather,0
workable,northwest-business-development-association,https://apply.workable.com/northwest-business-development-association,0
workable,northzone,https://apply.workable.com/northzone,1
workable,northwest-eye-surgeons,https://northwest-eye-surgeons.workable.com,0
workable,not-so-wimpy-teacher,https://apply.workable.com/not-so-wimpy-teacher,0
workable,norwood-sawmills,https://apply.workable.com/norwood-sawmills,0
workable,nordic-business-forum,https://apply.workable.com/nordic-business-forum,0
workable,nosso,https://apply.workable.com/nosso,0
workable,noteable-inc,https://apply.workable.com/noteable-inc,0
workable,norhardy,https://apply.workable.com/norhardy,0
workable,noticed-3,https://apply.workable.com/noticed-3,0
workable,north-star-coffee-roasters,https://apply.workable.com/north-star-coffee-roasters,0
workable,noticed,https://noticed.workable.com,0
workable,notifyme,https://apply.workable.com/notifyme,0
workable,notion-vc,https://apply.workable.com/notion-vc,0
workable,nottingham-spirk,https://apply.workable.com/nottingham-spirk,2
workable,norsk-casinoguide,https://apply.workable.com/norsk-casinoguide,0
workable,nova-data-testing,https://apply.workable.com/nova-data-testing,4
workable,nova-finance,https://apply.workable.com/nova-finance,0
workable,nova-escola,https://apply.workable.com/nova-escola,0
workable,nova-lines,https://apply.workable.com/nova-lines,0
workable,nova-wealth,https://apply.workable.com/nova-wealth,6
workable,novel-technology-services,https://apply.workable.com/novel-technology-services,0
workable,novacom,https://novacom.workable.com,3
workable,novibet,https://apply.workable.com/novibet,74
workable,novata,https://apply.workable.com/novata,0
workable,novel-capital,https://apply.workable.com/novel-capital,1
workable,novomatic,https://apply.workable.com/novomatic,0
workable,now-courier-ic,https://apply.workable.com/now-courier-ic,7
workable,now-courier,https://apply.workable.com/now-courier,4
workable,novoville,https://apply.workable.com/novoville,1
workable,novus-world,https://apply.workable.com/novus-world,0
workable,now-interact,https://apply.workable.com/now-interact,0
workable,nowlun,https://apply.workable.com/nowlun,24
workable,nowverticalgroup,https://apply.workable.com/nowverticalgroup,7
workable,nowpressplay,https://apply.workable.com/nowpressplay,0
workable,nowsight,https://apply.workable.com/nowsight,0
workable,nox-health,https://apply.workable.com/nox-health,0
workable,npc-labs,https://apply.workable.com/npc-labs,0
workable,npgroup,https://apply.workable.com/npgroup,0
workable,norit,https://apply.workable.com/norit,17
workable,nqc,https://apply.workable.com/nqc,4
workable,nripartner,https://apply.workable.com/nripartner,0
workable,nqlb,https://apply.workable.com/nqlb,0
workable,nrgco,https://apply.workable.com/nrgco,81
workable,nrsng,https://apply.workable.com/nrsng,0
workable,nscb,https://apply.workable.com/nscb,3
workable,nth-degree-companies,https://apply.workable.com/nth-degree-companies,0
workable,ntirety,https://apply.workable.com/ntirety,0
workable,ntopology-3,https://apply.workable.com/ntopology-3,0
workable,nuaware,https://apply.workable.com/nuaware,0
workable,nuadaco2,https://apply.workable.com/nuadaco2,4
workable,nu-quantum,https://apply.workable.com/nu-quantum,6
workable,nucleus,https://apply.workable.com/nucleus,0
workable,nuclera,https://apply.workable.com/nuclera,3
workable,nubank,https://apply.workable.com/nubank,0
workable,nuamanufacturing,https://apply.workable.com/nuamanufacturing,2
workable,nullgames,https://apply.workable.com/nullgames,0
workable,numo-hotelsand-resorts,https://apply.workable.com/numo-hotelsand-resorts,9
workable,nuovophotography,https://apply.workable.com/nuovophotography,28
workable,nurseryvillage,https://apply.workable.com/nurseryvillage,0
workable,nus-enterprise,https://apply.workable.com/nus-enterprise,20
workable,nutritionintl,https://apply.workable.com/nutritionintl,2
workable,nvelup-telehealth-pllc,https://apply.workable.com/nvelup-telehealth-pllc,0
workable,nya,https://nya.workable.com,0
workable,nyc-limousine-vip-llc,https://apply.workable.com/nyc-limousine-vip-llc,0
workable,nynn,https://apply.workable.com/nynn,20
workable,nyzc,https://apply.workable.com/nyzc,1
workable,o15-capital-partners,https://apply.workable.com/o15-capital-partners,0
workable,oak-works,https://apply.workable.com/oak-works,0
workable,oakland-enrolls,https://apply.workable.com/oakland-enrolls,0
workable,oakley-services,https://apply.workable.com/oakley-services,1
workable,oasis-ascent,https://apply.workable.com/oasis-ascent,5
workable,oavco,https://apply.workable.com/oavco,0
workable,oblivion-cloud-control,https://oblivion-cloud-control.workable.com,0
workable,octana,https://apply.workable.com/octana,0
workable,octavia,https://apply.workable.com/octavia,0
workable,octappush,https://apply.workable.com/octappush,0
workable,oceans-harbor-house,https://oceans-harbor-house.workable.com,0
workable,ocean-outcomes,https://apply.workable.com/ocean-outcomes,0
workable,obdeleven,https://apply.workable.com/obdeleven,23
workable,oblivious,https://apply.workable.com/oblivious,0
workable,octane-management-consultants,https://apply.workable.com/octane-management-consultants,2
workable,oceania-international-2,https://apply.workable.com/oceania-international-2,0
workable,ocf-realty,https://apply.workable.com/ocf-realty,3
workable,oberlo,https://apply.workable.com/oberlo,0
workable,obsess,https://apply.workable.com/obsess,0
workable,octhopus,https://apply.workable.com/octhopus,1
workable,oceansxyz,https://apply.workable.com/oceansxyz,14
workable,ocm,https://apply.workable.com/ocm,0
workable,octoly,https://apply.workable.com/octoly,0
workable,octopus-ventures-1,https://apply.workable.com/octopus-ventures-1,0
workable,octopushr,https://apply.workable.com/octopushr,0
workable,octoplusgroup,https://octoplusgroup.workable.com,0
workable,odi-financial,https://apply.workable.com/odi-financial,0
workable,octotrip,https://octotrip.workable.com,0
workable,odeon-capital-group,https://apply.workable.com/odeon-capital-group,4
workable,odel,https://apply.workable.com/odel,1
workable,odin,https://apply.workable.com/odin,0
workable,odk-media,https://apply.workable.com/odk-media,7
workable,obrela-security-industries-sa,https://apply.workable.com/obrela-security-industries-sa,13
workable,odin-mortgage,https://apply.workable.com/odin-mortgage,3
workable,off-the-record,https://apply.workable.com/off-the-record,0
workable,odorzx,https://apply.workable.com/odorzx,197
workable,oes,https://apply.workable.com/oes,13
workable,odysea,https://apply.workable.com/odysea,0
workable,offline,https://apply.workable.com/offline,0
workable,off-work,https://apply.workable.com/off-work,0
workable,odyssey-house,https://apply.workable.com/odyssey-house,0
workable,officedroid,https://apply.workable.com/officedroid,0
workable,obran,https://apply.workable.com/obran,92
workable,offtakers-general-service,https://apply.workable.com/offtakers-general-service,0
workable,ogarajets,https://apply.workable.com/ogarajets,3
workable,ogilvy-greece,https://apply.workable.com/ogilvy-greece,6
workable,ogow-emr,https://apply.workable.com/ogow-emr,0
workable,ohmnilabs,https://apply.workable.com/ohmnilabs,0
workable,ohagan-meyer,https://apply.workable.com/ohagan-meyer,46
workable,oikonomakis-law-firm,https://apply.workable.com/oikonomakis-law-firm,20
workable,oilx,https://apply.workable.com/oilx,0
workable,oinky,https://apply.workable.com/oinky,0
workable,okra-solar,https://apply.workable.com/okra-solar,0
workable,oklahomachiller,https://apply.workable.com/oklahomachiller,7
workable,oja,https://apply.workable.com/oja,0
workable,ok-tire,https://apply.workable.com/ok-tire,0
workable,olark,https://apply.workable.com/olark,0
workable,olea-kiosks-inc,https://apply.workable.com/olea-kiosks-inc,2
workable,old-south-carriage-co,https://apply.workable.com/old-south-carriage-co,8
workable,oldmill,https://apply.workable.com/oldmill,17
workable,olipay,https://apply.workable.com/olipay,0
workable,olshanfoundationrepair,https://apply.workable.com/olshanfoundationrepair,0
workable,oneinamil,https://apply.workable.com/oneinamil,0
workable,onespace,https://apply.workable.com/onespace,0
workable,onevoicedata,https://apply.workable.com/onevoicedata,0
workable,oneledger,https://apply.workable.com/oneledger,0
workable,onfolio,https://apply.workable.com/onfolio,0
workable,onfido,https://apply.workable.com/onfido,0
workable,onbuy,https://apply.workable.com/onbuy,15
workable,one80-intermediaries,https://apply.workable.com/one80-intermediaries,0
workable,onit-athlete,https://apply.workable.com/onit-athlete,0
workable,onistudios,https://apply.workable.com/onistudios,0
workable,onlife,https://apply.workable.com/onlife,0
workable,oneavenue,https://oneavenue.workable.com,0
workable,online-casino-hex-uk,https://apply.workable.com/online-casino-hex-uk,0
workable,onlinecity,https://onlinecity.workable.com,0
workable,oneblade,https://oneblade.workable.com,0
workable,onlinemarketinggurus,https://apply.workable.com/onlinemarketinggurus,0
workable,onelegalcontractors,https://apply.workable.com/onelegalcontractors,2
workable,onlogic-inc,https://apply.workable.com/onlogic-inc,26
workable,onlyexperts,https://apply.workable.com/onlyexperts,0
workable,onera-health-1,https://apply.workable.com/onera-health-1,5
workable,onmsft,https://apply.workable.com/onmsft,0
workable,onmed,https://apply.workable.com/onmed,4
workable,onnit,https://apply.workable.com/onnit,0
workable,onomondo,https://apply.workable.com/onomondo,0
workable,onpathtesting,https://apply.workable.com/onpathtesting,0
workable,onomatic,https://apply.workable.com/onomatic,1
workable,onsaas,https://apply.workable.com/onsaas,0
workable,onside,https://apply.workable.com/onside,0
workable,onthedot,https://onthedot.workable.com,0
workable,onsidelaw,https://apply.workable.com/onsidelaw,0
workable,onsite-dental,https://apply.workable.com/onsite-dental,0
workable,ontimedubai,https://apply.workable.com/ontimedubai,24
workable,onedersquad-1,https://apply.workable.com/onedersquad-1,0
workable,onto,https://apply.workable.com/onto,0
workable,onecoredevit,https://apply.workable.com/onecoredevit,0
workable,onvitech,https://apply.workable.com/onvitech,0
workable,ontrak-team,https://apply.workable.com/ontrak-team,0
workable,one-sir,https://apply.workable.com/one-sir,5
workable,ontruck,https://apply.workable.com/ontruck,0
workable,onyourmark-tutoring,https://apply.workable.com/onyourmark-tutoring,0
workable,onyx-capital-group,https://apply.workable.com/onyx-capital-group,7
workable,onyx-nonprofit-strategies,https://apply.workable.com/onyx-nonprofit-strategies,0
workable,ooona,https://apply.workable.com/ooona,0
workable,onyx-specialty-processing,https://apply.workable.com/onyx-specialty-processing,2
workable,oocahq,https://apply.workable.com/oocahq,27
workable,onereach,https://onereach.workable.com,0
workable,oneocean,https://apply.workable.com/oneocean,0
workable,oneractive,https://apply.workable.com/oneractive,0
workable,onedot,https://apply.workable.com/onedot,0
workable,opal-labs,https://apply.workable.com/opal-labs,1
workable,oneimaging-1,https://apply.workable.com/oneimaging-1,0
workable,open-252,https://apply.workable.com/open-252,6
workable,open-banking,https://apply.workable.com/open-banking,0
workable,opap-s-a,https://apply.workable.com/opap-s-a,0
workable,opaq,https://apply.workable.com/opaq,0
workable,open-sky-group,https://apply.workable.com/open-sky-group,1
workable,open-range,https://apply.workable.com/open-range,0
workable,open-ocean-robotics,https://apply.workable.com/open-ocean-robotics,0
workable,open-north,https://apply.workable.com/open-north,0
workable,open-society-foundations,https://apply.workable.com/open-society-foundations,0
workable,open-up-resources,https://apply.workable.com/open-up-resources,0
workable,open-source-integrators,https://apply.workable.com/open-source-integrators,0
workable,openclimatefix,https://apply.workable.com/openclimatefix,0
workable,oneims,https://apply.workable.com/oneims,3
workable,openarmshousing,https://apply.workable.com/openarmshousing,0
workable,openfund,https://apply.workable.com/openfund,0
workable,openhealth,https://apply.workable.com/openhealth,0
workable,openlending,https://apply.workable.com/openlending,0
workable,openit,https://apply.workable.com/openit,0
workable,openlane-europe,https://apply.workable.com/openlane-europe,3
workable,openmined,https://apply.workable.com/openmined,25
workable,openocean,https://apply.workable.com/openocean,0
workable,openpool,https://apply.workable.com/openpool,0
workable,openrunner,https://openrunner.workable.com,0
workable,openoceanvc,https://apply.workable.com/openoceanvc,0
workable,opensignal-limited,https://apply.workable.com/opensignal-limited,0
workable,opensymmetry,https://apply.workable.com/opensymmetry,2
workable,opi-analytics,https://apply.workable.com/opi-analytics,0
workable,opportunity180,https://apply.workable.com/opportunity180,0
workable,opslock,https://apply.workable.com/opslock,0
workable,opsydia,https://apply.workable.com/opsydia,0
workable,optasia,https://apply.workable.com/optasia,82
workable,optimal,https://apply.workable.com/optimal,0
workable,optimal-hr,https://apply.workable.com/optimal-hr,92
workable,optimile,https://apply.workable.com/optimile,5
workable,optimy-2,https://apply.workable.com/optimy-2,0
workable,optitrack,https://apply.workable.com/optitrack,12
workable,optiwatt,https://apply.workable.com/optiwatt,0
workable,optizon,https://apply.workable.com/optizon,0
workable,opus-talent-solutions-1,https://apply.workable.com/opus-talent-solutions-1,12
workable,opusonesolutions,https://apply.workable.com/opusonesolutions,0
workable,orange-comet,https://apply.workable.com/orange-comet,0
workable,orgvue,https://apply.workable.com/orgvue,24
workable,orcamoney,https://apply.workable.com/orcamoney,0
workable,orbital-witness-limited,https://apply.workable.com/orbital-witness-limited,0
workable,origin-primary-limited,https://apply.workable.com/origin-primary-limited,0
workable,origin-coffee,https://apply.workable.com/origin-coffee,0
workable,ord-io,https://apply.workable.com/ord-io,0
workable,origin-ventures-1,https://apply.workable.com/origin-ventures-1,0
workable,orion-health,https://apply.workable.com/orion-health,14
workable,orionis-biosciences,https://apply.workable.com/orionis-biosciences,0
workable,ordereze,https://apply.workable.com/ordereze,0
workable,orlando-informer,https://apply.workable.com/orlando-informer,1
workable,orkestro17,https://apply.workable.com/orkestro17,0
workable,orosys,https://apply.workable.com/orosys,0
workable,orridgeand-co-ltd,https://apply.workable.com/orridgeand-co-ltd,0
workable,oroson,https://apply.workable.com/oroson,0
workable,ordaosbio,https://apply.workable.com/ordaosbio,0
workable,ortushealth,https://apply.workable.com/ortushealth,5
workable,orthopedic-and-sports-physical-therapy,https://apply.workable.com/orthopedic-and-sports-physical-therapy,0
workable,ordermygear,https://apply.workable.com/ordermygear,0
workable,orycterope-transalpin-sarl,https://apply.workable.com/orycterope-transalpin-sarl,0
workable,osakakuma,https://apply.workable.com/osakakuma,0
workable,osea,https://apply.workable.com/osea,6
workable,oseven,https://apply.workable.com/oseven,0
workable,osg-analytics,https://apply.workable.com/osg-analytics,0
workable,osldotcom,https://apply.workable.com/osldotcom,0
workable,osn,https://apply.workable.com/osn,0
workable,orchestry-software,https://apply.workable.com/orchestry-software,0
workable,osool-1,https://apply.workable.com/osool-1,2
workable,orderdesk,https://apply.workable.com/orderdesk,0
workable,otherworld,https://apply.workable.com/otherworld,0
workable,otherlab,https://apply.workable.com/otherlab,0
workable,otiv,https://apply.workable.com/otiv,10
workable,ottimate,https://apply.workable.com/ottimate,12
workable,orgcon,https://apply.workable.com/orgcon,0
workable,our-minds-matter,https://apply.workable.com/our-minds-matter,0
workable,oura-health-ltd,https://apply.workable.com/oura-health-ltd,0
workable,our-place-of-new-trier,https://apply.workable.com/our-place-of-new-trier,0
workable,ourcart,https://apply.workable.com/ourcart,0
workable,orbiss-1,https://apply.workable.com/orbiss-1,9
workable,overton,https://apply.workable.com/overton,0
workable,oxford-highq,https://apply.workable.com/oxford-highq,0
workable,oxford-quantum-circuits-8,https://apply.workable.com/oxford-quantum-circuits-8,21
workable,oxforddynamics,https://apply.workable.com/oxforddynamics,13
workable,own-17,https://apply.workable.com/own-17,2
workable,oxwash,https://apply.workable.com/oxwash,0
workable,oxsed,https://apply.workable.com/oxsed,0
workable,oversee-1,https://apply.workable.com/oversee-1,6
workable,ovh-energy-marketing-ltd,https://apply.workable.com/ovh-energy-marketing-ltd,0
workable,own-up,https://apply.workable.com/own-up,0
workable,oxx,https://apply.workable.com/oxx,0
workable,oxyle-ag-1,https://apply.workable.com/oxyle-ag-1,0
workable,p-b-trucking-inc,https://apply.workable.com/p-b-trucking-inc,0
workable,ozoneapi,https://apply.workable.com/ozoneapi,0
workable,p11-group,https://apply.workable.com/p11-group,0
workable,p2p,https://apply.workable.com/p2p,0
workable,pacc,https://apply.workable.com/pacc,0
workable,p3-parks,https://apply.workable.com/p3-parks,44
workable,paays,https://apply.workable.com/paays,0
workable,pace-hire,https://apply.workable.com/pace-hire,0
workable,pace-gallery,https://apply.workable.com/pace-gallery,1
workable,pace-15,https://apply.workable.com/pace-15,0
workable,own-your-expertise-llc,https://apply.workable.com/own-your-expertise-llc,0
workable,pacific-campaign-house,https://apply.workable.com/pacific-campaign-house,0
workable,pachama,https://apply.workable.com/pachama,0
workable,pacific54,https://pacific54.workable.com,0
workable,p2sample,https://apply.workable.com/p2sample,0
workable,pacific-skin-institute-1,https://apply.workable.com/pacific-skin-institute-1,14
workable,pacifica-beauty,https://apply.workable.com/pacifica-beauty,0
workable,oxeye,https://apply.workable.com/oxeye,0
workable,oxbow-academy,https://apply.workable.com/oxbow-academy,4
workable,pacific-defense,https://apply.workable.com/pacific-defense,7
workable,pacific-wildlife-care,https://apply.workable.com/pacific-wildlife-care,0
workable,pacifica-housing,https://apply.workable.com/pacifica-housing,10
workable,owl-dot-co,https://apply.workable.com/owl-dot-co,0
workable,packaging-bee,https://apply.workable.com/packaging-bee,0
workable,packtpublishing,https://apply.workable.com/packtpublishing,9
workable,packet-power,https://apply.workable.com/packet-power,0
workable,packetfabric,https://apply.workable.com/packetfabric,0
workable,oxford-ionics,https://apply.workable.com/oxford-ionics,19
workable,packt-publishing,https://packt-publishing.workable.com,0
workable,owlchemy-labs,https://apply.workable.com/owlchemy-labs,1
workable,paddle,https://apply.workable.com/paddle,0
workable,pahrtners-deaf-services,https://apply.workable.com/pahrtners-deaf-services,0
workable,pact-coffee,https://apply.workable.com/pact-coffee,3
workable,pai-skincare,https://pai-skincare.workable.com,0
workable,pager,https://apply.workable.com/pager,0
workable,paidtech,https://apply.workable.com/paidtech,0
workable,paired-3,https://apply.workable.com/paired-3,0
workable,paired,https://apply.workable.com/paired,1
workable,pakistan-mobile-communication-limited-pmcl,https://apply.workable.com/pakistan-mobile-communication-limited-pmcl,103
workable,paiute-indian-tribe-of-utah,https://apply.workable.com/paiute-indian-tribe-of-utah,4
workable,pala-casino-spa-resort,https://apply.workable.com/pala-casino-spa-resort,0
workable,palazzo-inc-1,https://apply.workable.com/palazzo-inc-1,0
workable,palm-drive-capital,https://apply.workable.com/palm-drive-capital,0
workable,pamb,https://apply.workable.com/pamb,4
workable,palm-venture-studios,https://apply.workable.com/palm-venture-studios,21
workable,palo-alto-therapy,https://apply.workable.com/palo-alto-therapy,7
workable,panalgo,https://apply.workable.com/panalgo,0
workable,panaseer,https://apply.workable.com/panaseer,0
workable,pandascore-2,https://apply.workable.com/pandascore-2,0
workable,pandatree,https://apply.workable.com/pandatree,2
workable,pandell,https://apply.workable.com/pandell,1
workable,panelmatic-inc,https://apply.workable.com/panelmatic-inc,110
workable,pangaia,https://apply.workable.com/pangaia,0
workable,panic-stations,https://apply.workable.com/panic-stations,1
workable,papa-in-shape,https://apply.workable.com/papa-in-shape,0
workable,papayadash,https://apply.workable.com/papayadash,0
workable,paperpile,https://apply.workable.com/paperpile,2
workable,papertiger,https://apply.workable.com/papertiger,0
workable,parallo-1,https://apply.workable.com/parallo-1,0
workable,parallel-learning-1,https://apply.workable.com/parallel-learning-1,0
workable,parcelat,https://apply.workable.com/parcelat,1
workable,parcel-tracker,https://apply.workable.com/parcel-tracker,0
workable,parallelemployment,https://apply.workable.com/parallelemployment,44
workable,parningroup,https://apply.workable.com/parningroup,0
workable,park-paving-ltd,https://apply.workable.com/park-paving-ltd,18
workable,paro-dot-i-o-1,https://apply.workable.com/paro-dot-i-o-1,0
workable,parkopedia,https://apply.workable.com/parkopedia,0
workable,parq,https://apply.workable.com/parq,3
workable,parrot-analytics-4,https://apply.workable.com/parrot-analytics-4,0
workable,parsecmedia,https://apply.workable.com/parsecmedia,0
workable,parsleybox,https://apply.workable.com/parsleybox,0
workable,pars-therapy,https://apply.workable.com/pars-therapy,433
workable,parsyl,https://apply.workable.com/parsyl,0
workable,parishsoft,https://parishsoft.workable.com,0
workable,pargo,https://apply.workable.com/pargo,0
workable,parcelvolt-limited,https://apply.workable.com/parcelvolt-limited,0
workable,partner-one-capital,https://apply.workable.com/partner-one-capital,124
workable,partelo,https://apply.workable.com/partelo,0
workable,partechpartners,https://apply.workable.com/partechpartners,0
workable,partnercentric,https://partnercentric.workable.com,0
workable,partners31,https://apply.workable.com/partners31,0
workable,parx-home-health-care,https://apply.workable.com/parx-home-health-care,109
workable,partstech,https://apply.workable.com/partstech,0
workable,pasqal,https://apply.workable.com/pasqal,0
workable,pasha-holding,https://apply.workable.com/pasha-holding,24
workable,passagehq,https://apply.workable.com/passagehq,0
workable,passage,https://apply.workable.com/passage,0
workable,paramount-commerce,https://apply.workable.com/paramount-commerce,5
workable,passendo,https://apply.workable.com/passendo,0
workable,passion,https://apply.workable.com/passion,0
workable,passfort,https://apply.workable.com/passfort,0
workable,pardus-oil-and-gas-1,https://apply.workable.com/pardus-oil-and-gas-1,0
workable,passion-digital,https://apply.workable.com/passion-digital,0
workable,passion2job,https://apply.workable.com/passion2job,0
workable,passionfashion,https://apply.workable.com/passionfashion,0
workable,pat-alessi-salon-1580,https://apply.workable.com/pat-alessi-salon-1580,0
workable,passionio,https://apply.workable.com/passionio,5
workable,patchell,https://apply.workable.com/patchell,0
workable,patchrx,https://apply.workable.com/patchrx,0
workable,patchstack,https://apply.workable.com/patchstack,6
workable,patchworkhealth,https://apply.workable.com/patchworkhealth,3
workable,pathfinder,https://apply.workable.com/pathfinder,0
workable,path-construction,https://apply.workable.com/path-construction,80
workable,passionfruit,https://apply.workable.com/passionfruit,0
workable,pathfinder-home-health,https://apply.workable.com/pathfinder-home-health,2
workable,pathfinder-solutions,https://apply.workable.com/pathfinder-solutions,0
workable,pathwaygeriatrics,https://apply.workable.com/pathwaygeriatrics,8
workable,pathlight,https://apply.workable.com/pathlight,39
workable,patients,https://apply.workable.com/patients,0
workable,patientwisdom,https://apply.workable.com/patientwisdom,0
workable,parcion-private-wealth,https://apply.workable.com/parcion-private-wealth,2
workable,patriot-software,https://apply.workable.com/patriot-software,0
workable,patrique-mercier-recruitment-1,https://apply.workable.com/patrique-mercier-recruitment-1,0
workable,payfuture,https://apply.workable.com/payfuture,2
workable,paymerang,https://apply.workable.com/paymerang,0
workable,paxton-access,https://apply.workable.com/paxton-access,8
workable,payyo-ag,https://apply.workable.com/payyo-ag,0
workable,payzer,https://apply.workable.com/payzer,0
workable,payrollpanda,https://payrollpanda.workable.com,0
workable,paysure,https://apply.workable.com/paysure,0
workable,paysend,https://apply.workable.com/paysend,0
workable,pdi-health,https://apply.workable.com/pdi-health,0
workable,pba-experts,https://apply.workable.com/pba-experts,0
workable,pe101,https://apply.workable.com/pe101,0
workable,paynecrest,https://paynecrest.workable.com,0
workable,peach-2,https://apply.workable.com/peach-2,50
workable,peace-club,https://apply.workable.com/peace-club,0
workable,peachpay,https://apply.workable.com/peachpay,0
workable,paywize-pvt-ltd,https://apply.workable.com/paywize-pvt-ltd,0
workable,peak,https://apply.workable.com/peak,0
workable,peacock-alley-inc-1,https://apply.workable.com/peacock-alley-inc-1,0
workable,peak-hire-solutions,https://apply.workable.com/peak-hire-solutions,0
workable,peak-business-consultants-llc,https://apply.workable.com/peak-business-consultants-llc,0
workable,pcg-digital,https://apply.workable.com/pcg-digital,0
workable,pch-media,https://apply.workable.com/pch-media,0
workable,pblworks,https://apply.workable.com/pblworks,0
workable,peak-made,https://apply.workable.com/peak-made,116
workable,peak-management,https://apply.workable.com/peak-management,17
workable,peakon,https://apply.workable.com/peakon,0
workable,peaksware,https://apply.workable.com/peaksware,15
workable,pearl-techologies,https://apply.workable.com/pearl-techologies,0
workable,pearlabyss-europe,https://apply.workable.com/pearlabyss-europe,13
workable,pearltalent,https://apply.workable.com/pearltalent,255
workable,pearls-1,https://apply.workable.com/pearls-1,0
workable,pearson-india-education-services-private-limited,https://apply.workable.com/pearson-india-education-services-private-limited,0
workable,payjoy,https://apply.workable.com/payjoy,0
workable,peasy,https://apply.workable.com/peasy,14
workable,paykobo-dot-c-om,https://apply.workable.com/paykobo-dot-c-om,0
workable,pecnw,https://apply.workable.com/pecnw,3
workable,pecan,https://apply.workable.com/pecan,0
workable,payplug,https://apply.workable.com/payplug,0
workable,paypecker,https://apply.workable.com/paypecker,0
workable,peech-1,https://apply.workable.com/peech-1,0
workable,paypecker-hq,https://apply.workable.com/paypecker-hq,0
workable,peekandpoke,https://apply.workable.com/peekandpoke,0
workable,peer-insight,https://apply.workable.com/peer-insight,0
workable,pca-2,https://apply.workable.com/pca-2,0
workable,peelinsights,https://apply.workable.com/peelinsights,0
workable,payinvert,https://apply.workable.com/payinvert,0
workable,payengine,https://apply.workable.com/payengine,0
workable,pegipegi-dot-com,https://apply.workable.com/pegipegi-dot-com,0
workable,penpal-schools,https://apply.workable.com/penpal-schools,0
workable,penny-ai,https://apply.workable.com/penny-ai,0
workable,pembroke-house-1,https://apply.workable.com/pembroke-house-1,0
workable,penpath-llc,https://apply.workable.com/penpath-llc,0
workable,payitoff,https://apply.workable.com/payitoff,0
workable,pension-services-corporation-limited,https://apply.workable.com/pension-services-corporation-limited,18
workable,penrose-health,https://apply.workable.com/penrose-health,0
workable,pentech-ventures,https://apply.workable.com/pentech-ventures,0
workable,payload-studios,https://apply.workable.com/payload-studios,0
workable,people-in-need-2,https://apply.workable.com/people-in-need-2,5
workable,people-principles,https://apply.workable.com/people-principles,0
workable,penwell-bowman-curran-llc,https://apply.workable.com/penwell-bowman-curran-llc,0
workable,peoplefun,https://apply.workable.com/peoplefun,0
workable,peoplegofirst,https://apply.workable.com/peoplegofirst,0
workable,peoplesarcofsuffolk,https://apply.workable.com/peoplesarcofsuffolk,18
workable,pepper-hellas-asset-management-sa,https://apply.workable.com/pepper-hellas-asset-management-sa,0
workable,pepperhq,https://pepperhq.workable.com,0
workable,peppermayo,https://peppermayo.workable.com,0
workable,pepperstone,https://apply.workable.com/pepperstone,33
workable,pepperbodyinc,https://apply.workable.com/pepperbodyinc,1
workable,percent,https://apply.workable.com/percent,0
workable,perceptyx,https://apply.workable.com/perceptyx,0
workable,perceptyx-2,https://apply.workable.com/perceptyx-2,0
workable,perch-fit,https://apply.workable.com/perch-fit,0
workable,percihealth,https://apply.workable.com/percihealth,3
workable,pereview-software,https://apply.workable.com/pereview-software,4
workable,performyard,https://apply.workable.com/performyard,9
workable,perseus,https://perseus.workable.com,0
workable,perts,https://apply.workable.com/perts,0
workable,pgtek,https://apply.workable.com/pgtek,15
workable,phaea,https://apply.workable.com/phaea,8
workable,phaistosnetworks,https://apply.workable.com/phaistosnetworks,0
workable,petro-towery-inc,https://apply.workable.com/petro-towery-inc,19
workable,pharmacierge,https://apply.workable.com/pharmacierge,7
workable,pharmacy2u,https://apply.workable.com/pharmacy2u,42
workable,pharmasales,https://apply.workable.com/pharmasales,0
workable,pharmathen,https://apply.workable.com/pharmathen,18
workable,perunhr,https://apply.workable.com/perunhr,0
workable,pg-wireless,https://apply.workable.com/pg-wireless,0
workable,phazero,https://apply.workable.com/phazero,1
workable,phg-retail-services,https://apply.workable.com/phg-retail-services,134
workable,pf-olsen,https://apply.workable.com/pf-olsen,0
workable,petrotec,https://apply.workable.com/petrotec,1
workable,petwow,https://apply.workable.com/petwow,16
workable,peterlucas,https://apply.workable.com/peterlucas,38
workable,philips,https://apply.workable.com/philips,0
workable,peter-pan-seafood-co-llc,https://apply.workable.com/peter-pan-seafood-co-llc,0
workable,petplate,https://apply.workable.com/petplate,0
workable,philinc,https://apply.workable.com/philinc,0
workable,phillips-consulting,https://apply.workable.com/phillips-consulting,19
workable,phillips-corporation,https://apply.workable.com/phillips-corporation,39
workable,phillips-outsourcing,https://apply.workable.com/phillips-outsourcing,0
workable,phlo,https://phlo.workable.com,0
workable,phn,https://apply.workable.com/phn,12
workable,phlo-1,https://apply.workable.com/phlo-1,0
workable,phnx,https://apply.workable.com/phnx,0
workable,phocassoftware,https://apply.workable.com/phocassoftware,0
workable,phoenix-software,https://apply.workable.com/phoenix-software,17
workable,phosphorus,https://apply.workable.com/phosphorus,0
workable,phoenix-home-care-and-hospice,https://apply.workable.com/phoenix-home-care-and-hospice,350
workable,phplist-ltd,https://apply.workable.com/phplist-ltd,0
workable,physical-therapy-central,https://apply.workable.com/physical-therapy-central,0
workable,physicians-for-women,https://apply.workable.com/physicians-for-women,0
workable,physiowinnipeg,https://physiowinnipeg.workable.com,0
workable,pi,https://apply.workable.com/pi,0
workable,pickmeup,https://pickmeup.workable.com,0
workable,pickle-1,https://apply.workable.com/pickle-1,0
workable,picnic-media-limited,https://apply.workable.com/picnic-media-limited,1
workable,picknik,https://apply.workable.com/picknik,0
workable,picpulse,https://apply.workable.com/picpulse,0
workable,picture-health,https://apply.workable.com/picture-health,0
workable,pierce,https://apply.workable.com/pierce,17
workable,piggyvest,https://apply.workable.com/piggyvest,0
workable,pilytix,https://apply.workable.com/pilytix,0
workable,pikpok,https://apply.workable.com/pikpok,0
workable,pillow,https://pillow.workable.com,0
workable,pilotai,https://apply.workable.com/pilotai,0
workable,pinchmedspa,https://apply.workable.com/pinchmedspa,23
workable,pineapple-contracts,https://apply.workable.com/pineapple-contracts,7
workable,pinax,https://apply.workable.com/pinax,0
workable,pinely,https://apply.workable.com/pinely,17
workable,pingdom-ab,https://apply.workable.com/pingdom-ab,0
workable,pingboard-1,https://apply.workable.com/pingboard-1,0
workable,pink,https://apply.workable.com/pink,0
workable,pingup,https://pingup.workable.com,0
workable,pinnatta,https://apply.workable.com/pinnatta,0
workable,pinkston,https://apply.workable.com/pinkston,3
workable,pinnacle-way-of-life,https://apply.workable.com/pinnacle-way-of-life,0
workable,pinonunifedschooldistrict4,https://apply.workable.com/pinonunifedschooldistrict4,16
workable,pint,https://apply.workable.com/pint,0
workable,pinpoint-systems,https://apply.workable.com/pinpoint-systems,0
workable,pip-decks,https://apply.workable.com/pip-decks,0
workable,pip-university,https://apply.workable.com/pip-university,0
workable,pipa,https://apply.workable.com/pipa,0
workable,pipc,https://apply.workable.com/pipc,0
workable,pipeline-gurus,https://apply.workable.com/pipeline-gurus,3
workable,piratagroup,https://apply.workable.com/piratagroup,0
workable,piraeus-bank,https://apply.workable.com/piraeus-bank,6
workable,pistollake,https://apply.workable.com/pistollake,0
workable,pitchbull,https://apply.workable.com/pitchbull,0
workable,pitchero,https://apply.workable.com/pitchero,0
workable,pivot-agency,https://apply.workable.com/pivot-agency,1
workable,pivot-point-security,https://apply.workable.com/pivot-point-security,0
workable,pivot-strategies,https://apply.workable.com/pivot-strategies,1
workable,pix4d,https://apply.workable.com/pix4d,6
workable,pixel-union,https://apply.workable.com/pixel-union,0
workable,pixelcraft-studios,https://apply.workable.com/pixelcraft-studios,0
workable,pixelberry-studios,https://apply.workable.com/pixelberry-studios,0
workable,pixelmatters,https://apply.workable.com/pixelmatters,0
workable,pixie-labs,https://apply.workable.com/pixie-labs,0
workable,pixlee,https://apply.workable.com/pixlee,0
workable,pixl8,https://apply.workable.com/pixl8,0
workable,pj-fitz,https://apply.workable.com/pj-fitz,49
workable,pixwel,https://apply.workable.com/pixwel,0
workable,plaisio-careers,https://apply.workable.com/plaisio-careers,44
workable,planetargon,https://apply.workable.com/planetargon,0
workable,planetary,https://apply.workable.com/planetary,0
workable,pixsy,https://apply.workable.com/pixsy,0
workable,pj-mechanical,https://apply.workable.com/pj-mechanical,0
workable,plantation-industries-limited,https://apply.workable.com/plantation-industries-limited,0
workable,plastics-family-americas,https://apply.workable.com/plastics-family-americas,0
workable,planteria-group,https://apply.workable.com/planteria-group,0
workable,plastics-manufacturing-company-in-lenexa-ks,https://plastics-manufacturing-company-in-lenexa-ks.workable.com,0
workable,platform-science,https://apply.workable.com/platform-science,0
workable,platinum-care-solutions,https://apply.workable.com/platinum-care-solutions,0
workable,plato,https://apply.workable.com/plato,0
workable,plainconcepts,https://apply.workable.com/plainconcepts,14
workable,play-for-real-therapy-services,https://apply.workable.com/play-for-real-therapy-services,0
workable,playfair,https://apply.workable.com/playfair,0
workable,place,https://apply.workable.com/place,0
workable,plant-prefab-inc,https://apply.workable.com/plant-prefab-inc,0
workable,plectonic-logibody-gmbh,https://apply.workable.com/plectonic-logibody-gmbh,1
workable,please-assist-me,https://apply.workable.com/please-assist-me,4
workable,placed-app,https://apply.workable.com/placed-app,0
workable,plenful,https://apply.workable.com/plenful,0
workable,platinum-list,https://apply.workable.com/platinum-list,4
workable,platoscloset,https://apply.workable.com/platoscloset,9
workable,platinumids,https://platinumids.workable.com,0
workable,platzi,https://apply.workable.com/platzi,18
workable,plana,https://apply.workable.com/plana,1
workable,plug-1,https://apply.workable.com/plug-1,0
workable,plum,https://apply.workable.com/plum,0
workable,plum-3,https://apply.workable.com/plum-3,0
workable,plum-creek-recovery-ranch,https://apply.workable.com/plum-creek-recovery-ranch,7
workable,plume-labs,https://apply.workable.com/plume-labs,0
workable,plumerai,https://apply.workable.com/plumerai,0
workable,plus-communications,https://apply.workable.com/plus-communications,5
workable,pluto-card,https://apply.workable.com/pluto-card,0
workable,plusnet-broadband,https://plusnet-broadband.workable.com,0
workable,planet-sa-1,https://apply.workable.com/planet-sa-1,15
workable,plutus-dot-it,https://apply.workable.com/plutus-dot-it,0
workable,planetpropaganda,https://apply.workable.com/planetpropaganda,3
workable,planet3,https://apply.workable.com/planet3,0
workable,plutus-media,https://apply.workable.com/plutus-media,0
workable,pmlab,https://apply.workable.com/pmlab,0
workable,pm2cm,https://apply.workable.com/pm2cm,124
workable,pmr-cc,https://apply.workable.com/pmr-cc,0
workable,pnoe-1,https://apply.workable.com/pnoe-1,3
workable,pnb-met-life-insurance-co-ltd,https://apply.workable.com/pnb-met-life-insurance-co-ltd,0
workable,pmtech,https://apply.workable.com/pmtech,0
workable,pobuca,https://apply.workable.com/pobuca,0
workable,poatek-it-consulting,https://apply.workable.com/poatek-it-consulting,0
workable,podia,https://apply.workable.com/podia,0
workable,pocket-prep,https://apply.workable.com/pocket-prep,0
workable,pogustgoodhead,https://apply.workable.com/pogustgoodhead,4
workable,podsights,https://apply.workable.com/podsights,0
workable,point-to-point-1,https://apply.workable.com/point-to-point-1,0
workable,pointblankcreative,https://apply.workable.com/pointblankcreative,0
workable,pointbiopharma,https://apply.workable.com/pointbiopharma,0
workable,polaris-spine-and-neurosurgery-center,https://apply.workable.com/polaris-spine-and-neurosurgery-center,0
workable,polarismp,https://apply.workable.com/polarismp,0
workable,polaris-tech-charter-school,https://apply.workable.com/polaris-tech-charter-school,0
workable,pole-star-1,https://apply.workable.com/pole-star-1,0
workable,polecat-risk-intelligence,https://apply.workable.com/polecat-risk-intelligence,0
workable,political-research-associates,https://apply.workable.com/political-research-associates,0
workable,polku,https://polku.workable.com,0
workable,pollen-vc,https://apply.workable.com/pollen-vc,0
workable,pollenary,https://apply.workable.com/pollenary,0
workable,polly,https://apply.workable.com/polly,0
workable,pollyinsuranceagency,https://apply.workable.com/pollyinsuranceagency,0
workable,positionly,https://apply.workable.com/positionly,0
workable,portland-internetworks,https://apply.workable.com/portland-internetworks,0
workable,position,https://apply.workable.com/position,0
workable,polonord-adeste-srl,https://apply.workable.com/polonord-adeste-srl,1
workable,portchain,https://apply.workable.com/portchain,0
workable,porpoise-power,https://apply.workable.com/porpoise-power,0
workable,positive-intelligence,https://apply.workable.com/positive-intelligence,0
workable,pow-audio-inc,https://apply.workable.com/pow-audio-inc,0
workable,power-athlete-inc,https://apply.workable.com/power-athlete-inc,0
workable,power-recycling,https://apply.workable.com/power-recycling,0
workable,power-factors,https://apply.workable.com/power-factors,11
workable,power-finance,https://apply.workable.com/power-finance,0
workable,powerchord,https://apply.workable.com/powerchord,0
workable,postman,https://apply.workable.com/postman,0
workable,powerfluence,https://apply.workable.com/powerfluence,0
workable,powerlines,https://apply.workable.com/powerlines,5
workable,powers-energy-solutions,https://apply.workable.com/powers-energy-solutions,0
workable,powertalent,https://apply.workable.com/powertalent,0
workable,powershoptech,https://apply.workable.com/powershoptech,0
workable,pprpo,https://apply.workable.com/pprpo,0
workable,pplp,https://apply.workable.com/pplp,3
workable,potato-play-pte-ltd,https://apply.workable.com/potato-play-pte-ltd,0
workable,pr-tech-global-ltd,https://apply.workable.com/pr-tech-global-ltd,0
workable,pra-air-conditioning-ltd,https://apply.workable.com/pra-air-conditioning-ltd,0
workable,pr-volt,https://apply.workable.com/pr-volt,0
workable,practice-public,https://apply.workable.com/practice-public,0
workable,potterclarkson,https://apply.workable.com/potterclarkson,0
workable,praxis-life-sciences,https://apply.workable.com/praxis-life-sciences,0
workable,praktiker,https://apply.workable.com/praktiker,0
workable,practihealth,https://apply.workable.com/practihealth,0
workable,pravaler-1,https://apply.workable.com/pravaler-1,0
workable,preciousapril,https://apply.workable.com/preciousapril,0
workable,praytell,https://apply.workable.com/praytell,8
workable,portswigger,https://apply.workable.com/portswigger,8
workable,portfoliobi,https://apply.workable.com/portfoliobi,4
workable,precision-neuroscience,https://apply.workable.com/precision-neuroscience,0
workable,precision-combustion-inc,https://apply.workable.com/precision-combustion-inc,1
workable,precoa,https://apply.workable.com/precoa,62
workable,precisionscribes,https://apply.workable.com/precisionscribes,1
workable,precocityllc,https://apply.workable.com/precocityllc,0
workable,precogs,https://apply.workable.com/precogs,0
workable,preczn,https://apply.workable.com/preczn,0
workable,precursive,https://apply.workable.com/precursive,0
workable,prediso-dot-t-ech,https://apply.workable.com/prediso-dot-t-ech,0
workable,predicine-inc,https://apply.workable.com/predicine-inc,0
workable,pos-x,https://apply.workable.com/pos-x,0
workable,preesale-inc,https://preesale-inc.workable.com,0
workable,preface-coding,https://apply.workable.com/preface-coding,0
workable,preferred-networks,https://apply.workable.com/preferred-networks,0
workable,prefix-dot-d-ev-gmbh-1,https://apply.workable.com/prefix-dot-d-ev-gmbh-1,0
workable,preferred-return,https://apply.workable.com/preferred-return,0
workable,prelinks,https://apply.workable.com/prelinks,0
workable,premier-aquatics,https://apply.workable.com/premier-aquatics,13
workable,premiergolf,https://apply.workable.com/premiergolf,0
workable,premier-parking-services-inc,https://apply.workable.com/premier-parking-services-inc,0
workable,prenda,https://apply.workable.com/prenda,0
workable,prentus-testing,https://apply.workable.com/prentus-testing,0
workable,prepass,https://apply.workable.com/prepass,9
workable,preparedhero,https://apply.workable.com/preparedhero,0
workable,preppypick,https://apply.workable.com/preppypick,0
workable,prescotts-inc,https://apply.workable.com/prescotts-inc,13
workable,presentergroup,https://apply.workable.com/presentergroup,0
workable,press-technologies,https://apply.workable.com/press-technologies,0
workable,pressed-floral,https://apply.workable.com/pressed-floral,0
workable,pressed-roots,https://apply.workable.com/pressed-roots,15
workable,pressreader,https://apply.workable.com/pressreader,2
workable,prestashop-3,https://apply.workable.com/prestashop-3,0
workable,prestatech,https://apply.workable.com/prestatech,0
workable,prestofinance,https://apply.workable.com/prestofinance,0
workable,prevail,https://apply.workable.com/prevail,9
workable,previse,https://apply.workable.com/previse,0
workable,pricewaterhousecoopers-business-solutions-s-dot-a,https://apply.workable.com/pricewaterhousecoopers-business-solutions-s-dot-a,21
workable,primarymd,https://apply.workable.com/primarymd,0
workable,prime-system,https://apply.workable.com/prime-system,142
workable,primer-api,https://apply.workable.com/primer-api,0
workable,primeroots,https://apply.workable.com/primeroots,0
workable,prime-hire,https://apply.workable.com/prime-hire,0
workable,priority-group,https://priority-group.workable.com,0
workable,primer,https://apply.workable.com/primer,0
workable,privy-2,https://apply.workable.com/privy-2,12
workable,pro-mechanical-services,https://apply.workable.com/pro-mechanical-services,25
workable,procook-1,https://apply.workable.com/procook-1,15
workable,proctorfree,https://apply.workable.com/proctorfree,0
workable,problem-company,https://apply.workable.com/problem-company,0
workable,procureai,https://apply.workable.com/procureai,0
workable,probotek-gr,https://apply.workable.com/probotek-gr,0
workable,procapslabs,https://apply.workable.com/procapslabs,26
workable,prodigy-cabinetry,https://apply.workable.com/prodigy-cabinetry,0
workable,prodensa,https://apply.workable.com/prodensa,0
workable,prodigy-labs,https://apply.workable.com/prodigy-labs,0
workable,producepay,https://apply.workable.com/producepay,0
workable,prodsight,https://apply.workable.com/prodsight,0
workable,pristine-properties,https://apply.workable.com/pristine-properties,0
workable,product-feedback,https://apply.workable.com/product-feedback,0
workable,proarch-3,https://apply.workable.com/proarch-3,38
workable,productboard,https://productboard.workable.com,0
workable,prodpad,https://apply.workable.com/prodpad,1
workable,productheroes,https://apply.workable.com/productheroes,11
workable,product-marketing-alliance,https://apply.workable.com/product-marketing-alliance,0
workable,production,https://apply.workable.com/production,0
workable,privo,https://apply.workable.com/privo,0
workable,productive-dot-i-o,https://apply.workable.com/productive-dot-i-o,4
workable,productive-flourishing,https://apply.workable.com/productive-flourishing,0
workable,productmadness,https://apply.workable.com/productmadness,0
workable,prodyna,https://apply.workable.com/prodyna,0
workable,prof,https://apply.workable.com/prof,0
workable,professional-civil-process,https://apply.workable.com/professional-civil-process,4
workable,proen,https://apply.workable.com/proen,0
workable,professional-pt,https://apply.workable.com/professional-pt,174
workable,privyr,https://apply.workable.com/privyr,0
workable,profi,https://apply.workable.com/profi,0
workable,process-street-2,https://apply.workable.com/process-street-2,0
workable,proficio-inc,https://apply.workable.com/proficio-inc,4
workable,profitwell-invalid,https://apply.workable.com/profitwell-invalid,0
workable,prochant-us,https://apply.workable.com/prochant-us,2
workable,profisee,https://apply.workable.com/profisee,0
workable,process-logic-inc,https://apply.workable.com/process-logic-inc,0
workable,procon-consulting,https://apply.workable.com/procon-consulting,19
workable,privateluxuryevents,https://apply.workable.com/privateluxuryevents,2
workable,prohibition-partners-2,https://apply.workable.com/prohibition-partners-2,0
workable,project-canary,https://apply.workable.com/project-canary,0
workable,project-founded,https://apply.workable.com/project-founded,0
workable,project-wayfinder,https://apply.workable.com/project-wayfinder,0
workable,proko-llc,https://apply.workable.com/proko-llc,0
workable,projuris-corp,https://apply.workable.com/projuris-corp,0
workable,proactive-talent-solutions,https://apply.workable.com/proactive-talent-solutions,41
workable,prolific-world,https://apply.workable.com/prolific-world,0
workable,procare-software,https://apply.workable.com/procare-software,0
workable,prolucid-technologies,https://apply.workable.com/prolucid-technologies,0
workable,promineo-studios,https://apply.workable.com/promineo-studios,0
workable,prominence-advisors,https://apply.workable.com/prominence-advisors,25
workable,promise1,https://apply.workable.com/promise1,0
workable,promo-1,https://apply.workable.com/promo-1,0
workable,prommt,https://apply.workable.com/prommt,0
workable,promo-fund,https://apply.workable.com/promo-fund,3
workable,promomissouri,https://apply.workable.com/promomissouri,0
workable,promptworks,https://apply.workable.com/promptworks,0
workable,propellerhead,https://apply.workable.com/propellerhead,0
workable,propagate,https://apply.workable.com/propagate,0
workable,pronto-pro,https://apply.workable.com/pronto-pro,0
workable,propel-4,https://apply.workable.com/propel-4,0
workable,proper-expression,https://apply.workable.com/proper-expression,0
workable,prontmed,https://apply.workable.com/prontmed,0
workable,propertyfinder,https://apply.workable.com/propertyfinder,0
workable,propertynews,https://apply.workable.com/propertynews,0
workable,prophecy,https://apply.workable.com/prophecy,0
workable,prophix,https://apply.workable.com/prophix,17
workable,proportunity,https://apply.workable.com/proportunity,0
workable,proppel,https://apply.workable.com/proppel,0
workable,prosapient,https://apply.workable.com/prosapient,16
workable,prosci,https://apply.workable.com/prosci,19
workable,proscope,https://apply.workable.com/proscope,0
workable,prosource-dot-i-t,https://apply.workable.com/prosource-dot-i-t,5
workable,prosper-immigration-inc,https://apply.workable.com/prosper-immigration-inc,0
workable,prosperitysolutions,https://apply.workable.com/prosperitysolutions,0
workable,prospery,https://apply.workable.com/prospery,0
workable,prosphire,https://apply.workable.com/prosphire,6
workable,prince-of-travel,https://apply.workable.com/prince-of-travel,0
workable,prosync,https://apply.workable.com/prosync,59
workable,protagonist,https://apply.workable.com/protagonist,0
workable,protect-my-pet,https://apply.workable.com/protect-my-pet,0
workable,protector-security-alarms,https://apply.workable.com/protector-security-alarms,0
workable,protera,https://apply.workable.com/protera,13
workable,protenders,https://protenders.workable.com,0
workable,protoio,https://apply.workable.com/protoio,0
workable,proud-source-water,https://apply.workable.com/proud-source-water,0
workable,prototype-1,https://apply.workable.com/prototype-1,0
workable,provider1st,https://apply.workable.com/provider1st,1
workable,provenance-hq,https://apply.workable.com/provenance-hq,1
workable,prox-works,https://apply.workable.com/prox-works,21
workable,proxymity,https://apply.workable.com/proxymity,1
workable,psblty-co,https://apply.workable.com/psblty-co,0
workable,psychology-today,https://apply.workable.com/psychology-today,0
workable,pt-link-net-tbk-1,https://apply.workable.com/pt-link-net-tbk-1,27
workable,pubgenius-1,https://apply.workable.com/pubgenius-1,58
workable,public-digital-1,https://apply.workable.com/public-digital-1,1
workable,public-life,https://apply.workable.com/public-life,0
workable,public-uk,https://apply.workable.com/public-uk,0
workable,publicgroup,https://apply.workable.com/publicgroup,82
workable,pt,https://apply.workable.com/pt,0
workable,puffer-finance,https://apply.workable.com/puffer-finance,0
workable,pulse-labs,https://apply.workable.com/pulse-labs,20
workable,pulsegames,https://apply.workable.com/pulsegames,12
workable,pulselive,https://apply.workable.com/pulselive,0
workable,punchpass,https://apply.workable.com/punchpass,0
workable,pupil-progress,https://apply.workable.com/pupil-progress,0
workable,purely-optimal-inc,https://apply.workable.com/purely-optimal-inc,1
workable,puresec,https://apply.workable.com/puresec,0
workable,purple,https://purple.workable.com,0
workable,purpose-union,https://apply.workable.com/purpose-union,0
workable,pulp-1,https://apply.workable.com/pulp-1,0
workable,putnam-partners-1,https://apply.workable.com/putnam-partners-1,0
workable,pushowl,https://apply.workable.com/pushowl,0
workable,puulse-marketing,https://apply.workable.com/puulse-marketing,19
workable,purezza,https://apply.workable.com/purezza,0
workable,puzzle,https://apply.workable.com/puzzle,0
workable,pvg,https://apply.workable.com/pvg,0
workable,pxgeo,https://apply.workable.com/pxgeo,5
workable,puzzlehr,https://apply.workable.com/puzzlehr,0
workable,pxo,https://apply.workable.com/pxo,12
workable,purple-dot,https://apply.workable.com/purple-dot,0
workable,purigenbio,https://apply.workable.com/purigenbio,0
workable,pymetrics,https://apply.workable.com/pymetrics,0
workable,pymnts,https://apply.workable.com/pymnts,0
workable,pyn,https://apply.workable.com/pyn,0
workable,pyramid-healthcare-1,https://apply.workable.com/pyramid-healthcare-1,0
workable,pyroscope,https://apply.workable.com/pyroscope,0
workable,pyypl,https://apply.workable.com/pyypl,0
workable,q5-partners,https://apply.workable.com/q5-partners,6
workable,q-energy,https://apply.workable.com/q-energy,15
workable,pulsar-1,https://apply.workable.com/pulsar-1,0
workable,qardus,https://apply.workable.com/qardus,0
workable,qasimi,https://apply.workable.com/qasimi,0
workable,qbdvision,https://apply.workable.com/qbdvision,5
workable,qcp-group,https://apply.workable.com/qcp-group,19
workable,proximiecareers,https://apply.workable.com/proximiecareers,0
workable,puritan-financial-companies-inc,https://puritan-financial-companies-inc.workable.com,0
workable,pushnami,https://apply.workable.com/pushnami,0
workable,qcue,https://apply.workable.com/qcue,0
workable,qhrc,https://apply.workable.com/qhrc,0
workable,qibi,https://qibi.workable.com,0
workable,qiddiya-investment-company,https://apply.workable.com/qiddiya-investment-company,0
workable,qmetric,https://apply.workable.com/qmetric,0
workable,qocreate-inc,https://apply.workable.com/qocreate-inc,0
workable,qop,https://apply.workable.com/qop,0
workable,qpex-biopharma,https://apply.workable.com/qpex-biopharma,0
workable,qquant-master-servicer-sa,https://apply.workable.com/qquant-master-servicer-sa,10
workable,qredo,https://apply.workable.com/qredo,0
workable,qry,https://apply.workable.com/qry,4
workable,qsronline,https://apply.workable.com/qsronline,0
workable,quaderno,https://apply.workable.com/quaderno,0
workable,quadrant,https://apply.workable.com/quadrant,0
workable,quadric-dot-i-o-inc,https://apply.workable.com/quadric-dot-i-o-inc,32
workable,quaestus-1,https://apply.workable.com/quaestus-1,10
workable,qualee,https://apply.workable.com/qualee,0
workable,qualio,https://apply.workable.com/qualio,0
workable,qualderm-partners,https://apply.workable.com/qualderm-partners,191
workable,qualtera,https://qualtera.workable.com,0
workable,quanta-dialysis-technologies,https://apply.workable.com/quanta-dialysis-technologies,0
workable,quartermaster-logistics,https://apply.workable.com/quartermaster-logistics,0
workable,qubit,https://apply.workable.com/qubit,0
workable,quast,https://apply.workable.com/quast,0
workable,quilter-financial-planning,https://apply.workable.com/quilter-financial-planning,2
workable,quirkmoney,https://apply.workable.com/quirkmoney,0
workable,que-technologies,https://apply.workable.com/que-technologies,0
workable,quilthealth,https://apply.workable.com/quilthealth,0
workable,quizdom,https://apply.workable.com/quizdom,0
workable,quizizz,https://apply.workable.com/quizizz,0
workable,quimbee,https://apply.workable.com/quimbee,0
workable,quota,https://apply.workable.com/quota,0
workable,quona-capital-llc,https://apply.workable.com/quona-capital-llc,0
workable,qwake-technologies,https://apply.workable.com/qwake-technologies,0
workable,qwikify,https://apply.workable.com/qwikify,0
workable,quintelligence,https://apply.workable.com/quintelligence,0
workable,r-zero-systems,https://apply.workable.com/r-zero-systems,0
workable,qwire,https://apply.workable.com/qwire,0
workable,qwinix,https://apply.workable.com/qwinix,0
workable,r2scale-2,https://apply.workable.com/r2scale-2,0
workable,r3i-capital,https://apply.workable.com/r3i-capital,0
workable,rabbit,https://apply.workable.com/rabbit,0
workable,queueco,https://apply.workable.com/queueco,2
workable,rabbet,https://apply.workable.com/rabbet,0
workable,rabot-dutilleul-construction,https://apply.workable.com/rabot-dutilleul-construction,0
workable,rabet-tech,https://apply.workable.com/rabet-tech,0
workable,rabota,https://apply.workable.com/rabota,0
workable,questronix-corporation-2,https://apply.workable.com/questronix-corporation-2,265
workable,racecheck,https://apply.workable.com/racecheck,0
workable,rad,https://apply.workable.com/rad,0
workable,quest-zone,https://apply.workable.com/quest-zone,10
workable,quantis,https://apply.workable.com/quantis,17
workable,radar-roster,https://apply.workable.com/radar-roster,0
workable,quickhirestaffing,https://apply.workable.com/quickhirestaffing,53
workable,radarlabs,https://apply.workable.com/radarlabs,0
workable,raddevelopment,https://apply.workable.com/raddevelopment,1
workable,radiant-hospitality,https://apply.workable.com/radiant-hospitality,4
workable,radial,https://apply.workable.com/radial,0
workable,radiant-vision-systems,https://apply.workable.com/radiant-vision-systems,0
workable,radias-health,https://apply.workable.com/radias-health,23
workable,radically-digital,https://apply.workable.com/radically-digital,0
workable,radiopublic,https://apply.workable.com/radiopublic,0
workable,radio-roasters-coffee,https://apply.workable.com/radio-roasters-coffee,0
workable,radley-yeldar,https://apply.workable.com/radley-yeldar,3
workable,rafarm,https://apply.workable.com/rafarm,10
workable,quickbridge,https://apply.workable.com/quickbridge,0
workable,raffa-pc,https://apply.workable.com/raffa-pc,0
workable,raftai,https://apply.workable.com/raftai,0
workable,ragsdale-design-group,https://apply.workable.com/ragsdale-design-group,0
workable,rahapelisanomat,https://apply.workable.com/rahapelisanomat,0
workable,quickmail,https://apply.workable.com/quickmail,0
workable,rahatenterprises,https://apply.workable.com/rahatenterprises,0
workable,rail-delivery-group,https://apply.workable.com/rail-delivery-group,6
workable,rainesdev-1,https://apply.workable.com/rainesdev-1,0
workable,rainforest-builder,https://apply.workable.com/rainforest-builder,0
workable,rainmaking-apac,https://apply.workable.com/rainmaking-apac,0
workable,rajapoker-link-rajapoker88,https://apply.workable.com/rajapoker-link-rajapoker88,0
workable,rak-real-estate,https://apply.workable.com/rak-real-estate,3
workable,ramco-innovations,https://apply.workable.com/ramco-innovations,0
workable,rand-europe,https://apply.workable.com/rand-europe,1
workable,randstad-usa-12,https://apply.workable.com/randstad-usa-12,0
workable,rank1-1,https://apply.workable.com/rank1-1,0
workable,rankings,https://apply.workable.com/rankings,0
workable,rankona-mazon-ab,https://apply.workable.com/rankona-mazon-ab,11
workable,rapid-crush,https://apply.workable.com/rapid-crush,0
workable,rapid-results-institute-1,https://apply.workable.com/rapid-results-institute-1,0
workable,rapsodo,https://apply.workable.com/rapsodo,48
workable,rareview,https://apply.workable.com/rareview,0
workable,raspberrypifoundation,https://apply.workable.com/raspberrypifoundation,8
workable,ratehawk,https://apply.workable.com/ratehawk,79
workable,rational,https://apply.workable.com/rational,13
workable,raw-labs,https://apply.workable.com/raw-labs,0
workable,rankit,https://apply.workable.com/rankit,0
workable,ravelin,https://apply.workable.com/ravelin,0
workable,raygun-engineering,https://apply.workable.com/raygun-engineering,0
workable,razeware,https://apply.workable.com/razeware,0
workable,realityla,https://apply.workable.com/realityla,0
workable,readytogrowgardens,https://apply.workable.com/readytogrowgardens,1
workable,reallygreatteachers,https://apply.workable.com/reallygreatteachers,23
workable,re-sources,https://apply.workable.com/re-sources,0
workable,realmassive,https://apply.workable.com/realmassive,0
workable,realpython,https://apply.workable.com/realpython,2
workable,realtimeboard,https://apply.workable.com/realtimeboard,0
workable,realtrends,https://apply.workable.com/realtrends,0
workable,reapra-pte-ltd,https://apply.workable.com/reapra-pte-ltd,20
workable,real-hires,https://apply.workable.com/real-hires,0
workable,realyse-1,https://apply.workable.com/realyse-1,0
workable,reasonable,https://apply.workable.com/reasonable,6
workable,real-equity-acquisitions,https://apply.workable.com/real-equity-acquisitions,0
workable,realthread,https://apply.workable.com/realthread,0
workable,rebelspacetech,https://apply.workable.com/rebelspacetech,0
workable,reality-la,https://apply.workable.com/reality-la,0
workable,rebuilding-together,https://apply.workable.com/rebuilding-together,0
workable,rec-2,https://apply.workable.com/rec-2,0
workable,real1884,https://apply.workable.com/real1884,16
workable,re-institute,https://apply.workable.com/re-institute,0
workable,recite-me,https://apply.workable.com/recite-me,6
workable,recharge,https://apply.workable.com/recharge,0
workable,real-strategies,https://apply.workable.com/real-strategies,0
workable,recity,https://apply.workable.com/recity,0
workable,recover-medical-group,https://apply.workable.com/recover-medical-group,17
workable,recombine,https://recombine.workable.com,0
workable,rdxholdings,https://apply.workable.com/rdxholdings,0
workable,recovery-partners,https://apply.workable.com/recovery-partners,0
workable,reachforce,https://reachforce.workable.com,0
workable,recruit-for-teachers,https://recruit-for-teachers.workable.com,0
workable,recruitment-bunker,https://apply.workable.com/recruitment-bunker,0
workable,recruitamc,https://apply.workable.com/recruitamc,0
workable,recruiting-karma-inc,https://apply.workable.com/recruiting-karma-inc,0
workable,recycle-track-systems,https://apply.workable.com/recycle-track-systems,0
workable,recrutement-francophonie,https://apply.workable.com/recrutement-francophonie,0
workable,recruitment-portal-1,https://apply.workable.com/recruitment-portal-1,0
workable,reaadvisory,https://apply.workable.com/reaadvisory,28
workable,recycleye,https://apply.workable.com/recycleye,0
workable,recurly,https://apply.workable.com/recurly,5
workable,redairship,https://apply.workable.com/redairship,0
workable,reachify,https://reachify.workable.com,0
workable,redbadger,https://apply.workable.com/redbadger,0
workable,redacted,https://apply.workable.com/redacted,0
workable,readivet-1,https://apply.workable.com/readivet-1,0
workable,reach-europe,https://apply.workable.com/reach-europe,14
workable,redbird,https://apply.workable.com/redbird,0
workable,redcloud-technologies,https://apply.workable.com/redcloud-technologies,0
workable,redbridge,https://apply.workable.com/redbridge,0
workable,redbud-physical-therapy,https://apply.workable.com/redbud-physical-therapy,0
workable,redbox-technologies,https://apply.workable.com/redbox-technologies,0
workable,redefining-strength,https://apply.workable.com/redefining-strength,1
workable,redlight,https://apply.workable.com/redlight,0
workable,redington,https://apply.workable.com/redington,0
workable,redox,https://apply.workable.com/redox,21
workable,rediscoverthefalls,https://apply.workable.com/rediscoverthefalls,0
workable,redirect,https://apply.workable.com/redirect,0
workable,redkite,https://apply.workable.com/redkite,0
workable,reach-platform-inc,https://apply.workable.com/reach-platform-inc,0
workable,reebok,https://apply.workable.com/reebok,29
workable,reel-gardening,https://reel-gardening.workable.com,0
workable,reedsy,https://apply.workable.com/reedsy,0
workable,regatta-3,https://apply.workable.com/regatta-3,5
workable,regen-network,https://apply.workable.com/regen-network,0
workable,regenative-labs,https://apply.workable.com/regenative-labs,0
workable,regeneron,https://apply.workable.com/regeneron,0
workable,regenesis-counseling-assessment-center-pllc,https://regenesis-counseling-assessment-center-pllc.workable.com,0
workable,regional-airline-association,https://apply.workable.com/regional-airline-association,0
workable,reighnald-incorporation,https://apply.workable.com/reighnald-incorporation,0
workable,reindeer,https://apply.workable.com/reindeer,0
workable,relationship-therapy-center,https://apply.workable.com/relationship-therapy-center,1
workable,relectrify,https://apply.workable.com/relectrify,0
workable,remal-it,https://apply.workable.com/remal-it,0
workable,remote-philippines,https://apply.workable.com/remote-philippines,0
workable,remote-raven,https://apply.workable.com/remote-raven,258
workable,remote-recruitment,https://apply.workable.com/remote-recruitment,78
workable,remote-talent-latam,https://apply.workable.com/remote-talent-latam,82
workable,remotepro-dot-p-h,https://apply.workable.com/remotepro-dot-p-h,2
workable,remarkable,https://apply.workable.com/remarkable,0
workable,republic-events,https://republic-events.workable.com,0
workable,reno-orthopedic-center,https://apply.workable.com/reno-orthopedic-center,19
workable,republic-parking-system-2,https://republic-parking-system-2.workable.com,0
workable,reputation,https://apply.workable.com/reputation,0
workable,rensource-energy,https://apply.workable.com/rensource-energy,0
workable,rentokil-initial-group,https://apply.workable.com/rentokil-initial-group,217
workable,remotebase,https://apply.workable.com/remotebase,12
workable,rent-it-network,https://apply.workable.com/rent-it-network,0
workable,rentvision,https://apply.workable.com/rentvision,6
workable,rendertribe,https://apply.workable.com/rendertribe,0
workable,reserv,https://apply.workable.com/reserv,0
workable,remote-va,https://apply.workable.com/remote-va,2014
workable,resitech-ltd,https://apply.workable.com/resitech-ltd,0
workable,resilience-lab,https://apply.workable.com/resilience-lab,0
workable,repositive,https://apply.workable.com/repositive,0
workable,resonant-link,https://apply.workable.com/resonant-link,0
workable,resonate-2,https://apply.workable.com/resonate-2,0
workable,rentokil-initial,https://apply.workable.com/rentokil-initial,807
workable,resonate-tech,https://apply.workable.com/resonate-tech,0
workable,resource-guru,https://apply.workable.com/resource-guru,1
workable,resourcemanagementconcepts,https://apply.workable.com/resourcemanagementconcepts,29
workable,respiris,https://apply.workable.com/respiris,11
workable,responsiveads-inc,https://apply.workable.com/responsiveads-inc,7
workable,resuelve,https://apply.workable.com/resuelve,0
workable,resultance,https://apply.workable.com/resultance,0
workable,retxt,https://retxt.workable.com,0
workable,reversinglabs,https://reversinglabs.workable.com,16
workable,revl,https://revl.workable.com,0
workable,revolution-group,https://revolution-group.workable.com,1
workable,revunit,https://revunit.workable.com,0
workable,rgi-home,https://rgi-home.workable.com,0
workable,riffsy,https://riffsy.workable.com,0
workable,ritual,https://ritual.workable.com,0
workable,reworkhr,https://reworkhr.workable.com,0
workable,rhinoafrica,https://rhinoafrica.workable.com,0
workable,rufus-leonard,https://rufus-leonard.workable.com,0
workable,rookie,https://rookie.workable.com,0
workable,ruma,https://ruma.workable.com,0
workable,rumble-fish,https://rumble-fish.workable.com,0
workable,rumbleon,https://rumbleon.workable.com,0
workable,runway-east,https://runway-east.workable.com,1
workable,ruptela,https://ruptela.workable.com,0
workable,rush-partners,https://rush-partners.workable.com,0
workable,rusty-monkey-ltd,https://rusty-monkey-ltd.workable.com,0
workable,russellhendrixcareers,https://russellhendrixcareers.workable.com,0
workable,ryanair,https://ryanair.workable.com,0
workable,rustys-raw,https://rustys-raw.workable.com,0
workable,schibsted-classified-hungary-kft,https://schibsted-classified-hungary-kft.workable.com,0
workable,scitec,https://scitec.workable.com,47
workable,scopicgroup,https://scopicgroup.workable.com,0
workable,satago,https://satago.workable.com,0
workable,sawyer-studios,https://sawyer-studios.workable.com,0
workable,securegroup,https://securegroup.workable.com,0
workable,securedata,https://securedata.workable.com,0
workable,saeko,https://saeko.workable.com,0
workable,sacpets,https://sacpets.workable.com,0
workable,sei,https://sei.workable.com,0
workable,salestools-dot-io,https://salestools-dot-io.workable.com,0
workable,seed,https://seed.workable.com,0
workable,seldon,https://seldon.workable.com,0
workable,salescomm,https://salescomm.workable.com,0
workable,salience,https://salience.workable.com,0
workable,selfie-networks,https://selfie-networks.workable.com,0
workable,sellics,https://sellics.workable.com,0
workable,san-diego-workforce-partnership-1,https://san-diego-workforce-partnership-1.workable.com,0
workable,sandfield,https://sandfield.workable.com,2
workable,semgeeks,https://semgeeks.workable.com,0
workable,semanticbits,https://semanticbits.workable.com,0
workable,semitron,https://semitron.workable.com,3
workable,sendbird,https://sendbird.workable.com,0
workable,sendcloud,https://sendcloud.workable.com,0
workable,sensible-object,https://sensible-object.workable.com,0
workable,sense,https://sense.workable.com,4
workable,seniordevonly,https://seniordevonly.workable.com,0
workable,sentry,https://sentry.workable.com,0
workable,sequoia-technologies,https://sequoia-technologies.workable.com,0
workable,shoplo,https://shoplo.workable.com,0
workable,shyp,https://shyp.workable.com,0
workable,shareable,https://shareable.workable.com,0
workable,simple-booth,https://simple-booth.workable.com,0
workable,skeletontech,https://skeletontech.workable.com,52
workable,skyverge,https://skyverge.workable.com,0
workable,skipper,https://skipper.workable.com,0
workable,sirena,https://sirena.workable.com,0
workable,slicesconsulting,https://slicesconsulting.workable.com,0
workable,single-grain,https://single-grain.workable.com,0
workable,slide-ranch,https://slide-ranch.workable.com,0
workable,simplebills,https://simplebills.workable.com,0
workable,simplifield,https://simplifield.workable.com,0
workable,slimpay,https://slimpay.workable.com,0
workable,smallpdf,https://smallpdf.workable.com,0
workable,silverstripe,https://silverstripe.workable.com,0
workable,skroutz,https://skroutz.workable.com,18
workable,smart-metals-recycling,https://smart-metals-recycling.workable.com,0
workable,smarter-good,https://smarter-good.workable.com,0
workable,silverfin,https://silverfin.workable.com,0
workable,smarthost,https://smarthost.workable.com,0
workable,smart-sitting,https://smart-sitting.workable.com,1
workable,smarthr,https://smarthr.workable.com,0
workable,smartlogic,https://smartlogic.workable.com,2
workable,smartnews,https://apply.workable.com/smartnews,16
workable,sister-cities-of-los-angeles-1,https://sister-cities-of-los-angeles-1.workable.com,0
workable,smartrmail,https://apply.workable.com/smartrmail,0
workable,smartsourcing,https://apply.workable.com/smartsourcing,0
workable,skyslope,https://skyslope.workable.com,0
workable,smartsave,https://smartsave.workable.com,0
workable,smartsoftfirm,https://apply.workable.com/smartsoftfirm,0
workable,smartplay-early-learners,https://apply.workable.com/smartplay-early-learners,14
workable,smarttechsa,https://apply.workable.com/smarttechsa,19
workable,smashprogram,https://apply.workable.com/smashprogram,0
workable,smb-team,https://apply.workable.com/smb-team,7
workable,smfdmn,https://apply.workable.com/smfdmn,0
workable,smcommerce,https://apply.workable.com/smcommerce,0
workable,smileback,https://apply.workable.com/smileback,0
workable,smith-marionand-co,https://apply.workable.com/smith-marionand-co,0
workable,smithmarionco,https://apply.workable.com/smithmarionco,0
workable,skimlinks,https://skimlinks.workable.com,0
workable,smood,https://apply.workable.com/smood,0
workable,smoking-gun-interactive-1,https://apply.workable.com/smoking-gun-interactive-1,6
workable,smokerand-company-llc,https://apply.workable.com/smokerand-company-llc,10
workable,singleops,https://singleops.workable.com,0
workable,smrs,https://apply.workable.com/smrs,0
workable,smsenvironmentalcareers,https://apply.workable.com/smsenvironmentalcareers,0
workable,skidmore-studio,https://skidmore-studio.workable.com,0
workable,smt-gb,https://apply.workable.com/smt-gb,0
workable,snapeda,https://apply.workable.com/snapeda,0
workable,snaphr,https://apply.workable.com/snaphr,0
workable,snapfish,https://apply.workable.com/snapfish,0
workable,snapsuits,https://apply.workable.com/snapsuits,0
workable,snapwiz,https://snapwiz.workable.com,0
workable,sneakerheads,https://apply.workable.com/sneakerheads,0
workable,snell-motor-company,https://apply.workable.com/snell-motor-company,0
workable,snipebridge,https://apply.workable.com/snipebridge,19
workable,snippetsentry,https://apply.workable.com/snippetsentry,0
workable,snowball-agency,https://apply.workable.com/snowball-agency,0
workable,snowe,https://apply.workable.com/snowe,0
workable,snowed-in-studios-3,https://apply.workable.com/snowed-in-studios-3,7
workable,soflab,https://apply.workable.com/soflab,0
workable,softcomcareers,https://apply.workable.com/softcomcareers,0
workable,softlimit,https://apply.workable.com/softlimit,0
workable,software-14,https://apply.workable.com/software-14,0
workable,software-company-for-mobility,https://apply.workable.com/software-company-for-mobility,4
workable,snuggs,https://apply.workable.com/snuggs,8
workable,sohbet-1,https://apply.workable.com/sohbet-1,0
workable,sogeclair,https://apply.workable.com/sogeclair,116
workable,social-asylum,https://apply.workable.com/social-asylum,0
workable,sohohouse,https://apply.workable.com/sohohouse,0
workable,soho-square-athens,https://apply.workable.com/soho-square-athens,0
workable,sojourn-strategies-llc,https://apply.workable.com/sojourn-strategies-llc,0
workable,soligent,https://apply.workable.com/soligent,0
workable,sofia,https://apply.workable.com/sofia,0
workable,solirius-consulting-1,https://apply.workable.com/solirius-consulting-1,23
workable,solarcareersuk,https://apply.workable.com/solarcareersuk,3
workable,soleil-collective,https://apply.workable.com/soleil-collective,0
workable,solna,https://apply.workable.com/solna,0
workable,solplanet,https://apply.workable.com/solplanet,29
workable,sololearn,https://apply.workable.com/sololearn,0
workable,solstice-2,https://apply.workable.com/solstice-2,0
workable,solriver-capital,https://apply.workable.com/solriver-capital,5
workable,solsys-medical,https://apply.workable.com/solsys-medical,0
workable,soldo,https://apply.workable.com/soldo,0
workable,solutionsgroup,https://apply.workable.com/solutionsgroup,0
workable,solutis,https://apply.workable.com/solutis,0
workable,solid-state-operations,https://apply.workable.com/solid-state-operations,0
workable,solid-foundation-estates-limited,https://apply.workable.com/solid-foundation-estates-limited,0
workable,solvay-executive-education,https://apply.workable.com/solvay-executive-education,0
workable,solvebio,https://apply.workable.com/solvebio,0
workable,solace,https://apply.workable.com/solace,0
workable,somerce,https://apply.workable.com/somerce,8
workable,somethingandnothing,https://apply.workable.com/somethingandnothing,0
workable,somewherewarm,https://apply.workable.com/somewherewarm,0
workable,solution-sft,https://apply.workable.com/solution-sft,373
workable,sol-crowe,https://apply.workable.com/sol-crowe,4
workable,somic-packaging-inc,https://apply.workable.com/somic-packaging-inc,1
workable,sonalake,https://apply.workable.com/sonalake,1
workable,son-of-a-tailor-1,https://apply.workable.com/son-of-a-tailor-1,0
workable,sona-3,https://apply.workable.com/sona-3,0
workable,soname,https://apply.workable.com/soname,2
workable,sonas-hospitality-co,https://apply.workable.com/sonas-hospitality-co,0
workable,sokoni-africa-limited,https://apply.workable.com/sokoni-africa-limited,1
workable,sonamedspa,https://apply.workable.com/sonamedspa,0
workable,solid-sealing-technology,https://apply.workable.com/solid-sealing-technology,0
workable,songspace,https://apply.workable.com/songspace,0
workable,sonovate-8,https://apply.workable.com/sonovate-8,0
workable,songsleuth,https://apply.workable.com/songsleuth,0
workable,sonr,https://apply.workable.com/sonr,0
workable,sonovate-1,https://apply.workable.com/sonovate-1,0
workable,sono-bello,https://apply.workable.com/sono-bello,0
workable,solidarmed-1,https://apply.workable.com/solidarmed-1,2
workable,sookio,https://sookio.workable.com,0
workable,soostone-inc,https://apply.workable.com/soostone-inc,0
workable,sophinea,https://apply.workable.com/sophinea,0
workable,solamerica-energy,https://apply.workable.com/solamerica-energy,5
workable,sorare,https://apply.workable.com/sorare,0
workable,sophia-genetics,https://apply.workable.com/sophia-genetics,28
workable,sorte,https://apply.workable.com/sorte,0
workable,soracom,https://apply.workable.com/soracom,13
workable,soprasteria-i2s,https://apply.workable.com/soprasteria-i2s,0
workable,solarvest,https://apply.workable.com/solarvest,176
workable,soraredata,https://apply.workable.com/soraredata,0
workable,solaimpact,https://apply.workable.com/solaimpact,7
workable,solar-alliance,https://apply.workable.com/solar-alliance,0
workable,soul-machines-ltd,https://apply.workable.com/soul-machines-ltd,0
workable,soulful-overseas-private-limited,https://apply.workable.com/soulful-overseas-private-limited,0
workable,sourcechain,https://apply.workable.com/sourcechain,0
workable,sour-fish-events,https://apply.workable.com/sour-fish-events,0
workable,source-code-1,https://apply.workable.com/source-code-1,0
workable,sourceaudio,https://apply.workable.com/sourceaudio,0
workable,solarmission,https://apply.workable.com/solarmission,0
workable,sourcemap,https://apply.workable.com/sourcemap,0
workable,southeastern-cyber-security-foundation,https://southeastern-cyber-security-foundation.workable.com,0
workable,sourgum,https://apply.workable.com/sourgum,0
workable,southeastern-tool-and-design,https://apply.workable.com/southeastern-tool-and-design,0
workable,southern-veterinary-partners,https://apply.workable.com/southern-veterinary-partners,0
workable,space-ape-games,https://apply.workable.com/space-ape-games,0
workable,space-matrix,https://apply.workable.com/space-matrix,0
workable,southerngraces,https://apply.workable.com/southerngraces,0
workable,spacemachines,https://apply.workable.com/spacemachines,6
workable,spaceport,https://apply.workable.com/spaceport,0
workable,specialised-force,https://apply.workable.com/specialised-force,0
workable,specialty-eye-institute,https://apply.workable.com/specialty-eye-institute,0
workable,speakitjobs,https://apply.workable.com/speakitjobs,258
workable,sparta-commodities,https://apply.workable.com/sparta-commodities,0
workable,specify,https://apply.workable.com/specify,0
workable,spartans-uk,https://apply.workable.com/spartans-uk,0
workable,spectarium,https://apply.workable.com/spectarium,0
workable,spectranetix,https://apply.workable.com/spectranetix,0
workable,speech-graphics,https://apply.workable.com/speech-graphics,0
workable,spectrum-of-solutions,https://apply.workable.com/spectrum-of-solutions,0
workable,spectrum-comm-inc-1,https://apply.workable.com/spectrum-comm-inc-1,5
workable,spectre,https://apply.workable.com/spectre,0
workable,speechmatics-cantab,https://apply.workable.com/speechmatics-cantab,0
workable,speed-fire-protection-1,https://apply.workable.com/speed-fire-protection-1,0
workable,sparkmeter,https://apply.workable.com/sparkmeter,0
workable,speexx,https://apply.workable.com/speexx,17
workable,spartech,https://apply.workable.com/spartech,28
workable,speero,https://apply.workable.com/speero,0
workable,spendbridge,https://apply.workable.com/spendbridge,0
workable,spence-diamonds-ltd,https://apply.workable.com/spence-diamonds-ltd,14
workable,spartan-investment-group,https://apply.workable.com/spartan-investment-group,0
workable,spenmo,https://apply.workable.com/spenmo,0
workable,spencer,https://apply.workable.com/spencer,0
workable,spektrix,https://apply.workable.com/spektrix,0
workable,spatial,https://apply.workable.com/spatial,0
workable,spherica-business-solutions-ltd,https://apply.workable.com/spherica-business-solutions-ltd,4
workable,sphere-commerce,https://apply.workable.com/sphere-commerce,0
workable,spero-ventures,https://apply.workable.com/spero-ventures,0
workable,spidertracks,https://apply.workable.com/spidertracks,0
workable,spicy-minds,https://apply.workable.com/spicy-minds,0
workable,spiff,https://apply.workable.com/spiff,0
workable,spillt,https://apply.workable.com/spillt,0
workable,spinify-jobs,https://apply.workable.com/spinify-jobs,0
workable,spinmemory,https://apply.workable.com/spinmemory,0
workable,spiracle-media,https://apply.workable.com/spiracle-media,0
workable,spiral,https://apply.workable.com/spiral,0
workable,sparkschools,https://apply.workable.com/sparkschools,60
workable,spitfireaudio,https://apply.workable.com/spitfireaudio,0
workable,splashhr,https://apply.workable.com/splashhr,0
workable,splice-software,https://apply.workable.com/splice-software,0
workable,spitogatos-gr,https://apply.workable.com/spitogatos-gr,1
workable,spoilz,https://apply.workable.com/spoilz,0
workable,spora-health,https://apply.workable.com/spora-health,0
workable,spoke,https://apply.workable.com/spoke,0
workable,sportsdatalabs,https://apply.workable.com/sportsdatalabs,0
workable,sportpointme,https://apply.workable.com/sportpointme,0
workable,spot-insurance,https://apply.workable.com/spot-insurance,0
workable,spot-on-tlnt,https://apply.workable.com/spot-on-tlnt,0
workable,spotio,https://apply.workable.com/spotio,4
workable,spotbeans,https://spotbeans.workable.com,0
workable,spotqa,https://apply.workable.com/spotqa,0
workable,spread-the-vote,https://apply.workable.com/spread-the-vote,0
workable,spreegold,https://apply.workable.com/spreegold,0
workable,spotawheel,https://apply.workable.com/spotawheel,39
workable,springa,https://apply.workable.com/springa,0
workable,springboard-6,https://apply.workable.com/springboard-6,7
workable,springboard-retail,https://apply.workable.com/springboard-retail,0
workable,springcm,https://apply.workable.com/springcm,0
workable,spt-labtech,https://apply.workable.com/spt-labtech,14
workable,sprout-ai,https://apply.workable.com/sprout-ai,0
workable,spokane-regional-clean-air-agency,https://apply.workable.com/spokane-regional-clean-air-agency,1
workable,spurt,https://apply.workable.com/spurt,0
workable,sportherapy,https://apply.workable.com/sportherapy,0
workable,spynapp,https://spynapp.workable.com,0
workable,sqa-consulting,https://apply.workable.com/sqa-consulting,0
workable,sqlearn,https://apply.workable.com/sqlearn,0
workable,sspcareers,https://sspcareers.workable.com,0
workable,stablehouse,https://apply.workable.com/stablehouse,0
workable,st-margarets-golfand-country-club,https://apply.workable.com/st-margarets-golfand-country-club,0
workable,stabilityhealthcare,https://apply.workable.com/stabilityhealthcare,0
workable,stableton,https://apply.workable.com/stableton,1
workable,stably,https://apply.workable.com/stably,0
workable,stack-7,https://apply.workable.com/stack-7,0
workable,stac-labs,https://apply.workable.com/stac-labs,0
workable,stack-it-recruitment,https://apply.workable.com/stack-it-recruitment,6
workable,squareone,https://apply.workable.com/squareone,10
workable,stackbuilders,https://apply.workable.com/stackbuilders,10
workable,stacked-colllective,https://apply.workable.com/stacked-colllective,0
workable,stacker,https://apply.workable.com/stacker,0
workable,sspinc,https://sspinc.workable.com,0
workable,stackerhq,https://apply.workable.com/stackerhq,0
workable,stackla,https://apply.workable.com/stackla,0
workable,stackla-2,https://apply.workable.com/stackla-2,0
workable,stackmatix,https://apply.workable.com/stackmatix,0
workable,stackpole,https://apply.workable.com/stackpole,0
workable,stadar,https://apply.workable.com/stadar,7
workable,staff4me,https://apply.workable.com/staff4me,18
workable,stackwave,https://apply.workable.com/stackwave,0
workable,squid,https://apply.workable.com/squid,0
workable,staffing-for-doctors,https://apply.workable.com/staffing-for-doctors,62
workable,staffaro,https://apply.workable.com/staffaro,0
workable,staffordgray,https://apply.workable.com/staffordgray,10
workable,stafi,https://apply.workable.com/stafi,30
workable,staffworx,https://apply.workable.com/staffworx,0
workable,stairway,https://apply.workable.com/stairway,0
workable,st-catherines-school,https://apply.workable.com/st-catherines-school,10
workable,stakefish,https://apply.workable.com/stakefish,17
workable,stampede-ai-ltd,https://apply.workable.com/stampede-ai-ltd,0
workable,stakha,https://apply.workable.com/stakha,0
workable,stanbridge,https://apply.workable.com/stanbridge,36
workable,standard-dose,https://apply.workable.com/standard-dose,0
workable,standard-code,https://apply.workable.com/standard-code,0
workable,stanford-university-lee-lab,https://apply.workable.com/stanford-university-lee-lab,0
workable,standwithukraine,https://apply.workable.com/standwithukraine,0
workable,star-cooling-towers,https://apply.workable.com/star-cooling-towers,0
workable,starboard-games-llc,https://apply.workable.com/starboard-games-llc,0
workable,starfinder-foundation,https://apply.workable.com/starfinder-foundation,0
workable,starland-music,https://apply.workable.com/starland-music,0
workable,starkcollege,https://apply.workable.com/starkcollege,1
workable,stargazer,https://apply.workable.com/stargazer,0
workable,starleaf,https://apply.workable.com/starleaf,0
workable,squiz,https://apply.workable.com/squiz,23
workable,srw-1,https://apply.workable.com/srw-1,0
workable,starling-bank,https://apply.workable.com/starling-bank,86
workable,starlink-aviation,https://apply.workable.com/starlink-aviation,18
workable,ss-tech-holdings-limited,https://apply.workable.com/ss-tech-holdings-limited,12
workable,starry,https://apply.workable.com/starry,0
workable,stars-aligned,https://apply.workable.com/stars-aligned,0
workable,startercookie2,https://apply.workable.com/startercookie2,0
workable,startout-2,https://apply.workable.com/startout-2,0
workable,startout,https://apply.workable.com/startout,0
workable,starttech-ventures,https://apply.workable.com/starttech-ventures,0
workable,startplaying,https://apply.workable.com/startplaying,0
workable,starttechvc,https://apply.workable.com/starttechvc,0
workable,startup-company-in-ghana,https://apply.workable.com/startup-company-in-ghana,0
workable,startwise,https://apply.workable.com/startwise,0
workable,startups,https://apply.workable.com/startups,0
workable,stateless,https://apply.workable.com/stateless,0
workable,stashaway,https://apply.workable.com/stashaway,0
workable,stat-recovery-services,https://apply.workable.com/stat-recovery-services,1
workable,statom,https://apply.workable.com/statom,22
workable,stax,https://apply.workable.com/stax,0
workable,statussolutions,https://apply.workable.com/statussolutions,0
workable,stayclassy,https://apply.workable.com/stayclassy,0
workable,staygenki,https://apply.workable.com/staygenki,2
workable,staytion-ltd,https://apply.workable.com/staytion-ltd,0
workable,steadymd,https://apply.workable.com/steadymd,11
workable,steadyvision,https://apply.workable.com/steadyvision,3
workable,stealth-health,https://apply.workable.com/stealth-health,0
workable,stealth-mode-start-up,https://apply.workable.com/stealth-mode-start-up,0
workable,stealthy,https://apply.workable.com/stealthy,0
workable,steamclock,https://apply.workable.com/steamclock,0
workable,steamhaus,https://apply.workable.com/steamhaus,0
workable,steamship-mutual-1,https://apply.workable.com/steamship-mutual-1,5
workable,steer-health,https://apply.workable.com/steer-health,4
workable,steg-plumbing,https://apply.workable.com/steg-plumbing,0
workable,steer73,https://apply.workable.com/steer73,0
workable,stellartickets,https://apply.workable.com/stellartickets,0
workable,stellarpizza,https://apply.workable.com/stellarpizza,0
workable,stemson-therapeutics,https://apply.workable.com/stemson-therapeutics,0
workable,stembolt,https://apply.workable.com/stembolt,0
workable,stephenson-law,https://apply.workable.com/stephenson-law,0
workable,stebr,https://apply.workable.com/stebr,0
workable,stellar-cyber,https://apply.workable.com/stellar-cyber,28
workable,stepwise,https://apply.workable.com/stepwise,0
workable,stepsize,https://apply.workable.com/stepsize,0
workable,steer-group,https://apply.workable.com/steer-group,79
workable,steritek,https://apply.workable.com/steritek,0
workable,stethoscope-sa,https://apply.workable.com/stethoscope-sa,25
workable,steven-douglas-corp,https://apply.workable.com/steven-douglas-corp,0
workable,sticky,https://apply.workable.com/sticky,0
workable,stigg,https://apply.workable.com/stigg,0
workable,stoltz-marketing-group,https://apply.workable.com/stoltz-marketing-group,0
workable,stockholm-environment-institute-3,https://apply.workable.com/stockholm-environment-institute-3,0
workable,stradigi-consulting,https://apply.workable.com/stradigi-consulting,6
workable,stockbit,https://apply.workable.com/stockbit,0
workable,straight-edge-technology-inc,https://apply.workable.com/straight-edge-technology-inc,1
workable,straight-teeth-direct,https://apply.workable.com/straight-teeth-direct,0
workable,strakacareers,https://apply.workable.com/strakacareers,0
workable,storefront,https://apply.workable.com/storefront,0
workable,stranger-soccer-1,https://apply.workable.com/stranger-soccer-1,122
workable,strategic-robotic-systems,https://apply.workable.com/strategic-robotic-systems,0
workable,strategic-recruitment-group,https://apply.workable.com/strategic-recruitment-group,0
workable,strategyco,https://apply.workable.com/strategyco,0
workable,storehub,https://apply.workable.com/storehub,0
workable,stockopedia,https://apply.workable.com/stockopedia,0
workable,stratpharma,https://apply.workable.com/stratpharma,2
workable,stratwell,https://apply.workable.com/stratwell,0
workable,storytoys,https://apply.workable.com/storytoys,3
workable,stream-hatchet,https://apply.workable.com/stream-hatchet,0
workable,storybird,https://storybird.workable.com,0
workable,storyteq,https://apply.workable.com/storyteq,9
workable,stofernogr,https://apply.workable.com/stofernogr,0
workable,streamcare,https://apply.workable.com/streamcare,0
workable,streamline-innovationsinc,https://apply.workable.com/streamline-innovationsinc,2
workable,stowe-family-law,https://apply.workable.com/stowe-family-law,0
workable,streamline-studios,https://streamline-studios.workable.com,0
workable,streamline-usa,https://apply.workable.com/streamline-usa,0
workable,stocktwits,https://apply.workable.com/stocktwits,0
workable,streamlinestudios,https://apply.workable.com/streamlinestudios,0
workable,storekit,https://apply.workable.com/storekit,0
workable,streamlytics,https://apply.workable.com/streamlytics,0
workable,streamoid,https://streamoid.workable.com,0
workable,streetshares,https://apply.workable.com/streetshares,0
workable,streetbees,https://apply.workable.com/streetbees,0
workable,streetchildcareers,https://apply.workable.com/streetchildcareers,39
workable,strings,https://apply.workable.com/strings,0
workable,strise,https://apply.workable.com/strise,3
workable,streamsets,https://apply.workable.com/streamsets,0
workable,strong-children-wellness,https://apply.workable.com/strong-children-wellness,0
workable,stronger-consulting,https://apply.workable.com/stronger-consulting,7
workable,stronghill-capital,https://apply.workable.com/stronghill-capital,0
workable,structure,https://apply.workable.com/structure,0
workable,stryber,https://apply.workable.com/stryber,0
workable,stuart,https://apply.workable.com/stuart,0
workable,stubbers-adventure-centre,https://apply.workable.com/stubbers-adventure-centre,0
workable,studconsult-1,https://apply.workable.com/studconsult-1,0
workable,studconsult,https://apply.workable.com/studconsult,0
workable,student-republic,https://apply.workable.com/student-republic,0
workable,student-loan-hero,https://apply.workable.com/student-loan-hero,0
workable,studentbeans,https://apply.workable.com/studentbeans,0
workable,student-u,https://apply.workable.com/student-u,0
workable,stsci,https://apply.workable.com/stsci,9
workable,studio,https://apply.workable.com/studio,0
workable,studio-2015-jewelry,https://apply.workable.com/studio-2015-jewelry,0
workable,stuccco,https://apply.workable.com/stuccco,0
workable,studio-dental-2,https://apply.workable.com/studio-dental-2,0
workable,studio-dental-3,https://apply.workable.com/studio-dental-3,0
workable,studio-malagon,https://apply.workable.com/studio-malagon,0
workable,studio-network-solutions,https://apply.workable.com/studio-network-solutions,0
workable,studiogobo,https://apply.workable.com/studiogobo,3
workable,studiojuice,https://studiojuice.workable.com,0
workable,studs,https://apply.workable.com/studs,0
workable,studyfetch,https://apply.workable.com/studyfetch,0
workable,studymoney,https://apply.workable.com/studymoney,0
workable,studyportals,https://apply.workable.com/studyportals,6
workable,student-senate-for-california-community-colleges,https://apply.workable.com/student-senate-for-california-community-colleges,0
workable,stykka,https://apply.workable.com/stykka,0
workable,suade,https://apply.workable.com/suade,12
workable,stylust,https://apply.workable.com/stylust,0
workable,subaru,https://apply.workable.com/subaru,0
workable,stylumia,https://apply.workable.com/stylumia,0
workable,subak,https://apply.workable.com/subak,0
workable,substantial,https://apply.workable.com/substantial,0
workable,substrakt,https://apply.workable.com/substrakt,0
workable,sun-devil-auto-1,https://apply.workable.com/sun-devil-auto-1,0
workable,sunburst-landscaping,https://apply.workable.com/sunburst-landscaping,0
workable,sundays-for-dogs,https://apply.workable.com/sundays-for-dogs,0
workable,sunfed,https://apply.workable.com/sunfed,0
workable,summerfi,https://apply.workable.com/summerfi,0
workable,summitnetworks,https://apply.workable.com/summitnetworks,2
workable,sunfi-technologies-ltd,https://apply.workable.com/sunfi-technologies-ltd,0
workable,sunpubs,https://apply.workable.com/sunpubs,0
workable,sunlighten,https://apply.workable.com/sunlighten,2
workable,sunlight,https://apply.workable.com/sunlight,33
workable,sunny-acres,https://apply.workable.com/sunny-acres,6
workable,sunray,https://apply.workable.com/sunray,0
workable,sunreef-yachts-1,https://apply.workable.com/sunreef-yachts-1,36
workable,sun-home-saunas,https://apply.workable.com/sun-home-saunas,0
workable,suntria,https://apply.workable.com/suntria,0
workable,sunsational-solutions,https://apply.workable.com/sunsational-solutions,0
workable,sunshine-communities,https://apply.workable.com/sunshine-communities,0
workable,sunshine-house,https://apply.workable.com/sunshine-house,60
workable,super-color-printing,https://apply.workable.com/super-color-printing,0
workable,super-connector-media,https://apply.workable.com/super-connector-media,0
workable,sunventure,https://apply.workable.com/sunventure,7
workable,sup,https://apply.workable.com/sup,0
workable,super-speciosa,https://apply.workable.com/super-speciosa,3
workable,superawesome,https://apply.workable.com/superawesome,0
workable,supercritical,https://apply.workable.com/supercritical,5
workable,supercharge-your-sales,https://apply.workable.com/supercharge-your-sales,0
workable,sundae,https://apply.workable.com/sundae,5
workable,super-soccer-stars,https://apply.workable.com/super-soccer-stars,841
workable,superfluid,https://apply.workable.com/superfluid,0
workable,superlocal,https://apply.workable.com/superlocal,0
workable,supermassive-games,https://apply.workable.com/supermassive-games,1
workable,supermedic,https://apply.workable.com/supermedic,0
workable,superlogic-bookit,https://apply.workable.com/superlogic-bookit,2
workable,supernormal,https://apply.workable.com/supernormal,0
workable,superorbital,https://apply.workable.com/superorbital,0
workable,superior-imprints,https://apply.workable.com/superior-imprints,2
workable,superscale,https://apply.workable.com/superscale,0
workable,superorder,https://apply.workable.com/superorder,0
workable,superservicetoday,https://apply.workable.com/superservicetoday,0
workable,supervisas,https://apply.workable.com/supervisas,0
workable,supertech-group,https://apply.workable.com/supertech-group,0
workable,support-services-group-philippines-inc-2,https://apply.workable.com/support-services-group-philippines-inc-2,0
workable,supplycore-1,https://apply.workable.com/supplycore-1,12
workable,supply-house,https://apply.workable.com/supply-house,0
workable,supportyourapp,https://apply.workable.com/supportyourapp,301
workable,sureify-1,https://apply.workable.com/sureify-1,0
workable,summit-food-service-a-division-of-colabor,https://apply.workable.com/summit-food-service-a-division-of-colabor,0
workable,supy,https://apply.workable.com/supy,0
workable,surecritic,https://apply.workable.com/surecritic,0
workable,surely-wines,https://apply.workable.com/surely-wines,0
workable,surglobal,https://apply.workable.com/surglobal,75
workable,surrey-cricket-club,https://apply.workable.com/surrey-cricket-club,2
workable,surprise,https://apply.workable.com/surprise,0
workable,surprise-dot-c-om-app,https://apply.workable.com/surprise-dot-c-om-app,0
workable,surrozen,https://apply.workable.com/surrozen,2
workable,survey-solutions-2,https://apply.workable.com/survey-solutions-2,31
workable,sussex-county-dog-training,https://apply.workable.com/sussex-county-dog-training,0
workable,sun-grove-montessori-school-1,https://apply.workable.com/sun-grove-montessori-school-1,0
workable,sussex-rural-electric-cooperative,https://apply.workable.com/sussex-rural-electric-cooperative,0
workable,sute,https://apply.workable.com/sute,0
workable,sv-academy-1,https://apply.workable.com/sv-academy-1,13
workable,sutton-financial-group,https://sutton-financial-group.workable.com,0
workable,suzy,https://apply.workable.com/suzy,0
workable,svara-inovasi-indonesia,https://apply.workable.com/svara-inovasi-indonesia,0
workable,swank-motion-pictures,https://apply.workable.com/swank-motion-pictures,6
workable,swale-inc,https://swale-inc.workable.com,0
workable,swat-systems,https://apply.workable.com/swat-systems,0
workable,sweat-pants-agency,https://apply.workable.com/sweat-pants-agency,35
workable,swedtrac,https://swedtrac.workable.com,0
workable,sweep360,https://apply.workable.com/sweep360,5
workable,swatx,https://apply.workable.com/swatx,0
workable,sweet-defeat,https://apply.workable.com/sweet-defeat,0
workable,swellcorp,https://apply.workable.com/swellcorp,0
workable,sweetprocess,https://apply.workable.com/sweetprocess,0
workable,swellcx,https://apply.workable.com/swellcx,0
workable,swiftengineering,https://apply.workable.com/swiftengineering,0
workable,swift-shift,https://apply.workable.com/swift-shift,0
workable,swiftx-express,https://apply.workable.com/swiftx-express,59
workable,swiftstack,https://apply.workable.com/swiftstack,0
workable,swifthrsolutions,https://apply.workable.com/swifthrsolutions,0
workable,swim,https://apply.workable.com/swim,0
workable,swimply,https://apply.workable.com/swimply,9
workable,swingdev,https://apply.workable.com/swingdev,0
workable,swire-properties,https://apply.workable.com/swire-properties,0
workable,swishd,https://apply.workable.com/swishd,0
workable,swipe-ix,https://apply.workable.com/swipe-ix,0
workable,swissactivities,https://apply.workable.com/swissactivities,0
workable,switchboard-hiring-1,https://apply.workable.com/switchboard-hiring-1,0
workable,switchd-ltd,https://apply.workable.com/switchd-ltd,0
workable,switch-themes,https://apply.workable.com/switch-themes,0
workable,switched-on-group,https://apply.workable.com/switched-on-group,2
workable,swivel,https://apply.workable.com/swivel,0
workable,switcher,https://apply.workable.com/switcher,0
workable,swk-tech,https://apply.workable.com/swk-tech,18
workable,swivel-group,https://apply.workable.com/swivel-group,0
workable,swogo,https://swogo.workable.com,0
workable,swivel-marketing,https://apply.workable.com/swivel-marketing,0
workable,swoon,https://apply.workable.com/swoon,0
workable,swoop-4,https://apply.workable.com/swoop-4,0
workable,swoops,https://apply.workable.com/swoops,0
workable,swvl,https://apply.workable.com/swvl,0
workable,swop-technologies,https://apply.workable.com/swop-technologies,0
workable,swot-hospitality-management-company,https://apply.workable.com/swot-hospitality-management-company,220
workable,swtch-energy,https://apply.workable.com/swtch-energy,14
workable,sunday-assembly-los-angeles,https://sunday-assembly-los-angeles.workable.com,0
workable,sybo-games,https://apply.workable.com/sybo-games,0
workable,syarah,https://apply.workable.com/syarah,12
workable,sundaemuse,https://apply.workable.com/sundaemuse,0
workable,swytchbike,https://apply.workable.com/swytchbike,0
workable,sylvan-health,https://apply.workable.com/sylvan-health,42
workable,sylvera,https://apply.workable.com/sylvera,0
workable,syllable,https://apply.workable.com/syllable,0
workable,symbility-intersect,https://symbility-intersect.workable.com,0
workable,symbiotics,https://apply.workable.com/symbiotics,0
workable,symmetricalai,https://apply.workable.com/symmetricalai,0
workable,sympower,https://apply.workable.com/sympower,0
workable,symmetrio,https://apply.workable.com/symmetrio,31
workable,symsoft-solutions,https://apply.workable.com/symsoft-solutions,1
workable,synapsegames,https://synapsegames.workable.com,0
workable,synaptiv,https://apply.workable.com/synaptiv,0
workable,sync-inc,https://apply.workable.com/sync-inc,0
workable,syncano,https://syncano.workable.com,0
workable,syncroness,https://syncroness.workable.com,0
workable,syncwith,https://apply.workable.com/syncwith,0
workable,syndihealth,https://apply.workable.com/syndihealth,0
workable,synectics-ltd,https://apply.workable.com/synectics-ltd,0
workable,synergy-business-development-ltd,https://synergy-business-development-ltd.workable.com,0
workable,synetec,https://apply.workable.com/synetec,0
workable,synelixis-sa,https://apply.workable.com/synelixis-sa,0
workable,synlab,https://apply.workable.com/synlab,0
workable,synergex-international-corp,https://apply.workable.com/synergex-international-corp,0
workable,synthesia,https://apply.workable.com/synthesia,0
workable,synlab-nigeria,https://apply.workable.com/synlab-nigeria,0
workable,synthesized,https://apply.workable.com/synthesized,0
workable,syntiant,https://apply.workable.com/syntiant,15
workable,syntx,https://apply.workable.com/syntx,0
workable,sysdoc,https://apply.workable.com/sysdoc,0
workable,sysco-costa-rica,https://apply.workable.com/sysco-costa-rica,0
workable,systemic,https://apply.workable.com/systemic,2
workable,systematicinc,https://apply.workable.com/systematicinc,0
workable,systems-engineering-solutions-corporation,https://apply.workable.com/systems-engineering-solutions-corporation,7
workable,systran,https://apply.workable.com/systran,0
workable,t-tel,https://apply.workable.com/t-tel,0
workable,t-minus,https://apply.workable.com/t-minus,0
workable,szns,https://apply.workable.com/szns,8
workable,ta-digital-india,https://apply.workable.com/ta-digital-india,0
workable,tabeo-ltd,https://apply.workable.com/tabeo-ltd,0
workable,tachyonnexus,https://apply.workable.com/tachyonnexus,0
workable,tactiqio,https://apply.workable.com/tactiqio,0
workable,tagaddod,https://apply.workable.com/tagaddod,0
workable,tahzoo,https://apply.workable.com/tahzoo,0
workable,tagstrategies,https://apply.workable.com/tagstrategies,0
workable,tailored-athlete-limited,https://apply.workable.com/tailored-athlete-limited,0
workable,tailwind-labs,https://apply.workable.com/tailwind-labs,0
workable,taistech,https://apply.workable.com/taistech,0
workable,tajalla,https://apply.workable.com/tajalla,3
workable,takeoff,https://apply.workable.com/takeoff,0
workable,takeoffroom,https://apply.workable.com/takeoffroom,0
workable,taksudigital,https://apply.workable.com/taksudigital,0
workable,talent-cottage,https://apply.workable.com/talent-cottage,0
workable,talent-cupboard,https://apply.workable.com/talent-cupboard,0
workable,talent-recruitment-1,https://apply.workable.com/talent-recruitment-1,0
workable,talent-right,https://apply.workable.com/talent-right,0
workable,tactic,https://apply.workable.com/tactic,0
workable,t2-tech-1,https://apply.workable.com/t2-tech-1,0
workable,t45-labs,https://apply.workable.com/t45-labs,9
workable,tailored-homecare-inc,https://apply.workable.com/tailored-homecare-inc,0
workable,talent-vision,https://apply.workable.com/talent-vision,0
workable,talent-tree,https://apply.workable.com/talent-tree,0
workable,takumijobs,https://apply.workable.com/takumijobs,0
workable,talent-voyager,https://apply.workable.com/talent-voyager,15
workable,takram,https://apply.workable.com/takram,0
workable,talanos,https://apply.workable.com/talanos,0
workable,tack,https://apply.workable.com/tack,0
workable,synthesis-ai,https://apply.workable.com/synthesis-ai,0
workable,talent3600,https://apply.workable.com/talent3600,182
workable,talent-cluster,https://apply.workable.com/talent-cluster,0
workable,talencegroup,https://apply.workable.com/talencegroup,13
workable,talarico-for-texas,https://apply.workable.com/talarico-for-texas,18
workable,tablespoon,https://apply.workable.com/tablespoon,0
workable,talentful,https://apply.workable.com/talentful,0
workable,talent-trader-group,https://apply.workable.com/talent-trader-group,859
workable,talenthackers,https://apply.workable.com/talenthackers,0
workable,taigamotors,https://apply.workable.com/taigamotors,0
workable,talentry,https://apply.workable.com/talentry,0
workable,talentiq-3,https://apply.workable.com/talentiq-3,0
workable,tablet-command,https://apply.workable.com/tablet-command,1
workable,talentpluto,https://apply.workable.com/talentpluto,39
workable,talk2fly,https://apply.workable.com/talk2fly,0
workable,talk-straight,https://apply.workable.com/talk-straight,2
workable,talent-engine,https://apply.workable.com/talent-engine,22
workable,talworx,https://apply.workable.com/talworx,0
workable,talent-hub-5,https://apply.workable.com/talent-hub-5,0
workable,tam-development-co,https://apply.workable.com/tam-development-co,1
workable,tame,https://apply.workable.com/tame,0
workable,tamatem,https://apply.workable.com/tamatem,14
workable,tajhr,https://apply.workable.com/tajhr,37
workable,tamaramellon,https://apply.workable.com/tamaramellon,0
workable,tanami-properties-l-dot-l-c,https://apply.workable.com/tanami-properties-l-dot-l-c,8
workable,tangent-animation,https://apply.workable.com/tangent-animation,0
workable,tamkeentech,https://apply.workable.com/tamkeentech,0
workable,tamnoon-dot-i-o,https://apply.workable.com/tamnoon-dot-i-o,3
workable,tangent-interactive,https://apply.workable.com/tangent-interactive,0
workable,tangent-labs,https://apply.workable.com/tangent-labs,0
workable,tanooki-labs,https://apply.workable.com/tanooki-labs,0
workable,tape-london-2,https://apply.workable.com/tape-london-2,0
workable,taphunter,https://apply.workable.com/taphunter,0
workable,tantalus-media-1,https://apply.workable.com/tantalus-media-1,0
workable,tapblaze,https://tapblaze.workable.com,0
workable,tapcheck,https://apply.workable.com/tapcheck,0
workable,tappsgames,https://apply.workable.com/tappsgames,0
workable,tanknewmedia,https://apply.workable.com/tanknewmedia,0
workable,tapptic,https://apply.workable.com/tapptic,0
workable,tapadoo,https://apply.workable.com/tapadoo,0
workable,targetsmart-communications,https://apply.workable.com/targetsmart-communications,2
workable,target-maintenance,https://apply.workable.com/target-maintenance,4
workable,tapstitch,https://apply.workable.com/tapstitch,1
workable,tarabut-gateway,https://apply.workable.com/tarabut-gateway,0
workable,target-group,https://apply.workable.com/target-group,3
workable,tarjama,https://apply.workable.com/tarjama,0
workable,targetable,https://apply.workable.com/targetable,0
workable,taroko-software,https://apply.workable.com/taroko-software,0
workable,taskparent,https://apply.workable.com/taskparent,0
workable,tasktop,https://apply.workable.com/tasktop,0
workable,tarte-inc,https://apply.workable.com/tarte-inc,43
workable,tastetoronto,https://apply.workable.com/tastetoronto,0
workable,tastrickland,https://apply.workable.com/tastrickland,0
workable,tasman,https://apply.workable.com/tasman,0
workable,tas,https://apply.workable.com/tas,0
workable,tat-technologies-ltd,https://apply.workable.com/tat-technologies-ltd,12
workable,tatum,https://apply.workable.com/tatum,1
workable,tatucity,https://apply.workable.com/tatucity,90
workable,tata-consumer-products,https://apply.workable.com/tata-consumer-products,6
workable,taus-bv,https://apply.workable.com/taus-bv,0
workable,tavhealth,https://apply.workable.com/tavhealth,0
workable,tava-health,https://apply.workable.com/tava-health,0
workable,tavern-hall,https://apply.workable.com/tavern-hall,3
workable,tax-justice-uk,https://tax-justice-uk.workable.com,0
workable,taxanetwork,https://apply.workable.com/taxanetwork,0
workable,tawantech,https://apply.workable.com/tawantech,20
workable,taxback-dot-c-om,https://apply.workable.com/taxback-dot-c-om,0
workable,taxify,https://taxify.workable.com,0
workable,taxjar,https://apply.workable.com/taxjar,0
workable,taxreductioncompany,https://apply.workable.com/taxreductioncompany,0
workable,tayana-solutions,https://apply.workable.com/tayana-solutions,0
workable,tba-studio,https://apply.workable.com/tba-studio,1
workable,tcla,https://apply.workable.com/tcla,0
workable,tcw,https://apply.workable.com/tcw,1
workable,teachable,https://teachable.workable.com,0
workable,tavern-52,https://apply.workable.com/tavern-52,0
workable,teacher-tapp,https://apply.workable.com/teacher-tapp,0
workable,taringa,https://taringa.workable.com,0
workable,teachers-in-turkey,https://apply.workable.com/teachers-in-turkey,0
workable,tayco,https://apply.workable.com/tayco,9
workable,team-architects,https://apply.workable.com/team-architects,39
workable,team-constellation,https://apply.workable.com/team-constellation,0
workable,team-pennsylvania,https://apply.workable.com/team-pennsylvania,0
workable,teamavoq,https://apply.workable.com/teamavoq,7
workable,teaminternational,https://apply.workable.com/teaminternational,0
workable,teamified,https://apply.workable.com/teamified,29
workable,teamtps,https://apply.workable.com/teamtps,0
workable,teamupdraft,https://apply.workable.com/teamupdraft,0
workable,tech-tamu-company-limited,https://apply.workable.com/tech-tamu-company-limited,0
workable,technicare-1,https://apply.workable.com/technicare-1,0
workable,techop-solutions-international,https://apply.workable.com/techop-solutions-international,35
workable,technossus-1,https://apply.workable.com/technossus-1,0
workable,techwings,https://apply.workable.com/techwings,0
workable,techy-scouts,https://apply.workable.com/techy-scouts,1
workable,tecknoworks,https://apply.workable.com/tecknoworks,6
workable,teckst,https://apply.workable.com/teckst,0
workable,tecnilogica,https://apply.workable.com/tecnilogica,0
workable,tecsa,https://apply.workable.com/tecsa,6
workable,tecsys,https://apply.workable.com/tecsys,26
workable,teekanne-gmbh,https://apply.workable.com/teekanne-gmbh,5
workable,tectonic,https://apply.workable.com/tectonic,0
workable,teem,https://apply.workable.com/teem,0
workable,teem-academy-3,https://apply.workable.com/teem-academy-3,0
workable,techhubnyc,https://apply.workable.com/techhubnyc,0
workable,tegan,https://apply.workable.com/tegan,0
workable,techfirefly,https://apply.workable.com/techfirefly,27
workable,teg,https://apply.workable.com/teg,0
workable,teguar-corporation,https://apply.workable.com/teguar-corporation,11
workable,techluke,https://apply.workable.com/techluke,0
workable,techstreet-1,https://apply.workable.com/techstreet-1,0
workable,tekfen,https://apply.workable.com/tekfen,0
workable,tehora,https://apply.workable.com/tehora,1185
workable,teknique,https://apply.workable.com/teknique,0
workable,tekhouse,https://apply.workable.com/tekhouse,0
workable,techexchange,https://apply.workable.com/techexchange,0
workable,techhostservices-dot-c-om,https://apply.workable.com/techhostservices-dot-c-om,0
workable,teleasing,https://apply.workable.com/teleasing,0
workable,techkey-solutions,https://apply.workable.com/techkey-solutions,0
workable,telemedi,https://apply.workable.com/telemedi,78
workable,telementum,https://apply.workable.com/telementum,9
workable,teleperformance-114477,https://apply.workable.com/teleperformance-114477,0
workable,telenotes,https://apply.workable.com/telenotes,0
workable,techhub-swansea,https://apply.workable.com/techhub-swansea,0
workable,telestream,https://apply.workable.com/telestream,8
workable,teleperformance-spain,https://apply.workable.com/teleperformance-spain,130
workable,teleport-careers,https://apply.workable.com/teleport-careers,115
workable,televet,https://apply.workable.com/televet,0
workable,tellescope,https://apply.workable.com/tellescope,0
workable,tellow,https://apply.workable.com/tellow,0
workable,tempest,https://apply.workable.com/tempest,0
workable,tempcoverltd,https://apply.workable.com/tempcoverltd,0
workable,templar-payments-ltd,https://apply.workable.com/templar-payments-ltd,0
workable,tempo-1,https://apply.workable.com/tempo-1,0
workable,ten-group-latam-and-north-america,https://apply.workable.com/ten-group-latam-and-north-america,0
workable,tenantbase,https://apply.workable.com/tenantbase,0
workable,tenaya-therapeutics,https://apply.workable.com/tenaya-therapeutics,0
workable,tenchi-security,https://apply.workable.com/tenchi-security,9
workable,tendertec-1,https://apply.workable.com/tendertec-1,0
workable,tenjin-inc,https://apply.workable.com/tenjin-inc,0
workable,tentree,https://apply.workable.com/tentree,2
workable,tentworks-interactive,https://apply.workable.com/tentworks-interactive,5
workable,tenx,https://apply.workable.com/tenx,0
workable,tenzir,https://apply.workable.com/tenzir,0
workable,teplis-travel,https://apply.workable.com/teplis-travel,0
workable,teremana-tequila,https://apply.workable.com/teremana-tequila,1
workable,terlumina,https://apply.workable.com/terlumina,0
workable,teramind-1,https://apply.workable.com/teramind-1,0
workable,terminal49,https://apply.workable.com/terminal49,0
workable,tero,https://apply.workable.com/tero,0
workable,terntravel,https://apply.workable.com/terntravel,0
workable,terrafuse,https://apply.workable.com/terrafuse,0
workable,tes-global,https://apply.workable.com/tes-global,0
workable,tfscareers,https://apply.workable.com/tfscareers,0
workable,tesla-labs,https://apply.workable.com/tesla-labs,10
workable,tetrascience,https://apply.workable.com/tetrascience,42
workable,texas-center-for-local-food,https://apply.workable.com/texas-center-for-local-food,0
workable,tgndata,https://apply.workable.com/tgndata,3
workable,texas-casa,https://apply.workable.com/texas-casa,0
workable,thapgiainhiet,https://apply.workable.com/thapgiainhiet,0
workable,tharp-ventures,https://apply.workable.com/tharp-ventures,0
workable,textbase,https://apply.workable.com/textbase,0
workable,textmaster,https://apply.workable.com/textmaster,0
workable,testobject,https://apply.workable.com/testobject,0
workable,teneo-linguistics-company,https://apply.workable.com/teneo-linguistics-company,0
workable,the-baylor-line,https://apply.workable.com/the-baylor-line,0
workable,the-body-coach,https://apply.workable.com/the-body-coach,0
workable,the-boutique-coo,https://apply.workable.com/the-boutique-coo,14
workable,the-bridge-church,https://apply.workable.com/the-bridge-church,0
workable,the-bridge-social,https://apply.workable.com/the-bridge-social,0
workable,the-brydon-group,https://apply.workable.com/the-brydon-group,7
workable,the-canadian-press,https://apply.workable.com/the-canadian-press,1
workable,testrigor,https://apply.workable.com/testrigor,0
workable,the-cardiovascular-care-group,https://apply.workable.com/the-cardiovascular-care-group,0
workable,the-catch,https://apply.workable.com/the-catch,9
workable,the-choice-group,https://apply.workable.com/the-choice-group,0
workable,the-chope-group-pte-ltd,https://apply.workable.com/the-chope-group-pte-ltd,0
workable,the-chope-group-pte-ltd-2,https://apply.workable.com/the-chope-group-pte-ltd-2,0
workable,the-athletic-clubs,https://apply.workable.com/the-athletic-clubs,5
workable,the-climate-app-1,https://apply.workable.com/the-climate-app-1,0
workable,the-collective,https://the-collective.workable.com,0
workable,the-bot-platform-ltd,https://apply.workable.com/the-bot-platform-ltd,0
workable,the-community-lighthouse,https://apply.workable.com/the-community-lighthouse,0
workable,the-credit-pros,https://apply.workable.com/the-credit-pros,29
workable,the-data-incubator,https://apply.workable.com/the-data-incubator,0
workable,the-dermatology-center-1,https://the-dermatology-center-1.workable.com,0
workable,the-drake,https://apply.workable.com/the-drake,0
workable,the-dump,https://apply.workable.com/the-dump,0
workable,the-educational-equality-institute,https://apply.workable.com/the-educational-equality-institute,81
workable,the-eleven-enterprises-ltd,https://apply.workable.com/the-eleven-enterprises-ltd,0
workable,the-employers-association,https://apply.workable.com/the-employers-association,0
workable,the-accelerator-for-gbv-prevention,https://apply.workable.com/the-accelerator-for-gbv-prevention,0
workable,the-hail-and-dent-co-of-colorado-ltd,https://apply.workable.com/the-hail-and-dent-co-of-colorado-ltd,0
workable,the-halo-trust,https://apply.workable.com/the-halo-trust,20
workable,the-expert-network,https://the-expert-network.workable.com,0
workable,the-equity-project-tep-charter-school,https://apply.workable.com/the-equity-project-tep-charter-school,14
workable,the-happiness-index,https://apply.workable.com/the-happiness-index,0
workable,the-garam-group,https://apply.workable.com/the-garam-group,0
workable,the-growth-center,https://apply.workable.com/the-growth-center,30
workable,the-herring-group,https://apply.workable.com/the-herring-group,2
workable,the-hoosier-environmental-council,https://apply.workable.com/the-hoosier-environmental-council,0
workable,the-home-project,https://apply.workable.com/the-home-project,7
workable,the-investigo-group,https://apply.workable.com/the-investigo-group,6
workable,the-geyser-group,https://apply.workable.com/the-geyser-group,0
workable,the-jensen-agency,https://apply.workable.com/the-jensen-agency,0
workable,the-law-office-of-bryan-fagan,https://apply.workable.com/the-law-office-of-bryan-fagan,0
workable,the-global-tuna-alliance,https://apply.workable.com/the-global-tuna-alliance,0
workable,the-law-office-of-james-m-bach,https://apply.workable.com/the-law-office-of-james-m-bach,0
workable,the-just-trust,https://apply.workable.com/the-just-trust,0
workable,the-life-coach-school,https://apply.workable.com/the-life-coach-school,0
workable,the-learning-lab,https://apply.workable.com/the-learning-lab,5
workable,the-learning-tree,https://apply.workable.com/the-learning-tree,0
workable,the-learning-lane,https://apply.workable.com/the-learning-lane,1
workable,the-greenwich-tent-company,https://apply.workable.com/the-greenwich-tent-company,1
workable,the-mac-support-store,https://apply.workable.com/the-mac-support-store,0
workable,the-lynch-leadership-academy,https://the-lynch-leadership-academy.workable.com,0
workable,the-marketing-practice,https://apply.workable.com/the-marketing-practice,7
workable,the-metaplex-foundation,https://apply.workable.com/the-metaplex-foundation,1
workable,the-mclean-group,https://apply.workable.com/the-mclean-group,6
workable,the-mendocino-grain-project,https://apply.workable.com/the-mendocino-grain-project,0
workable,the-missing-link,https://apply.workable.com/the-missing-link,9
workable,the-mobility-house,https://apply.workable.com/the-mobility-house,0
workable,the-modernist,https://apply.workable.com/the-modernist,5
workable,the-moot-group,https://apply.workable.com/the-moot-group,0
workable,the-musicianship,https://apply.workable.com/the-musicianship,1
workable,the-neighborhood-an-urban-center-for-jewish-life,https://apply.workable.com/the-neighborhood-an-urban-center-for-jewish-life,0
workable,the-hero-company,https://the-hero-company.workable.com,0
workable,the-office-group,https://apply.workable.com/the-office-group,0
workable,the-normal-brand,https://apply.workable.com/the-normal-brand,29
workable,the-pac-group,https://apply.workable.com/the-pac-group,0
workable,the-guarantors,https://apply.workable.com/the-guarantors,0
workable,the-peach-truck,https://apply.workable.com/the-peach-truck,0
workable,the-paramount-theater-of-charlottesville-inc,https://apply.workable.com/the-paramount-theater-of-charlottesville-inc,0
workable,the-pod-group,https://apply.workable.com/the-pod-group,43
workable,the-posture-people,https://apply.workable.com/the-posture-people,0
workable,the-hidden-20percent,https://apply.workable.com/the-hidden-20percent,0
workable,the-powell-foundation,https://apply.workable.com/the-powell-foundation,0
workable,the-pure-gold-company-1,https://apply.workable.com/the-pure-gold-company-1,1
workable,the-prestbury-advisory,https://apply.workable.com/the-prestbury-advisory,0
workable,the-profit-line-inc-1,https://apply.workable.com/the-profit-line-inc-1,0
workable,the-range-st-louis-west,https://apply.workable.com/the-range-st-louis-west,0
workable,the-intect-1,https://apply.workable.com/the-intect-1,0
workable,the-recap-group-inc,https://apply.workable.com/the-recap-group-inc,1
workable,the-republik,https://apply.workable.com/the-republik,0
workable,the-reset-foundation,https://apply.workable.com/the-reset-foundation,0
workable,the-riveter,https://apply.workable.com/the-riveter,0
workable,the-retirement-planning-group-1,https://apply.workable.com/the-retirement-planning-group-1,0
workable,the-ripple-way,https://apply.workable.com/the-ripple-way,27
workable,the-sales-developers,https://apply.workable.com/the-sales-developers,0
workable,the-rogers-agency,https://apply.workable.com/the-rogers-agency,0
workable,the-scale-factory,https://apply.workable.com/the-scale-factory,0
workable,the-scholarship-system,https://apply.workable.com/the-scholarship-system,0
workable,the-sill,https://apply.workable.com/the-sill,0
workable,the-search-engine-shop,https://apply.workable.com/the-search-engine-shop,0
workable,the-social-experiment,https://apply.workable.com/the-social-experiment,0
workable,the-sixth-floor-museum-at-dealey-plaza,https://apply.workable.com/the-sixth-floor-museum-at-dealey-plaza,0
workable,the-skin-clique,https://apply.workable.com/the-skin-clique,0
workable,the-social-innovation-partnership,https://apply.workable.com/the-social-innovation-partnership,0
workable,the-social-station,https://apply.workable.com/the-social-station,0
workable,the-solutions-project,https://apply.workable.com/the-solutions-project,0
workable,the-spectator,https://apply.workable.com/the-spectator,3
workable,the-speedy-recruiter-2,https://the-speedy-recruiter-2.workable.com,0
workable,the-tailored-teacher,https://apply.workable.com/the-tailored-teacher,0
workable,the-tin,https://apply.workable.com/the-tin,0
workable,the-unmistakables,https://apply.workable.com/the-unmistakables,0
workable,the-symicor-group-1,https://apply.workable.com/the-symicor-group-1,215
workable,the-valdez-group,https://apply.workable.com/the-valdez-group,0
workable,the-user-story,https://apply.workable.com/the-user-story,0
workable,the-valenti-agency,https://apply.workable.com/the-valenti-agency,0
workable,the-very-group,https://apply.workable.com/the-very-group,27
workable,the-wellington-school,https://apply.workable.com/the-wellington-school,0
workable,the-yeomen-1,https://apply.workable.com/the-yeomen-1,0
workable,thedentalgroup,https://apply.workable.com/thedentalgroup,0
workable,thedishpatch,https://apply.workable.com/thedishpatch,0
workable,theelysiumclub,https://apply.workable.com/theelysiumclub,0
workable,thefader,https://apply.workable.com/thefader,0
workable,theblaze,https://apply.workable.com/theblaze,0
workable,thedff,https://apply.workable.com/thedff,0
workable,thefirstmint,https://apply.workable.com/thefirstmint,0
workable,thecommerceco,https://apply.workable.com/thecommerceco,0
workable,the-seed-school-of-los-angeles-county,https://apply.workable.com/the-seed-school-of-los-angeles-county,0
workable,theflathtx,https://apply.workable.com/theflathtx,2
workable,theflowery,https://apply.workable.com/theflowery,0
workable,thefoundation,https://apply.workable.com/thefoundation,0
workable,thefrenchtalents,https://thefrenchtalents.workable.com,0
workable,thecelebritycafe-dot-com,https://apply.workable.com/thecelebritycafe-dot-com,0
workable,thefuelstore,https://apply.workable.com/thefuelstore,0
workable,thefuturefox,https://apply.workable.com/thefuturefox,0
workable,thegarage,https://apply.workable.com/thegarage,0
workable,thegoodbuttercompany,https://apply.workable.com/thegoodbuttercompany,0
workable,thecollegewatchcompany,https://apply.workable.com/thecollegewatchcompany,0
workable,thebookofeveryone,https://apply.workable.com/thebookofeveryone,0
workable,thehelm,https://apply.workable.com/thehelm,0
workable,thehighline,https://apply.workable.com/thehighline,3
workable,thehoneypartnership,https://apply.workable.com/thehoneypartnership,0
workable,theharogroup,https://apply.workable.com/theharogroup,0
workable,thegrid,https://apply.workable.com/thegrid,0
workable,thehutgroup,https://apply.workable.com/thehutgroup,0
workable,theicelist,https://apply.workable.com/theicelist,0
workable,theinclab,https://apply.workable.com/theinclab,6
workable,thekey,https://apply.workable.com/thekey,8
workable,thelaundryplace,https://apply.workable.com/thelaundryplace,3
workable,themakers,https://apply.workable.com/themakers,0
workable,the-vegan-gym-1,https://apply.workable.com/the-vegan-gym-1,0
workable,themeisle,https://apply.workable.com/themeisle,0
workable,themeyab-co,https://themeyab-co.workable.com,0
workable,themerrybeggars,https://apply.workable.com/themerrybeggars,0
workable,themurietainn,https://themurietainn.workable.com,0
workable,themiddlefingerproject,https://apply.workable.com/themiddlefingerproject,0
workable,thematic,https://apply.workable.com/thematic,0
workable,themotion,https://themotion.workable.com,0
workable,theclosetlover,https://apply.workable.com/theclosetlover,0
workable,thenewluncher,https://apply.workable.com/thenewluncher,0
workable,theophany-staffing-inc,https://apply.workable.com/theophany-staffing-inc,0
workable,thepinkfongcompany,https://apply.workable.com/thepinkfongcompany,0
workable,theproductionteam,https://apply.workable.com/theproductionteam,8
workable,thepodcastapp,https://apply.workable.com/thepodcastapp,0
workable,thepioneerteam,https://apply.workable.com/thepioneerteam,16
workable,theoceanac,https://apply.workable.com/theoceanac,44
workable,theouai,https://apply.workable.com/theouai,4
workable,therapygroupdc,https://apply.workable.com/therapygroupdc,1
workable,thepurplecarrot,https://apply.workable.com/thepurplecarrot,3
workable,therapynotes,https://apply.workable.com/therapynotes,4
workable,thechemistrygroup,https://apply.workable.com/thechemistrygroup,0
workable,theroadhome,https://apply.workable.com/theroadhome,0
workable,therealreal,https://apply.workable.com/therealreal,0
workable,therecoveryvillage,https://apply.workable.com/therecoveryvillage,99
workable,thermulon,https://apply.workable.com/thermulon,0
workable,thermalengint,https://apply.workable.com/thermalengint,34
workable,therefore,https://apply.workable.com/therefore,1
workable,theroninsociety,https://apply.workable.com/theroninsociety,0
workable,theschoolproject,https://apply.workable.com/theschoolproject,0
workable,thesalesplaybook,https://apply.workable.com/thesalesplaybook,0
workable,thesdfcenter,https://apply.workable.com/thesdfcenter,0
workable,theshipyard,https://apply.workable.com/theshipyard,1
workable,thesisedu,https://apply.workable.com/thesisedu,0
workable,thesoul-publishing-1,https://apply.workable.com/thesoul-publishing-1,9
workable,thesquarefoot,https://apply.workable.com/thesquarefoot,0
workable,thetogetheragency,https://apply.workable.com/thetogetheragency,0
workable,theconversation,https://apply.workable.com/theconversation,0
workable,thetalentfinders,https://apply.workable.com/thetalentfinders,0
workable,thesignalgroup,https://apply.workable.com/thesignalgroup,10
workable,theta-systems-ltd,https://apply.workable.com/theta-systems-ltd,6
workable,thesocialelement,https://apply.workable.com/thesocialelement,0
workable,thetie,https://apply.workable.com/thetie,2
workable,thetsuigroup,https://apply.workable.com/thetsuigroup,22
workable,thetrustees,https://apply.workable.com/thetrustees,60
workable,thimble-usa,https://apply.workable.com/thimble-usa,0
workable,thespecialistworks,https://apply.workable.com/thespecialistworks,2
workable,thetonictech,https://apply.workable.com/thetonictech,0
workable,thinc,https://apply.workable.com/thinc,3
workable,think-shift,https://apply.workable.com/think-shift,0
workable,thingtesting,https://apply.workable.com/thingtesting,0
workable,think-it,https://apply.workable.com/think-it,0
workable,thinkingit,https://apply.workable.com/thinkingit,0
workable,thinscale-technology-ltd,https://apply.workable.com/thinscale-technology-ltd,0
workable,thinkshout,https://apply.workable.com/thinkshout,1
workable,thinscale-1,https://apply.workable.com/thinscale-1,1
workable,third-wave-systems-3,https://apply.workable.com/third-wave-systems-3,0
workable,thinsquare-llc,https://apply.workable.com/thinsquare-llc,0
workable,third-wave-systems,https://apply.workable.com/third-wave-systems,0
workable,third-eye-software,https://apply.workable.com/third-eye-software,3
workable,thirdeyedata,https://apply.workable.com/thirdeyedata,0
workable,thirdphase-labs,https://apply.workable.com/thirdphase-labs,0
workable,this-place,https://apply.workable.com/this-place,0
workable,thirdspacelearning,https://apply.workable.com/thirdspacelearning,0
workable,this-is-unicorn-1,https://apply.workable.com/this-is-unicorn-1,0
workable,thisiscala,https://apply.workable.com/thisiscala,0
workable,thmanyah,https://apply.workable.com/thmanyah,0
workable,thomas-5a,https://apply.workable.com/thomas-5a,3
workable,thisisgain,https://apply.workable.com/thisisgain,6
workable,thomas-lloyd,https://apply.workable.com/thomas-lloyd,0
workable,thisway,https://apply.workable.com/thisway,8
workable,thomascreek,https://apply.workable.com/thomascreek,7
workable,thomas-howell-ferguson-p-dot-a,https://apply.workable.com/thomas-howell-ferguson-p-dot-a,0
workable,thompson-ahern-international,https://apply.workable.com/thompson-ahern-international,0
workable,thoughtbot,https://apply.workable.com/thoughtbot,0
workable,thoughtfull-world,https://apply.workable.com/thoughtfull-world,16
workable,thoughtmachine,https://apply.workable.com/thoughtmachine,0
workable,thrasio,https://apply.workable.com/thrasio,0
workable,threadhcm,https://apply.workable.com/threadhcm,0
workable,thinkcsc,https://apply.workable.com/thinkcsc,0
workable,three-trader,https://apply.workable.com/three-trader,3
workable,threatx,https://apply.workable.com/threatx,0
workable,threefivetwo,https://apply.workable.com/threefivetwo,0
workable,threenitas,https://apply.workable.com/threenitas,2
workable,threepeaks,https://apply.workable.com/threepeaks,5
workable,thrillingfoods,https://apply.workable.com/thrillingfoods,0
workable,thrillz,https://apply.workable.com/thrillz,0
workable,thrive-allianz-pvt-ltd,https://apply.workable.com/thrive-allianz-pvt-ltd,0
workable,thrive-homes,https://apply.workable.com/thrive-homes,0
workable,thrive-protocol,https://apply.workable.com/thrive-protocol,0
workable,thrive-tribe-ltd,https://apply.workable.com/thrive-tribe-ltd,0
workable,thrivemap,https://apply.workable.com/thrivemap,0
workable,throo,https://apply.workable.com/throo,0
workable,thunderstone,https://apply.workable.com/thunderstone,0
workable,thynk-health,https://apply.workable.com/thynk-health,0
workable,tibra-capital-1,https://apply.workable.com/tibra-capital-1,0
workable,timestudyco,https://apply.workable.com/timestudyco,0
workable,timeos,https://apply.workable.com/timeos,0
workable,timescapes-co,https://apply.workable.com/timescapes-co,12
workable,tint,https://apply.workable.com/tint,1
workable,tiny-spoon-chef,https://apply.workable.com/tiny-spoon-chef,0
workable,tierra-biosciences,https://apply.workable.com/tierra-biosciences,0
workable,tiger-analytics,https://apply.workable.com/tiger-analytics,183
workable,tigera,https://apply.workable.com/tigera,0
workable,tierra-climate,https://apply.workable.com/tierra-climate,0
workable,tinybop,https://apply.workable.com/tinybop,0
workable,tipco,https://apply.workable.com/tipco,0
workable,tinyclues,https://apply.workable.com/tinyclues,0
workable,tios-capital,https://apply.workable.com/tios-capital,1
workable,tiplatorm,https://apply.workable.com/tiplatorm,0
workable,tiree,https://apply.workable.com/tiree,0
workable,tiro-solutions-group-llc,https://apply.workable.com/tiro-solutions-group-llc,0
workable,titan-cloud,https://apply.workable.com/titan-cloud,0
workable,titan-media-solutions,https://apply.workable.com/titan-media-solutions,0
workable,titanbay,https://apply.workable.com/titanbay,0
workable,titanom-technologies,https://apply.workable.com/titanom-technologies,4
workable,titanos,https://apply.workable.com/titanos,10
workable,titanium-birch,https://apply.workable.com/titanium-birch,1
workable,tin-roof-tacos-1,https://apply.workable.com/tin-roof-tacos-1,0
workable,tiller-digital-inc,https://apply.workable.com/tiller-digital-inc,0
workable,tiller,https://apply.workable.com/tiller,0
workable,tjommi,https://apply.workable.com/tjommi,0
workable,tm-solutions,https://apply.workable.com/tm-solutions,0
workable,tiki-corporation,https://apply.workable.com/tiki-corporation,0
workable,tmdlcpa,https://apply.workable.com/tmdlcpa,0
workable,tmgm,https://apply.workable.com/tmgm,44
workable,tnp,https://apply.workable.com/tnp,23
workable,tmw,https://apply.workable.com/tmw,0
workable,tmeic-corporation-americas,https://apply.workable.com/tmeic-corporation-americas,37
workable,tingathe,https://apply.workable.com/tingathe,0
workable,tntp,https://apply.workable.com/tntp,0
workable,tnsbenin,https://apply.workable.com/tnsbenin,0
workable,tinkergarten,https://apply.workable.com/tinkergarten,0
workable,today,https://apply.workable.com/today,2
workable,tiledb,https://apply.workable.com/tiledb,0
workable,toca-social,https://apply.workable.com/toca-social,21
workable,tofel-dent-construction,https://apply.workable.com/tofel-dent-construction,1
workable,togetherdata,https://apply.workable.com/togetherdata,0
workable,tocos,https://apply.workable.com/tocos,0
workable,togather,https://apply.workable.com/togather,13
workable,tinqin,https://apply.workable.com/tinqin,5
workable,to-dot-s-cale,https://apply.workable.com/to-dot-s-cale,0
workable,todd-young-for-senate,https://apply.workable.com/todd-young-for-senate,0
workable,tokamak-energy,https://apply.workable.com/tokamak-energy,5
workable,tink,https://apply.workable.com/tink,0
workable,tomax,https://apply.workable.com/tomax,5
workable,toloka-annotators,https://apply.workable.com/toloka-annotators,378
workable,tokenweb3,https://apply.workable.com/tokenweb3,0
workable,tomorrow-2,https://apply.workable.com/tomorrow-2,0
workable,tokentax,https://apply.workable.com/tokentax,0
workable,tokopedia,https://tokopedia.workable.com,0
workable,tommy-guns-original-barbershop,https://apply.workable.com/tommy-guns-original-barbershop,84
workable,tomorrow-hire,https://apply.workable.com/tomorrow-hire,25
workable,tomorrowgroup,https://apply.workable.com/tomorrowgroup,0
workable,tomorrows-journey,https://apply.workable.com/tomorrows-journey,0
workable,tonik-energy,https://apply.workable.com/tonik-energy,0
workable,tonic-blooms,https://apply.workable.com/tonic-blooms,0
workable,tontine,https://apply.workable.com/tontine,0
workable,too-good-to-go,https://apply.workable.com/too-good-to-go,0
workable,tony-ronis-pizza,https://apply.workable.com/tony-ronis-pizza,0
workable,toolkit-tutors,https://apply.workable.com/toolkit-tutors,14
workable,timecrossers,https://apply.workable.com/timecrossers,0
workable,tools4ever,https://apply.workable.com/tools4ever,0
workable,tools-inc,https://apply.workable.com/tools-inc,0
workable,top-team-resourcesand-recruitment,https://apply.workable.com/top-team-resourcesand-recruitment,0
workable,top-cash-back,https://apply.workable.com/top-cash-back,0
workable,topspinpro,https://apply.workable.com/topspinpro,0
workable,topoteretes-ug-haftungsbeschrankt,https://apply.workable.com/topoteretes-ug-haftungsbeschrankt,5
workable,toppr,https://apply.workable.com/toppr,0
workable,torinit-technologies-inc,https://apply.workable.com/torinit-technologies-inc,0
workable,tortuga,https://apply.workable.com/tortuga,0
workable,toronto-lands-corporation,https://apply.workable.com/toronto-lands-corporation,0
workable,total-expert,https://apply.workable.com/total-expert,0
workable,total-life,https://apply.workable.com/total-life,49
workable,total-success,https://apply.workable.com/total-success,0
workable,total-negotiation,https://apply.workable.com/total-negotiation,0
workable,total-resourcing-ltd,https://apply.workable.com/total-resourcing-ltd,45
workable,total-web-services-inc,https://apply.workable.com/total-web-services-inc,0
workable,totalcareservices,https://apply.workable.com/totalcareservices,0
workable,totaleclipse,https://apply.workable.com/totaleclipse,0
workable,totalcommit,https://apply.workable.com/totalcommit,0
workable,totallymoney,https://apply.workable.com/totallymoney,0
workable,totaltrivia,https://apply.workable.com/totaltrivia,0
workable,totomaniac,https://apply.workable.com/totomaniac,0
workable,touchdown-ventures,https://apply.workable.com/touchdown-ventures,0
workable,touchdownpr,https://apply.workable.com/touchdownpr,0
workable,touchpoint-strategies-1,https://apply.workable.com/touchpoint-strategies-1,0
workable,touchstone-analytics,https://touchstone-analytics.workable.com,0
workable,touchstonehc,https://apply.workable.com/touchstonehc,0
workable,touchsurgery,https://apply.workable.com/touchsurgery,0
workable,toughlex,https://toughlex.workable.com,0
workable,town-of-brownsburg,https://apply.workable.com/town-of-brownsburg,0
workable,tower-commercial-real-estate,https://apply.workable.com/tower-commercial-real-estate,0
workable,town-web,https://apply.workable.com/town-web,5
workable,town-of-snow-hill,https://apply.workable.com/town-of-snow-hill,0
workable,tpapt,https://apply.workable.com/tpapt,18
workable,track24-limited,https://apply.workable.com/track24-limited,0
workable,trade-nation,https://apply.workable.com/trade-nation,39
workable,tradeline,https://apply.workable.com/tradeline,0
workable,tradingtips,https://apply.workable.com/tradingtips,0
workable,trading-post-limited,https://apply.workable.com/trading-post-limited,0
workable,transfergo,https://apply.workable.com/transfergo,0
workable,transition-play,https://apply.workable.com/transition-play,0
workable,transfergo-1,https://apply.workable.com/transfergo-1,0
workable,tradlands,https://apply.workable.com/tradlands,0
workable,translation-project,https://apply.workable.com/translation-project,0
workable,transloc-inc,https://apply.workable.com/transloc-inc,0
workable,translution-software,https://apply.workable.com/translution-software,1
workable,trago,https://apply.workable.com/trago,0
workable,trailofbits,https://apply.workable.com/trailofbits,8
workable,trail-appliances-2,https://apply.workable.com/trail-appliances-2,9
workable,transfermate,https://apply.workable.com/transfermate,0
workable,transmarket-operations-llc,https://apply.workable.com/transmarket-operations-llc,0
workable,transmax,https://apply.workable.com/transmax,0
workable,transmute,https://apply.workable.com/transmute,0
workable,train-of-thought-us,https://apply.workable.com/train-of-thought-us,0
workable,transonic-data-technology,https://apply.workable.com/transonic-data-technology,0
workable,transparency-and-accountability-initiative,https://apply.workable.com/transparency-and-accountability-initiative,0
workable,transport-max-inc,https://apply.workable.com/transport-max-inc,0
workable,transportcouncil,https://apply.workable.com/transportcouncil,0
workable,transwest,https://apply.workable.com/transwest,25
workable,transworld-business-advisors-of-denver,https://apply.workable.com/transworld-business-advisors-of-denver,0
workable,travel-forever-travel-agency,https://apply.workable.com/travel-forever-travel-agency,0
workable,trash-butler,https://apply.workable.com/trash-butler,0
workable,travel-havens,https://apply.workable.com/travel-havens,0
workable,transitcenter-1,https://apply.workable.com/transitcenter-1,0
workable,trainingthestreet,https://apply.workable.com/trainingthestreet,0
workable,tradinghub,https://apply.workable.com/tradinghub,0
workable,traive,https://apply.workable.com/traive,0
workable,travelbeat,https://apply.workable.com/travelbeat,0
workable,travelnoire,https://apply.workable.com/travelnoire,0
workable,travelplanet24,https://apply.workable.com/travelplanet24,0
workable,travelsist,https://apply.workable.com/travelsist,0
workable,travisci,https://apply.workable.com/travisci,0
workable,traverse-alpine-group,https://apply.workable.com/traverse-alpine-group,4
workable,traxo,https://apply.workable.com/traxo,0
workable,tray-io,https://apply.workable.com/tray-io,0
workable,transifex,https://apply.workable.com/transifex,0
workable,trayt-health,https://apply.workable.com/trayt-health,0
workable,treatwell,https://apply.workable.com/treatwell,68
workable,trala,https://apply.workable.com/trala,0
workable,treeapp,https://apply.workable.com/treeapp,0
workable,translation-empire,https://apply.workable.com/translation-empire,373
workable,treeline,https://apply.workable.com/treeline,0
workable,treehousebrew,https://apply.workable.com/treehousebrew,0
workable,trekksoft-ag,https://apply.workable.com/trekksoft-ag,0
workable,treewalk-accounting,https://apply.workable.com/treewalk-accounting,7
workable,trek10,https://apply.workable.com/trek10,0
workable,tresata,https://apply.workable.com/tresata,4
workable,trekksoftgroup,https://apply.workable.com/trekksoftgroup,0
workable,trexquant,https://apply.workable.com/trexquant,42
workable,trelora,https://apply.workable.com/trelora,0
workable,trantor,https://apply.workable.com/trantor,0
workable,triagestaffing,https://apply.workable.com/triagestaffing,5
workable,tri-mach-group-inc,https://apply.workable.com/tri-mach-group-inc,5
workable,tri-eagle-sales,https://apply.workable.com/tri-eagle-sales,0
workable,tribe,https://apply.workable.com/tribe,0
workable,tribalscale,https://apply.workable.com/tribalscale,0
workable,track-group-inc,https://apply.workable.com/track-group-inc,2
workable,tribe47,https://apply.workable.com/tribe47,0
workable,triathlon-group,https://apply.workable.com/triathlon-group,40
workable,tricoci-university,https://apply.workable.com/tricoci-university,76
workable,trident-works,https://apply.workable.com/trident-works,22
workable,tricycle-lane-ranches,https://apply.workable.com/tricycle-lane-ranches,2
workable,trinity-networx,https://apply.workable.com/trinity-networx,0
workable,trinity-reis,https://apply.workable.com/trinity-reis,0
workable,trio-scs,https://apply.workable.com/trio-scs,5
workable,triple-lanes,https://apply.workable.com/triple-lanes,0
workable,triptease,https://apply.workable.com/triptease,9
workable,triunityeng,https://apply.workable.com/triunityeng,0
workable,triva,https://apply.workable.com/triva,0
workable,trl11-inc,https://apply.workable.com/trl11-inc,9
workable,troop,https://apply.workable.com/troop,0
workable,trouva,https://apply.workable.com/trouva,0
workable,true-medicine,https://apply.workable.com/true-medicine,0
workable,true-sync-media,https://apply.workable.com/true-sync-media,0
workable,truedialog-inc,https://apply.workable.com/truedialog-inc,5
workable,trurating,https://apply.workable.com/trurating,0
workable,tryst-enterprises-inc,https://apply.workable.com/tryst-enterprises-inc,0
workable,trustedhousesitters,https://apply.workable.com/trustedhousesitters,0
workable,trv,https://apply.workable.com/trv,0
workable,trust-your-local,https://apply.workable.com/trust-your-local,0
workable,trytoku,https://apply.workable.com/trytoku,0
workable,trustengine,https://apply.workable.com/trustengine,2
workable,trust-keith,https://apply.workable.com/trust-keith,0
workable,tryzensglobal,https://apply.workable.com/tryzensglobal,10
workable,truly,https://apply.workable.com/truly,0
workable,tryzens,https://apply.workable.com/tryzens,0
workable,truff,https://apply.workable.com/truff,2
workable,trustfull-1,https://apply.workable.com/trustfull-1,3
workable,tsddigital,https://apply.workable.com/tsddigital,0
workable,trybe-2,https://apply.workable.com/trybe-2,2
workable,tsg-global-inc,https://apply.workable.com/tsg-global-inc,0
workable,tsg-reporting,https://apply.workable.com/tsg-reporting,0
workable,trustelevate,https://apply.workable.com/trustelevate,0
workable,tsi-1,https://apply.workable.com/tsi-1,1
workable,ttp,https://apply.workable.com/ttp,0
workable,ttech,https://apply.workable.com/ttech,10
workable,tucker-company-worldwide-inc,https://apply.workable.com/tucker-company-worldwide-inc,0
workable,tugende,https://apply.workable.com/tugende,0
workable,tumblbug,https://apply.workable.com/tumblbug,0
workable,tuff,https://apply.workable.com/tuff,0
workable,tummy-love,https://tummy-love.workable.com,0
workable,trycaddi,https://apply.workable.com/trycaddi,5
workable,tundra,https://apply.workable.com/tundra,0
workable,turabify-co,https://apply.workable.com/turabify-co,23
workable,turbo,https://apply.workable.com/turbo,0
workable,turbodebt,https://apply.workable.com/turbodebt,0
workable,trustify,https://apply.workable.com/trustify,0
workable,turbotenant,https://apply.workable.com/turbotenant,0
workable,turing,https://apply.workable.com/turing,0
workable,turing-machines-inc,https://apply.workable.com/turing-machines-inc,0
workable,turner-3,https://apply.workable.com/turner-3,2
workable,tryolabs,https://apply.workable.com/tryolabs,0
workable,turningpointchurch,https://apply.workable.com/turningpointchurch,4
workable,turnkey-lender-1,https://apply.workable.com/turnkey-lender-1,0
workable,turtl,https://apply.workable.com/turtl,0
workable,trustle,https://apply.workable.com/trustle,0
workable,turntabl,https://apply.workable.com/turntabl,0
workable,turtletree,https://apply.workable.com/turtletree,0
workable,turnoutpac,https://apply.workable.com/turnoutpac,18
workable,truenote,https://apply.workable.com/truenote,0
workable,turtle-rock-studios,https://apply.workable.com/turtle-rock-studios,0
workable,tushy,https://apply.workable.com/tushy,0
workable,tutor901,https://apply.workable.com/tutor901,0
workable,tutorials-point,https://apply.workable.com/tutorials-point,0
workable,tv-aerial-installers-york,https://apply.workable.com/tv-aerial-installers-york,0
workable,tutors-green-1,https://apply.workable.com/tutors-green-1,2
workable,tutorme-hq,https://apply.workable.com/tutorme-hq,0
workable,trustrecareers,https://trustrecareers.workable.com,0
workable,tuune,https://apply.workable.com/tuune,0
workable,tvg-hospitality,https://apply.workable.com/tvg-hospitality,0
workable,tv2-consulting-1,https://apply.workable.com/tv2-consulting-1,0
workable,tutor-me-education-1,https://apply.workable.com/tutor-me-education-1,343
workable,twaiv,https://apply.workable.com/twaiv,0
workable,twelvesec,https://apply.workable.com/twelvesec,0
workable,twentyci-ltd,https://apply.workable.com/twentyci-ltd,0
workable,twentythree,https://apply.workable.com/twentythree,0
workable,twico,https://apply.workable.com/twico,0
workable,twinlakes,https://apply.workable.com/twinlakes,2
workable,twgai,https://apply.workable.com/twgai,18
workable,twg-global,https://apply.workable.com/twg-global,0
workable,tutoredbyteachers,https://apply.workable.com/tutoredbyteachers,19
workable,twibbonize,https://apply.workable.com/twibbonize,0
workable,tutorama-careers,https://apply.workable.com/tutorama-careers,0
workable,twine,https://apply.workable.com/twine,0
workable,two-point-studios,https://apply.workable.com/two-point-studios,0
workable,trustmi,https://apply.workable.com/trustmi,1
workable,twocircles,https://apply.workable.com/twocircles,24
workable,twoconnect-careers,https://apply.workable.com/twoconnect-careers,40
workable,twwhiteandsons,https://apply.workable.com/twwhiteandsons,0
workable,twoparts,https://apply.workable.com/twoparts,0
workable,twoday,https://apply.workable.com/twoday,0
workable,twosense,https://apply.workable.com/twosense,1
workable,twyn,https://apply.workable.com/twyn,0
workable,twoseven-inc,https://apply.workable.com/twoseven-inc,3
workable,twsu,https://apply.workable.com/twsu,0
workable,tycor-benefit-administrators-inc,https://apply.workable.com/tycor-benefit-administrators-inc,0
workable,tyde-digital-1,https://apply.workable.com/tyde-digital-1,0
workable,tydeco,https://apply.workable.com/tydeco,5
workable,tydenbrooks,https://apply.workable.com/tydenbrooks,0
workable,tyk-technologies,https://apply.workable.com/tyk-technologies,8
workable,two95-international-inc-3,https://apply.workable.com/two95-international-inc-3,1086
workable,type-a,https://apply.workable.com/type-a,0
workable,typeform,https://apply.workable.com/typeform,0
workable,typhur-inc,https://apply.workable.com/typhur-inc,0
workable,typedb,https://apply.workable.com/typedb,0
workable,tymit,https://apply.workable.com/tymit,0
workable,tyme,https://apply.workable.com/tyme,0
workable,tyvakint,https://apply.workable.com/tyvakint,0
workable,u-value-insulation,https://apply.workable.com/u-value-insulation,12
workable,u-drive,https://apply.workable.com/u-drive,7
workable,u2y,https://apply.workable.com/u2y,0
workable,uark-federal-credit-union,https://apply.workable.com/uark-federal-credit-union,0
workable,uab-koncernas-sba,https://apply.workable.com/uab-koncernas-sba,39
workable,ubio,https://apply.workable.com/ubio,0
workable,ubeam-inc,https://apply.workable.com/ubeam-inc,0
workable,ubrand,https://apply.workable.com/ubrand,0
workable,ucc-12,https://apply.workable.com/ucc-12,22
workable,ucode,https://apply.workable.com/ucode,0
workable,ucsf-benioff-childrens-physicians-5,https://apply.workable.com/ucsf-benioff-childrens-physicians-5,0
workable,ucw-logistics,https://apply.workable.com/ucw-logistics,0
workable,udaipur-escort-service,https://apply.workable.com/udaipur-escort-service,0
workable,ues-careers,https://apply.workable.com/ues-careers,43
workable,ufonia,https://apply.workable.com/ufonia,0
workable,uicdigital,https://apply.workable.com/uicdigital,0
workable,uhr-malta,https://apply.workable.com/uhr-malta,0
workable,ugs,https://apply.workable.com/ugs,0
workable,ukio,https://apply.workable.com/ukio,14
workable,ultimate-beauty,https://apply.workable.com/ultimate-beauty,0
workable,ultimate-group,https://apply.workable.com/ultimate-group,0
workable,ultimate-knowledge,https://apply.workable.com/ultimate-knowledge,4
workable,ultimateqa,https://apply.workable.com/ultimateqa,0
workable,ultramed,https://apply.workable.com/ultramed,0
workable,umanist-staffing-llc,https://apply.workable.com/umanist-staffing-llc,0
workable,umbo-computer-vision,https://apply.workable.com/umbo-computer-vision,0
workable,umbrella-fund,https://apply.workable.com/umbrella-fund,0
workable,unboxed-technology,https://apply.workable.com/unboxed-technology,0
workable,union-finance,https://apply.workable.com/union-finance,0
workable,underdogio,https://apply.workable.com/underdogio,0
workable,unbounded,https://apply.workable.com/unbounded,1
workable,union-maritime,https://apply.workable.com/union-maritime,5
workable,union-of-concerned-scientists,https://apply.workable.com/union-of-concerned-scientists,2
workable,union-packaging,https://apply.workable.com/union-packaging,0
workable,union54,https://apply.workable.com/union54,0
workable,unifize,https://apply.workable.com/unifize,7
workable,unionco,https://apply.workable.com/unionco,0
workable,unifi-autism-care,https://apply.workable.com/unifi-autism-care,0
workable,uniplaces,https://apply.workable.com/uniplaces,0
workable,undercurrent,https://apply.workable.com/undercurrent,0
workable,unique-training-solutions,https://apply.workable.com/unique-training-solutions,32
workable,unimacts,https://apply.workable.com/unimacts,5
workable,unirac,https://unirac.workable.com,0
workable,unisongroup,https://apply.workable.com/unisongroup,209
workable,unit9-ltd,https://apply.workable.com/unit9-ltd,0
workable,unit8,https://apply.workable.com/unit8,39
workable,unitary,https://apply.workable.com/unitary,5
workable,united-cerebral-palsy-of-oregon-sw-washington,https://apply.workable.com/united-cerebral-palsy-of-oregon-sw-washington,3
workable,united-care,https://apply.workable.com/united-care,14
workable,uniteamerica,https://apply.workable.com/uniteamerica,3
workable,unilabs,https://apply.workable.com/unilabs,39
workable,undauntedk12,https://apply.workable.com/undauntedk12,0
workable,unifour-fireand-safety,https://apply.workable.com/unifour-fireand-safety,0
workable,united-field-services-inc,https://apply.workable.com/united-field-services-inc,5
workable,united-in-hammersmithand-fulham,https://apply.workable.com/united-in-hammersmithand-fulham,0
workable,unitedworldsoccer,https://apply.workable.com/unitedworldsoccer,0
workable,unitedrecords,https://apply.workable.com/unitedrecords,0
workable,unith,https://apply.workable.com/unith,1
workable,unincorporated,https://apply.workable.com/unincorporated,0
workable,unitedyeah,https://apply.workable.com/unitedyeah,0
workable,unity-hospice,https://apply.workable.com/unity-hospice,0
workable,universal-biosensors-3,https://apply.workable.com/universal-biosensors-3,0
workable,universal-units-gmbh,https://apply.workable.com/universal-units-gmbh,0
workable,universally-speaking,https://apply.workable.com/universally-speaking,28
workable,universal-tennis,https://apply.workable.com/universal-tennis,3
workable,universalquantum,https://apply.workable.com/universalquantum,23
workable,university-medical-group,https://apply.workable.com/university-medical-group,0
workable,universidad-isa,https://apply.workable.com/universidad-isa,0
workable,universum,https://apply.workable.com/universum,0
workable,univrse,https://apply.workable.com/univrse,0
workable,university-village,https://apply.workable.com/university-village,0
workable,unleash-partners,https://apply.workable.com/unleash-partners,0
workable,uni-pharma-s-dot-a,https://apply.workable.com/uni-pharma-s-dot-a,12
workable,unleashed,https://apply.workable.com/unleashed,0
workable,unlimited-group,https://apply.workable.com/unlimited-group,0
workable,unlisted-brand-lab,https://apply.workable.com/unlisted-brand-lab,0
workable,unlimited-tomorrow-inc,https://apply.workable.com/unlimited-tomorrow-inc,0
workable,unloc,https://apply.workable.com/unloc,0
workable,unlimited-technology-inc,https://apply.workable.com/unlimited-technology-inc,0
workable,unlock-the-game,https://apply.workable.com/unlock-the-game,0
workable,unmade,https://apply.workable.com/unmade,0
workable,unreal-gigs,https://apply.workable.com/unreal-gigs,0
workable,unmind,https://apply.workable.com/unmind,0
workable,unseen-inc,https://apply.workable.com/unseen-inc,1
workable,unwire,https://apply.workable.com/unwire,0
workable,upbuild,https://apply.workable.com/upbuild,0
workable,untuckit,https://apply.workable.com/untuckit,42
workable,upclear,https://apply.workable.com/upclear,5
workable,upcominds,https://apply.workable.com/upcominds,1
workable,upfeat,https://upfeat.workable.com,0
workable,updraft,https://apply.workable.com/updraft,7
workable,upflowy-1,https://apply.workable.com/upflowy-1,0
workable,upgradepack,https://apply.workable.com/upgradepack,0
workable,uplift-people-consulting,https://apply.workable.com/uplift-people-consulting,0
workable,uplearn,https://apply.workable.com/uplearn,2
workable,uplifted-staffing-solutions-llc,https://apply.workable.com/uplifted-staffing-solutions-llc,0
workable,upload,https://apply.workable.com/upload,0
workable,upmerch,https://apply.workable.com/upmerch,0
workable,upmybiz,https://apply.workable.com/upmybiz,0
workable,uppercase,https://apply.workable.com/uppercase,0
workable,uprecruit-1,https://apply.workable.com/uprecruit-1,0
workable,upplement,https://apply.workable.com/upplement,0
workable,upsmith-1,https://apply.workable.com/upsmith-1,3
workable,uproute,https://apply.workable.com/uproute,0
workable,upstack,https://apply.workable.com/upstack,0
workable,upswell-marketing,https://apply.workable.com/upswell-marketing,0
workable,uptime-dot-c-om,https://apply.workable.com/uptime-dot-c-om,0
workable,umedeor-ltd,https://apply.workable.com/umedeor-ltd,0
workable,upwork-8,https://apply.workable.com/upwork-8,0
workable,uptalent-dot-i-o,https://apply.workable.com/uptalent-dot-i-o,939
workable,urban,https://apply.workable.com/urban,0
workable,urban-fisio,https://apply.workable.com/urban-fisio,6
workable,urb-e,https://apply.workable.com/urb-e,0
workable,urban-grid-solar-projects,https://apply.workable.com/urban-grid-solar-projects,9
workable,urbanco,https://apply.workable.com/urbanco,0
workable,urbanintelligence,https://apply.workable.com/urbanintelligence,0
workable,urbanthings,https://apply.workable.com/urbanthings,0
workable,urbint,https://apply.workable.com/urbint,0
workable,urgent-action-fund-fa,https://apply.workable.com/urgent-action-fund-fa,1
workable,urooj-corporation,https://apply.workable.com/urooj-corporation,0
workable,usa-firmware,https://apply.workable.com/usa-firmware,2
workable,us-vision-3,https://apply.workable.com/us-vision-3,0
workable,usalliance,https://apply.workable.com/usalliance,0
workable,usairtours,https://usairtours.workable.com,0
workable,useberry,https://apply.workable.com/useberry,0
workable,useberryhq,https://apply.workable.com/useberryhq,0
workable,usepace,https://apply.workable.com/usepace,0
workable,usepilot,https://apply.workable.com/usepilot,0
workable,usepixie,https://apply.workable.com/usepixie,0
workable,ushahidi,https://apply.workable.com/ushahidi,0
workable,usta-new-england,https://apply.workable.com/usta-new-england,2
workable,ustwogames,https://apply.workable.com/ustwogames,0
workable,usuo,https://usuo.workable.com,0
workable,utilitiesone-1,https://apply.workable.com/utilitiesone-1,0
workable,utilligent,https://apply.workable.com/utilligent,0
workable,utrucking,https://apply.workable.com/utrucking,0
workable,utter,https://apply.workable.com/utter,0
workable,uxerschool,https://apply.workable.com/uxerschool,0
workable,v-studios-team,https://apply.workable.com/v-studios-team,0
workable,v7labs,https://apply.workable.com/v7labs,0
workable,v4c,https://apply.workable.com/v4c,4
workable,userzoom,https://apply.workable.com/userzoom,0
workable,vacation-innovations,https://apply.workable.com/vacation-innovations,0
workable,userscape,https://apply.workable.com/userscape,0
workable,vade,https://apply.workable.com/vade,0
workable,uworld,https://apply.workable.com/uworld,46
workable,uspsa,https://apply.workable.com/uspsa,0
workable,ustci,https://apply.workable.com/ustci,0
workable,uxus,https://apply.workable.com/uxus,0
workable,uware-technologies,https://apply.workable.com/uware-technologies,0
workable,uzabase-inc,https://apply.workable.com/uzabase-inc,0
workable,vahterus-oy,https://apply.workable.com/vahterus-oy,0
workable,vai,https://apply.workable.com/vai,0
workable,valard-construction-lp,https://apply.workable.com/valard-construction-lp,55
workable,valerann-1,https://apply.workable.com/valerann-1,0
workable,v-comply-technologies,https://apply.workable.com/v-comply-technologies,0
workable,valatam,https://apply.workable.com/valatam,24
workable,ustwo,https://apply.workable.com/ustwo,0
workable,valconuk,https://apply.workable.com/valconuk,0
workable,valenture-institute-pty-ltd,https://apply.workable.com/valenture-institute-pty-ltd,0
workable,valgenesis-1,https://apply.workable.com/valgenesis-1,0
workable,valgorithm,https://apply.workable.com/valgorithm,3
workable,validate-talent,https://apply.workable.com/validate-talent,70
workable,usetemple,https://apply.workable.com/usetemple,0
workable,validation-cloud,https://apply.workable.com/validation-cloud,0
workable,valley-services,https://apply.workable.com/valley-services,0
workable,valley-fire-protection,https://apply.workable.com/valley-fire-protection,0
workable,valis-insights-1,https://apply.workable.com/valis-insights-1,1
workable,valor,https://apply.workable.com/valor,0
workable,valneva,https://apply.workable.com/valneva,1
workable,valstad,https://apply.workable.com/valstad,0
workable,valstro,https://apply.workable.com/valstro,1
workable,valitas-capital-partners,https://apply.workable.com/valitas-capital-partners,0
workable,vamadu,https://vamadu.workable.com,0
workable,uswitch,https://apply.workable.com/uswitch,0
workable,vanguard-ems-inc,https://apply.workable.com/vanguard-ems-inc,20
workable,valutico-2,https://apply.workable.com/valutico-2,18
workable,vaping-dot-com,https://apply.workable.com/vaping-dot-com,0
workable,vanta-diagnostics,https://apply.workable.com/vanta-diagnostics,35
workable,vapgroup,https://apply.workable.com/vapgroup,0
workable,vantagerobotics,https://apply.workable.com/vantagerobotics,0
workable,utility-concierge,https://apply.workable.com/utility-concierge,0
workable,varabbit,https://apply.workable.com/varabbit,0
workable,vast-dot-c-om-inc,https://apply.workable.com/vast-dot-c-om-inc,0
workable,vasion,https://apply.workable.com/vasion,15
workable,vario,https://apply.workable.com/vario,0
workable,vardas-sa,https://apply.workable.com/vardas-sa,0
workable,varsity-technologies,https://apply.workable.com/varsity-technologies,6
workable,vatica-health,https://apply.workable.com/vatica-health,1
workable,vatex-engineering-services-ltd-1,https://vatex-engineering-services-ltd-1.workable.com,0
workable,vault-consulting-1,https://apply.workable.com/vault-consulting-1,0
workable,vavacars,https://apply.workable.com/vavacars,5
workable,vb-1,https://apply.workable.com/vb-1,0
workable,vayyar,https://apply.workable.com/vayyar,0
workable,utopia-solutions,https://apply.workable.com/utopia-solutions,0
workable,vaya-group-1,https://apply.workable.com/vaya-group-1,0
workable,vava-cars,https://apply.workable.com/vava-cars,0
workable,utopia-life-worth-living,https://apply.workable.com/utopia-life-worth-living,130
workable,vbanq,https://apply.workable.com/vbanq,0
workable,vba,https://apply.workable.com/vba,0
workable,vbp,https://apply.workable.com/vbp,33
workable,vbreathe,https://apply.workable.com/vbreathe,0
workable,vcloud-recruitment-limited,https://apply.workable.com/vcloud-recruitment-limited,0
workable,vectoratomic,https://apply.workable.com/vectoratomic,18
workable,vectornav,https://apply.workable.com/vectornav,1
workable,veed-io,https://apply.workable.com/veed-io,0
workable,vei,https://apply.workable.com/vei,0
workable,vein-health,https://apply.workable.com/vein-health,0
workable,velasca,https://apply.workable.com/velasca,0
workable,velociti-solutions,https://apply.workable.com/velociti-solutions,3
workable,velox-marketing-1,https://apply.workable.com/velox-marketing-1,0
workable,vendigo-1,https://vendigo-1.workable.com,0
workable,vero-hr-ltd,https://apply.workable.com/vero-hr-ltd,34
workable,vertalo,https://apply.workable.com/vertalo,0
workable,vertebra-ai,https://apply.workable.com/vertebra-ai,0
workable,vertebrae-inc,https://apply.workable.com/vertebrae-inc,0
workable,vermont-humanities,https://apply.workable.com/vermont-humanities,0
workable,verterra-energy-inc,https://apply.workable.com/verterra-energy-inc,0
workable,vertex-sigma-software,https://apply.workable.com/vertex-sigma-software,24
workable,verneek,https://apply.workable.com/verneek,9
workable,verse,https://apply.workable.com/verse,0
workable,vertin,https://apply.workable.com/vertin,24
workable,vertigogames,https://apply.workable.com/vertigogames,21
workable,versari,https://apply.workable.com/versari,0
workable,vervecoffeeroasters,https://apply.workable.com/vervecoffeeroasters,0
workable,ververica,https://apply.workable.com/ververica,3
workable,very-real-help,https://apply.workable.com/very-real-help,0
workable,verisart,https://apply.workable.com/verisart,0
workable,vesprsolar-1,https://apply.workable.com/vesprsolar-1,0
workable,verveventures,https://apply.workable.com/verveventures,0
workable,versent,https://apply.workable.com/versent,0
workable,veryday,https://apply.workable.com/veryday,0
workable,very-good-ventures,https://apply.workable.com/very-good-ventures,0
workable,vesselbot-2,https://apply.workable.com/vesselbot-2,3
workable,vestd,https://apply.workable.com/vestd,4
workable,verista,https://apply.workable.com/verista,0
workable,vesta-global-limited,https://apply.workable.com/vesta-global-limited,0
workable,vestahome,https://apply.workable.com/vestahome,52
workable,verses,https://apply.workable.com/verses,0
workable,vetcelerator-1,https://apply.workable.com/vetcelerator-1,0
workable,vestwell,https://apply.workable.com/vestwell,0
workable,vetct,https://apply.workable.com/vetct,0
workable,vesuvius,https://apply.workable.com/vesuvius,4
workable,veterinary-emergency-group,https://apply.workable.com/veterinary-emergency-group,0
workable,vetnovo-ltd,https://apply.workable.com/vetnovo-ltd,0
workable,vert,https://vert.workable.com,0
workable,vezeeta,https://apply.workable.com/vezeeta,0
workable,vettura,https://apply.workable.com/vettura,0
workable,via-science,https://apply.workable.com/via-science,12
workable,via,https://apply.workable.com/via,0
workable,viabledata,https://apply.workable.com/viabledata,0
workable,viabill,https://apply.workable.com/viabill,0
workable,vgroup,https://apply.workable.com/vgroup,37
workable,vias-infrastructure,https://apply.workable.com/vias-infrastructure,12
workable,veriswap,https://apply.workable.com/veriswap,8
workable,vianex,https://apply.workable.com/vianex,5
workable,vialibri,https://apply.workable.com/vialibri,0
workable,verisian,https://apply.workable.com/verisian,0
workable,veritree,https://apply.workable.com/veritree,4
workable,viasun,https://apply.workable.com/viasun,5
workable,vibehcm,https://apply.workable.com/vibehcm,0
workable,viavel,https://viavel.workable.com,0
workable,vibes-1,https://apply.workable.com/vibes-1,0
workable,vibrant-aba,https://apply.workable.com/vibrant-aba,26
workable,vibrant-media-inc,https://apply.workable.com/vibrant-media-inc,0
workable,vibrant-media-ltd,https://apply.workable.com/vibrant-media-ltd,0
workable,veritas-prep-ma,https://apply.workable.com/veritas-prep-ma,21
workable,vicko,https://apply.workable.com/vicko,3
workable,victory-creative-inc,https://apply.workable.com/victory-creative-inc,0
workable,victus-networks,https://apply.workable.com/victus-networks,4
workable,victor-energy,https://apply.workable.com/victor-energy,4
workable,victory-home-remodeling,https://apply.workable.com/victory-home-remodeling,27
workable,vidaloop,https://apply.workable.com/vidaloop,0
workable,vida-group-international,https://apply.workable.com/vida-group-international,0
workable,vidavo,https://apply.workable.com/vidavo,0
workable,videray-technologies-inc,https://apply.workable.com/videray-technologies-inc,1
workable,vigilint,https://apply.workable.com/vigilint,7
workable,vermillion-sky,https://apply.workable.com/vermillion-sky,0
workable,vert-energy-group,https://apply.workable.com/vert-energy-group,0
workable,village-green,https://apply.workable.com/village-green,1
workable,vilgain,https://apply.workable.com/vilgain,0
workable,vikos,https://apply.workable.com/vikos,22
workable,villagechurch,https://apply.workable.com/villagechurch,6
workable,village-of-lake-bluff,https://apply.workable.com/village-of-lake-bluff,0
workable,villagereach-6,https://apply.workable.com/villagereach-6,0
workable,villagereachcareers,https://apply.workable.com/villagereachcareers,13
workable,villagereach,https://apply.workable.com/villagereach,0
workable,vimerson-health,https://apply.workable.com/vimerson-health,0
workable,vilniaus-vystymo-kompanija,https://apply.workable.com/vilniaus-vystymo-kompanija,0
workable,vinci-games,https://apply.workable.com/vinci-games,0
workable,violet-2,https://apply.workable.com/violet-2,0
workable,vine-health,https://apply.workable.com/vine-health,0
workable,vinterior,https://apply.workable.com/vinterior,0
workable,vinli-inc,https://apply.workable.com/vinli-inc,0
workable,virgin,https://apply.workable.com/virgin,0
workable,viral-loops,https://apply.workable.com/viral-loops,0
workable,virtasant,https://apply.workable.com/virtasant,0
workable,virtual-done-well-inc,https://virtual-done-well-inc.workable.com,0
workable,virtual-pediatric-systems,https://apply.workable.com/virtual-pediatric-systems,0
workable,virtual-staff-365,https://apply.workable.com/virtual-staff-365,26
workable,virtual-assist,https://apply.workable.com/virtual-assist,15
workable,virtual-operations,https://apply.workable.com/virtual-operations,0
workable,virtual-surveyor,https://apply.workable.com/virtual-surveyor,0
workable,virtualstaffing,https://apply.workable.com/virtualstaffing,0
workable,virtuspire-sv,https://apply.workable.com/virtuspire-sv,0
workable,visalawai,https://apply.workable.com/visalawai,1
workable,visiblethread,https://apply.workable.com/visiblethread,1
workable,visiblyhq,https://apply.workable.com/visiblyhq,0
workable,vision-ford-lincoln,https://apply.workable.com/vision-ford-lincoln,9
workable,vision-one,https://apply.workable.com/vision-one,0
workable,visionable-1,https://apply.workable.com/visionable-1,0
workable,visionect,https://apply.workable.com/visionect,0
workable,void-1,https://apply.workable.com/void-1,0
workable,volkslift-east-africa,https://apply.workable.com/volkslift-east-africa,0
workable,volga-partners,https://apply.workable.com/volga-partners,173
workable,vogelsang,https://apply.workable.com/vogelsang,8
workable,volt-16,https://apply.workable.com/volt-16,0
workable,vogtpower,https://apply.workable.com/vogtpower,25
workable,volt-dot-i-o,https://apply.workable.com/volt-dot-i-o,1
workable,vizexplorer,https://apply.workable.com/vizexplorer,0
workable,volta-2,https://apply.workable.com/volta-2,0
workable,vix-technology,https://apply.workable.com/vix-technology,23
workable,voltex,https://apply.workable.com/voltex,2
workable,vivo-energy,https://apply.workable.com/vivo-energy,41
workable,voltlines,https://apply.workable.com/voltlines,0
workable,volur,https://apply.workable.com/volur,0
workable,vontive,https://apply.workable.com/vontive,0
workable,volution,https://apply.workable.com/volution,0
workable,vonvon,https://apply.workable.com/vonvon,0
workable,vori,https://apply.workable.com/vori,0
workable,voodoo,https://apply.workable.com/voodoo,0
workable,vortexa,https://apply.workable.com/vortexa,4
workable,vizrt,https://apply.workable.com/vizrt,13
workable,vote-solar,https://apply.workable.com/vote-solar,0
workable,vost-corp,https://apply.workable.com/vost-corp,0
workable,vostock-capital-uk-ltd,https://apply.workable.com/vostock-capital-uk-ltd,0
workable,votebox,https://votebox.workable.com,0
workable,vote-early-day,https://apply.workable.com/vote-early-day,0
workable,voulgaris-hospitality-group,https://apply.workable.com/voulgaris-hospitality-group,21
workable,vizito-visitor-management-system,https://apply.workable.com/vizito-visitor-management-system,0
workable,voicesacademies,https://apply.workable.com/voicesacademies,0
workable,voxology-inc,https://apply.workable.com/voxology-inc,0
workable,vkpremium,https://apply.workable.com/vkpremium,7
workable,voxdata,https://apply.workable.com/voxdata,0
workable,vorto,https://apply.workable.com/vorto,0
workable,voyage-foods,https://apply.workable.com/voyage-foods,0
workable,voyagefoods,https://apply.workable.com/voyagefoods,0
workable,voyago,https://apply.workable.com/voyago,67
workable,voyager-ventures,https://apply.workable.com/voyager-ventures,0
workable,voyantbeauty,https://apply.workable.com/voyantbeauty,0
workable,voyc,https://apply.workable.com/voyc,0
workable,voze,https://apply.workable.com/voze,0
workable,vroom,https://apply.workable.com/vroom,0
workable,vsplash-techlabs-inc-1,https://vsplash-techlabs-inc-1.workable.com,0
workable,vts-global,https://apply.workable.com/vts-global,0
workable,vuealta,https://apply.workable.com/vuealta,0
workable,vulcanforms,https://apply.workable.com/vulcanforms,0
workable,vitaly-health,https://apply.workable.com/vitaly-health,170
workable,vvd,https://apply.workable.com/vvd,3
workable,w-dot-s-badger-company,https://apply.workable.com/w-dot-s-badger-company,4
workable,waed-1,https://apply.workable.com/waed-1,9
workable,waddle,https://apply.workable.com/waddle,0
workable,wagergun,https://apply.workable.com/wagergun,0
workable,wagestream,https://apply.workable.com/wagestream,0
workable,wait-what,https://apply.workable.com/wait-what,0
workable,waking-up-1,https://apply.workable.com/waking-up-1,0
workable,wake-research,https://apply.workable.com/wake-research,0
workable,waldo-photos,https://apply.workable.com/waldo-photos,0
workable,wales-bonner,https://apply.workable.com/wales-bonner,0
workable,walkinmedia,https://apply.workable.com/walkinmedia,0
workable,walkover,https://apply.workable.com/walkover,0
workable,wallbid,https://apply.workable.com/wallbid,0
workable,wallbox,https://apply.workable.com/wallbox,0
workable,wallee,https://apply.workable.com/wallee,0
workable,wallexlab,https://apply.workable.com/wallexlab,0
workable,wallstreetquants,https://apply.workable.com/wallstreetquants,13
workable,walnut-unlimited,https://apply.workable.com/walnut-unlimited,0
workable,walrus-health,https://apply.workable.com/walrus-health,2
workable,wanderpay,https://wanderpay.workable.com,0
workable,washcycle,https://washcycle.workable.com,0
workable,we-are-multiply,https://we-are-multiply.workable.com,0
workable,wikihouse-foundation,https://wikihouse-foundation.workable.com,0
workable,weston-volunteer-emergency-medical-services-1,https://weston-volunteer-emergency-medical-services-1.workable.com,0
workable,winnipeg-football-club-1,https://winnipeg-football-club-1.workable.com,2
workable,west-wing-writers-4,https://west-wing-writers-4.workable.com,0
workable,withplum,https://withplum.workable.com,25
workable,wirex,https://wirex.workable.com,0
workable,wiktorwikter,https://wiktorwikter.workable.com,0
workable,wizcorp,https://wizcorp.workable.com,0
workable,whatsgood,https://whatsgood.workable.com,0
workable,wmpcompanies,https://apply.workable.com/wmpcompanies,10
workable,williams-parker,https://williams-parker.workable.com,10
workable,wmcglobal,https://wmcglobal.workable.com,0
workable,wodrob,https://apply.workable.com/wodrob,0
workable,wobotic,https://apply.workable.com/wobotic,0
workable,woebot,https://apply.workable.com/woebot,0
workable,wolf-carries,https://apply.workable.com/wolf-carries,0
workable,whisk-com,https://whisk-com.workable.com,0
workable,wolf-carries-1,https://apply.workable.com/wolf-carries-1,0
workable,wolfandbadger,https://apply.workable.com/wolfandbadger,1
workable,wolfconsulting,https://apply.workable.com/wolfconsulting,2
workable,wetrust,https://wetrust.workable.com,0
workable,wolfe-house-and-building-movers,https://apply.workable.com/wolfe-house-and-building-movers,10
workable,white-fox-boutique,https://white-fox-boutique.workable.com,9
workable,wolff-olins,https://apply.workable.com/wolff-olins,0
workable,wollit,https://apply.workable.com/wollit,0
workable,womack-machine-supply,https://apply.workable.com/womack-machine-supply,0
workable,wingz,https://wingz.workable.com,0
workable,wind-ellas,https://wind-ellas.workable.com,0
workable,wonder-franchises,https://apply.workable.com/wonder-franchises,0
workable,whmcs,https://whmcs.workable.com,0
workable,wilmington-design,https://wilmington-design.workable.com,3
workable,wonca,https://apply.workable.com/wonca,0
workable,womendonorsnetwork,https://apply.workable.com/womendonorsnetwork,0
workable,womens-coaching-alliance,https://apply.workable.com/womens-coaching-alliance,0
workable,woncaeurope,https://woncaeurope.workable.com,0
workable,wonderbly,https://apply.workable.com/wonderbly,4
workable,wondersauce-1,https://apply.workable.com/wondersauce-1,0
workable,woodfrog-bakery-1,https://apply.workable.com/woodfrog-bakery-1,0
workable,woodfibre-management-limited,https://apply.workable.com/woodfibre-management-limited,49
workable,wonderschool,https://apply.workable.com/wonderschool,0
workable,wondersciences,https://apply.workable.com/wondersciences,0
workable,woodco,https://apply.workable.com/woodco,0
workable,wings-ii,https://wings-ii.workable.com,0
workable,woolf,https://apply.workable.com/woolf,0
workable,word-is-bond,https://apply.workable.com/word-is-bond,3
workable,wordwall,https://apply.workable.com/wordwall,2
workable,work-at-greenfly,https://apply.workable.com/work-at-greenfly,0
workable,work-right-nw,https://apply.workable.com/work-right-nw,0
workable,work-with-andi,https://work-with-andi.workable.com,0
workable,workdock-inc,https://apply.workable.com/workdock-inc,0
workable,workflow-consult,https://apply.workable.com/workflow-consult,0
workable,workearly-1,https://apply.workable.com/workearly-1,0
workable,workforqover,https://apply.workable.com/workforqover,0
workable,workgroup,https://workgroup.workable.com,0
workable,workingatedcast,https://apply.workable.com/workingatedcast,0
workable,worklete,https://apply.workable.com/worklete,0
workable,worklio,https://apply.workable.com/worklio,0
workable,workmoney,https://apply.workable.com/workmoney,0
workable,wsutech,https://apply.workable.com/wsutech,34
workable,wpt-global,https://apply.workable.com/wpt-global,1
workable,worthyandtrue,https://apply.workable.com/worthyandtrue,0
workable,wundermanthompsoncommerceandtechnology,https://apply.workable.com/wundermanthompsoncommerceandtechnology,0
workable,woundlocalcareers,https://apply.workable.com/woundlocalcareers,31
workable,writehuman,https://apply.workable.com/writehuman,0
workable,wushu-studios,https://apply.workable.com/wushu-studios,0
workable,wurth-hellas,https://apply.workable.com/wurth-hellas,30
workable,wwc,https://apply.workable.com/wwc,0
workable,worthai,https://apply.workable.com/worthai,34
workable,www-dot-g-arrettandfields-dot-c-om,https://apply.workable.com/www-dot-g-arrettandfields-dot-c-om,0
workable,wp-umbrella-2,https://apply.workable.com/wp-umbrella-2,0
workable,woven,https://apply.workable.com/woven,0
workable,wp-media,https://apply.workable.com/wp-media,0
workable,wyncode-academy,https://apply.workable.com/wyncode-academy,0
workable,x-architecture,https://apply.workable.com/x-architecture,0
workable,wyre,https://apply.workable.com/wyre,0
workable,wyyerd,https://apply.workable.com/wyyerd,0
workable,wyzepay,https://apply.workable.com/wyzepay,0
workable,wrmc,https://apply.workable.com/wrmc,17
workable,xandr,https://apply.workable.com/xandr,0
workable,wrtp-bigstep,https://apply.workable.com/wrtp-bigstep,2
workable,xcellink,https://apply.workable.com/xcellink,189
workable,xcelirate,https://apply.workable.com/xcelirate,18
workable,xdesign,https://apply.workable.com/xdesign,0
workable,xdr-radiology,https://apply.workable.com/xdr-radiology,0
workable,wpai-inc,https://apply.workable.com/wpai-inc,0
workable,xwp,https://xwp.workable.com,0
workable,yamsafer,https://yamsafer.workable.com,0
workable,yadastar,https://yadastar.workable.com,0
workable,yeahburger,https://yeahburger.workable.com,0
workable,yeticustomshop,https://yeticustomshop.workable.com,0
workable,yobota,https://yobota.workable.com,0
workable,young-lion-brewing-company-llc,https://young-lion-brewing-company-llc.workable.com,0
workable,you-and-sundry,https://you-and-sundry.workable.com,0
workable,youngshand,https://youngshand.workable.com,1
workable,zaelab,https://zaelab.workable.com,29
workable,zaius,https://zaius.workable.com,0
workable,zapier,https://zapier.workable.com,0
workable,zeplin,https://zeplin.workable.com,0
workable,15five,apply.workable.com/15five,0
workable,0x,apply.workable.com/0x,0
workable,540,apply.workable.com/540,0
workable,3ag-systems,apply.workable.com/3ag-systems,0
workable,360learning,apply.workable.com/360learning,0
workable,100ms,apply.workable.com/100ms,0
workable,6sense,apply.workable.com/6sense,0
workable,20four7va,apply.workable.com/20four7va,0
workable,47-degrees,apply.workable.com/47-degrees,0
workable,87seconds,apply.workable.com/87seconds,0
workable,7eleven,apply.workable.com/7eleven,0
workable,1stopbedrooms,apply.workable.com/1stopbedrooms,0
workable,2u,apply.workable.com/2u,0
workable,3m,apply.workable.com/3m,0
workable,3s,apply.workable.com/3s,0
workable,315,apply.workable.com/315,12
workable,3top,apply.workable.com/3top,0
workable,90seconds,apply.workable.com/90seconds,0
workable,3pillarglobal,apply.workable.com/3pillarglobal,0
workable,aaramshop,apply.workable.com/aaramshop,0
workable,a-gas,apply.workable.com/a-gas,0
workable,a21,apply.workable.com/a21,0
workable,abilis-solutions,apply.workable.com/abilis-solutions,0
workable,3eco,apply.workable.com/3eco,0
workable,accenture,apply.workable.com/accenture,0
workable,accessbank,apply.workable.com/accessbank,0
workable,access,apply.workable.com/access,0
workable,abylle-solutions-pvt-ltd,apply.workable.com/abylle-solutions-pvt-ltd,0
workable,academyxi,apply.workable.com/academyxi,0
workable,accessiway,apply.workable.com/accessiway,0
workable,accesstca,apply.workable.com/accesstca,0
workable,accor,apply.workable.com/accor,0
workable,accord,apply.workable.com/accord,0
workable,accumed,apply.workable.com/accumed,0
workable,accel-club,apply.workable.com/accel-club,0
workable,activtrades,apply.workable.com/activtrades,0
workable,across-continents-translations,apply.workable.com/across-continents-translations,0
workable,acusensus-australia,apply.workable.com/acusensus-australia,4
workable,adforge-corporation,apply.workable.com/adforge-corporation,0
workable,admios,apply.workable.com/admios,0
workable,adia1,apply.workable.com/adia1,0
workable,3terra,apply.workable.com/3terra,0
workable,adroytss,apply.workable.com/adroytss,0
workable,actionable,apply.workable.com/actionable,0
workable,aesengroup,apply.workable.com/aesengroup,8
workable,adultbunkbeds,apply.workable.com/adultbunkbeds,0
workable,af-new-york,apply.workable.com/af-new-york,0
workable,agad-technology,apply.workable.com/agad-technology,27
workable,agent-vista,apply.workable.com/agent-vista,1
workable,aidtedu,apply.workable.com/aidtedu,0
workable,accentedge,apply.workable.com/accentedge,0
workable,ajg,apply.workable.com/ajg,0
workable,akamai,apply.workable.com/akamai,0
workable,ak-steel,apply.workable.com/ak-steel,0
workable,aids-healthcare-foundation-1,apply.workable.com/aids-healthcare-foundation-1,0
workable,al-jomaih-energy-and-water,apply.workable.com/al-jomaih-energy-and-water,18
workable,aldea,apply.workable.com/aldea,0
workable,allen-digital,apply.workable.com/allen-digital,0
workable,ajax-distributing-company,apply.workable.com/ajax-distributing-company,6
workable,alooba,apply.workable.com/alooba,0
workable,alliance-marketing-partners-llc,apply.workable.com/alliance-marketing-partners-llc,0
workable,alta-ares,apply.workable.com/alta-ares,0
workable,alternative-payments,apply.workable.com/alternative-payments,0
workable,amazon,apply.workable.com/amazon,0
workable,amcid-solutions,apply.workable.com/amcid-solutions,0
workable,akat,apply.workable.com/akat,0
workable,anjuna-global,apply.workable.com/anjuna-global,0
workable,and-friends,apply.workable.com/and-friends,0
workable,antler,apply.workable.com/antler,0
workable,anton,apply.workable.com/anton,0
workable,anyroad,apply.workable.com/anyroad,0
workable,anytime-fitness-32,apply.workable.com/anytime-fitness-32,0
workable,anvil,apply.workable.com/anvil,0
workable,appier,apply.workable.com/appier,0
workable,aretheyhappy,apply.workable.com/aretheyhappy,0
workable,ascera,apply.workable.com/ascera,4
workable,ashnik-pte-ltd,apply.workable.com/ashnik-pte-ltd,0
workable,assistenzabrokers,apply.workable.com/assistenzabrokers,0
workable,assetdedication,apply.workable.com/assetdedication,0
workable,asia-alternatives,apply.workable.com/asia-alternatives,0
workable,asite,apply.workable.com/asite,0
workable,asico,apply.workable.com/asico,15
workable,atempo,apply.workable.com/atempo,0
workable,ati-inc,apply.workable.com/ati-inc,10
workable,aureol-global-connections,apply.workable.com/aureol-global-connections,206
workable,authenticate,apply.workable.com/authenticate,0
workable,automated-machine-learning,apply.workable.com/automated-machine-learning,0
workable,authorium,apply.workable.com/authorium,0
workable,auto24,apply.workable.com/auto24,6
workable,auctionnow,apply.workable.com/auctionnow,0
workable,attainia-inc,apply.workable.com/attainia-inc,0
workable,autonomo-gmbh,apply.workable.com/autonomo-gmbh,0
workable,avalore,apply.workable.com/avalore,32
workable,automattic,apply.workable.com/automattic,0
workable,autocraft-solutions-group,apply.workable.com/autocraft-solutions-group,4
workable,automotivemanagementservices,apply.workable.com/automotivemanagementservices,0
workable,autovitals,apply.workable.com/autovitals,1
workable,autorentals,apply.workable.com/autorentals,1
workable,avado,apply.workable.com/avado,0
workable,avant-gardner,apply.workable.com/avant-gardner,0
workable,avant-tech-jobs,apply.workable.com/avant-tech-jobs,0
workable,avanteph,apply.workable.com/avanteph,0
workable,avantialaw,apply.workable.com/avantialaw,30
workable,avint,apply.workable.com/avint,10
workable,aviture,apply.workable.com/aviture,6
workable,avk-seg-uk-ltd,apply.workable.com/avk-seg-uk-ltd,21
workable,avolution,apply.workable.com/avolution,0
workable,ayik-berto-dental-specialists,apply.workable.com/ayik-berto-dental-specialists,0
workable,awesomemotive,apply.workable.com/awesomemotive,2
workable,awtad,apply.workable.com/awtad,7
workable,axesinmotion,apply.workable.com/axesinmotion,2
workable,aviso,apply.workable.com/aviso,82
workable,axi,apply.workable.com/axi,0
workable,azure,apply.workable.com/azure,0
workable,autoleap,apply.workable.com/autoleap,4
workable,ayana,apply.workable.com/ayana,129
workable,bakery-agency,apply.workable.com/bakery-agency,0
workable,bacr,apply.workable.com/bacr,1
workable,azeus-convene,apply.workable.com/azeus-convene,73
workable,babymori,apply.workable.com/babymori,0
workable,banffcollective,apply.workable.com/banffcollective,69
workable,backbone,apply.workable.com/backbone,0
workable,banksvaluation,apply.workable.com/banksvaluation,40
workable,ballingerco,apply.workable.com/ballingerco,13
workable,bank-al-etihad,apply.workable.com/bank-al-etihad,9
workable,bankable,apply.workable.com/bankable,0
workable,bardel-entertainment,apply.workable.com/bardel-entertainment,8
workable,barre3,apply.workable.com/barre3,3
workable,be-power-equipment,apply.workable.com/be-power-equipment,0
workable,bband-e-1,apply.workable.com/bband-e-1,39
workable,beamng,apply.workable.com/beamng,2
workable,becentral-1,apply.workable.com/becentral-1,0
workable,beame,apply.workable.com/beame,7
workable,beekin,apply.workable.com/beekin,0
workable,base-com,apply.workable.com/base-com,107
workable,bce,apply.workable.com/bce,19
workable,beopen,apply.workable.com/beopen,0
workable,bayesian-health-careers,apply.workable.com/bayesian-health-careers,0
workable,bbgc,apply.workable.com/bbgc,15
workable,behavioral-health-works,apply.workable.com/behavioral-health-works,60
workable,bbc-maestro,apply.workable.com/bbc-maestro,0
workable,belmont-lavan-ltd,apply.workable.com/belmont-lavan-ltd,20
workable,bci-brands,apply.workable.com/bci-brands,9
workable,betfair,apply.workable.com/betfair,0
workable,berryvirtual,apply.workable.com/berryvirtual,95
workable,bestex-research,apply.workable.com/bestex-research,17
workable,berg-engineering,apply.workable.com/berg-engineering,0
workable,betterbe,apply.workable.com/betterbe,0
workable,battlenet,apply.workable.com/battlenet,0
workable,berry-street,apply.workable.com/berry-street,58
workable,betadvanced,apply.workable.com/betadvanced,0
workable,better-reports,apply.workable.com/better-reports,0
workable,bezos,apply.workable.com/bezos,2
workable,bfam-partners,apply.workable.com/bfam-partners,0
workable,bforeai,apply.workable.com/bforeai,0
workable,big-viking-games-3,apply.workable.com/big-viking-games-3,12
workable,bhaasha,apply.workable.com/bhaasha,2
workable,bhg-hospitalitygmbh,apply.workable.com/bhg-hospitalitygmbh,22
workable,bigtincan,apply.workable.com/bigtincan,0
workable,biofilm-inc,apply.workable.com/biofilm-inc,0
workable,bigdatacorp,apply.workable.com/bigdatacorp,6
workable,bios-3,apply.workable.com/bios-3,0
workable,biota-smart-home,apply.workable.com/biota-smart-home,14
workable,bindplane,apply.workable.com/bindplane,0
workable,bing,apply.workable.com/bing,0
workable,bit-by-bit-inc,apply.workable.com/bit-by-bit-inc,4
workable,bitstamp,apply.workable.com/bitstamp,0
workable,bitget,apply.workable.com/bitget,0
workable,bitquery,apply.workable.com/bitquery,0
workable,bitcoindotcom,apply.workable.com/bitcoindotcom,0
workable,bkbn,apply.workable.com/bkbn,6
workable,bitterne-park-school,apply.workable.com/bitterne-park-school,5
workable,bizcover-1,apply.workable.com/bizcover-1,4
workable,blackbirdai,apply.workable.com/blackbirdai,0
workable,bizforcenow,apply.workable.com/bizforcenow,0
workable,bkfengineers,apply.workable.com/bkfengineers,308
workable,blackstone-eit-2,apply.workable.com/blackstone-eit-2,80
workable,biggerpockets,apply.workable.com/biggerpockets,2
workable,blackcart,apply.workable.com/blackcart,0
workable,blink22-3,apply.workable.com/blink22-3,0
workable,blast,apply.workable.com/blast,11
workable,blevins,apply.workable.com/blevins,0
workable,blockpunk,apply.workable.com/blockpunk,0
workable,block-gemini,apply.workable.com/block-gemini,0
workable,blitzoo-games,apply.workable.com/blitzoo-games,0
workable,blockchain-climate-institute,apply.workable.com/blockchain-climate-institute,234
workable,blue-tiger,apply.workable.com/blue-tiger,0
workable,bloomfire,apply.workable.com/bloomfire,0
workable,bloomlife,apply.workable.com/bloomlife,2
workable,blue-altair,apply.workable.com/blue-altair,10
workable,bluelambda,apply.workable.com/bluelambda,0
workable,blueprint-bryanjohnson,apply.workable.com/blueprint-bryanjohnson,21
workable,bm-to,apply.workable.com/bm-to,26
workable,blufox-mobile,apply.workable.com/blufox-mobile,347
workable,booksy-1,apply.workable.com/booksy-1,22
workable,boostdraft,apply.workable.com/boostdraft,16
workable,booknook-inc,apply.workable.com/booknook-inc,2
workable,boss-dot-g-aming-solutions,apply.workable.com/boss-dot-g-aming-solutions,0
workable,bootlegger-clothing-inc,apply.workable.com/bootlegger-clothing-inc,0
workable,botpress,apply.workable.com/botpress,5
workable,born-digital,apply.workable.com/born-digital,0
workable,boostsecurity-dot-i-o,apply.workable.com/boostsecurity-dot-i-o,0
workable,bpcm,apply.workable.com/bpcm,4
workable,brainhi,apply.workable.com/brainhi,0
workable,brainomix-2,apply.workable.com/brainomix-2,1
workable,braxrealty,apply.workable.com/braxrealty,0
workable,brainforce,apply.workable.com/brainforce,19
workable,braven,apply.workable.com/braven,75
workable,brc,apply.workable.com/brc,0
workable,brc-group-inc,apply.workable.com/brc-group-inc,6
workable,bridgeable,apply.workable.com/bridgeable,0
workable,bridgestreet-global-hospitality,apply.workable.com/bridgestreet-global-hospitality,0
workable,bridge33capital,apply.workable.com/bridge33capital,7
workable,bridgit,apply.workable.com/bridgit,2
workable,breakaway,apply.workable.com/breakaway,1
workable,bridgeu-1,apply.workable.com/bridgeu-1,0
workable,brightorder,apply.workable.com/brightorder,5
workable,bristol-global-mobility,apply.workable.com/bristol-global-mobility,1
workable,brilliant-corners,apply.workable.com/brilliant-corners,30
workable,brightharbor,apply.workable.com/brightharbor,35
workable,britishecologicalsociety,apply.workable.com/britishecologicalsociety,3
workable,builderai,apply.workable.com/builderai,0
workable,broadlume,apply.workable.com/broadlume,0
workable,brxperformance,apply.workable.com/brxperformance,0
workable,bully-pulpit-international-1,apply.workable.com/bully-pulpit-international-1,15
workable,burnoutbrands,apply.workable.com/burnoutbrands,16
workable,burq,apply.workable.com/burq,14
workable,burendo,apply.workable.com/burendo,5
workable,butterflymx,apply.workable.com/butterflymx,0
workable,busright,apply.workable.com/busright,14
workable,byrider,apply.workable.com/byrider,30
workable,bystadium,apply.workable.com/bystadium,10
workable,cajoo,apply.workable.com/cajoo,0
workable,c-the-signs,apply.workable.com/c-the-signs,17
workable,calibrant-energy,apply.workable.com/calibrant-energy,4
workable,cadmus-io,apply.workable.com/cadmus-io,7
workable,calabrio,apply.workable.com/calabrio,14
workable,camen-behavioral,apply.workable.com/camen-behavioral,19
workable,cannon-industries-2,apply.workable.com/cannon-industries-2,16
workable,carbon-dmp,apply.workable.com/carbon-dmp,0
workable,caravan-appliances-pvt-ltd,apply.workable.com/caravan-appliances-pvt-ltd,0
workable,carma-1,apply.workable.com/carma-1,14
workable,careforthehomeless,apply.workable.com/careforthehomeless,0
workable,catenate,apply.workable.com/catenate,0
workable,catalyze,apply.workable.com/catalyze,0
workable,cel-consulting,apply.workable.com/cel-consulting,0
workable,cententia,https://apply.workable.com/cententia,0
workable,careerlist,apply.workable.com/careerlist,0
workable,chargeflow-1,apply.workable.com/chargeflow-1,0
workable,census-sa,apply.workable.com/census-sa,0
workable,cibovita,apply.workable.com/cibovita,0
workable,cimpress,apply.workable.com/cimpress,0
workable,civiteq,apply.workable.com/civiteq,5
workable,ckh-group-2-1,https://apply.workable.com/ckh-group-2-1,0
workable,cloud-campaign,https://apply.workable.com/cloud-campaign,0
workable,cloudinsurance,https://apply.workable.com/cloudinsurance,0
workable,clstory,https://apply.workable.com/clstory,0
workable,cmcportal,apply.workable.com/cmcportal,1
workable,cmdc,apply.workable.com/cmdc,0
workable,cmit-solutions,https://apply.workable.com/cmit-solutions,0
workable,codestarter,https://apply.workable.com/codestarter,0
workable,code-for-canada,https://apply.workable.com/code-for-canada,0
workable,codeninjapk,https://apply.workable.com/codeninjapk,14
workable,coding-collective,https://apply.workable.com/coding-collective,12
workable,collectai,https://apply.workable.com/collectai,0
workable,collegebeyond,https://apply.workable.com/collegebeyond,0
workable,collinear-group,https://apply.workable.com/collinear-group,0
workable,colony-networks,https://apply.workable.com/colony-networks,0
workable,colorintech-2,https://apply.workable.com/colorintech-2,0
workable,coko-foundation,https://apply.workable.com/coko-foundation,0
workable,colibrium,https://apply.workable.com/colibrium,0
workable,comate,https://apply.workable.com/comate,7
workable,combientfoundry,https://apply.workable.com/combientfoundry,0
workable,commify,https://apply.workable.com/commify,11
workable,communities-in-schools-of-memphis,https://apply.workable.com/communities-in-schools-of-memphis,0
workable,communicatehealth-inc,https://apply.workable.com/communicatehealth-inc,0
workable,community-foundation-of-herkimerand-oneida-counties,https://apply.workable.com/community-foundation-of-herkimerand-oneida-counties,0
workable,commonsurface,https://apply.workable.com/commonsurface,0
workable,compact-security-services-limited,https://apply.workable.com/compact-security-services-limited,3
workable,community-bank-of-the-bay,apply.workable.com/community-bank-of-the-bay,0
workable,compassion-hospice,https://apply.workable.com/compassion-hospice,0
workable,community-justice,https://apply.workable.com/community-justice,0
workable,compass-14,https://apply.workable.com/compass-14,0
workable,complete-mathematics,https://apply.workable.com/complete-mathematics,0
workable,complete-home-care-holdings,https://apply.workable.com/complete-home-care-holdings,28
workable,conduktor,https://apply.workable.com/conduktor,0
workable,confidence-palermo,https://apply.workable.com/confidence-palermo,0
workable,conagra-brands,https://apply.workable.com/conagra-brands,0
workable,condition-1,https://condition-1.workable.com,0
workable,conflux,https://apply.workable.com/conflux,15
workable,conexio,https://apply.workable.com/conexio,0
workable,confluent-health,https://apply.workable.com/confluent-health,0
workable,connect-2-cleanrooms,https://apply.workable.com/connect-2-cleanrooms,0
workable,connected,https://apply.workable.com/connected,0
workable,conjointly,https://apply.workable.com/conjointly,0
workable,conjure,https://apply.workable.com/conjure,0
workable,connected-freight-pte-ltd,https://apply.workable.com/connected-freight-pte-ltd,0
workable,connectpath,apply.workable.com/connectpath,0
workable,coniq,https://apply.workable.com/coniq,0
workable,connectedfreight,https://apply.workable.com/connectedfreight,0
workable,connected-places-catapult,https://apply.workable.com/connected-places-catapult,0
workable,conner-industries-inc,https://apply.workable.com/conner-industries-inc,25
workable,conqahq,https://apply.workable.com/conqahq,0
workable,connectprep,https://apply.workable.com/connectprep,6
workable,connie-health,https://apply.workable.com/connie-health,0
workable,consigli-construction-1,https://apply.workable.com/consigli-construction-1,236
workable,constructor-1,https://apply.workable.com/constructor-1,0
workable,conseqta,https://apply.workable.com/conseqta,0
workable,contact,https://apply.workable.com/contact,23
workable,constantdotco,https://apply.workable.com/constantdotco,0
workable,contactpigeon,https://apply.workable.com/contactpigeon,0
workable,consumeraffairs-1,https://apply.workable.com/consumeraffairs-1,2
workable,continuum-resource-network,https://apply.workable.com/continuum-resource-network,34
workable,continuity-global-solutions,https://apply.workable.com/continuity-global-solutions,45
workable,contractbook,https://apply.workable.com/contractbook,0
workable,controlant,https://apply.workable.com/controlant,2
workable,converge,https://apply.workable.com/converge,0
workable,convertedin-1,https://apply.workable.com/convertedin-1,0
workable,convedo,https://apply.workable.com/convedo,0
workable,conversable,https://apply.workable.com/conversable,0
workable,convertkit-llc,https://apply.workable.com/convertkit-llc,0
workable,convertflow,https://apply.workable.com/convertflow,0
workable,convergent,https://apply.workable.com/convergent,0
workable,convertedin,https://apply.workable.com/convertedin,0
workable,conversio,https://apply.workable.com/conversio,0
workable,convertgroup,https://apply.workable.com/convertgroup,0
workable,convertro,https://apply.workable.com/convertro,0
workable,cookd,https://apply.workable.com/cookd,0
workable,coolstuffinc-dot-com,https://apply.workable.com/coolstuffinc-dot-com,0
workable,coop-exchange-limited,https://apply.workable.com/coop-exchange-limited,0
workable,conversations,https://apply.workable.com/conversations,0
workable,cool-earth,https://apply.workable.com/cool-earth,1
workable,coolblueweb,https://apply.workable.com/coolblueweb,0
workable,contour-architectural-designs-limited,https://apply.workable.com/contour-architectural-designs-limited,0
workable,coolgames,https://apply.workable.com/coolgames,4
workable,coollink-ng,https://apply.workable.com/coollink-ng,0
workable,coovia,https://coovia.workable.com,0
workable,cordx,https://apply.workable.com/cordx,64
workable,copia,https://copia.workable.com,0
workable,cordys-analytics,https://apply.workable.com/cordys-analytics,3
workable,coons-franklin-lodge,https://apply.workable.com/coons-franklin-lodge,3
workable,coophomegoods,https://apply.workable.com/coophomegoods,0
workable,coretek-services,https://apply.workable.com/coretek-services,10
workable,core-biogenesis,https://apply.workable.com/core-biogenesis,0
workable,cornerstoneagency,https://apply.workable.com/cornerstoneagency,0
workable,corincareers,https://apply.workable.com/corincareers,0
workable,corlent,https://apply.workable.com/corlent,0
workable,corrata,https://apply.workable.com/corrata,0
workable,cornerstonelafayette,https://apply.workable.com/cornerstonelafayette,0
workable,corporate-immigration-attorneys,https://apply.workable.com/corporate-immigration-attorneys,13
workable,corvee,https://apply.workable.com/corvee,0
workable,cortip,https://apply.workable.com/cortip,0
workable,corporativolumston,https://apply.workable.com/corporativolumston,0
workable,cornerstone-church,https://apply.workable.com/cornerstone-church,0
workable,cornerstone-research-group-inc,https://apply.workable.com/cornerstone-research-group-inc,2
workable,corvusinsurance,https://apply.workable.com/corvusinsurance,0
workable,core-va-solutions,https://apply.workable.com/core-va-solutions,21
workable,coreblue,https://apply.workable.com/coreblue,0
workable,cosentino-north-america-1,apply.workable.com/cosentino-north-america-1,0
workable,coscharis-group,https://coscharis-group.workable.com,0
workable,cososys,https://apply.workable.com/cososys,0
workable,cosmetics-manufacturing,https://apply.workable.com/cosmetics-manufacturing,0
workable,costco-france,https://apply.workable.com/costco-france,24
workable,cosmo-tech,https://apply.workable.com/cosmo-tech,0
workable,cosmo,https://apply.workable.com/cosmo,0
workable,cosyne,https://apply.workable.com/cosyne,0
workable,cosmote-global-solutions-nv,https://apply.workable.com/cosmote-global-solutions-nv,41
workable,counciloncj,https://apply.workable.com/counciloncj,0
workable,cottonclout,apply.workable.com/cottonclout,0
workable,couch-health,https://apply.workable.com/couch-health,0
workable,council-on-foundations,https://apply.workable.com/council-on-foundations,1
workable,cornerstone-learning-community,https://apply.workable.com/cornerstone-learning-community,5
workable,core4ce,https://apply.workable.com/core4ce,0
workable,counselors,https://counselors.workable.com,0
workable,coursestorm,https://apply.workable.com/coursestorm,0
workable,covalent-networks,https://apply.workable.com/covalent-networks,1
workable,cove,https://apply.workable.com/cove,0
workable,covenant-transport,https://apply.workable.com/covenant-transport,0
workable,coventryfirst,https://apply.workable.com/coventryfirst,3
workable,core-dao,https://apply.workable.com/core-dao,0
workable,cp-engineers,https://apply.workable.com/cp-engineers,27
workable,cowboy,https://apply.workable.com/cowboy,21
workable,covergo,https://apply.workable.com/covergo,198
workable,covestor,https://apply.workable.com/covestor,0
workable,cp-plus-asia-sdn-bhd-1,apply.workable.com/cp-plus-asia-sdn-bhd-1,0
workable,covidence,https://apply.workable.com/covidence,0
workable,cqs,https://apply.workable.com/cqs,70
workable,cpai-inc,apply.workable.com/cpai-inc,0
workable,cpm-ireland,https://apply.workable.com/cpm-ireland,46
workable,cps-4,https://apply.workable.com/cps-4,6
workable,cpower-energy-management,https://apply.workable.com/cpower-energy-management,0
workable,cpdformula,https://apply.workable.com/cpdformula,0
workable,cradle,https://cradle.workable.com,0
workable,craft-union-pub-company,https://apply.workable.com/craft-union-pub-company,0
workable,craftand-technical-solutions,https://apply.workable.com/craftand-technical-solutions,0
workable,covaler,https://apply.workable.com/covaler,0
workable,craft-gin-club,https://apply.workable.com/craft-gin-club,1
workable,craftable-software,https://apply.workable.com/craftable-software,5
workable,cratebind,https://apply.workable.com/cratebind,0
workable,crazy-sexy-wellness,https://apply.workable.com/crazy-sexy-wellness,0
workable,cramer,https://apply.workable.com/cramer,4
workable,craftsman-collision,https://apply.workable.com/craftsman-collision,0
workable,crayon,https://apply.workable.com/crayon,3
workable,cover,https://apply.workable.com/cover,0
workable,crawford-architects-llc,https://apply.workable.com/crawford-architects-llc,4
workable,craze,https://apply.workable.com/craze,0
workable,craftwork-group,https://apply.workable.com/craftwork-group,0
workable,crazycall,https://apply.workable.com/crazycall,0
workable,crd-recruitment,https://apply.workable.com/crd-recruitment,0
workable,create,https://apply.workable.com/create,0
workable,createme-technologies,apply.workable.com/createme-technologies,0
workable,crazymaplestudio,https://apply.workable.com/crazymaplestudio,9
workable,creativechaos,https://apply.workable.com/creativechaos,163
workable,creativeflagstaff,https://apply.workable.com/creativeflagstaff,0
workable,country-greenery,https://apply.workable.com/country-greenery,0
workable,creativemorph-1,https://apply.workable.com/creativemorph-1,0
workable,creativemarket,https://apply.workable.com/creativemarket,6
workable,counterparty,https://apply.workable.com/counterparty,0
workable,creators,apply.workable.com/creators,0
workable,creativemms,https://apply.workable.com/creativemms,0
workable,creativemornings,https://apply.workable.com/creativemornings,0
workable,credence,https://apply.workable.com/credence,87
workable,couple-dot-c-om-inc,https://apply.workable.com/couple-dot-c-om-inc,0
workable,creativepixelmag,https://apply.workable.com/creativepixelmag,0
workable,creators-co,https://creators-co.workable.com,0
workable,creatunity-llc,https://apply.workable.com/creatunity-llc,35
workable,covid-clinic,https://apply.workable.com/covid-clinic,0
workable,credera-australia,https://apply.workable.com/credera-australia,0
workable,creditstar,https://apply.workable.com/creditstar,14
workable,credimi,https://apply.workable.com/credimi,0
workable,credit-key,https://apply.workable.com/credit-key,0
workable,crescendo-music-center,https://apply.workable.com/crescendo-music-center,0
workable,cremalab,https://apply.workable.com/cremalab,0
workable,crewai,https://apply.workable.com/crewai,3
workable,crewlinkltd,https://apply.workable.com/crewlinkltd,4
workable,creditorwatch,https://apply.workable.com/creditorwatch,12
workable,creyos,https://apply.workable.com/creyos,3
workable,crezco,https://apply.workable.com/crezco,0
workable,critical-control,https://apply.workable.com/critical-control,0
workable,crico,apply.workable.com/crico,0
workable,critical-manufacturing,https://apply.workable.com/critical-manufacturing,33
workable,crisp,https://crisp.workable.com,0
workable,cromwell-polythene-ltd,https://apply.workable.com/cromwell-polythene-ltd,1
workable,crave-delivery,https://apply.workable.com/crave-delivery,0
workable,craver-1,https://apply.workable.com/craver-1,1
workable,croscon,https://apply.workable.com/croscon,0
workable,crossprop,https://apply.workable.com/crossprop,0
workable,crossfire,https://apply.workable.com/crossfire,0
workable,crowd-favorite,https://apply.workable.com/crowd-favorite,1
workable,crowdcube-3,https://apply.workable.com/crowdcube-3,0
workable,credibly,https://credibly.workable.com,0
workable,crowdcube-ltd,https://apply.workable.com/crowdcube-ltd,0
workable,crowdmed,https://apply.workable.com/crowdmed,0
workable,crown-equipment-limited-nz,https://apply.workable.com/crown-equipment-limited-nz,17
workable,crown-equipment-pte-ltd-singapore,https://apply.workable.com/crown-equipment-pte-ltd-singapore,0
workable,crowdspring,https://apply.workable.com/crowdspring,0
workable,crossbordertalents,https://apply.workable.com/crossbordertalents,615
workable,crescent-crown-distributing-louisiana,https://apply.workable.com/crescent-crown-distributing-louisiana,0
workable,crowdox,https://apply.workable.com/crowdox,0
workable,crosslink-ai,https://apply.workable.com/crosslink-ai,0
workable,crown-equipment,https://apply.workable.com/crown-equipment,81
workable,crowdskout,https://crowdskout.workable.com,0
workable,cpap,https://apply.workable.com/cpap,0
workable,crown-equipment-sdn-bhd-malaysia,https://apply.workable.com/crown-equipment-sdn-bhd-malaysia,7
workable,crowdspot,https://apply.workable.com/crowdspot,0
workable,crowdvision,https://crowdvision.workable.com,0
workable,crox-technologies-limited,https://apply.workable.com/crox-technologies-limited,0
workable,criterium-liszkay-engineers,https://apply.workable.com/criterium-liszkay-engineers,0
workable,crossfuze,https://apply.workable.com/crossfuze,2
workable,crown-equipment-thailand-co-dot-ltd,https://apply.workable.com/crown-equipment-thailand-co-dot-ltd,0
workable,crown-lift-trucks-philippines-corp,https://apply.workable.com/crown-lift-trucks-philippines-corp,0
workable,crossroads-recruitment,https://apply.workable.com/crossroads-recruitment,0
workable,crucialcare,https://apply.workable.com/crucialcare,0
workable,crumdale-specialty,https://apply.workable.com/crumdale-specialty,6
workable,cruxlab-inc,https://apply.workable.com/cruxlab-inc,0
workable,cryptonext-security,https://apply.workable.com/cryptonext-security,6
workable,cryptonumerics,https://apply.workable.com/cryptonumerics,0
workable,crypto-please,https://apply.workable.com/crypto-please,0
workable,csc-generation,https://apply.workable.com/csc-generation,0
workable,cs2,https://apply.workable.com/cs2,0
workable,crypto-finance,https://apply.workable.com/crypto-finance,8
workable,cryptio,https://apply.workable.com/cryptio,0
workable,crystalia-glass,https://apply.workable.com/crystalia-glass,73
workable,crystalknows,https://apply.workable.com/crystalknows,0
workable,crystal-cruises,https://apply.workable.com/crystal-cruises,0
workable,csncollision,https://apply.workable.com/csncollision,194
workable,csbio,https://apply.workable.com/csbio,1
workable,csrn,https://apply.workable.com/csrn,0
workable,css,https://apply.workable.com/css,0
workable,csir-immt,https://apply.workable.com/csir-immt,0
workable,cti-5,https://apply.workable.com/cti-5,0
workable,cstreet-campaigns,https://apply.workable.com/cstreet-campaigns,0
workable,csuite-content,https://apply.workable.com/csuite-content,0
workable,cti-jobs,https://apply.workable.com/cti-jobs,0
workable,cube19,https://apply.workable.com/cube19,0
workable,cube-asia,https://apply.workable.com/cube-asia,10
workable,ctoai,https://apply.workable.com/ctoai,0
workable,cuberg,https://apply.workable.com/cuberg,0
workable,cubic3,https://apply.workable.com/cubic3,0
workable,cu,https://apply.workable.com/cu,0
workable,ctrlchain,https://apply.workable.com/ctrlchain,4
workable,cube-packaging,https://apply.workable.com/cube-packaging,3
workable,cuberm,https://apply.workable.com/cuberm,4
workable,cubitts-2,https://apply.workable.com/cubitts-2,9
workable,culligan-uk-limited,https://apply.workable.com/culligan-uk-limited,21
workable,ctera,https://apply.workable.com/ctera,0
workable,cubic6,https://apply.workable.com/cubic6,0
workable,cultivo,https://apply.workable.com/cultivo,0
workable,cubii-1,https://apply.workable.com/cubii-1,0
workable,crystal-creek-hospitality,https://apply.workable.com/crystal-creek-hospitality,0
workable,cubo-1,https://apply.workable.com/cubo-1,0
workable,cullinan-holdings,https://apply.workable.com/cullinan-holdings,14
workable,cumberland-pharmaceuticals,https://apply.workable.com/cumberland-pharmaceuticals,0
workable,cubx,https://apply.workable.com/cubx,5
workable,cur8earth,https://apply.workable.com/cur8earth,0
workable,culligan-water-ireland,https://apply.workable.com/culligan-water-ireland,15
workable,curated-greece,apply.workable.com/curated-greece,0
workable,cunningham-delaney,https://apply.workable.com/cunningham-delaney,0
workable,culture-one-world,https://apply.workable.com/culture-one-world,0
workable,culturplay,https://apply.workable.com/culturplay,0
workable,cttxhealth,https://apply.workable.com/cttxhealth,4
workable,cumulus-vision,https://apply.workable.com/cumulus-vision,1
workable,culleoka-company,https://apply.workable.com/culleoka-company,11
workable,csd,https://apply.workable.com/csd,0
workable,cure-hht,https://apply.workable.com/cure-hht,0
workable,curie,https://apply.workable.com/curie,0
workable,ctzn-ltd,https://apply.workable.com/ctzn-ltd,0
workable,crunchhire,https://apply.workable.com/crunchhire,0
workable,cupitol,https://apply.workable.com/cupitol,0
workable,ctw,https://apply.workable.com/ctw,0
workable,cur8-earth,https://apply.workable.com/cur8-earth,0
workable,curewiki-1,https://apply.workable.com/curewiki-1,1
workable,curbcycle,https://apply.workable.com/curbcycle,0
workable,curbwaste,https://apply.workable.com/curbwaste,2
workable,curvecatch,https://apply.workable.com/curvecatch,0
workable,cttl-neuroteach,https://apply.workable.com/cttl-neuroteach,0
workable,currenthealth,https://apply.workable.com/currenthealth,0
workable,curious-cardinals,https://apply.workable.com/curious-cardinals,0
workable,custom-simple-solutions,https://apply.workable.com/custom-simple-solutions,0
workable,curvo,https://apply.workable.com/curvo,0
workable,curiogroup,https://apply.workable.com/curiogroup,0
workable,crypto-facilities,https://apply.workable.com/crypto-facilities,0
workable,curology,https://apply.workable.com/curology,3
workable,cvc-credit-partners,https://apply.workable.com/cvc-credit-partners,0
workable,custom-coatings-inc,https://apply.workable.com/custom-coatings-inc,0
workable,cvstation,https://apply.workable.com/cvstation,0
workable,cuvva,https://apply.workable.com/cuvva,0
workable,cvector,https://apply.workable.com/cvector,3
workable,cvex,https://apply.workable.com/cvex,0
workable,cvrx,https://apply.workable.com/cvrx,0
workable,cway-table-water,https://apply.workable.com/cway-table-water,0
workable,cwcpcn,https://apply.workable.com/cwcpcn,1
workable,cxmdirect,https://apply.workable.com/cxmdirect,22
workable,cwsi,apply.workable.com/cwsi,0
workable,custerian,https://apply.workable.com/custerian,0
workable,cybelangel,https://apply.workable.com/cybelangel,0
workable,cybit,https://apply.workable.com/cybit,4
workable,cybsafe,https://apply.workable.com/cybsafe,0
workable,cyber-grants,https://apply.workable.com/cyber-grants,0
workable,cyberbrokers,https://apply.workable.com/cyberbrokers,0
workable,cybersmart,https://apply.workable.com/cybersmart,0
workable,cygnify,https://apply.workable.com/cygnify,0
workable,cycling-frog,https://apply.workable.com/cycling-frog,0
workable,cydcor,apply.workable.com/cydcor,5
workable,cygnus-pay-careers,https://apply.workable.com/cygnus-pay-careers,0
workable,cybersight,https://cybersight.workable.com,0
workable,cylance,https://apply.workable.com/cylance,0
workable,cylon,https://apply.workable.com/cylon,0
workable,cym-living,https://apply.workable.com/cym-living,30
workable,cynch-ai,https://apply.workable.com/cynch-ai,3
workable,cytech,https://apply.workable.com/cytech,0
workable,cyprismaterials,https://apply.workable.com/cyprismaterials,0
workable,cypresspharmacy,https://apply.workable.com/cypresspharmacy,0
workable,czbiohub,https://apply.workable.com/czbiohub,0
workable,d2b-1,https://apply.workable.com/d2b-1,162
workable,d-one,https://apply.workable.com/d-one,5
workable,cytora,https://apply.workable.com/cytora,0
workable,cwph,https://apply.workable.com/cwph,0
workable,d-dot-a-r-dot-t,https://apply.workable.com/d-dot-a-r-dot-t,0
workable,cxg,https://apply.workable.com/cxg,1241
workable,cvexperts-cv-writing-and-career-consulting-agency,https://apply.workable.com/cvexperts-cv-writing-and-career-consulting-agency,0
workable,da-design-studio,https://apply.workable.com/da-design-studio,0
workable,d-id,https://apply.workable.com/d-id,0
workable,d4-construction-services-1,https://apply.workable.com/d4-construction-services-1,0
workable,d2x-group,https://apply.workable.com/d2x-group,0
workable,curve-1,https://apply.workable.com/curve-1,0
workable,d2mservices,https://apply.workable.com/d2mservices,28
workable,d2b-groups,https://apply.workable.com/d2b-groups,110
workable,d4h,https://apply.workable.com/d4h,0
workable,dacodes-mx,https://apply.workable.com/dacodes-mx,94
workable,dable,https://apply.workable.com/dable,0
workable,daftarjudiqq,https://apply.workable.com/daftarjudiqq,0
workable,cytera,https://cytera.workable.com,0
workable,dac-gmbh,https://apply.workable.com/dac-gmbh,0
workable,curvalux-uk-ltd,https://apply.workable.com/curvalux-uk-ltd,0
workable,cyft,https://apply.workable.com/cyft,0
workable,d-ploy,https://apply.workable.com/d-ploy,98
workable,dagoma,https://apply.workable.com/dagoma,0
workable,cuso-international,https://apply.workable.com/cuso-international,44
workable,cycle,https://apply.workable.com/cycle,0
workable,cyperts-digital-solution-pvt-ltd,apply.workable.com/cyperts-digital-solution-pvt-ltd,0
workable,cyclopt,https://apply.workable.com/cyclopt,0
workable,daherfoods,https://apply.workable.com/daherfoods,0
workable,daily-harvest,https://apply.workable.com/daily-harvest,0
workable,daily-thread,https://apply.workable.com/daily-thread,65
workable,dailysleep,https://apply.workable.com/dailysleep,0
workable,dailystaffworks,https://apply.workable.com/dailystaffworks,0
workable,cyrex,https://apply.workable.com/cyrex,0
workable,dailystaffworks-uae,apply.workable.com/dailystaffworks-uae,0
workable,cyted,https://apply.workable.com/cyted,0
workable,dailystaffworks-belgium,https://apply.workable.com/dailystaffworks-belgium,0
workable,dairy-max,https://apply.workable.com/dairy-max,2
workable,daisee,https://apply.workable.com/daisee,0
workable,daito-design,apply.workable.com/daito-design,0
workable,dame1,https://apply.workable.com/dame1,0
workable,cypher-coders,https://apply.workable.com/cypher-coders,0
workable,dan-rak-design,https://apply.workable.com/dan-rak-design,0
workable,daleenda,https://apply.workable.com/daleenda,0
workable,dallagliorugbyworks,https://apply.workable.com/dallagliorugbyworks,0
workable,damibu-ltd,https://apply.workable.com/damibu-ltd,0
workable,dangote-cement-ghana,https://apply.workable.com/dangote-cement-ghana,0
workable,customerhd,https://apply.workable.com/customerhd,0
workable,dana-farber-cancer-institute-2,https://apply.workable.com/dana-farber-cancer-institute-2,0
workable,dandelion-chocolate,https://dandelion-chocolate.workable.com,0
workable,cvnl,https://apply.workable.com/cvnl,3
workable,danforth-advisors-1,https://apply.workable.com/danforth-advisors-1,0
workable,danvast-career-portal,https://apply.workable.com/danvast-career-portal,0
workable,danger-farms,https://apply.workable.com/danger-farms,0
workable,dangote,https://apply.workable.com/dangote,0
workable,daniels-solutions,https://apply.workable.com/daniels-solutions,1
workable,daou-family-estates,https://apply.workable.com/daou-family-estates,0
workable,dane-street-llc,https://apply.workable.com/dane-street-llc,389
workable,darogha,https://apply.workable.com/darogha,0
workable,dart-music,https://apply.workable.com/dart-music,0
workable,darwin-ai,https://apply.workable.com/darwin-ai,124
workable,darkhive,https://apply.workable.com/darkhive,0
workable,dash-water,https://apply.workable.com/dash-water,1
workable,darwinai,https://apply.workable.com/darwinai,0
workable,darren-huston,https://apply.workable.com/darren-huston,0
workable,darwin-technologies,https://apply.workable.com/darwin-technologies,0
workable,dartcor,https://apply.workable.com/dartcor,17
workable,daseke-inc,https://apply.workable.com/daseke-inc,0
workable,dartz-media,https://dartz-media.workable.com,0
workable,data-clover,https://apply.workable.com/data-clover,0
workable,data-reply-uk,https://data-reply-uk.workable.com,0
workable,data-science-group,https://apply.workable.com/data-science-group,0
workable,data4change,https://apply.workable.com/data4change,0
workable,dataedo,https://apply.workable.com/dataedo,0
workable,datacom1,https://apply.workable.com/datacom1,294
workable,datafinch-technologies,https://apply.workable.com/datafinch-technologies,0
workable,datamilk,https://apply.workable.com/datamilk,0
workable,dataflake,https://apply.workable.com/dataflake,0
workable,datagalaxy,https://apply.workable.com/datagalaxy,5
workable,datamark-inc,https://apply.workable.com/datamark-inc,52
workable,datascope,https://datascope.workable.com,0
workable,dataiku,https://apply.workable.com/dataiku,0
workable,datalanguage,https://datalanguage.workable.com,0
workable,datalily,https://apply.workable.com/datalily,0
workable,datamaran,https://apply.workable.com/datamaran,0
workable,datascouting,https://datascouting.workable.com,0
workable,datassential,https://apply.workable.com/datassential,0
workable,datapraxis,https://apply.workable.com/datapraxis,0
workable,datatonic,https://apply.workable.com/datatonic,0
workable,data-vista-inc,apply.workable.com/data-vista-inc,0
workable,dataseed,https://apply.workable.com/dataseed,0
workable,datavisor-jobs,https://apply.workable.com/datavisor-jobs,25
workable,datawow,https://apply.workable.com/datawow,10
workable,datafied-1,https://apply.workable.com/datafied-1,9
workable,dataxoom,https://apply.workable.com/dataxoom,0
workable,datavore,https://apply.workable.com/datavore,0
workable,datawise-1,https://apply.workable.com/datawise-1,0
workable,datma,https://apply.workable.com/datma,0
workable,dave-jones-llc,https://apply.workable.com/dave-jones-llc,17
workable,davescomputers,https://apply.workable.com/davescomputers,0
workable,datexcorp,https://apply.workable.com/datexcorp,0
workable,david-protein,https://apply.workable.com/david-protein,16
workable,daupler,https://apply.workable.com/daupler,0
workable,darkshine-media,https://apply.workable.com/darkshine-media,0
workable,daybreaker,https://apply.workable.com/daybreaker,10
workable,dayshape,https://apply.workable.com/dayshape,5
workable,danaosshipping,https://apply.workable.com/danaosshipping,3
workable,dblstallion,https://apply.workable.com/dblstallion,0
workable,dbhh,https://apply.workable.com/dbhh,15
workable,davidbayer,https://apply.workable.com/davidbayer,0
workable,davis-partnership-architects,https://apply.workable.com/davis-partnership-architects,3
workable,dbcs,https://apply.workable.com/dbcs,0
workable,dbl,https://apply.workable.com/dbl,0
workable,dca,https://dca.workable.com,0
workable,dcsa,apply.workable.com/dcsa,0
workable,dcsny,https://apply.workable.com/dcsny,3
workable,dealcloud-inc,https://apply.workable.com/dealcloud-inc,0
workable,dealflo,https://apply.workable.com/dealflo,0
workable,dealglobe,https://apply.workable.com/dealglobe,0
workable,dcspark,https://apply.workable.com/dcspark,0
workable,dealdash,https://apply.workable.com/dealdash,0
workable,daytoday,https://apply.workable.com/daytoday,0
workable,dcthomson,https://apply.workable.com/dcthomson,14
workable,dealkit-inc,https://apply.workable.com/dealkit-inc,0
workable,deblock,https://apply.workable.com/deblock,24
workable,deanslist,https://apply.workable.com/deanslist,0
workable,debenhamsgroup,https://apply.workable.com/debenhamsgroup,16
workable,deboers-auto,https://apply.workable.com/deboers-auto,3
workable,decathlonhk,https://apply.workable.com/decathlonhk,43
workable,decathloncanada,https://apply.workable.com/decathloncanada,0
workable,decathlon-indonesia,https://apply.workable.com/decathlon-indonesia,15
workable,decentral-games,https://apply.workable.com/decentral-games,0
workable,decca-recruiting-llc,https://apply.workable.com/decca-recruiting-llc,0
workable,decolonizing-wealth-project,https://apply.workable.com/decolonizing-wealth-project,0
workable,decentralized-masters,https://apply.workable.com/decentralized-masters,28
workable,deciens,https://apply.workable.com/deciens,0
workable,decisioniq,https://apply.workable.com/decisioniq,0
workable,decision-foundry,https://apply.workable.com/decision-foundry,1
workable,decision-link,https://apply.workable.com/decision-link,0
workable,decision-resources-group,https://apply.workable.com/decision-resources-group,0
workable,decisions,https://apply.workable.com/decisions,0
workable,decondia,apply.workable.com/decondia,0
workable,deep-knowledge-group-1,https://apply.workable.com/deep-knowledge-group-1,0
workable,decora,https://decora.workable.com,0
workable,dedi-agency,https://apply.workable.com/dedi-agency,0
workable,deeplight,https://apply.workable.com/deeplight,29
workable,deducta,https://apply.workable.com/deducta,1
workable,decision-analysis-services-ltd,https://apply.workable.com/decision-analysis-services-ltd,1
workable,deep-impact,https://apply.workable.com/deep-impact,0
workable,deep-science-ventures,https://apply.workable.com/deep-science-ventures,11
workable,deepbluesky,https://apply.workable.com/deepbluesky,0
workable,deepcure,https://apply.workable.com/deepcure,0
workable,deeplab,https://apply.workable.com/deeplab,0
workable,defend,https://apply.workable.com/defend,1
workable,deeporigin,https://apply.workable.com/deeporigin,6
workable,deeproute-dot-a-i,https://apply.workable.com/deeproute-dot-a-i,4
workable,defiancellc,https://apply.workable.com/defiancellc,3
workable,deepset,https://apply.workable.com/deepset,0
workable,deeside-cereals,https://apply.workable.com/deeside-cereals,3
workable,defector-media,https://apply.workable.com/defector-media,0
workable,defensury-inc,https://apply.workable.com/defensury-inc,0
workable,decisal,https://apply.workable.com/decisal,2
workable,defiant,https://apply.workable.com/defiant,0
workable,dcscores,https://apply.workable.com/dcscores,0
workable,david-suh,https://apply.workable.com/david-suh,0
workable,decentralized-identity-foundation,https://apply.workable.com/decentralized-identity-foundation,0
workable,definedtalent,https://apply.workable.com/definedtalent,5
workable,deepsource,https://apply.workable.com/deepsource,45
workable,dealers-resource-center,https://apply.workable.com/dealers-resource-center,0
workable,dawnaerospace,https://apply.workable.com/dawnaerospace,0
workable,defrontera-media-group,https://apply.workable.com/defrontera-media-group,0
workable,defty,https://defty.workable.com,0
workable,dekalb-brilliance-academy,https://apply.workable.com/dekalb-brilliance-academy,1
workable,degura,https://apply.workable.com/degura,4
workable,degy,https://apply.workable.com/degy,3
workable,deinde,https://apply.workable.com/deinde,0
workable,debugbear,https://apply.workable.com/debugbear,0
workable,dekeo-services-north-america-inc,apply.workable.com/dekeo-services-north-america-inc,0
workable,delegate-solutions-2,https://apply.workable.com/delegate-solutions-2,0
workable,delivery-manager-ike,https://apply.workable.com/delivery-manager-ike,0
workable,delegate-team,https://apply.workable.com/delegate-team,0
workable,deliver-now-logistics,apply.workable.com/deliver-now-logistics,0
workable,deliveroo,https://apply.workable.com/deliveroo,0
workable,deliverback,https://apply.workable.com/deliverback,0
workable,deloitte-eastafrica,https://apply.workable.com/deloitte-eastafrica,1
workable,delphi-care-solutions,https://apply.workable.com/delphi-care-solutions,20
workable,delmar-international-inc,https://apply.workable.com/delmar-international-inc,35
workable,delli,https://apply.workable.com/delli,3
workable,delta-consulting-1,https://apply.workable.com/delta-consulting-1,0
workable,delnorth-pty-ltd,https://apply.workable.com/delnorth-pty-ltd,0
workable,delta-v,https://apply.workable.com/delta-v,3
workable,delsk-group,https://apply.workable.com/delsk-group,0
workable,delta-consulting-company,https://apply.workable.com/delta-consulting-company,20
workable,delta-toronto-airport,apply.workable.com/delta-toronto-airport,0
workable,delta-dental-of-idaho,https://apply.workable.com/delta-dental-of-idaho,4
workable,delta-foods,https://apply.workable.com/delta-foods,22
workable,deluxe-holiday-homes,apply.workable.com/deluxe-holiday-homes,0
workable,delta-q,https://apply.workable.com/delta-q,3
workable,datapane,https://apply.workable.com/datapane,0
workable,deltaexchange,https://apply.workable.com/deltaexchange,5
workable,democracy-club,https://apply.workable.com/democracy-club,0
workable,demo-duck,https://apply.workable.com/demo-duck,0
workable,deluxe-entertainment-services-group,https://apply.workable.com/deluxe-entertainment-services-group,0
workable,demand-inc,https://apply.workable.com/demand-inc,0
workable,demandtec,apply.workable.com/demandtec,2
workable,davy,https://apply.workable.com/davy,27
workable,democracy-alliance,https://apply.workable.com/democracy-alliance,2
workable,dendi,https://apply.workable.com/dendi,0
workable,decisionassociates,https://apply.workable.com/decisionassociates,2
workable,demonic-trader,https://apply.workable.com/demonic-trader,0
workable,denovo,https://apply.workable.com/denovo,2
workable,dendra-systems,https://apply.workable.com/dendra-systems,0
workable,dentalstrategic,https://apply.workable.com/dentalstrategic,0
workable,denison-pharmaceuticals,https://apply.workable.com/denison-pharmaceuticals,0
workable,dentons-europe,https://apply.workable.com/dentons-europe,73
workable,dental-media-corp,https://apply.workable.com/dental-media-corp,22
workable,denther,https://apply.workable.com/denther,0
workable,derapi-inc,https://apply.workable.com/derapi-inc,0
workable,dep0sco,https://apply.workable.com/dep0sco,0
workable,deselect,https://apply.workable.com/deselect,0
workable,depop,https://apply.workable.com/depop,0
workable,des-moines-airport-authority,https://apply.workable.com/des-moines-airport-authority,0
workable,derisk,https://apply.workable.com/derisk,0
workable,design-pickle-2,https://apply.workable.com/design-pickle-2,0
workable,dciai,https://apply.workable.com/dciai,0
workable,desertfuels,https://desertfuels.workable.com,0
workable,derouin-concrete-ltd,https://apply.workable.com/derouin-concrete-ltd,0
workable,dentons-global,https://apply.workable.com/dentons-global,0
workable,desert-parkway,https://apply.workable.com/desert-parkway,18
workable,design-for-change-usa,https://apply.workable.com/design-for-change-usa,0
workable,design-museum,https://apply.workable.com/design-museum,0
workable,design-properties,https://apply.workable.com/design-properties,0
workable,design-shopp,https://apply.workable.com/design-shopp,1
workable,designeradvantage-inc,https://apply.workable.com/designeradvantage-inc,0
workable,designworks-talent,https://apply.workable.com/designworks-talent,0
workable,design-tech-profs,https://apply.workable.com/design-tech-profs,0
workable,dcv,apply.workable.com/dcv,0
workable,desmond-fish-public-library,https://apply.workable.com/desmond-fish-public-library,0
workable,desklodge,https://apply.workable.com/desklodge,0
workable,desmone-architects,apply.workable.com/desmone-architects,0
workable,deskpro,https://apply.workable.com/deskpro,1
workable,destiny-rescue,https://apply.workable.com/destiny-rescue,0
workable,dether,https://apply.workable.com/dether,0
workable,desploy,https://desploy.workable.com,0
workable,desto-re,https://apply.workable.com/desto-re,0
workable,desmondand-dempsey,https://apply.workable.com/desmondand-dempsey,0
workable,destsetters,https://apply.workable.com/destsetters,6
workable,devdocs,https://apply.workable.com/devdocs,0
workable,deutschefinanceamerica,https://apply.workable.com/deutschefinanceamerica,0
workable,dev-tavus,https://apply.workable.com/dev-tavus,0
workable,devaran-technologies-inc,https://devaran-technologies-inc.workable.com,0
workable,demandlab,https://apply.workable.com/demandlab,0
workable,devbridge,https://apply.workable.com/devbridge,0
workable,devcenter,https://apply.workable.com/devcenter,0
workable,development,https://apply.workable.com/development,0
workable,denverpolicerecruiting,https://apply.workable.com/denverpolicerecruiting,0
workable,detroitlabs,https://apply.workable.com/detroitlabs,1
workable,developertag,https://apply.workable.com/developertag,0
workable,devola-group,https://apply.workable.com/devola-group,0
workable,developmentmedia,https://apply.workable.com/developmentmedia,0
workable,development-data-lab,https://apply.workable.com/development-data-lab,0
workable,devicepilot,https://devicepilot.workable.com,0
workable,deveo,https://apply.workable.com/deveo,0
workable,development-group-inc,https://apply.workable.com/development-group-inc,1
workable,dewancash,https://apply.workable.com/dewancash,0
workable,dewynters,https://apply.workable.com/dewynters,0
workable,devpro,https://apply.workable.com/devpro,142
workable,dext,https://apply.workable.com/dext,3
workable,dexter-institute-private-career-college,https://apply.workable.com/dexter-institute-private-career-college,0
workable,dexiconn,https://apply.workable.com/dexiconn,0
workable,df-capital,https://apply.workable.com/df-capital,7
workable,devstore,https://apply.workable.com/devstore,0
workable,devopsdna,https://devopsdna.workable.com,0
workable,dezapp,https://dezapp.workable.com,0
workable,dextra,https://apply.workable.com/dextra,0
workable,dfimoveis,https://apply.workable.com/dfimoveis,0
workable,dfns,https://apply.workable.com/dfns,0
workable,devsinc-17,https://apply.workable.com/devsinc-17,46
workable,dhatim,https://apply.workable.com/dhatim,0
workable,diagnostic-robotics,https://apply.workable.com/diagnostic-robotics,0
workable,dharma-ocean,https://apply.workable.com/dharma-ocean,0
workable,dhruva,https://apply.workable.com/dhruva,0
workable,devsu,https://apply.workable.com/devsu,24
workable,dhgc-careers,https://apply.workable.com/dhgc-careers,29
workable,dhk,https://apply.workable.com/dhk,0
workable,dhl,https://apply.workable.com/dhl,0
workable,dialer,https://apply.workable.com/dialer,0
workable,dhs-arabia-1,https://apply.workable.com/dhs-arabia-1,0
workable,dialexa,https://apply.workable.com/dialexa,0
workable,devoli,https://apply.workable.com/devoli,1
workable,dialoguedirect,https://apply.workable.com/dialoguedirect,0
workable,dice-services,https://dice-services.workable.com,0
workable,diagonal-software,https://apply.workable.com/diagonal-software,0
workable,diagram,https://apply.workable.com/diagram,0
workable,diet-id,https://apply.workable.com/diet-id,0
workable,dialectica-global,https://apply.workable.com/dialectica-global,0
workable,diamond-candles,https://diamond-candles.workable.com,0
workable,diamond-communications-1,https://apply.workable.com/diamond-communications-1,5
workable,dice,https://apply.workable.com/dice,0
workable,developmentheroes,https://developmentheroes.workable.com,0
workable,dig-inn-seasonal-market-1,https://apply.workable.com/dig-inn-seasonal-market-1,0
workable,digby,https://apply.workable.com/digby,0
workable,devsarch,https://apply.workable.com/devsarch,0
workable,dieta-health-careers,https://apply.workable.com/dieta-health-careers,0
workable,digicom-technology-solutions,https://apply.workable.com/digicom-technology-solutions,1
workable,diffblue,https://apply.workable.com/diffblue,0
workable,dig-inn-2,https://dig-inn-2.workable.com,0
workable,digidems,https://apply.workable.com/digidems,0
workable,digiren,https://apply.workable.com/digiren,0
workable,dfdl,https://apply.workable.com/dfdl,17
workable,dewalt,https://dewalt.workable.com,0
workable,digital-368,https://apply.workable.com/digital-368,218
workable,digihey,https://apply.workable.com/digihey,0
workable,digirocks,https://apply.workable.com/digirocks,0
workable,digimarc,https://apply.workable.com/digimarc,0
workable,digital-catapult,https://apply.workable.com/digital-catapult,4
workable,digistore24,https://apply.workable.com/digistore24,0
workable,digit-game-studios,https://apply.workable.com/digit-game-studios,0
workable,digioutsource-1,apply.workable.com/digioutsource-1,0
workable,destinusgroup,https://apply.workable.com/destinusgroup,157
workable,digital-arts,https://apply.workable.com/digital-arts,0
workable,digital-frontier,https://apply.workable.com/digital-frontier,0
workable,digital-fuel-performance,https://apply.workable.com/digital-fuel-performance,0
workable,digital-health-circle,https://apply.workable.com/digital-health-circle,0
workable,digital-thrive,https://apply.workable.com/digital-thrive,0
workable,digital-media-services-uk-ltd,https://apply.workable.com/digital-media-services-uk-ltd,0
workable,digitalbridge,https://apply.workable.com/digitalbridge,0
workable,dgrsystems,https://apply.workable.com/dgrsystems,0
workable,digital-minds,https://apply.workable.com/digital-minds,0
workable,digital-medicine-society,https://apply.workable.com/digital-medicine-society,0
workable,digital-reach-agency,https://apply.workable.com/digital-reach-agency,0
workable,digitalmediaservices,https://apply.workable.com/digitalmediaservices,12
workable,digital-shadows,https://apply.workable.com/digital-shadows,0
workable,digital-super-systems,https://apply.workable.com/digital-super-systems,0
workable,digital-recruitment,https://apply.workable.com/digital-recruitment,0
workable,digitalmoment,https://apply.workable.com/digitalmoment,0
workable,developers-institute,https://apply.workable.com/developers-institute,0
workable,digital-waffle-2,https://apply.workable.com/digital-waffle-2,0
workable,digital-yalo,https://apply.workable.com/digital-yalo,0
workable,digitalattitude,https://apply.workable.com/digitalattitude,0
workable,digifycareers,https://apply.workable.com/digifycareers,9
workable,digitalexplorers,https://apply.workable.com/digitalexplorers,2
workable,digitalex,https://apply.workable.com/digitalex,0
workable,digitalgenius,https://apply.workable.com/digitalgenius,9
workable,digitalmarketer,https://apply.workable.com/digitalmarketer,0
workable,digiterre,https://apply.workable.com/digiterre,1
workable,digitalscientists,https://apply.workable.com/digitalscientists,0
workable,digitalundivided,https://apply.workable.com/digitalundivided,0
workable,digitalvikings,https://apply.workable.com/digitalvikings,1
workable,diligent-commerce,https://diligent-commerce.workable.com,0
workable,digitalrecruitment,https://digitalrecruitment.workable.com,0
workable,digitals,https://apply.workable.com/digitals,4
workable,dinara,https://apply.workable.com/dinara,0
workable,dillali-tech-ou-registry-code-16101275,https://apply.workable.com/dillali-tech-ou-registry-code-16101275,0
workable,digitickets,https://apply.workable.com/digitickets,0
workable,dim,apply.workable.com/dim,0
workable,dignifi-jobs,https://apply.workable.com/dignifi-jobs,0
workable,dines,https://apply.workable.com/dines,0
workable,dimeo,https://apply.workable.com/dimeo,26
workable,direct-biologics,https://apply.workable.com/direct-biologics,1
workable,dione-and-soares-inc,https://dione-and-soares-inc.workable.com,0
workable,dimply,https://apply.workable.com/dimply,0
workable,dillali-tech,https://apply.workable.com/dillali-tech,0
workable,dinngo,https://apply.workable.com/dinngo,0
workable,ding,https://apply.workable.com/ding,0
workable,dionach-careers,https://apply.workable.com/dionach-careers,0
workable,dionapp,https://apply.workable.com/dionapp,0
workable,diploact,https://apply.workable.com/diploact,0
workable,diprete-engineering,https://apply.workable.com/diprete-engineering,0
workable,direct-medics,https://apply.workable.com/direct-medics,0
workable,direct-counsel,https://apply.workable.com/direct-counsel,0
workable,dirtprotocol,https://apply.workable.com/dirtprotocol,0
workable,disco,https://apply.workable.com/disco,2
workable,directive-consulting,https://apply.workable.com/directive-consulting,0
workable,directpay-online-titc,https://directpay-online-titc.workable.com,0
workable,directmedics,https://apply.workable.com/directmedics,0
workable,direct-valeting,https://apply.workable.com/direct-valeting,0
workable,dineritoahorita,https://apply.workable.com/dineritoahorita,0
workable,discovery-aba,https://apply.workable.com/discovery-aba,0
workable,discoveru-health-1,https://apply.workable.com/discoveru-health-1,0
workable,discgenics,https://apply.workable.com/discgenics,0
workable,discovery-health-md,https://apply.workable.com/discovery-health-md,0
workable,discover-night,https://apply.workable.com/discover-night,0
workable,discoveroom,https://discoveroom.workable.com,0
workable,discovery,https://apply.workable.com/discovery,0
workable,distalmotion,https://apply.workable.com/distalmotion,18
workable,discoveryranch-south,https://apply.workable.com/discoveryranch-south,8
workable,distributed-coders,https://apply.workable.com/distributed-coders,0
workable,disperse,https://apply.workable.com/disperse,0
workable,dispense-doc,https://apply.workable.com/dispense-doc,0
workable,discoveryed,https://apply.workable.com/discoveryed,0
workable,disruptive-enterprises,https://apply.workable.com/disruptive-enterprises,0
workable,dispute,https://apply.workable.com/dispute,0
workable,distillersr-inc,https://apply.workable.com/distillersr-inc,0
workable,distributedcrafts,https://apply.workable.com/distributedcrafts,0
workable,discovery-ranch-1,https://apply.workable.com/discovery-ranch-1,3
workable,displayr,https://apply.workable.com/displayr,1
workable,district-doughnut,https://apply.workable.com/district-doughnut,0
workable,distributorcentral,https://apply.workable.com/distributorcentral,0
workable,disys,apply.workable.com/disys,0
workable,distributed-renewable-energy-enhancement-facility-dreef,https://apply.workable.com/distributed-renewable-energy-enhancement-facility-dreef,0
workable,divarjobs,https://apply.workable.com/divarjobs,8
workable,divelement,https://apply.workable.com/divelement,0
workable,districtpartnerships,https://apply.workable.com/districtpartnerships,0
workable,diversecomputing,https://apply.workable.com/diversecomputing,0
workable,district-public,https://apply.workable.com/district-public,0
workable,diverse-b,https://apply.workable.com/diverse-b,0
workable,divide,https://apply.workable.com/divide,0
workable,divestudiosmindset,https://apply.workable.com/divestudiosmindset,0
workable,digitalfineprint,https://apply.workable.com/digitalfineprint,0
workable,dispense,https://apply.workable.com/dispense,0
workable,dipjar,https://apply.workable.com/dipjar,0
workable,distilled,https://apply.workable.com/distilled,0
workable,division50,https://apply.workable.com/division50,33
workable,divine-flooring,https://apply.workable.com/divine-flooring,0
workable,discogs-1,https://apply.workable.com/discogs-1,0
workable,divvydose,https://apply.workable.com/divvydose,0
workable,diversitydirectory-asia-pacific,https://diversitydirectory-asia-pacific.workable.com,0
workable,djirra-1,https://djirra-1.workable.com,0
workable,diverse-investing-collective,https://apply.workable.com/diverse-investing-collective,0
workable,dixon-golf-1,https://apply.workable.com/dixon-golf-1,0
workable,dizzie,https://apply.workable.com/dizzie,0
workable,djoped,https://apply.workable.com/djoped,0
workable,disa-technologies,https://apply.workable.com/disa-technologies,6
workable,dlthub,https://apply.workable.com/dlthub,0
workable,divvy,https://apply.workable.com/divvy,0
workable,dliv,https://apply.workable.com/dliv,0
workable,dloop,https://apply.workable.com/dloop,0
workable,disability-rights-fund,https://apply.workable.com/disability-rights-fund,1
workable,dmates,apply.workable.com/dmates,0
workable,dmb,https://dmb.workable.com,0
workable,dmvitservice,https://apply.workable.com/dmvitservice,0
workable,djirra,https://apply.workable.com/djirra,0
workable,dnem,https://apply.workable.com/dnem,0
workable,dnsfilter,https://apply.workable.com/dnsfilter,0
workable,dnsimple,https://apply.workable.com/dnsimple,0
workable,dnsever,https://apply.workable.com/dnsever,0
workable,dna-worldwide-group,https://apply.workable.com/dna-worldwide-group,0
workable,docmatter-inc-2,https://apply.workable.com/docmatter-inc-2,2
workable,docorto,https://apply.workable.com/docorto,12
workable,docplanner,https://apply.workable.com/docplanner,0
workable,docstation,https://apply.workable.com/docstation,0
workable,doctify-1,https://apply.workable.com/doctify-1,0
workable,document-risk-solutions,https://apply.workable.com/document-risk-solutions,6
workable,docme360,https://apply.workable.com/docme360,1
workable,dodopizza,https://apply.workable.com/dodopizza,0
workable,doehler-north-america,apply.workable.com/doehler-north-america,0
workable,doctoranytime-global,https://apply.workable.com/doctoranytime-global,0
workable,document-crunch,https://apply.workable.com/document-crunch,0
workable,dog-podcast-network,https://apply.workable.com/dog-podcast-network,0
workable,dodge-moving-and-storage,https://apply.workable.com/dodge-moving-and-storage,0
workable,dispel,https://apply.workable.com/dispel,3
workable,dojo-five,https://apply.workable.com/dojo-five,0
workable,doji,https://apply.workable.com/doji,0
workable,dokeos,https://apply.workable.com/dokeos,0
workable,domeontherange-1,https://apply.workable.com/domeontherange-1,0
workable,doman-building-materials,https://apply.workable.com/doman-building-materials,29
workable,doist,https://apply.workable.com/doist,0
workable,domes-resorts,https://apply.workable.com/domes-resorts,200
workable,dominos-jobs,https://apply.workable.com/dominos-jobs,0
workable,donesafe,https://apply.workable.com/donesafe,0
workable,domi-station,https://apply.workable.com/domi-station,0
workable,doodycalls,https://apply.workable.com/doodycalls,2
workable,donationxchange,https://apply.workable.com/donationxchange,0
workable,dooer-ab-1,https://apply.workable.com/dooer-ab-1,0
workable,dopravo,https://apply.workable.com/dopravo,0
workable,dopay,https://dopay.workable.com,0
workable,dori-apparel,https://apply.workable.com/dori-apparel,0
workable,dnigov,https://apply.workable.com/dnigov,52
workable,dopios,https://apply.workable.com/dopios,0
workable,door2door,https://apply.workable.com/door2door,0
workable,dolead,https://apply.workable.com/dolead,0
workable,dossier,https://apply.workable.com/dossier,8
workable,dopay-8,https://apply.workable.com/dopay-8,25
workable,doctor-care-anywhere,https://apply.workable.com/doctor-care-anywhere,2
workable,dotcollectiveanz,https://apply.workable.com/dotcollectiveanz,2
workable,dotscience,https://apply.workable.com/dotscience,0
workable,dops-products-ltd,https://apply.workable.com/dops-products-ltd,0
workable,doubledigitbe,https://apply.workable.com/doubledigitbe,1
workable,doubledigit,https://apply.workable.com/doubledigit,0
workable,dovaluegreece,https://apply.workable.com/dovaluegreece,0
workable,double-fine-production,https://apply.workable.com/double-fine-production,0
workable,doubleip-sa,apply.workable.com/doubleip-sa,0
workable,dow-janes,https://apply.workable.com/dow-janes,0
workable,domyn,https://apply.workable.com/domyn,0
workable,dovetail,https://apply.workable.com/dovetail,0
workable,dozan-1,https://apply.workable.com/dozan-1,0
workable,double-symmetry,https://apply.workable.com/double-symmetry,0
workable,dovico,https://apply.workable.com/dovico,1
workable,downtown-san-diego-partnership,https://apply.workable.com/downtown-san-diego-partnership,0
workable,downtownny,https://apply.workable.com/downtownny,0
workable,dpdk,https://apply.workable.com/dpdk,0
workable,downtownoregoncity,https://apply.workable.com/downtownoregoncity,0
workable,dozer,https://apply.workable.com/dozer,0
workable,dontummy,https://apply.workable.com/dontummy,0
workable,drata,https://apply.workable.com/drata,0
workable,dozansa,https://apply.workable.com/dozansa,8
workable,dozuki,https://apply.workable.com/dozuki,0
workable,dr-stephen-j-oreski-and-associates,https://apply.workable.com/dr-stephen-j-oreski-and-associates,0
workable,dragonflai,https://apply.workable.com/dragonflai,0
workable,draxis,https://apply.workable.com/draxis,0
workable,drakecooper,https://apply.workable.com/drakecooper,5
workable,drata-4,https://apply.workable.com/drata-4,0
workable,dreamdata,https://apply.workable.com/dreamdata,6
workable,dreamfactory,https://apply.workable.com/dreamfactory,0
workable,dream-destination-by-twn,https://apply.workable.com/dream-destination-by-twn,0
workable,dreamers-doers,https://apply.workable.com/dreamers-doers,0
workable,dreem,https://apply.workable.com/dreem,0
workable,dreamhire,https://apply.workable.com/dreamhire,0
workable,dreamix-ltd,https://apply.workable.com/dreamix-ltd,8
workable,drinknilo,https://apply.workable.com/drinknilo,7
workable,dreamscape-learn,https://apply.workable.com/dreamscape-learn,16
workable,dreamteam-technologies,https://dreamteam-technologies.workable.com,0
workable,dresslife,https://apply.workable.com/dresslife,0
workable,doxee-1,https://apply.workable.com/doxee-1,0
workable,drest,https://apply.workable.com/drest,0
workable,dribbble,https://apply.workable.com/dribbble,0
workable,dribbleup,https://apply.workable.com/dribbleup,0
workable,dorkin-inc,https://apply.workable.com/dorkin-inc,0
workable,drinkag1,https://apply.workable.com/drinkag1,0
workable,driftrock,https://apply.workable.com/driftrock,1
workable,drivestl,https://apply.workable.com/drivestl,0
workable,drinkprime,https://apply.workable.com/drinkprime,0
workable,doghero,https://apply.workable.com/doghero,0
workable,drivewealth,https://apply.workable.com/drivewealth,0
workable,drinksanzo,https://apply.workable.com/drinksanzo,0
workable,droneup,https://apply.workable.com/droneup,0
workable,drivemode,https://apply.workable.com/drivemode,0
workable,droids-on-roids,https://droids-on-roids.workable.com,0
workable,droids-on-roids-1,https://apply.workable.com/droids-on-roids-1,0
workable,driven-properties-1,https://apply.workable.com/driven-properties-1,10
workable,dotactiv,https://apply.workable.com/dotactiv,13
workable,drivendata,https://apply.workable.com/drivendata,0
workable,drizzle,https://drizzle.workable.com,0
workable,dropshiplifestyle,https://apply.workable.com/dropshiplifestyle,0
workable,droplette,https://apply.workable.com/droplette,0
workable,drool,https://apply.workable.com/drool,2
workable,drop-it,https://apply.workable.com/drop-it,0
workable,dropezy,https://apply.workable.com/dropezy,0
workable,dropified,https://apply.workable.com/dropified,0
workable,dry-farm-wines-1,https://apply.workable.com/dry-farm-wines-1,3
workable,drops,https://apply.workable.com/drops,0
workable,drumbeats-media,https://apply.workable.com/drumbeats-media,0
workable,drover,https://apply.workable.com/drover,0
workable,dsinnovators,https://apply.workable.com/dsinnovators,0
workable,dscovr,https://apply.workable.com/dscovr,0
workable,drop-zero-digital,https://apply.workable.com/drop-zero-digital,6
workable,drug-hunter,https://apply.workable.com/drug-hunter,1
workable,dsi-global,apply.workable.com/dsi-global,0
workable,drugstore-ng,https://apply.workable.com/drugstore-ng,0
workable,drvn,apply.workable.com/drvn,0
workable,dts-language-services-inc,https://apply.workable.com/dts-language-services-inc,1
workable,dsi-systems,https://apply.workable.com/dsi-systems,150
workable,dsm-nutritional-products-uk-ltd,https://apply.workable.com/dsm-nutritional-products-uk-ltd,0
workable,dubizzlemena,https://apply.workable.com/dubizzlemena,48
workable,dudden-hill-foundation,https://apply.workable.com/dudden-hill-foundation,0
workable,dsquares-loyalty-dmcc,https://apply.workable.com/dsquares-loyalty-dmcc,20
workable,dstillery,https://apply.workable.com/dstillery,1
workable,dube-consulting,https://dube-consulting.workable.com,0
workable,dunlop,https://apply.workable.com/dunlop,4
workable,duuoo,https://duuoo.workable.com,0
workable,durham-recruiting,https://durham-recruiting.workable.com,0
workable,durrah,https://apply.workable.com/durrah,0
workable,dvsum,https://apply.workable.com/dvsum,0
workable,duke-duck,https://apply.workable.com/duke-duck,0
workable,dundee-dragons-wheelchair-sports-club,https://dundee-dragons-wheelchair-sports-club.workable.com,0
workable,dunelm,https://apply.workable.com/dunelm,0
workable,duvall-homes-1,https://apply.workable.com/duvall-homes-1,0
workable,durham-community-health-centre,https://apply.workable.com/durham-community-health-centre,38
workable,dutchland-plastics,https://apply.workable.com/dutchland-plastics,0
workable,dwsbrazil,https://apply.workable.com/dwsbrazil,0
workable,dymax,https://apply.workable.com/dymax,0
workable,dwed,apply.workable.com/dwed,0
workable,dxdao,https://apply.workable.com/dxdao,0
workable,dxw,https://apply.workable.com/dxw,0
workable,dynamic-electric,https://apply.workable.com/dynamic-electric,0
workable,dynamic-medical-logistics,https://apply.workable.com/dynamic-medical-logistics,0
workable,dynarisk,https://apply.workable.com/dynarisk,0
workable,dxw-3,https://apply.workable.com/dxw-3,0
workable,dynamic-career-group-1,https://apply.workable.com/dynamic-career-group-1,0
workable,dysrup-it,https://apply.workable.com/dysrup-it,0
workable,e-tech-utilities-ltd,https://apply.workable.com/e-tech-utilities-ltd,0
workable,dyania-health,https://apply.workable.com/dyania-health,3
workable,dydx-operations-trust,https://apply.workable.com/dydx-operations-trust,0
workable,eagle-express-1,https://apply.workable.com/eagle-express-1,0
workable,e2e,https://apply.workable.com/e2e,0
workable,e-food,https://apply.workable.com/e-food,0
workable,e-pluribus-unum,https://apply.workable.com/e-pluribus-unum,0
workable,e-residency,https://apply.workable.com/e-residency,0
workable,eagle-eye-networks,https://apply.workable.com/eagle-eye-networks,0
workable,e-travel-sa-1,https://apply.workable.com/e-travel-sa-1,0
workable,dynniq-jobs,https://apply.workable.com/dynniq-jobs,0
workable,e3-gov,https://apply.workable.com/e3-gov,0
workable,duganprep,https://apply.workable.com/duganprep,0
workable,doris-petersand-associates,https://apply.workable.com/doris-petersand-associates,4
workable,eaglestone,https://apply.workable.com/eaglestone,0
workable,eachandother,https://apply.workable.com/eachandother,0
workable,eandd,https://apply.workable.com/eandd,31
workable,eagle-eye-2,https://apply.workable.com/eagle-eye-2,3
workable,durma-north-america,apply.workable.com/durma-north-america,0
workable,e-sport,https://apply.workable.com/e-sport,0
workable,earthcam,apply.workable.com/earthcam,7
workable,duneolas,https://apply.workable.com/duneolas,0
workable,eagle-sales-corp,apply.workable.com/eagle-sales-corp,0
workable,eagle-seven,https://apply.workable.com/eagle-seven,3
workable,earthtron-llc,https://earthtron-llc.workable.com,0
workable,eaglegenomics,https://apply.workable.com/eaglegenomics,0
workable,easyauto,apply.workable.com/easyauto,2
workable,east-bank-club,apply.workable.com/east-bank-club,17
workable,dvi-solution,https://apply.workable.com/dvi-solution,29
workable,eagles-eye-recruitment-ltd,https://apply.workable.com/eagles-eye-recruitment-ltd,0
workable,eatjacob,apply.workable.com/eatjacob,0
workable,easycompanies,https://easycompanies.workable.com,0
workable,dropout-companies,https://apply.workable.com/dropout-companies,1
workable,earthlinktele,https://earthlinktele.workable.com,0
workable,eca-global,apply.workable.com/eca-global,4
workable,duracell,https://apply.workable.com/duracell,0
workable,eatclub,https://eatclub.workable.com,21
workable,ease-solutions-pte-ltd,https://apply.workable.com/ease-solutions-pte-ltd,0
workable,e3creative,https://apply.workable.com/e3creative,0
workable,ecareers,apply.workable.com/ecareers,245
workable,dubber,apply.workable.com/dubber,0
workable,eating-europe-tours,https://eating-europe-tours.workable.com,0
workable,ebags,https://ebags.workable.com,0
workable,ebcfinancialgroup,apply.workable.com/ebcfinancialgroup,35
workable,echo-power-engineering-llc,https://echo-power-engineering-llc.workable.com,0
workable,ecomnova,apply.workable.com/ecomnova,0
workable,ecadlabs,apply.workable.com/ecadlabs,0
workable,echo360-inc,apply.workable.com/echo360-inc,0
workable,dvtradingllc,https://apply.workable.com/dvtradingllc,0
workable,echobase-global,apply.workable.com/echobase-global,12
workable,echofin,https://echofin.workable.com,0
workable,echobox,https://echobox.workable.com,0
workable,echelon-insights,https://echelon-insights.workable.com,0
workable,e-dot-l-f-beauty,https://apply.workable.com/e-dot-l-f-beauty,0
workable,ecom-capital,https://ecom-capital.workable.com,0
workable,econ-one-research,https://econ-one-research.workable.com,2
workable,echoing-green,https://echoing-green.workable.com,1
workable,ecolawn-inc,https://ecolawn-inc.workable.com,1
workable,echoline,https://echoline.workable.com,0
workable,edci,https://edci.workable.com,0
workable,ecoligo,apply.workable.com/ecoligo,0
workable,doublejump,https://apply.workable.com/doublejump,0
workable,echobind,https://echobind.workable.com,0
workable,ecovent,https://ecovent.workable.com,0
workable,duro,https://apply.workable.com/duro,0
workable,edison365,apply.workable.com/edison365,0
workable,edgnyc,https://edgnyc.workable.com,0
workable,education-first-consulting,apply.workable.com/education-first-consulting,0
workable,ect,https://ect.workable.com,0
workable,educationoutside,apply.workable.com/educationoutside,0
workable,ed3nventures,apply.workable.com/ed3nventures,0
workable,editionguard,https://editionguard.workable.com,0
workable,editas,apply.workable.com/editas,4
workable,edsurge,https://edsurge.workable.com,0
workable,educate,https://educate.workable.com,0
workable,edutailors,https://edutailors.workable.com,0
workable,eed,apply.workable.com/eed,5
workable,efg,https://efg.workable.com,0
workable,edyn-care,apply.workable.com/edyn-care,3
workable,eezy,https://eezy.workable.com,0
workable,ef-english-first-bali,https://ef-english-first-bali.workable.com,0
workable,eedi,https://eedi.workable.com,0
workable,efounders,https://efounders.workable.com,0
workable,eight-and-four,https://eight-and-four.workable.com,9
workable,eightcap,apply.workable.com/eightcap,7
workable,einsite,apply.workable.com/einsite,0
workable,ekanite-consulting,apply.workable.com/ekanite-consulting,0
workable,edge-retreats,https://edge-retreats.workable.com,0
workable,electric-coin-company,https://apply.workable.com/electric-coin-company,0
workable,eldoradogold,apply.workable.com/eldoradogold,52
workable,edgility-search,apply.workable.com/edgility-search,5
workable,elastic-dot-io-gmbh,https://elastic-dot-io-gmbh.workable.com,0
workable,electric-square,https://apply.workable.com/electric-square,1
workable,elasticstage,apply.workable.com/elasticstage,15
workable,elderhq,https://elderhq.workable.com,0
workable,electric-monster-media,https://apply.workable.com/electric-monster-media,0
workable,electrolux,https://apply.workable.com/electrolux,0
workable,elearning-company,https://elearning-company.workable.com,0
workable,element-47-llc,https://apply.workable.com/element-47-llc,0
workable,electric-twin-ltd,https://apply.workable.com/electric-twin-ltd,0
workable,elemental-concept,https://apply.workable.com/elemental-concept,0
workable,electrictheatre,https://apply.workable.com/electrictheatre,0
workable,eleos-health,https://apply.workable.com/eleos-health,0
workable,elementio,https://apply.workable.com/elementio,2
workable,elephanthealthcare,https://apply.workable.com/elephanthealthcare,0
workable,elesta,https://apply.workable.com/elesta,32
workable,elevar,https://apply.workable.com/elevar,0
workable,elevate-semiconductor,https://apply.workable.com/elevate-semiconductor,10
workable,elements,https://apply.workable.com/elements,2
workable,elementstudio,https://apply.workable.com/elementstudio,0
workable,elevate-7,apply.workable.com/elevate-7,372
workable,elevate-virtual-assistant-services,https://apply.workable.com/elevate-virtual-assistant-services,0
workable,elevationfirm,https://apply.workable.com/elevationfirm,0
workable,elevation-autism-center,https://apply.workable.com/elevation-autism-center,20
workable,elephant-healthcare-7,https://apply.workable.com/elephant-healthcare-7,0
workable,elevatetechfest,https://apply.workable.com/elevatetechfest,0
workable,elim-solutions-inc,https://apply.workable.com/elim-solutions-inc,0
workable,elior-north-america,apply.workable.com/elior-north-america,0
workable,eligopartners,https://apply.workable.com/eligopartners,0
workable,elior-na,apply.workable.com/elior-na,0
workable,elite-construction-solutions,https://apply.workable.com/elite-construction-solutions,0
workable,elevatus-2,apply.workable.com/elevatus-2,0
workable,elford-inc,https://apply.workable.com/elford-inc,0
workable,eli,https://apply.workable.com/eli,0
workable,eliquent1,https://apply.workable.com/eliquent1,0
workable,elium,https://apply.workable.com/elium,0
workable,elite-entertainment,https://apply.workable.com/elite-entertainment,0
workable,elite-sourcing-llc,https://apply.workable.com/elite-sourcing-llc,0
workable,elite-interpreters-asia-hk-pte-ltd,apply.workable.com/elite-interpreters-asia-hk-pte-ltd,0
workable,elite-professionals,https://elite-professionals.workable.com,0
workable,ella-park-bridal,https://apply.workable.com/ella-park-bridal,0
workable,ellinopoula-ltd,https://apply.workable.com/ellinopoula-ltd,0
workable,ellison-institute-of-technology,https://apply.workable.com/ellison-institute-of-technology,60
workable,elephant-and-castle-1,apply.workable.com/elephant-and-castle-1,0
workable,elo,https://apply.workable.com/elo,0
workable,elmwood,https://apply.workable.com/elmwood,5
workable,elmass-pty-ltd,https://apply.workable.com/elmass-pty-ltd,0
workable,ekar,apply.workable.com/ekar,0
workable,elmhurst-edu,https://apply.workable.com/elmhurst-edu,25
workable,elliptic-archive,https://apply.workable.com/elliptic-archive,0
workable,elate,https://elate.workable.com,0
workable,elms-interior-design,apply.workable.com/elms-interior-design,0
workable,elliptycs,https://apply.workable.com/elliptycs,0
workable,ellys,https://ellys.workable.com,0
workable,elorus,https://apply.workable.com/elorus,2
workable,elevate-47,https://apply.workable.com/elevate-47,3
workable,elpra,https://apply.workable.com/elpra,0
workable,elo-health,https://apply.workable.com/elo-health,0
workable,ellysbrunchcafe,https://apply.workable.com/ellysbrunchcafe,0
workable,elite-solutions-2,https://apply.workable.com/elite-solutions-2,0
workable,elucidat,https://apply.workable.com/elucidat,0
workable,elevation-corporate-health,https://elevation-corporate-health.workable.com,0
workable,elsewhen,https://apply.workable.com/elsewhen,0
workable,elvespeed,https://apply.workable.com/elvespeed,17
workable,elementx,https://apply.workable.com/elementx,0
workable,ellis-david-limited,https://apply.workable.com/ellis-david-limited,0
workable,ellaktor,https://apply.workable.com/ellaktor,4
workable,emails,https://apply.workable.com/emails,0
workable,elvie,https://apply.workable.com/elvie,0
workable,electronic-coating-technologies,https://apply.workable.com/electronic-coating-technologies,0
workable,embee-mobile,https://apply.workable.com/embee-mobile,0
workable,elm-financial,https://apply.workable.com/elm-financial,0
workable,embracerace,https://apply.workable.com/embracerace,0
workable,elite,https://apply.workable.com/elite,43
workable,emapply,https://apply.workable.com/emapply,13
workable,ember-valley,https://apply.workable.com/ember-valley,0
workable,emc-renewables,https://apply.workable.com/emc-renewables,6
workable,emberdigital,https://apply.workable.com/emberdigital,0
workable,emdadtc,https://apply.workable.com/emdadtc,0
workable,elevation-capital-3,https://apply.workable.com/elevation-capital-3,21
workable,econ-films-ltd,https://econ-films-ltd.workable.com,0
workable,emerge-technology,https://apply.workable.com/emerge-technology,0
workable,emirates-investment-authority,https://apply.workable.com/emirates-investment-authority,11
workable,elevation-pictures-corp,apply.workable.com/elevation-pictures-corp,0
workable,emergence-capital,https://apply.workable.com/emergence-capital,0
workable,ecp-123,apply.workable.com/ecp-123,7
workable,ellement,https://apply.workable.com/ellement,0
workable,emerging-travel-group,https://apply.workable.com/emerging-travel-group,79
workable,ellington-solutions,https://apply.workable.com/ellington-solutions,0
workable,emora-health,apply.workable.com/emora-health,0
workable,emoryvalleycenter,https://apply.workable.com/emoryvalleycenter,0
workable,emone,https://apply.workable.com/emone,0
workable,emf-media,https://apply.workable.com/emf-media,0
workable,eminence-home-care,https://apply.workable.com/eminence-home-care,91
workable,empire-groupuk,https://apply.workable.com/empire-groupuk,0
workable,emplicitysearch,https://apply.workable.com/emplicitysearch,0
workable,employit,apply.workable.com/employit,0
workable,empire-group-1,https://apply.workable.com/empire-group-1,0
workable,emplify,https://apply.workable.com/emplify,0
workable,empower-finance,https://apply.workable.com/empower-finance,0
workable,employment-hero,https://apply.workable.com/employment-hero,0
workable,empowered-education,https://apply.workable.com/empowered-education,0
workable,empower-therapy,https://apply.workable.com/empower-therapy,0
workable,empoweragency,https://apply.workable.com/empoweragency,0
workable,empowering-tech,https://apply.workable.com/empowering-tech,0
workable,empowering-women-physicians,https://apply.workable.com/empowering-women-physicians,0
workable,end-game,https://end-game.workable.com,0
workable,emushrif,https://apply.workable.com/emushrif,0
workable,en,https://apply.workable.com/en,0
workable,emprise-bank,https://apply.workable.com/emprise-bank,0
workable,ems-group,https://apply.workable.com/ems-group,23
workable,encoded,https://encoded.workable.com,10
workable,enco-pharmaceutical-development-inc,https://enco-pharmaceutical-development-inc.workable.com,0
workable,encodegroup,https://encodegroup.workable.com,0
workable,enable-data,apply.workable.com/enable-data,3
workable,enartia,https://enartia.workable.com,0
workable,encodia,https://encodia.workable.com,0
workable,endotronix-inc,https://endotronix-inc.workable.com,0
workable,encorepostvfx,https://encorepostvfx.workable.com,0
workable,endear,apply.workable.com/endear,0
workable,energy-trust-of-oregon,apply.workable.com/energy-trust-of-oregon,3
workable,energi-talent-resourcing,https://energi-talent-resourcing.workable.com,0
workable,endeavorbrasil,https://endeavorbrasil.workable.com,0
workable,energyaspects,apply.workable.com/energyaspects,0
workable,endomag,apply.workable.com/endomag,0
workable,enfinity-global-2,apply.workable.com/enfinity-global-2,68
workable,endource,https://endource.workable.com,0
workable,enerflo,https://enerflo.workable.com,0
workable,enervee,https://enervee.workable.com,0
workable,engagor,https://engagor.workable.com,0
workable,energydatalab,https://energydatalab.workable.com,0
workable,engenious-design,https://engenious-design.workable.com,0
workable,engflow,apply.workable.com/engflow,0
workable,employee-owned-holdings-inc,https://apply.workable.com/employee-owned-holdings-inc,24
workable,endeavor-talent,apply.workable.com/endeavor-talent,0
workable,empatico,https://apply.workable.com/empatico,0
workable,enterfusion,apply.workable.com/enterfusion,2
workable,emergent-works,https://apply.workable.com/emergent-works,0
workable,enterprise-electrical,apply.workable.com/enterprise-electrical,129
workable,enigmaticsmile,apply.workable.com/enigmaticsmile,1
workable,entangled,https://entangled.workable.com,0
workable,enjins,apply.workable.com/enjins,6
workable,enrollhere,apply.workable.com/enrollhere,4
workable,englewood-lab,https://englewood-lab.workable.com,0
workable,engagetechuk,apply.workable.com/engagetechuk,30
workable,emed,https://apply.workable.com/emed,0
workable,enteractive-malta-ltd,https://enteractive-malta-ltd.workable.com,0
workable,enterprise-horizon-consulting-group,https://enterprise-horizon-consulting-group.workable.com,8
workable,entando,https://entando.workable.com,0
workable,ems-healthcare,https://apply.workable.com/ems-healthcare,0
workable,entuitive,apply.workable.com/entuitive,20
workable,envalior,apply.workable.com/envalior,63
workable,emaratech-2,https://apply.workable.com/emaratech-2,8
workable,empatica,https://apply.workable.com/empatica,4
workable,emw,https://apply.workable.com/emw,31
workable,enfusegroup,apply.workable.com/enfusegroup,6
workable,enviromedica,https://enviromedica.workable.com,4
workable,environmental-volunteers,https://environmental-volunteers.workable.com,0
workable,eosf,apply.workable.com/eosf,0
workable,environment-bank,apply.workable.com/environment-bank,10
workable,epay,apply.workable.com/epay,31
workable,envisso,apply.workable.com/envisso,0
workable,enzode,https://enzode.workable.com,0
workable,equidy,https://equidy.workable.com,0
workable,epos,apply.workable.com/epos,79
workable,equus-software,https://equus-software.workable.com,2
workable,equipment-experts-inc,https://equipment-experts-inc.workable.com,2
workable,ergo-resourcing,https://ergo-resourcing.workable.com,0
workable,equisolve,https://equisolve.workable.com,0
workable,erickson-hall-construction-company,https://erickson-hall-construction-company.workable.com,0
workable,erc,https://erc.workable.com,0
workable,erie-western-pennsylvania-port-authority,https://erie-western-pennsylvania-port-authority.workable.com,0
workable,eroad,https://eroad.workable.com,0
workable,erasmusinn,https://erasmusinn.workable.com,0
workable,epignosis,https://epignosis.workable.com,2
workable,erna,apply.workable.com/erna,3
workable,ereach,https://ereach.workable.com,0
workable,ergonia,apply.workable.com/ergonia,4
workable,eramtalent-1,apply.workable.com/eramtalent-1,879
workable,enfos-inc,apply.workable.com/enfos-inc,5
workable,entouragevc,apply.workable.com/entouragevc,8
workable,esalon,https://esalon.workable.com,0
workable,esanjo,apply.workable.com/esanjo,0
workable,escape-velocity-entertainment-inc,apply.workable.com/escape-velocity-entertainment-inc,8
workable,eset,https://eset.workable.com,0
workable,engineering-system-solutions,https://engineering-system-solutions.workable.com,0
workable,erp,apply.workable.com/erp,0
workable,essence-investment-ag,apply.workable.com/essence-investment-ag,16
workable,esl-suite-education-consulting-co-dot-ltd,https://esl-suite-education-consulting-co-dot-ltd.workable.com,0
workable,esoftware-associates-inc,apply.workable.com/esoftware-associates-inc,0
workable,espresso-capital,https://espresso-capital.workable.com,0
workable,empowerment-academyand-beloved-community-charter-schools,https://apply.workable.com/empowerment-academyand-beloved-community-charter-schools,28
workable,estimateone,https://estimateone.workable.com,2
workable,espresso-services-inc,https://espresso-services-inc.workable.com,3
workable,essencevegas,https://essencevegas.workable.com,0
workable,eton-solutions,https://eton-solutions.workable.com,0
workable,estendio,apply.workable.com/estendio,0
workable,esquel-group,apply.workable.com/esquel-group,4
workable,euronet,https://apply.workable.com/euronet,4
workable,esv-digital,https://esv-digital.workable.com,0
workable,eummena,https://eummena.workable.com,0
workable,eurobank,https://eurobank.workable.com,5
workable,etl-systems,apply.workable.com/etl-systems,0
workable,esselenvironmental,apply.workable.com/esselenvironmental,408
workable,etrose,https://etrose.workable.com,0
workable,europe-careers,apply.workable.com/europe-careers,0
workable,etslabs,https://etslabs.workable.com,2
workable,etuk-companies,https://etuk-companies.workable.com,0
workable,esv-accounting,apply.workable.com/esv-accounting,0
workable,envisiones,apply.workable.com/envisiones,16
workable,eupry-aps,apply.workable.com/eupry-aps,4
workable,euromonitor,https://apply.workable.com/euromonitor,48
workable,endai,https://endai.workable.com,0
workable,european-judicial-training-network,https://apply.workable.com/european-judicial-training-network,0
workable,evahome,https://apply.workable.com/evahome,1
workable,eva-pharma,https://apply.workable.com/eva-pharma,152
workable,eventeca-app,https://apply.workable.com/eventeca-app,0
workable,european-reliance-sa,https://apply.workable.com/european-reliance-sa,0
workable,eventgenius,https://apply.workable.com/eventgenius,0
workable,eventellect,https://apply.workable.com/eventellect,0
workable,eventimseeticketsusa,https://apply.workable.com/eventimseeticketsusa,0
workable,europeanwaxcenter,https://apply.workable.com/europeanwaxcenter,84
workable,everblue,https://apply.workable.com/everblue,0
workable,even-financial-1,https://apply.workable.com/even-financial-1,0
workable,eventogy,https://apply.workable.com/eventogy,3
workable,evercast-llc,https://apply.workable.com/evercast-llc,0
workable,european-general-practice-research-network,https://apply.workable.com/european-general-practice-research-network,0
workable,everest-ventures-group,https://apply.workable.com/everest-ventures-group,0
workable,eventologymarketing,https://apply.workable.com/eventologymarketing,0
workable,evelo,https://apply.workable.com/evelo,0
workable,everdry-waterproofing-of-southeast-michigan,https://apply.workable.com/everdry-waterproofing-of-southeast-michigan,0
workable,evergreenhq,https://apply.workable.com/evergreenhq,0
workable,european-dynamics,https://apply.workable.com/european-dynamics,133
workable,evaluagent,https://apply.workable.com/evaluagent,0
workable,everservice,https://apply.workable.com/everservice,8
workable,evaluate-ltd,https://apply.workable.com/evaluate-ltd,0
workable,everstream-solutions-llc,https://everstream-solutions-llc.workable.com,0
workable,europeanpolicycentre,apply.workable.com/europeanpolicycentre,0
workable,eurordis,https://apply.workable.com/eurordis,0
workable,eversound,https://eversound.workable.com,0
workable,engineering,https://engineering.workable.com,0
workable,everypay,https://apply.workable.com/everypay,0
workable,everside,https://apply.workable.com/everside,0
workable,everydoctor,https://apply.workable.com/everydoctor,0
workable,everypay-1,https://apply.workable.com/everypay-1,5
workable,everwest,https://apply.workable.com/everwest,5
workable,everyrealm,https://apply.workable.com/everyrealm,0
workable,everystay,https://apply.workable.com/everystay,0
workable,everything-1,https://apply.workable.com/everything-1,0
workable,evginc,https://apply.workable.com/evginc,0
workable,evestment,https://apply.workable.com/evestment,0
workable,european-aiand-society-fund,https://apply.workable.com/european-aiand-society-fund,0
workable,everythingtogain,https://apply.workable.com/everythingtogain,0
workable,evidentid,https://apply.workable.com/evidentid,0
workable,evine,https://apply.workable.com/evine,0
workable,evgmedia,https://apply.workable.com/evgmedia,0
workable,evidence-action,https://apply.workable.com/evidence-action,20
workable,evolution-recruitment-solutions,https://apply.workable.com/evolution-recruitment-solutions,4
workable,evolve-security,https://apply.workable.com/evolve-security,5
workable,eview-360,https://apply.workable.com/eview-360,0
workable,exago,https://apply.workable.com/exago,0
workable,evision,https://apply.workable.com/evision,0
workable,evolv-technology,https://apply.workable.com/evolv-technology,23
workable,evolveyou,https://apply.workable.com/evolveyou,0
workable,evp,https://apply.workable.com/evp,0
workable,evotek-1,https://apply.workable.com/evotek-1,7
workable,enerwave,apply.workable.com/enerwave,23
workable,evolving-web,https://apply.workable.com/evolving-web,14
workable,excite-panacea,https://apply.workable.com/excite-panacea,0
workable,exec,https://apply.workable.com/exec,2
workable,excess-baggage,apply.workable.com/excess-baggage,0
workable,excelya,https://apply.workable.com/excelya,46
workable,executive-excellence-1,https://apply.workable.com/executive-excellence-1,0
workable,exante,https://apply.workable.com/exante,0
workable,exely,https://apply.workable.com/exely,4
workable,executives-alliance,https://apply.workable.com/executives-alliance,0
workable,exeq,https://apply.workable.com/exeq,0
workable,exergysolutions-dot-com,https://apply.workable.com/exergysolutions-dot-com,0
workable,executive-travel-inc,https://apply.workable.com/executive-travel-inc,0
workable,excellence-community-schools,https://apply.workable.com/excellence-community-schools,0
workable,excelcleaning,https://apply.workable.com/excelcleaning,0
workable,exeria-dot-com,https://exeria-dot-com.workable.com,0
workable,exigent,https://apply.workable.com/exigent,0
workable,exinity,https://apply.workable.com/exinity,0
workable,exo,https://apply.workable.com/exo,0
workable,exoclick,https://exoclick.workable.com,0
workable,exodus90,https://apply.workable.com/exodus90,0
workable,exoult,https://apply.workable.com/exoult,0
workable,expandnow,https://apply.workable.com/expandnow,0
workable,expatriate-management-services-ltd,apply.workable.com/expatriate-management-services-ltd,0
workable,exoticca,https://apply.workable.com/exoticca,44
workable,explosion,https://apply.workable.com/explosion,0
workable,experience-com,https://apply.workable.com/experience-com,0
workable,experoinc,https://apply.workable.com/experoinc,0
workable,exploremore-with-fran,https://apply.workable.com/exploremore-with-fran,134
workable,expereo,https://apply.workable.com/expereo,32
workable,experience-sl-co,https://apply.workable.com/experience-sl-co,107
workable,exscientia,https://apply.workable.com/exscientia,0
workable,exidio,https://apply.workable.com/exidio,0
workable,extended-holdings,https://extended-holdings.workable.com,0
workable,experfy-inc,https://apply.workable.com/experfy-inc,0
workable,externetworks,https://apply.workable.com/externetworks,0
workable,expocart,https://apply.workable.com/expocart,0
workable,eyepop-dot-a-i-inc,https://apply.workable.com/eyepop-dot-a-i-inc,0
workable,explo,https://apply.workable.com/explo,0
workable,extend-australia-pty-ltd,https://apply.workable.com/extend-australia-pty-ltd,23
workable,ezypay,https://apply.workable.com/ezypay,0
workable,expression-networks,https://apply.workable.com/expression-networks,0
workable,exverus-media,https://apply.workable.com/exverus-media,0
workable,ez-transportation,https://apply.workable.com/ez-transportation,0
workable,eyos,https://apply.workable.com/eyos,0
workable,f4gi,https://apply.workable.com/f4gi,0
workable,ezrirx,https://ezrirx.workable.com,0
workable,f5-consulting-group,https://apply.workable.com/f5-consulting-group,0
workable,fabric-1,https://apply.workable.com/fabric-1,0
workable,ezrecruiting,https://apply.workable.com/ezrecruiting,60
workable,fable-1,https://apply.workable.com/fable-1,3
workable,f-l-craneand-sons-inc,https://apply.workable.com/f-l-craneand-sons-inc,0
workable,f2-systems-llc,https://apply.workable.com/f2-systems-llc,0
workable,fable-data,https://apply.workable.com/fable-data,0
workable,faculty,https://apply.workable.com/faculty,0
workable,faes,https://apply.workable.com/faes,3
workable,fairing,https://apply.workable.com/fairing,0
workable,fairmatic,https://apply.workable.com/fairmatic,0
workable,fairsquare-careers,https://apply.workable.com/fairsquare-careers,0
workable,factory14,https://apply.workable.com/factory14,0
workable,fairfield-consultancy,https://apply.workable.com/fairfield-consultancy,0
workable,experts-plus,apply.workable.com/experts-plus,113
workable,family-4ward-inc,https://apply.workable.com/family-4ward-inc,0
workable,famoco,https://apply.workable.com/famoco,4
workable,family-lawyers-mackay,https://apply.workable.com/family-lawyers-mackay,0
workable,falcomm,https://apply.workable.com/falcomm,23
workable,excellence-health-inc,apply.workable.com/excellence-health-inc,0
workable,fanbyteshq,https://apply.workable.com/fanbyteshq,0
workable,family-network,https://apply.workable.com/family-network,0
workable,families-in-schools,https://apply.workable.com/families-in-schools,0
workable,f-dot-h-paschen-1,https://apply.workable.com/f-dot-h-paschen-1,66
workable,fantasy-life,https://apply.workable.com/fantasy-life,0
workable,faircom,https://apply.workable.com/faircom,12
workable,exodigital,https://apply.workable.com/exodigital,0
workable,factorymedia,https://apply.workable.com/factorymedia,0
workable,farad-ai,https://apply.workable.com/farad-ai,0
workable,faradaynorton,https://apply.workable.com/faradaynorton,3
workable,faraday-bicycles,https://apply.workable.com/faraday-bicycles,0
workable,faraway,https://apply.workable.com/faraway,0
workable,fanaticallabs,https://apply.workable.com/fanaticallabs,0
workable,exotec,https://apply.workable.com/exotec,69
workable,faria,https://apply.workable.com/faria,0
workable,fariaedu,https://apply.workable.com/fariaedu,0
workable,farm-one,https://apply.workable.com/farm-one,0
workable,farmers-business-network,https://farmers-business-network.workable.com,0
workable,farmdrop,https://apply.workable.com/farmdrop,0
workable,faircape,https://apply.workable.com/faircape,0
workable,fairmoney,https://apply.workable.com/fairmoney,14
workable,farmers-insurance-rappa-district,apply.workable.com/farmers-insurance-rappa-district,10
workable,farmers-insurance-southern-colorado,https://apply.workable.com/farmers-insurance-southern-colorado,8
workable,farmers-insurance-mile-high-district,https://apply.workable.com/farmers-insurance-mile-high-district,24
workable,farmersdog,https://apply.workable.com/farmersdog,0
workable,farapp,https://farapp.workable.com,0
workable,farmhopping,https://apply.workable.com/farmhopping,0
workable,farmigo-1,https://apply.workable.com/farmigo-1,0
workable,farmhouse-pottery,https://apply.workable.com/farmhouse-pottery,0
workable,fabric-ventures,https://fabric-ventures.workable.com,0
workable,farmtoschool,https://apply.workable.com/farmtoschool,0
workable,fannypack,https://apply.workable.com/fannypack,0
workable,faroutscout,https://apply.workable.com/faroutscout,0
workable,farrer-capital,https://apply.workable.com/farrer-capital,0
workable,fastbreak-ai,https://apply.workable.com/fastbreak-ai,3
workable,fastfive,https://apply.workable.com/fastfive,0
workable,expose-media-1,https://apply.workable.com/expose-media-1,0
workable,farohealth,https://apply.workable.com/farohealth,19
workable,fair-budget-coalition,https://apply.workable.com/fair-budget-coalition,0
workable,farsight-consulting,https://apply.workable.com/farsight-consulting,0
workable,fast-break-labs,https://apply.workable.com/fast-break-labs,0
workable,farmveda,apply.workable.com/farmveda,0
workable,facebook,apply.workable.com/facebook,0
workable,fatcat-strategies,https://apply.workable.com/fatcat-strategies,3
workable,favorite-medium,https://apply.workable.com/favorite-medium,0
workable,favr,https://apply.workable.com/favr,0
workable,fawaterak,https://apply.workable.com/fawaterak,0
workable,fcc-environmental-services,https://apply.workable.com/fcc-environmental-services,0
workable,fd-capital-recruitment-ltd,https://apply.workable.com/fd-capital-recruitment-ltd,0
workable,fafs-fireand-security,https://apply.workable.com/fafs-fireand-security,0
workable,fccn,https://apply.workable.com/fccn,10
workable,fawkes-idm,https://apply.workable.com/fawkes-idm,12
workable,feed,https://apply.workable.com/feed,0
workable,fedora,https://apply.workable.com/fedora,0
workable,federation-bio,https://apply.workable.com/federation-bio,0
workable,featureform,https://apply.workable.com/featureform,0
workable,feeldco,https://apply.workable.com/feeldco,15
workable,fathom,https://apply.workable.com/fathom,0
workable,feasible,https://apply.workable.com/feasible,0
workable,fefa-llc,https://apply.workable.com/fefa-llc,0
workable,fasanara,https://apply.workable.com/fasanara,9
workable,feed-dept,https://apply.workable.com/feed-dept,0
workable,felux,https://apply.workable.com/felux,0
workable,felagsstofnun-studenta,https://apply.workable.com/felagsstofnun-studenta,0
workable,felix-capital,https://apply.workable.com/felix-capital,0
workable,felix-health-inc,https://apply.workable.com/felix-health-inc,0
workable,feetz,https://apply.workable.com/feetz,0
workable,felicitys-link-inc-1,apply.workable.com/felicitys-link-inc-1,29
workable,fergus,https://apply.workable.com/fergus,0
workable,felcana,https://apply.workable.com/felcana,0
workable,felsburg-holt-and-ullevig,https://apply.workable.com/felsburg-holt-and-ullevig,40
workable,fastlanemovement-llc,https://apply.workable.com/fastlanemovement-llc,0
workable,fail-ventures-1,https://apply.workable.com/fail-ventures-1,0
workable,fervor,https://apply.workable.com/fervor,0
workable,ferryhopper,https://apply.workable.com/ferryhopper,1
workable,festicket,https://apply.workable.com/festicket,0
workable,ferguson-roofingand-exteriors,https://apply.workable.com/ferguson-roofingand-exteriors,4
workable,ferly,https://apply.workable.com/ferly,0
workable,fiddlers-green-landscaping,https://apply.workable.com/fiddlers-green-landscaping,0
workable,fetchr,https://apply.workable.com/fetchr,0
workable,fetch-veterinary,https://apply.workable.com/fetch-veterinary,33
workable,ffcfc,https://apply.workable.com/ffcfc,0
workable,fiction,https://apply.workable.com/fiction,0
workable,exis,https://apply.workable.com/exis,0
workable,ffern-2,https://apply.workable.com/ffern-2,0
workable,fenergocareers,https://apply.workable.com/fenergocareers,11
workable,fidus,https://apply.workable.com/fidus,22
workable,fieldengineer,https://apply.workable.com/fieldengineer,0
workable,fidel-api,https://apply.workable.com/fidel-api,0
workable,fever-pr,https://apply.workable.com/fever-pr,0
workable,fieldengineer-1,https://fieldengineer-1.workable.com,0
workable,figure8,https://apply.workable.com/figure8,0
workable,fifty-five,https://apply.workable.com/fifty-five,26
workable,fiit,https://apply.workable.com/fiit,0
workable,fieldfisherbelgium,https://apply.workable.com/fieldfisherbelgium,1
workable,fieldsafesolutions,https://apply.workable.com/fieldsafesolutions,0
workable,figuredcareers,https://apply.workable.com/figuredcareers,0
workable,fieldwrk,apply.workable.com/fieldwrk,0
workable,fig-investments,https://apply.workable.com/fig-investments,0
workable,filld,https://filld.workable.com,0
workable,finaira,https://apply.workable.com/finaira,10
workable,filro-global-hiring,https://apply.workable.com/filro-global-hiring,7
workable,fillarole,apply.workable.com/fillarole,0
workable,find-dot-c-o,https://apply.workable.com/find-dot-c-o,0
workable,fe-fundinfo,https://apply.workable.com/fe-fundinfo,13
workable,fim-limited,https://apply.workable.com/fim-limited,3
workable,filib,https://apply.workable.com/filib,0
workable,findasense,https://apply.workable.com/findasense,14
workable,finesse-contracts,https://apply.workable.com/finesse-contracts,1
workable,fingo-to,https://apply.workable.com/fingo-to,0
workable,finitestate,https://apply.workable.com/finitestate,0
workable,finly,https://finly.workable.com,0
workable,finderskeepers,https://apply.workable.com/finderskeepers,0
workable,finnosummit,https://apply.workable.com/finnosummit,0
workable,finloup,https://apply.workable.com/finloup,0
workable,fintrx,https://apply.workable.com/fintrx,0
workable,fiji-police-force,https://apply.workable.com/fiji-police-force,0
workable,fire-tech,https://apply.workable.com/fire-tech,0
workable,firedesignsolutions,https://apply.workable.com/firedesignsolutions,0
workable,finexio,https://apply.workable.com/finexio,14
workable,firelight-technologies,https://apply.workable.com/firelight-technologies,0
workable,firefly-tech-oy,apply.workable.com/firefly-tech-oy,0
workable,firematic-supply-company,https://apply.workable.com/firematic-supply-company,0
workable,finnish-net-solutions-oy,https://apply.workable.com/finnish-net-solutions-oy,0
workable,fireflies,apply.workable.com/fireflies,0
workable,firnal,https://apply.workable.com/firnal,0
workable,finvasia-greece,https://apply.workable.com/finvasia-greece,0
workable,fired-cannabis,https://apply.workable.com/fired-cannabis,1
workable,farewill,https://apply.workable.com/farewill,0
workable,fireoneone,https://apply.workable.com/fireoneone,0
workable,ferrum,https://apply.workable.com/ferrum,0
workable,first-analysis,https://apply.workable.com/first-analysis,2
workable,fireflyagency,https://apply.workable.com/fireflyagency,0
workable,fireflysolar,https://apply.workable.com/fireflysolar,0
workable,first-dollar,https://apply.workable.com/first-dollar,0
workable,first-aml,https://apply.workable.com/first-aml,0
workable,first-focus,https://apply.workable.com/first-focus,57
workable,first-division-consulting,https://apply.workable.com/first-division-consulting,21
workable,first-law-international-sprl,apply.workable.com/first-law-international-sprl,0
workable,first-financial-security,https://apply.workable.com/first-financial-security,0
workable,first-san-francisco-partners,https://apply.workable.com/first-san-francisco-partners,0
workable,first-coast-security-1,https://apply.workable.com/first-coast-security-1,0
workable,firstblox,https://apply.workable.com/firstblox,0
workable,first-reference-inc,https://apply.workable.com/first-reference-inc,0
workable,filtronic,https://apply.workable.com/filtronic,15
workable,firstchoicefinanceconsultants,apply.workable.com/firstchoicefinanceconsultants,0
workable,firsthelpfinancial,https://apply.workable.com/firsthelpfinancial,23
workable,fireworkcoaching,https://apply.workable.com/fireworkcoaching,0
workable,firstrealtymgt,https://apply.workable.com/firstrealtymgt,0
workable,firstepdcng,https://apply.workable.com/firstepdcng,2
workable,firstxfounder,https://apply.workable.com/firstxfounder,0
workable,fishbrain-ab,apply.workable.com/fishbrain-ab,0
workable,fishladder,https://apply.workable.com/fishladder,0
workable,fishingbooker,https://apply.workable.com/fishingbooker,0
workable,fishtech,https://apply.workable.com/fishtech,0
workable,fits-dot-me,https://fits-dot-me.workable.com,0
workable,fiveable-1,https://apply.workable.com/fiveable-1,0
workable,fivelives,https://apply.workable.com/fivelives,0
workable,fivesky,https://fivesky.workable.com,0
workable,fitxr,https://apply.workable.com/fitxr,0
workable,firefly-health,https://apply.workable.com/firefly-health,7
workable,fisher-agencies-13,https://apply.workable.com/fisher-agencies-13,69
workable,fixflo,https://apply.workable.com/fixflo,0
workable,fivecubes,https://apply.workable.com/fivecubes,0
workable,fixr,https://apply.workable.com/fixr,0
workable,fieldscale,https://fieldscale.fieldscale.workable.com,0
workable,fiscal-ai,https://apply.workable.com/fiscal-ai,8
workable,flagcx,https://apply.workable.com/flagcx,0
workable,fiix-software,https://apply.workable.com/fiix-software,0
workable,flaixible,https://apply.workable.com/flaixible,5
workable,five-star-correctional-services-inc,https://apply.workable.com/five-star-correctional-services-inc,9
workable,flashchat,https://flashchat.workable.com,0
workable,flapkap,https://apply.workable.com/flapkap,2
workable,flatio-s-dot-r-o,https://apply.workable.com/flatio-s-dot-r-o,0
workable,flatfile-inc,https://apply.workable.com/flatfile-inc,0
workable,flare-talent,https://apply.workable.com/flare-talent,0
workable,flat6labs,https://apply.workable.com/flat6labs,4
workable,flash-pack,https://apply.workable.com/flash-pack,0
workable,financeit,https://apply.workable.com/financeit,14
workable,fleek,https://apply.workable.com/fleek,0
workable,fleks,https://apply.workable.com/fleks,0
workable,flat-curve-studio-private-limited,https://apply.workable.com/flat-curve-studio-private-limited,0
workable,filtered,https://apply.workable.com/filtered,0
workable,flex-college-prep,apply.workable.com/flex-college-prep,0
workable,first-intuition,https://apply.workable.com/first-intuition,0
workable,flexcompute,https://apply.workable.com/flexcompute,18
workable,fitness-premier,apply.workable.com/fitness-premier,0
workable,flexion-robotics,https://apply.workable.com/flexion-robotics,12
workable,flawlessphotonics,apply.workable.com/flawlessphotonics,0
workable,flaviar,https://apply.workable.com/flaviar,0
workable,fleethealthcare,apply.workable.com/fleethealthcare,38
workable,fleetfox,https://apply.workable.com/fleetfox,0
workable,flextal-staffing-llc,https://apply.workable.com/flextal-staffing-llc,13
workable,fleetpartners,https://apply.workable.com/fleetpartners,7
workable,fleetio,https://apply.workable.com/fleetio,0
workable,fleksy,https://fleksy.workable.com,0
workable,flexxy-recruitment-solutions-1,https://apply.workable.com/flexxy-recruitment-solutions-1,0
workable,flexxon-1,https://apply.workable.com/flexxon-1,11
workable,financexod,https://apply.workable.com/financexod,0
workable,flight-story-1,https://apply.workable.com/flight-story-1,0
workable,flexulinemuscle,https://apply.workable.com/flexulinemuscle,0
workable,five-ai-inc,https://apply.workable.com/five-ai-inc,0
workable,floridawindowanddoor,https://apply.workable.com/floridawindowanddoor,25
workable,florence-4,https://apply.workable.com/florence-4,0
workable,floatapp,https://apply.workable.com/floatapp,0
workable,flosum,https://apply.workable.com/flosum,134
workable,florida-design-works,apply.workable.com/florida-design-works,0
workable,filtered-technologies-limited,https://apply.workable.com/filtered-technologies-limited,0
workable,flow-city,https://flow-city.workable.com,0
workable,findmypast,https://apply.workable.com/findmypast,0
workable,flow-1,https://apply.workable.com/flow-1,0
workable,flockcover,https://apply.workable.com/flockcover,0
workable,flowbelow-aero-inc,https://apply.workable.com/flowbelow-aero-inc,0
workable,firetrol,https://apply.workable.com/firetrol,107
workable,flowchase,https://apply.workable.com/flowchase,0
workable,flexiv,https://apply.workable.com/flexiv,0
workable,flow-research-collective,https://apply.workable.com/flow-research-collective,0
workable,flashpoint,https://apply.workable.com/flashpoint,0
workable,flexnow,https://apply.workable.com/flexnow,0
workable,flicron,https://apply.workable.com/flicron,0
workable,flowdesk,https://apply.workable.com/flowdesk,1
workable,fitmate-coach,https://apply.workable.com/fitmate-coach,1
workable,fivetran,https://apply.workable.com/fivetran,0
workable,firstcode,https://apply.workable.com/firstcode,0
workable,flown,https://apply.workable.com/flown,0
workable,fls-transportation,https://apply.workable.com/fls-transportation,0
workable,flowtechnologies,https://flowtechnologies.workable.com,0
workable,fluence-analytics,https://apply.workable.com/fluence-analytics,0
workable,fluent,https://apply.workable.com/fluent,6
workable,flowith,https://apply.workable.com/flowith,0
workable,flowerbx,https://apply.workable.com/flowerbx,1
workable,firstview,https://apply.workable.com/firstview,0
workable,fluentai,https://apply.workable.com/fluentai,0
workable,flexcar-1,https://apply.workable.com/flexcar-1,0
workable,florida-food,https://apply.workable.com/florida-food,0
workable,flag-media-analytics,https://apply.workable.com/flag-media-analytics,0
workable,fluent-city-6,https://apply.workable.com/fluent-city-6,0
workable,fluent-city,https://apply.workable.com/fluent-city,0
workable,fluidly-uk,https://apply.workable.com/fluidly-uk,0
workable,fluidcommerce,https://apply.workable.com/fluidcommerce,0
workable,fliip,https://apply.workable.com/fliip,0
workable,flinto,https://apply.workable.com/flinto,0
workable,flo-addenergie,https://apply.workable.com/flo-addenergie,25
workable,flip,https://apply.workable.com/flip,1
workable,fluidstack,https://fluidstack.workable.com,0
workable,flipcrepes,https://apply.workable.com/flipcrepes,0
workable,findstarfish,https://apply.workable.com/findstarfish,0
workable,flume-health,https://apply.workable.com/flume-health,0
workable,finder,https://apply.workable.com/finder,0
workable,fly-victor,https://apply.workable.com/fly-victor,0
workable,flagship-premium-food-group,apply.workable.com/flagship-premium-food-group,0
workable,flux,https://apply.workable.com/flux,0
workable,flusso-ltd,https://apply.workable.com/flusso-ltd,1
workable,flyboard-canada,https://flyboard-canada.workable.com,0
workable,flying-b-bar-ranch,https://apply.workable.com/flying-b-bar-ranch,0
workable,fixpoint,https://apply.workable.com/fixpoint,0
workable,fmtc,https://apply.workable.com/fmtc,0
workable,fme-romania,https://apply.workable.com/fme-romania,4
workable,flatgigs,https://apply.workable.com/flatgigs,137
workable,flydata,https://apply.workable.com/flydata,0
workable,fmx,https://apply.workable.com/fmx,13
workable,flyreel,https://apply.workable.com/flyreel,0
workable,flinks,https://apply.workable.com/flinks,6
workable,flexa,https://apply.workable.com/flexa,0
workable,flying-bisons,https://apply.workable.com/flying-bisons,0
workable,focus-group,https://apply.workable.com/focus-group,38
workable,flite,https://apply.workable.com/flite,0
workable,fme-us-llc,https://apply.workable.com/fme-us-llc,6
workable,fnality-jobs,https://apply.workable.com/fnality-jobs,0
workable,focuslab,https://apply.workable.com/focuslab,0
workable,focus-7,https://apply.workable.com/focus-7,0
workable,folio,https://apply.workable.com/folio,0
workable,fomf,https://apply.workable.com/fomf,0
workable,fondazione-enea-tech,https://apply.workable.com/fondazione-enea-tech,0
workable,followloop,https://apply.workable.com/followloop,25
workable,focus-digital,https://apply.workable.com/focus-digital,0
workable,fonedynamics,https://apply.workable.com/fonedynamics,0
workable,followoz,https://apply.workable.com/followoz,3
workable,food-blogger-pro,https://apply.workable.com/food-blogger-pro,0
workable,focus-strategies,https://apply.workable.com/focus-strategies,0
workable,fonyou,https://apply.workable.com/fonyou,0
workable,fonkoze-usa,https://apply.workable.com/fonkoze-usa,0
workable,fonoa,https://apply.workable.com/fonoa,0
workable,foodgie,apply.workable.com/foodgie,0
workable,fodele-beach,https://apply.workable.com/fodele-beach,27
workable,foodgears-singapore-pte-ltd,apply.workable.com/foodgears-singapore-pte-ltd,0
workable,food52,https://apply.workable.com/food52,0
workable,food-plant-engineering,https://apply.workable.com/food-plant-engineering,0
workable,footprint,https://apply.workable.com/footprint,14
workable,fora-space-limited,https://apply.workable.com/fora-space-limited,8
workable,foodsysteminnovations,https://apply.workable.com/foodsysteminnovations,0
workable,forbes-media,https://apply.workable.com/forbes-media,0
workable,foodrevolutionnetwork,https://apply.workable.com/foodrevolutionnetwork,0
workable,fonpit-ag,apply.workable.com/fonpit-ag,0
workable,forager,https://apply.workable.com/forager,2
workable,foot-soldiers-park,https://apply.workable.com/foot-soldiers-park,0
workable,foresight-insurance,https://apply.workable.com/foresight-insurance,0
workable,foresight-mobile,https://apply.workable.com/foresight-mobile,0
workable,forest-stewardship-council-us,https://apply.workable.com/forest-stewardship-council-us,4
workable,forestadmin,https://forestadmin.workable.com,0
workable,forcom-global-resources-1,https://apply.workable.com/forcom-global-resources-1,0
workable,forestay,https://apply.workable.com/forestay,0
workable,fnatic,https://apply.workable.com/fnatic,0
workable,forge,https://apply.workable.com/forge,0
workable,fluidintel,https://fluidintel.workable.com,0
workable,forcemetrics,https://apply.workable.com/forcemetrics,8
workable,forma-stone,https://apply.workable.com/forma-stone,5
workable,forge3,https://apply.workable.com/forge3,0
workable,flybondi,https://apply.workable.com/flybondi,0
workable,forky,https://apply.workable.com/forky,0
workable,formby-surveys-ltd,https://apply.workable.com/formby-surveys-ltd,0
workable,formisimo,https://apply.workable.com/formisimo,0
workable,formassembly,https://apply.workable.com/formassembly,3
workable,foreign-affairs-auto,https://apply.workable.com/foreign-affairs-auto,0
workable,fortanix,https://apply.workable.com/fortanix,19
workable,forseven,https://apply.workable.com/forseven,0
workable,fortedigital,https://apply.workable.com/fortedigital,0
workable,flight-group,https://apply.workable.com/flight-group,0
workable,fortamus,https://fortamus.workable.com,0
workable,fortified-bicycle,https://fortified-bicycle.workable.com,0
workable,fluxe,https://apply.workable.com/fluxe,0
workable,fortifycompanies,https://apply.workable.com/fortifycompanies,65
workable,fortis-agency,https://apply.workable.com/fortis-agency,0
workable,flgalaxy,https://apply.workable.com/flgalaxy,0
workable,fortytwo,https://apply.workable.com/fortytwo,5
workable,forvismazars-greece,https://apply.workable.com/forvismazars-greece,5
workable,forward-march-inc,https://apply.workable.com/forward-march-inc,14
workable,forward-partners-3,https://apply.workable.com/forward-partners-3,0
workable,forgeuk,https://apply.workable.com/forgeuk,0
workable,focused-labs,https://apply.workable.com/focused-labs,0
workable,forever-healthy,https://apply.workable.com/forever-healthy,0
workable,flyability,https://apply.workable.com/flyability,4
workable,forzafootball,https://apply.workable.com/forzafootball,0
workable,forgotten-empires,https://apply.workable.com/forgotten-empires,24
workable,forza-fc,https://apply.workable.com/forza-fc,0
workable,forwardtn,https://apply.workable.com/forwardtn,1
workable,floatjobs,https://apply.workable.com/floatjobs,0
workable,flooid,https://apply.workable.com/flooid,3
workable,fotografiska,https://apply.workable.com/fotografiska,0
workable,foundation,https://apply.workable.com/foundation,9
workable,formula5,https://apply.workable.com/formula5,0
workable,foundations-early-learning-center,https://apply.workable.com/foundations-early-learning-center,20
workable,footasylum,https://apply.workable.com/footasylum,0
workable,founderandlightning,https://apply.workable.com/founderandlightning,0
workable,fooji,https://apply.workable.com/fooji,1
workable,founders-intelligence,https://apply.workable.com/founders-intelligence,0
workable,form,https://apply.workable.com/form,0
workable,foundersofthefuture,https://apply.workable.com/foundersofthefuture,0
workable,foundry-5,https://apply.workable.com/foundry-5,0
workable,four-sigmatic,https://apply.workable.com/four-sigmatic,0
workable,forefront,https://forefront.workable.com,0
workable,fox,https://apply.workable.com/fox,0
workable,florida-realtors,https://apply.workable.com/florida-realtors,3
workable,focus-interpreting,https://apply.workable.com/focus-interpreting,181
workable,foundry,https://apply.workable.com/foundry,0
workable,fluidwave,https://apply.workable.com/fluidwave,0
workable,foxintelligence,https://apply.workable.com/foxintelligence,0
workable,fp1-strategies,https://apply.workable.com/fp1-strategies,1
workable,foundersforum,https://apply.workable.com/foundersforum,3
workable,fractl-1,https://apply.workable.com/fractl-1,0
workable,flux-academy,https://apply.workable.com/flux-academy,0
workable,fragou-lawfirm,https://apply.workable.com/fragou-lawfirm,2
workable,formative-2,https://apply.workable.com/formative-2,0
workable,foundr,https://apply.workable.com/foundr,0
workable,fraight,https://apply.workable.com/fraight,0
workable,frame-26,https://apply.workable.com/frame-26,0
workable,frame-io,https://apply.workable.com/frame-io,0
workable,focus-digital-1,https://apply.workable.com/focus-digital-1,1
workable,franq,https://apply.workable.com/franq,0
workable,fraym,https://apply.workable.com/fraym,0
workable,frazer-nash,https://apply.workable.com/frazer-nash,0
workable,frame-ai,https://apply.workable.com/frame-ai,0
workable,freddies-flowers-1,https://apply.workable.com/freddies-flowers-1,9
workable,focusrite,https://apply.workable.com/focusrite,10
workable,fred-olivieri-construction-co,https://apply.workable.com/fred-olivieri-construction-co,0
workable,frankli,https://apply.workable.com/frankli,0
workable,freebird,https://apply.workable.com/freebird,5
workable,freedx,https://apply.workable.com/freedx,8
workable,freedup,https://apply.workable.com/freedup,73
workable,frameworkesg,https://apply.workable.com/frameworkesg,0
workable,frankenstein-computers,https://apply.workable.com/frankenstein-computers,0
workable,freelancerecruiters,https://apply.workable.com/freelancerecruiters,0
workable,freelancer,https://apply.workable.com/freelancer,38
workable,freelance-latin-america,https://apply.workable.com/freelance-latin-america,55
workable,fox-group-international,https://apply.workable.com/fox-group-international,0
workable,freelanship,https://apply.workable.com/freelanship,0
workable,freemodel,https://apply.workable.com/freemodel,0
workable,freewave-technologies-inc,https://apply.workable.com/freewave-technologies-inc,0
workable,freetrade-limited,https://apply.workable.com/freetrade-limited,0
workable,fraport-greece,https://apply.workable.com/fraport-greece,50
workable,fournos-theofilos,https://apply.workable.com/fournos-theofilos,0
workable,flyinterstellar,https://apply.workable.com/flyinterstellar,0
workable,freightflows,https://apply.workable.com/freightflows,0
workable,freightbull,https://apply.workable.com/freightbull,0
workable,freespeecareers,https://apply.workable.com/freespeecareers,0
workable,freight-t-a-s-llc,apply.workable.com/freight-t-a-s-llc,238
workable,fpwa,https://apply.workable.com/fpwa,0
workable,float,https://apply.workable.com/float,0
workable,fr,https://apply.workable.com/fr,0
workable,fresh-eight-gaming,https://apply.workable.com/fresh-eight-gaming,0
workable,freshcutpaper,https://apply.workable.com/freshcutpaper,1
workable,freshgravity,https://apply.workable.com/freshgravity,9
workable,friendly,https://apply.workable.com/friendly,0
workable,freshwave-group,https://apply.workable.com/freshwave-group,0
workable,friendscommittee,https://apply.workable.com/friendscommittee,0
workable,friends-of-sally-1,https://apply.workable.com/friends-of-sally-1,0
workable,friendmts,https://apply.workable.com/friendmts,0
workable,front-lobby,https://apply.workable.com/front-lobby,0
workable,front-of-the-pack,https://apply.workable.com/front-of-the-pack,0
workable,fridababy,https://apply.workable.com/fridababy,22
workable,frontiers,https://apply.workable.com/frontiers,0
workable,frontlinesolutions,https://apply.workable.com/frontlinesolutions,0
workable,frontlineinc,https://apply.workable.com/frontlineinc,1
workable,frwdb,apply.workable.com/frwdb,38
workable,friendnpal,https://apply.workable.com/friendnpal,0
workable,frostmethane,https://apply.workable.com/frostmethane,0
workable,frontier-medicines,https://apply.workable.com/frontier-medicines,1
workable,fromdayone,https://apply.workable.com/fromdayone,11
workable,fsaa,apply.workable.com/fsaa,0
workable,fsa1,https://apply.workable.com/fsa1,1
workable,ftsg,https://apply.workable.com/ftsg,2
workable,ftechiz-solutions-private-limited-1,https://apply.workable.com/ftechiz-solutions-private-limited-1,0
workable,ftech,https://apply.workable.com/ftech,0
workable,fulcrumtech-llc-1,https://apply.workable.com/fulcrumtech-llc-1,0
workable,frontera-strategies,https://apply.workable.com/frontera-strategies,0
workable,fronditha-care,https://apply.workable.com/fronditha-care,0
workable,frosch-travel,https://apply.workable.com/frosch-travel,0
workable,frontastic,https://apply.workable.com/frontastic,0
workable,fullstackacademy,https://apply.workable.com/fullstackacademy,20
workable,fuelnow-network,https://fuelnow-network.workable.com,0
workable,fundamentalvr-2,https://apply.workable.com/fundamentalvr-2,0
workable,fundaciondelsaber,https://apply.workable.com/fundaciondelsaber,0
workable,fundapps,https://apply.workable.com/fundapps,0
workable,fullteam,https://apply.workable.com/fullteam,0
workable,full-cycle,https://apply.workable.com/full-cycle,0
workable,fundd,https://apply.workable.com/fundd,0
workable,fundify,apply.workable.com/fundify,0
workable,fundment,https://apply.workable.com/fundment,0
workable,fuku,https://apply.workable.com/fuku,786
workable,freeformers-6,https://apply.workable.com/freeformers-6,0
workable,fundingsocieties,https://apply.workable.com/fundingsocieties,90
workable,fundcraft,https://apply.workable.com/fundcraft,11
workable,frontiersmedia,https://apply.workable.com/frontiersmedia,16
workable,funempire,https://apply.workable.com/funempire,0
workable,funkitron,https://apply.workable.com/funkitron,0
workable,funnel-leasing,https://apply.workable.com/funnel-leasing,1
workable,full-focus,https://apply.workable.com/full-focus,1
workable,fuse-finance,https://apply.workable.com/fuse-finance,0
workable,fuse-integration,https://apply.workable.com/fuse-integration,20
workable,fusionhitjobs,https://apply.workable.com/fusionhitjobs,11
workable,fusionprofessionals,apply.workable.com/fusionprofessionals,0
workable,futurae,https://apply.workable.com/futurae,0
workable,fuelius,apply.workable.com/fuelius,2
workable,fullcircleinsights,https://apply.workable.com/fullcircleinsights,0
workable,fte-factory-advisors,https://apply.workable.com/fte-factory-advisors,3
workable,fundthrough-3,https://apply.workable.com/fundthrough-3,0
workable,future-majority,https://apply.workable.com/future-majority,0
workable,futuremedia,https://apply.workable.com/futuremedia,0
workable,futureworks-ag,https://apply.workable.com/futureworks-ag,0
workable,futurelect,https://apply.workable.com/futurelect,0
workable,futuresay,apply.workable.com/futuresay,0
workable,future-colossal,https://apply.workable.com/future-colossal,3
workable,futurlab-ltd,https://apply.workable.com/futurlab-ltd,1
workable,fv-careers,https://apply.workable.com/fv-careers,0
workable,futurpreneur,https://apply.workable.com/futurpreneur,4
workable,future-rent,https://apply.workable.com/future-rent,0
workable,fybomide-travel,https://apply.workable.com/fybomide-travel,0
workable,future-advocacy,https://apply.workable.com/future-advocacy,0
workable,fujifilm-healthcare-europe,apply.workable.com/fujifilm-healthcare-europe,0
workable,fyxer-7,https://apply.workable.com/fyxer-7,10
workable,g-20-advisors-ag,https://apply.workable.com/g-20-advisors-ag,12
workable,g3-communications,https://apply.workable.com/g3-communications,0
workable,gac-enterprises-llc,https://apply.workable.com/gac-enterprises-llc,21
workable,g2i-inc,https://apply.workable.com/g2i-inc,0
workable,gadge-usa,https://apply.workable.com/gadge-usa,3
workable,fundpark,https://apply.workable.com/fundpark,0
workable,fyto,https://apply.workable.com/fyto,0
workable,gables-of-fitchburg,https://apply.workable.com/gables-of-fitchburg,7
workable,fundsquire,https://apply.workable.com/fundsquire,0
workable,gallagher-flynnand-company,https://apply.workable.com/gallagher-flynnand-company,8
workable,galtonvoysey,https://apply.workable.com/galtonvoysey,0
workable,gamalearn,https://apply.workable.com/gamalearn,0
workable,gameanalytics-jobs,https://apply.workable.com/gameanalytics-jobs,0
workable,gambit,https://gambit.workable.com,0
workable,gamespot-brasil,https://apply.workable.com/gamespot-brasil,0
workable,fyxer,https://apply.workable.com/fyxer,0
workable,g-mass,https://apply.workable.com/g-mass,82
workable,gamesquare,apply.workable.com/gamesquare,0
workable,gameye,https://apply.workable.com/gameye,0
workable,gan-integrity-solutions,https://apply.workable.com/gan-integrity-solutions,0
workable,garenacareers,https://apply.workable.com/garenacareers,0
workable,fusebox,https://apply.workable.com/fusebox,0
workable,gardp,https://apply.workable.com/gardp,0
workable,gamesim-2,https://apply.workable.com/gamesim-2,0
workable,funnelfuel,apply.workable.com/funnelfuel,0
workable,garrison,https://apply.workable.com/garrison,0
workable,freshland,apply.workable.com/freshland,0
workable,funnel-pros-llc,https://apply.workable.com/funnel-pros-llc,0
workable,gastfreund,https://gastfreund.workable.com,0
workable,garyswine,https://apply.workable.com/garyswine,1
workable,gathered-foods,https://apply.workable.com/gathered-foods,0
workable,fun-town-rv,https://apply.workable.com/fun-town-rv,0
workable,gatekeeper-3,https://apply.workable.com/gatekeeper-3,13
workable,gatekeeper,https://apply.workable.com/gatekeeper,0
workable,gavin-zickerman-quinton-samuels-operations,https://apply.workable.com/gavin-zickerman-quinton-samuels-operations,7
workable,gatenbysanderson,https://gatenbysanderson.workable.com,0
workable,gatewood-wealth-solutions,https://apply.workable.com/gatewood-wealth-solutions,1
workable,gbg,https://apply.workable.com/gbg,56
workable,gcdtech,https://gcdtech.workable.com,0
workable,gcs-technologies,https://apply.workable.com/gcs-technologies,4
workable,gear-inc-1,https://apply.workable.com/gear-inc-1,0
workable,geekbot,https://apply.workable.com/geekbot,0
workable,geissele-automatics-inc,https://apply.workable.com/geissele-automatics-inc,0
workable,gearlaunch-3,https://apply.workable.com/gearlaunch-3,0
workable,gegadyne-energy-1,https://apply.workable.com/gegadyne-energy-1,0
workable,gem-group,https://apply.workable.com/gem-group,0
workable,gender-intelligence-group,https://apply.workable.com/gender-intelligence-group,0
workable,garance-dore-studio,https://apply.workable.com/garance-dore-studio,0
workable,gemone,https://apply.workable.com/gemone,0
workable,funnelguard,https://apply.workable.com/funnelguard,0
workable,genentech-22,https://apply.workable.com/genentech-22,0
workable,genentech-7,https://apply.workable.com/genentech-7,0
workable,gemmo,https://apply.workable.com/gemmo,3
workable,geekiebr,https://apply.workable.com/geekiebr,0
workable,gencove,https://apply.workable.com/gencove,0
workable,general-provision-2,https://apply.workable.com/general-provision-2,0
workable,gene42,https://apply.workable.com/gene42,0
workable,generali-group-italy,https://generali-group-italy.workable.com,0
workable,general-supply,https://apply.workable.com/general-supply,0
workable,generationhome,https://apply.workable.com/generationhome,0
workable,generation-bio,https://apply.workable.com/generation-bio,0
workable,genesis-recruiting,apply.workable.com/genesis-recruiting,44
workable,genesisortho,https://apply.workable.com/genesisortho,116
workable,gameloft,https://apply.workable.com/gameloft,0
workable,genofab,https://apply.workable.com/genofab,0
workable,generali,https://apply.workable.com/generali,0
workable,genplusgroup,https://apply.workable.com/genplusgroup,9
workable,genskemulder,https://apply.workable.com/genskemulder,0
workable,genetec-inc,https://apply.workable.com/genetec-inc,152
workable,genesistrading,https://apply.workable.com/genesistrading,0
workable,genvax-technologies,apply.workable.com/genvax-technologies,0
workable,garmin-cluj,https://apply.workable.com/garmin-cluj,28
workable,genvax-technologies-inc,https://apply.workable.com/genvax-technologies-inc,0
workable,gensyn,https://apply.workable.com/gensyn,0
workable,genus-ai,https://apply.workable.com/genus-ai,2
workable,genz-ryan,https://apply.workable.com/genz-ryan,13
workable,gener8,https://apply.workable.com/gener8,6
workable,geeks-on-site,https://apply.workable.com/geeks-on-site,724
workable,geoprobe,https://apply.workable.com/geoprobe,8
workable,genie-ai,https://apply.workable.com/genie-ai,0
workable,georgia-shift,https://apply.workable.com/georgia-shift,0
workable,geodelphi,https://apply.workable.com/geodelphi,8
workable,generation-uk,https://apply.workable.com/generation-uk,0
workable,gep-4,https://apply.workable.com/gep-4,18
workable,genesis-5,https://apply.workable.com/genesis-5,0
workable,get-golfing,https://apply.workable.com/get-golfing,27
workable,georgia-network-to-end-sexual-assault,apply.workable.com/georgia-network-to-end-sexual-assault,0
workable,gersh-autism,https://apply.workable.com/gersh-autism,0
workable,getbaraka,https://apply.workable.com/getbaraka,0
workable,getcruiseinn,https://apply.workable.com/getcruiseinn,0
workable,get-a-brace,https://apply.workable.com/get-a-brace,0
workable,getintent,https://getintent.workable.com,0
workable,gethowz,https://apply.workable.com/gethowz,0
workable,getir,https://apply.workable.com/getir,0
workable,getjuno,https://apply.workable.com/getjuno,0
workable,geoaerospace,https://apply.workable.com/geoaerospace,0
workable,getsona,https://apply.workable.com/getsona,0
workable,getonce,https://apply.workable.com/getonce,0
workable,getshogun,https://apply.workable.com/getshogun,0
workable,getsubstance,https://apply.workable.com/getsubstance,52
workable,gettimely,https://apply.workable.com/gettimely,0
workable,getvisible,https://apply.workable.com/getvisible,1
workable,getbits,https://apply.workable.com/getbits,1
workable,getthemirror,https://apply.workable.com/getthemirror,0
workable,gft,https://apply.workable.com/gft,0
workable,gfd-of-canada,https://apply.workable.com/gfd-of-canada,0
workable,gex-search-8,https://apply.workable.com/gex-search-8,0
workable,getvocal-ai,https://apply.workable.com/getvocal-ai,7
workable,giant-animation,https://apply.workable.com/giant-animation,0
workable,giant-ventures,https://apply.workable.com/giant-ventures,0
workable,gfy-express-carwash,https://apply.workable.com/gfy-express-carwash,0
workable,ghgsat,https://apply.workable.com/ghgsat,3
workable,gigabrands,https://apply.workable.com/gigabrands,50
workable,gigmos,https://apply.workable.com/gigmos,4
workable,gigsalad,https://apply.workable.com/gigsalad,0
workable,giorgio-armani,https://apply.workable.com/giorgio-armani,9
workable,ghost-note-agency,https://apply.workable.com/ghost-note-agency,0
workable,giraffe360,https://apply.workable.com/giraffe360,0
workable,gigsfer,https://apply.workable.com/gigsfer,0
workable,giraffe,https://giraffe.workable.com,0
workable,ghirardelliassoc,https://apply.workable.com/ghirardelliassoc,0
workable,gimmiecareers,https://apply.workable.com/gimmiecareers,0
workable,girlboss,https://apply.workable.com/girlboss,0
workable,giskard,https://apply.workable.com/giskard,1
workable,girlchoir,https://girlchoir.workable.com,0
workable,genlayer-labs,https://apply.workable.com/genlayer-labs,1
workable,gizmo,https://apply.workable.com/gizmo,0
workable,gk-ievraziia,https://apply.workable.com/gk-ievraziia,0
workable,giraffes-in-the-kitchen,https://giraffes-in-the-kitchen.workable.com,0
workable,glamcorner,https://apply.workable.com/glamcorner,0
workable,glantz,https://apply.workable.com/glantz,0
workable,glamseamless,https://apply.workable.com/glamseamless,0
workable,glass-lewis-europe-limited,https://apply.workable.com/glass-lewis-europe-limited,0
workable,glass-research,https://apply.workable.com/glass-research,0
workable,glassmoon-services,https://apply.workable.com/glassmoon-services,10
workable,glassroots,https://apply.workable.com/glassroots,0
workable,geo-technology-associates-inc,https://apply.workable.com/geo-technology-associates-inc,61
workable,glitchd-network,https://apply.workable.com/glitchd-network,0
workable,global-bridge-infotech-inc,https://apply.workable.com/global-bridge-infotech-inc,0
workable,glef,https://apply.workable.com/glef,2
workable,glenveagh-properties-plc,https://apply.workable.com/glenveagh-properties-plc,15
workable,global-engineering-and-technology,apply.workable.com/global-engineering-and-technology,0
workable,global-expat-pay,https://apply.workable.com/global-expat-pay,0
workable,global-infoswift-limited,https://global-infoswift-limited.workable.com,0
workable,global-partners-digital,https://apply.workable.com/global-partners-digital,0
workable,glebewood,https://apply.workable.com/glebewood,0
workable,global-schools-forum,https://apply.workable.com/global-schools-forum,0
workable,global-conservation-corps,https://apply.workable.com/global-conservation-corps,0
workable,global-secure-3,apply.workable.com/global-secure-3,10
workable,girls-inc-of-los-angeles,https://apply.workable.com/girls-inc-of-los-angeles,0
workable,gigs,https://apply.workable.com/gigs,0
workable,gloss-postproduction,https://apply.workable.com/gloss-postproduction,0
workable,gist-research,https://apply.workable.com/gist-research,7
workable,globaldevgroup,https://apply.workable.com/globaldevgroup,40
workable,global-synthetics-pty-ltd,https://apply.workable.com/global-synthetics-pty-ltd,0
workable,gobi-technologies-inc,https://apply.workable.com/gobi-technologies-inc,2
workable,globalgiving,https://apply.workable.com/globalgiving,0
workable,go-to-outsourcing,https://apply.workable.com/go-to-outsourcing,0
workable,georgia-dept-of-corrections,apply.workable.com/georgia-dept-of-corrections,0
workable,goin,apply.workable.com/goin,0
workable,goleasy,apply.workable.com/goleasy,0
workable,gofluent-1,apply.workable.com/gofluent-1,0
workable,gobee-group,https://apply.workable.com/gobee-group,0
workable,globalcitizen2030,https://apply.workable.com/globalcitizen2030,0
workable,givebutter,https://apply.workable.com/givebutter,0
workable,generation-west-virginia-1,https://apply.workable.com/generation-west-virginia-1,5
workable,gatheringplacevt,https://apply.workable.com/gatheringplacevt,1
workable,gmt-limited,https://apply.workable.com/gmt-limited,0
workable,greycoatlumleys,apply.workable.com/greycoatlumleys,0
workable,gillig,https://apply.workable.com/gillig,0
workable,growth-resourcing,https://apply.workable.com/growth-resourcing,17
workable,growth-street,https://apply.workable.com/growth-street,0
workable,glispa,https://glispa.workable.com,0
workable,growwithfarm,https://apply.workable.com/growwithfarm,1
workable,growthrockers,https://apply.workable.com/growthrockers,0
workable,grupo-medico-georgia,apply.workable.com/grupo-medico-georgia,0
workable,georgetown-behavioral-health-institute,https://apply.workable.com/georgetown-behavioral-health-institute,26
workable,geo-owl,https://apply.workable.com/geo-owl,0
workable,girteka,https://apply.workable.com/girteka,0
workable,good-people,https://apply.workable.com/good-people,23
workable,getlogistics,https://apply.workable.com/getlogistics,4
workable,hallam-agency,https://apply.workable.com/hallam-agency,0
workable,havenly,https://apply.workable.com/havenly,0
workable,havehalalwilltravel,https://apply.workable.com/havehalalwilltravel,0
workable,growth-hub-consultants,apply.workable.com/growth-hub-consultants,0
workable,globalmedicalvirtualassistants,https://apply.workable.com/globalmedicalvirtualassistants,12
workable,headliners,https://headliners.workable.com,0
workable,help-scout,https://apply.workable.com/help-scout,0
workable,hemana,apply.workable.com/hemana,0
workable,heraklion-international-airport,apply.workable.com/heraklion-international-airport,11
workable,heska-corporation,https://apply.workable.com/heska-corporation,0
workable,haiilo-1,https://apply.workable.com/haiilo-1,1
workable,hi-rasmus-inc,https://apply.workable.com/hi-rasmus-inc,0
workable,hibernia-station-coffee-and-tea-llc,https://apply.workable.com/hibernia-station-coffee-and-tea-llc,0
workable,hicx-solutions,https://apply.workable.com/hicx-solutions,3
workable,health-ipass,https://apply.workable.com/health-ipass,0
workable,get-hired-crete,https://apply.workable.com/get-hired-crete,0
workable,hbar-inc,https://apply.workable.com/hbar-inc,0
workable,highwing,https://apply.workable.com/highwing,0
workable,highview-power,https://apply.workable.com/highview-power,4
workable,highland-spring-group,https://apply.workable.com/highland-spring-group,7
workable,gxa,https://apply.workable.com/gxa,0
workable,headquarters,https://apply.workable.com/headquarters,10
workable,health-rosetta,https://apply.workable.com/health-rosetta,0
workable,homebuddy,https://apply.workable.com/homebuddy,1
workable,hireframe,https://apply.workable.com/hireframe,50
workable,hyro,https://apply.workable.com/hyro,0
workable,hoplabs,https://apply.workable.com/hoplabs,0
workable,iceye,https://apply.workable.com/iceye,0
workable,icona-resorts,apply.workable.com/icona-resorts,0
workable,idea-entity,https://apply.workable.com/idea-entity,4
workable,igdb,https://apply.workable.com/igdb,0
workable,ifeelonline,https://apply.workable.com/ifeelonline,10
workable,hugobank,https://apply.workable.com/hugobank,15
workable,ignite-spot,https://apply.workable.com/ignite-spot,0
workable,ignota,https://apply.workable.com/ignota,0
workable,ids-engineering-group,apply.workable.com/ids-engineering-group,6
workable,idwall,https://apply.workable.com/idwall,0
workable,igloofest,https://igloofest.workable.com,0
workable,incluso-services-pty-ltd,https://apply.workable.com/incluso-services-pty-ltd,12
workable,iamkamu,https://apply.workable.com/iamkamu,0
workable,hubbub-1,https://hubbub-1.workable.com,0
workable,indiancreekschool,https://apply.workable.com/indiancreekschool,4
workable,hudson-data,https://hudson-data.workable.com,0
workable,inceed,https://apply.workable.com/inceed,0
workable,ikva-ltd,https://apply.workable.com/ikva-ltd,0
workable,idnpokerwan,https://apply.workable.com/idnpokerwan,0
workable,infotek-consulting,https://apply.workable.com/infotek-consulting,1
workable,indeavor,https://apply.workable.com/indeavor,1
workable,humanbest-1,https://apply.workable.com/humanbest-1,0
workable,hyperverge,https://apply.workable.com/hyperverge,0
workable,inivos,https://apply.workable.com/inivos,7
workable,influencer-marketing-factory,apply.workable.com/influencer-marketing-factory,0
workable,innocean,https://apply.workable.com/innocean,0
workable,humanforce,https://apply.workable.com/humanforce,0
workable,ingeniousio,https://apply.workable.com/ingeniousio,0
workable,instant-dentist,https://apply.workable.com/instant-dentist,0
workable,inner-city-youth-for-change-1,https://apply.workable.com/inner-city-youth-for-change-1,0
workable,humanify360,https://apply.workable.com/humanify360,0
workable,intertek,https://apply.workable.com/intertek,251
workable,inusual,https://apply.workable.com/inusual,0
workable,insight-lab-co,https://apply.workable.com/insight-lab-co,0
workable,inter-island-manpower-pte-ltd,apply.workable.com/inter-island-manpower-pte-ltd,0
workable,ipssec,apply.workable.com/ipssec,4
workable,immidi,https://immidi.workable.com,0
workable,invisionai,https://apply.workable.com/invisionai,0
workable,isotron-ai,https://apply.workable.com/isotron-ai,0
workable,iste,https://apply.workable.com/iste,0
workable,isofttek-solutions-inc,https://apply.workable.com/isofttek-solutions-inc,0
workable,itara-global,https://apply.workable.com/itara-global,0
workable,itemmaster,https://apply.workable.com/itemmaster,0
workable,itnig,https://apply.workable.com/itnig,0
workable,itpfed,https://apply.workable.com/itpfed,6
workable,itechscope-3,https://apply.workable.com/itechscope-3,0
workable,itg,https://apply.workable.com/itg,32
workable,interplay-learning,https://apply.workable.com/interplay-learning,0
workable,ite-mgmt,https://apply.workable.com/ite-mgmt,3
workable,intrepid,https://apply.workable.com/intrepid,0
workable,james-and-james,https://apply.workable.com/james-and-james,0
workable,interface-1,https://apply.workable.com/interface-1,166
workable,issuetrak,https://apply.workable.com/issuetrak,0
workable,jetsurfusa,https://apply.workable.com/jetsurfusa,0
workable,jhana,https://jhana.workable.com,0
workable,invenco,https://apply.workable.com/invenco,0
workable,jkuat-enterprises-limited,https://apply.workable.com/jkuat-enterprises-limited,0
workable,jnylander,https://apply.workable.com/jnylander,0
workable,jellysmack,https://apply.workable.com/jellysmack,0
workable,itac-1,https://apply.workable.com/itac-1,52
workable,joincatapult,https://apply.workable.com/joincatapult,0
workable,jmp-group,https://apply.workable.com/jmp-group,0
workable,jodayn-1,https://apply.workable.com/jodayn-1,11
workable,johnson-electric,https://apply.workable.com/johnson-electric,0
workable,ipex,https://apply.workable.com/ipex,0
workable,joyners,https://apply.workable.com/joyners,0
workable,intland,https://apply.workable.com/intland,0
workable,jaybro-hr,https://apply.workable.com/jaybro-hr,0
workable,karamolegos-bakery-s-dot-a,https://apply.workable.com/karamolegos-bakery-s-dot-a,16
workable,jobsxillium,https://apply.workable.com/jobsxillium,16
workable,kauaishoreshotel,https://apply.workable.com/kauaishoreshotel,0
workable,kcgcompanies,https://apply.workable.com/kcgcompanies,0
workable,just-for-kids-1,https://just-for-kids-1.workable.com,0
workable,jobicompany,https://apply.workable.com/jobicompany,11
workable,joinremotely,https://apply.workable.com/joinremotely,20
workable,justfare,https://apply.workable.com/justfare,0
workable,kingmaker-limited,apply.workable.com/kingmaker-limited,0
workable,kixie,https://apply.workable.com/kixie,0
workable,keydrop,apply.workable.com/keydrop,0
workable,jibble,https://apply.workable.com/jibble,0
workable,just-global,https://apply.workable.com/just-global,0
workable,job-assist-online,https://apply.workable.com/job-assist-online,0
workable,klm-careers-4,https://apply.workable.com/klm-careers-4,0
workable,juvconsulting,https://apply.workable.com/juvconsulting,0
workable,kksk-international,https://apply.workable.com/kksk-international,0
workable,kiln,https://apply.workable.com/kiln,0
workable,kobotoolbox,https://apply.workable.com/kobotoolbox,0
workable,kinsta,https://apply.workable.com/kinsta,0
workable,kuno-creative,https://apply.workable.com/kuno-creative,0
workable,konicaminoltabic,https://apply.workable.com/konicaminoltabic,0
workable,kitopi,https://apply.workable.com/kitopi,0
workable,kreyco,https://apply.workable.com/kreyco,4804
workable,lake-sunapee-vna,https://apply.workable.com/lake-sunapee-vna,12
workable,kate-farms,https://apply.workable.com/kate-farms,2
workable,lan-handling,https://apply.workable.com/lan-handling,18
workable,landtrust-title-services,https://apply.workable.com/landtrust-title-services,7
workable,leapfrog-services,https://apply.workable.com/leapfrog-services,0
workable,kinan-1,https://apply.workable.com/kinan-1,0
workable,legacy-food-group,apply.workable.com/legacy-food-group,8
workable,lets-do-this,https://apply.workable.com/lets-do-this,0
workable,kilter-group,https://apply.workable.com/kilter-group,1
workable,kwara-gmbh,https://apply.workable.com/kwara-gmbh,0
workable,level-group-anz,https://apply.workable.com/level-group-anz,41
workable,leead,https://apply.workable.com/leead,0
workable,liberum,https://apply.workable.com/liberum,7
workable,libgem,https://apply.workable.com/libgem,0
workable,lendiocareers,https://apply.workable.com/lendiocareers,0
workable,leadfornc,https://apply.workable.com/leadfornc,1
workable,lindsey-adelman-studio,https://apply.workable.com/lindsey-adelman-studio,0
workable,lev-digital,https://apply.workable.com/lev-digital,0
workable,legacypeople,apply.workable.com/legacypeople,36
workable,learner-education,https://apply.workable.com/learner-education,14
workable,legal-geek,https://apply.workable.com/legal-geek,0
workable,magnetic-london-creative-services-ltd,https://apply.workable.com/magnetic-london-creative-services-ltd,1
workable,marble,https://apply.workable.com/marble,0
workable,madcollective,https://apply.workable.com/madcollective,0
workable,markova-creative-limited,https://apply.workable.com/markova-creative-limited,0
workable,manobyte,https://apply.workable.com/manobyte,0
workable,market-logic-software,https://apply.workable.com/market-logic-software,0
workable,m-hospitality-1,apply.workable.com/m-hospitality-1,0
workable,manigo,https://apply.workable.com/manigo,0
workable,massmedia,https://apply.workable.com/massmedia,8
workable,mast,https://apply.workable.com/mast,0
workable,mastek-uk,https://apply.workable.com/mastek-uk,0
workable,m247-europe,apply.workable.com/m247-europe,0
workable,mastek-limited,https://apply.workable.com/mastek-limited,0
workable,matterhealth,https://apply.workable.com/matterhealth,1
workable,matterhealthcare,https://apply.workable.com/matterhealthcare,0
workable,lytegen-1,https://apply.workable.com/lytegen-1,786
workable,makan,apply.workable.com/makan,0
workable,maverick-digital,https://apply.workable.com/maverick-digital,0
workable,mavtek,https://apply.workable.com/mavtek,2
workable,mawla-team,https://apply.workable.com/mawla-team,0
workable,max-drive-1,https://apply.workable.com/max-drive-1,0
workable,mealshare,apply.workable.com/mealshare,0
workable,medchart,apply.workable.com/medchart,0
workable,mahabis,https://apply.workable.com/mahabis,0
workable,melwood-global,https://apply.workable.com/melwood-global,0
workable,meltwater,apply.workable.com/meltwater,0
workable,meilisearch,https://apply.workable.com/meilisearch,0
workable,mccann-ny,https://apply.workable.com/mccann-ny,0
workable,megagen-implants,https://apply.workable.com/megagen-implants,5
workable,merchantsavvy,https://apply.workable.com/merchantsavvy,0
workable,merchantsmetals,https://apply.workable.com/merchantsmetals,0
workable,manna-1,https://apply.workable.com/manna-1,11
workable,max-borges-agency,https://apply.workable.com/max-borges-agency,2
workable,mediix-recruitment,https://apply.workable.com/mediix-recruitment,507
workable,mercier-consultancy,https://apply.workable.com/mercier-consultancy,2330
workable,mercier-consultancy-group,apply.workable.com/mercier-consultancy-group,3404
workable,maxus-capital,apply.workable.com/maxus-capital,0
workable,mightyrhino,https://apply.workable.com/mightyrhino,0
workable,million-dollar-sellers,https://apply.workable.com/million-dollar-sellers,11
workable,millhill-child-and-family-development,https://apply.workable.com/millhill-child-and-family-development,0
workable,mileiq,https://apply.workable.com/mileiq,0
workable,mindtheproduct,https://apply.workable.com/mindtheproduct,0
workable,mmi-maritime-and-mercantile-international,apply.workable.com/mmi-maritime-and-mercantile-international,0
workable,microverse,https://apply.workable.com/microverse,0
workable,mobilize-io,https://apply.workable.com/mobilize-io,0
workable,migomoney,https://apply.workable.com/migomoney,0
workable,middleburycollege,https://apply.workable.com/middleburycollege,153
workable,mint-studios,https://apply.workable.com/mint-studios,5
workable,medwing,https://apply.workable.com/medwing,0
workable,memgraph,https://apply.workable.com/memgraph,0
workable,mobscene,https://apply.workable.com/mobscene,0
workable,modifi,https://apply.workable.com/modifi,4
workable,mirakl-careers,https://apply.workable.com/mirakl-careers,0
workable,modern,https://apply.workable.com/modern,0
workable,modern-message,https://apply.workable.com/modern-message,0
workable,modulus,https://apply.workable.com/modulus,0
workable,mmcventures,https://apply.workable.com/mmcventures,0
workable,mightier,https://apply.workable.com/mightier,0
workable,mixlr,https://apply.workable.com/mixlr,0
workable,moema-espresso,https://apply.workable.com/moema-espresso,0
workable,mighty-fine-burgers-friesand-shakes,https://apply.workable.com/mighty-fine-burgers-friesand-shakes,0
workable,moesif,https://apply.workable.com/moesif,0
workable,midstream-lighting,https://apply.workable.com/midstream-lighting,0
workable,mode-labs,https://apply.workable.com/mode-labs,1
workable,medmetry,https://apply.workable.com/medmetry,0
workable,mindful-transformation-llc,https://apply.workable.com/mindful-transformation-llc,0
workable,metaplex-studios,https://apply.workable.com/metaplex-studios,0
workable,monde-nissin-4,https://apply.workable.com/monde-nissin-4,0
workable,minderacraft,https://apply.workable.com/minderacraft,115
workable,moneyfellows,https://apply.workable.com/moneyfellows,0
workable,mono,https://apply.workable.com/mono,0
workable,monta1,https://apply.workable.com/monta1,0
workable,montana-construction,apply.workable.com/montana-construction,0
workable,montessori-country-day-school,https://apply.workable.com/montessori-country-day-school,0
workable,montreal-associates,apply.workable.com/montreal-associates,0
workable,meraki-global,https://apply.workable.com/meraki-global,33
workable,midwest-vision-partners,https://apply.workable.com/midwest-vision-partners,0
workable,motor-city-fireworks-1,https://apply.workable.com/motor-city-fireworks-1,0
workable,molecular-instruments,https://apply.workable.com/molecular-instruments,0
workable,mohawk-opportunities-inc,https://apply.workable.com/mohawk-opportunities-inc,7
workable,mercenary,apply.workable.com/mercenary,0
workable,millennium-5,https://apply.workable.com/millennium-5,10
workable,mind-friend,https://apply.workable.com/mind-friend,12
workable,multi-health-systems-inc,https://apply.workable.com/multi-health-systems-inc,0
workable,millingtonairport,https://apply.workable.com/millingtonairport,1
workable,myhealthtrack,https://apply.workable.com/myhealthtrack,0
workable,myhep-all,https://apply.workable.com/myhep-all,0
workable,muchbetteradventures,https://apply.workable.com/muchbetteradventures,1
workable,my-online-schooling,https://apply.workable.com/my-online-schooling,0
workable,n-is-for-nursery,https://apply.workable.com/n-is-for-nursery,0
workable,mira-construction-l-dot-l-c-1,https://apply.workable.com/mira-construction-l-dot-l-c-1,122
workable,multitudes-foundation,https://apply.workable.com/multitudes-foundation,0
workable,mygrant-glass,https://apply.workable.com/mygrant-glass,0
workable,naarg-data-media-services,https://apply.workable.com/naarg-data-media-services,0
workable,mullenlowegroupuk,https://apply.workable.com/mullenlowegroupuk,0
workable,mindray-north-america,apply.workable.com/mindray-north-america,0
workable,mimo,https://apply.workable.com/mimo,0
workable,msr-fsr,https://apply.workable.com/msr-fsr,68
workable,mountainfilm,https://apply.workable.com/mountainfilm,0
workable,napier,https://apply.workable.com/napier,0
workable,movingbrands,https://apply.workable.com/movingbrands,0
workable,nastos-vasileios,https://apply.workable.com/nastos-vasileios,0
workable,mydbsync,https://apply.workable.com/mydbsync,7
workable,mirai-labs,https://apply.workable.com/mirai-labs,0
workable,ncg-associates,apply.workable.com/ncg-associates,0
workable,mrsalice,https://apply.workable.com/mrsalice,0
workable,national-milk-producers-federation,https://apply.workable.com/national-milk-producers-federation,0
workable,namely,https://apply.workable.com/namely,0
workable,ndustrialio,https://apply.workable.com/ndustrialio,0
workable,mojisola-ng,https://apply.workable.com/mojisola-ng,0
workable,mo,https://apply.workable.com/mo,0
workable,mra-group,https://apply.workable.com/mra-group,0
workable,mustardgrain,https://apply.workable.com/mustardgrain,0
workable,mysoofa,https://apply.workable.com/mysoofa,0
workable,mrg-exams,https://apply.workable.com/mrg-exams,104
workable,nabstudio,https://apply.workable.com/nabstudio,0
workable,neuroglee-therapeutics,https://apply.workable.com/neuroglee-therapeutics,0
workable,mutexsystems,https://apply.workable.com/mutexsystems,0
workable,netmarbleus,https://apply.workable.com/netmarbleus,0
workable,music-workflow-academy,https://apply.workable.com/music-workflow-academy,0
workable,msa-outsourcing-solutions,https://apply.workable.com/msa-outsourcing-solutions,8
workable,neurohire-dot-a-i,https://apply.workable.com/neurohire-dot-a-i,0
workable,neuralspace,https://apply.workable.com/neuralspace,0
workable,mullinscheese,https://apply.workable.com/mullinscheese,0
workable,nelios,https://apply.workable.com/nelios,0
workable,neverware,https://neverware.workable.com,0
workable,nantucket-conservation-foundation,https://apply.workable.com/nantucket-conservation-foundation,0
workable,new-york-life-63,apply.workable.com/new-york-life-63,0
workable,new10,https://apply.workable.com/new10,1
workable,napster,https://apply.workable.com/napster,0
workable,nhfca,https://apply.workable.com/nhfca,44
workable,neomam-studios,https://apply.workable.com/neomam-studios,0
workable,new-york-life-iowa-office,apply.workable.com/new-york-life-iowa-office,0
workable,nebulab,https://apply.workable.com/nebulab,0
workable,nodle,https://apply.workable.com/nodle,0
workable,network-recruitment-agency-llc,https://apply.workable.com/network-recruitment-agency-llc,0
workable,noramtec-consultants,apply.workable.com/noramtec-consultants,0
workable,northampton-town-fc-community-trust,https://apply.workable.com/northampton-town-fc-community-trust,0
workable,noratech,https://apply.workable.com/noratech,0
workable,norbloc-se,https://apply.workable.com/norbloc-se,0
workable,neuralflex-ai,apply.workable.com/neuralflex-ai,0
workable,neutreeno-1,https://apply.workable.com/neutreeno-1,4
workable,nortek,https://apply.workable.com/nortek,0
workable,nounproject,https://apply.workable.com/nounproject,0
workable,nhhumanities,https://apply.workable.com/nhhumanities,0
workable,norfolk-county,https://apply.workable.com/norfolk-county,9
workable,numerica-performing-arts-center,https://apply.workable.com/numerica-performing-arts-center,0
workable,nubrakes,https://apply.workable.com/nubrakes,0
workable,nextgen-global-executive-search,https://apply.workable.com/nextgen-global-executive-search,0
workable,nuvi,https://apply.workable.com/nuvi,0
workable,o2store,https://apply.workable.com/o2store,0
workable,numa-networks,https://apply.workable.com/numa-networks,0
workable,nyc-muslim-center,https://apply.workable.com/nyc-muslim-center,0
workable,nology,https://apply.workable.com/nology,13
workable,oliverjamesgroup,https://apply.workable.com/oliverjamesgroup,0
workable,ollie-order,https://apply.workable.com/ollie-order,0
workable,olmero,https://apply.workable.com/olmero,0
workable,nlgroup,https://apply.workable.com/nlgroup,0
workable,omah,https://apply.workable.com/omah,0
workable,omaiven,https://apply.workable.com/omaiven,0
workable,ombraz,https://apply.workable.com/ombraz,0
workable,omers-ventures,https://omers-ventures.workable.com,0
workable,omilia-natural-language-solutions-ua-ltd,https://apply.workable.com/omilia-natural-language-solutions-ua-ltd,78
workable,omnigo,https://apply.workable.com/omnigo,0
workable,olive,https://apply.workable.com/olive,0
workable,on-the-fly-pest-solutions,https://apply.workable.com/on-the-fly-pest-solutions,0
workable,one-2-one-computer-services-inc,apply.workable.com/one-2-one-computer-services-inc,4
workable,one-avenue-group-7,https://apply.workable.com/one-avenue-group-7,0
workable,one-legal-2,https://apply.workable.com/one-legal-2,0
workable,one-year-no-beer,https://apply.workable.com/one-year-no-beer,0
workable,oneplus-north-america,https://apply.workable.com/oneplus-north-america,0
workable,onbeam,https://apply.workable.com/onbeam,4
workable,o2obots,https://apply.workable.com/o2obots,0
workable,norgine-2,https://apply.workable.com/norgine-2,13
workable,onio,https://apply.workable.com/onio,0
workable,one-design-company,https://apply.workable.com/one-design-company,0
workable,oneview-healthcare-plc,apply.workable.com/oneview-healthcare-plc,0
workable,onlogic,apply.workable.com/onlogic,0
workable,one-voice-movement,https://apply.workable.com/one-voice-movement,0
workable,omnidata,https://apply.workable.com/omnidata,0
workable,omen,apply.workable.com/omen,0
workable,nuvologicconsulting,https://apply.workable.com/nuvologicconsulting,7
workable,nyacoc,https://nyacoc.workable.com,0
workable,orange-grove,https://apply.workable.com/orange-grove,0
workable,orahq,https://orahq.workable.com,0
workable,orgmento,https://apply.workable.com/orgmento,0
workable,nopsec-inc,https://apply.workable.com/nopsec-inc,0
workable,nomi,https://apply.workable.com/nomi,0
workable,noona-healthcare,https://noona-healthcare.workable.com,0
workable,ocean-networks,https://apply.workable.com/ocean-networks,0
workable,outside,https://apply.workable.com/outside,0
workable,optisigns-inc,https://apply.workable.com/optisigns-inc,24
workable,outward,https://apply.workable.com/outward,0
workable,ovalmoney,https://ovalmoney.workable.com,0
workable,outreach360,https://apply.workable.com/outreach360,0
workable,orsanna,https://apply.workable.com/orsanna,0
workable,outdefine-1,https://apply.workable.com/outdefine-1,0
workable,optimal-digital-marketing,https://apply.workable.com/optimal-digital-marketing,0
workable,p-net,https://apply.workable.com/p-net,0
workable,organox,https://apply.workable.com/organox,29
workable,over-the-moon-1,https://apply.workable.com/over-the-moon-1,4
workable,pactera-singapore-pte-ltd,apply.workable.com/pactera-singapore-pte-ltd,0
workable,optimumcx,https://apply.workable.com/optimumcx,0
workable,paradigm-pd,https://apply.workable.com/paradigm-pd,26
workable,outstandingfoods,https://apply.workable.com/outstandingfoods,0
workable,oto,https://apply.workable.com/oto,0
workable,patona,https://apply.workable.com/patona,0
workable,paladin-ai,https://apply.workable.com/paladin-ai,0
workable,our-future-health,https://apply.workable.com/our-future-health,12
workable,parenthetic,https://apply.workable.com/parenthetic,0
workable,pawlicy,https://apply.workable.com/pawlicy,0
workable,paradigm-info,https://apply.workable.com/paradigm-info,0
workable,pan-american-grain,https://apply.workable.com/pan-american-grain,27
workable,pavefintech,https://apply.workable.com/pavefintech,0
workable,pawame,https://apply.workable.com/pawame,0
workable,paxful-inc,https://apply.workable.com/paxful-inc,0
workable,patron,https://apply.workable.com/patron,0
workable,pacific-health-group,https://apply.workable.com/pacific-health-group,120
workable,pco,https://apply.workable.com/pco,0
workable,pcrk-group,https://apply.workable.com/pcrk-group,0
workable,othaim-holding,apply.workable.com/othaim-holding,0
workable,osii,https://apply.workable.com/osii,0
workable,pele-energy-group,https://apply.workable.com/pele-energy-group,1
workable,overmind,https://apply.workable.com/overmind,0
workable,organic-clicks-llc,https://organic-clicks-llc.workable.com,0
workable,parried,https://apply.workable.com/parried,0
workable,persuit-1,https://apply.workable.com/persuit-1,1
workable,pilcrow,apply.workable.com/pilcrow,0
workable,people4undp,https://apply.workable.com/people4undp,0
workable,pixlrgroup,https://apply.workable.com/pixlrgroup,26
workable,planet,https://apply.workable.com/planet,0
workable,pledge,https://apply.workable.com/pledge,0
workable,plentific,https://apply.workable.com/plentific,0
workable,plutra-quantitative-trading,apply.workable.com/plutra-quantitative-trading,0
workable,perl-mortgage,https://perl-mortgage.workable.com,0
workable,praecipio,https://apply.workable.com/praecipio,0
workable,preface-holdings,https://apply.workable.com/preface-holdings,0
workable,pragmagiclabs,https://apply.workable.com/pragmagiclabs,0
workable,petlab-co,https://apply.workable.com/petlab-co,6
workable,pod-point,https://apply.workable.com/pod-point,0
workable,pethonesty,https://apply.workable.com/pethonesty,0
workable,prime-services-4,https://apply.workable.com/prime-services-4,0
workable,premium-health-staffing,https://apply.workable.com/premium-health-staffing,0
workable,practicematch,https://apply.workable.com/practicematch,0
workable,pointr,https://apply.workable.com/pointr,0
workable,pixelated-noise-ltd,https://apply.workable.com/pixelated-noise-ltd,0
workable,podium,https://apply.workable.com/podium,0
workable,prismplus,https://apply.workable.com/prismplus,71
workable,phasorengineering,https://apply.workable.com/phasorengineering,58
workable,plum-inc,https://apply.workable.com/plum-inc,2
workable,prestage,https://apply.workable.com/prestage,55
workable,proxyclick,https://apply.workable.com/proxyclick,0
workable,prostar-services-inc,https://apply.workable.com/prostar-services-inc,0
workable,places-for-less,apply.workable.com/places-for-less,0
workable,psycholate,https://apply.workable.com/psycholate,0
workable,pulsepoint,https://apply.workable.com/pulsepoint,0
workable,qualifio,https://apply.workable.com/qualifio,0
workable,qracorp,https://apply.workable.com/qracorp,0
workable,pooperacyjne1,https://apply.workable.com/pooperacyjne1,0
workable,qualicom,apply.workable.com/qualicom,0
workable,poq,https://apply.workable.com/poq,0
workable,qualcogroup,https://apply.workable.com/qualcogroup,50
workable,quanta-canada-renewables,https://apply.workable.com/quanta-canada-renewables,3
workable,porkepic,https://apply.workable.com/porkepic,0
workable,promaster-home-repair-and-handyman,https://apply.workable.com/promaster-home-repair-and-handyman,1
workable,portless,https://apply.workable.com/portless,12
workable,quickrelease,https://apply.workable.com/quickrelease,26
workable,queen-anna-house-of-fashion,apply.workable.com/queen-anna-house-of-fashion,0
workable,projectfitter,https://apply.workable.com/projectfitter,0
workable,quintessential-sft,https://apply.workable.com/quintessential-sft,0
workable,protec-dental-laboratories,apply.workable.com/protec-dental-laboratories,0
workable,qurba,apply.workable.com/qurba,0
workable,quickhireva,https://apply.workable.com/quickhireva,0
workable,ptm-promotional,https://ptm-promotional.workable.com,0
workable,reborrn,https://apply.workable.com/reborrn,3
workable,recruitloop,apply.workable.com/recruitloop,0
workable,real-academy,https://apply.workable.com/real-academy,0
workable,reembed,https://apply.workable.com/reembed,0
workable,reflex-md,https://apply.workable.com/reflex-md,0
workable,quickteam,https://apply.workable.com/quickteam,39
workable,quiddity,https://apply.workable.com/quiddity,0
workable,resola,https://apply.workable.com/resola,0
workable,qwick,https://apply.workable.com/qwick,0
workable,rassini,https://apply.workable.com/rassini,0
workable,retail-circle,apply.workable.com/retail-circle,0
workable,renewell-energy,https://apply.workable.com/renewell-energy,0
workable,royaldocksbrewing,https://royaldocksbrewing.workable.com,0
workable,rendering-labs,https://apply.workable.com/rendering-labs,0
workable,saeki,apply.workable.com/saeki,0
workable,rippleworks,https://rippleworks.workable.com,0
workable,samacoaching,apply.workable.com/samacoaching,16
workable,sanford-health,apply.workable.com/sanford-health,0
workable,research-collaborative,https://apply.workable.com/research-collaborative,0
workable,rareloop,https://apply.workable.com/rareloop,0
workable,sandemans-new-europe,apply.workable.com/sandemans-new-europe,0
workable,rutledge-healthcare,apply.workable.com/rutledge-healthcare,0
workable,sasmar,apply.workable.com/sasmar,14
workable,save-more-marketplace-1,apply.workable.com/save-more-marketplace-1,5
workable,resy-1,apply.workable.com/resy-1,0
workable,sayweee,apply.workable.com/sayweee,0
workable,salina,apply.workable.com/salina,0
workable,scoopit,https://scoopit.workable.com,0
workable,sealy-mattress-middle-east,apply.workable.com/sealy-mattress-middle-east,0
workable,scalesource-1,apply.workable.com/scalesource-1,77
workable,runna,apply.workable.com/runna,0
workable,san-diego-county-regional-airport-authority,apply.workable.com/san-diego-county-regional-airport-authority,2
workable,secret-6,apply.workable.com/secret-6,0
workable,shapeways-25,apply.workable.com/shapeways-25,5
workable,roundtrip-travel,apply.workable.com/roundtrip-travel,0
workable,seeq,apply.workable.com/seeq,23
workable,risingedgegroup,apply.workable.com/risingedgegroup,57
workable,sapsol-technologies-inc-7,apply.workable.com/sapsol-technologies-inc-7,280
workable,saberr,https://saberr.workable.com,0
workable,sand-cherry-associates-1,apply.workable.com/sand-cherry-associates-1,16
workable,slp,apply.workable.com/slp,50
workable,sidekicktool,apply.workable.com/sidekicktool,12
workable,sime-darby-property-berhad,apply.workable.com/sime-darby-property-berhad,0
workable,serko-ltd,apply.workable.com/serko-ltd,32
workable,simpay,apply.workable.com/simpay,0
workable,softway-1,https://apply.workable.com/softway-1,0
workable,singulier,apply.workable.com/singulier,12
workable,spacee,https://apply.workable.com/spacee,0
workable,southern-national,https://apply.workable.com/southern-national,194
workable,snfcc,https://apply.workable.com/snfcc,0
workable,spark-thermionics-inc,https://apply.workable.com/spark-thermionics-inc,0
workable,spark-shipping,https://apply.workable.com/spark-shipping,0
workable,sparrow-ventures,https://apply.workable.com/sparrow-ventures,0
workable,sparklayer,https://apply.workable.com/sparklayer,0
workable,splendid-communications,https://apply.workable.com/splendid-communications,0
workable,southern-new-hampshire-university,https://apply.workable.com/southern-new-hampshire-university,0
workable,spt-groups,apply.workable.com/spt-groups,0
workable,sketchdeckers,https://sketchdeckers.workable.com,0
workable,squadx,https://apply.workable.com/squadx,0
workable,ssco,https://apply.workable.com/ssco,6
workable,sprintlaw,https://apply.workable.com/sprintlaw,0
workable,smartlablearning,apply.workable.com/smartlablearning,0
workable,sterling-financial-partners,https://apply.workable.com/sterling-financial-partners,0
workable,sourcedbox,https://sourcedbox.workable.com,0
workable,stalis,https://apply.workable.com/stalis,0
workable,soft-flex-company,https://apply.workable.com/soft-flex-company,0
workable,staylist,https://apply.workable.com/staylist,0
workable,streetsolutions,https://apply.workable.com/streetsolutions,0
workable,stirling-ackroyd-group,https://apply.workable.com/stirling-ackroyd-group,0
workable,style-crest-inc,https://apply.workable.com/style-crest-inc,0
workable,swyg,apply.workable.com/swyg,0
workable,structureflow,https://apply.workable.com/structureflow,0
workable,sugar-hollow,https://sugar-hollow.workable.com,0
workable,talklocal,https://talklocal.workable.com,0
workable,texas-physical-therapy-specialists,https://apply.workable.com/texas-physical-therapy-specialists,0
workable,talentxo-3,https://apply.workable.com/talentxo-3,0
workable,teragonia,https://apply.workable.com/teragonia,4
workable,suppliedtalent,apply.workable.com/suppliedtalent,92
workable,the-dot-group-2,https://apply.workable.com/the-dot-group-2,2
workable,terabase-energy,https://apply.workable.com/terabase-energy,53
workable,thedatashed,https://apply.workable.com/thedatashed,0
workable,technexus,https://apply.workable.com/technexus,0
workable,the-working-assembly,https://apply.workable.com/the-working-assembly,0
workable,tillvaxt,https://apply.workable.com/tillvaxt,0
workable,the-asian-american-foundation,https://apply.workable.com/the-asian-american-foundation,3
workable,the-tara-group-llc,https://apply.workable.com/the-tara-group-llc,1
workable,the-local-project-tlp,https://apply.workable.com/the-local-project-tlp,6
workable,tomoro-ai,apply.workable.com/tomoro-ai,24
workable,the-joy-club,https://apply.workable.com/the-joy-club,0
workable,thorlabs,https://apply.workable.com/thorlabs,65
workable,transcend-spatial-solutions-llc,https://apply.workable.com/transcend-spatial-solutions-llc,0
workable,trp-infrastructures,https://apply.workable.com/trp-infrastructures,65
workable,toucantech,https://apply.workable.com/toucantech,0
workable,truevault,https://apply.workable.com/truevault,0
workable,tourism-technology-co,https://apply.workable.com/tourism-technology-co,0
workable,tsia,https://apply.workable.com/tsia,0
workable,tos,https://apply.workable.com/tos,0
workable,ultimate-peaks,apply.workable.com/ultimate-peaks,17
workable,ursa-major-vt,https://apply.workable.com/ursa-major-vt,2
workable,ungagged,https://apply.workable.com/ungagged,0
workable,velstar,https://apply.workable.com/velstar,0
workable,ungerware,https://apply.workable.com/ungerware,0
workable,visionary-hr-solutions,https://apply.workable.com/visionary-hr-solutions,0
workable,ups,https://apply.workable.com/ups,0
workable,vitesse-psp,https://apply.workable.com/vitesse-psp,6
workable,venture-global-engineering,apply.workable.com/venture-global-engineering,0
workable,western-construction-group,apply.workable.com/western-construction-group,0
workable,vitalhire,https://apply.workable.com/vitalhire,0
workable,weybourne-group,apply.workable.com/weybourne-group,5
workable,velsera,https://apply.workable.com/velsera,11
workable,veteos,https://apply.workable.com/veteos,0
workable,west-wing-writers,https://west-wing-writers.workable.com,1
workable,what-if,apply.workable.com/what-if,0
workable,whiterabbit,apply.workable.com/whiterabbit,0
workable,whitespectre,apply.workable.com/whitespectre,2
workable,webook,apply.workable.com/webook,101
workable,wasserman-1,apply.workable.com/wasserman-1,0
workable,wilkinguttenplan,apply.workable.com/wilkinguttenplan,3
workable,winning-assistants,apply.workable.com/winning-assistants,43
workable,vulcan,https://apply.workable.com/vulcan,27
workable,vivira,https://apply.workable.com/vivira,0
workable,walnut,https://apply.workable.com/walnut,0
workable,workoid,https://apply.workable.com/workoid,0
workable,working-solutions,https://apply.workable.com/working-solutions,0
workable,worcestershire-county-cricket-club,https://apply.workable.com/worcestershire-county-cricket-club,3
workable,world-of-oorja,https://apply.workable.com/world-of-oorja,0
workable,workx-middle-east-fzc-llc,apply.workable.com/workx-middle-east-fzc-llc,0
workable,yellowleaf,apply.workable.com/yellowleaf,0
workable,zaintech,apply.workable.com/zaintech,46
workable,worldwide-business-research-2,https://apply.workable.com/worldwide-business-research-2,0
workable,workstead,https://apply.workable.com/workstead,0
workable,wepower-network,https://wepower-network.workable.com,0
workable,world-hope-international,https://apply.workable.com/world-hope-international,0
workable,weatherbug,apply.workable.com/weatherbug,0
workable,zipline-io,apply.workable.com/zipline-io,7
workable,zoey,https://zoey.workable.com,0
workable,wvscourses,https://apply.workable.com/wvscourses,0
workable,zerolabs,apply.workable.com/zerolabs,0
workable,zestprep,apply.workable.com/zestprep,0
workable,ziyut-al-adaa,apply.workable.com/ziyut-al-adaa,5
workable,zoopla,apply.workable.com/zoopla,6
workable,anand-systems-engineering-pvt-dot-l-td-dot-mumbai,apply.workable.com/anand-systems-engineering-pvt-dot-l-td-dot-mumbai,0
workable,anything,apply.workable.com/anything,0
workable,anytimefitness,apply.workable.com/anytimefitness,0
workable,apple-restoration-and-waterproofing,apply.workable.com/apple-restoration-and-waterproofing,0
workable,ariva-hospitality,apply.workable.com/ariva-hospitality,0
workable,axle-energy,apply.workable.com/axle-energy,0
workable,asi-student-government,apply.workable.com/asi-student-government,0
workable,aussie-founders-club,apply.workable.com/aussie-founders-club,0
workable,automarketco,apply.workable.com/automarketco,0
workable,axiom-software-solution,apply.workable.com/axiom-software-solution,0
workable,basetwo,apply.workable.com/basetwo,6
workable,averi,apply.workable.com/averi,0
workable,avoma,apply.workable.com/avoma,0
workable,avomind,apply.workable.com/avomind,425
workable,beauty-industry-group-gmbhand-co-kg,apply.workable.com/beauty-industry-group-gmbhand-co-kg,0
workable,axomic-ltd,apply.workable.com/axomic-ltd,0
workable,beanstalk,apply.workable.com/beanstalk,0
workable,batgroup,apply.workable.com/batgroup,7
workable,ballotpedia,apply.workable.com/ballotpedia,1
workable,bananas-marketing,apply.workable.com/bananas-marketing,0
workable,backroomoffshoringinc,apply.workable.com/backroomoffshoringinc,0
workable,bank-of-jordan,apply.workable.com/bank-of-jordan,37
workable,betterhomes,apply.workable.com/betterhomes,365
workable,bahwan-cybertek-group,apply.workable.com/bahwan-cybertek-group,0
workable,bfw,apply.workable.com/bfw,0
workable,big-viking-games,apply.workable.com/big-viking-games,0
workable,bgc-group-1,apply.workable.com/bgc-group-1,0
workable,bitaccess,apply.workable.com/bitaccess,0
workable,bipventures,apply.workable.com/bipventures,2
workable,bluegr-hotelsand-resorts,apply.workable.com/bluegr-hotelsand-resorts,8
workable,big-picture-medical,apply.workable.com/big-picture-medical,0
workable,biztory,apply.workable.com/biztory,2
workable,bites-media,apply.workable.com/bites-media,0
workable,bjak-1,apply.workable.com/bjak-1,10
workable,blabs,apply.workable.com/blabs,14
workable,blu-selection-4,apply.workable.com/blu-selection-4,0
workable,beeflow,apply.workable.com/beeflow,47
workable,bookwithmel,apply.workable.com/bookwithmel,2
workable,blackbullion,apply.workable.com/blackbullion,0
workable,beond,apply.workable.com/beond,8
workable,blueprint-health,apply.workable.com/blueprint-health,0
workable,bme-strategies,apply.workable.com/bme-strategies,10
workable,beckett-collectibles,apply.workable.com/beckett-collectibles,0
workable,bnm,apply.workable.com/bnm,0
workable,botrista,apply.workable.com/botrista,4
workable,bnberry,apply.workable.com/bnberry,33
workable,boca-recovery,apply.workable.com/boca-recovery,111
workable,bookvoice,apply.workable.com/bookvoice,0
workable,bmgt,apply.workable.com/bmgt,28
workable,bp3,apply.workable.com/bp3,1
workable,bff,apply.workable.com/bff,11
workable,bluehost,apply.workable.com/bluehost,0
workable,branchingminds,apply.workable.com/branchingminds,0
workable,bump-health,apply.workable.com/bump-health,5
workable,bremer-whyte-brownand-omeara-llp,apply.workable.com/bremer-whyte-brownand-omeara-llp,15
workable,bountyjobscareers,apply.workable.com/bountyjobscareers,0
workable,buzzbike,apply.workable.com/buzzbike,0
workable,bizee,apply.workable.com/bizee,3
workable,broadwick,apply.workable.com/broadwick,7
workable,brixio,apply.workable.com/brixio,0
workable,broadwaygaming,apply.workable.com/broadwaygaming,0
workable,blacktreegaming,apply.workable.com/blacktreegaming,0
workable,blue-nile,apply.workable.com/blue-nile,35
workable,brij,apply.workable.com/brij,0
workable,bydrec,apply.workable.com/bydrec,0
workable,blew,apply.workable.com/blew,140
workable,bw-energy,apply.workable.com/bw-energy,11
workable,bwise-media-ag,apply.workable.com/bwise-media-ag,7
workable,busplanner,apply.workable.com/busplanner,8
workable,catchafire,apply.workable.com/catchafire,0
workable,city-fund,apply.workable.com/city-fund,0
workable,celmatix,apply.workable.com/celmatix,0
workable,catalog,apply.workable.com/catalog,0
workable,casting-workbook-1,apply.workable.com/casting-workbook-1,0
workable,career-shaper,apply.workable.com/career-shaper,0
workable,cata,apply.workable.com/cata,0
workable,cielo,apply.workable.com/cielo,0
workable,bun,apply.workable.com/bun,0
workable,celcom-solutions,apply.workable.com/celcom-solutions,0
workable,carr-recruiting,apply.workable.com/carr-recruiting,0
workable,catawiki,apply.workable.com/catawiki,0
workable,chronocam,apply.workable.com/chronocam,0
workable,condense-reality,https://apply.workable.com/condense-reality,0
workable,classcard,https://apply.workable.com/classcard,0
workable,community-hospital-corporation,https://apply.workable.com/community-hospital-corporation,10
workable,cimolai-rimond-middle-east,apply.workable.com/cimolai-rimond-middle-east,0
workable,communities-united-for-restorative-youth-justice-curyj,https://apply.workable.com/communities-united-for-restorative-youth-justice-curyj,0
workable,connexity,https://apply.workable.com/connexity,9
workable,comsyscx,https://apply.workable.com/comsyscx,0
workable,compassion-in-world-farming-inc,https://apply.workable.com/compassion-in-world-farming-inc,0
workable,contactsmarter,https://apply.workable.com/contactsmarter,0
workable,confused-com,https://apply.workable.com/confused-com,0
workable,confiant,https://confiant.workable.com,0
workable,connectad,https://apply.workable.com/connectad,1
workable,controlled-combustion,https://apply.workable.com/controlled-combustion,0
workable,coincentral,https://apply.workable.com/coincentral,0
workable,concierge-services-inc,https://apply.workable.com/concierge-services-inc,0
workable,construct-education,https://apply.workable.com/construct-education,0
workable,commxp-it-solution-ltd,apply.workable.com/commxp-it-solution-ltd,0
workable,consilience-ventures,https://apply.workable.com/consilience-ventures,0
workable,connectify,https://apply.workable.com/connectify,0
workable,companyname,https://apply.workable.com/companyname,0
workable,conseev,https://apply.workable.com/conseev,0
workable,concentric,https://apply.workable.com/concentric,0
workable,consonance,https://apply.workable.com/consonance,0
workable,cooperative-systems,https://apply.workable.com/cooperative-systems,0
workable,concierge-auctions,https://apply.workable.com/concierge-auctions,0
workable,conversion,https://apply.workable.com/conversion,0
workable,consensus-digital,https://apply.workable.com/consensus-digital,0
workable,continuumcloud,https://apply.workable.com/continuumcloud,0
workable,conquerww,https://apply.workable.com/conquerww,0
workable,congo-brands,https://apply.workable.com/congo-brands,0
workable,connected-kerb,https://apply.workable.com/connected-kerb,1
workable,convergent-careers,https://apply.workable.com/convergent-careers,5
workable,copycentral,https://apply.workable.com/copycentral,4
workable,consensus,https://apply.workable.com/consensus,0
workable,core-catalysts,https://apply.workable.com/core-catalysts,0
workable,cosy-hauz,https://apply.workable.com/cosy-hauz,7
workable,coschedule,https://apply.workable.com/coschedule,0
workable,coresite,https://apply.workable.com/coresite,0
workable,copilotadvisor,apply.workable.com/copilotadvisor,0
workable,continental-disc-corporation,https://apply.workable.com/continental-disc-corporation,0
workable,corus-health-2,https://apply.workable.com/corus-health-2,0
workable,converge-consulting-1,https://converge-consulting-1.workable.com,0
workable,convosphere,https://apply.workable.com/convosphere,2
workable,coreplan,https://apply.workable.com/coreplan,0
workable,costa-navarino,https://apply.workable.com/costa-navarino,76
workable,cookpad,https://apply.workable.com/cookpad,0
workable,cortilia,https://apply.workable.com/cortilia,0
workable,coolmath,https://apply.workable.com/coolmath,0
workable,core-apps,https://apply.workable.com/core-apps,0
workable,corigin-ventures,https://apply.workable.com/corigin-ventures,0
workable,covid-collaborative,https://apply.workable.com/covid-collaborative,0
workable,craftedthoughts,https://apply.workable.com/craftedthoughts,0
workable,cornerstonefs,https://apply.workable.com/cornerstonefs,0
workable,crayon-data,https://apply.workable.com/crayon-data,0
workable,cpt-global,https://apply.workable.com/cpt-global,0
workable,covve,https://covve.workable.com,0
workable,corzly,https://apply.workable.com/corzly,1
workable,covenant-technologies,https://apply.workable.com/covenant-technologies,0
workable,cranfield-aerospace-solutions,https://apply.workable.com/cranfield-aerospace-solutions,0
workable,createmaster,https://apply.workable.com/createmaster,0
workable,cos,https://apply.workable.com/cos,0
workable,criticalforce,https://apply.workable.com/criticalforce,0
workable,crashline,https://apply.workable.com/crashline,0
workable,creative-clicks-1,https://apply.workable.com/creative-clicks-1,0
workable,cropx,https://apply.workable.com/cropx,3
workable,credera-uk,https://apply.workable.com/credera-uk,0
workable,credrails,https://apply.workable.com/credrails,0
workable,crownrfg,https://apply.workable.com/crownrfg,0
workable,crewbloom,https://apply.workable.com/crewbloom,485
workable,crisistextline,https://apply.workable.com/crisistextline,0
workable,crio,https://apply.workable.com/crio,0
workable,cresilon,https://apply.workable.com/cresilon,8
workable,crisp-thinking,https://apply.workable.com/crisp-thinking,0
workable,crop-photo-at-evolphin,https://apply.workable.com/crop-photo-at-evolphin,2
workable,critizr,https://critizr.workable.com,0
workable,crossjoin-solutions,https://apply.workable.com/crossjoin-solutions,0
workable,cv-library-2,https://apply.workable.com/cv-library-2,8
workable,customs4trade,https://apply.workable.com/customs4trade,4
workable,crunchies-fried-chicken-ltd,https://apply.workable.com/crunchies-fried-chicken-ltd,0
workable,crushempire,https://crushempire.workable.com,0
workable,cryptocompare-1,https://apply.workable.com/cryptocompare-1,0
workable,cynet-corp,https://apply.workable.com/cynet-corp,57
workable,cstreet-campaigns-1,https://apply.workable.com/cstreet-campaigns-1,0
workable,cypris-1,https://apply.workable.com/cypris-1,0
workable,dagshub,https://apply.workable.com/dagshub,0
workable,dairy-management-inc-1,https://apply.workable.com/dairy-management-inc-1,9
workable,dalco-solutions-1,https://apply.workable.com/dalco-solutions-1,0
workable,daystar-power-group,https://apply.workable.com/daystar-power-group,8
workable,data-values,https://apply.workable.com/data-values,0
workable,databox,https://apply.workable.com/databox,0
workable,dcadvisory,https://apply.workable.com/dcadvisory,0
workable,dc-enterprises-career,https://apply.workable.com/dc-enterprises-career,3
workable,dashrobotics,https://dashrobotics.workable.com,0
workable,dcoh,https://apply.workable.com/dcoh,22
workable,dbox,apply.workable.com/dbox,0
workable,de,https://apply.workable.com/de,0
workable,decathlon-romania,https://apply.workable.com/decathlon-romania,0
workable,daisie,https://apply.workable.com/daisie,0
workable,debiopharm,https://apply.workable.com/debiopharm,8
workable,deepcrawl-1,https://apply.workable.com/deepcrawl-1,0
workable,dealmed,https://apply.workable.com/dealmed,0
workable,decathlon-sg,https://apply.workable.com/decathlon-sg,36
workable,deepmirror,https://apply.workable.com/deepmirror,1
workable,deathfun,https://apply.workable.com/deathfun,0
workable,dark,https://apply.workable.com/dark,0
workable,deko,https://apply.workable.com/deko,0
workable,denim-coffee-company,https://apply.workable.com/denim-coffee-company,0
workable,dd,https://apply.workable.com/dd,0
workable,delabie,https://apply.workable.com/delabie,0
workable,deputi,https://apply.workable.com/deputi,0
workable,deployteq,https://apply.workable.com/deployteq,7
workable,derniercri,https://derniercri.workable.com,0
workable,demo-s-dot-a,https://apply.workable.com/demo-s-dot-a,24
workable,dental-associates,https://apply.workable.com/dental-associates,1
workable,devoted-studios-1,https://apply.workable.com/devoted-studios-1,30
workable,dev-pro-talent,https://apply.workable.com/dev-pro-talent,0
workable,desklodge1,https://apply.workable.com/desklodge1,0
workable,dephy,https://apply.workable.com/dephy,0
workable,designer-paws-salon,https://apply.workable.com/designer-paws-salon,2
workable,devsquad,https://apply.workable.com/devsquad,2
workable,digital-forge,https://apply.workable.com/digital-forge,0
workable,dgbz,https://apply.workable.com/dgbz,0
workable,digital-control,https://apply.workable.com/digital-control,11
workable,digital-aid,apply.workable.com/digital-aid,0
workable,dew-software,https://apply.workable.com/dew-software,0
workable,dirty-martini-marketing,https://apply.workable.com/dirty-martini-marketing,0
workable,dobility-surveycto,https://apply.workable.com/dobility-surveycto,0
workable,doc2build-1,https://apply.workable.com/doc2build-1,0
workable,dogcancer,https://apply.workable.com/dogcancer,0
workable,doctible,https://apply.workable.com/doctible,0
workable,dmsltd,https://apply.workable.com/dmsltd,0
workable,dmb-insurance-agency,https://apply.workable.com/dmb-insurance-agency,0
workable,dof,https://apply.workable.com/dof,79
workable,doingud,https://apply.workable.com/doingud,0
workable,dodge-construction-network,https://apply.workable.com/dodge-construction-network,19
workable,docyt,https://apply.workable.com/docyt,8
workable,dockyard,https://apply.workable.com/dockyard,0
workable,dodobrands,https://apply.workable.com/dodobrands,0
workable,dof-management,https://apply.workable.com/dof-management,0
workable,dohands-company,https://apply.workable.com/dohands-company,0
workable,domain-tools,https://apply.workable.com/domain-tools,9
workable,donna,https://apply.workable.com/donna,12
workable,done-well-trailerand-body,https://apply.workable.com/done-well-trailerand-body,0
workable,doozy-robotics-1,https://apply.workable.com/doozy-robotics-1,0
workable,dpg,apply.workable.com/dpg,0
workable,dojo-1,https://apply.workable.com/dojo-1,0
workable,dr-ora-1,https://apply.workable.com/dr-ora-1,0
workable,drovo,https://apply.workable.com/drovo,0
workable,dr-tavel,https://apply.workable.com/dr-tavel,0
workable,drive-dedicated,https://apply.workable.com/drive-dedicated,0
workable,drbalcony,https://apply.workable.com/drbalcony,0
workable,drdoctor,https://apply.workable.com/drdoctor,0
workable,dopay-1,https://apply.workable.com/dopay-1,0
workable,doodle,https://apply.workable.com/doodle,0
workable,divio,https://apply.workable.com/divio,0
workable,double-dot,https://apply.workable.com/double-dot,0
workable,dotsee-web-services,https://apply.workable.com/dotsee-web-services,0
workable,double-eleven,https://apply.workable.com/double-eleven,7
workable,doso,https://doso.workable.com,0
workable,duke-corporate-education,https://apply.workable.com/duke-corporate-education,6
workable,dof-subsea,https://apply.workable.com/dof-subsea,0
workable,dohe-group,https://apply.workable.com/dohe-group,0
workable,dyson-farming,https://apply.workable.com/dyson-farming,13
workable,dyode,https://apply.workable.com/dyode,0
workable,ei3-corporation,apply.workable.com/ei3-corporation,0
workable,e8-engineering,apply.workable.com/e8-engineering,0
workable,economiworks,https://economiworks.workable.com,0
workable,education-perfect,apply.workable.com/education-perfect,8
workable,eduk,https://eduk.workable.com,0
workable,edge,https://edge.workable.com,0
workable,eden-geopower,apply.workable.com/eden-geopower,6
workable,element-consulting-group,https://apply.workable.com/element-consulting-group,0
workable,electrum,https://apply.workable.com/electrum,17
workable,electrameccanica,https://apply.workable.com/electrameccanica,0
workable,elite-skills-academy,https://elite-skills-academy.workable.com,0
workable,elios-media-group,https://apply.workable.com/elios-media-group,0
workable,elvtrcom,https://apply.workable.com/elvtrcom,101
workable,elsewedy-electric-psp,apply.workable.com/elsewedy-electric-psp,0
workable,edpuzzle,https://edpuzzle.workable.com,0
workable,ella-hotels-and-resorts,https://apply.workable.com/ella-hotels-and-resorts,90
workable,ego-pulse,https://ego-pulse.workable.com,0
workable,ellaexecutivesearch,https://apply.workable.com/ellaexecutivesearch,3
workable,empite,https://apply.workable.com/empite,0
workable,employer-direct-healthcare,https://apply.workable.com/employer-direct-healthcare,0
workable,elementlpower,https://apply.workable.com/elementlpower,1
workable,edag-uk,apply.workable.com/edag-uk,5
workable,eluvio,https://apply.workable.com/eluvio,2
workable,elastic-bee-gmbh,https://elastic-bee-gmbh.workable.com,0
workable,eminent-valet,apply.workable.com/eminent-valet,21
workable,ember-1,https://apply.workable.com/ember-1,0
workable,enermech,apply.workable.com/enermech,76
workable,enosix-1,apply.workable.com/enosix-1,0
workable,emanuelson-podas,https://apply.workable.com/emanuelson-podas,0
workable,engine-creative,https://engine-creative.workable.com,0
workable,emaisha-pay,https://apply.workable.com/emaisha-pay,0
workable,empiria-s-dot-a-hotelsand-resorts,https://apply.workable.com/empiria-s-dot-a-hotelsand-resorts,96
workable,eme-international,https://apply.workable.com/eme-international,0
workable,emrod-1,https://apply.workable.com/emrod-1,0
workable,emergent-group,https://apply.workable.com/emergent-group,5
workable,emerchantpay,https://apply.workable.com/emerchantpay,16
workable,ember,https://apply.workable.com/ember,0
workable,engagetech,https://engagetech.workable.com,0
workable,energyimpactpartners,apply.workable.com/energyimpactpartners,0
workable,epsconsultants,apply.workable.com/epsconsultants,0
workable,empower-health,https://apply.workable.com/empower-health,0
workable,everpress,https://apply.workable.com/everpress,0
workable,endeavorgreece,https://endeavorgreece.workable.com,0
workable,evesleep,https://apply.workable.com/evesleep,0
workable,everyteam,https://apply.workable.com/everyteam,0
workable,eurostar,https://apply.workable.com/eurostar,10
workable,engage-mobile,https://engage-mobile.workable.com,0
workable,evolvegrp,apply.workable.com/evolvegrp,0
workable,everestagency,https://apply.workable.com/everestagency,0
workable,evidence-in-motion-eim,https://apply.workable.com/evidence-in-motion-eim,0
workable,exalt-hr-consulting,https://apply.workable.com/exalt-hr-consulting,0
workable,everyday-dose-inc,https://apply.workable.com/everyday-dose-inc,40
workable,every-mother,https://apply.workable.com/every-mother,0
workable,evisit,https://apply.workable.com/evisit,9
workable,evh,https://apply.workable.com/evh,2
workable,evrythng,https://apply.workable.com/evrythng,0
workable,exai-bio,https://apply.workable.com/exai-bio,0
workable,exec-capital-ltd,https://apply.workable.com/exec-capital-ltd,0
workable,exein,https://apply.workable.com/exein,0
workable,exapro,https://exapro.workable.com,0
workable,exer,https://apply.workable.com/exer,1
workable,exinity1,https://apply.workable.com/exinity1,0
workable,expedite-commerce,https://apply.workable.com/expedite-commerce,0
workable,evvy,https://apply.workable.com/evvy,0
workable,ensodata,https://ensodata.workable.com,15
workable,entaingroup,apply.workable.com/entaingroup,11
workable,fabulousco,https://apply.workable.com/fabulousco,36
workable,evergreenlife,https://apply.workable.com/evergreenlife,0
workable,envira-gallery,https://envira-gallery.workable.com,0
workable,everledger,https://apply.workable.com/everledger,0
workable,existanze,https://apply.workable.com/existanze,0
workable,fairstead,https://apply.workable.com/fairstead,0
workable,evangel,https://apply.workable.com/evangel,0
workable,eyequant,https://apply.workable.com/eyequant,0
workable,fantasmo,https://apply.workable.com/fantasmo,0
workable,familyand-youth-initiative,https://apply.workable.com/familyand-youth-initiative,0
workable,evolvery,https://apply.workable.com/evolvery,0
workable,explore-schools-1,https://apply.workable.com/explore-schools-1,8
workable,fannie-e-rippel-foundation,https://apply.workable.com/fannie-e-rippel-foundation,0
workable,fahlgren-mortine-2,https://apply.workable.com/fahlgren-mortine-2,2
workable,eskill-1,apply.workable.com/eskill-1,1
workable,factorialhr,https://apply.workable.com/factorialhr,0
workable,fauna,https://apply.workable.com/fauna,0
workable,fanthreesixty,https://apply.workable.com/fanthreesixty,0
workable,facetwealth,https://apply.workable.com/facetwealth,14
workable,erincondren,https://erincondren.workable.com,0
workable,farmacy,https://apply.workable.com/farmacy,5
workable,farmed-animal-funders,https://apply.workable.com/farmed-animal-funders,0
workable,factoriadigital,https://apply.workable.com/factoriadigital,0
workable,fastmail-1,https://apply.workable.com/fastmail-1,2
workable,fatunicorn,https://fatunicorn.workable.com,0
workable,feefo-holdings-ltd,https://apply.workable.com/feefo-holdings-ltd,0
workable,evalion-shl-greeceand-cyprus,https://apply.workable.com/evalion-shl-greeceand-cyprus,2
workable,everlive,https://everlive.workable.com,0
workable,faculty-association-of-california-community-colleges,https://apply.workable.com/faculty-association-of-california-community-colleges,0
workable,feraset,https://apply.workable.com/feraset,3
workable,eye-corp-media,https://eye-corp-media.workable.com,0
workable,extremereach,https://apply.workable.com/extremereach,18
workable,farmers-juice,https://apply.workable.com/farmers-juice,0
workable,faithvaluesmediagroup,https://apply.workable.com/faithvaluesmediagroup,0
workable,everpeak,https://apply.workable.com/everpeak,0
workable,excaliburassociates,https://apply.workable.com/excaliburassociates,0
workable,exponent-energy,https://apply.workable.com/exponent-energy,41
workable,excelerate360,https://apply.workable.com/excelerate360,2
workable,fantasiasmiguel,https://apply.workable.com/fantasiasmiguel,0
workable,faulkner,https://apply.workable.com/faulkner,66
workable,fergmar-enterprises,https://apply.workable.com/fergmar-enterprises,0
workable,feather,https://apply.workable.com/feather,0
workable,eyeware,https://apply.workable.com/eyeware,0
workable,fentrend,https://apply.workable.com/fentrend,0
workable,fairchain,https://apply.workable.com/fairchain,0
workable,exm,https://apply.workable.com/exm,0
workable,extractiontek-careers,https://apply.workable.com/extractiontek-careers,0
workable,financeclap,https://apply.workable.com/financeclap,0
workable,fiesta-health,https://apply.workable.com/fiesta-health,0
workable,faktory-ventures,https://faktory-ventures.workable.com,0
workable,filtersource,https://apply.workable.com/filtersource,0
workable,fastvue,https://apply.workable.com/fastvue,0
workable,fetch-vets,https://apply.workable.com/fetch-vets,0
workable,eyespike,https://apply.workable.com/eyespike,0
workable,figmatic,https://apply.workable.com/figmatic,0
workable,express-employment-10,https://apply.workable.com/express-employment-10,0
workable,f360,https://apply.workable.com/f360,0
workable,fancy,https://apply.workable.com/fancy,0
workable,eyconis,https://apply.workable.com/eyconis,1
workable,eye-to-eye,https://eye-to-eye.workable.com,0
workable,fabric-vc,https://apply.workable.com/fabric-vc,0
workable,ferguson-partners,https://apply.workable.com/ferguson-partners,0
workable,firesprite-jobs,https://apply.workable.com/firesprite-jobs,0
workable,fengate,https://apply.workable.com/fengate,7
workable,fidelus-technologies,https://apply.workable.com/fidelus-technologies,0
workable,federal-carrier-compliance-registration,https://apply.workable.com/federal-carrier-compliance-registration,0
workable,feasty,https://apply.workable.com/feasty,0
workable,fairnessproject,https://apply.workable.com/fairnessproject,0
workable,fashionfreaks,https://apply.workable.com/fashionfreaks,0
workable,fareshare,https://apply.workable.com/fareshare,0
workable,fae,https://apply.workable.com/fae,0
workable,faithonline,https://apply.workable.com/faithonline,0
workable,fin-house,https://apply.workable.com/fin-house,5
workable,fingenom,https://apply.workable.com/fingenom,0
workable,finevents-1,https://apply.workable.com/finevents-1,0
workable,feel-therapeutics,https://apply.workable.com/feel-therapeutics,0
workable,fast-forward-labs,https://apply.workable.com/fast-forward-labs,0
workable,finisterre,https://apply.workable.com/finisterre,0
workable,fics-inc-1,https://apply.workable.com/fics-inc-1,2
workable,fastmail,https://apply.workable.com/fastmail,0
workable,fastory,apply.workable.com/fastory,0
workable,fellow-products,https://apply.workable.com/fellow-products,0
workable,fdlgroup,https://apply.workable.com/fdlgroup,0
workable,feelya,https://apply.workable.com/feelya,0
workable,first-mile,https://apply.workable.com/first-mile,7
workable,fioneer,https://apply.workable.com/fioneer,171
workable,fiq,https://apply.workable.com/fiq,27
workable,finnovista,https://apply.workable.com/finnovista,0
workable,first,apply.workable.com/first,0
workable,first-circle,https://apply.workable.com/first-circle,37
workable,firstleaf,https://apply.workable.com/firstleaf,0
workable,flapen,https://apply.workable.com/flapen,0
workable,fieldcrest-ventures,https://apply.workable.com/fieldcrest-ventures,0
workable,fibraconsulting,https://apply.workable.com/fibraconsulting,15
workable,firstuk,https://apply.workable.com/firstuk,1
workable,fibmesh,https://apply.workable.com/fibmesh,0
workable,fidelmanand-company,https://apply.workable.com/fidelmanand-company,2
workable,field-day,apply.workable.com/field-day,0
workable,fission-1,https://apply.workable.com/fission-1,0
workable,firebrandcomms,https://apply.workable.com/firebrandcomms,0
workable,fiture-holding-llc,https://apply.workable.com/fiture-holding-llc,0
workable,fluento,https://apply.workable.com/fluento,0
workable,fixtuur,https://apply.workable.com/fixtuur,0
workable,first-principles,https://apply.workable.com/first-principles,0
workable,flexfin,https://apply.workable.com/flexfin,0
workable,fleet-feet-syracuse,https://apply.workable.com/fleet-feet-syracuse,0
workable,finartix,https://apply.workable.com/finartix,11
workable,firetrace,https://apply.workable.com/firetrace,0
workable,finestmedia-ltd,https://apply.workable.com/finestmedia-ltd,0
workable,floom,https://apply.workable.com/floom,0
workable,firstminute-capital,https://apply.workable.com/firstminute-capital,0
workable,focusrealestate,https://focusrealestate.workable.com,0
workable,flyover-canada,apply.workable.com/flyover-canada,0
workable,flighthub,https://flighthub.workable.com,0
workable,five19-creative,https://apply.workable.com/five19-creative,0
workable,fletch,https://apply.workable.com/fletch,0
workable,fluentbe,https://apply.workable.com/fluentbe,11
workable,fit-for-work,https://apply.workable.com/fit-for-work,0
workable,fitness-on-demand-1,apply.workable.com/fitness-on-demand-1,0
workable,fit-house,https://apply.workable.com/fit-house,0
workable,forthepeople,https://apply.workable.com/forthepeople,0
workable,flashgap,https://apply.workable.com/flashgap,0
workable,forefrontcom,https://apply.workable.com/forefrontcom,0
workable,flats-llc,apply.workable.com/flats-llc,5
workable,forefront-rf,https://apply.workable.com/forefront-rf,7
workable,floatcard,https://apply.workable.com/floatcard,0
workable,forward3d,https://apply.workable.com/forward3d,0
workable,foundations-worldwide,https://apply.workable.com/foundations-worldwide,0
workable,frank-2,https://apply.workable.com/frank-2,0
workable,flexcarcareers,https://apply.workable.com/flexcarcareers,7
workable,flyt,https://apply.workable.com/flyt,0
workable,forwardpmx,https://apply.workable.com/forwardpmx,0
workable,frank-green,https://apply.workable.com/frank-green,4
workable,forge-sports,https://apply.workable.com/forge-sports,1
workable,forumbrands,https://apply.workable.com/forumbrands,0
workable,fourthrevcareers,https://apply.workable.com/fourthrevcareers,0
workable,floatme,https://apply.workable.com/floatme,0
workable,fluorescent-design-inc,https://apply.workable.com/fluorescent-design-inc,0
workable,forward-blue,https://apply.workable.com/forward-blue,0
workable,four-winters,https://apply.workable.com/four-winters,2
workable,freemavens,https://apply.workable.com/freemavens,0
workable,forefront-telecare,https://apply.workable.com/forefront-telecare,0
workable,flood-io,https://flood-io.workable.com,0
workable,fos-productions,https://fos-productions.workable.com,0
workable,flocabulary,https://apply.workable.com/flocabulary,0
workable,freckle,https://apply.workable.com/freckle,0
workable,freedom-for-all-americans,https://apply.workable.com/freedom-for-all-americans,0
workable,founders-factory,https://apply.workable.com/founders-factory,0
workable,fringesport,https://apply.workable.com/fringesport,0
workable,fpmarkets,https://apply.workable.com/fpmarkets,28
workable,foodics,https://apply.workable.com/foodics,35
workable,foghorn-therapeutics,https://apply.workable.com/foghorn-therapeutics,0
workable,fresha,https://apply.workable.com/fresha,0
workable,frichti,https://apply.workable.com/frichti,0
workable,fresko,apply.workable.com/fresko,0
workable,found,https://apply.workable.com/found,0
workable,flowxai,https://apply.workable.com/flowxai,20
workable,fred-astaire-dance-studios-3,https://apply.workable.com/fred-astaire-dance-studios-3,250
workable,freshfry,https://apply.workable.com/freshfry,0
workable,flox-ltd,https://apply.workable.com/flox-ltd,0
workable,fullturn-web-solutions-llc,https://apply.workable.com/fullturn-web-solutions-llc,0
workable,freetextbooks,https://freetextbooks.workable.com,0
workable,flyairly,https://flyairly.workable.com,0
workable,foundhuman-4,https://foundhuman-4.workable.com,0
workable,flywheel-technology-inc,https://apply.workable.com/flywheel-technology-inc,0
workable,full-service-chimney,https://apply.workable.com/full-service-chimney,1
workable,foodcheri,https://foodcheri.workable.com,0
workable,frensco,https://apply.workable.com/frensco,0
workable,foundry-2,https://apply.workable.com/foundry-2,0
workable,foundand-chosen,apply.workable.com/foundand-chosen,0
workable,foley-carrier-services-llc,https://apply.workable.com/foley-carrier-services-llc,0
workable,foodwealth,https://apply.workable.com/foodwealth,0
workable,food-truck-promotions,apply.workable.com/food-truck-promotions,1
workable,fsc,https://apply.workable.com/fsc,0
workable,fusebox-games,https://apply.workable.com/fusebox-games,0
workable,foster-care-matters,https://apply.workable.com/foster-care-matters,0
workable,fuel50,https://apply.workable.com/fuel50,1
workable,fun-plus,apply.workable.com/fun-plus,0
workable,freeformers,https://apply.workable.com/freeformers,0
workable,freejam,https://apply.workable.com/freejam,0
workable,foxbox-digital,https://apply.workable.com/foxbox-digital,0
workable,foresightgroup,https://apply.workable.com/foresightgroup,0
workable,future-now-fund,https://apply.workable.com/future-now-fund,0
workable,frobot,https://frobot.workable.com,0
workable,foru-ms,https://apply.workable.com/foru-ms,0
workable,fruitz,https://apply.workable.com/fruitz,0
workable,freedom-leisure,https://apply.workable.com/freedom-leisure,73
workable,forward-xp,https://apply.workable.com/forward-xp,0
workable,freeagent,https://apply.workable.com/freeagent,0
workable,fosteramerica,https://apply.workable.com/fosteramerica,1
workable,fullfind,https://apply.workable.com/fullfind,0
workable,founders,https://apply.workable.com/founders,0
workable,gaerospace,https://apply.workable.com/gaerospace,0
workable,fsnb,https://apply.workable.com/fsnb,3
workable,fourfront,https://apply.workable.com/fourfront,0
workable,fpm-global,https://apply.workable.com/fpm-global,6
workable,gamaya,https://apply.workable.com/gamaya,0
workable,free2learn,https://apply.workable.com/free2learn,0
workable,fxtm,https://apply.workable.com/fxtm,0
workable,futuralis-tech,https://apply.workable.com/futuralis-tech,0
workable,fud,https://apply.workable.com/fud,0
workable,gamigo,https://apply.workable.com/gamigo,0
workable,front-row-group,https://apply.workable.com/front-row-group,1
workable,fusionsleep,https://apply.workable.com/fusionsleep,0
workable,future-open-technology-group,https://apply.workable.com/future-open-technology-group,0
workable,freeeup,https://freeeup.workable.com,0
workable,gemini-personnel-pte-ltd,apply.workable.com/gemini-personnel-pte-ltd,0
workable,gamehouse,https://apply.workable.com/gamehouse,0
workable,frst,https://apply.workable.com/frst,0
workable,fresca,https://apply.workable.com/fresca,0
workable,futurecaucus,https://apply.workable.com/futurecaucus,0
workable,friends-from-the-city,https://apply.workable.com/friends-from-the-city,10
workable,fulkers-bailey-russell,https://apply.workable.com/fulkers-bailey-russell,12
workable,fusion-professionals-pty-limited,apply.workable.com/fusion-professionals-pty-limited,0
workable,frontrow,https://apply.workable.com/frontrow,0
workable,fusiontek,https://apply.workable.com/fusiontek,26
workable,gaggleamp,https://apply.workable.com/gaggleamp,12
workable,fuseenergy,https://apply.workable.com/fuseenergy,68
workable,fry-roofing,https://apply.workable.com/fry-roofing,0
workable,gameday-gateway,https://apply.workable.com/gameday-gateway,0
workable,fullfunnel,https://apply.workable.com/fullfunnel,0
workable,gaussin,https://apply.workable.com/gaussin,0
workable,frontrow-inc,https://apply.workable.com/frontrow-inc,0
workable,fruitworldco,https://apply.workable.com/fruitworldco,0
workable,fruugo,https://apply.workable.com/fruugo,0
workable,futurex-1,https://apply.workable.com/futurex-1,36
workable,futureverse,https://apply.workable.com/futureverse,0
workable,fvi-school-of-nursing-and-technology,https://apply.workable.com/fvi-school-of-nursing-and-technology,20
workable,fset,https://apply.workable.com/fset,0
workable,fssi,https://apply.workable.com/fssi,15
workable,gamesoft,https://apply.workable.com/gamesoft,0
workable,funnelback,https://apply.workable.com/funnelback,0
workable,full-funnel-growth,https://apply.workable.com/full-funnel-growth,0
workable,fullstory,https://apply.workable.com/fullstory,0
workable,gathercontent,https://apply.workable.com/gathercontent,0
workable,futureworks,https://apply.workable.com/futureworks,0
workable,fullstack-labs,https://apply.workable.com/fullstack-labs,0
workable,functional-nutriments,https://apply.workable.com/functional-nutriments,0
workable,functionalinspiredtraining,https://apply.workable.com/functionalinspiredtraining,7
workable,fullmind,https://apply.workable.com/fullmind,1
workable,futureplc,https://apply.workable.com/futureplc,12
workable,fusemachines,https://apply.workable.com/fusemachines,0
workable,fysiko-aerio,https://apply.workable.com/fysiko-aerio,8
workable,fxzig,https://apply.workable.com/fxzig,0
workable,fundingoptions,https://apply.workable.com/fundingoptions,0
workable,futuredotworks,https://apply.workable.com/futuredotworks,0
workable,furrynetwork,https://apply.workable.com/furrynetwork,0
workable,galois,https://apply.workable.com/galois,15
workable,fuse-universal,https://apply.workable.com/fuse-universal,2
workable,futrli,https://apply.workable.com/futrli,0
workable,futuresearch,https://apply.workable.com/futuresearch,0
workable,fxzig-1,https://apply.workable.com/fxzig-1,0
workable,future-farm,https://apply.workable.com/future-farm,0
workable,gabriel-snyder,https://apply.workable.com/gabriel-snyder,0
workable,future-house-studios-llc,https://apply.workable.com/future-house-studios-llc,0
workable,future-stars-early-learning,https://apply.workable.com/future-stars-early-learning,0
workable,futurelearn-ltd,https://apply.workable.com/futurelearn-ltd,0
workable,ganymede,https://apply.workable.com/ganymede,0
workable,gallagherhhs,https://apply.workable.com/gallagherhhs,0
workable,gauge-agency,https://gauge-agency.workable.com,0
workable,futureproof-2,https://apply.workable.com/futureproof-2,0
workable,getolo,https://apply.workable.com/getolo,10
workable,futuresight,https://apply.workable.com/futuresight,141
workable,getmiles,https://apply.workable.com/getmiles,0
workable,futuriot,https://apply.workable.com/futuriot,0
workable,gamepires,https://apply.workable.com/gamepires,0
workable,gci-health,https://apply.workable.com/gci-health,0
workable,fy,https://apply.workable.com/fy,0
workable,fyra,https://apply.workable.com/fyra,0
workable,gateand-carter,https://apply.workable.com/gateand-carter,0
workable,gathern,https://apply.workable.com/gathern,15
workable,gable,https://apply.workable.com/gable,1
workable,gelato,https://apply.workable.com/gelato,0
workable,galapagos-conservancy,https://apply.workable.com/galapagos-conservancy,0
workable,gale-partners,https://apply.workable.com/gale-partners,0
workable,galloway-and-company,https://apply.workable.com/galloway-and-company,0
workable,gemtechnologies,https://apply.workable.com/gemtechnologies,1
workable,gearedapp,https://apply.workable.com/gearedapp,0
workable,genusagencyai,https://apply.workable.com/genusagencyai,190
workable,genesys-health,https://apply.workable.com/genesys-health,0
workable,geniebelt,https://geniebelt.workable.com,0
workable,gardensofthesun,https://apply.workable.com/gardensofthesun,0
workable,gardenstategrowers,https://apply.workable.com/gardenstategrowers,4
workable,gig-6,https://apply.workable.com/gig-6,0
workable,gastrograph,https://apply.workable.com/gastrograph,0
workable,gateway-trailer-repair,https://apply.workable.com/gateway-trailer-repair,1
workable,gearup2success-1,https://apply.workable.com/gearup2success-1,88
workable,gbe-alliance,https://apply.workable.com/gbe-alliance,10
workable,global-app-testing,https://apply.workable.com/global-app-testing,0
workable,gelasakis-group-of-companies,https://apply.workable.com/gelasakis-group-of-companies,18
workable,gek-terna,https://apply.workable.com/gek-terna,109
workable,generationwv,https://apply.workable.com/generationwv,0
workable,generation-y,https://apply.workable.com/generation-y,0
workable,gelato-cloud,https://apply.workable.com/gelato-cloud,0
workable,getsoma,https://apply.workable.com/getsoma,0
workable,generation-digital,https://apply.workable.com/generation-digital,0
workable,gene,https://apply.workable.com/gene,0
workable,general-catalyst,https://apply.workable.com/general-catalyst,0
workable,gigasavvy,https://apply.workable.com/gigasavvy,1
workable,get-reliance-health,https://apply.workable.com/get-reliance-health,52
workable,ginetta,https://apply.workable.com/ginetta,0
workable,generate,https://apply.workable.com/generate,0
workable,genialis,https://apply.workable.com/genialis,0
workable,getninjas,https://apply.workable.com/getninjas,0
workable,generation-data,https://apply.workable.com/generation-data,0
workable,generation-home,https://apply.workable.com/generation-home,0
workable,genesis-in-home-care,https://genesis-in-home-care.workable.com,0
workable,gerardsearch,https://apply.workable.com/gerardsearch,0
workable,getenter,https://apply.workable.com/getenter,0
workable,giant-pumpkin,https://apply.workable.com/giant-pumpkin,1
workable,getstarted,https://apply.workable.com/getstarted,0
workable,getequiem,https://apply.workable.com/getequiem,0
workable,gibbs-oil-company-lp,https://apply.workable.com/gibbs-oil-company-lp,5
workable,globalfinanceteams,https://apply.workable.com/globalfinanceteams,51
workable,general-services-corporation,https://apply.workable.com/general-services-corporation,0
workable,get-career-site,https://apply.workable.com/get-career-site,10
workable,gleesonllc,https://gleesonllc.workable.com,0
workable,ggrc,https://apply.workable.com/ggrc,27
workable,geomagical-labs,https://apply.workable.com/geomagical-labs,1
workable,geophase-resources-limited-1,https://apply.workable.com/geophase-resources-limited-1,0
workable,gine-manager,https://apply.workable.com/gine-manager,0
workable,geoxis,https://apply.workable.com/geoxis,0
workable,getbento,https://apply.workable.com/getbento,0
workable,getlaidbeds,https://apply.workable.com/getlaidbeds,0
workable,getcars,https://apply.workable.com/getcars,0
workable,getellipsis,https://apply.workable.com/getellipsis,0
workable,ghost-town-games,https://apply.workable.com/ghost-town-games,0
workable,getelm,https://apply.workable.com/getelm,0
workable,getfpv,https://apply.workable.com/getfpv,1
workable,gethenry,https://apply.workable.com/gethenry,0
workable,getvero,https://apply.workable.com/getvero,0
workable,getgoing,https://apply.workable.com/getgoing,0
workable,getjet,https://apply.workable.com/getjet,0
workable,gethatch,https://apply.workable.com/gethatch,0
workable,go-city,https://apply.workable.com/go-city,0
workable,getresponse,https://apply.workable.com/getresponse,2
workable,getroost,https://apply.workable.com/getroost,0
workable,getservice,apply.workable.com/getservice,0
workable,gkr-transport,https://apply.workable.com/gkr-transport,0
workable,getslingshot,https://apply.workable.com/getslingshot,0
workable,global-alliance-future-of-food,https://apply.workable.com/global-alliance-future-of-food,0
workable,ghost,https://apply.workable.com/ghost,0
workable,ghost-inspector,https://apply.workable.com/ghost-inspector,0
workable,gim,https://apply.workable.com/gim,0
workable,giant-worldwide,https://apply.workable.com/giant-worldwide,0
workable,gitlab,https://apply.workable.com/gitlab,0
workable,global-strategic,https://apply.workable.com/global-strategic,0
workable,global-education-media,https://apply.workable.com/global-education-media,0
workable,gibson-international,https://apply.workable.com/gibson-international,0
workable,gigaenergy,https://apply.workable.com/gigaenergy,0
workable,globalhealing,https://apply.workable.com/globalhealing,0
workable,grip-personal-training,apply.workable.com/grip-personal-training,14
workable,growwr,apply.workable.com/growwr,0
workable,harrison-school-of-music,https://apply.workable.com/harrison-school-of-music,0
workable,giraffe-english,https://apply.workable.com/giraffe-english,0
workable,girls-who-invest,https://apply.workable.com/girls-who-invest,1
workable,glitchd-labs,https://apply.workable.com/glitchd-labs,0
workable,gitter,https://apply.workable.com/gitter,0
workable,globalpassport,https://apply.workable.com/globalpassport,0
workable,giunti-al-punto-1,https://apply.workable.com/giunti-al-punto-1,0
workable,giz-kamerun,https://apply.workable.com/giz-kamerun,0
workable,github,apply.workable.com/github,0
workable,gitbook,https://apply.workable.com/gitbook,0
workable,glimpse-1,https://apply.workable.com/glimpse-1,0
workable,glitchers,https://apply.workable.com/glitchers,0
workable,gleamin,https://apply.workable.com/gleamin,0
workable,gleam-dot-i-o,https://apply.workable.com/gleam-dot-i-o,0
workable,global-wave-digital,https://apply.workable.com/global-wave-digital,0
workable,global-equity-organization,https://apply.workable.com/global-equity-organization,0
workable,global-canopy-2,https://apply.workable.com/global-canopy-2,1
workable,global-otec,https://apply.workable.com/global-otec,0
workable,growthramp,https://apply.workable.com/growthramp,0
workable,globaldllc,https://apply.workable.com/globaldllc,60
workable,global-gateway-advisors,https://apply.workable.com/global-gateway-advisors,0
workable,globalkart,https://apply.workable.com/globalkart,0
workable,global-talent-21,https://apply.workable.com/global-talent-21,0
workable,globalscape,apply.workable.com/globalscape,0
workable,globalvision-careers,https://apply.workable.com/globalvision-careers,0
workable,great-northern-way-campus,apply.workable.com/great-northern-way-campus,0
workable,globalwebindex-1,https://apply.workable.com/globalwebindex-1,0
workable,gogaga-holidays-pvt-ltd,apply.workable.com/gogaga-holidays-pvt-ltd,0
workable,go-zelt,https://apply.workable.com/go-zelt,0
workable,go1careers,https://apply.workable.com/go1careers,0
workable,goldenline-1,apply.workable.com/goldenline-1,0
workable,guideline-healthcare,https://apply.workable.com/guideline-healthcare,0
workable,hashlab,https://apply.workable.com/hashlab,0
workable,gotu-healthcare,apply.workable.com/gotu-healthcare,0
workable,growthpair,https://apply.workable.com/growthpair,13
workable,golioth,https://apply.workable.com/golioth,0
workable,guess-europe-sagl,https://apply.workable.com/guess-europe-sagl,145
workable,golin,apply.workable.com/golin,0
workable,goo,apply.workable.com/goo,0
workable,hellobody,https://apply.workable.com/hellobody,0
workable,grazitti-interactive,https://apply.workable.com/grazitti-interactive,0
workable,griffinand-strong-pc,apply.workable.com/griffinand-strong-pc,0
workable,greater-europe-mission,apply.workable.com/greater-europe-mission,0
workable,growth-lending,https://apply.workable.com/growth-lending,4
workable,harmonic-fund-services,apply.workable.com/harmonic-fund-services,0
workable,handle-inc,apply.workable.com/handle-inc,0
workable,healthcare-inc,https://apply.workable.com/healthcare-inc,0
workable,growthwheel,apply.workable.com/growthwheel,0
workable,gunnebo-entrance-control,https://apply.workable.com/gunnebo-entrance-control,29
workable,gunillaerngren,https://apply.workable.com/gunillaerngren,0
workable,halcyon-2,https://apply.workable.com/halcyon-2,0
workable,haatch,https://apply.workable.com/haatch,0
workable,habbaspilaw,https://apply.workable.com/habbaspilaw,0
workable,hack-diversity,https://apply.workable.com/hack-diversity,0
workable,hackman-capital,https://apply.workable.com/hackman-capital,2
workable,haircvt,https://apply.workable.com/haircvt,0
workable,hack-dot-v-c,https://apply.workable.com/hack-dot-v-c,0
workable,hemispheredesignworks,apply.workable.com/hemispheredesignworks,0
workable,heartyyfresh,apply.workable.com/heartyyfresh,0
workable,happy-air-travel,https://apply.workable.com/happy-air-travel,0
workable,hackpartners,https://apply.workable.com/hackpartners,0
workable,halstead-management-company-llc,apply.workable.com/halstead-management-company-llc,1
workable,health-link-talent,apply.workable.com/health-link-talent,0
workable,hamilton-kent-inc,https://apply.workable.com/hamilton-kent-inc,3
workable,happier-management,https://apply.workable.com/happier-management,0
workable,hamptonhealthcare,apply.workable.com/hamptonhealthcare,0
workable,hanna-interpreting-services-llc,https://apply.workable.com/hanna-interpreting-services-llc,4
workable,hartlyn,https://apply.workable.com/hartlyn,0
workable,hanmiglobal-saudi,apply.workable.com/hanmiglobal-saudi,113
workable,haus,https://apply.workable.com/haus,3
workable,hatchenterprise,https://apply.workable.com/hatchenterprise,0
workable,hb-communications,https://hb-communications.workable.com,0
workable,hawk-eye-innovations,https://apply.workable.com/hawk-eye-innovations,0
workable,hazel-mountain-chocolate,https://hazel-mountain-chocolate.workable.com,0
workable,haydenbeveragecompany,https://apply.workable.com/haydenbeveragecompany,0
workable,hayward-lumber-1,https://apply.workable.com/hayward-lumber-1,53
workable,hcdc,https://apply.workable.com/hcdc,0
workable,hcdc-limited,https://apply.workable.com/hcdc-limited,0
workable,headstart-ai,https://apply.workable.com/headstart-ai,0
workable,healingus-centers,https://apply.workable.com/healingus-centers,8
workable,headworks-inc,https://apply.workable.com/headworks-inc,4
workable,headbits,https://apply.workable.com/headbits,0
workable,healthcare-central-london,https://apply.workable.com/healthcare-central-london,2
workable,headspace-headhunting-tslash-a-headspace-global,https://apply.workable.com/headspace-headhunting-tslash-a-headspace-global,0
workable,headlight-technologies-inc,https://apply.workable.com/headlight-technologies-inc,0
workable,health-care-informed,apply.workable.com/health-care-informed,0
workable,healthlink,https://apply.workable.com/healthlink,0
workable,headforward,https://headforward.workable.com,0
workable,hichee,https://apply.workable.com/hichee,0
workable,healthlink-dimensions-llc,apply.workable.com/healthlink-dimensions-llc,0
workable,healthunlocked-3,https://healthunlocked-3.workable.com,0
workable,healthatscale,https://apply.workable.com/healthatscale,0
workable,heineken,https://apply.workable.com/heineken,0
workable,healthera,https://apply.workable.com/healthera,0
workable,helic-consultancy,apply.workable.com/helic-consultancy,0
workable,helixsleep,https://apply.workable.com/helixsleep,0
workable,hello-fresh,https://apply.workable.com/hello-fresh,0
workable,high-ticket-ventures,https://apply.workable.com/high-ticket-ventures,0
workable,hitch-careers,https://apply.workable.com/hitch-careers,0
workable,hellobonsai,https://apply.workable.com/hellobonsai,0
workable,helpling,https://apply.workable.com/helpling,0
workable,hero-software,https://apply.workable.com/hero-software,12
workable,hiseva,https://apply.workable.com/hiseva,0
workable,hermes-microvision,https://apply.workable.com/hermes-microvision,0
workable,hest,https://apply.workable.com/hest,1
workable,heritage-radio-network,https://apply.workable.com/heritage-radio-network,0
workable,healthcarerecruiter,https://apply.workable.com/healthcarerecruiter,868
workable,hera-london,apply.workable.com/hera-london,0
workable,hgc,apply.workable.com/hgc,0
workable,hertilityhealth,https://apply.workable.com/hertilityhealth,0
workable,hi-jobs,https://apply.workable.com/hi-jobs,31
workable,hexagon-recruitment-partners-ltd,apply.workable.com/hexagon-recruitment-partners-ltd,12
workable,hero-gaming,https://apply.workable.com/hero-gaming,0
workable,hmtx-industries,https://apply.workable.com/hmtx-industries,0
workable,home-care-providers-of-texas-1,https://apply.workable.com/home-care-providers-of-texas-1,21
workable,hettys-brilliant-minds-1,https://apply.workable.com/hettys-brilliant-minds-1,5
workable,hextrust,https://apply.workable.com/hextrust,40
workable,heyrenee,https://apply.workable.com/heyrenee,0
workable,hhdistillery,https://apply.workable.com/hhdistillery,0
workable,highgate,https://apply.workable.com/highgate,1
workable,highnoon,https://apply.workable.com/highnoon,0
workable,high-end-hiring-3,https://apply.workable.com/high-end-hiring-3,33
workable,highrise,https://apply.workable.com/highrise,0
workable,hike,https://apply.workable.com/hike,0
workable,highlighthealth,https://apply.workable.com/highlighthealth,0
workable,highline-electrical,https://apply.workable.com/highline-electrical,1
workable,highstokemedia,https://apply.workable.com/highstokemedia,0
workable,hiinc,https://hiinc.workable.com,0
workable,hillstar-bio,https://apply.workable.com/hillstar-bio,0
workable,hilbert-investment-solutions,https://apply.workable.com/hilbert-investment-solutions,0
workable,hilton-head-distillery,https://apply.workable.com/hilton-head-distillery,0
workable,hilobyaktiia,https://apply.workable.com/hilobyaktiia,6
workable,hindsight-software,https://apply.workable.com/hindsight-software,0
workable,hindmanagement,https://apply.workable.com/hindmanagement,13
workable,hint,https://apply.workable.com/hint,1
workable,hilton-head-distillery-1,https://apply.workable.com/hilton-head-distillery-1,0
workable,hindsight,https://hindsight.workable.com,0
workable,hoppeexecutivesearch,https://apply.workable.com/hoppeexecutivesearch,0
workable,hippo-digital,https://apply.workable.com/hippo-digital,0
workable,hingham-institution-for-savings-1,https://hingham-institution-for-savings-1.workable.com,0
workable,hirefy,https://apply.workable.com/hirefy,0
workable,hirefellows,apply.workable.com/hirefellows,14
workable,hiperpool1,https://apply.workable.com/hiperpool1,0
workable,hipermediasoft,https://apply.workable.com/hipermediasoft,0
workable,hipvan-pte-ltd,apply.workable.com/hipvan-pte-ltd,0
workable,hmlet,apply.workable.com/hmlet,0
workable,hislkjt,https://apply.workable.com/hislkjt,0
workable,hiring-street-1,apply.workable.com/hiring-street-1,0
workable,horizontal-digital,https://apply.workable.com/horizontal-digital,11
workable,hirotec-america,https://apply.workable.com/hirotec-america,4
workable,housinganywhere,https://apply.workable.com/housinganywhere,0
workable,home365,https://apply.workable.com/home365,0
workable,hog-technologies,https://apply.workable.com/hog-technologies,0
workable,homerez,https://apply.workable.com/homerez,15
workable,homes,https://apply.workable.com/homes,8
workable,homemaidbetter,https://apply.workable.com/homemaidbetter,0
workable,homeroom-1,https://apply.workable.com/homeroom-1,0
workable,honda-indy-toronto,apply.workable.com/honda-indy-toronto,0
workable,honest-networks,https://apply.workable.com/honest-networks,0
workable,homestars,https://apply.workable.com/homestars,0
workable,honeycomb,https://apply.workable.com/honeycomb,0
workable,hooks,https://apply.workable.com/hooks,0
workable,honu-ai,https://apply.workable.com/honu-ai,0
workable,honestai,https://apply.workable.com/honestai,0
workable,honestbrew,https://apply.workable.com/honestbrew,0
workable,hookshot,https://apply.workable.com/hookshot,0
workable,hope-homecare-services-limited,https://apply.workable.com/hope-homecare-services-limited,0
workable,hopper,https://apply.workable.com/hopper,0
workable,honor-technologies-inc,https://apply.workable.com/honor-technologies-inc,0
workable,horizon-outdoor-hospitality,https://apply.workable.com/horizon-outdoor-hospitality,15
workable,hookbang,https://apply.workable.com/hookbang,0
workable,horizon-leisure-centres,https://horizon-leisure-centres.workable.com,0
workable,horizon-brands-group,https://apply.workable.com/horizon-brands-group,0
workable,hospitable,https://apply.workable.com/hospitable,9
workable,hoseki,https://apply.workable.com/hoseki,0
workable,horizons-greater-washington,https://apply.workable.com/horizons-greater-washington,0
workable,horizon-staffing,https://apply.workable.com/horizon-staffing,0
workable,hotdoc,https://apply.workable.com/hotdoc,0
workable,host-healthcare,https://apply.workable.com/host-healthcare,0
workable,hotel-chocolat,https://apply.workable.com/hotel-chocolat,0
workable,horizontal-talent,https://apply.workable.com/horizontal-talent,3
workable,hotspex-media,https://apply.workable.com/hotspex-media,0
workable,hourly,https://apply.workable.com/hourly,8
workable,horus-tech,https://apply.workable.com/horus-tech,0
workable,hot-pot-china,https://apply.workable.com/hot-pot-china,0
workable,hound-labs,https://apply.workable.com/hound-labs,0
workable,hot-house-music,https://apply.workable.com/hot-house-music,0
workable,houseful,https://apply.workable.com/houseful,11
workable,hr-plus,https://apply.workable.com/hr-plus,0
workable,houseofcars,https://apply.workable.com/houseofcars,0
workable,houst,https://apply.workable.com/houst,10
workable,how-to-cake-it,https://apply.workable.com/how-to-cake-it,0
workable,housepro,https://apply.workable.com/housepro,4
workable,housingplus-inc,https://apply.workable.com/housingplus-inc,0
workable,houston-landing,https://apply.workable.com/houston-landing,0
workable,how-and-how-ltd,https://apply.workable.com/how-and-how-ltd,0
workable,hownow,https://apply.workable.com/hownow,0
workable,hr-allen,https://apply.workable.com/hr-allen,0
workable,hqo,https://apply.workable.com/hqo,0
workable,hygea-homecare,https://apply.workable.com/hygea-homecare,0
workable,hrinc-cambodia-co-dot-ltd,apply.workable.com/hrinc-cambodia-co-dot-ltd,0
workable,hr-for-the-culture,https://apply.workable.com/hr-for-the-culture,0
workable,hsi-1,https://apply.workable.com/hsi-1,10
workable,hrrethought,https://apply.workable.com/hrrethought,2
workable,hubbahq,https://apply.workable.com/hubbahq,0
workable,hstrategies,https://apply.workable.com/hstrategies,0
workable,hubbub-fundraising,https://apply.workable.com/hubbub-fundraising,0
workable,huboo,https://apply.workable.com/huboo,0
workable,huble,https://apply.workable.com/huble,13
workable,hubstaff,https://apply.workable.com/hubstaff,0
workable,huckberry,https://apply.workable.com/huckberry,8
workable,huddle,https://apply.workable.com/huddle,0
workable,hudson-medical-group,https://apply.workable.com/hudson-medical-group,0
workable,huddle-education,https://apply.workable.com/huddle-education,2
workable,hudson-highlands-land-trust,https://apply.workable.com/hudson-highlands-land-trust,0
workable,hug,https://apply.workable.com/hug,0
workable,hugging-face,apply.workable.com/hugging-face,0
workable,hughes-marino,https://apply.workable.com/hughes-marino,0
workable,hugo-boss,https://apply.workable.com/hugo-boss,0
workable,hypervelocity-consulting,https://apply.workable.com/hypervelocity-consulting,0
workable,hulcan,https://apply.workable.com/hulcan,6
workable,hulgrave,https://apply.workable.com/hulgrave,0
workable,ilo,apply.workable.com/ilo,0
workable,hull,https://apply.workable.com/hull,0
workable,igenius,https://apply.workable.com/igenius,0
workable,human-development-fund,https://apply.workable.com/human-development-fund,0
workable,human-capital-consulting-deloitte-and-touche-nigeria,https://apply.workable.com/human-capital-consulting-deloitte-and-touche-nigeria,0
workable,human-domain,https://apply.workable.com/human-domain,0
workable,human-innovation-partners,https://apply.workable.com/human-innovation-partners,0
workable,human-intelligence,https://apply.workable.com/human-intelligence,24
workable,humana,https://apply.workable.com/humana,0
workable,humandirect,https://apply.workable.com/humandirect,0
workable,humanafterall,https://apply.workable.com/humanafterall,0
workable,humanfirst,https://apply.workable.com/humanfirst,0
workable,humanitarianxp,https://apply.workable.com/humanitarianxp,1
workable,humanintelligence,https://apply.workable.com/humanintelligence,27
workable,humanmade,https://apply.workable.com/humanmade,6
workable,humara-2,apply.workable.com/humara-2,2
workable,humbot,https://apply.workable.com/humbot,0
workable,huntsville-memorial-hospital,https://apply.workable.com/huntsville-memorial-hospital,63
workable,hutong-school-5,apply.workable.com/hutong-school-5,0
workable,indebted,apply.workable.com/indebted,0
workable,inmagine,https://apply.workable.com/inmagine,0
workable,hybrid-holdings-pty-ltd,apply.workable.com/hybrid-holdings-pty-ltd,0
workable,hy-studio-gmbh-1,https://apply.workable.com/hy-studio-gmbh-1,1
workable,hydrant,https://apply.workable.com/hydrant,0
workable,insidesherpa,https://apply.workable.com/insidesherpa,0
workable,hydrosat,https://apply.workable.com/hydrosat,0
workable,hypemasters,https://apply.workable.com/hypemasters,0
workable,hyperon,apply.workable.com/hyperon,0
workable,hypertech-s-dot-a,https://apply.workable.com/hypertech-s-dot-a,3
workable,hysolate,https://apply.workable.com/hysolate,0
workable,hyu,apply.workable.com/hyu,0
workable,idpro-aslikartu,https://idpro-aslikartu.workable.com,0
workable,i-tekton-private-company,apply.workable.com/i-tekton-private-company,0
workable,i2verify,https://i2verify.workable.com,0
workable,i9-technologies,https://apply.workable.com/i9-technologies,0
workable,iastra-broadcasting,https://apply.workable.com/iastra-broadcasting,0
workable,ibmcid,https://apply.workable.com/ibmcid,139
workable,ibmcareers,https://apply.workable.com/ibmcareers,0
workable,ice-house-1,https://apply.workable.com/ice-house-1,0
workable,icmp,https://apply.workable.com/icmp,0
workable,interoplabs,https://apply.workable.com/interoplabs,0
workable,icomat,https://apply.workable.com/icomat,0
workable,icortica,https://apply.workable.com/icortica,0
workable,icmp-6,https://apply.workable.com/icmp-6,27
workable,idaho-democratic-party,https://apply.workable.com/idaho-democratic-party,0
workable,innovaccer-analytics,https://apply.workable.com/innovaccer-analytics,33
workable,idfy,https://idfy.workable.com,0
workable,imperativex,https://imperativex.workable.com,0
workable,identiv,https://apply.workable.com/identiv,1
workable,ideali,apply.workable.com/ideali,0
workable,idex,apply.workable.com/idex,0
workable,ieshawaii,https://apply.workable.com/ieshawaii,0
workable,ids-agency,https://apply.workable.com/ids-agency,0
workable,ieso-careers,https://apply.workable.com/ieso-careers,0
workable,instereo,https://apply.workable.com/instereo,0
workable,ieso,apply.workable.com/ieso,0
workable,ifgreen-industries-dot-c-om,https://apply.workable.com/ifgreen-industries-dot-c-om,0
workable,ifast-global-bank-ltd,https://apply.workable.com/ifast-global-bank-ltd,5
workable,inktrap,https://apply.workable.com/inktrap,0
workable,infinitereality,https://apply.workable.com/infinitereality,0
workable,ig-technologies,https://apply.workable.com/ig-technologies,0
workable,ignite-32,https://apply.workable.com/ignite-32,0
workable,ignite-hospitality,https://apply.workable.com/ignite-hospitality,0
workable,instashowing-inc,apply.workable.com/instashowing-inc,0
workable,imacuclean,https://apply.workable.com/imacuclean,0
workable,ignite-recruitment-8,https://apply.workable.com/ignite-recruitment-8,0
workable,instant-underwriting,apply.workable.com/instant-underwriting,0
workable,iglooinsure,https://apply.workable.com/iglooinsure,55
workable,iglooenergy,https://apply.workable.com/iglooenergy,0
workable,imaginework,https://apply.workable.com/imaginework,0
workable,ignite-33,https://apply.workable.com/ignite-33,28
workable,intergotelecom,https://apply.workable.com/intergotelecom,2
workable,igoo,https://apply.workable.com/igoo,0
workable,ingot-brokers,https://apply.workable.com/ingot-brokers,0
workable,igniter,https://apply.workable.com/igniter,0
workable,igniting-business,https://igniting-business.workable.com,0
workable,iita,https://apply.workable.com/iita,23
workable,ileg,apply.workable.com/ileg,0
workable,ihateironing,https://apply.workable.com/ihateironing,0
workable,illuminating-asia-sg-pte-ltd,apply.workable.com/illuminating-asia-sg-pte-ltd,0
workable,ikan,https://apply.workable.com/ikan,0
workable,imagr,https://apply.workable.com/imagr,0
workable,ikh,https://apply.workable.com/ikh,55
workable,indicative,https://apply.workable.com/indicative,0
workable,imarketglobal-inc,apply.workable.com/imarketglobal-inc,0
workable,infuzu,https://apply.workable.com/infuzu,0
workable,imarketing,apply.workable.com/imarketing,0
workable,imimobile-pvt-ltd,apply.workable.com/imimobile-pvt-ltd,0
workable,inbox-business-technologies,https://apply.workable.com/inbox-business-technologies,10
workable,inc42,https://inc42.workable.com,0
workable,impulsecreative,https://apply.workable.com/impulsecreative,0
workable,inconvo,https://inconvo.workable.com,0
workable,incari,https://apply.workable.com/incari,0
workable,inchcape,https://apply.workable.com/inchcape,0
workable,index,https://apply.workable.com/index,0
workable,index-4,apply.workable.com/index-4,0
workable,indiana-hemophiliaand-thrombosis-center,https://apply.workable.com/indiana-hemophiliaand-thrombosis-center,13
workable,inventi,https://apply.workable.com/inventi,3
workable,inventiv-it,https://apply.workable.com/inventiv-it,0
workable,indoreescortshub,https://apply.workable.com/indoreescortshub,0
workable,incredibuild,https://apply.workable.com/incredibuild,0
workable,indeed-flex,https://apply.workable.com/indeed-flex,0
workable,indelivery,apply.workable.com/indelivery,0
workable,indigo-solutions-group,apply.workable.com/indigo-solutions-group,37
workable,inspera-2,https://apply.workable.com/inspera-2,0
workable,influencer,https://apply.workable.com/influencer,0
workable,inlea,https://apply.workable.com/inlea,0
workable,ittechz,https://apply.workable.com/ittechz,0
workable,intetics-2,https://apply.workable.com/intetics-2,261
workable,informed-solutions,https://apply.workable.com/informed-solutions,45
workable,infosum,https://apply.workable.com/infosum,9
workable,infostellar,https://apply.workable.com/infostellar,0
workable,isobar-commerce,https://apply.workable.com/isobar-commerce,0
workable,infotrack-us,https://apply.workable.com/infotrack-us,14
workable,infotel-uk,https://apply.workable.com/infotel-uk,39
workable,infosys-consulting-europe,https://apply.workable.com/infosys-consulting-europe,162
workable,infracore-2,https://apply.workable.com/infracore-2,0
workable,innisfreema,https://apply.workable.com/innisfreema,1
workable,infopro-digital,https://apply.workable.com/infopro-digital,20
workable,international-rescue-committee-1,https://international-rescue-committee-1.workable.com,0
workable,invene,https://apply.workable.com/invene,0
workable,infuse-it,https://apply.workable.com/infuse-it,2
workable,infystrat,https://apply.workable.com/infystrat,0
workable,ingcreatives,https://ingcreatives.workable.com,0
workable,inj-partners-1,https://apply.workable.com/inj-partners-1,0
workable,ipdata,https://apply.workable.com/ipdata,0
workable,inkblot-therapy-1,https://apply.workable.com/inkblot-therapy-1,0
workable,ink,https://apply.workable.com/ink,0
workable,inland-innovation-llc,https://inland-innovation-llc.workable.com,0
workable,ingenuity-staffing-1,https://apply.workable.com/ingenuity-staffing-1,0
workable,inkomoko,https://apply.workable.com/inkomoko,8
workable,ingenuity-staffing,https://apply.workable.com/ingenuity-staffing,0
workable,ink-3,https://apply.workable.com/ink-3,0
workable,inland-alarm,https://apply.workable.com/inland-alarm,0
workable,inmusic-1,https://apply.workable.com/inmusic-1,0
workable,inmusic-nz-ltd,https://apply.workable.com/inmusic-nz-ltd,0
workable,intradyn,https://apply.workable.com/intradyn,1
workable,innovation-consulting-group-icg-1,https://apply.workable.com/innovation-consulting-group-icg-1,0
workable,innovapoint-infotech-pvt-ltd,apply.workable.com/innovapoint-infotech-pvt-ltd,0
workable,inland-companies,https://apply.workable.com/inland-companies,0
workable,innovature-bpo-2,apply.workable.com/innovature-bpo-2,0
workable,inos-hellas-sa,apply.workable.com/inos-hellas-sa,0
workable,inshur,https://apply.workable.com/inshur,0
workable,intercon-eng-mfg,https://apply.workable.com/intercon-eng-mfg,2
workable,insilicotrials,https://apply.workable.com/insilicotrials,0
workable,inside-sales-solutions,apply.workable.com/inside-sales-solutions,0
workable,j-mack,https://apply.workable.com/j-mack,0
workable,insight-matters,https://apply.workable.com/insight-matters,0
workable,insite-ai,https://apply.workable.com/insite-ai,0
workable,inspiretec-group,https://apply.workable.com/inspiretec-group,0
workable,inskin-media,https://apply.workable.com/inskin-media,0
workable,instagram,apply.workable.com/instagram,0
workable,integral-resources-llc,https://apply.workable.com/integral-resources-llc,0
workable,integrated-projects-1,https://apply.workable.com/integrated-projects-1,0
workable,insynth-marketing-ltd,https://apply.workable.com/insynth-marketing-ltd,0
workable,interchange,https://apply.workable.com/interchange,0
workable,intercloud,https://apply.workable.com/intercloud,0
workable,intercept-pharmaceuticals,https://apply.workable.com/intercept-pharmaceuticals,0
workable,interlaced,https://apply.workable.com/interlaced,1
workable,international-mountain-bicycling-association,https://apply.workable.com/international-mountain-bicycling-association,2
workable,international-economic-development-council,https://apply.workable.com/international-economic-development-council,0
workable,infini-capital-management-limited,apply.workable.com/infini-capital-management-limited,1
workable,intracom-telecom-2,https://apply.workable.com/intracom-telecom-2,12
workable,internavenue,https://apply.workable.com/internavenue,0
workable,internetprojects,https://apply.workable.com/internetprojects,0
workable,inkandswitch,https://apply.workable.com/inkandswitch,0
workable,iugu,https://iugu.workable.com,0
workable,interpolitan-money,https://apply.workable.com/interpolitan-money,4
workable,intersect,https://intersect.workable.com,0
workable,insurino,https://apply.workable.com/insurino,0
workable,innovative-technology-consulting,https://apply.workable.com/innovative-technology-consulting,0
workable,invigorate-platform,https://apply.workable.com/invigorate-platform,0
workable,intertouch,https://apply.workable.com/intertouch,0
workable,invitro-capital,https://apply.workable.com/invitro-capital,0
workable,interwood-mobel,https://apply.workable.com/interwood-mobel,16
workable,interweave,https://apply.workable.com/interweave,8
workable,javelot,https://apply.workable.com/javelot,0
workable,intouch-games,https://apply.workable.com/intouch-games,0
workable,intopiadigital,https://apply.workable.com/intopiadigital,0
workable,intracom-defense,https://apply.workable.com/intracom-defense,28
workable,intralot-sa,https://apply.workable.com/intralot-sa,0
workable,jigsaw-xyz,apply.workable.com/jigsaw-xyz,0
workable,intuitive-digital,https://apply.workable.com/intuitive-digital,0
workable,inventorylab,https://apply.workable.com/inventorylab,0
workable,investly,https://apply.workable.com/investly,0
workable,invinciblebrands,https://apply.workable.com/invinciblebrands,0
workable,itsprettyhair,apply.workable.com/itsprettyhair,0
workable,iprice-group,https://iprice-group.workable.com,0
workable,issu,https://apply.workable.com/issu,0
workable,ioeducation,https://apply.workable.com/ioeducation,0
workable,iosh,https://apply.workable.com/iosh,7
workable,jobandtalent-science,https://apply.workable.com/jobandtalent-science,0
workable,it-labs1,https://apply.workable.com/it-labs1,0
workable,jinn,https://apply.workable.com/jinn,0
workable,ironmill,https://apply.workable.com/ironmill,0
workable,iotdef,https://apply.workable.com/iotdef,0
workable,iowa-community-health-centers,https://apply.workable.com/iowa-community-health-centers,0
workable,iron,https://apply.workable.com/iron,0
workable,iprally,https://apply.workable.com/iprally,0
workable,ipricegroup,https://apply.workable.com/ipricegroup,0
workable,ireckonu,https://apply.workable.com/ireckonu,0
workable,iprotego,https://apply.workable.com/iprotego,0
workable,isyedu,https://apply.workable.com/isyedu,0
workable,irc-5,https://apply.workable.com/irc-5,0
workable,irth,https://apply.workable.com/irth,8
workable,irtcareers,apply.workable.com/irtcareers,0
workable,irth-solutions,https://apply.workable.com/irth-solutions,11
workable,islacare,https://apply.workable.com/islacare,7
workable,isoplus,https://apply.workable.com/isoplus,0
workable,isobar-iprospect,https://apply.workable.com/isobar-iprospect,0
workable,isrd,https://apply.workable.com/isrd,0
workable,istorima,https://apply.workable.com/istorima,0
workable,it1,https://apply.workable.com/it1,25
workable,issuance-inc,https://apply.workable.com/issuance-inc,0
workable,jarilo-design,apply.workable.com/jarilo-design,0
workable,itecor,https://apply.workable.com/itecor,16
workable,item-america,https://apply.workable.com/item-america,4
workable,jackman-reinvents,https://apply.workable.com/jackman-reinvents,0
workable,iterate,https://iterate.workable.com,0
workable,itemis,https://apply.workable.com/itemis,0
workable,itk-consulting,https://apply.workable.com/itk-consulting,0
workable,jigsaw,https://apply.workable.com/jigsaw,0
workable,itsasap,https://apply.workable.com/itsasap,0
workable,iv-ai,https://apply.workable.com/iv-ai,0
workable,ivee,https://apply.workable.com/ivee,0
workable,ixdf-interaction-design-foundation-ixdf,https://apply.workable.com/ixdf-interaction-design-foundation-ixdf,0
workable,j-blanton-plumbing,apply.workable.com/j-blanton-plumbing,20
workable,jacuzzi-group,https://apply.workable.com/jacuzzi-group,87
workable,jadeclass-education,https://apply.workable.com/jadeclass-education,19
workable,jobhire,https://apply.workable.com/jobhire,12
workable,jai-kisan-3,https://apply.workable.com/jai-kisan-3,0
workable,jarcpa,https://apply.workable.com/jarcpa,0
workable,jand-l-marketing,https://apply.workable.com/jand-l-marketing,0
workable,jaevee,https://apply.workable.com/jaevee,0
workable,jdaworldwide,https://apply.workable.com/jdaworldwide,0
workable,jbpro-1,https://apply.workable.com/jbpro-1,13
workable,jagal,https://apply.workable.com/jagal,0
workable,jainam-technologies-pvt-ltd,apply.workable.com/jainam-technologies-pvt-ltd,0
workable,jleindustries,https://apply.workable.com/jleindustries,0
workable,jengordoninc,https://jengordoninc.workable.com,0
workable,jentic,https://apply.workable.com/jentic,1
workable,jellyfish-group-ltd,https://apply.workable.com/jellyfish-group-ltd,0
workable,jehlum,apply.workable.com/jehlum,0
workable,jeenka,https://apply.workable.com/jeenka,6
workable,jogg,https://apply.workable.com/jogg,0
workable,jirav,https://apply.workable.com/jirav,0
workable,jempos,https://apply.workable.com/jempos,0
workable,jetdrops,https://apply.workable.com/jetdrops,0
workable,jiffy,https://apply.workable.com/jiffy,0
workable,jetsmarter,https://apply.workable.com/jetsmarter,0
workable,jobber,https://apply.workable.com/jobber,0
workable,jlm-strategic-talent-partners-1,https://apply.workable.com/jlm-strategic-talent-partners-1,0
workable,jessewhitelaw,https://apply.workable.com/jessewhitelaw,0
workable,jam-4,https://apply.workable.com/jam-4,6
workable,jin-us,https://apply.workable.com/jin-us,0
workable,jmac-lending,https://apply.workable.com/jmac-lending,2
workable,jobint-1,apply.workable.com/jobint-1,0
workable,jitera,https://apply.workable.com/jitera,0
workable,jintronix,https://apply.workable.com/jintronix,0
workable,jobgether,https://apply.workable.com/jobgether,0
workable,jobicy,apply.workable.com/jobicy,0
workable,jazva,https://apply.workable.com/jazva,0
workable,kaliber-asia-sg,apply.workable.com/kaliber-asia-sg,0
workable,jobrack,https://apply.workable.com/jobrack,72
workable,john-m-kenney-esq-law-office,https://apply.workable.com/john-m-kenney-esq-law-office,0
workable,kaleafa,https://apply.workable.com/kaleafa,0
workable,jobspot,https://apply.workable.com/jobspot,0
workable,jobssomewhere,https://apply.workable.com/jobssomewhere,0
workable,joymemories,https://apply.workable.com/joymemories,0
workable,june-homes,https://apply.workable.com/june-homes,0
workable,joindelta,https://apply.workable.com/joindelta,1
workable,johnson-lake-sanitary-and-improvement-district,https://apply.workable.com/johnson-lake-sanitary-and-improvement-district,0
workable,johnsand-co,https://apply.workable.com/johnsand-co,0
workable,jomboy-media,https://apply.workable.com/jomboy-media,0
workable,juvly1,https://apply.workable.com/juvly1,0
workable,joincheckmate,https://apply.workable.com/joincheckmate,0
workable,joist,https://apply.workable.com/joist,0
workable,jointriple,https://apply.workable.com/jointriple,6
workable,join-dahmakan,apply.workable.com/join-dahmakan,0
workable,joinsmartlabs,https://apply.workable.com/joinsmartlabs,0
workable,jon-ossoff-for-senate,https://apply.workable.com/jon-ossoff-for-senate,8
workable,joramco,apply.workable.com/joramco,0
workable,joor,apply.workable.com/joor,0
workable,joyne,https://apply.workable.com/joyne,0
workable,journey-beyond,https://apply.workable.com/journey-beyond,85
workable,journey-6,https://apply.workable.com/journey-6,0
workable,jordan-digital-marketing,https://apply.workable.com/jordan-digital-marketing,0
workable,kansas-surgery-and-recovery-center,https://apply.workable.com/kansas-surgery-and-recovery-center,9
workable,juiceworks-exhibits,https://apply.workable.com/juiceworks-exhibits,0
workable,jrhomeproductsltd,https://apply.workable.com/jrhomeproductsltd,0
workable,jude-connally,https://apply.workable.com/jude-connally,0
workable,jrny,https://apply.workable.com/jrny,0
workable,jp3-measurement-llc,https://apply.workable.com/jp3-measurement-llc,0
workable,julies-bicycle,https://apply.workable.com/julies-bicycle,0
workable,junobio,https://apply.workable.com/junobio,0
workable,kr-solar,https://apply.workable.com/kr-solar,0
workable,juro,https://apply.workable.com/juro,0
workable,justdisco,https://apply.workable.com/justdisco,0
workable,just-capital,https://apply.workable.com/just-capital,0
workable,just-inspire-hospitality-and-event-management,apply.workable.com/just-inspire-hospitality-and-event-management,0
workable,just-email,https://apply.workable.com/just-email,0
workable,juv-consulting,https://apply.workable.com/juv-consulting,0
workable,justpark,https://apply.workable.com/justpark,10
workable,justsolve,https://apply.workable.com/justsolve,0
workable,justvision,https://apply.workable.com/justvision,1
workable,klika,https://apply.workable.com/klika,0
workable,k-t-industries,https://apply.workable.com/k-t-industries,0
workable,k1x,https://apply.workable.com/k1x,4
workable,kafea-terra,https://apply.workable.com/kafea-terra,6
workable,kamis,https://apply.workable.com/kamis,0
workable,kaleyra,https://apply.workable.com/kaleyra,0
workable,karakuri,https://apply.workable.com/karakuri,0
workable,kasta,https://apply.workable.com/kasta,0
workable,kasama,https://apply.workable.com/kasama,3
workable,kayali,https://apply.workable.com/kayali,24
workable,kayaventures,apply.workable.com/kayaventures,0
workable,katalyst-fitness,apply.workable.com/katalyst-fitness,0
workable,kcp-network,https://apply.workable.com/kcp-network,0
workable,keepsafe,https://apply.workable.com/keepsafe,0
workable,kenai-therapeutics,apply.workable.com/kenai-therapeutics,2
workable,kennedyinternational,https://apply.workable.com/kennedyinternational,8
workable,kenkora,https://apply.workable.com/kenkora,0
workable,kestrafinancia,https://apply.workable.com/kestrafinancia,0
workable,kgs-technology-group-inc,apply.workable.com/kgs-technology-group-inc,0
workable,lafourchette,https://apply.workable.com/lafourchette,0
workable,kids-science-labs,https://apply.workable.com/kids-science-labs,2
workable,kibo-ventures-4,https://apply.workable.com/kibo-ventures-4,0
workable,kidztopros,https://apply.workable.com/kidztopros,0
workable,kindle-communications,https://apply.workable.com/kindle-communications,0
workable,kingdomworksstudios,https://apply.workable.com/kingdomworksstudios,0
workable,kinetic-investments,https://apply.workable.com/kinetic-investments,0
workable,korvia,apply.workable.com/korvia,0
workable,kickr-design,https://apply.workable.com/kickr-design,0
workable,leanlaw-1,https://apply.workable.com/leanlaw-1,0
workable,kiratech,https://apply.workable.com/kiratech,1
workable,kingston-police-service-board,https://apply.workable.com/kingston-police-service-board,0
workable,kitman,https://apply.workable.com/kitman,0
workable,kinetix-technology-services-llc,https://apply.workable.com/kinetix-technology-services-llc,0
workable,kingofprussiadiner,https://apply.workable.com/kingofprussiadiner,0
workable,kingmakers,https://apply.workable.com/kingmakers,12
workable,klivvr,https://apply.workable.com/klivvr,0
workable,knowhirematch,apply.workable.com/knowhirematch,0
workable,kitt,https://apply.workable.com/kitt,6
workable,leadnetwork,https://apply.workable.com/leadnetwork,0
workable,klm-careers-3,apply.workable.com/klm-careers-3,0
workable,kwik-learning-online,https://apply.workable.com/kwik-learning-online,0
workable,knowhirematch-1,https://apply.workable.com/knowhirematch-1,0
workable,klue,https://apply.workable.com/klue,0
workable,koenigpolish,https://apply.workable.com/koenigpolish,0
workable,kohls,https://apply.workable.com/kohls,0
workable,koi,apply.workable.com/koi,0
workable,konfidio,https://apply.workable.com/konfidio,0
workable,konnect-oe,https://apply.workable.com/konnect-oe,0
workable,lab5,https://apply.workable.com/lab5,0
workable,konew-fintech,https://apply.workable.com/konew-fintech,19
workable,kohactive,https://apply.workable.com/kohactive,0
workable,kognitive-sales-solutions,https://apply.workable.com/kognitive-sales-solutions,246
workable,kope-dot-a-i,https://apply.workable.com/kope-dot-a-i,1
workable,koolmetrix,https://apply.workable.com/koolmetrix,0
workable,kwiklearning,https://apply.workable.com/kwiklearning,0
workable,kubapay,https://apply.workable.com/kubapay,0
workable,ksisters,https://apply.workable.com/ksisters,8
workable,kosmocar,https://apply.workable.com/kosmocar,0
workable,koracareers,https://apply.workable.com/koracareers,4
workable,koyoloans,https://apply.workable.com/koyoloans,0
workable,kvant-consulting-as,https://apply.workable.com/kvant-consulting-as,0
workable,kyboe,apply.workable.com/kyboe,0
workable,kutol-products-company,https://apply.workable.com/kutol-products-company,4
workable,krehers,https://apply.workable.com/krehers,0
workable,kyc-hub-1,https://apply.workable.com/kyc-hub-1,0
workable,la-belle-assiette,https://apply.workable.com/la-belle-assiette,0
workable,kubicle,https://apply.workable.com/kubicle,0
workable,lake-centre-for-rehabilitation,https://apply.workable.com/lake-centre-for-rehabilitation,0
workable,la-clippers,https://apply.workable.com/la-clippers,0
workable,kym-advisors,https://apply.workable.com/kym-advisors,0
workable,kuhn-aviation,apply.workable.com/kuhn-aviation,0
workable,labelyourdata,https://apply.workable.com/labelyourdata,19
workable,laba,https://apply.workable.com/laba,31
workable,land-conservancy-of-west-michigan,https://apply.workable.com/land-conservancy-of-west-michigan,0
workable,leadr-inc-1,https://apply.workable.com/leadr-inc-1,0
workable,kuzco,https://apply.workable.com/kuzco,0
workable,koothjobs,https://apply.workable.com/koothjobs,19
workable,laborup,apply.workable.com/laborup,119
workable,legacy-professional-services,https://apply.workable.com/legacy-professional-services,14
workable,laravel,https://apply.workable.com/laravel,2
workable,laros-reisen,https://apply.workable.com/laros-reisen,0
workable,langaware,https://apply.workable.com/langaware,0
workable,leap-legal-software,https://apply.workable.com/leap-legal-software,23
workable,lat,https://apply.workable.com/lat,0
workable,latinbrain,https://apply.workable.com/latinbrain,0
workable,latestfreestuff,https://apply.workable.com/latestfreestuff,0
workable,laterite,https://apply.workable.com/laterite,2
workable,leadhub,https://apply.workable.com/leadhub,0
workable,latestgadget,https://latestgadget.workable.com,0
workable,lattitude-recruiting,apply.workable.com/lattitude-recruiting,0
workable,latch,https://apply.workable.com/latch,0
workable,lawingov,apply.workable.com/lawingov,0
workable,lawlytics,https://apply.workable.com/lawlytics,0
workable,kuda,https://apply.workable.com/kuda,15
workable,leadsmarket,https://apply.workable.com/leadsmarket,0
workable,leap-partners,https://apply.workable.com/leap-partners,0
workable,lexusdomino88,https://apply.workable.com/lexusdomino88,0
workable,leadling,apply.workable.com/leadling,244
workable,leads-io,https://apply.workable.com/leads-io,0
workable,leadvy,https://apply.workable.com/leadvy,0
workable,leanix,https://apply.workable.com/leanix,0
workable,learn-amp,https://apply.workable.com/learn-amp,0
workable,leapian,https://leapian.workable.com,0
workable,latinxed,https://apply.workable.com/latinxed,0
workable,learnosity,https://apply.workable.com/learnosity,5
workable,learning-source,https://apply.workable.com/learning-source,0
workable,learnerbly,https://apply.workable.com/learnerbly,0
workable,learnin,https://apply.workable.com/learnin,0
workable,legalsifter-inc,apply.workable.com/legalsifter-inc,0
workable,legatics,https://apply.workable.com/legatics,6
workable,legl-tech,https://apply.workable.com/legl-tech,0
workable,ledgex,https://apply.workable.com/ledgex,0
workable,lenalidomide-cost,https://apply.workable.com/lenalidomide-cost,0
workable,legacyx-hiring,apply.workable.com/legacyx-hiring,0
workable,leapmindzhu-she,https://apply.workable.com/leapmindzhu-she,0
workable,leg,apply.workable.com/leg,0
workable,lelive,https://apply.workable.com/lelive,0
workable,legacybox,https://apply.workable.com/legacybox,0
workable,legion-consulting,https://apply.workable.com/legion-consulting,0
workable,left-coast-naturals,apply.workable.com/left-coast-naturals,0
workable,lekkeslaap,https://apply.workable.com/lekkeslaap,4
workable,leigh-and-co,https://apply.workable.com/leigh-and-co,297
workable,leeveon-branding-1,https://apply.workable.com/leeveon-branding-1,0
workable,kloudless,https://kloudless.workable.com,0
workable,lendico,https://apply.workable.com/lendico,0
workable,ledgerx,https://apply.workable.com/ledgerx,0
workable,lengow,https://apply.workable.com/lengow,3
workable,lemonade,https://apply.workable.com/lemonade,0
workable,leong-leong-architecture,https://apply.workable.com/leong-leong-architecture,0
workable,leos-hospitality-group,apply.workable.com/leos-hospitality-group,0
workable,lendesk,https://lendesk.workable.com,0
workable,leona-health,https://apply.workable.com/leona-health,0
workable,lendkey,https://lendkey.workable.com,0
workable,les-petits-freres,https://apply.workable.com/les-petits-freres,0
workable,lex-diagnostics,https://apply.workable.com/lex-diagnostics,2
workable,libertexgroup,https://apply.workable.com/libertexgroup,34
workable,lgihomes,https://apply.workable.com/lgihomes,34
workable,lessonbee,https://apply.workable.com/lessonbee,0
workable,liberation-academy,https://apply.workable.com/liberation-academy,0
workable,lgfg-fashion-house-8,apply.workable.com/lgfg-fashion-house-8,0
workable,liberty-health-sciences,https://apply.workable.com/liberty-health-sciences,0
workable,lexington-med,https://apply.workable.com/lexington-med,0
workable,leupold,apply.workable.com/leupold,12
workable,lgbt-great,https://apply.workable.com/lgbt-great,7
workable,lightroom-studios,https://apply.workable.com/lightroom-studios,0
workable,lhb,https://apply.workable.com/lhb,0
workable,liberty-fox-tech,https://apply.workable.com/liberty-fox-tech,0
workable,liberty-behavioraland-community-services-inc,https://apply.workable.com/liberty-behavioraland-community-services-inc,96
workable,library-systemsand-services,https://apply.workable.com/library-systemsand-services,0
workable,lickd,https://lickd.workable.com,0
workable,lidd,https://apply.workable.com/lidd,24
workable,library-of-things-1,https://apply.workable.com/library-of-things-1,0
workable,lifehack,https://apply.workable.com/lifehack,0
workable,lifebushido,https://apply.workable.com/lifebushido,0
workable,lifelinks-international-resources,apply.workable.com/lifelinks-international-resources,0
workable,lifelines-counseling-services,https://apply.workable.com/lifelines-counseling-services,0
workable,lifemdcareers,https://apply.workable.com/lifemdcareers,16
workable,lifecake,https://apply.workable.com/lifecake,0
workable,life-scan-wellness-centers,https://apply.workable.com/life-scan-wellness-centers,0
workable,lifedojo,https://apply.workable.com/lifedojo,0
workable,lifthium-energy,https://apply.workable.com/lifthium-energy,2
workable,lightburn,https://apply.workable.com/lightburn,0
workable,liively,https://apply.workable.com/liively,0
workable,liferaft,https://apply.workable.com/liferaft,9
workable,limelyte-technology-group,https://apply.workable.com/limelyte-technology-group,0
workable,linear-b,https://apply.workable.com/linear-b,0
workable,lingoace,https://apply.workable.com/lingoace,0
workable,linkedin,apply.workable.com/linkedin,0
workable,lingumi,https://apply.workable.com/lingumi,0
workable,lithios,https://apply.workable.com/lithios,0
workable,literacy-partners-1,https://apply.workable.com/literacy-partners-1,0
workable,literacy-trust,https://apply.workable.com/literacy-trust,0
workable,lithos,https://apply.workable.com/lithos,3
workable,live,apply.workable.com/live,0
workable,lively-root,https://apply.workable.com/lively-root,0
workable,livehealthily,https://apply.workable.com/livehealthily,0
workable,liventerprises,https://apply.workable.com/liventerprises,0
workable,livesnap,https://apply.workable.com/livesnap,1
workable,livingoptics,https://apply.workable.com/livingoptics,0
workable,living-room-la,https://apply.workable.com/living-room-la,11
workable,loan-co-uk,https://apply.workable.com/loan-co-uk,0
workable,lmns,https://apply.workable.com/lmns,0
workable,loam-bio,https://apply.workable.com/loam-bio,0
workable,loanlink,https://apply.workable.com/loanlink,0
workable,local-projects,https://apply.workable.com/local-projects,0
workable,loanwell,https://apply.workable.com/loanwell,0
workable,locafox-gmbh,https://apply.workable.com/locafox-gmbh,0
workable,localcrafts,https://apply.workable.com/localcrafts,0
workable,local-projects-llc-1,https://apply.workable.com/local-projects-llc-1,0
workable,localstack,https://apply.workable.com/localstack,16
workable,localist,https://apply.workable.com/localist,0
workable,lockr,https://apply.workable.com/lockr,0
workable,lodge,https://apply.workable.com/lodge,0
workable,logica,https://apply.workable.com/logica,0
workable,logical-clocks-ab,apply.workable.com/logical-clocks-ab,0
workable,logograb,https://logograb.workable.com,0
workable,london-energy-1,https://apply.workable.com/london-energy-1,10
workable,london-green-cycles-lgc,apply.workable.com/london-green-cycles-lgc,0
workable,looka,https://apply.workable.com/looka,0
workable,loop-11,https://apply.workable.com/loop-11,0
workable,lookout-pest-control,https://apply.workable.com/lookout-pest-control,0
workable,low-carbon,https://apply.workable.com/low-carbon,6
workable,lm-designwerks-inc,apply.workable.com/lm-designwerks-inc,0
workable,lotus-apps,https://apply.workable.com/lotus-apps,0
workable,loyalbe,https://apply.workable.com/loyalbe,0
workable,loveukworkexperience,https://apply.workable.com/loveukworkexperience,0
workable,luminary-3,https://apply.workable.com/luminary-3,0
workable,lovebonito,https://apply.workable.com/lovebonito,75
workable,lra,apply.workable.com/lra,2
workable,ltf-designand-marketing-ltd,https://apply.workable.com/ltf-designand-marketing-ltd,0
workable,lucida-ai,https://apply.workable.com/lucida-ai,13
workable,lynx-software-technologies,https://apply.workable.com/lynx-software-technologies,0
workable,lucidnz,https://apply.workable.com/lucidnz,0
workable,lucro,https://apply.workable.com/lucro,0
workable,lunaedge,https://apply.workable.com/lunaedge,0
workable,luizalabs,https://apply.workable.com/luizalabs,0
workable,lux-express,https://apply.workable.com/lux-express,0
workable,luxyhair,https://apply.workable.com/luxyhair,0
workable,luxasia,https://apply.workable.com/luxasia,165
workable,luxtripper,https://apply.workable.com/luxtripper,0
workable,lvcollective,https://apply.workable.com/lvcollective,63
workable,lvis-team,https://apply.workable.com/lvis-team,10
workable,lv-petroleum,apply.workable.com/lv-petroleum,451
workable,makecloud,https://apply.workable.com/makecloud,0
workable,mandiri,https://apply.workable.com/mandiri,0
workable,lyka,https://apply.workable.com/lyka,13
workable,makershop,https://makershop.workable.com,0
workable,lyrise,https://apply.workable.com/lyrise,0
workable,magrym-consulting-inc,https://apply.workable.com/magrym-consulting-inc,3
workable,lucayan-technology-solutions-llc,https://apply.workable.com/lucayan-technology-solutions-llc,0
workable,m3gr,apply.workable.com/m3gr,0
workable,mainteny-gmbh,https://apply.workable.com/mainteny-gmbh,0
workable,maark,https://apply.workable.com/maark,0
workable,manifest-services,https://apply.workable.com/manifest-services,15
workable,manta-1,https://apply.workable.com/manta-1,0
workable,mantissecurity,apply.workable.com/mantissecurity,0
workable,magicspoon,https://apply.workable.com/magicspoon,8
workable,mckenzie-intelligence-services,https://apply.workable.com/mckenzie-intelligence-services,0
workable,main-sequence,https://apply.workable.com/main-sequence,1
workable,martin-brower,apply.workable.com/martin-brower,0
workable,maison21g,https://apply.workable.com/maison21g,0
workable,mancomm,https://apply.workable.com/mancomm,1
workable,makersite,https://apply.workable.com/makersite,0
workable,malaa,https://apply.workable.com/malaa,0
workable,manoafrica,https://apply.workable.com/manoafrica,0
workable,making-a-difference-foundaton,https://apply.workable.com/making-a-difference-foundaton,0
workable,makeway,https://apply.workable.com/makeway,0
workable,map-digital-metameetings,https://apply.workable.com/map-digital-metameetings,0
workable,maza-financial,https://apply.workable.com/maza-financial,0
workable,manpower-81,https://apply.workable.com/manpower-81,0
workable,maxwell-health,https://apply.workable.com/maxwell-health,0
workable,mattson,https://apply.workable.com/mattson,0
workable,manta,https://apply.workable.com/manta,0
workable,mantra-health-1,https://apply.workable.com/mantra-health-1,0
workable,matrix-resources-1,apply.workable.com/matrix-resources-1,0
workable,maxey-law-office-pllc-1,https://apply.workable.com/maxey-law-office-pllc-1,0
workable,mastercraft-painting-and-decorating-inc,https://apply.workable.com/mastercraft-painting-and-decorating-inc,0
workable,maxpeoplehr,https://apply.workable.com/maxpeoplehr,0
workable,mas-europe,apply.workable.com/mas-europe,2
workable,masteryprep,https://apply.workable.com/masteryprep,0
workable,mayku,https://apply.workable.com/mayku,0
workable,massarcapital,https://apply.workable.com/massarcapital,0
workable,mapistry,https://apply.workable.com/mapistry,0
workable,masstech,https://apply.workable.com/masstech,2
workable,matrix-camps-and-logistics,https://apply.workable.com/matrix-camps-and-logistics,45
workable,mavrck,https://apply.workable.com/mavrck,0
workable,matthew-hoyle-financial-markets-1,apply.workable.com/matthew-hoyle-financial-markets-1,0
workable,milend-inc,https://apply.workable.com/milend-inc,4
workable,mccullough-law,https://apply.workable.com/mccullough-law,0
workable,mayainsights,https://apply.workable.com/mayainsights,0
workable,mayvenn-inc,https://apply.workable.com/mayvenn-inc,0
workable,mcfarlane-aviation,https://apply.workable.com/mcfarlane-aviation,9
workable,miller-transportation-group-1,https://apply.workable.com/miller-transportation-group-1,21
workable,mcs,https://apply.workable.com/mcs,10
workable,mcs-north-america-inc,apply.workable.com/mcs-north-america-inc,0
workable,megaventorycom,https://megaventorycom.workable.com,0
workable,melissa-kikizas,https://apply.workable.com/melissa-kikizas,2
workable,mcchrystal-group,https://apply.workable.com/mcchrystal-group,0
workable,menunextdoor,https://menunextdoor.workable.com,0
workable,memrise,https://apply.workable.com/memrise,0
workable,mga-1,https://apply.workable.com/mga-1,0
workable,meta,https://apply.workable.com/meta,0
workable,mercadobitcoin,https://mercadobitcoin.workable.com,0
workable,mepcon-auditing-and-consultancy-services,apply.workable.com/mepcon-auditing-and-consultancy-services,0
workable,mercari-india,https://apply.workable.com/mercari-india,12
workable,mercer-residential-services-inc,https://apply.workable.com/mercer-residential-services-inc,0
workable,mediterranean-institute-for-nature-and-anthropos-medina,https://apply.workable.com/mediterranean-institute-for-nature-and-anthropos-medina,0
workable,miyo-health,https://apply.workable.com/miyo-health,7
workable,mental-health-association-western-ma,https://apply.workable.com/mental-health-association-western-ma,117
workable,metabolic-careers,https://apply.workable.com/metabolic-careers,0
workable,marlowe-fire-and-security,https://apply.workable.com/marlowe-fire-and-security,0
workable,metaxa-hospitality-group,https://apply.workable.com/metaxa-hospitality-group,5
workable,metrum,apply.workable.com/metrum,0
workable,midplaza,https://apply.workable.com/midplaza,27
workable,mercata,https://apply.workable.com/mercata,4
workable,micro-museums,https://apply.workable.com/micro-museums,0
workable,melco-resorts-and-entertainment,apply.workable.com/melco-resorts-and-entertainment,0
workable,midwest-ambulance-service,https://apply.workable.com/midwest-ambulance-service,0
workable,mightybytes,apply.workable.com/mightybytes,0
workable,mitti-labs,https://apply.workable.com/mitti-labs,6
workable,mgstover,https://apply.workable.com/mgstover,0
workable,miles-technologies-2,https://apply.workable.com/miles-technologies-2,0
workable,missionbit,https://apply.workable.com/missionbit,0
workable,modern-day-talent,https://apply.workable.com/modern-day-talent,0
workable,monosyrup,https://apply.workable.com/monosyrup,0
workable,mmcp-advisors,https://apply.workable.com/mmcp-advisors,0
workable,modern-selections,apply.workable.com/modern-selections,0
workable,merl,https://apply.workable.com/merl,0
workable,nacocanada,https://apply.workable.com/nacocanada,0
workable,momentum,https://apply.workable.com/momentum,0
workable,moveai,https://apply.workable.com/moveai,0
workable,motto,https://apply.workable.com/motto,0
workable,mowtakoma,https://apply.workable.com/mowtakoma,0
workable,mri,https://apply.workable.com/mri,0
workable,ms,https://apply.workable.com/ms,0
workable,muddybites,https://apply.workable.com/muddybites,0
workable,mullers-solutions-1,https://apply.workable.com/mullers-solutions-1,633
workable,moviepass,https://apply.workable.com/moviepass,0
workable,mull-it,https://apply.workable.com/mull-it,0
workable,mybuilder,https://apply.workable.com/mybuilder,0
workable,mitsis-group,https://apply.workable.com/mitsis-group,132
workable,mhoodle-1,https://apply.workable.com/mhoodle-1,0
workable,musixmatch,apply.workable.com/musixmatch,0
workable,mustard-systems,https://apply.workable.com/mustard-systems,2
workable,mutualmobile,https://apply.workable.com/mutualmobile,0
workable,mvnifest,https://apply.workable.com/mvnifest,0
workable,my-company,https://apply.workable.com/my-company,0
workable,mysigrid,https://apply.workable.com/mysigrid,12
workable,mysociety,https://apply.workable.com/mysociety,0
workable,mygmail,https://apply.workable.com/mygmail,0
workable,murray-franklyn,apply.workable.com/murray-franklyn,0
workable,naehas,https://apply.workable.com/naehas,1
workable,nalamoney,https://apply.workable.com/nalamoney,7
workable,naira-world,https://apply.workable.com/naira-world,0
workable,multiverse,https://apply.workable.com/multiverse,0
workable,multimediacl,apply.workable.com/multimediacl,0
workable,nara-logics,https://apply.workable.com/nara-logics,0
workable,natilus,https://apply.workable.com/natilus,5
workable,nacmarketing,https://apply.workable.com/nacmarketing,0
workable,motivo,https://apply.workable.com/motivo,0
workable,nestle-waters-north-america,apply.workable.com/nestle-waters-north-america,0
workable,neato-robotics,https://neato-robotics.workable.com,0
workable,new-alchemy,https://apply.workable.com/new-alchemy,0
workable,netcetera,https://apply.workable.com/netcetera,17
workable,netmow,https://apply.workable.com/netmow,0
workable,networx-1,https://apply.workable.com/networx-1,0
workable,musicradiocreative,https://musicradiocreative.workable.com,0
workable,neveo-1,https://apply.workable.com/neveo-1,0
workable,neutral-digital,https://apply.workable.com/neutral-digital,0
workable,new-casino-canada,https://apply.workable.com/new-casino-canada,0
workable,new-flyer,https://apply.workable.com/new-flyer,78
workable,nobox-hr-outsourcing-solutions,https://apply.workable.com/nobox-hr-outsourcing-solutions,4
workable,narrative-muse,https://apply.workable.com/narrative-muse,0
workable,next-job-abroad,https://apply.workable.com/next-job-abroad,2720
workable,ninacare,https://apply.workable.com/ninacare,0
workable,noice,https://apply.workable.com/noice,0
workable,nogigiddy,https://apply.workable.com/nogigiddy,1822
workable,nomad-lane,https://apply.workable.com/nomad-lane,0
workable,niki-mepe,https://apply.workable.com/niki-mepe,43
workable,nomadglobal,https://apply.workable.com/nomadglobal,0
workable,novafori,https://apply.workable.com/novafori,0
workable,novemberfive,https://apply.workable.com/novemberfive,10
workable,nomadix,https://apply.workable.com/nomadix,0
workable,novonordiskfoundation,https://apply.workable.com/novonordiskfoundation,4
workable,noxx,https://apply.workable.com/noxx,0
workable,nozio,https://apply.workable.com/nozio,0
workable,nursingusa,https://nursingusa.workable.com,0
workable,ookla,https://apply.workable.com/ookla,0
workable,packlink,https://apply.workable.com/packlink,0
workable,opentelemed-services,https://apply.workable.com/opentelemed-services,0
workable,opera-bioscience,https://apply.workable.com/opera-bioscience,0
workable,operata-jobs,https://apply.workable.com/operata-jobs,0
workable,opinion-stage,https://apply.workable.com/opinion-stage,0
workable,opko,https://apply.workable.com/opko,0
workable,opna,https://apply.workable.com/opna,0
workable,oppidaneducation,https://apply.workable.com/oppidaneducation,0
workable,oliva1,https://apply.workable.com/oliva1,0
workable,oprema,https://apply.workable.com/oprema,0
workable,onetrack,https://apply.workable.com/onetrack,8
workable,opreto,https://apply.workable.com/opreto,2
workable,pappas-physical-and-hand-therapy,https://apply.workable.com/pappas-physical-and-hand-therapy,0
workable,optimegroup,https://apply.workable.com/optimegroup,65
workable,optimisemedia,https://apply.workable.com/optimisemedia,0
workable,outdoorflics,https://apply.workable.com/outdoorflics,0
workable,optix,https://apply.workable.com/optix,3
workable,optimiza-4,https://apply.workable.com/optimiza-4,135
workable,omnipresent-group,https://apply.workable.com/omnipresent-group,0
workable,opus2,https://apply.workable.com/opus2,12
workable,opzionibinarie,https://apply.workable.com/opzionibinarie,0
workable,outsource-access,https://apply.workable.com/outsource-access,0
workable,omnimedcenter,https://apply.workable.com/omnimedcenter,0
workable,pairedrecruiting,https://apply.workable.com/pairedrecruiting,161
workable,open-systems-healthcare-3,https://apply.workable.com/open-systems-healthcare-3,0
workable,orangeadvertising,https://apply.workable.com/orangeadvertising,0
workable,orb,https://apply.workable.com/orb,0
workable,ortomnadal,https://ortomnadal.workable.com,0
workable,orderyoyo,https://apply.workable.com/orderyoyo,0
workable,one-park-financial,https://apply.workable.com/one-park-financial,25
workable,parse-server,https://apply.workable.com/parse-server,0
workable,par8o,https://apply.workable.com/par8o,0
workable,paragon-recruitment-services,https://apply.workable.com/paragon-recruitment-services,0
workable,paragon-fitwear,https://apply.workable.com/paragon-fitwear,0
workable,owlet-baby-care-1,https://apply.workable.com/owlet-baby-care-1,4
workable,patientiq,https://apply.workable.com/patientiq,2
workable,partnership-for-learning,https://apply.workable.com/partnership-for-learning,0
workable,pathwaycom,https://apply.workable.com/pathwaycom,15
workable,phewuk,https://apply.workable.com/phewuk,0
workable,pawprint,https://apply.workable.com/pawprint,0
workable,paradigmacademy,https://apply.workable.com/paradigmacademy,0
workable,perfect-keto,https://apply.workable.com/perfect-keto,0
workable,pelesoccer,apply.workable.com/pelesoccer,2
workable,phia,https://apply.workable.com/phia,0
workable,pedalheads,https://apply.workable.com/pedalheads,0
workable,perfect-storm-studios,https://apply.workable.com/perfect-storm-studios,0
workable,paxful,https://apply.workable.com/paxful,0
workable,perceptionir,https://apply.workable.com/perceptionir,0
workable,phasecraft-1,https://apply.workable.com/phasecraft-1,15
workable,physera,apply.workable.com/physera,0
workable,pinefield,apply.workable.com/pinefield,0
workable,pink-joint,apply.workable.com/pink-joint,0
workable,petbuddy,apply.workable.com/petbuddy,0
workable,pinkgg,https://apply.workable.com/pinkgg,0
workable,perimeter-security-partners,https://apply.workable.com/perimeter-security-partners,0
workable,pinterest,apply.workable.com/pinterest,0
workable,perceptronics-solutions,https://apply.workable.com/perceptronics-solutions,0
workable,pirate-studios,https://apply.workable.com/pirate-studios,1
workable,pipingrock,https://apply.workable.com/pipingrock,0
workable,pitch-marketing-group,https://apply.workable.com/pitch-marketing-group,0
workable,piscines-ideales,https://apply.workable.com/piscines-ideales,0
workable,permanent,https://apply.workable.com/permanent,0
workable,pismo,https://apply.workable.com/pismo,0
workable,pixel-machinery,https://apply.workable.com/pixel-machinery,0
workable,pitch-software,https://apply.workable.com/pitch-software,1
workable,persado,https://apply.workable.com/persado,3
workable,pixelcreative,https://apply.workable.com/pixelcreative,0
workable,pixelynx,https://apply.workable.com/pixelynx,0
workable,pixelacademy,https://apply.workable.com/pixelacademy,0
workable,pixona-dot-i-o,https://apply.workable.com/pixona-dot-i-o,0
workable,pixelogicmedia,https://apply.workable.com/pixelogicmedia,35
workable,pixual,https://apply.workable.com/pixual,0
workable,pj-fitzpatrick-1,https://apply.workable.com/pj-fitzpatrick-1,0
workable,pkv,https://apply.workable.com/pkv,0
workable,pkkcareers,https://apply.workable.com/pkkcareers,0
workable,placewise,https://apply.workable.com/placewise,0
workable,pkvpokeronline,https://apply.workable.com/pkvpokeronline,0
workable,plain,https://apply.workable.com/plain,0
workable,placements-io,https://placements-io.workable.com,0
workable,place-estate-agents,https://apply.workable.com/place-estate-agents,0
workable,petitesweets,https://petitesweets.workable.com,0
workable,plan-it-out,https://apply.workable.com/plan-it-out,0
workable,planar-systems,https://apply.workable.com/planar-systems,28
workable,planday,https://apply.workable.com/planday,0
workable,planet-sa-international,https://apply.workable.com/planet-sa-international,1
workable,planetcast-media-services-limited,https://apply.workable.com/planetcast-media-services-limited,0
workable,planetart,https://apply.workable.com/planetart,7
workable,planhotel-hospitality-group-resorts-hotels-and-spa,https://apply.workable.com/planhotel-hospitality-group-resorts-hotels-and-spa,0
workable,playgroundapp,https://apply.workable.com/playgroundapp,0
workable,plataformatec,https://apply.workable.com/plataformatec,0
workable,playgroundtechnologies,https://apply.workable.com/playgroundtechnologies,0
workable,playmirai,apply.workable.com/playmirai,9
workable,playworks-indiana,https://apply.workable.com/playworks-indiana,0
workable,playrmakr,https://playrmakr.workable.com,0
workable,plaza-healthcare,https://apply.workable.com/plaza-healthcare,2
workable,plnar,https://apply.workable.com/plnar,0
workable,plotagon-production-ab,https://apply.workable.com/plotagon-production-ab,0
workable,plexium,https://apply.workable.com/plexium,0
workable,pliik-ag,https://apply.workable.com/pliik-ag,0
workable,pleasant-air-inc,https://apply.workable.com/pleasant-air-inc,0
workable,poc-pharma,https://apply.workable.com/poc-pharma,0
workable,printed,https://apply.workable.com/printed,3
workable,point3,https://apply.workable.com/point3,0
workable,pointsource,https://apply.workable.com/pointsource,0
workable,pockee,https://apply.workable.com/pockee,0
workable,policyfly,https://apply.workable.com/policyfly,0
workable,polson-higgs,https://apply.workable.com/polson-higgs,0
workable,plumelabs,https://apply.workable.com/plumelabs,0
workable,pointivo,https://apply.workable.com/pointivo,0
workable,powtoon,https://apply.workable.com/powtoon,5
workable,picstars,https://apply.workable.com/picstars,0
workable,popgear,https://apply.workable.com/popgear,0
workable,pilot,https://apply.workable.com/pilot,0
workable,popcorn,https://apply.workable.com/popcorn,0
workable,popsugar-studios,https://apply.workable.com/popsugar-studios,0
workable,portabl,https://apply.workable.com/portabl,0
workable,porter-corp,https://apply.workable.com/porter-corp,0
workable,portex,https://apply.workable.com/portex,0
workable,positive-carbon,https://apply.workable.com/positive-carbon,0
workable,positiv-cohort,https://apply.workable.com/positiv-cohort,13
workable,printfresh,https://apply.workable.com/printfresh,5
workable,poptin,https://apply.workable.com/poptin,0
workable,premier-foods-asia,apply.workable.com/premier-foods-asia,0
workable,priority-care,https://apply.workable.com/priority-care,8
workable,priorityquality,https://apply.workable.com/priorityquality,15
workable,powered-by-flossie,https://apply.workable.com/powered-by-flossie,0
workable,profile-sw,apply.workable.com/profile-sw,24
workable,pure-yoga,https://apply.workable.com/pure-yoga,1
workable,pteconsulting,https://apply.workable.com/pteconsulting,12
workable,purple-wifi,https://apply.workable.com/purple-wifi,3
workable,propello-cloud,https://apply.workable.com/propello-cloud,0
workable,qlector,https://apply.workable.com/qlector,0
workable,prorehab-physical-therapy,https://apply.workable.com/prorehab-physical-therapy,0
workable,qodea,https://apply.workable.com/qodea,39
workable,qodeworld,https://apply.workable.com/qodeworld,162
workable,qualco,https://apply.workable.com/qualco,0
workable,quant-3,https://apply.workable.com/quant-3,0
workable,quantic-1,https://apply.workable.com/quantic-1,1
workable,quantsapp-1,apply.workable.com/quantsapp-1,0
workable,prx,https://apply.workable.com/prx,0
workable,quantum-compliance,https://apply.workable.com/quantum-compliance,0
workable,quantummark,https://apply.workable.com/quantummark,0
workable,quasar,https://apply.workable.com/quasar,0
workable,quattro-consulting,https://apply.workable.com/quattro-consulting,0
workable,qoala,https://apply.workable.com/qoala,0
workable,radicalio,https://apply.workable.com/radicalio,1
workable,punchkick-interactive,https://apply.workable.com/punchkick-interactive,0
workable,rakuten-marketing-1,https://apply.workable.com/rakuten-marketing-1,0
workable,rand-labs,https://apply.workable.com/rand-labs,0
workable,rcds,https://apply.workable.com/rcds,5
workable,recargapay,https://apply.workable.com/recargapay,8
workable,reqroo,apply.workable.com/reqroo,0
workable,red-rabbit-robotics,https://apply.workable.com/red-rabbit-robotics,2
workable,redelastic,https://apply.workable.com/redelastic,0
workable,ree-medical,https://apply.workable.com/ree-medical,3
workable,rebeccas-mom-leotards,https://apply.workable.com/rebeccas-mom-leotards,0
workable,reeds,https://apply.workable.com/reeds,127
workable,refersion,https://apply.workable.com/refersion,0
workable,rapyuta-robotics,https://apply.workable.com/rapyuta-robotics,34
workable,routable,apply.workable.com/routable,0
workable,r-dot-a-d-global,https://apply.workable.com/r-dot-a-d-global,0
workable,regen-foundation,https://apply.workable.com/regen-foundation,0
workable,reframe,https://apply.workable.com/reframe,0
workable,refloor,https://apply.workable.com/refloor,69
workable,regatta-solutions-group-inc,https://apply.workable.com/regatta-solutions-group-inc,0
workable,reimagine-politics-foundation,https://apply.workable.com/reimagine-politics-foundation,0
workable,rcbpi,https://apply.workable.com/rcbpi,6
workable,rateyourseats,https://apply.workable.com/rateyourseats,0
workable,reiterate,https://apply.workable.com/reiterate,0
workable,restopolitan-2,https://restopolitan-2.workable.com,0
workable,release-recovery,https://apply.workable.com/release-recovery,10
workable,rditrials,apply.workable.com/rditrials,6
workable,relay-technologies-1,https://apply.workable.com/relay-technologies-1,0
workable,relequint,https://apply.workable.com/relequint,0
workable,remodel-health,https://remodel-health.workable.com,0
workable,renderz,https://apply.workable.com/renderz,0
workable,reno-behavioral-healthcare-hospital-1,https://apply.workable.com/reno-behavioral-healthcare-hospital-1,21
workable,republiclive,https://apply.workable.com/republiclive,0
workable,resident-advisor,https://apply.workable.com/resident-advisor,0
workable,refunite,https://apply.workable.com/refunite,0
workable,redcanary,https://apply.workable.com/redcanary,0
workable,rapdev,https://apply.workable.com/rapdev,0
workable,resonant-link-medical,https://apply.workable.com/resonant-link-medical,6
workable,resonate-solutions,https://apply.workable.com/resonate-solutions,0
workable,remote-recruit,https://apply.workable.com/remote-recruit,0
workable,resource-media,https://apply.workable.com/resource-media,0
workable,roostermoney,https://roostermoney.workable.com,0
workable,sago-group,apply.workable.com/sago-group,22
workable,salad-and-go,https://salad-and-go.workable.com,0
workable,sandalwood-engineering-and-ergonomics,apply.workable.com/sandalwood-engineering-and-ergonomics,14
workable,san-diego-foundation,apply.workable.com/san-diego-foundation,1
workable,salesfolks,apply.workable.com/salesfolks,0
workable,roller-software,apply.workable.com/roller-software,0
workable,salla,apply.workable.com/salla,34
workable,saminavantia,apply.workable.com/saminavantia,0
workable,samaritan-village,https://samaritan-village.workable.com,0
workable,salttechno,apply.workable.com/salttechno,0
workable,samcart,apply.workable.com/samcart,0
workable,sam-18,apply.workable.com/sam-18,0
workable,rushable,apply.workable.com/rushable,0
workable,san-francisco-wine-trading-company-1,apply.workable.com/san-francisco-wine-trading-company-1,0
workable,scout-clean-energy,apply.workable.com/scout-clean-energy,22
workable,sanction-scanner,apply.workable.com/sanction-scanner,10
workable,saritasa,https://saritasa.workable.com,0
workable,satori-analytics-1,apply.workable.com/satori-analytics-1,17
workable,sandyhillchc,https://sandyhillchc.workable.com,4
workable,rpmltd,https://rpmltd.workable.com,4
workable,sans-2,apply.workable.com/sans-2,6
workable,sangoma-3,apply.workable.com/sangoma-3,49
workable,rjl-development,https://rjl-development.workable.com,0
workable,satellitevu,apply.workable.com/satellitevu,1
workable,satoshi-energy,apply.workable.com/satoshi-energy,5
workable,sandpiper-productions,apply.workable.com/sandpiper-productions,511
workable,saveup,https://saveup.workable.com,0
workable,savannah-suites-hotel,https://savannah-suites-hotel.workable.com,0
workable,savvytalent,apply.workable.com/savvytalent,5
workable,scalable,apply.workable.com/scalable,5
workable,savoteur,https://savoteur.workable.com,0
workable,scalepex,apply.workable.com/scalepex,52
workable,scalingcom,apply.workable.com/scalingcom,4
workable,scale-virtually,apply.workable.com/scale-virtually,20
workable,safrangroup,apply.workable.com/safrangroup,12
workable,seadev,apply.workable.com/seadev,3
workable,searchcore,https://searchcore.workable.com,0
workable,searchplus-hr-4,apply.workable.com/searchplus-hr-4,0
workable,secondmuse,apply.workable.com/secondmuse,0
workable,seedlegals,https://seedlegals.workable.com,3
workable,seervision,apply.workable.com/seervision,0
workable,semios,apply.workable.com/semios,25
workable,ruvixx,apply.workable.com/ruvixx,0
workable,sendinc,apply.workable.com/sendinc,0
workable,sei-asia,https://sei-asia.workable.com,0
workable,seniorverse,apply.workable.com/seniorverse,0
workable,senuto,https://senuto.workable.com,0
workable,sentec,apply.workable.com/sentec,45
workable,seon-technologies-1,apply.workable.com/seon-technologies-1,0
workable,servishero,https://servishero.workable.com,0
workable,session-ai,apply.workable.com/session-ai,0
workable,sessionsii,apply.workable.com/sessionsii,0
workable,sezane-3,apply.workable.com/sezane-3,99
workable,shelter-house,apply.workable.com/shelter-house,21
workable,saicusa,https://saicusa.workable.com,0
workable,seosherpa,apply.workable.com/seosherpa,6
workable,securibox,apply.workable.com/securibox,0
workable,shift-robotics,apply.workable.com/shift-robotics,4
workable,shield-1,apply.workable.com/shield-1,19
workable,roark-capital,apply.workable.com/roark-capital,0
workable,roland-associates,apply.workable.com/roland-associates,0
workable,sealanddesign,apply.workable.com/sealanddesign,14
workable,shinesty,https://shinesty.workable.com,22
workable,simpleciti,apply.workable.com/simpleciti,9
workable,simple-mills-9,apply.workable.com/simple-mills-9,5
workable,sinch,apply.workable.com/sinch,0
workable,silae,apply.workable.com/silae,0
workable,scorpio-electric,apply.workable.com/scorpio-electric,0
workable,shippo,https://shippo.workable.com,0
workable,shadow-light-studios,apply.workable.com/shadow-light-studios,126
workable,shepard-exposition-services,apply.workable.com/shepard-exposition-services,13
workable,silexica,https://silexica.workable.com,0
workable,sketchdeck,https://sketchdeck.workable.com,1
workable,skiller-whale,apply.workable.com/skiller-whale,3
workable,sh24,apply.workable.com/sh24,0
workable,sketchpro-ai,apply.workable.com/sketchpro-ai,1
workable,skinanalytics,apply.workable.com/skinanalytics,0
workable,shiftleft,https://shiftleft.workable.com,0
workable,shamanism,https://shamanism.workable.com,0
workable,secheron-s-dot-a,apply.workable.com/secheron-s-dot-a,113
workable,securityriskadvisors,apply.workable.com/securityriskadvisors,6
workable,seksaria,https://seksaria.workable.com,0
workable,skimmer,apply.workable.com/skimmer,0
workable,seprod-limited,apply.workable.com/seprod-limited,13
workable,seo-dot-io,https://seo-dot-io.workable.com,0
workable,sherocommerce,apply.workable.com/sherocommerce,0
workable,sequel,apply.workable.com/sequel,0
workable,sjf-ventures,https://sjf-ventures.workable.com,0
workable,skipsolabs,https://skipsolabs.workable.com,0
workable,sheetag,https://sheetag.workable.com,0
workable,shapescale,https://shapescale.workable.com,0
workable,skiplagged,https://skiplagged.workable.com,0
workable,shedul,https://shedul.workable.com,0
workable,sivvi,apply.workable.com/sivvi,0
workable,service-america,https://service-america.workable.com,0
workable,shc-the-arc-of-medina,https://shc-the-arc-of-medina.workable.com,3
workable,sjcpl,apply.workable.com/sjcpl,3
workable,sephora-sea,apply.workable.com/sephora-sea,0
workable,serenityag,apply.workable.com/serenityag,0
workable,skinandme,apply.workable.com/skinandme,11
workable,shecodes,apply.workable.com/shecodes,0
workable,skeepers,apply.workable.com/skeepers,0
workable,skycell-ag,apply.workable.com/skycell-ag,24
workable,skrapp,apply.workable.com/skrapp,0
workable,seven-titans,apply.workable.com/seven-titans,0
workable,siceanz,apply.workable.com/siceanz,0
workable,sky-mavis,apply.workable.com/sky-mavis,0
workable,sideinc,apply.workable.com/sideinc,356
workable,solidcore,apply.workable.com/solidcore,0
workable,skygig,apply.workable.com/skygig,2
workable,sicoa,https://sicoa.workable.com,0
workable,skufler,apply.workable.com/skufler,0
workable,sidetrade,apply.workable.com/sidetrade,31
workable,shs-incorporated,https://shs-incorporated.workable.com,0
workable,shipenergy,apply.workable.com/shipenergy,0
workable,shiftmove,apply.workable.com/shiftmove,42
workable,slb,apply.workable.com/slb,0
workable,shillington,https://shillington.workable.com,0
workable,shop-and-ship,apply.workable.com/shop-and-ship,0
workable,skyports,apply.workable.com/skyports,0
workable,slatecleaning,apply.workable.com/slatecleaning,138
workable,skylight,https://skylight.workable.com,0
workable,shockbyte,apply.workable.com/shockbyte,10
workable,sokol-gxp-serivces,https://apply.workable.com/sokol-gxp-serivces,10
workable,slate-flosser,apply.workable.com/slate-flosser,1
workable,signal,https://signal.workable.com,0
workable,smart-financial,apply.workable.com/smart-financial,4
workable,shipa,apply.workable.com/shipa,14
workable,sleek-events,apply.workable.com/sleek-events,3
workable,skype,apply.workable.com/skype,0
workable,showmojo,https://showmojo.workable.com,0
workable,simondata,https://simondata.workable.com,0
workable,smartcrowd,apply.workable.com/smartcrowd,0
workable,skylight-frame,apply.workable.com/skylight-frame,15
workable,simple-machines-3,apply.workable.com/simple-machines-3,15
workable,smdiversity,https://apply.workable.com/smdiversity,0
workable,shippabo,apply.workable.com/shippabo,0
workable,silvertree,https://silvertree.workable.com,0
workable,sigtech,apply.workable.com/sigtech,0
workable,slick,https://slick.workable.com,0
workable,shinetext,https://shinetext.workable.com,0
workable,smallaxe,apply.workable.com/smallaxe,0
workable,smart-consulting-group,https://smart-consulting-group.workable.com,0
workable,smartergood,apply.workable.com/smartergood,0
workable,sigmadefense,apply.workable.com/sigmadefense,36
workable,slip-robotics,apply.workable.com/slip-robotics,29
workable,smart-apartment-data,apply.workable.com/smart-apartment-data,24
workable,shipmonk,https://shipmonk.workable.com,0
workable,shipster,https://shipster.workable.com,0
workable,shipbob,https://shipbob.workable.com,0
workable,smartfinancial,apply.workable.com/smartfinancial,21
workable,silvur,apply.workable.com/silvur,4
workable,snappibank,https://apply.workable.com/snappibank,10
workable,sincere,apply.workable.com/sincere,3
workable,snackmagic,https://apply.workable.com/snackmagic,0
workable,so-energy,https://apply.workable.com/so-energy,0
workable,snapstream-media,https://apply.workable.com/snapstream-media,0
workable,snk,https://apply.workable.com/snk,4
workable,soar-with-us,https://apply.workable.com/soar-with-us,73
workable,social-fulcrum-2,https://apply.workable.com/social-fulcrum-2,0
workable,social-venture-partners-connecticut1,https://apply.workable.com/social-venture-partners-connecticut1,0
workable,socialcarehubjobs,https://apply.workable.com/socialcarehubjobs,0
workable,socialbase,https://apply.workable.com/socialbase,0
workable,socialvalueportal,https://apply.workable.com/socialvalueportal,0
workable,socialsweethearts,https://apply.workable.com/socialsweethearts,1
workable,socialtalent,https://apply.workable.com/socialtalent,0
workable,sodamedia,https://apply.workable.com/sodamedia,0
workable,socyle,https://apply.workable.com/socyle,0
workable,softheon,https://apply.workable.com/softheon,1
workable,soft-services,https://apply.workable.com/soft-services,1
workable,slasify,apply.workable.com/slasify,1
workable,sihamco,apply.workable.com/sihamco,42
workable,smoothie-solutions,https://apply.workable.com/smoothie-solutions,0
workable,smappee,apply.workable.com/smappee,18
workable,skywalker,https://skywalker.workable.com,0
workable,socialradar,https://apply.workable.com/socialradar,0
workable,slk-development,apply.workable.com/slk-development,0
workable,sinedigital,apply.workable.com/sinedigital,0
workable,smashingboxes,https://apply.workable.com/smashingboxes,0
workable,smeventures,https://apply.workable.com/smeventures,6
workable,shopventory,https://shopventory.workable.com,0
workable,solance,https://apply.workable.com/solance,10
workable,smeetz,https://apply.workable.com/smeetz,9
workable,softomotive,https://apply.workable.com/softomotive,0
workable,society-awards,apply.workable.com/society-awards,0
workable,smartupio,https://apply.workable.com/smartupio,0
workable,snap-tite-hose,https://apply.workable.com/snap-tite-hose,0
workable,smartryde,https://apply.workable.com/smartryde,0
workable,shipbird,apply.workable.com/shipbird,0
workable,smile-communications-nigeria,https://apply.workable.com/smile-communications-nigeria,0
workable,smooj,https://apply.workable.com/smooj,0
workable,smovin,https://apply.workable.com/smovin,0
workable,softship,apply.workable.com/softship,0
workable,smileio,https://apply.workable.com/smileio,0
workable,solar-energy-solutions,https://apply.workable.com/solar-energy-solutions,18
workable,softeta,https://apply.workable.com/softeta,7
workable,sommelier,https://apply.workable.com/sommelier,0
workable,software-competitiveness-international,https://apply.workable.com/software-competitiveness-international,0
workable,simprints,apply.workable.com/simprints,10
workable,showforce-uk,apply.workable.com/showforce-uk,3
workable,soneta-pty-ltd,apply.workable.com/soneta-pty-ltd,0
workable,solarcity,apply.workable.com/solarcity,0
workable,soko-inc,https://apply.workable.com/soko-inc,0
workable,softhq-1,https://apply.workable.com/softhq-1,0
workable,softone-technologies-s-a,https://apply.workable.com/softone-technologies-s-a,0
workable,smartcommerce,apply.workable.com/smartcommerce,0
workable,soda-data-nv,https://apply.workable.com/soda-data-nv,4
workable,softway-ltd,https://apply.workable.com/softway-ltd,0
workable,solawave,apply.workable.com/solawave,0
workable,snbla,https://apply.workable.com/snbla,0
workable,sony-corporation-of-america,https://apply.workable.com/sony-corporation-of-america,0
workable,solve-finance,https://apply.workable.com/solve-finance,0
workable,signkick,https://signkick.workable.com,0
workable,social-sampling-2,https://apply.workable.com/social-sampling-2,0
workable,sonarhome,https://sonarhome.workable.com,0
workable,smartstay,https://apply.workable.com/smartstay,3
workable,soma-capital,https://apply.workable.com/soma-capital,0
workable,smtp2go,https://apply.workable.com/smtp2go,0
workable,snubes,https://apply.workable.com/snubes,0
workable,solar-alternatives,https://apply.workable.com/solar-alternatives,11
workable,sorting-robotics,https://apply.workable.com/sorting-robotics,12
workable,sortly,https://apply.workable.com/sortly,0
workable,sohail-smart-solution,apply.workable.com/sohail-smart-solution,0
workable,soulbound,https://apply.workable.com/soulbound,6
workable,soar-software-development-company,https://apply.workable.com/soar-software-development-company,10
workable,spines,https://apply.workable.com/spines,19
workable,soulhouse,https://apply.workable.com/soulhouse,19
workable,sound-brands,https://apply.workable.com/sound-brands,0
workable,sourcecode-communications,https://apply.workable.com/sourcecode-communications,1
workable,sohbetodalari,https://apply.workable.com/sohbetodalari,0
workable,songshift-llc,https://apply.workable.com/songshift-llc,0
workable,sonetel,https://sonetel.workable.com,0
workable,solutions3-llc,apply.workable.com/solutions3-llc,0
workable,southern-california-university-of-health-sciences,https://apply.workable.com/southern-california-university-of-health-sciences,0
workable,sope,https://apply.workable.com/sope,0
workable,sorted,https://apply.workable.com/sorted,0
workable,solarconnect,https://apply.workable.com/solarconnect,0
workable,somnoware,https://apply.workable.com/somnoware,0
workable,somersetcm,https://apply.workable.com/somersetcm,0
workable,soundrivers,https://apply.workable.com/soundrivers,0
workable,south-country-equipment,https://apply.workable.com/south-country-equipment,5
workable,soullabs-echelon,https://apply.workable.com/soullabs-echelon,0
workable,space-coast-credit-union,https://apply.workable.com/space-coast-credit-union,0
workable,spark-car-wash,https://apply.workable.com/spark-car-wash,16
workable,southern-showers,https://apply.workable.com/southern-showers,16
workable,spa-sydell-ia,https://apply.workable.com/spa-sydell-ia,0
workable,space150,https://apply.workable.com/space150,7
workable,sparta-science,https://apply.workable.com/sparta-science,0
workable,spark-networks,https://apply.workable.com/spark-networks,0
workable,spaceinch,https://apply.workable.com/spaceinch,4
workable,space48,https://apply.workable.com/space48,0
workable,south-florida-after-school-all-stars,apply.workable.com/south-florida-after-school-all-stars,2
workable,space-media-jsc,https://apply.workable.com/space-media-jsc,0
workable,spacetalk,https://apply.workable.com/spacetalk,0
workable,speak4,https://apply.workable.com/speak4,0
workable,spacefultechnologies,https://apply.workable.com/spacefultechnologies,0
workable,spaceboat,https://spaceboat.workable.com,0
workable,southwest-regional-communications-center,https://apply.workable.com/southwest-regional-communications-center,0
workable,sourced-by,apply.workable.com/sourced-by,0
workable,sp-associates,https://apply.workable.com/sp-associates,15
workable,spate,https://apply.workable.com/spate,3
workable,space-forge-ltd,https://apply.workable.com/space-forge-ltd,1
workable,sparkers,https://apply.workable.com/sparkers,0
workable,southern-careers-institute,https://apply.workable.com/southern-careers-institute,0
workable,sparkplug,https://apply.workable.com/sparkplug,1
workable,spark-solutions,https://apply.workable.com/spark-solutions,1
workable,spark64,https://apply.workable.com/spark64,0
workable,southern-skye,https://apply.workable.com/southern-skye,0
workable,sovrun,https://apply.workable.com/sovrun,0
workable,spabreaks,https://apply.workable.com/spabreaks,0
workable,spin-global,apply.workable.com/spin-global,0
workable,sparkbox,https://apply.workable.com/sparkbox,0
workable,spring-fertility,https://apply.workable.com/spring-fertility,0
workable,sparksuite,https://apply.workable.com/sparksuite,0
workable,spidergap,https://apply.workable.com/spidergap,0
workable,sparkol-1,https://apply.workable.com/sparkol-1,0
workable,sparx-engineering,https://apply.workable.com/sparx-engineering,1
workable,space-talents,https://apply.workable.com/space-talents,0
workable,sparkcharge,https://apply.workable.com/sparkcharge,0
workable,spirair-inc,https://apply.workable.com/spirair-inc,2
workable,spimedia,https://apply.workable.com/spimedia,0
workable,sparkfun-electronics-2,apply.workable.com/sparkfun-electronics-2,5
workable,speakol,https://apply.workable.com/speakol,0
workable,spartan-logistics-2,https://apply.workable.com/spartan-logistics-2,0
workable,sparcnational,https://apply.workable.com/sparcnational,0
workable,spindrift,https://apply.workable.com/spindrift,9
workable,splashbi,https://splashbi.workable.com,0
workable,splyce,https://apply.workable.com/splyce,0
workable,spartan-junk-removal,https://spartan-junk-removal.workable.com,0
workable,staffingreferrals,https://apply.workable.com/staffingreferrals,0
workable,special-projects,apply.workable.com/special-projects,0
workable,spiria,https://apply.workable.com/spiria,0
workable,sphynx,https://apply.workable.com/sphynx,18
workable,spiffy,https://apply.workable.com/spiffy,0
workable,speachme-rocks,https://apply.workable.com/speachme-rocks,0
workable,sperasoft,https://apply.workable.com/sperasoft,99
workable,spn-solutions,https://apply.workable.com/spn-solutions,0
workable,spokane-workers-cooperative,https://apply.workable.com/spokane-workers-cooperative,0
workable,splash-marketing-llc,https://apply.workable.com/splash-marketing-llc,0
workable,spree-commerce,https://apply.workable.com/spree-commerce,0
workable,spot-pet-insurance,https://apply.workable.com/spot-pet-insurance,0
workable,spotted-zebra,https://apply.workable.com/spotted-zebra,5
workable,spring-theory,https://apply.workable.com/spring-theory,0
workable,springbot,https://apply.workable.com/springbot,0
workable,spur,https://apply.workable.com/spur,3
workable,spring-for-creators,https://apply.workable.com/spring-for-creators,0
workable,spotlightsportsgroup,https://apply.workable.com/spotlightsportsgroup,3
workable,springloadjobs,https://apply.workable.com/springloadjobs,0
workable,squadio23,https://apply.workable.com/squadio23,52
workable,squad,https://apply.workable.com/squad,0
workable,springboard-collaborative,https://apply.workable.com/springboard-collaborative,0
workable,ssci,https://apply.workable.com/ssci,8
workable,sproutvideo,https://apply.workable.com/sproutvideo,0
workable,springfield-real-estate,https://apply.workable.com/springfield-real-estate,0
workable,spruce-2,https://apply.workable.com/spruce-2,0
workable,sprinque,https://apply.workable.com/sprinque,0
workable,square-enix,https://apply.workable.com/square-enix,3
workable,ssc-hr,https://apply.workable.com/ssc-hr,135
workable,squaretwo-inc,https://apply.workable.com/squaretwo-inc,0
workable,squadformers,https://apply.workable.com/squadformers,0
workable,st-dot-mary-of-the-assumption-high-school,https://apply.workable.com/st-dot-mary-of-the-assumption-high-school,0
workable,squadron-energy,https://apply.workable.com/squadron-energy,0
workable,sqli-london,https://apply.workable.com/sqli-london,0
workable,springbok-ai,https://apply.workable.com/springbok-ai,0
workable,st-lukes-school,https://apply.workable.com/st-lukes-school,12
workable,squared-away,https://apply.workable.com/squared-away,4
workable,standard-ledger,https://apply.workable.com/standard-ledger,0
workable,square,https://apply.workable.com/square,0
workable,ssccpas,https://apply.workable.com/ssccpas,8
workable,stanhope-capital,apply.workable.com/stanhope-capital,0
workable,staffright-1,https://apply.workable.com/staffright-1,11
workable,st-louis-composting-inc,https://apply.workable.com/st-louis-composting-inc,0
workable,state51-music-group,https://apply.workable.com/state51-music-group,0
workable,sree,https://sree.workable.com,0
workable,standing-on-giants,https://apply.workable.com/standing-on-giants,0
workable,square-enix-america,https://apply.workable.com/square-enix-america,0
workable,staq,https://apply.workable.com/staq,0
workable,stadiumenterprises,https://apply.workable.com/stadiumenterprises,0
workable,statara-solutions,https://apply.workable.com/statara-solutions,1
workable,stem-from-dance,https://apply.workable.com/stem-from-dance,4
workable,starwoodmedspa,https://apply.workable.com/starwoodmedspa,0
workable,stingray-branding,https://apply.workable.com/stingray-branding,0
workable,stick-sports,https://apply.workable.com/stick-sports,0
workable,stereolabs,apply.workable.com/stereolabs,0
workable,startupbros,apply.workable.com/startupbros,0
workable,stackr-labs,https://apply.workable.com/stackr-labs,0
workable,sterling-pacific,https://apply.workable.com/sterling-pacific,0
workable,staxpayments,https://apply.workable.com/staxpayments,0
workable,stemboard,https://apply.workable.com/stemboard,0
workable,stirling-qr,https://apply.workable.com/stirling-qr,0
workable,state31wines,https://apply.workable.com/state31wines,0
workable,statistics-and-data-corporation-sdc,https://apply.workable.com/statistics-and-data-corporation-sdc,2
workable,startupvoyager,https://apply.workable.com/startupvoyager,0
workable,stiincgroup,https://apply.workable.com/stiincgroup,0
workable,stitchmoney,https://apply.workable.com/stitchmoney,0
workable,startup-san-diego,https://apply.workable.com/startup-san-diego,0
workable,stileeducation,https://apply.workable.com/stileeducation,0
workable,stemcell-technologies-uk-ltd,apply.workable.com/stemcell-technologies-uk-ltd,0
workable,stone-press,https://apply.workable.com/stone-press,0
workable,stilt,https://apply.workable.com/stilt,0
workable,stoneage-inc,https://apply.workable.com/stoneage-inc,0
workable,status-platform,https://apply.workable.com/status-platform,0
workable,steppingstoneschool,https://apply.workable.com/steppingstoneschool,8
workable,stockholm-environment-institute-oxford-centre,https://apply.workable.com/stockholm-environment-institute-oxford-centre,0
workable,stationa,https://apply.workable.com/stationa,0
workable,station,https://apply.workable.com/station,0
workable,stream-dc,https://apply.workable.com/stream-dc,14
workable,storied,https://apply.workable.com/storied,0
workable,stored-e-commerce,https://apply.workable.com/stored-e-commerce,0
workable,stio,https://apply.workable.com/stio,38
workable,statmetrix,https://apply.workable.com/statmetrix,0
workable,stonebranch,https://apply.workable.com/stonebranch,0
workable,stayrelive,https://apply.workable.com/stayrelive,0
workable,staygia,https://apply.workable.com/staygia,0
workable,stem-revolution,https://apply.workable.com/stem-revolution,0
workable,stoneclinicallabs,https://apply.workable.com/stoneclinicallabs,0
workable,stoiximan,https://apply.workable.com/stoiximan,13
workable,stitch-consulting-services-inc,https://apply.workable.com/stitch-consulting-services-inc,4
workable,stratumfive,https://apply.workable.com/stratumfive,0
workable,stone-king,https://apply.workable.com/stone-king,25
workable,str,https://apply.workable.com/str,0
workable,streamline,https://apply.workable.com/streamline,0
workable,storiq,https://apply.workable.com/storiq,0
workable,strand-finance,apply.workable.com/strand-finance,0
workable,story-homes,https://apply.workable.com/story-homes,14
workable,storyterrace,https://apply.workable.com/storyterrace,0
workable,strategic-development-network-ltd,https://apply.workable.com/strategic-development-network-ltd,0
workable,stratio,https://apply.workable.com/stratio,0
workable,streamsend,https://streamsend.workable.com,0
workable,streettext,https://apply.workable.com/streettext,0
workable,streamline-colombia,https://apply.workable.com/streamline-colombia,0
workable,stormx,https://apply.workable.com/stormx,0
workable,swoove,https://apply.workable.com/swoove,0
workable,streamline-publishing-inc,https://apply.workable.com/streamline-publishing-inc,0
workable,sulte-group,https://apply.workable.com/sulte-group,0
workable,striim,https://apply.workable.com/striim,0
workable,stride-gaming,https://apply.workable.com/stride-gaming,0
workable,strideup,https://apply.workable.com/strideup,2
workable,streeva,https://apply.workable.com/streeva,0
workable,swoon-editions,https://apply.workable.com/swoon-editions,3
workable,strivr-1,https://apply.workable.com/strivr-1,0
workable,studio-noel,https://apply.workable.com/studio-noel,0
workable,strive-international-dot-org,https://apply.workable.com/strive-international-dot-org,0
workable,sudden-coffee,https://apply.workable.com/sudden-coffee,0
workable,studio-dental,https://apply.workable.com/studio-dental,0
workable,stsmiddleeast,https://apply.workable.com/stsmiddleeast,6
workable,student-dot-com-1,https://apply.workable.com/student-dot-com-1,0
workable,stuf-storage,https://apply.workable.com/stuf-storage,0
workable,sulte-group-1,https://sulte-group-1.workable.com,0
workable,subsalt,https://apply.workable.com/subsalt,0
workable,studio-talk,https://apply.workable.com/studio-talk,0
workable,studysoup,https://studysoup.workable.com,0
workable,success-tutoring,https://apply.workable.com/success-tutoring,1
workable,suiteness,https://apply.workable.com/suiteness,0
workable,suati-carreira,https://apply.workable.com/suati-carreira,0
workable,subscript,https://apply.workable.com/subscript,0
workable,sumall,https://apply.workable.com/sumall,0
workable,sugarnet,https://sugarnet.workable.com,0
workable,suncreek-united-methodist-church,https://apply.workable.com/suncreek-united-methodist-church,0
workable,sunlight-io,https://apply.workable.com/sunlight-io,0
workable,sun-auto-service,https://apply.workable.com/sun-auto-service,0
workable,studioxag,https://apply.workable.com/studioxag,11
workable,sundae-school,https://apply.workable.com/sundae-school,0
workable,ta-digital,https://apply.workable.com/ta-digital,0
workable,sumble-inc,https://apply.workable.com/sumble-inc,4
workable,sumerge-1,https://apply.workable.com/sumerge-1,21
workable,sumac-mentoring,https://apply.workable.com/sumac-mentoring,0
workable,sweetberrybowls,https://apply.workable.com/sweetberrybowls,0
workable,sumup-brasil,https://apply.workable.com/sumup-brasil,0
workable,sunset-harbor-inc,https://apply.workable.com/sunset-harbor-inc,0
workable,summusglobal,https://apply.workable.com/summusglobal,0
workable,supahandsmy,apply.workable.com/supahandsmy,0
workable,sumup,https://apply.workable.com/sumup,0
workable,team-yes,https://team-yes.workable.com,0
workable,summit2sea-consulting-llc,https://apply.workable.com/summit2sea-consulting-llc,0
workable,sunstone-eduversity,apply.workable.com/sunstone-eduversity,0
workable,talentnowsolutions,https://apply.workable.com/talentnowsolutions,0
workable,super-shotgun-games,https://apply.workable.com/super-shotgun-games,0
workable,supergreat,https://apply.workable.com/supergreat,0
workable,superhires,https://apply.workable.com/superhires,0
workable,tcp-advisors,https://apply.workable.com/tcp-advisors,2
workable,supercarers,https://supercarers.workable.com,0
workable,sugarlogix,https://apply.workable.com/sugarlogix,0
workable,supply-chain-management-consulting-llc,https://apply.workable.com/supply-chain-management-consulting-llc,0
workable,superprof-1,apply.workable.com/superprof-1,0
workable,superior-contracting,https://apply.workable.com/superior-contracting,96
workable,supplant,https://apply.workable.com/supplant,0
workable,surich-asset-management-limited,apply.workable.com/surich-asset-management-limited,0
workable,surge-entertainment,apply.workable.com/surge-entertainment,0
workable,supy-2,apply.workable.com/supy-2,0
workable,suri-3,https://apply.workable.com/suri-3,4
workable,sweet,apply.workable.com/sweet,0
workable,sweatcoin,apply.workable.com/sweatcoin,0
workable,swap,apply.workable.com/swap,0
workable,svp-vancouver,apply.workable.com/svp-vancouver,0
workable,swans,apply.workable.com/swans,0
workable,sustainable-venture-development-partners,https://apply.workable.com/sustainable-venture-development-partners,0
workable,taylorpond,https://apply.workable.com/taylorpond,0
workable,swarovski,apply.workable.com/swarovski,0
workable,swenson-he,https://apply.workable.com/swenson-he,0
workable,swus,https://apply.workable.com/swus,0
workable,sweeten,apply.workable.com/sweeten,0
workable,syslogic-inc,https://apply.workable.com/syslogic-inc,1
workable,swift,apply.workable.com/swift,0
workable,syssla-pyssla,https://apply.workable.com/syssla-pyssla,0
workable,synergysports,https://apply.workable.com/synergysports,0
workable,sword-group,https://apply.workable.com/sword-group,120
workable,systemc-1,https://apply.workable.com/systemc-1,0
workable,syte-corporation,https://apply.workable.com/syte-corporation,0
workable,symphony-solution-inc-1,apply.workable.com/symphony-solution-inc-1,0
workable,systemssavedme,https://apply.workable.com/systemssavedme,0
workable,systran-software-inc-1,https://apply.workable.com/systran-software-inc-1,0
workable,sytech,https://apply.workable.com/sytech,0
workable,t2-flex,https://apply.workable.com/t2-flex,0
workable,t-dot-w-pepper,https://apply.workable.com/t-dot-w-pepper,4
workable,t3-advisors,https://t3-advisors.workable.com,0
workable,tactiq,https://apply.workable.com/tactiq,2
workable,tagup,apply.workable.com/tagup,0
workable,tagbag-cornerstone-pvt-ltd,https://apply.workable.com/tagbag-cornerstone-pvt-ltd,0
workable,tactile-entertainment,https://apply.workable.com/tactile-entertainment,0
workable,take-eat-easy,https://apply.workable.com/take-eat-easy,0
workable,talent-inc,https://apply.workable.com/talent-inc,0
workable,takereference,https://apply.workable.com/takereference,0
workable,termly-io,https://apply.workable.com/termly-io,0
workable,talk-of-the-town-speech-and-language-therapy,https://talk-of-the-town-speech-and-language-therapy.workable.com,0
workable,test-io,https://apply.workable.com/test-io,0
workable,tesae-sa,https://apply.workable.com/tesae-sa,1
workable,tanco-engineering,apply.workable.com/tanco-engineering,0
workable,talento-search-group,https://apply.workable.com/talento-search-group,0
workable,talenthouse-2,https://apply.workable.com/talenthouse-2,0
workable,talentnow-solutions,apply.workable.com/talentnow-solutions,0
workable,talentsis,https://apply.workable.com/talentsis,20
workable,talentlevelup,apply.workable.com/talentlevelup,0
workable,tapouts,https://apply.workable.com/tapouts,4
workable,talentgarden,https://talentgarden.workable.com,0
workable,tart-collections,https://apply.workable.com/tart-collections,0
workable,talently,https://apply.workable.com/talently,0
workable,talis-group-limited,https://apply.workable.com/talis-group-limited,0
workable,talentspoc-llc,apply.workable.com/talentspoc-llc,16
workable,taskforce,https://apply.workable.com/taskforce,3
workable,tax-analysts,https://apply.workable.com/tax-analysts,7
workable,taxback-international,https://apply.workable.com/taxback-international,0
workable,switchboard,apply.workable.com/switchboard,0
workable,teikametrics,apply.workable.com/teikametrics,0
workable,tangelo,https://apply.workable.com/tangelo,0
workable,taylor-docks-incorporated,https://apply.workable.com/taylor-docks-incorporated,0
workable,taylor-loren-strategy-corp,https://apply.workable.com/taylor-loren-strategy-corp,0
workable,tdmk,https://apply.workable.com/tdmk,0
workable,tciscareers,https://apply.workable.com/tciscareers,30
workable,tea-forte,https://apply.workable.com/tea-forte,0
workable,tcp-software-1,https://apply.workable.com/tcp-software-1,37
workable,tcitechs,https://apply.workable.com/tcitechs,0
workable,teach-to-travel-ltd,https://teach-to-travel-ltd.workable.com,0
workable,the-jean-tweed-centre,https://apply.workable.com/the-jean-tweed-centre,13
workable,team-delegate-llc,https://team-delegate-llc.workable.com,0
workable,tha-staffing,https://apply.workable.com/tha-staffing,0
workable,tasq-work,apply.workable.com/tasq-work,336
workable,teachfm,https://apply.workable.com/teachfm,0
workable,tech-media-books,https://apply.workable.com/tech-media-books,0
workable,team-17-digital,https://apply.workable.com/team-17-digital,2
workable,teacher-apprenticeship-network,https://apply.workable.com/teacher-apprenticeship-network,0
workable,techieblast,https://apply.workable.com/techieblast,0
workable,teamsupport-llc,https://apply.workable.com/teamsupport-llc,0
workable,techsylvania,apply.workable.com/techsylvania,0
workable,teis-workplace-corp,https://apply.workable.com/teis-workplace-corp,7
workable,tech-city-labs,https://apply.workable.com/tech-city-labs,0
workable,technance,https://apply.workable.com/technance,0
workable,techflow,https://apply.workable.com/techflow,49
workable,teal-finance,https://apply.workable.com/teal-finance,0
workable,techahoy,apply.workable.com/techahoy,0
workable,tebits-gmbh,https://apply.workable.com/tebits-gmbh,0
workable,teamsurfboard,https://apply.workable.com/teamsurfboard,0
workable,teicservices,https://apply.workable.com/teicservices,62
workable,ten-spot,https://apply.workable.com/ten-spot,0
workable,telum-media,apply.workable.com/telum-media,0
workable,tenor,https://tenor.workable.com,0
workable,teachersondemand,https://apply.workable.com/teachersondemand,1
workable,team-consulting,https://apply.workable.com/team-consulting,4
workable,ten-group,https://apply.workable.com/ten-group,67
workable,tekmon,https://apply.workable.com/tekmon,0
workable,tekenable,https://apply.workable.com/tekenable,16
workable,terranorbital,https://apply.workable.com/terranorbital,0
workable,telegraph,https://apply.workable.com/telegraph,22
workable,ten-solutions-1,https://apply.workable.com/ten-solutions-1,0
workable,telianorge,https://apply.workable.com/telianorge,0
workable,techland-1,apply.workable.com/techland-1,0
workable,techtribe,https://apply.workable.com/techtribe,0
workable,testcorppremier2,https://apply.workable.com/testcorppremier2,33
workable,territory,https://apply.workable.com/territory,0
workable,ten7,https://apply.workable.com/ten7,0
workable,tekspikes,https://apply.workable.com/tekspikes,0
workable,tekgarden-recruiting,https://apply.workable.com/tekgarden-recruiting,0
workable,techtellent,https://apply.workable.com/techtellent,0
workable,techpresso,apply.workable.com/techpresso,0
workable,telostouch,https://apply.workable.com/telostouch,0
workable,terminix,https://apply.workable.com/terminix,0
workable,texans-care-for-children,https://apply.workable.com/texans-care-for-children,0
workable,telelanguage,https://apply.workable.com/telelanguage,0
workable,terran-orbital,https://apply.workable.com/terran-orbital,0
workable,tetramaritime,https://apply.workable.com/tetramaritime,10
workable,terrapay,https://apply.workable.com/terrapay,1
workable,tersus-consultancy,https://apply.workable.com/tersus-consultancy,0
workable,teltonika,https://apply.workable.com/teltonika,183
workable,texashealthaction,https://apply.workable.com/texashealthaction,14
workable,testronic,https://apply.workable.com/testronic,19
workable,textnow-inc,apply.workable.com/textnow-inc,0
workable,terviva,https://apply.workable.com/terviva,0
workable,tgtn,https://apply.workable.com/tgtn,0
workable,tga-sports,https://apply.workable.com/tga-sports,160
workable,tft-global-usa-inc,https://apply.workable.com/tft-global-usa-inc,6
workable,thaloz,https://apply.workable.com/thaloz,1
workable,the-desire-company,https://apply.workable.com/the-desire-company,22
workable,thanks-co,https://apply.workable.com/thanks-co,5
workable,the-juice-plus-company-ltd,https://apply.workable.com/the-juice-plus-company-ltd,0
workable,the-alinea-group-1,https://apply.workable.com/the-alinea-group-1,0
workable,the-american-university-of-paris,apply.workable.com/the-american-university-of-paris,0
workable,the-alliance-of-bioversity-international-and-ciat,https://apply.workable.com/the-alliance-of-bioversity-international-and-ciat,0
workable,the-bagel-group,https://apply.workable.com/the-bagel-group,0
workable,the-boundary,https://apply.workable.com/the-boundary,0
workable,the-blue-rock,https://apply.workable.com/the-blue-rock,19
workable,the-arc-of-ocean-county,https://apply.workable.com/the-arc-of-ocean-county,30
workable,the-bundt-shoppe,https://apply.workable.com/the-bundt-shoppe,0
workable,the-beautiful-project,https://apply.workable.com/the-beautiful-project,0
workable,the-care-company-inc,https://apply.workable.com/the-care-company-inc,46
workable,the-chefz-1,apply.workable.com/the-chefz-1,6
workable,the-collecting-group,https://apply.workable.com/the-collecting-group,24
workable,the-drum,https://apply.workable.com/the-drum,7
workable,the-flood-law-firm,https://apply.workable.com/the-flood-law-firm,3
workable,the-flowery-ny,https://apply.workable.com/the-flowery-ny,9
workable,the-golden-rise,https://apply.workable.com/the-golden-rise,0
workable,the-dedham-group,https://apply.workable.com/the-dedham-group,0
workable,the-company-of-one-plus,https://apply.workable.com/the-company-of-one-plus,0
workable,the-crew-youth-center,https://apply.workable.com/the-crew-youth-center,0
workable,the-ferraro-group,https://apply.workable.com/the-ferraro-group,0
workable,the-gallery-sportsmans-club,https://apply.workable.com/the-gallery-sportsmans-club,0
workable,thecambiumgroup,https://apply.workable.com/thecambiumgroup,3
workable,the-good-feet-store-2,https://apply.workable.com/the-good-feet-store-2,0
workable,the-gate-london,https://apply.workable.com/the-gate-london,0
workable,the-greater-change-1,https://apply.workable.com/the-greater-change-1,8
workable,the-old-saloon,https://apply.workable.com/the-old-saloon,3
workable,the-insiders,https://apply.workable.com/the-insiders,0
workable,the-oakleaf-group-1,https://apply.workable.com/the-oakleaf-group-1,0
workable,the-common-market,https://apply.workable.com/the-common-market,9
workable,the-lake-doctors-inc,https://apply.workable.com/the-lake-doctors-inc,11
workable,the-lawyering-project,https://apply.workable.com/the-lawyering-project,2
workable,the-lighthouse-sydney,https://apply.workable.com/the-lighthouse-sydney,14
workable,the-iron-yard,https://apply.workable.com/the-iron-yard,0
workable,the-eleven,https://apply.workable.com/the-eleven,0
workable,the-mill-adventure,https://apply.workable.com/the-mill-adventure,2
workable,the-flex-pro-group,https://apply.workable.com/the-flex-pro-group,0
workable,the-digital-maze,https://apply.workable.com/the-digital-maze,0
workable,the-optimal-group,https://apply.workable.com/the-optimal-group,6
workable,the-jewish-federations-of-north-america,https://apply.workable.com/the-jewish-federations-of-north-america,0
workable,the-upside,https://apply.workable.com/the-upside,0
workable,the-hiring-room,apply.workable.com/the-hiring-room,0
workable,the-london-display-company-limited,apply.workable.com/the-london-display-company-limited,0
workable,the-jointworks,https://apply.workable.com/the-jointworks,0
workable,the-june,https://apply.workable.com/the-june,6
workable,theagilemonkeys,https://apply.workable.com/theagilemonkeys,0
workable,the-work-perk,https://apply.workable.com/the-work-perk,0
workable,the-proactive-technology-group,apply.workable.com/the-proactive-technology-group,4
workable,the-logical-answer,https://apply.workable.com/the-logical-answer,15
workable,the-green-energy-advice-bureau-1,https://apply.workable.com/the-green-energy-advice-bureau-1,0
workable,the-luxury-closet,https://apply.workable.com/the-luxury-closet,0
workable,the-rucks-group,https://apply.workable.com/the-rucks-group,0
workable,thefarm,https://apply.workable.com/thefarm,0
workable,theconcordgroup,https://apply.workable.com/theconcordgroup,0
workable,the-wesley-hotel,apply.workable.com/the-wesley-hotel,0
workable,the-shannon-agency,apply.workable.com/the-shannon-agency,0
workable,thebaptistegroup,https://apply.workable.com/thebaptistegroup,0
workable,the-league-kitchenand-tavern,https://apply.workable.com/the-league-kitchenand-tavern,0
workable,theodora-1,apply.workable.com/theodora-1,1
workable,thenewmediafirm,https://apply.workable.com/thenewmediafirm,0
workable,thecowanconnection,https://apply.workable.com/thecowanconnection,0
workable,thelist-app,apply.workable.com/thelist-app,0
workable,the7stars,https://apply.workable.com/the7stars,0
workable,thebeautytechgroup,https://apply.workable.com/thebeautytechgroup,8
workable,theranest,https://apply.workable.com/theranest,0
workable,thebrandhouse-ltd,https://apply.workable.com/thebrandhouse-ltd,0
workable,thebradleycenter,https://apply.workable.com/thebradleycenter,12
workable,thenaturaladventure,https://apply.workable.com/thenaturaladventure,0
workable,theforcingfunction,https://apply.workable.com/theforcingfunction,0
workable,thenewtonslaboratory,https://apply.workable.com/thenewtonslaboratory,0
workable,thepixelocracy,https://apply.workable.com/thepixelocracy,0
workable,third-space-learning-1,https://third-space-learning-1.workable.com,0
workable,the-treetop-aba,https://apply.workable.com/the-treetop-aba,108
workable,thinkwell,https://apply.workable.com/thinkwell,0
workable,thirdspaceglobal,https://apply.workable.com/thirdspaceglobal,0
workable,thepeoplegroup,https://apply.workable.com/thepeoplegroup,0
workable,this-is-hello-srl,https://apply.workable.com/this-is-hello-srl,3
workable,thomas-bowen-cpa,https://apply.workable.com/thomas-bowen-cpa,0
workable,thomas-grace-construction-inc,https://apply.workable.com/thomas-grace-construction-inc,0
workable,thomas-talent-network-llc-3,https://apply.workable.com/thomas-talent-network-llc-3,0
workable,threadsstyling,https://apply.workable.com/threadsstyling,0
workable,threadable,https://apply.workable.com/threadable,0
workable,threatmetrix,https://apply.workable.com/threatmetrix,0
workable,threatconnect,https://apply.workable.com/threatconnect,0
workable,thrive-well-recruiting,https://apply.workable.com/thrive-well-recruiting,0
workable,threatswitch-inc,https://apply.workable.com/threatswitch-inc,0
workable,thriday,https://apply.workable.com/thriday,0
workable,ticketarena,https://apply.workable.com/ticketarena,0
workable,tiktal-ou,https://apply.workable.com/tiktal-ou,0
workable,tilibit,https://apply.workable.com/tilibit,0
workable,ticket365,https://ticket365.workable.com,0
workable,tiny-studio,https://apply.workable.com/tiny-studio,0
workable,tickpick,https://apply.workable.com/tickpick,3
workable,tier-1-utility-design,https://apply.workable.com/tier-1-utility-design,0
workable,time2playmedia,https://apply.workable.com/time2playmedia,0
workable,ticketsjunky,https://apply.workable.com/ticketsjunky,0
workable,tide,https://apply.workable.com/tide,0
workable,toi-and-moi-sa,https://apply.workable.com/toi-and-moi-sa,0
workable,ticketscript,https://apply.workable.com/ticketscript,0
workable,throughline-strategy-inc,https://apply.workable.com/throughline-strategy-inc,0
workable,thunderheadeng,apply.workable.com/thunderheadeng,0
workable,thrivemetrics,https://apply.workable.com/thrivemetrics,6
workable,tiendanube-nuvemshop,https://apply.workable.com/tiendanube-nuvemshop,0
workable,tjoinc,https://apply.workable.com/tjoinc,0
workable,tilt-creative-production,https://apply.workable.com/tilt-creative-production,1
workable,tiburcio-vasquez-health-center,https://apply.workable.com/tiburcio-vasquez-health-center,0
workable,titos-handmade-vodka,https://apply.workable.com/titos-handmade-vodka,11
workable,tiraz-asbani,apply.workable.com/tiraz-asbani,0
workable,tillo,https://apply.workable.com/tillo,0
workable,toggl-track-plan,https://apply.workable.com/toggl-track-plan,0
workable,tra-2,https://apply.workable.com/tra-2,1
workable,tonti,https://apply.workable.com/tonti,0
workable,torqcommodities,apply.workable.com/torqcommodities,9
workable,too-little,https://apply.workable.com/too-little,0
workable,top-talents,apply.workable.com/top-talents,0
workable,topfloor,https://apply.workable.com/topfloor,0
workable,tikkas,apply.workable.com/tikkas,0
workable,toucanbox,https://apply.workable.com/toucanbox,0
workable,tourial,https://apply.workable.com/tourial,0
workable,top,https://apply.workable.com/top,0
workable,toposophy,https://apply.workable.com/toposophy,0
workable,torklaw,https://apply.workable.com/torklaw,19
workable,toolpath,https://apply.workable.com/toolpath,0
workable,toolsand-solutions,https://apply.workable.com/toolsand-solutions,0
workable,top10vpn,https://apply.workable.com/top10vpn,0
workable,touchcast,https://apply.workable.com/touchcast,0
workable,toolbox9,https://apply.workable.com/toolbox9,0
workable,tiempo-development,https://apply.workable.com/tiempo-development,0
workable,toolcraft,https://apply.workable.com/toolcraft,0
workable,too-sweet-cakes,https://apply.workable.com/too-sweet-cakes,21
workable,topco-sales,apply.workable.com/topco-sales,0
workable,topfliterecruiting,https://apply.workable.com/topfliterecruiting,0
workable,topfloor-1,https://apply.workable.com/topfloor-1,8
workable,touchstone,https://apply.workable.com/touchstone,0
workable,toqio-fintech,https://apply.workable.com/toqio-fintech,0
workable,tonycs,https://apply.workable.com/tonycs,0
workable,toronto-international-college,apply.workable.com/toronto-international-college,0
workable,tourhero,https://apply.workable.com/tourhero,0
workable,touchtribe,https://apply.workable.com/touchtribe,0
workable,town-of-farragut,https://apply.workable.com/town-of-farragut,4
workable,tower-water,https://apply.workable.com/tower-water,1
workable,toyota-financial-services,https://apply.workable.com/toyota-financial-services,12
workable,tower-staffing-inc,apply.workable.com/tower-staffing-inc,0
workable,tp-link-usa-corp,https://apply.workable.com/tp-link-usa-corp,76
workable,toyota-hellas,https://apply.workable.com/toyota-hellas,0
workable,toyo-ai,https://apply.workable.com/toyo-ai,1
workable,tractor-ventures,https://apply.workable.com/tractor-ventures,0
workable,toyota-tsusho-systems,https://apply.workable.com/toyota-tsusho-systems,4
workable,tracker-network,https://apply.workable.com/tracker-network,0
workable,trachte-llc,https://apply.workable.com/trachte-llc,0
workable,tracker-group,https://apply.workable.com/tracker-group,0
workable,tradestars,https://apply.workable.com/tradestars,0
workable,transfast,https://transfast.workable.com,0
workable,tradearies,https://apply.workable.com/tradearies,0
workable,tradingeconomics,https://apply.workable.com/tradingeconomics,0
workable,trackvia,https://apply.workable.com/trackvia,0
workable,tradecore,https://tradecore.workable.com,0
workable,trafi,https://apply.workable.com/trafi,0
workable,tree-fresno,apply.workable.com/tree-fresno,0
workable,transcription-for-everyone,https://apply.workable.com/transcription-for-everyone,0
workable,toloka-ai,https://apply.workable.com/toloka-ai,831
workable,transeo,https://apply.workable.com/transeo,0
workable,transform9,https://apply.workable.com/transform9,12
workable,tradegecko,https://apply.workable.com/tradegecko,0
workable,transferwise,https://apply.workable.com/transferwise,0
workable,transformations-community,https://apply.workable.com/transformations-community,12
workable,trconsulting,https://apply.workable.com/trconsulting,0
workable,ukinternationalsoccer,https://apply.workable.com/ukinternationalsoccer,0
workable,traxxas-1,https://apply.workable.com/traxxas-1,0
workable,transhr-staffing-solutions,https://apply.workable.com/transhr-staffing-solutions,0
workable,transvirtual,https://apply.workable.com/transvirtual,0
workable,treehouseapp,https://apply.workable.com/treehouseapp,0
workable,trivium,https://apply.workable.com/trivium,102
workable,treantly,https://apply.workable.com/treantly,37
workable,transmedics,https://apply.workable.com/transmedics,0
workable,trimplement-gmbh,https://apply.workable.com/trimplement-gmbh,0
workable,treadpartners,https://apply.workable.com/treadpartners,0
workable,trinity-presbyterian-church,https://apply.workable.com/trinity-presbyterian-church,0
workable,unchained,https://apply.workable.com/unchained,0
workable,tri-city-national-bank,https://apply.workable.com/tri-city-national-bank,0
workable,triip,https://apply.workable.com/triip,0
workable,treez-1,https://apply.workable.com/treez-1,0
workable,trinetix,https://apply.workable.com/trinetix,99
workable,trentonhealthteam,https://apply.workable.com/trentonhealthteam,0
workable,tripledotstudios,https://apply.workable.com/tripledotstudios,0
workable,trineo,https://apply.workable.com/trineo,0
workable,treblle,https://apply.workable.com/treblle,0
workable,troverse,https://apply.workable.com/troverse,0
workable,trocaire,https://apply.workable.com/trocaire,4
workable,trueai,https://apply.workable.com/trueai,0
workable,triumphpay,https://apply.workable.com/triumphpay,0
workable,troop-1,https://apply.workable.com/troop-1,0
workable,tripscout,https://apply.workable.com/tripscout,0
workable,trim-agency,https://apply.workable.com/trim-agency,0
workable,triton-ai-pte-ltd,https://apply.workable.com/triton-ai-pte-ltd,0
workable,trinnylondon,https://apply.workable.com/trinnylondon,36
workable,tripexpert,https://apply.workable.com/tripexpert,0
workable,trilagen,https://apply.workable.com/trilagen,12
workable,true-legends-1,https://apply.workable.com/true-legends-1,0
workable,troi,https://apply.workable.com/troi,0
workable,troop-themes,https://apply.workable.com/troop-themes,0
workable,trueloyal,https://apply.workable.com/trueloyal,4
workable,triskele-labs,https://apply.workable.com/triskele-labs,8
workable,trolley,https://apply.workable.com/trolley,0
workable,triple-g-ventures,https://apply.workable.com/triple-g-ventures,0
workable,truehome-design-dot-b-uild,https://apply.workable.com/truehome-design-dot-b-uild,0
workable,truelayer-careers,https://apply.workable.com/truelayer-careers,0
workable,trustedsec,https://apply.workable.com/trustedsec,0
workable,true-grit-financial,https://apply.workable.com/true-grit-financial,0
workable,truenorth-health,https://apply.workable.com/truenorth-health,0
workable,trufusion,https://apply.workable.com/trufusion,0
workable,truelayer,https://apply.workable.com/truelayer,0
workable,truetimber-arborists,https://apply.workable.com/truetimber-arborists,0
workable,trustsitkacareers,https://apply.workable.com/trustsitkacareers,0
workable,truedata,https://apply.workable.com/truedata,0
workable,trusty-dot-care,https://apply.workable.com/trusty-dot-care,0
workable,tsao-foundation,apply.workable.com/tsao-foundation,0
workable,trustworthy-co,https://apply.workable.com/trustworthy-co,0
workable,tutti-ch,https://apply.workable.com/tutti-ch,0
workable,urban-health,https://apply.workable.com/urban-health,0
workable,twg,https://apply.workable.com/twg,0
workable,tutor-doctor-abc,https://apply.workable.com/tutor-doctor-abc,4
workable,twenty-first-group,https://apply.workable.com/twenty-first-group,4
workable,twenty-billion-neurons,https://apply.workable.com/twenty-billion-neurons,0
workable,twinsun,https://apply.workable.com/twinsun,1
workable,twoinc,https://apply.workable.com/twoinc,0
workable,turbine-finance,https://apply.workable.com/turbine-finance,1
workable,turbo-protocol,https://apply.workable.com/turbo-protocol,0
workable,twobulls,https://apply.workable.com/twobulls,0
workable,twurs,https://apply.workable.com/twurs,0
workable,ttro-1,https://apply.workable.com/ttro-1,0
workable,twofivesix,https://apply.workable.com/twofivesix,0
workable,ubds,https://apply.workable.com/ubds,34
workable,twos,apply.workable.com/twos,0
workable,ubreakifix-20,apply.workable.com/ubreakifix-20,0
workable,ubench,https://apply.workable.com/ubench,2
workable,ubiqus,https://apply.workable.com/ubiqus,0
workable,uberprints,https://apply.workable.com/uberprints,1
workable,ucb,https://apply.workable.com/ucb,0
workable,umbra,https://apply.workable.com/umbra,3
workable,umcg1,https://apply.workable.com/umcg1,0
workable,ucumberlands,https://apply.workable.com/ucumberlands,0
workable,unacast,https://unacast.workable.com,0
workable,unabiz-global,https://apply.workable.com/unabiz-global,0
workable,umniah,https://apply.workable.com/umniah,0
workable,ubteam,https://apply.workable.com/ubteam,116
workable,ugrow,https://apply.workable.com/ugrow,0
workable,umso-software-inc,https://apply.workable.com/umso-software-inc,0
workable,unacademy,https://apply.workable.com/unacademy,0
workable,unai,https://apply.workable.com/unai,0
workable,um-3,https://apply.workable.com/um-3,0
workable,unbabel,https://apply.workable.com/unbabel,0
workable,unblu,https://apply.workable.com/unblu,0
workable,umoja-community,https://apply.workable.com/umoja-community,0
workable,unclonedmediallc,https://apply.workable.com/unclonedmediallc,0
workable,unamopl,https://apply.workable.com/unamopl,0
workable,ultria,https://apply.workable.com/ultria,0
workable,umovefree-careers,https://apply.workable.com/umovefree-careers,0
workable,umed,https://apply.workable.com/umed,2
workable,unbox,apply.workable.com/unbox,0
workable,unbabel5,https://apply.workable.com/unbabel5,0
workable,umoja-community-education-foundation,https://apply.workable.com/umoja-community-education-foundation,2
workable,unboundnation,https://apply.workable.com/unboundnation,0
workable,uncapped,https://apply.workable.com/uncapped,8
workable,union-home-mortgage,apply.workable.com/union-home-mortgage,0
workable,uhesf,https://apply.workable.com/uhesf,2
workable,unifiedpatents,https://apply.workable.com/unifiedpatents,4
workable,uncommon-bridges,https://apply.workable.com/uncommon-bridges,1
workable,umbra-1,https://apply.workable.com/umbra-1,24
workable,underground-administration,https://apply.workable.com/underground-administration,0
workable,uncommonagency,https://apply.workable.com/uncommonagency,18
workable,ultainfinity-global-group-2,https://apply.workable.com/ultainfinity-global-group-2,0
workable,ultimateperformance,https://apply.workable.com/ultimateperformance,26
workable,union-heritage,https://apply.workable.com/union-heritage,0
workable,uneeq,https://apply.workable.com/uneeq,0
workable,united-dental-corporation,https://apply.workable.com/united-dental-corporation,34
workable,unfolded,https://apply.workable.com/unfolded,0
workable,vadatech-inc,https://apply.workable.com/vadatech-inc,0
workable,unicitycaremanagement,https://apply.workable.com/unicitycaremanagement,8
workable,unifiedpayservices,https://unifiedpayservices.workable.com,0
workable,valiant,https://apply.workable.com/valiant,0
workable,union-market-llc,https://apply.workable.com/union-market-llc,0
workable,uni-systems,https://apply.workable.com/uni-systems,42
workable,unherd,https://apply.workable.com/unherd,0
workable,umewin,https://umewin.workable.com,0
workable,united-fitness-brands,https://apply.workable.com/united-fitness-brands,0
workable,united-energy-services-1,https://apply.workable.com/united-energy-services-1,0
workable,united-greeneries,apply.workable.com/united-greeneries,0
workable,united-nude,https://apply.workable.com/united-nude,0
workable,universe-2,apply.workable.com/universe-2,0
workable,united-water-works-inc,https://apply.workable.com/united-water-works-inc,0
workable,unitedplacementgroup,https://apply.workable.com/unitedplacementgroup,72
workable,university-of-eastern-africa-baraton,https://apply.workable.com/university-of-eastern-africa-baraton,0
workable,universal-marine-medical,https://apply.workable.com/universal-marine-medical,0
workable,unusual-machines,https://apply.workable.com/unusual-machines,9
workable,untitled-llc,https://apply.workable.com/untitled-llc,0
workable,universemt-corp,apply.workable.com/universemt-corp,0
workable,universal-granite-and-marble,https://apply.workable.com/universal-granite-and-marble,0
workable,unspun,https://apply.workable.com/unspun,0
workable,university-of-mount-saint-vincent,https://apply.workable.com/university-of-mount-saint-vincent,27
workable,untappedai,https://apply.workable.com/untappedai,0
workable,up-hellas-1,apply.workable.com/up-hellas-1,4
workable,upgrade-1,apply.workable.com/upgrade-1,0
workable,up-north-aero,https://apply.workable.com/up-north-aero,0
workable,upbeat,https://apply.workable.com/upbeat,0
workable,upkoi-inc,https://apply.workable.com/upkoi-inc,1
workable,upper-diamond,https://apply.workable.com/upper-diamond,0
workable,urban-villages-denver,https://apply.workable.com/urban-villages-denver,2
workable,urban-money-pvt-ltd-2,apply.workable.com/urban-money-pvt-ltd-2,0
workable,upmail,apply.workable.com/upmail,0
workable,upstream,https://apply.workable.com/upstream,17
workable,updoer-technology,https://apply.workable.com/updoer-technology,0
workable,upstart,https://apply.workable.com/upstart,0
workable,upwork-tac,https://apply.workable.com/upwork-tac,0
workable,uplift-humanity-india,https://apply.workable.com/uplift-humanity-india,0
workable,upland-consulting,https://apply.workable.com/upland-consulting,0
workable,uruit,https://apply.workable.com/uruit,0
workable,urban-legends-haunt,https://apply.workable.com/urban-legends-haunt,0
workable,upstreet,https://apply.workable.com/upstreet,3
workable,usealbatross,https://apply.workable.com/usealbatross,0
workable,ureed,https://apply.workable.com/ureed,0
workable,urbanise,https://apply.workable.com/urbanise,0
workable,upwardfarms,https://apply.workable.com/upwardfarms,0
workable,userwise-services,https://apply.workable.com/userwise-services,56
workable,v2-ai,https://apply.workable.com/v2-ai,11
workable,v3-middle-east-engineering-consultants,apply.workable.com/v3-middle-east-engineering-consultants,0
workable,vable,https://apply.workable.com/vable,7
workable,userevidence,https://apply.workable.com/userevidence,0
workable,us-federal-solutions,https://apply.workable.com/us-federal-solutions,24
workable,userbrain,https://apply.workable.com/userbrain,0
workable,us-dairy-export-council,https://apply.workable.com/us-dairy-export-council,2
workable,validus-risk-management,https://apply.workable.com/validus-risk-management,10
workable,upventures,https://apply.workable.com/upventures,1
workable,v1,https://apply.workable.com/v1,0
workable,vacation-strategy,https://vacation-strategy.workable.com,0
workable,usa-vein-clinics,https://apply.workable.com/usa-vein-clinics,115
workable,utility-bidder-1,https://apply.workable.com/utility-bidder-1,0
workable,uvera,https://apply.workable.com/uvera,0
workable,utrust,https://apply.workable.com/utrust,0
workable,usm-office,https://apply.workable.com/usm-office,6
workable,useframework,https://apply.workable.com/useframework,0
workable,vaadin,https://apply.workable.com/vaadin,1
workable,ushur,https://apply.workable.com/ushur,0
workable,uxbert-labs-1,apply.workable.com/uxbert-labs-1,5
workable,valuedhr-business-services,https://apply.workable.com/valuedhr-business-services,0
workable,varjo-1,https://apply.workable.com/varjo-1,2
workable,vantagepointconsult,https://apply.workable.com/vantagepointconsult,0
workable,vcls,https://apply.workable.com/vcls,5
workable,wearedigital,https://wearedigital.workable.com,0
workable,vbot,https://apply.workable.com/vbot,0
workable,vcare-hospitality-services,apply.workable.com/vcare-hospitality-services,0
workable,vectornorthamerica,apply.workable.com/vectornorthamerica,2
workable,vedaangam,https://apply.workable.com/vedaangam,0
workable,valsoft-corp,https://apply.workable.com/valsoft-corp,248
workable,velaz-solar,https://apply.workable.com/velaz-solar,22
workable,velotio,https://apply.workable.com/velotio,0
workable,vegamour-inc,https://apply.workable.com/vegamour-inc,0
workable,velora,https://apply.workable.com/velora,0
workable,ventrata,https://apply.workable.com/ventrata,3
workable,veldcap,apply.workable.com/veldcap,0
workable,vego-garden-1,https://apply.workable.com/vego-garden-1,7
workable,venipak,https://apply.workable.com/venipak,0
workable,vendingmetrics,https://apply.workable.com/vendingmetrics,0
workable,vellexcomputing,https://apply.workable.com/vellexcomputing,0
workable,vend,https://apply.workable.com/vend,0
workable,verinext,https://apply.workable.com/verinext,0
workable,veracitycolab,https://apply.workable.com/veracitycolab,0
workable,venturefriendsvc,https://apply.workable.com/venturefriendsvc,0
workable,ventureast,https://ventureast.workable.com,0
workable,vention,https://apply.workable.com/vention,0
workable,ventura-air-services,https://apply.workable.com/ventura-air-services,0
workable,venturepunk,https://apply.workable.com/venturepunk,0
workable,versame,https://apply.workable.com/versame,0
workable,verb-inc,https://apply.workable.com/verb-inc,0
workable,veloz,https://apply.workable.com/veloz,0
workable,veracross,https://apply.workable.com/veracross,8
workable,velofelformula,https://apply.workable.com/velofelformula,0
workable,ventura-recovery-center,https://apply.workable.com/ventura-recovery-center,0
workable,veracity-pros,https://apply.workable.com/veracity-pros,0
workable,vergesense,https://apply.workable.com/vergesense,0
workable,verlabs-com,apply.workable.com/verlabs-com,0
workable,vermonster,https://apply.workable.com/vermonster,0
workable,venture-insights-2,https://venture-insights-2.workable.com,0
workable,verintegra,https://apply.workable.com/verintegra,0
workable,vesseljoin-ike,https://apply.workable.com/vesseljoin-ike,0
workable,versatrial,apply.workable.com/versatrial,0
workable,vessel,https://apply.workable.com/vessel,0
workable,vercingetorix,apply.workable.com/vercingetorix,0
workable,vera-water-and-power-3,https://apply.workable.com/vera-water-and-power-3,0
workable,verbinteractive,https://apply.workable.com/verbinteractive,4
workable,vendo,https://apply.workable.com/vendo,3
workable,venntro,https://apply.workable.com/venntro,0
workable,venuemob,https://apply.workable.com/venuemob,0
workable,veratrak,https://apply.workable.com/veratrak,0
workable,vessels-value-ltd,apply.workable.com/vessels-value-ltd,0
workable,vessev,https://apply.workable.com/vessev,4
workable,vev,https://apply.workable.com/vev,0
workable,vesynta,https://apply.workable.com/vesynta,0
workable,veterans-engineering-2,https://apply.workable.com/veterans-engineering-2,0
workable,veterinary-healthcare-associates,https://apply.workable.com/veterinary-healthcare-associates,0
workable,voyage,https://apply.workable.com/voyage,0
workable,veterans-launch-inc,https://apply.workable.com/veterans-launch-inc,0
workable,veterinary-staffing-pros-1,apply.workable.com/veterinary-staffing-pros-1,18
workable,vfx-financial,https://apply.workable.com/vfx-financial,0
workable,vibrant-solar,https://apply.workable.com/vibrant-solar,0
workable,vidapp,apply.workable.com/vidapp,0
workable,vira-health,https://apply.workable.com/vira-health,0
workable,vinmar-international,https://apply.workable.com/vinmar-international,39
workable,vimodji,https://apply.workable.com/vimodji,0
workable,villagereach-2,https://apply.workable.com/villagereach-2,0
workable,virginsport,https://apply.workable.com/virginsport,0
workable,virgo-surgical-video-solutions,https://apply.workable.com/virgo-surgical-video-solutions,0
workable,vironix-ai,apply.workable.com/vironix-ai,14
workable,vimachem-1,https://apply.workable.com/vimachem-1,0
workable,virtuoso,https://apply.workable.com/virtuoso,0
workable,virtusa-polaris,apply.workable.com/virtusa-polaris,0
workable,virtuozzo,https://apply.workable.com/virtuozzo,0
workable,virteva,https://apply.workable.com/virteva,0
workable,visiblehands,https://apply.workable.com/visiblehands,0
workable,vita-green,https://apply.workable.com/vita-green,52
workable,visualbi,https://apply.workable.com/visualbi,0
workable,vitae-health-systems,apply.workable.com/vitae-health-systems,102
workable,vitabiotics,https://apply.workable.com/vitabiotics,2
workable,vista-care,https://apply.workable.com/vista-care,0
workable,virtually-human-studio,https://apply.workable.com/virtually-human-studio,0
workable,vitl,https://apply.workable.com/vitl,0
workable,vitality-works,https://apply.workable.com/vitality-works,0
workable,vivaldi-group,https://apply.workable.com/vivaldi-group,14
workable,visium,https://apply.workable.com/visium,86
workable,vision-point-systems-inc,https://apply.workable.com/vision-point-systems-inc,8
workable,visage-dot-j-obs-1,apply.workable.com/visage-dot-j-obs-1,0
workable,vista-del-mar-hospital,https://apply.workable.com/vista-del-mar-hospital,10
workable,visualsoft,https://apply.workable.com/visualsoft,4
workable,watson-institute,apply.workable.com/watson-institute,21
workable,visioneers,https://apply.workable.com/visioneers,20
workable,visenze,https://apply.workable.com/visenze,0
workable,visitdays,https://visitdays.workable.com,0
workable,visitorscoverage-inc,https://apply.workable.com/visitorscoverage-inc,3
workable,visit,https://apply.workable.com/visit,144
workable,vitalitygroup,https://apply.workable.com/vitalitygroup,5
workable,virtuhire,https://apply.workable.com/virtuhire,91
workable,vista-group,https://apply.workable.com/vista-group,27
workable,vista-counseling-and-consultation-inc,https://apply.workable.com/vista-counseling-and-consultation-inc,26
workable,viva,https://apply.workable.com/viva,46
workable,vital-software,https://apply.workable.com/vital-software,0
workable,vivant-corp,https://apply.workable.com/vivant-corp,18
workable,vivino,https://apply.workable.com/vivino,0
workable,vividfront,https://apply.workable.com/vividfront,0
workable,vivid-money,https://apply.workable.com/vivid-money,0
workable,vizibl,https://apply.workable.com/vizibl,0
workable,vlrc,https://apply.workable.com/vlrc,14
workable,vnd,https://apply.workable.com/vnd,6
workable,voicediq,https://apply.workable.com/voicediq,1
workable,vmllondon,https://apply.workable.com/vmllondon,0
workable,wifi-tribe,apply.workable.com/wifi-tribe,5
workable,voysey-brands,https://apply.workable.com/voysey-brands,0
workable,volton,https://apply.workable.com/volton,5
workable,volley,https://apply.workable.com/volley,0
workable,vouchedfor,https://apply.workable.com/vouchedfor,0
workable,voicy,https://apply.workable.com/voicy,0
workable,volume-nine,https://apply.workable.com/volume-nine,0
workable,vtlaw,https://apply.workable.com/vtlaw,3
workable,vynyl,https://apply.workable.com/vynyl,0
workable,vxgroup,https://apply.workable.com/vxgroup,0
workable,vultr,https://apply.workable.com/vultr,0
workable,waad-education,https://apply.workable.com/waad-education,17
workable,vpsa,apply.workable.com/vpsa,28
workable,vouched,https://apply.workable.com/vouched,4
workable,walkingtree,apply.workable.com/walkingtree,0
workable,walaris,https://apply.workable.com/walaris,7
workable,voltz-motors,https://apply.workable.com/voltz-motors,0
workable,voluware,https://apply.workable.com/voluware,0
workable,w3bcloud,https://apply.workable.com/w3bcloud,0
workable,wagwan,https://apply.workable.com/wagwan,0
workable,vovi,https://apply.workable.com/vovi,4
workable,wescott-financial-advisory-group-llc,https://wescott-financial-advisory-group-llc.workable.com,1
workable,vp-auto-sales-slash-tejas-finance,https://apply.workable.com/vp-auto-sales-slash-tejas-finance,0
workable,walletconnect,https://apply.workable.com/walletconnect,3
workable,wallex-3,https://apply.workable.com/wallex-3,0
workable,walloprecruitment,apply.workable.com/walloprecruitment,0
workable,wallexexchange,https://apply.workable.com/wallexexchange,0
workable,walter-careers,apply.workable.com/walter-careers,74
workable,wappier,https://wappier.workable.com,0
workable,wantable-careers,apply.workable.com/wantable-careers,3
workable,wanderio,https://wanderio.workable.com,0
workable,weblinc,https://weblinc.workable.com,0
workable,webhotelier,apply.workable.com/webhotelier,0
workable,wati-dot-i-o,apply.workable.com/wati-dot-i-o,142
workable,wearenoble,apply.workable.com/wearenoble,64
workable,web3labs,https://web3labs.workable.com,0
workable,wearephlo,apply.workable.com/wearephlo,0
workable,we-are-social-1,apply.workable.com/we-are-social-1,76
workable,wateraid,apply.workable.com/wateraid,9
workable,wedy,https://wedy.workable.com,0
workable,webtoon-entertainment-inc-1,https://webtoon-entertainment-inc-1.workable.com,0
workable,walt-labs,https://apply.workable.com/walt-labs,0
workable,webprofits,https://webprofits.workable.com,0
workable,waypointmaine,apply.workable.com/waypointmaine,21
workable,weave,https://weave.workable.com,0
workable,wavestrong,apply.workable.com/wavestrong,30
workable,webjar,https://webjar.workable.com,0
workable,wavicle-data-solutions,apply.workable.com/wavicle-data-solutions,0
workable,webafrica,https://webafrica.workable.com,0
workable,workforceoptimizer,https://apply.workable.com/workforceoptimizer,4
workable,wearpepper,apply.workable.com/wearpepper,0
workable,weareinventijobs,https://weareinventijobs.workable.com,0
workable,weengs,https://weengs.workable.com,0
workable,webuild-ai,apply.workable.com/webuild-ai,6
workable,weatherbys-bank,apply.workable.com/weatherbys-bank,4
workable,weetabix,apply.workable.com/weetabix,1
workable,westcoast-actuaries-inc,apply.workable.com/westcoast-actuaries-inc,0
workable,weski,apply.workable.com/weski,0
workable,weekendesk,https://weekendesk.workable.com,0
workable,technologynrg,https://technologynrg.workable.com,0
workable,welcomepickups,apply.workable.com/welcomepickups,17
workable,whocanfixmycar,apply.workable.com/whocanfixmycar,0
workable,wenext-europe,apply.workable.com/wenext-europe,0
workable,west-virginia-child-advocacy-network,https://west-virginia-child-advocacy-network.workable.com,0
workable,wesselman-woods-nature-society,https://wesselman-woods-nature-society.workable.com,0
workable,welcome-jobs,apply.workable.com/welcome-jobs,0
workable,wercker,https://wercker.workable.com,0
workable,webprops,apply.workable.com/webprops,725
workable,welovesupermom-pte-ltd,apply.workable.com/welovesupermom-pte-ltd,0
workable,what-now-travel,https://what-now-travel.workable.com,0
workable,widilo,apply.workable.com/widilo,0
workable,whatsapp,apply.workable.com/whatsapp,0
workable,white-pearl-hospitality,apply.workable.com/white-pearl-hospitality,0
workable,wildlife-works,apply.workable.com/wildlife-works,4
workable,wefluens-1,apply.workable.com/wefluens-1,0
workable,wideopentech,https://wideopentech.workable.com,0
workable,whiparound,apply.workable.com/whiparound,5
workable,weta-workshop,https://weta-workshop.workable.com,0
workable,wikispaces,https://wikispaces.workable.com,0
workable,willdom,https://willdom.workable.com,0
workable,whizz,apply.workable.com/whizz,66
workable,whiteshield,apply.workable.com/whiteshield,19
workable,westfalia-fruit,apply.workable.com/westfalia-fruit,27
workable,williamburt,https://williamburt.workable.com,0
workable,winthrop-technologies,apply.workable.com/winthrop-technologies,214
workable,wirecard-asia-holding-pte-ltd,apply.workable.com/wirecard-asia-holding-pte-ltd,0
workable,winter-fest-oc,https://winter-fest-oc.workable.com,0
workable,winit,https://winit.workable.com,0
workable,wisedocs-ai,apply.workable.com/wisedocs-ai,3
workable,wisevu,apply.workable.com/wisevu,26
workable,willett-distillery,apply.workable.com/willett-distillery,3
workable,withreach,apply.workable.com/withreach,2
workable,wizer,apply.workable.com/wizer,0
workable,with-intelligence,apply.workable.com/with-intelligence,4
workable,wnscareers,https://apply.workable.com/wnscareers,0
workable,wizville,https://wizville.workable.com,0
workable,wollit-1,https://apply.workable.com/wollit-1,0
workable,woodgrovesolutions,https://apply.workable.com/woodgrovesolutions,0
workable,withings,apply.workable.com/withings,40
workable,withlogic,apply.workable.com/withlogic,0
workable,wisdom-sprouts,apply.workable.com/wisdom-sprouts,0
workable,wolfcarries-llc,apply.workable.com/wolfcarries-llc,0
workable,work-in-progress-consulting,https://apply.workable.com/work-in-progress-consulting,0
workable,wooplr,apply.workable.com/wooplr,0
workable,woof-together-1,apply.workable.com/woof-together-1,0
workable,workana-premium,https://apply.workable.com/workana-premium,276
workable,workbox-company,https://apply.workable.com/workbox-company,4
workable,wordpress,apply.workable.com/wordpress,0
workable,wordstream,https://apply.workable.com/wordstream,0
workable,workman-llp,https://apply.workable.com/workman-llp,24
workable,workast,https://apply.workable.com/workast,0
workable,workcapital,https://workcapital.workable.com,0
workable,workcules-inc,https://apply.workable.com/workcules-inc,0
workable,weekday-1,apply.workable.com/weekday-1,920
workable,worksquare,apply.workable.com/worksquare,0
workable,workshopdigital,https://apply.workable.com/workshopdigital,0
workable,workstate,https://apply.workable.com/workstate,26
workable,workyard,apply.workable.com/workyard,0
workable,world-of-good-brands,https://apply.workable.com/world-of-good-brands,0
workable,worksystems,https://apply.workable.com/worksystems,0
workable,worldfish,https://apply.workable.com/worldfish,5
workable,worldviatravel,https://apply.workable.com/worldviatravel,8
workable,worldpartytraveller,https://apply.workable.com/worldpartytraveller,0
workable,worthen-industries,https://apply.workable.com/worthen-industries,2
workable,zerozero,https://zerozero.workable.com,0
workable,wowza-media-systems,https://apply.workable.com/wowza-media-systems,2
workable,wpmotto,https://apply.workable.com/wpmotto,0
workable,wpphp,https://apply.workable.com/wpphp,0
workable,wpbrigade,https://apply.workable.com/wpbrigade,0
workable,wp-umbrella,https://apply.workable.com/wp-umbrella,0
workable,wrays-pharmacy-inc,https://wrays-pharmacy-inc.workable.com,0
workable,wrisk,https://apply.workable.com/wrisk,11
workable,writesonic,https://apply.workable.com/writesonic,22
workable,wwf,apply.workable.com/wwf,0
workable,wrk,https://apply.workable.com/wrk,0
workable,x-up-brands,apply.workable.com/x-up-brands,5
workable,xbird,https://apply.workable.com/xbird,0
workable,xe,https://apply.workable.com/xe,0
workable,xenon7,apply.workable.com/xenon7,46
workable,xodus-group,apply.workable.com/xodus-group,10
workable,xfuel,apply.workable.com/xfuel,0
workable,xponentiate,apply.workable.com/xponentiate,46
workable,xplore-inc,apply.workable.com/xplore-inc,4
workable,xtm,apply.workable.com/xtm,7
workable,xqthesuperschoolproject,https://xqthesuperschoolproject.workable.com,0
workable,xops,apply.workable.com/xops,0
workable,xos-trucks,https://xos-trucks.workable.com,0
workable,xtremax-pte-ltd,https://xtremax-pte-ltd.workable.com,40
workable,xpress-wellness-urgent-care-2,apply.workable.com/xpress-wellness-urgent-care-2,0
workable,yagro,https://yagro.workable.com,0
workable,yachtingprofessionals,https://yachtingprofessionals.workable.com,0
workable,xxperiential-marketing-group,apply.workable.com/xxperiential-marketing-group,0
workable,yahoo,apply.workable.com/yahoo,0
workable,yaso,apply.workable.com/yaso,0
workable,yalea,https://yalea.workable.com,0
workable,yapta,https://yapta.workable.com,0
workable,ycombinator,apply.workable.com/ycombinator,0
workable,zerolight,https://zerolight.workable.com,0
workable,ybfventures,apply.workable.com/ybfventures,0
workable,yap-global,apply.workable.com/yap-global,0
workable,yikodeen-footwear-limited,apply.workable.com/yikodeen-footwear-limited,0
workable,yieldmartech,apply.workable.com/yieldmartech,1
workable,youlend-1,apply.workable.com/youlend-1,2
workable,ynd,https://ynd.workable.com,0
workable,yoda-tech,apply.workable.com/yoda-tech,0
workable,yoyo,https://yoyo.workable.com,0
workable,zoomget,https://zoomget.workable.com,0
workable,youtrip,apply.workable.com/youtrip,44
workable,zams,apply.workable.com/zams,0
workable,zaizi,apply.workable.com/zaizi,14
workable,zero100,apply.workable.com/zero100,3
workable,zenarate,apply.workable.com/zenarate,0
workable,zeelo,apply.workable.com/zeelo,0
workable,zenara-health,apply.workable.com/zenara-health,8
workable,zengistics,apply.workable.com/zengistics,0
workable,zealgroup,apply.workable.com/zealgroup,108
workable,zego,https://zego.workable.com,29
workable,zeptolab,apply.workable.com/zeptolab,4
workable,zero-down-lease,apply.workable.com/zero-down-lease,0
workable,zenstores,https://zenstores.workable.com,0
workable,zipliens,apply.workable.com/zipliens,3
workable,zifo,apply.workable.com/zifo,35
workable,zeroheight,apply.workable.com/zeroheight,2
workable,zinc-ventures-limited,apply.workable.com/zinc-ventures-limited,0
workable,zgraph,apply.workable.com/zgraph,10
workable,zincnetwork,apply.workable.com/zincnetwork,13
workable,zicasso,apply.workable.com/zicasso,23
workable,zipdev,apply.workable.com/zipdev,106
workable,zinc-work,apply.workable.com/zinc-work,0
workable,zoomo,apply.workable.com/zoomo,2
workable,zirtual-llc,apply.workable.com/zirtual-llc,22
workable,zigzag-global,apply.workable.com/zigzag-global,0
workable,zodia-custody,apply.workable.com/zodia-custody,2
workable,zyte,apply.workable.com/zyte,3
workable,zoneit,https://zoneit.workable.com,26
workable,zonedigital,https://zonedigital.workable.com,0
workable,zohie,https://zohie.workable.com,0
workable,zycus-1,https://zycus-1.workable.com,0
workable,zzish,https://zzish.workable.com,0
workable,ingenuity,https://apply.workable.com/ingenuity,0
workable,internos,https://apply.workable.com/internos,0
workable,intersog-na,https://apply.workable.com/intersog-na,2
workable,issuu,https://apply.workable.com/issuu,0
workable,iota-software,https://apply.workable.com/iota-software,0
workable,isentia,https://apply.workable.com/isentia,0
workable,ironhack,apply.workable.com/ironhack,0
workable,ista-2,https://apply.workable.com/ista-2,140
workable,irpi,https://apply.workable.com/irpi,2
workable,jobspot-2,apply.workable.com/jobspot-2,0
workable,jemhr,https://apply.workable.com/jemhr,0
workable,jk-design-llc,https://apply.workable.com/jk-design-llc,0
workable,just-staffing-ltd,https://apply.workable.com/just-staffing-ltd,0
workable,johnson-electric-4,https://apply.workable.com/johnson-electric-4,0
workable,justone-gr,https://apply.workable.com/justone-gr,60
workable,junction37,https://apply.workable.com/junction37,0
workable,join-amira,https://apply.workable.com/join-amira,0
workable,k15t,https://apply.workable.com/k15t,0
workable,justto,https://apply.workable.com/justto,0
workable,jj-buckley,https://apply.workable.com/jj-buckley,0
workable,jobboardfire,apply.workable.com/jobboardfire,0
workable,jitbase,apply.workable.com/jitbase,0
workable,kamkaj,https://apply.workable.com/kamkaj,0
workable,keakr,https://apply.workable.com/keakr,0
workable,karumba-consulting-ltd,https://apply.workable.com/karumba-consulting-ltd,0
workable,kcmcrew,https://apply.workable.com/kcmcrew,0
workable,junto,https://junto.workable.com,0
workable,klydo,https://apply.workable.com/klydo,0
workable,k2d-strategies,https://apply.workable.com/k2d-strategies,0
workable,junolab,https://apply.workable.com/junolab,0
workable,keel-1,https://keel-1.workable.com,0
workable,keybee-hosting,apply.workable.com/keybee-hosting,0
workable,languagewire,https://apply.workable.com/languagewire,9
workable,ledipasvir-and-sofosbuvir,https://apply.workable.com/ledipasvir-and-sofosbuvir,0
workable,ki-insurance,https://apply.workable.com/ki-insurance,9
workable,legilogic,https://apply.workable.com/legilogic,0
workable,jump450,https://apply.workable.com/jump450,10
workable,keeano,https://apply.workable.com/keeano,0
workable,keeward,https://apply.workable.com/keeward,0
workable,kunumi,https://apply.workable.com/kunumi,0
workable,leetcode,https://apply.workable.com/leetcode,0
workable,kollabio,https://apply.workable.com/kollabio,0
workable,ldx-digital,apply.workable.com/ldx-digital,0
workable,krupar-people-solutions-llc,https://apply.workable.com/krupar-people-solutions-llc,0
workable,last-mile-education-fund,https://apply.workable.com/last-mile-education-fund,0
workable,limetree-bay-refinery-and-terminal,apply.workable.com/limetree-bay-refinery-and-terminal,0
workable,leapfrog-power-inc,https://apply.workable.com/leapfrog-power-inc,5
workable,laser-eye-institute,https://apply.workable.com/laser-eye-institute,5
workable,liimex,https://liimex.workable.com,0
workable,lifeid,https://apply.workable.com/lifeid,0
workable,leapvista,https://apply.workable.com/leapvista,0
workable,legal-heat,https://apply.workable.com/legal-heat,0
workable,kettler,https://apply.workable.com/kettler,0
workable,leenaai,https://apply.workable.com/leenaai,0
workable,liftpowerinc,https://apply.workable.com/liftpowerinc,0
workable,little-bird-nesting-company,https://apply.workable.com/little-bird-nesting-company,0
workable,kiosked,https://apply.workable.com/kiosked,0
workable,limeroad,apply.workable.com/limeroad,0
workable,linguistica-1,https://apply.workable.com/linguistica-1,0
workable,lingoapp,https://apply.workable.com/lingoapp,0
workable,lincolnavenue,https://apply.workable.com/lincolnavenue,4
workable,levelshealth,https://apply.workable.com/levelshealth,0
workable,legalvision,https://apply.workable.com/legalvision,25
workable,level-green-landscaping,https://apply.workable.com/level-green-landscaping,9
workable,livemorecapital,https://apply.workable.com/livemorecapital,0
workable,learnworlds,https://apply.workable.com/learnworlds,3
workable,lmw,https://apply.workable.com/lmw,24
workable,localeyes-video-production,https://apply.workable.com/localeyes-video-production,0
workable,loa-labs,https://apply.workable.com/loa-labs,0
workable,learnlight,https://apply.workable.com/learnlight,3
workable,leap-solutions,https://apply.workable.com/leap-solutions,0
workable,little-professor,https://apply.workable.com/little-professor,0
workable,littera-education,https://apply.workable.com/littera-education,0
workable,keyko,https://apply.workable.com/keyko,0
workable,loan-ecosystem-online,https://apply.workable.com/loan-ecosystem-online,0
workable,localmeasure,https://apply.workable.com/localmeasure,0
workable,localglobe-1,https://apply.workable.com/localglobe-1,0
workable,logicea,https://apply.workable.com/logicea,0
workable,kudos-services,apply.workable.com/kudos-services,4
workable,loandsons,https://apply.workable.com/loandsons,0
workable,london-bridge-rooftop,apply.workable.com/london-bridge-rooftop,5
workable,lod-technologies-inc,https://apply.workable.com/lod-technologies-inc,3
workable,lstn,https://apply.workable.com/lstn,0
workable,lny,apply.workable.com/lny,0
workable,locus-health,https://locus-health.workable.com,0
workable,lynxsupport,https://apply.workable.com/lynxsupport,1
workable,lxrandco,https://apply.workable.com/lxrandco,0
workable,lofty,https://apply.workable.com/lofty,0
workable,logifuture,https://apply.workable.com/logifuture,5
workable,localsoft-sl,https://apply.workable.com/localsoft-sl,0
workable,loyalty-prime-gmbh,https://apply.workable.com/loyalty-prime-gmbh,0
workable,leviacore,https://apply.workable.com/leviacore,0
workable,lumin8,https://apply.workable.com/lumin8,0
workable,maven-creative,https://apply.workable.com/maven-creative,0
workable,luxus,https://apply.workable.com/luxus,0
workable,lmg-staffing-solutions,https://apply.workable.com/lmg-staffing-solutions,53
workable,local-490,https://apply.workable.com/local-490,121
workable,luxico-1,apply.workable.com/luxico-1,0
workable,longswamp-learning-center,https://longswamp-learning-center.workable.com,0
workable,luggageo,https://apply.workable.com/luggageo,0
workable,logitech,apply.workable.com/logitech,0
workable,lv-luxury-jewelers,https://apply.workable.com/lv-luxury-jewelers,4
workable,low-emissions-resources-corp,https://apply.workable.com/low-emissions-resources-corp,0
workable,keycafe,https://apply.workable.com/keycafe,16
workable,lord,apply.workable.com/lord,0
workable,loginext,apply.workable.com/loginext,0
workable,lodge-management,https://apply.workable.com/lodge-management,0
workable,libertex-europe,https://apply.workable.com/libertex-europe,11
workable,locaria,https://apply.workable.com/locaria,0
workable,lumiq,https://apply.workable.com/lumiq,0
workable,lls,apply.workable.com/lls,0
workable,lodge-brothers,apply.workable.com/lodge-brothers,0
workable,maas-global,https://apply.workable.com/maas-global,0
workable,malta-inc,https://apply.workable.com/malta-inc,0
workable,madarplatform,https://apply.workable.com/madarplatform,4
workable,loft,apply.workable.com/loft,0
workable,luxdeco-4,https://apply.workable.com/luxdeco-4,0
workable,mangonelawfirm,https://apply.workable.com/mangonelawfirm,6
workable,maidmyday,apply.workable.com/maidmyday,0
workable,lumax-energy,https://apply.workable.com/lumax-energy,1
workable,lynk-2,https://apply.workable.com/lynk-2,0
workable,marq-limited,https://apply.workable.com/marq-limited,0
workable,luxium-solutions-llc,https://apply.workable.com/luxium-solutions-llc,13
workable,lysgaard,https://apply.workable.com/lysgaard,0
workable,mad-id,https://apply.workable.com/mad-id,0
workable,maketime,https://apply.workable.com/maketime,0
workable,masterit-behavior-therapy,apply.workable.com/masterit-behavior-therapy,3
workable,massivegrid-2,https://apply.workable.com/massivegrid-2,0
workable,lunenergy,https://apply.workable.com/lunenergy,0
workable,malka,https://apply.workable.com/malka,0
workable,locke-lord-llp,apply.workable.com/locke-lord-llp,0
workable,mainframe,https://mainframe.workable.com,0
workable,maidenhome,https://apply.workable.com/maidenhome,0
workable,marlowe-environmental-services,https://apply.workable.com/marlowe-environmental-services,0
workable,luum,https://apply.workable.com/luum,0
workable,madetruly,apply.workable.com/madetruly,0
workable,manedigital,https://apply.workable.com/manedigital,0
workable,matrak,https://apply.workable.com/matrak,0
workable,makowsky-ringel-greenberg-llc,https://apply.workable.com/makowsky-ringel-greenberg-llc,10
workable,mamibet88,https://apply.workable.com/mamibet88,0
workable,mandoulidesschools,https://apply.workable.com/mandoulidesschools,0
workable,maneva,https://apply.workable.com/maneva,12
workable,magic-labs-inc,https://apply.workable.com/magic-labs-inc,0
workable,lunit,https://apply.workable.com/lunit,19
workable,mdlz,apply.workable.com/mdlz,0
workable,manufacturing-maritime-industrial-association-1,https://apply.workable.com/manufacturing-maritime-industrial-association-1,0
workable,lyell-immunopharma,https://apply.workable.com/lyell-immunopharma,0
workable,makkajai,https://apply.workable.com/makkajai,0
workable,mayors-migration-council,https://apply.workable.com/mayors-migration-council,1
workable,marketmuse,https://marketmuse.workable.com,0
workable,maan-global-development,apply.workable.com/maan-global-development,0
workable,marketplacer,https://apply.workable.com/marketplacer,0
workable,lpod,apply.workable.com/lpod,0
workable,m2-engineering,apply.workable.com/m2-engineering,0
workable,mantis-massage,https://apply.workable.com/mantis-massage,1
workable,marley-medical-inc,https://apply.workable.com/marley-medical-inc,0
workable,maverctech,https://apply.workable.com/maverctech,3
workable,manual,https://apply.workable.com/manual,0
workable,maxwellenergy,https://apply.workable.com/maxwellenergy,12
workable,maptiks,https://apply.workable.com/maptiks,0
workable,memiah-limited,https://apply.workable.com/memiah-limited,0
workable,maxplay,https://maxplay.workable.com,0
workable,manpowergroup-greece-1,https://apply.workable.com/manpowergroup-greece-1,0
workable,may-lindstrom-skin,https://apply.workable.com/may-lindstrom-skin,0
workable,menlocre,https://apply.workable.com/menlocre,0
workable,masse-sales-ltd,https://apply.workable.com/masse-sales-ltd,0
workable,manilarecruitment,https://apply.workable.com/manilarecruitment,84
workable,mba-csi,apply.workable.com/mba-csi,0
workable,mergemoney,https://apply.workable.com/mergemoney,0
workable,meier-real-estate,https://apply.workable.com/meier-real-estate,0
workable,modani-furniture,apply.workable.com/modani-furniture,0
workable,maven-staffing,https://apply.workable.com/maven-staffing,0
workable,microsoft,apply.workable.com/microsoft,0
workable,mastered-3,https://apply.workable.com/mastered-3,0
workable,maxana,https://apply.workable.com/maxana,36
workable,meda-limited,apply.workable.com/meda-limited,0
workable,mahisoft,https://apply.workable.com/mahisoft,0
workable,mast-jagermeister-us,https://apply.workable.com/mast-jagermeister-us,23
workable,mclaneintel,https://apply.workable.com/mclaneintel,2
workable,mastek,https://apply.workable.com/mastek,0
workable,matter,https://matter.workable.com,0
workable,max-automate-llc,https://apply.workable.com/max-automate-llc,0
workable,maritzcx,https://apply.workable.com/maritzcx,0
workable,mhacg,https://apply.workable.com/mhacg,7
workable,memberstack,https://apply.workable.com/memberstack,0
workable,mellongroup,https://apply.workable.com/mellongroup,51
workable,mercantile-pacific,https://apply.workable.com/mercantile-pacific,0
workable,mikinok,https://apply.workable.com/mikinok,2
workable,meiuca,https://apply.workable.com/meiuca,0
workable,midea-america-corp,apply.workable.com/midea-america-corp,0
workable,minam-river-lodge,https://apply.workable.com/minam-river-lodge,0
workable,mentoring,https://apply.workable.com/mentoring,0
workable,mayor-elect-zohran-mamdani-transition-team,https://apply.workable.com/mayor-elect-zohran-mamdani-transition-team,1
workable,mindful,https://apply.workable.com/mindful,0
workable,mercavus-jobs,https://mercavus-jobs.workable.com,0
workable,maintain-technology-consulting,apply.workable.com/maintain-technology-consulting,0
workable,meyerandassociates,https://apply.workable.com/meyerandassociates,0
workable,mi-homes,https://apply.workable.com/mi-homes,73
workable,medvivo,https://apply.workable.com/medvivo,0
workable,metasensor,https://apply.workable.com/metasensor,0
workable,milexa-group-1,https://apply.workable.com/milexa-group-1,0
workable,midnite,https://apply.workable.com/midnite,17
workable,mcf,https://apply.workable.com/mcf,0
workable,malvi,https://apply.workable.com/malvi,0
workable,midwest-special-services,https://apply.workable.com/midwest-special-services,6
workable,michigan-eye-institute,https://apply.workable.com/michigan-eye-institute,0
workable,media,https://apply.workable.com/media,0
workable,lockwood,https://apply.workable.com/lockwood,5
workable,microbesng,https://apply.workable.com/microbesng,0
workable,mercari,https://apply.workable.com/mercari,122
workable,medicare-singapore,apply.workable.com/medicare-singapore,0
workable,mccann-io,https://mccann-io.workable.com,0
workable,micah-solutions-fze,https://apply.workable.com/micah-solutions-fze,0
workable,meupag,https://apply.workable.com/meupag,0
workable,milanote,https://apply.workable.com/milanote,0
workable,mini-o,apply.workable.com/mini-o,0
workable,massmutual-carolinas,https://apply.workable.com/massmutual-carolinas,0
workable,micro-bit-educational-foundation,https://apply.workable.com/micro-bit-educational-foundation,1
workable,mediaone,https://apply.workable.com/mediaone,0
workable,megaproject,https://apply.workable.com/megaproject,0
workable,mills-can-do-it-llc,https://apply.workable.com/mills-can-do-it-llc,0
workable,maven-clinic,https://apply.workable.com/maven-clinic,0
workable,midaxo,https://apply.workable.com/midaxo,0
workable,miracle-ear,apply.workable.com/miracle-ear,12
workable,maveriscareers,https://apply.workable.com/maveriscareers,2
workable,metafy,https://apply.workable.com/metafy,0
workable,mevo,https://apply.workable.com/mevo,0
workable,moment-ai,https://apply.workable.com/moment-ai,0
workable,miller-international,https://apply.workable.com/miller-international,4
workable,massive-media-match,https://apply.workable.com/massive-media-match,0
workable,milanicosmetics,https://apply.workable.com/milanicosmetics,0
workable,mer,https://apply.workable.com/mer,0
workable,miraygroup,apply.workable.com/miraygroup,0
workable,metaverseme,https://apply.workable.com/metaverseme,0
workable,mever,https://apply.workable.com/mever,0
workable,mosaic-app,apply.workable.com/mosaic-app,0
workable,millennium-health,https://apply.workable.com/millennium-health,88
workable,metaengine,https://apply.workable.com/metaengine,0
workable,micros-leader-sa,https://apply.workable.com/micros-leader-sa,0
workable,molecule,https://apply.workable.com/molecule,0
workable,mobilisation-lab,https://apply.workable.com/mobilisation-lab,0
workable,moneypark,https://apply.workable.com/moneypark,0
workable,medcel,https://apply.workable.com/medcel,0
workable,meritrestorations,https://apply.workable.com/meritrestorations,15
workable,mondo,https://apply.workable.com/mondo,0
workable,metropolitan-college,https://apply.workable.com/metropolitan-college,29
workable,moxfivecyber,https://apply.workable.com/moxfivecyber,0
workable,mscanada,apply.workable.com/mscanada,0
workable,minc-law,https://apply.workable.com/minc-law,0
workable,modernicahr,https://apply.workable.com/modernicahr,0
workable,mojeek,https://apply.workable.com/mojeek,0
workable,memory,https://apply.workable.com/memory,0
workable,mweb-6,https://apply.workable.com/mweb-6,2
workable,mcmakler,https://apply.workable.com/mcmakler,0
workable,misha-talent-acquisition,apply.workable.com/misha-talent-acquisition,0
workable,mindgrub,https://apply.workable.com/mindgrub,0
workable,momentumdesinglab,https://apply.workable.com/momentumdesinglab,3
workable,mrsool-3,https://apply.workable.com/mrsool-3,4
workable,minxli,https://apply.workable.com/minxli,0
workable,mioannidis-sa-mercedes-benz-1,https://apply.workable.com/mioannidis-sa-mercedes-benz-1,0
workable,mi-forums,https://apply.workable.com/mi-forums,4
workable,murmuration,https://apply.workable.com/murmuration,12
workable,muster,https://apply.workable.com/muster,0
workable,mutiny,https://apply.workable.com/mutiny,0
workable,myndlift,https://apply.workable.com/myndlift,0
workable,modn,https://apply.workable.com/modn,0
workable,momentumone,https://apply.workable.com/momentumone,0
workable,monty,https://apply.workable.com/monty,4
workable,mythwright,https://apply.workable.com/mythwright,4
workable,muume,https://apply.workable.com/muume,0
workable,murphy-research,https://apply.workable.com/murphy-research,7
workable,murphy-labs,https://apply.workable.com/murphy-labs,0
workable,montrose-international,https://apply.workable.com/montrose-international,0
workable,mila-2,https://apply.workable.com/mila-2,13
workable,mon-co,https://apply.workable.com/mon-co,0
workable,munvo,https://apply.workable.com/munvo,0
workable,mwresource-inc,https://apply.workable.com/mwresource-inc,26
workable,monoline,https://apply.workable.com/monoline,0
workable,movinhood,https://apply.workable.com/movinhood,0
workable,nakedmd,https://apply.workable.com/nakedmd,54
workable,needle-1,https://apply.workable.com/needle-1,0
workable,neom-wellbeing,https://apply.workable.com/neom-wellbeing,7
workable,mrs-wordsmith,https://apply.workable.com/mrs-wordsmith,0
workable,mims,https://mims.workable.com,0
workable,nadinewest,https://apply.workable.com/nadinewest,0
workable,monarch,https://apply.workable.com/monarch,2
workable,mitiga-solutions,https://apply.workable.com/mitiga-solutions,0
workable,mobius-labs,https://apply.workable.com/mobius-labs,0
workable,mpsolutions,https://apply.workable.com/mpsolutions,98
workable,mind-omega-1,apply.workable.com/mind-omega-1,0
workable,neo-dot-t-ax,https://apply.workable.com/neo-dot-t-ax,0
workable,nativenetwork,https://apply.workable.com/nativenetwork,0
workable,mojiworks,https://apply.workable.com/mojiworks,0
workable,monarch-quantum,apply.workable.com/monarch-quantum,27
workable,mpl-enterprises,https://apply.workable.com/mpl-enterprises,0
workable,netstreit,https://apply.workable.com/netstreit,0
workable,nebra,https://apply.workable.com/nebra,0
workable,nef,https://apply.workable.com/nef,0
workable,micro-leads,apply.workable.com/micro-leads,0
workable,mollo-technology,https://apply.workable.com/mollo-technology,0
workable,modus-mobility,https://apply.workable.com/modus-mobility,10
workable,moxie-labs,apply.workable.com/moxie-labs,3
workable,mmob,https://apply.workable.com/mmob,0
workable,mpf-federal-4,https://apply.workable.com/mpf-federal-4,20
workable,missinglettr,https://apply.workable.com/missinglettr,0
workable,neostella,https://apply.workable.com/neostella,7
workable,nearst,https://apply.workable.com/nearst,0
workable,neural-magic,https://apply.workable.com/neural-magic,0
workable,ndreams,https://apply.workable.com/ndreams,1
workable,neville-and-sons,https://apply.workable.com/neville-and-sons,2
workable,myforce,https://apply.workable.com/myforce,80
workable,mirthy,https://apply.workable.com/mirthy,0
workable,na2,apply.workable.com/na2,0
workable,milo-enterprises-inc,apply.workable.com/milo-enterprises-inc,0
workable,momentum-services-ltd,apply.workable.com/momentum-services-ltd,0
workable,network-my-club,https://apply.workable.com/network-my-club,0
workable,neoleap,https://apply.workable.com/neoleap,0
workable,neugroup,https://apply.workable.com/neugroup,0
workable,neilson-active-holidays,https://apply.workable.com/neilson-active-holidays,0
workable,mudano,https://apply.workable.com/mudano,0
workable,neowork,https://apply.workable.com/neowork,54
workable,neoreach,https://apply.workable.com/neoreach,2
workable,mytutorly,https://apply.workable.com/mytutorly,0
workable,nadine-johnson-and-associates,https://apply.workable.com/nadine-johnson-and-associates,0
workable,mvpf,https://apply.workable.com/mvpf,0
workable,moser-consulting,https://apply.workable.com/moser-consulting,0
workable,msl-engineering,https://apply.workable.com/msl-engineering,25
workable,neverbland,https://apply.workable.com/neverbland,0
workable,nationswell-1,https://apply.workable.com/nationswell-1,1
workable,netradyne-1,apply.workable.com/netradyne-1,0
workable,mybizhelpers-dot-c-om,https://apply.workable.com/mybizhelpers-dot-c-om,0
workable,new-automotive-2,https://apply.workable.com/new-automotive-2,0
workable,national-fitness-campaign,apply.workable.com/national-fitness-campaign,0
workable,neurolabs,https://apply.workable.com/neurolabs,1
workable,mojo,https://apply.workable.com/mojo,0
workable,newstaff,apply.workable.com/newstaff,151
workable,neo-gg,https://apply.workable.com/neo-gg,62
workable,n8n,https://apply.workable.com/n8n,0
workable,mswalker,https://apply.workable.com/mswalker,0
workable,nmvw,https://apply.workable.com/nmvw,0
workable,msnt-dot-l-lc,apply.workable.com/msnt-dot-l-lc,0
workable,moveworks,https://apply.workable.com/moveworks,0
workable,noisis,https://apply.workable.com/noisis,4
workable,netx,https://apply.workable.com/netx,1
workable,nillion,https://apply.workable.com/nillion,0
workable,nibbleapps,https://apply.workable.com/nibbleapps,0
workable,mozaic,https://apply.workable.com/mozaic,0
workable,net-natives-7,apply.workable.com/net-natives-7,0
workable,money-fellows,https://apply.workable.com/money-fellows,0
workable,nereus,https://apply.workable.com/nereus,0
workable,nanameue,https://apply.workable.com/nanameue,0
workable,nomad-money,https://apply.workable.com/nomad-money,0
workable,neo-tech,apply.workable.com/neo-tech,1
workable,nesswell,https://apply.workable.com/nesswell,0
workable,netguru,https://apply.workable.com/netguru,40
workable,n4-studio,https://apply.workable.com/n4-studio,10
workable,nearnow,apply.workable.com/nearnow,0
workable,nocwing,https://apply.workable.com/nocwing,0
workable,nlpatent,https://apply.workable.com/nlpatent,3
workable,navisens,https://apply.workable.com/navisens,0
workable,nipponshokkenusa,apply.workable.com/nipponshokkenusa,8
workable,napp,https://apply.workable.com/napp,0
workable,n2o-1,https://apply.workable.com/n2o-1,10
workable,nhfpi,https://nhfpi.workable.com,0
workable,mypocketskill,https://apply.workable.com/mypocketskill,0
workable,north-park-university,https://apply.workable.com/north-park-university,33
workable,neuronchain,https://apply.workable.com/neuronchain,0
workable,nomad-atomics,https://apply.workable.com/nomad-atomics,6
workable,neutalent,apply.workable.com/neutalent,0
workable,noodists,https://apply.workable.com/noodists,7
workable,nocatee,https://apply.workable.com/nocatee,7
workable,noipm,https://noipm.workable.com,0
workable,nexant,https://apply.workable.com/nexant,0
workable,nfi-group-inc,https://apply.workable.com/nfi-group-inc,9
workable,noble-ai,https://apply.workable.com/noble-ai,3
workable,noun-inc,apply.workable.com/noun-inc,4
workable,nin-delivers,apply.workable.com/nin-delivers,0
workable,novainstall,https://apply.workable.com/novainstall,0
workable,netimpactstrategies,apply.workable.com/netimpactstrategies,0
workable,nowpow,https://apply.workable.com/nowpow,0
workable,ngeneration,https://apply.workable.com/ngeneration,31
workable,nimbyx,apply.workable.com/nimbyx,0
workable,neuraxpharm,https://apply.workable.com/neuraxpharm,0
workable,node,https://apply.workable.com/node,18
workable,new-york-football-giants,apply.workable.com/new-york-football-giants,1
workable,ninjatech-ai,https://apply.workable.com/ninjatech-ai,0
workable,novasign,https://apply.workable.com/novasign,2
workable,new-york-life-60,apply.workable.com/new-york-life-60,0
workable,new-day-admin,https://apply.workable.com/new-day-admin,1
workable,new-city-school-of-music,https://apply.workable.com/new-city-school-of-music,0
workable,openscied,https://apply.workable.com/openscied,0
workable,one-call-concepts-inc,https://apply.workable.com/one-call-concepts-inc,1
workable,novagreece,https://apply.workable.com/novagreece,0
workable,noonlight,https://apply.workable.com/noonlight,0
workable,neat-method-careers,apply.workable.com/neat-method-careers,0
workable,oakwood-school,https://apply.workable.com/oakwood-school,2
workable,nimaworks,https://apply.workable.com/nimaworks,0
workable,occuspace-inc,https://apply.workable.com/occuspace-inc,0
workable,neuehouse,https://apply.workable.com/neuehouse,0
workable,novelfarms,https://apply.workable.com/novelfarms,0
workable,nuttifox,https://apply.workable.com/nuttifox,0
workable,nomadic,https://apply.workable.com/nomadic,0
workable,nox-medical,https://apply.workable.com/nox-medical,0
workable,nyc-alliance-company-llc,https://apply.workable.com/nyc-alliance-company-llc,16
workable,nimble-workforce,https://apply.workable.com/nimble-workforce,0
workable,noonacademy,https://apply.workable.com/noonacademy,0
workable,nutrition-stripped,https://apply.workable.com/nutrition-stripped,0
workable,nxt-gig,https://apply.workable.com/nxt-gig,0
workable,noblethermodynamics,https://apply.workable.com/noblethermodynamics,0
workable,nxnw,https://apply.workable.com/nxnw,0
workable,onetouchdirectcareers,https://apply.workable.com/onetouchdirectcareers,0
workable,novoda,https://apply.workable.com/novoda,0
workable,novoholdings,https://apply.workable.com/novoholdings,5
workable,northamptonshire-sport,https://apply.workable.com/northamptonshire-sport,0
workable,ob-streem,https://apply.workable.com/ob-streem,26
workable,optasy,https://apply.workable.com/optasy,0
workable,northstrat,https://apply.workable.com/northstrat,49
workable,novex-llc,apply.workable.com/novex-llc,2
workable,onlock,apply.workable.com/onlock,0
workable,ocom-orlando-college-of-osteopathic-medicine,https://apply.workable.com/ocom-orlando-college-of-osteopathic-medicine,4
workable,nyc-wholesale-diamonds,https://apply.workable.com/nyc-wholesale-diamonds,0
workable,oneid,https://apply.workable.com/oneid,0
workable,nutpods,https://apply.workable.com/nutpods,0
workable,originventures,https://apply.workable.com/originventures,0
workable,oakengage,https://apply.workable.com/oakengage,0
workable,nomoss,https://apply.workable.com/nomoss,0
workable,nucco-brain,https://apply.workable.com/nucco-brain,0
workable,ohalo,https://apply.workable.com/ohalo,2
workable,o2b-kids,https://apply.workable.com/o2b-kids,50
workable,nuride,https://apply.workable.com/nuride,0
workable,northern-california-behavioral-health-system,https://apply.workable.com/northern-california-behavioral-health-system,40
workable,only-mine,https://apply.workable.com/only-mine,0
workable,ocasta,https://ocasta.workable.com,0
workable,ohara-corporation,https://apply.workable.com/ohara-corporation,10
workable,nomanini,https://apply.workable.com/nomanini,0
workable,numan,https://apply.workable.com/numan,0
workable,ojdigitalsolutions,https://apply.workable.com/ojdigitalsolutions,4
workable,nuvani-london,https://apply.workable.com/nuvani-london,0
workable,omh,https://apply.workable.com/omh,0
workable,oct-consulting-llc,https://apply.workable.com/oct-consulting-llc,12
workable,noveto,https://apply.workable.com/noveto,0
workable,nwsa,https://apply.workable.com/nwsa,0
workable,omilia-ltd,https://apply.workable.com/omilia-ltd,0
workable,oakland-peace-center,https://apply.workable.com/oakland-peace-center,0
workable,nuvei,https://apply.workable.com/nuvei,57
workable,obviouslysocial,https://apply.workable.com/obviouslysocial,0
workable,numi,https://apply.workable.com/numi,8
workable,nomod,https://apply.workable.com/nomod,0
workable,panaroma-finance-1,https://apply.workable.com/panaroma-finance-1,0
workable,ojahq,https://apply.workable.com/ojahq,0
workable,panther-protocol,https://apply.workable.com/panther-protocol,0
workable,onzero,apply.workable.com/onzero,0
workable,onroute,https://apply.workable.com/onroute,0
workable,offerial,https://offerial.workable.com,0
workable,oncology-care-partners,https://apply.workable.com/oncology-care-partners,0
workable,openairplane,https://apply.workable.com/openairplane,0
workable,our-team-accounting-1,https://apply.workable.com/our-team-accounting-1,0
workable,nopsec,https://apply.workable.com/nopsec,0
workable,ocl-group,https://apply.workable.com/ocl-group,0
workable,optibpo,apply.workable.com/optibpo,0
workable,numo,https://apply.workable.com/numo,0
workable,olyplant,https://apply.workable.com/olyplant,0
workable,opus9,https://apply.workable.com/opus9,0
workable,outpoint,https://apply.workable.com/outpoint,0
workable,one-community,https://apply.workable.com/one-community,0
workable,orfium,https://apply.workable.com/orfium,21
workable,oishya,https://apply.workable.com/oishya,0
workable,oyster,https://apply.workable.com/oyster,0
workable,om1,https://apply.workable.com/om1,0
workable,oregon-shakespeare-festival,https://apply.workable.com/oregon-shakespeare-festival,0
workable,olokun-minerals,https://apply.workable.com/olokun-minerals,0
workable,optimail-co-ltd,https://apply.workable.com/optimail-co-ltd,0
workable,orchard-therapeutics,https://apply.workable.com/orchard-therapeutics,15
workable,orum,https://apply.workable.com/orum,0
workable,oil-stores,https://apply.workable.com/oil-stores,0
workable,openborder,https://apply.workable.com/openborder,0
workable,octanelending,https://apply.workable.com/octanelending,0
workable,otoqi,https://apply.workable.com/otoqi,0
workable,openworks-engineering,https://apply.workable.com/openworks-engineering,8
workable,patient-recovery-home-healthcare-services,https://apply.workable.com/patient-recovery-home-healthcare-services,0
workable,optnation,https://apply.workable.com/optnation,0
workable,outshinedigital,https://apply.workable.com/outshinedigital,0
workable,optivist-1,https://apply.workable.com/optivist-1,0
workable,optima-lodgings-lp,https://apply.workable.com/optima-lodgings-lp,0
workable,orange-county-land-trust,https://apply.workable.com/orange-county-land-trust,0
workable,oue-restaurants-pte-ltd,https://apply.workable.com/oue-restaurants-pte-ltd,32
workable,noted,https://apply.workable.com/noted,0
workable,oxford-university-innovation,apply.workable.com/oxford-university-innovation,0
workable,omelet,https://apply.workable.com/omelet,1
workable,omass-therapeutics,https://apply.workable.com/omass-therapeutics,0
workable,otdcareers,https://apply.workable.com/otdcareers,22
workable,origin-advisors-inc,https://apply.workable.com/origin-advisors-inc,0
workable,one-of-us,https://apply.workable.com/one-of-us,17
workable,outfund,https://apply.workable.com/outfund,0
workable,orange-county-hospitals-signature-health-care,https://apply.workable.com/orange-county-hospitals-signature-health-care,0
workable,opencredo,https://apply.workable.com/opencredo,0
workable,outeraisle,https://apply.workable.com/outeraisle,0
workable,oredata,https://apply.workable.com/oredata,6
workable,out-there-media,https://apply.workable.com/out-there-media,0
workable,parcify,https://parcify.workable.com,0
workable,overline,https://apply.workable.com/overline,0
workable,ova2-consultants-pvt-ltd,https://apply.workable.com/ova2-consultants-pvt-ltd,0
workable,optimizon,apply.workable.com/optimizon,0
workable,omron-asia-pacific-pte-ltd,https://apply.workable.com/omron-asia-pacific-pte-ltd,0
workable,ora,https://ora.workable.com,0
workable,obviouslee-marketing,https://apply.workable.com/obviouslee-marketing,0
workable,optimal-hr-group-sa,https://apply.workable.com/optimal-hr-group-sa,0
workable,owneriq,https://apply.workable.com/owneriq,0
workable,origin-10x,apply.workable.com/origin-10x,32
workable,oxa,https://apply.workable.com/oxa,0
workable,outlier-dot-o-rg,https://apply.workable.com/outlier-dot-o-rg,0
workable,orangeline,https://apply.workable.com/orangeline,0
workable,optimum-rv,https://apply.workable.com/optimum-rv,28
workable,overshore,https://apply.workable.com/overshore,0
workable,panorama-education,https://apply.workable.com/panorama-education,9
workable,origo-education,https://apply.workable.com/origo-education,0
workable,oviahealth,https://apply.workable.com/oviahealth,0
workable,optimism,https://apply.workable.com/optimism,4
workable,parler,https://apply.workable.com/parler,0
workable,overactive-media-corp,https://apply.workable.com/overactive-media-corp,7
workable,oqc,https://apply.workable.com/oqc,0
workable,pakfactory,https://pakfactory.workable.com,0
workable,ostmodern,https://apply.workable.com/ostmodern,0
workable,oscaro,https://oscaro.workable.com,0
workable,p2-solutions-group-llc,https://p2-solutions-group-llc.workable.com,0
workable,owlstone-medical,https://apply.workable.com/owlstone-medical,0
workable,paidright,https://apply.workable.com/paidright,0
workable,overtone-color,https://apply.workable.com/overtone-color,0
workable,outfitlabs,https://apply.workable.com/outfitlabs,0
workable,outspoken-media,https://apply.workable.com/outspoken-media,0
workable,organizing-for-impact,https://apply.workable.com/organizing-for-impact,0
workable,paneratech-inc,https://apply.workable.com/paneratech-inc,0
workable,packback,https://apply.workable.com/packback,2
workable,pacerevenue,https://apply.workable.com/pacerevenue,0
workable,pack-hacker,https://apply.workable.com/pack-hacker,0
workable,parmanenergy,apply.workable.com/parmanenergy,0
workable,paramount-consulting-uk,https://apply.workable.com/paramount-consulting-uk,0
workable,pakistan-single-window,https://apply.workable.com/pakistan-single-window,29
workable,paradigm,https://apply.workable.com/paradigm,0
workable,patronus-medical,https://apply.workable.com/patronus-medical,0
workable,pandable,https://apply.workable.com/pandable,0
workable,ovice-career,https://apply.workable.com/ovice-career,0
workable,opendatajobs,https://apply.workable.com/opendatajobs,3
workable,ovalspace,https://apply.workable.com/ovalspace,0
workable,paved,https://apply.workable.com/paved,0
workable,owt-swiss,https://apply.workable.com/owt-swiss,5
workable,outrnr,https://apply.workable.com/outrnr,0
workable,overseas-yoga-fitness-centre-eu-continentel,https://apply.workable.com/overseas-yoga-fitness-centre-eu-continentel,0
workable,palladium-digital-group,https://apply.workable.com/palladium-digital-group,0
workable,parallel-carbon,https://apply.workable.com/parallel-carbon,0
workable,paradise,https://apply.workable.com/paradise,0
workable,patterns-behavioral-services1,https://apply.workable.com/patterns-behavioral-services1,34
workable,paradigmlife,https://apply.workable.com/paradigmlife,0
workable,paragonstrategicstaffing,https://apply.workable.com/paragonstrategicstaffing,0
workable,parade,https://apply.workable.com/parade,0
workable,papier,https://apply.workable.com/papier,0
workable,ourhomesnacks,https://apply.workable.com/ourhomesnacks,16
workable,palona,https://apply.workable.com/palona,0
workable,pagarme,https://apply.workable.com/pagarme,0
workable,pathwaymedical,https://apply.workable.com/pathwaymedical,0
workable,papoutsanis-1,https://apply.workable.com/papoutsanis-1,17
workable,paragon-social-care,https://apply.workable.com/paragon-social-care,130
workable,overlay,https://apply.workable.com/overlay,0
workable,paella-inc,https://apply.workable.com/paella-inc,0
workable,ovira,https://apply.workable.com/ovira,0
workable,patsnapcareers,https://apply.workable.com/patsnapcareers,0
workable,papercult,https://papercult.workable.com,0
workable,pegasushomes,https://apply.workable.com/pegasushomes,5
workable,paybuymax-tech,https://apply.workable.com/paybuymax-tech,0
workable,paragraf-1,https://apply.workable.com/paragraf-1,2
workable,pareto-publishing,https://apply.workable.com/pareto-publishing,6
workable,partech,https://apply.workable.com/partech,0
workable,oversee,https://apply.workable.com/oversee,4
workable,partale-talent,apply.workable.com/partale-talent,24
workable,papernest,https://apply.workable.com/papernest,0
workable,percept-ai,https://apply.workable.com/percept-ai,0
workable,pancentric,https://apply.workable.com/pancentric,0
workable,passthekeys,apply.workable.com/passthekeys,5
workable,parityhomes,https://apply.workable.com/parityhomes,0
workable,parallel-learning,https://apply.workable.com/parallel-learning,0
workable,pacificaviation,https://apply.workable.com/pacificaviation,37
workable,paragraaffi,https://paragraaffi.workable.com,0
workable,peaceworks-foundation,https://apply.workable.com/peaceworks-foundation,0
workable,pelesys-learning-systems-inc,apply.workable.com/pelesys-learning-systems-inc,0
workable,pavago,https://apply.workable.com/pavago,1291
workable,peoplesmomentum,https://apply.workable.com/peoplesmomentum,0
workable,pavement-preservation-group,https://apply.workable.com/pavement-preservation-group,31
workable,parrot-analytics,https://apply.workable.com/parrot-analytics,0
workable,patchd-medical,https://apply.workable.com/patchd-medical,0
workable,patrique-mercier-recruitment-fr,https://apply.workable.com/patrique-mercier-recruitment-fr,2356
workable,pardon,https://apply.workable.com/pardon,0
workable,patientmoon,https://apply.workable.com/patientmoon,0
workable,paxt,apply.workable.com/paxt,0
workable,patientio,https://apply.workable.com/patientio,0
workable,perryweather,https://apply.workable.com/perryweather,0
workable,petaloom,https://apply.workable.com/petaloom,0
workable,pennmutual,apply.workable.com/pennmutual,0
workable,pitchbox,https://apply.workable.com/pitchbox,3
workable,payabl,https://apply.workable.com/payabl,97
workable,peggyjv,https://apply.workable.com/peggyjv,0
workable,pearlabyss,https://apply.workable.com/pearlabyss,0
workable,partners-in-equity-1,https://apply.workable.com/partners-in-equity-1,0
workable,pi-marketing,https://pi-marketing.workable.com,0
workable,pickfu,https://apply.workable.com/pickfu,0
workable,pinnacle-middle-east,apply.workable.com/pinnacle-middle-east,0
workable,persimmons-ai,https://apply.workable.com/persimmons-ai,5
workable,petfolk,https://apply.workable.com/petfolk,0
workable,pinewoodaicareers,https://apply.workable.com/pinewoodaicareers,18
workable,performance-optimal-health,https://apply.workable.com/performance-optimal-health,40
workable,persistence-recruitment,https://apply.workable.com/persistence-recruitment,0
workable,performio,https://apply.workable.com/performio,0
workable,performance-technologies,https://apply.workable.com/performance-technologies,11
workable,peoplepowered,https://apply.workable.com/peoplepowered,0
workable,planes,https://apply.workable.com/planes,0
workable,perfect-venue,https://apply.workable.com/perfect-venue,0
workable,paylidify,apply.workable.com/paylidify,8
workable,polished-to-perfection,https://apply.workable.com/polished-to-perfection,0
workable,polloregio,https://apply.workable.com/polloregio,31
workable,pollfish,https://apply.workable.com/pollfish,0
workable,pfm-global-fzco,https://apply.workable.com/pfm-global-fzco,13
workable,pineapple-staffing,https://apply.workable.com/pineapple-staffing,3
workable,phazero-5,https://apply.workable.com/phazero-5,0
workable,polaron,https://apply.workable.com/polaron,2
workable,portainer,https://apply.workable.com/portainer,3
workable,pollen-dao,https://apply.workable.com/pollen-dao,0
workable,polyglot,https://apply.workable.com/polyglot,0
workable,permutive,https://apply.workable.com/permutive,0
workable,pistils-nursery,https://apply.workable.com/pistils-nursery,0
workable,pickem,https://apply.workable.com/pickem,0
workable,photoboothsuppplyco,https://apply.workable.com/photoboothsuppplyco,2
workable,pony-dot-ai,https://apply.workable.com/pony-dot-ai,6
workable,perceptual-robotics,https://apply.workable.com/perceptual-robotics,0
workable,perryhomes,https://apply.workable.com/perryhomes,122
workable,piggy,apply.workable.com/piggy,0
workable,postclick,https://apply.workable.com/postclick,0
workable,plus44holdings,https://apply.workable.com/plus44holdings,0
workable,polymodels-hub,https://apply.workable.com/polymodels-hub,0
workable,practiv,https://apply.workable.com/practiv,6
workable,powerdash,apply.workable.com/powerdash,2
workable,popupplay,https://apply.workable.com/popupplay,0
workable,prep-atx,https://apply.workable.com/prep-atx,0
workable,perdido-beach-resort,https://apply.workable.com/perdido-beach-resort,0
workable,pikainc,https://apply.workable.com/pikainc,0
workable,premise,https://apply.workable.com/premise,0
workable,photoshelter,https://apply.workable.com/photoshelter,1
workable,prangroup,apply.workable.com/prangroup,0
workable,povio,https://apply.workable.com/povio,17
workable,prestocks,https://apply.workable.com/prestocks,0
workable,pr-tech-global-ltd-1,https://apply.workable.com/pr-tech-global-ltd-1,0
workable,polis-global,https://apply.workable.com/polis-global,0
workable,pharma-universe,https://apply.workable.com/pharma-universe,0
workable,poolhouse,https://apply.workable.com/poolhouse,1
workable,progressoft,https://apply.workable.com/progressoft,28
workable,provaltech,https://apply.workable.com/provaltech,0
workable,proathlete,https://apply.workable.com/proathlete,0
workable,pro-q,https://apply.workable.com/pro-q,0
workable,prism-consulting-group-singapore,apply.workable.com/prism-consulting-group-singapore,0
workable,primary-intelligence,https://apply.workable.com/primary-intelligence,0
workable,porsche-cars-gb-ltd,https://apply.workable.com/porsche-cars-gb-ltd,4
workable,progress-arizona,https://apply.workable.com/progress-arizona,0
workable,promote-labs-inc,https://promote-labs-inc.workable.com,0
workable,powerhub,https://apply.workable.com/powerhub,0
workable,provincial-employment-roundtable,https://apply.workable.com/provincial-employment-roundtable,0
workable,prenetics-3,https://apply.workable.com/prenetics-3,0
workable,qordoba,https://qordoba.workable.com,0
workable,printivitysd,https://apply.workable.com/printivitysd,3
workable,prevail-marketing,https://apply.workable.com/prevail-marketing,0
workable,prominence--games,https://apply.workable.com/prominence--games,0
workable,prisma-3,https://apply.workable.com/prisma-3,57
workable,printivitynj,https://apply.workable.com/printivitynj,1
workable,proactive-medical-products,https://apply.workable.com/proactive-medical-products,0
workable,provadohealth,https://apply.workable.com/provadohealth,17
workable,proveai,https://apply.workable.com/proveai,0
workable,predoc,https://apply.workable.com/predoc,3
workable,qiddiya-investment-company-1,https://apply.workable.com/qiddiya-investment-company-1,300
workable,proxiad-bulgaria,https://proxiad-bulgaria.workable.com,0
workable,pupil,https://apply.workable.com/pupil,0
workable,prototech-solutions-and-services-pvt-ltd,apply.workable.com/prototech-solutions-and-services-pvt-ltd,0
workable,publishers-clearing-house,apply.workable.com/publishers-clearing-house,0
workable,publications-professionals,https://apply.workable.com/publications-professionals,0
workable,prorata,https://prorata.workable.com,0
workable,purpose,https://apply.workable.com/purpose,0
workable,pubguard,apply.workable.com/pubguard,0
workable,quartic-ai,https://apply.workable.com/quartic-ai,0
workable,qcr-services-inc,https://apply.workable.com/qcr-services-inc,3
workable,qualdesk,https://apply.workable.com/qualdesk,0
workable,qriously,https://apply.workable.com/qriously,0
workable,qss,https://apply.workable.com/qss,0
workable,psq-productions,https://apply.workable.com/psq-productions,0
workable,punchstudio,https://apply.workable.com/punchstudio,3
workable,pushpress,https://apply.workable.com/pushpress,0
workable,publc,https://apply.workable.com/publc,0
workable,qloo,https://apply.workable.com/qloo,0
workable,qiddiya,https://apply.workable.com/qiddiya,0
workable,pushblack,https://apply.workable.com/pushblack,0
workable,purchrock,https://apply.workable.com/purchrock,5
workable,qualis-corporation,https://apply.workable.com/qualis-corporation,0
workable,quickstarter,apply.workable.com/quickstarter,0
workable,raheem,https://apply.workable.com/raheem,0
workable,rankcheck,https://apply.workable.com/rankcheck,0
workable,rangewell,https://apply.workable.com/rangewell,0
workable,rambl,https://apply.workable.com/rambl,0
workable,quantexa,https://apply.workable.com/quantexa,0
workable,qualitest-1,https://apply.workable.com/qualitest-1,0
workable,quikrete,apply.workable.com/quikrete,0
workable,quintevents,https://apply.workable.com/quintevents,0
workable,quality-people,https://apply.workable.com/quality-people,17
workable,quantum-fuel-systems-llc,https://apply.workable.com/quantum-fuel-systems-llc,9
workable,ratesetter-australia,https://ratesetter-australia.workable.com,0
workable,rallye-motors,https://apply.workable.com/rallye-motors,41
workable,qunomedical,https://apply.workable.com/qunomedical,0
workable,qed-groups,https://apply.workable.com/qed-groups,0
workable,quistor,https://apply.workable.com/quistor,19
workable,radix-tokens-jersey,https://apply.workable.com/radix-tokens-jersey,0
workable,rapidtonereviews,https://apply.workable.com/rapidtonereviews,0
workable,qudini,https://apply.workable.com/qudini,0
workable,raths-raths-and-johnson,https://apply.workable.com/raths-raths-and-johnson,1
workable,qatalog,https://apply.workable.com/qatalog,0
workable,racingbreaks,apply.workable.com/racingbreaks,0
workable,redspace,https://apply.workable.com/redspace,2
workable,revive-media,apply.workable.com/revive-media,2
workable,raindrop,https://apply.workable.com/raindrop,0
workable,rascp,https://apply.workable.com/rascp,0
workable,relminsurance,https://apply.workable.com/relminsurance,0
workable,quiqupltd,https://apply.workable.com/quiqupltd,0
workable,rescale,https://apply.workable.com/rescale,0
workable,reliable-steel-and-plastic-ind-ltd,https://apply.workable.com/reliable-steel-and-plastic-ind-ltd,0
workable,rebellion,https://apply.workable.com/rebellion,52
workable,realpha-tech-corp,https://apply.workable.com/realpha-tech-corp,0
workable,radius-ai,https://apply.workable.com/radius-ai,0
workable,redlion-mobility,apply.workable.com/redlion-mobility,131
workable,reflex-aerospace-gmbh,https://apply.workable.com/reflex-aerospace-gmbh,0
workable,rekomendo,https://apply.workable.com/rekomendo,0
workable,ratand-boa,https://apply.workable.com/ratand-boa,0
workable,readfoundationuk,https://apply.workable.com/readfoundationuk,2
workable,refeyn,https://apply.workable.com/refeyn,0
workable,reazent,https://apply.workable.com/reazent,0
workable,renovco,apply.workable.com/renovco,0
workable,rdm,https://apply.workable.com/rdm,0
workable,ressac,https://apply.workable.com/ressac,0
workable,rendered-ai,https://apply.workable.com/rendered-ai,0
workable,respect,https://apply.workable.com/respect,0
workable,resource-innovations,https://apply.workable.com/resource-innovations,100
workable,rensource-energy-1,https://apply.workable.com/rensource-energy-1,0
workable,rawdevelop-thailand-co-ltd,https://apply.workable.com/rawdevelop-thailand-co-ltd,0
workable,rasidholding,apply.workable.com/rasidholding,0
workable,rapid-response-medical-services-ltd,https://apply.workable.com/rapid-response-medical-services-ltd,0
workable,reseco-advisors,https://apply.workable.com/reseco-advisors,0
workable,reveal-health-tech,apply.workable.com/reveal-health-tech,1
workable,rentokil,https://apply.workable.com/rentokil,0
workable,rfiglobal,apply.workable.com/rfiglobal,6
workable,rbr-stay,https://apply.workable.com/rbr-stay,0
workable,resilia-1,https://apply.workable.com/resilia-1,0
workable,reijunkies,https://apply.workable.com/reijunkies,0
workable,right-at-school,https://right-at-school.workable.com,0
workable,riderflex,https://riderflex.workable.com,0
workable,ride100percent,apply.workable.com/ride100percent,0
workable,regexseocareers,https://apply.workable.com/regexseocareers,13
workable,recontour,https://apply.workable.com/recontour,0
workable,ripjar,apply.workable.com/ripjar,5
workable,reliant-ai,https://apply.workable.com/reliant-ai,0
workable,rna-analytics,apply.workable.com/rna-analytics,0
workable,royal-ocean-marine,apply.workable.com/royal-ocean-marine,173
workable,remotivatejobs,https://apply.workable.com/remotivatejobs,0
workable,robin,https://robin.workable.com,0
workable,retalon-1,https://retalon-1.workable.com,0
workable,remote,https://apply.workable.com/remote,0
workable,renewhome,https://apply.workable.com/renewhome,8
workable,respro-health,https://apply.workable.com/respro-health,8
workable,ready-tricks,https://apply.workable.com/ready-tricks,0
workable,rhodecode,https://rhodecode.workable.com,0
workable,reveal,https://reveal.workable.com,0
workable,resethealth,https://apply.workable.com/resethealth,2
workable,retinai,apply.workable.com/retinai,15
workable,rezilient,apply.workable.com/rezilient,23
workable,reform,https://apply.workable.com/reform,0
workable,relay-direct,https://apply.workable.com/relay-direct,0
workable,reworkssolutions,apply.workable.com/reworkssolutions,84
workable,renmoney,https://apply.workable.com/renmoney,122
workable,renaisi,https://apply.workable.com/renaisi,0
workable,rsa-global,apply.workable.com/rsa-global,0
workable,resource-associates-of-nevada-inc,https://apply.workable.com/resource-associates-of-nevada-inc,0
workable,riverlane,apply.workable.com/riverlane,0
workable,royal-lahaina-resort,https://royal-lahaina-resort.workable.com,0
workable,rpdintl,https://rpdintl.workable.com,0
workable,safe-and-sound-security,https://safe-and-sound-security.workable.com,0
workable,role-scale,apply.workable.com/role-scale,0
workable,riskbased,https://riskbased.workable.com,0
workable,rokt,https://rokt.workable.com,25
workable,robocamp,https://robocamp.workable.com,0
workable,rocketams,apply.workable.com/rocketams,9
workable,saalex,apply.workable.com/saalex,168
workable,rockpetroleum,apply.workable.com/rockpetroleum,0
workable,sawhorse-productions,apply.workable.com/sawhorse-productions,6
workable,rivecareers,apply.workable.com/rivecareers,8
workable,righthookdigital,apply.workable.com/righthookdigital,34
workable,rocketmiles,https://rocketmiles.workable.com,0
workable,screamin-veemis,https://screamin-veemis.workable.com,0
workable,saleshub,apply.workable.com/saleshub,67
workable,revkit,https://revkit.workable.com,0
workable,retail-knights-limited,apply.workable.com/retail-knights-limited,0
workable,rooteco,apply.workable.com/rooteco,0
workable,secad,https://secad.workable.com,0
workable,searchlight-inc,https://searchlight-inc.workable.com,0
workable,revenuecat,https://revenuecat.workable.com,0
workable,rystad-energy,apply.workable.com/rystad-energy,2
workable,safe-direction,apply.workable.com/safe-direction,0
workable,rtm-business-group,apply.workable.com/rtm-business-group,30
workable,rockstar-3,apply.workable.com/rockstar-3,141
workable,seekho,apply.workable.com/seekho,3
workable,rustys,https://rustys.workable.com,0
workable,schilling-cider,apply.workable.com/schilling-cider,1
workable,sensai,https://sensai.workable.com,0
workable,rixo,apply.workable.com/rixo,0
workable,salesfit-staffing-solutions,apply.workable.com/salesfit-staffing-solutions,0
workable,saibberllc,apply.workable.com/saibberllc,0
workable,rxdata,apply.workable.com/rxdata,0
workable,sdfgroup,apply.workable.com/sdfgroup,1
workable,seapoint,apply.workable.com/seapoint,4
workable,sensynehealth,https://sensynehealth.workable.com,0
workable,securenet-technologies-llc,https://securenet-technologies-llc.workable.com,0
workable,screenmedia,apply.workable.com/screenmedia,0
workable,seismic,apply.workable.com/seismic,2
workable,schneiderinnovations,apply.workable.com/schneiderinnovations,7
workable,scede-dot-io-2,apply.workable.com/scede-dot-io-2,0
workable,schoolinks,apply.workable.com/schoolinks,8
workable,saltwatergames,apply.workable.com/saltwatergames,0
workable,senseye,https://senseye.workable.com,5
workable,scientia,apply.workable.com/scientia,0
workable,saastock,https://saastock.workable.com,0
workable,sdsc,https://sdsc.workable.com,0
workable,sealyme,apply.workable.com/sealyme,0
workable,sephora-digital,https://sephora-digital.workable.com,0
workable,sarmad,apply.workable.com/sarmad,24
workable,ryse,apply.workable.com/ryse,12
workable,roster,apply.workable.com/roster,0
workable,royal-kona-resort,https://royal-kona-resort.workable.com,0
workable,see-jane-fix,https://see-jane-fix.workable.com,0
workable,saaf-finance,apply.workable.com/saaf-finance,0
workable,rxp,apply.workable.com/rxp,0
workable,schoox,apply.workable.com/schoox,3
workable,tradify-limited,https://apply.workable.com/tradify-limited,2
workable,trilo,apply.workable.com/trilo,0
workable,umpisa-inc,https://apply.workable.com/umpisa-inc,66
workable,travel-with-smiley,https://apply.workable.com/travel-with-smiley,0
workable,uniphar-medtech,https://apply.workable.com/uniphar-medtech,0
workable,verdant-specialty-solutions-inc,https://apply.workable.com/verdant-specialty-solutions-inc,0
workable,velanstudios,https://apply.workable.com/velanstudios,6
workable,vera-cadillac-buick-gmc,https://apply.workable.com/vera-cadillac-buick-gmc,3
workable,valet-apartments,https://apply.workable.com/valet-apartments,0
workable,waterorg,apply.workable.com/waterorg,3
workable,verb-data,https://apply.workable.com/verb-data,0
workable,weee-inc,https://weee-inc.workable.com,0
workable,vivint-inc-1,https://apply.workable.com/vivint-inc-1,0
workable,watt-volt,https://watt-volt.workable.com,0
workable,wittycommerce,apply.workable.com/wittycommerce,0
workable,vivenu,https://apply.workable.com/vivenu,0
workable,world-central-kitchen,https://apply.workable.com/world-central-kitchen,8
workable,wowappinc,https://apply.workable.com/wowappinc,0
workable,viralstyle,https://apply.workable.com/viralstyle,0
workable,xio,apply.workable.com/xio,0
workable,yaypay,https://yaypay.workable.com,0
workable,weareintersect,https://weareintersect.workable.com,0
workable,workstep,https://apply.workable.com/workstep,0
workable,zemanta,https://zemanta.workable.com,0
workable,worldsensing,https://apply.workable.com/worldsensing,0
workable,writefull,https://apply.workable.com/writefull,0
workable,woods-plumbing-enterprises,https://apply.workable.com/woods-plumbing-enterprises,0
workable,wooptix,https://apply.workable.com/wooptix,0
workable,wpmarmite,https://apply.workable.com/wpmarmite,0
workable,yapily,apply.workable.com/yapily,10
workable,wayzontech-services-pvt-ltd,apply.workable.com/wayzontech-services-pvt-ltd,0
workable,xtremax-pte-ltd-3,https://xtremax-pte-ltd-3.workable.com,0
workable,zef,https://zef.workable.com,0
workable,ws-development,https://apply.workable.com/ws-development,20
workable,woozle-research,apply.workable.com/woozle-research,2
workable,workmotion,https://apply.workable.com/workmotion,1
workable,wedia,https://wedia.workable.com,0
workable,zirous,https://zirous.workable.com,2
workable,wbpartsinc,apply.workable.com/wbpartsinc,0
workable,winnow,https://winnow.workable.com,2
workable,zeel,apply.workable.com/zeel,0
workable,zingle,https://zingle.workable.com,0
workable,zeptolab-msk,https://zeptolab-msk.workable.com,0
workable,zenoti,apply.workable.com/zenoti,0
workable,zearn,apply.workable.com/zearn,4
workable,zaincash-1,apply.workable.com/zaincash-1,8
workable,zerofox,apply.workable.com/zerofox,12
workable,warden-ai,apply.workable.com/warden-ai,1
workable,yyyyyyyyy,apply.workable.com/yyyyyyyyy,0
workable,zilo-1,apply.workable.com/zilo-1,1
workable,wayfx,https://wayfx.workable.com,0
workable,wearepion,apply.workable.com/wearepion,10
workable,loebnyc,https://apply.workable.com/loebnyc,0
workable,maqe,https://maqe.workable.com,0
workable,maxcare,https://apply.workable.com/maxcare,14
workable,mass-fx-media-llc,https://apply.workable.com/mass-fx-media-llc,0
workable,medscope-installation,apply.workable.com/medscope-installation,26
workable,mercato,https://apply.workable.com/mercato,0
workable,modicum-agency,https://apply.workable.com/modicum-agency,0
workable,mm,https://apply.workable.com/mm,0
workable,mindspace,https://apply.workable.com/mindspace,0
workable,myutilities,https://apply.workable.com/myutilities,5
workable,mobi2go,https://apply.workable.com/mobi2go,0
workable,norhart,https://apply.workable.com/norhart,0
workable,nexusstudios,https://apply.workable.com/nexusstudios,1
workable,neta-mx,https://apply.workable.com/neta-mx,0
workable,nodeslinks,https://apply.workable.com/nodeslinks,0
workable,newchip,https://apply.workable.com/newchip,0
workable,onscale,https://apply.workable.com/onscale,0
workable,novaae,https://apply.workable.com/novaae,0
workable,oppizi,https://apply.workable.com/oppizi,6
workable,noble-of-indiana,apply.workable.com/noble-of-indiana,0
workable,office,apply.workable.com/office,0
workable,nyris,https://nyris.workable.com,0
workable,octal-philippines-inc-4,https://apply.workable.com/octal-philippines-inc-4,125
workable,nogood,https://apply.workable.com/nogood,13
workable,o3-world,https://apply.workable.com/o3-world,0
workable,nyctourism,https://apply.workable.com/nyctourism,0
workable,nom,https://nom.workable.com,0
workable,oak-ridge-tile-and-home,apply.workable.com/oak-ridge-tile-and-home,0
workable,ombori-career,https://apply.workable.com/ombori-career,0
workable,opt-intelligence,https://apply.workable.com/opt-intelligence,0
workable,ohme,https://apply.workable.com/ohme,0
workable,olus,https://apply.workable.com/olus,0
workable,orbis-operations,https://apply.workable.com/orbis-operations,0
workable,ometria,https://apply.workable.com/ometria,4
workable,officialsol,https://apply.workable.com/officialsol,0
workable,ori-industries,https://apply.workable.com/ori-industries,0
workable,openfn,https://apply.workable.com/openfn,22
workable,ops,https://apply.workable.com/ops,0
workable,oshun-labs,https://apply.workable.com/oshun-labs,0
workable,oss-capital,https://apply.workable.com/oss-capital,0
workable,overwatchcm,https://apply.workable.com/overwatchcm,9
workable,ossia-inc,https://apply.workable.com/ossia-inc,0
workable,outdoorsy,https://apply.workable.com/outdoorsy,10
workable,otk-media,https://apply.workable.com/otk-media,0
workable,packlane,https://apply.workable.com/packlane,0
workable,papergiant,https://apply.workable.com/papergiant,0
workable,ofload,https://apply.workable.com/ofload,7
workable,overtone-color-llc,https://apply.workable.com/overtone-color-llc,0
workable,osa,https://apply.workable.com/osa,77
workable,outwork-staffing,https://apply.workable.com/outwork-staffing,1
workable,parcelly,https://apply.workable.com/parcelly,2
workable,paperstreetmedia,https://apply.workable.com/paperstreetmedia,0
workable,pathai,https://pathai.workable.com,0
workable,page,https://apply.workable.com/page,0
workable,paracore,https://apply.workable.com/paracore,0
workable,own,apply.workable.com/own,0
workable,palmhr,apply.workable.com/palmhr,0
workable,parkrun,https://apply.workable.com/parkrun,0
workable,parallelz,https://apply.workable.com/parallelz,15
workable,paragoncybersolutions,https://apply.workable.com/paragoncybersolutions,3
workable,park-place-finance-llc,apply.workable.com/park-place-finance-llc,12
workable,pclaw-time-matters,https://apply.workable.com/pclaw-time-matters,0
workable,payability,https://apply.workable.com/payability,0
workable,pax2pay-ltd,https://apply.workable.com/pax2pay-ltd,0
workable,people-data-labs-1,https://apply.workable.com/people-data-labs-1,0
workable,paycase,https://paycase.workable.com,0
workable,paradigm-rehab,https://apply.workable.com/paradigm-rehab,0
workable,patriot-plumbing-heating-and-cooling-inc,https://apply.workable.com/patriot-plumbing-heating-and-cooling-inc,0
workable,parla,apply.workable.com/parla,0
workable,petroapp,https://apply.workable.com/petroapp,22
workable,peoplecert,https://apply.workable.com/peoplecert,55
workable,people-puzzles-ltd,https://apply.workable.com/people-puzzles-ltd,7
workable,pegadaian,https://apply.workable.com/pegadaian,0
workable,personably,https://apply.workable.com/personably,0
workable,performanceproject,https://apply.workable.com/performanceproject,0
workable,perfy,https://apply.workable.com/perfy,0
workable,perceptive-space-systems,https://apply.workable.com/perceptive-space-systems,0
workable,people-io,https://apply.workable.com/people-io,0
workable,pet-parents,https://apply.workable.com/pet-parents,0
workable,peel,https://peel.workable.com,0
workable,perlego,https://apply.workable.com/perlego,4
workable,peernova,https://apply.workable.com/peernova,0
workable,photon-sports,https://apply.workable.com/photon-sports,0
workable,petsource-asia-limited,apply.workable.com/petsource-asia-limited,0
workable,pinata,https://apply.workable.com/pinata,0
workable,petes-rv-center,https://apply.workable.com/petes-rv-center,14
workable,perenchio-foundation,https://apply.workable.com/perenchio-foundation,0
workable,pawoon,https://apply.workable.com/pawoon,0
workable,pivot-and-edge,https://apply.workable.com/pivot-and-edge,0
workable,perion-1,https://apply.workable.com/perion-1,0
workable,peopledatalabs,https://apply.workable.com/peopledatalabs,0
workable,perkup,https://apply.workable.com/perkup,0
workable,pectus-finance,https://apply.workable.com/pectus-finance,0
workable,pharmidea-professionaland-innovative,https://apply.workable.com/pharmidea-professionaland-innovative,0
workable,perkins-and-co,https://apply.workable.com/perkins-and-co,0
workable,perfectpets,https://apply.workable.com/perfectpets,0
workable,popmenu,https://apply.workable.com/popmenu,18
workable,pharm24,https://apply.workable.com/pharm24,0
workable,propolyonline,https://apply.workable.com/propolyonline,0
workable,pi-top,https://apply.workable.com/pi-top,0
workable,portcast,https://apply.workable.com/portcast,0
workable,pollen-robotics,https://apply.workable.com/pollen-robotics,0
workable,perfect-presentation,https://apply.workable.com/perfect-presentation,0
workable,premium-solutions-consultancy,https://apply.workable.com/premium-solutions-consultancy,0
workable,premiermedia-1,https://apply.workable.com/premiermedia-1,0
workable,pollen-tech-pte-ltd,https://apply.workable.com/pollen-tech-pte-ltd,0
workable,prettylittlething,https://apply.workable.com/prettylittlething,0
workable,pgi-organics,https://apply.workable.com/pgi-organics,3
workable,potpourri,https://apply.workable.com/potpourri,1
workable,prima-ressource,https://apply.workable.com/prima-ressource,0
workable,porta,https://apply.workable.com/porta,0
workable,primait,https://apply.workable.com/primait,0
workable,pole-star-defense,https://apply.workable.com/pole-star-defense,0
workable,presscustomizr,https://presscustomizr.workable.com,0
workable,phase2-technology,https://apply.workable.com/phase2-technology,0
workable,poly-ai,https://apply.workable.com/poly-ai,0
workable,people-project-partners,https://apply.workable.com/people-project-partners,0
workable,posthog,https://apply.workable.com/posthog,0
workable,policystreet,https://apply.workable.com/policystreet,18
workable,poweredbypeople,https://apply.workable.com/poweredbypeople,0
workable,porsche-asia-pacific,https://apply.workable.com/porsche-asia-pacific,22
workable,pertinence-group,https://apply.workable.com/pertinence-group,0
workable,prime-robotics-1,https://apply.workable.com/prime-robotics-1,11
workable,primeglobalpeople-join-us,https://apply.workable.com/primeglobalpeople-join-us,37
workable,polyphene,https://apply.workable.com/polyphene,0
workable,pursuittech,https://apply.workable.com/pursuittech,0
workable,prestigecorp,https://apply.workable.com/prestigecorp,0
workable,raiffeisen-ukraine,https://apply.workable.com/raiffeisen-ukraine,182
workable,portasagency,https://apply.workable.com/portasagency,0
workable,popchew,https://apply.workable.com/popchew,0
workable,pushdr,https://apply.workable.com/pushdr,0
workable,productio,apply.workable.com/productio,0
workable,premium-merchant-funding-3,https://apply.workable.com/premium-merchant-funding-3,47
workable,principia-energy,https://apply.workable.com/principia-energy,2
workable,pricehubble,https://apply.workable.com/pricehubble,0
workable,productive-llc,https://apply.workable.com/productive-llc,0
workable,predasar,https://apply.workable.com/predasar,0
workable,preveta,https://apply.workable.com/preveta,0
workable,prescoinc,https://apply.workable.com/prescoinc,1
workable,projectsbyif,https://apply.workable.com/projectsbyif,0
workable,popmarket,https://apply.workable.com/popmarket,0
workable,prfrostbox-dot-c-om,https://apply.workable.com/prfrostbox-dot-c-om,0
workable,prismax,https://apply.workable.com/prismax,0
workable,prescriberpoint,https://apply.workable.com/prescriberpoint,0
workable,prince-industries-llc,https://apply.workable.com/prince-industries-llc,0
workable,picassomd,https://apply.workable.com/picassomd,0
workable,pride-phc-services,https://apply.workable.com/pride-phc-services,9
workable,progressive-robotics,https://apply.workable.com/progressive-robotics,0
workable,prioritychef,https://apply.workable.com/prioritychef,4
workable,privilee,https://apply.workable.com/privilee,0
workable,redoxengine,https://apply.workable.com/redoxengine,0
workable,pt-multipolar-technology-tbk,https://apply.workable.com/pt-multipolar-technology-tbk,0
workable,profitcoach,https://apply.workable.com/profitcoach,2
workable,proactive-technology-management,https://apply.workable.com/proactive-technology-management,8
workable,powerfactors,https://apply.workable.com/powerfactors,0
workable,proplogix,https://apply.workable.com/proplogix,0
workable,pt-energi-mega-persada-tbk,https://apply.workable.com/pt-energi-mega-persada-tbk,0
workable,proper-cloth,https://apply.workable.com/proper-cloth,4
workable,pro-aims-resources,apply.workable.com/pro-aims-resources,0
workable,printec,https://apply.workable.com/printec,20
workable,progyny,https://apply.workable.com/progyny,0
workable,public,https://apply.workable.com/public,0
workable,predicthq,https://apply.workable.com/predicthq,0
workable,proactive-physical-therapy-specialists,https://apply.workable.com/proactive-physical-therapy-specialists,0
workable,qnary,https://apply.workable.com/qnary,0
workable,primal,https://apply.workable.com/primal,3
workable,prometheus-space-technologies-limited,https://apply.workable.com/prometheus-space-technologies-limited,0
workable,protofire-14,https://apply.workable.com/protofire-14,0
workable,proofnews,https://apply.workable.com/proofnews,0
workable,provoke-solutions,https://apply.workable.com/provoke-solutions,0
workable,quantumlight,https://apply.workable.com/quantumlight,0
workable,proximity-designs-2,https://apply.workable.com/proximity-designs-2,0
workable,protective-care-group,https://apply.workable.com/protective-care-group,0
workable,proxxiband,apply.workable.com/proxxiband,0
workable,pusher,https://apply.workable.com/pusher,0
workable,proven,https://apply.workable.com/proven,0
workable,qgiv,https://apply.workable.com/qgiv,0
workable,province,https://apply.workable.com/province,0
workable,purelifi,https://apply.workable.com/purelifi,0
workable,qcraft,https://apply.workable.com/qcraft,0
workable,queryclick,https://apply.workable.com/queryclick,0
workable,public-cy,https://apply.workable.com/public-cy,29
workable,quantum-rift-labs,https://apply.workable.com/quantum-rift-labs,0
workable,r2net,apply.workable.com/r2net,0
workable,propertylimbrothers,apply.workable.com/propertylimbrothers,0
workable,quonticbank,apply.workable.com/quonticbank,4
workable,quanthub,https://apply.workable.com/quanthub,0
workable,qualitesoft-inc,https://apply.workable.com/qualitesoft-inc,0
workable,publicgoods,https://apply.workable.com/publicgoods,0
workable,quandela,https://apply.workable.com/quandela,24
workable,racecommunications,https://apply.workable.com/racecommunications,76
workable,quality-care-llc,https://apply.workable.com/quality-care-llc,4
workable,quanto,https://apply.workable.com/quanto,0
workable,puget-soundworks,https://apply.workable.com/puget-soundworks,0
workable,quanticate,https://apply.workable.com/quanticate,8
workable,quantive,https://apply.workable.com/quantive,0
workable,rampglobal,https://apply.workable.com/rampglobal,0
workable,qomodo,https://apply.workable.com/qomodo,0
workable,r2d2,https://apply.workable.com/r2d2,0
workable,raneen-internationl-for-multy-activities,https://apply.workable.com/raneen-internationl-for-multy-activities,0
workable,qminder,https://apply.workable.com/qminder,0
workable,qumin,https://apply.workable.com/qumin,0
workable,randle-siddeley,https://apply.workable.com/randle-siddeley,0
workable,rails,https://apply.workable.com/rails,0
workable,rapidminer,https://apply.workable.com/rapidminer,0
workable,raffi-jewellers-inc,https://apply.workable.com/raffi-jewellers-inc,0
workable,quintoandar,https://apply.workable.com/quintoandar,0
workable,questit,https://apply.workable.com/questit,0
workable,rachel-carson-council,https://apply.workable.com/rachel-carson-council,0
workable,quikefoods,https://apply.workable.com/quikefoods,1
workable,quicare,https://apply.workable.com/quicare,56
workable,rally-trade,https://apply.workable.com/rally-trade,0
workable,rapidbounce,https://apply.workable.com/rapidbounce,0
workable,raspberrypi,https://apply.workable.com/raspberrypi,3
workable,rallyup-1,https://apply.workable.com/rallyup-1,0
workable,rawsignalgroup,https://apply.workable.com/rawsignalgroup,0
workable,ram-investment-advisors-limited,apply.workable.com/ram-investment-advisors-limited,0
workable,rawafid,https://apply.workable.com/rawafid,4
workable,raveaerospace,https://apply.workable.com/raveaerospace,28
workable,real-dev-inc,https://apply.workable.com/real-dev-inc,10
workable,relevance,https://apply.workable.com/relevance,0
workable,rama-works,https://apply.workable.com/rama-works,0
workable,responseiq-jobs,https://apply.workable.com/responseiq-jobs,0
workable,relative-insight,https://apply.workable.com/relative-insight,0
workable,rainmaking-innovation,https://apply.workable.com/rainmaking-innovation,2
workable,relios,https://apply.workable.com/relios,0
workable,res-consultant-group,https://apply.workable.com/res-consultant-group,25
workable,ratio,https://apply.workable.com/ratio,0
workable,raptee-energy,https://apply.workable.com/raptee-energy,0
workable,redpointglobal,https://apply.workable.com/redpointglobal,0
workable,ratesetter,https://apply.workable.com/ratesetter,0
workable,rising-medical-solutions-1,apply.workable.com/rising-medical-solutions-1,12
workable,riviana-foods,apply.workable.com/riviana-foods,0
workable,re7-capital,https://apply.workable.com/re7-capital,8
workable,reach-robotics,https://apply.workable.com/reach-robotics,0
workable,reefos,https://apply.workable.com/reefos,0
workable,rex-architecture,apply.workable.com/rex-architecture,0
workable,republic-refrigeration-1,https://apply.workable.com/republic-refrigeration-1,0
workable,rasor-law-firm,https://apply.workable.com/rasor-law-firm,0
workable,rewardsco-3,apply.workable.com/rewardsco-3,13
workable,remote-talent-cloud,apply.workable.com/remote-talent-cloud,15
workable,ridehealth,apply.workable.com/ridehealth,0
workable,relationalfs,https://apply.workable.com/relationalfs,0
workable,resources-legacy-fund,https://apply.workable.com/resources-legacy-fund,2
workable,rejeki-capsa,https://apply.workable.com/rejeki-capsa,0
workable,rmf-engineering-inc,apply.workable.com/rmf-engineering-inc,18
workable,regeneration,https://apply.workable.com/regeneration,0
workable,riversidetechnology,https://riversidetechnology.workable.com,0
workable,rocky-talkie,apply.workable.com/rocky-talkie,1
workable,robotec-ai,apply.workable.com/robotec-ai,6
workable,rgheeb-1,apply.workable.com/rgheeb-1,34
workable,red-cedar-solutions,apply.workable.com/red-cedar-solutions,3
workable,revaya,apply.workable.com/revaya,0
workable,rlj-lodging-trust,apply.workable.com/rlj-lodging-trust,2
workable,rely-health,https://apply.workable.com/rely-health,0
workable,roller,apply.workable.com/roller,0
workable,restore,https://apply.workable.com/restore,0
workable,rehab,https://apply.workable.com/rehab,0
workable,retirement-villages-group,apply.workable.com/retirement-villages-group,25
workable,rising-academies,apply.workable.com/rising-academies,1
workable,saga-diagnostics,apply.workable.com/saga-diagnostics,0
workable,rpost,https://rpost.workable.com,0
workable,rewiring-america,apply.workable.com/rewiring-america,0
workable,rightangled,apply.workable.com/rightangled,34
workable,roka-security,https://roka-security.workable.com,0
workable,s3s,https://s3s.workable.com,51
workable,risk-focus-global,apply.workable.com/risk-focus-global,0
workable,roi-hunter,apply.workable.com/roi-hunter,1
workable,rimkus,apply.workable.com/rimkus,145
workable,remegenbio,apply.workable.com/remegenbio,0
workable,ryno-strategic-solutions,apply.workable.com/ryno-strategic-solutions,3
workable,rightsite-health-1,apply.workable.com/rightsite-health-1,3
workable,royalty-hospitality-staffing-1,apply.workable.com/royalty-hospitality-staffing-1,11
workable,saharareporters,https://saharareporters.workable.com,0
workable,riverside-insights,apply.workable.com/riverside-insights,9
workable,resortpass,https://apply.workable.com/resortpass,0
workable,rydoo,apply.workable.com/rydoo,11
workable,robusta,apply.workable.com/robusta,125
workable,roys-towne-pub,apply.workable.com/roys-towne-pub,0
workable,royalbraun,https://royalbraun.workable.com,0
workable,seliuk-ltd,apply.workable.com/seliuk-ltd,0
workable,rouxhouse,https://rouxhouse.workable.com,0
workable,search,https://search.workable.com,30
workable,screenpal,apply.workable.com/screenpal,1
workable,routesmart-technologies-inc,apply.workable.com/routesmart-technologies-inc,2
workable,samsung-sds-america,apply.workable.com/samsung-sds-america,35
workable,saskatchewan-roughriders,apply.workable.com/saskatchewan-roughriders,2
