ats,tenant,url,jobs
zoho,367,https://367.zohorecruit.in,3
zoho,1stsos,https://1stsos.zohorecruit.com,0
zoho,1ddn,https://1ddn.zohorecruit.com,1
zoho,2excelgroup,https://2excelgroup.zohorecruit.com,9
zoho,10xbiz,https://10xbiz.zohorecruit.com,0
zoho,3d-innovation,https://3d-innovation.zohorecruit.com,30
zoho,3wsolutions,https://3wsolutions.zohorecruit.eu,3
zoho,4-icanada,https://4-icanada.zohorecruit.com,1
zoho,1updigitalmarketing,https://1updigitalmarketing.zohorecruit.com,0
zoho,01da,https://01da.zohorecruit.eu,2
zoho,2023canadagames,https://2023canadagames.zohorecruit.com,0
zoho,365bookspro,https://365bookspro.zohorecruit.com,0
zoho,360recruitinggroup,https://360recruitinggroup.zohorecruit.com,18
zoho,2dtch,https://2dtch.zohorecruit.com,0
zoho,1on1lms,https://1on1lms.zohorecruit.com,9
zoho,247bop,https://247bop.zohorecruit.com,1
zoho,2xd,https://2xd.zohorecruit.com,1
zoho,24hours-group,https://24hours-group.zohorecruit.com,551
zoho,2c2s,https://2c2s.zohorecruit.com,3
zoho,22miles,https://22miles.zohorecruit.com,6
zoho,3m-consultancy,https://3m-consultancy.zohorecruit.com,76
zoho,3coresystems,https://3coresystems.zohorecruit.com,35
zoho,360techstaffing,https://360techstaffing.zohorecruit.com,80
zoho,1stclasspremiergroup,https://1stclasspremiergroup.zohorecruit.com,1
zoho,aaftonline,https://aaftonline.zohorecruit.in,1
zoho,aardhraatest,https://aardhraatest.zohorecruit.in,3
zoho,63moons,https://63moons.zohorecruit.in,0
zoho,48hourfilm,https://48hourfilm.zohorecruit.com,9
zoho,401go,https://401go.zohorecruit.com,1
zoho,2coms,https://2coms.zohorecruit.in,750
zoho,88gb,https://88gb.zohorecruit.in,1
zoho,abcxyz,https://abcxyz.zohorecruit.in,1
zoho,aavishkaarcenter,https://aavishkaarcenter.zohorecruit.in,2
zoho,4rsvp,https://4rsvp.zohorecruit.com,14
zoho,5ire,https://5ire.zohorecruit.com,0
zoho,7riverlabs,https://7riverlabs.zohorecruit.com,0
zoho,4nrecrutamentoeselecao,https://4nrecrutamentoeselecao.zohorecruit.com,1
zoho,91atwork,https://91atwork.zohorecruit.in,0
zoho,4upconsultoriarh,https://4upconsultoriarh.zohorecruit.eu,0
zoho,4sightsolutions,https://4sightsolutions.zohorecruit.com,34
zoho,abiastate,https://abiastate.zohorecruit.com,7
zoho,500,https://500.zohorecruit.com,9
zoho,aarialife,https://aarialife.zohorecruit.com,4
zoho,99aupairs,https://99aupairs.zohorecruit.com,3
zoho,4operations,https://4operations.zohorecruit.eu,31
zoho,4qconsultants,https://4qconsultants.zohorecruit.com,0
zoho,ababusinessgrowth,https://ababusinessgrowth.zohorecruit.com,3
zoho,7ifilm,https://7ifilm.zohorecruit.eu,0
zoho,8bridgestalent,https://8bridgestalent.zohorecruit.com,10
zoho,a1,https://a1.zohorecruit.eu,0
zoho,aajenterprises,https://aajenterprises.zohorecruit.in,4
zoho,a10propertysolutionsusa,https://a10propertysolutionsusa.zohorecruit.com,1
zoho,7experts,https://7experts.zohorecruit.eu,6
zoho,909brokers,https://909brokers.zohorecruit.com,1
zoho,825technologies,https://825technologies.zohorecruit.com,1
zoho,abacus-march,https://abacus-march.zohorecruit.com,0
zoho,a2zcloud,https://a2zcloud.zohorecruit.eu,0
zoho,aaravinfotech,https://aaravinfotech.zohorecruit.in,1
zoho,9edge,https://9edge.zohorecruit.com,3
zoho,abhyasa,https://abhyasa.zohorecruit.com,6
zoho,923jobs,https://923jobs.zohorecruit.com,11
zoho,abilycare,https://abilycare.zohorecruit.eu,2
zoho,aarete,https://aarete.zohorecruit.com,1
zoho,abikeassist,https://abikeassist.zohorecruit.com,1
zoho,4squaremed,https://4squaremed.zohorecruit.com,0
zoho,702auctions,https://702auctions.zohorecruit.com,1
zoho,8allocate,https://8allocate.zohorecruit.com,10
zoho,aaronkirman,https://aaronkirman.zohorecruit.com,0
zoho,abnaconseils,https://abnaconseils.zohorecruit.com,3
zoho,99xeurope,https://99xeurope.zohorecruit.com,29
zoho,80twenty,https://80twenty.zohorecruit.com,0
zoho,ablecleaninginc,https://ablecleaninginc.zohorecruit.com,1
zoho,a-teamdentalstaffing,https://a-teamdentalstaffing.zohorecruit.com,111
zoho,abonelaw,https://abonelaw.zohorecruit.com,1
zoho,abroaderz,https://abroaderz.zohorecruit.in,1
zoho,academi,https://academi.zohorecruit.com,1
zoho,accelonconsulting-in,https://accelonconsulting-in.zohorecruit.in,0
zoho,academicsinasia,https://academicsinasia.zohorecruit.com,1
zoho,accessaccelerator,https://accessaccelerator.zohorecruit.com,4
zoho,academyprofit,https://academyprofit.zohorecruit.com,15
zoho,accountablerecruitment,https://accountablerecruitment.zohorecruit.com.au,0
zoho,accedesol,https://accedesol.zohorecruit.com,0
zoho,acceo,https://acceo.zohorecruit.com,1
zoho,accuknox,https://accuknox.zohorecruit.in,17
zoho,accucoms,https://accucoms.zohorecruit.com,1
zoho,accountshunt,https://accountshunt.zohorecruit.in,262
zoho,accessoffshoring,https://accessoffshoring.zohorecruit.com.au,20
zoho,accountsnextgen,https://accountsnextgen.zohorecruit.com,13
zoho,acciorobotics,https://acciorobotics.zohorecruit.com,5
zoho,accountingbaba,https://accountingbaba.zohorecruit.com,80
zoho,acowale,https://acowale.zohorecruit.in,3
zoho,acetmigration,https://acetmigration.zohorecruit.in,89
zoho,accuratepmr,https://accuratepmr.zohorecruit.com,1
zoho,acemecanique,https://acemecanique.zohorecruit.com,12
zoho,achcstaffing,https://achcstaffing.zohorecruit.com,111
zoho,acq,https://acq.zohorecruit.com,8
zoho,access-hr,https://access-hr.zohorecruit.com,6
zoho,acetechresources,https://acetechresources.zohorecruit.com,10
zoho,achievetestprep,https://achievetestprep.zohorecruit.com,24
zoho,acmefire,https://acmefire.zohorecruit.com,1
zoho,accessptw,https://accessptw.zohorecruit.com,6
zoho,acquire-talent,https://acquire-talent.zohorecruit.com,1
zoho,actotumeventmanagement,https://actotumeventmanagement.zohorecruit.com,0
zoho,accordworldwide,https://accordworldwide.zohorecruit.com,0
zoho,acd-inc,https://acd-inc.zohorecruit.com,7
zoho,acslimited,https://acslimited.zohorecruit.com,4
zoho,acl,https://acl.zohorecruit.com,2
zoho,adaunlimited,https://adaunlimited.zohorecruit.com,36
zoho,actionsstinc,https://actionsstinc.zohorecruit.com,0
zoho,addima,https://addima.zohorecruit.eu,0
zoho,actionfortalent,https://actionfortalent.zohorecruit.com,1
zoho,adamslimitless,https://adamslimitless.zohorecruit.com,14
zoho,acedafrica,https://acedafrica.zohorecruit.com,2
zoho,acierouellette,https://acierouellette.zohorecruit.com,3
zoho,adaptivemindscoaching,https://adaptivemindscoaching.zohorecruit.com,1
zoho,adaptivehvm,https://adaptivehvm.zohorecruit.com,12
zoho,addressadvisors,https://addressadvisors.zohorecruit.in,4
zoho,activetek,https://activetek.zohorecruit.com,0
zoho,addwebsolution,https://addwebsolution.zohorecruit.in,30
zoho,adel-bentleys,https://adel-bentleys.zohorecruit.com.au,10
zoho,addteq,https://addteq.zohorecruit.com,1
zoho,acspro,https://acspro.zohorecruit.com,6
zoho,adamequipment,https://adamequipment.zohorecruit.eu,0
zoho,activis,https://activis.zohorecruit.com,3
zoho,acruxsearch,https://acruxsearch.zohorecruit.com,4
zoho,adsomia,https://adsomia.zohorecruit.in,1
zoho,advancewebsoftware,https://advancewebsoftware.zohorecruit.in,2
zoho,admindanalytics,https://admindanalytics.zohorecruit.com,1
zoho,advist,https://advist.zohorecruit.in,10
zoho,adylize,https://adylize.zohorecruit.in,1
zoho,adstartmedia,https://adstartmedia.zohorecruit.com,9
zoho,advenxa,https://advenxa.zohorecruit.in,29
zoho,advanc,https://advanc.zohorecruit.com,14
zoho,advanced-care,https://advanced-care.zohorecruit.com,2
zoho,adstter,https://adstter.zohorecruit.com,3
zoho,advanced-outdoor,https://advanced-outdoor.zohorecruit.com,28
zoho,adlinc,https://adlinc.zohorecruit.com,3
zoho,advanceddynamicscorp,https://advanceddynamicscorp.zohorecruit.com,24
zoho,adknown,https://adknown.zohorecruit.ca,0
zoho,aduusolar,https://aduusolar.zohorecruit.com,0
zoho,aertsen,https://aertsen.zohorecruit.in,2
zoho,advias,https://advias.zohorecruit.eu,1
zoho,aelumconsulting,https://aelumconsulting.zohorecruit.in,11
zoho,advdms,https://advdms.zohorecruit.com,2
zoho,advatest,https://advatest.zohorecruit.com,0
zoho,advancedscopetalent,https://advancedscopetalent.zohorecruit.com,0
zoho,advantagebusinessltd,https://advantagebusinessltd.zohorecruit.eu,2
zoho,aesomaha,https://aesomaha.zohorecruit.com,6
zoho,advocaciaalves,https://advocaciaalves.zohorecruit.com,1
zoho,advize,https://advize.zohorecruit.eu,0
zoho,aebi-schmidt,https://aebi-schmidt.zohorecruit.com,8
zoho,afribary,https://afribary.zohorecruit.com,0
zoho,africawide,https://africawide.zohorecruit.com,5
zoho,africapractice,https://africapractice.zohorecruit.com,0
zoho,aestheticrecord,https://aestheticrecord.zohorecruit.com,0
zoho,aeolusbot,https://aeolusbot.zohorecruit.com,6
zoho,affablesolution,https://affablesolution.zohorecruit.com,2
zoho,affairscloud,https://affairscloud.zohorecruit.com,1
zoho,advice,https://advice.zohorecruit.com,110
zoho,aepiphanni,https://aepiphanni.zohorecruit.com,2
zoho,advocateslegalrecruiting,https://advocateslegalrecruiting.zohorecruit.com,348
zoho,affirmaconsulting,https://affirmaconsulting.zohorecruit.com,40
zoho,afconrecruitltd,https://afconrecruitltd.zohorecruit.com,410
zoho,aesn,https://aesn.zohorecruit.eu,6
zoho,agenciavirgula,https://agenciavirgula.zohorecruit.com,1
zoho,africanmanagers,https://africanmanagers.zohorecruit.com,11
zoho,aerecruitment,https://aerecruitment.zohorecruit.eu,68
zoho,adelphimedicalstaffing,https://adelphimedicalstaffing.zohorecruit.com,464
zoho,africaextractivepartners,https://africaextractivepartners.zohorecruit.com,18
zoho,agenz,https://agenz.zohorecruit.eu,1
zoho,ageye,https://ageye.zohorecruit.com,1
zoho,agencesolutes,https://agencesolutes.zohorecruit.com,1
zoho,afterhoursolutions,https://afterhoursolutions.zohorecruit.com,2
zoho,agivant,https://agivant.zohorecruit.in,22
zoho,agilesearch,https://agilesearch.zohorecruit.com,0
zoho,agencejobacces,https://agencejobacces.zohorecruit.com,0
zoho,agmeducation,https://agmeducation.zohorecruit.com,1
zoho,agileprosolutions,https://agileprosolutions.zohorecruit.com,3
zoho,agileit,https://agileit.zohorecruit.com,0
zoho,agrim,https://agrim.zohorecruit.in,62
zoho,agilisium-agilisiumonshore,https://agilisium-agilisiumonshore.zohorecruit.com,4
zoho,ahujaresidences,https://ahujaresidences.zohorecruit.in,5
zoho,airditsoftware,https://airditsoftware.zohorecruit.in,3
zoho,agsuitetech,https://agsuitetech.zohorecruit.in,14
zoho,agftalent,https://agftalent.zohorecruit.com,5
zoho,agrocel,https://agrocel.zohorecruit.com,0
zoho,agileengine,https://agileengine.zohorecruit.com,750
zoho,ahlihospital,https://ahlihospital.zohorecruit.com,2
zoho,agrokontinent,https://agrokontinent.zohorecruit.com,0
zoho,agostini,https://agostini.zohorecruit.com,3
zoho,ajmerainfotechus,https://ajmerainfotechus.zohorecruit.in,2
zoho,ahexgroup,https://ahexgroup.zohorecruit.eu,1
zoho,aicbimtech,https://aicbimtech.zohorecruit.in,0
zoho,aimcorgroup,https://aimcorgroup.zohorecruit.com,6
zoho,aircomm,https://aircomm.zohorecruit.com,3
zoho,aifaconsulting,https://aifaconsulting.zohorecruit.com,10
zoho,aiones,https://aiones.zohorecruit.eu,1
zoho,ailofga,https://ailofga.zohorecruit.com,1
zoho,airtonomy,https://airtonomy.zohorecruit.com,1
zoho,agrimatics,https://agrimatics.zohorecruit.com,0
zoho,akenterprises,https://akenterprises.zohorecruit.in,1
zoho,akaiketech,https://akaiketech.zohorecruit.in,1
zoho,ahacentre,https://ahacentre.zohorecruit.com,2
zoho,ahlibank,https://ahlibank.zohorecruit.com,19
zoho,aica,https://aica.zohorecruit.com,1
zoho,airfleet,https://airfleet.zohorecruit.com,5
zoho,agrocommercial,https://agrocommercial.zohorecruit.eu,4
zoho,aiaustralia,https://aiaustralia.zohorecruit.com,11
zoho,airenfete,https://airenfete.zohorecruit.com,160
zoho,akeshya,https://akeshya.zohorecruit.in,1
zoho,airpay,https://airpay.zohorecruit.com,9
zoho,ajocard,https://ajocard.zohorecruit.com,1
zoho,agilisium,https://agilisium.zohorecruit.com,11
zoho,aizo,https://aizo.zohorecruit.com,1
zoho,aib,https://aib.zohorecruit.com,6
zoho,ait,https://ait.zohorecruit.com,9
zoho,aikit,https://aikit.zohorecruit.eu,1
zoho,aicainternational,https://aicainternational.zohorecruit.com,1
zoho,aikinu,https://aikinu.zohorecruit.com,0
zoho,agrosmart,https://agrosmart.zohorecruit.com,3
zoho,airmedic,https://airmedic.zohorecruit.com,17
zoho,aitherhealth,https://aitherhealth.zohorecruit.com,8
zoho,akadugroup,https://akadugroup.zohorecruit.com,1
zoho,ajocinternational,https://ajocinternational.zohorecruit.com,63
zoho,aivacreative,https://aivacreative.zohorecruit.com,1
zoho,aitbusiness,https://aitbusiness.zohorecruit.com,0
zoho,airtimeflip,https://airtimeflip.zohorecruit.com,1
zoho,akhire,https://akhire.zohorecruit.com,28
zoho,akasaair,https://akasaair.zohorecruit.in,20
zoho,aktyrad,https://aktyrad.zohorecruit.eu,1
zoho,aktiva,https://aktiva.zohorecruit.eu,6
zoho,al-majid,https://al-majid.zohorecruit.com,2
zoho,algogenix,https://algogenix.zohorecruit.in,1
zoho,alexanderdanielsglobal,https://alexanderdanielsglobal.zohorecruit.eu,3
zoho,alfabet,https://alfabet.zohorecruit.eu,47
zoho,alerzo,https://alerzo.zohorecruit.com,5
zoho,alakazy,https://alakazy.zohorecruit.com,1
zoho,alexiontalent,https://alexiontalent.zohorecruit.com,3
zoho,aldiatechnologies,https://aldiatechnologies.zohorecruit.eu,33
zoho,adaptimmigration,https://adaptimmigration.zohorecruit.ca,1
zoho,alanandgrant,https://alanandgrant.zohorecruit.com,133
zoho,akrealestate,https://akrealestate.zohorecruit.com,1
zoho,aldoussystems,https://aldoussystems.zohorecruit.com,0
zoho,alexyoungrecruitment,https://alexyoungrecruitment.zohorecruit.com,1
zoho,akubeinc,https://akubeinc.zohorecruit.com,19
zoho,akarinti,https://akarinti.zohorecruit.com,3
zoho,alchemy01,https://alchemy01.zohorecruit.com,15
zoho,alahlymomkn,https://alahlymomkn.zohorecruit.com,87
zoho,aksa,https://aksa.zohorecruit.eu,21
zoho,alnaboodconstructions,https://alnaboodconstructions.zohorecruit.in,0
zoho,allincall,https://allincall.zohorecruit.in,1
zoho,algoteque,https://algoteque.zohorecruit.com,0
zoho,algoleap,https://algoleap.zohorecruit.com,83
zoho,alignhcm,https://alignhcm.zohorecruit.com,0
zoho,alphagroup,https://alphagroup.zohorecruit.in,37
zoho,alhaider-co,https://alhaider-co.zohorecruit.com,14
zoho,alkhaleej,https://alkhaleej.zohorecruit.com,1
zoho,aljabirgroup,https://aljabirgroup.zohorecruit.in,1
zoho,alshehiya,https://alshehiya.zohorecruit.in,1
zoho,alignity,https://alignity.zohorecruit.com,200
zoho,alkarmadevelopments,https://alkarmadevelopments.zohorecruit.com,1
zoho,alloggio,https://alloggio.zohorecruit.com.au,4
zoho,algtps,https://algtps.zohorecruit.com,1
zoho,alleaz,https://alleaz.zohorecruit.com,25
zoho,altumind,https://altumind.zohorecruit.in,1
zoho,allenrosegroup,https://allenrosegroup.zohorecruit.com,5
zoho,alltagsbegleitung-sw,https://alltagsbegleitung-sw.zohorecruit.eu,4
zoho,allsoppandallsopprecruitment,https://allsoppandallsopprecruitment.zohorecruit.com,1
zoho,alonjaenterprisesllc,https://alonjaenterprisesllc.zohorecruit.com,5
zoho,alliancevirtualsolutions,https://alliancevirtualsolutions.zohorecruit.com,0
zoho,allyadvantage,https://allyadvantage.zohorecruit.com,0
zoho,allhandssolutions,https://allhandssolutions.zohorecruit.com,7
zoho,allforonefundraising,https://allforonefundraising.zohorecruit.com,0
zoho,alliants,https://alliants.zohorecruit.eu,1
zoho,allegiantgiving,https://allegiantgiving.zohorecruit.com,2
zoho,almanagroup,https://almanagroup.zohorecruit.com,1
zoho,alsorecrutement,https://alsorecrutement.zohorecruit.com,8
zoho,alluredigital,https://alluredigital.zohorecruit.com,1
zoho,alsaneserviceconseil,https://alsaneserviceconseil.zohorecruit.com,1
zoho,altitude-sports,https://altitude-sports.zohorecruit.com,10
zoho,altoelectrical,https://altoelectrical.zohorecruit.eu,0
zoho,almawolf,https://almawolf.zohorecruit.com,11
zoho,alsayeghmedia,https://alsayeghmedia.zohorecruit.com,1
zoho,altrium,https://altrium.zohorecruit.com,0
zoho,allengersinfotech,https://allengersinfotech.zohorecruit.com,17
zoho,all4chefs,https://all4chefs.zohorecruit.com,95
zoho,allthings-hr,https://allthings-hr.zohorecruit.com,1
zoho,alsalam,https://alsalam.zohorecruit.com,1
zoho,alttrix,https://alttrix.zohorecruit.com,47
zoho,alnahiya,https://alnahiya.zohorecruit.com,6
zoho,alteraconsulting,https://alteraconsulting.zohorecruit.com,15
zoho,alohapanama,https://alohapanama.zohorecruit.com,1
zoho,alnafitha,https://alnafitha.zohorecruit.com,24
zoho,allislandmedia,https://allislandmedia.zohorecruit.com,1
zoho,altres,https://altres.zohorecruit.com,1
zoho,allenergywestafrica,https://allenergywestafrica.zohorecruit.com,1
zoho,alohaconsulting,https://alohaconsulting.zohorecruit.com,176
zoho,allenspolden,https://allenspolden.zohorecruit.com,110
zoho,altais,https://altais.zohorecruit.eu,2
zoho,alttek,https://alttek.zohorecruit.com,0
zoho,allsoft,https://allsoft.zohorecruit.com,1
zoho,altice,https://altice.zohorecruit.com,1
zoho,alright,https://alright.zohorecruit.com,0
zoho,alset,https://alset.zohorecruit.com,2
zoho,altom,https://altom.zohorecruit.com,0
zoho,alumni,https://alumni.zohorecruit.com,42
zoho,amazix,https://amazix.zohorecruit.eu,0
zoho,alvmortgage,https://alvmortgage.zohorecruit.com,3
zoho,amantium,https://amantium.zohorecruit.com,1
zoho,ameeratel,https://ameeratel.zohorecruit.com,3
zoho,americanlocker,https://americanlocker.zohorecruit.com,5
zoho,amghuman,https://amghuman.zohorecruit.eu,10
zoho,ambeinter,https://ambeinter.zohorecruit.com,34
zoho,amc-travaux,https://amc-travaux.zohorecruit.com,27
zoho,amrusup,https://amrusup.zohorecruit.in,0
zoho,anar,https://anar.zohorecruit.in,0
zoho,ancorlabs,https://ancorlabs.zohorecruit.in,8
zoho,americanassurance,https://americanassurance.zohorecruit.com,1
zoho,amplusstaffing,https://amplusstaffing.zohorecruit.com,1
zoho,amlltd,https://amlltd.zohorecruit.eu,0
zoho,ampersteg,https://ampersteg.zohorecruit.eu,1
zoho,analyzify,https://analyzify.zohorecruit.eu,1
zoho,amigroups,https://amigroups.zohorecruit.com,8
zoho,americanmedicalhealthservices,https://americanmedicalhealthservices.zohorecruit.com,1
zoho,amplifysales,https://amplifysales.zohorecruit.eu,2
zoho,amlakfinance,https://amlakfinance.zohorecruit.com,27
zoho,analysenkontor,https://analysenkontor.zohorecruit.eu,3
zoho,anmcube,https://anmcube.zohorecruit.in,25
zoho,ampliorecruiting,https://ampliorecruiting.zohorecruit.com,0
zoho,amphibiousmedics,https://amphibiousmedics.zohorecruit.com,43
zoho,ampplacement,https://ampplacement.zohorecruit.com,2
zoho,analyticsearch,https://analyticsearch.zohorecruit.com,15
zoho,anarsolutions,https://anarsolutions.zohorecruit.com,0
zoho,amkyphysicians,https://amkyphysicians.zohorecruit.com,107
zoho,anahr,https://anahr.zohorecruit.com,4
zoho,anchorgroupservices,https://anchorgroupservices.zohorecruit.eu,37
zoho,amstelbay,https://amstelbay.zohorecruit.eu,5
zoho,anant,https://anant.zohorecruit.com,0
zoho,andrewfound,https://andrewfound.zohorecruit.com,15
zoho,andonyc,https://andonyc.zohorecruit.com,2
zoho,anevis-solutions,https://anevis-solutions.zohorecruit.eu,4
zoho,andradamining,https://andradamining.zohorecruit.com,0
zoho,ananthte1,https://ananthte1.zohorecruit.com,1
zoho,anetastaffing,https://anetastaffing.zohorecruit.com,3
zoho,annam,https://annam.zohorecruit.in,27
zoho,angelica-residence,https://angelica-residence.zohorecruit.com,15
zoho,anglo,https://anglo.zohorecruit.com,17
zoho,andia,https://andia.zohorecruit.com,2
zoho,andredutoit,https://andredutoit.zohorecruit.com,1
zoho,angeltouch,https://angeltouch.zohorecruit.com,1
zoho,amulya,https://amulya.zohorecruit.com,15
zoho,aniseattle,https://aniseattle.zohorecruit.com,9
zoho,anfnicaragua,https://anfnicaragua.zohorecruit.com,0
zoho,annexcloud,https://annexcloud.zohorecruit.com,1
zoho,anewenergy,https://anewenergy.zohorecruit.com,1
zoho,ansata,https://ansata.zohorecruit.com,23
zoho,anplify,https://anplify.zohorecruit.com,1
zoho,angleorange,https://angleorange.zohorecruit.com,0
zoho,angloteaching,https://angloteaching.zohorecruit.com,0
zoho,anscommerce,https://anscommerce.zohorecruit.com,0
zoho,anthillagency,https://anthillagency.zohorecruit.eu,0
zoho,antarazenith,https://antarazenith.zohorecruit.eu,2
zoho,anscer,https://anscer.zohorecruit.com,12
zoho,aodmalaysia,https://aodmalaysia.zohorecruit.com,0
zoho,answerx,https://answerx.zohorecruit.com,21
zoho,ankaa-pmo,https://ankaa-pmo.zohorecruit.com,14
zoho,antit,https://antit.zohorecruit.com,21
zoho,ap-md,https://ap-md.zohorecruit.com,34
zoho,aos-group,https://aos-group.zohorecruit.eu,1
zoho,apas,https://apas.zohorecruit.com.au,4
zoho,aosis,https://aosis.zohorecruit.com,4
zoho,aoprllc,https://aoprllc.zohorecruit.com,3
zoho,aparajitha,https://aparajitha.zohorecruit.in,27
zoho,applycourses,https://applycourses.zohorecruit.in,5
zoho,aplusagency,https://aplusagency.zohorecruit.com.au,107
zoho,aptclouds,https://aptclouds.zohorecruit.in,0
zoho,aqgromalin,https://aqgromalin.zohorecruit.in,1
zoho,apeople,https://apeople.zohorecruit.eu,0
zoho,appunik,https://appunik.zohorecruit.in,5
zoho,ardexendura,https://ardexendura.zohorecruit.in,23
zoho,aquaconxsolutions,https://aquaconxsolutions.zohorecruit.in,1
zoho,arcedior,https://arcedior.zohorecruit.in,1
zoho,aplikasi,https://aplikasi.zohorecruit.com,6
zoho,apexlegaltranslation,https://apexlegaltranslation.zohorecruit.com,1
zoho,apexassisting,https://apexassisting.zohorecruit.com,2
zoho,apora,https://apora.zohorecruit.com,6
zoho,appexinnovation,https://appexinnovation.zohorecruit.com,18
zoho,apolloretail,https://apolloretail.zohorecruit.com,0
zoho,appoloheating,https://appoloheating.zohorecruit.com,1
zoho,appzonegroup,https://appzonegroup.zohorecruit.com,17
zoho,ar-ms,https://ar-ms.zohorecruit.com,4
zoho,appointstaffing,https://appointstaffing.zohorecruit.com,7
zoho,aqarmap,https://aqarmap.zohorecruit.com,1
zoho,applepied,https://applepied.zohorecruit.com,4
zoho,apolloxcm,https://apolloxcm.zohorecruit.com,3
zoho,aquariumfisheries,https://aquariumfisheries.zohorecruit.com,0
zoho,aqaryinvestment,https://aqaryinvestment.zohorecruit.com,10
zoho,aptun,https://aptun.zohorecruit.com,1
zoho,ar2-consultoria-organizacional,https://ar2-consultoria-organizacional.zohorecruit.com,10
zoho,arcigayvarese,https://arcigayvarese.zohorecruit.eu,1
zoho,approvely,https://approvely.zohorecruit.com,10
zoho,aristo-india,https://aristo-india.zohorecruit.in,10
zoho,aqjobs,https://aqjobs.zohorecruit.com,1
zoho,archipro,https://archipro.zohorecruit.com,1
zoho,arbona,https://arbona.zohorecruit.com,0
zoho,areahumana,https://areahumana.zohorecruit.eu,0
zoho,areebgroup,https://areebgroup.zohorecruit.com,1
zoho,aquabiotech,https://aquabiotech.zohorecruit.com,0
zoho,arbhuenterprises,https://arbhuenterprises.zohorecruit.com,22
zoho,aptusdatalabs,https://aptusdatalabs.zohorecruit.com,19
zoho,arithaconsulting,https://arithaconsulting.zohorecruit.in,28
zoho,argylesp,https://argylesp.zohorecruit.com,0
zoho,arcenciel,https://arcenciel.zohorecruit.com,8
zoho,archmotorcycle,https://archmotorcycle.zohorecruit.com,3
zoho,arientsolutions,https://arientsolutions.zohorecruit.com,0
zoho,argopartners,https://argopartners.zohorecruit.eu,18
zoho,archerandbullglobal,https://archerandbullglobal.zohorecruit.com,0
zoho,areebhr,https://areebhr.zohorecruit.com,129
zoho,arimas,https://arimas.zohorecruit.com,1
zoho,arcriskandcompliance,https://arcriskandcompliance.zohorecruit.com,1
zoho,arivupro,https://arivupro.zohorecruit.in,1
zoho,arkafincap,https://arkafincap.zohorecruit.in,1
zoho,arisemauritania,https://arisemauritania.zohorecruit.com,0
zoho,arena-ev,https://arena-ev.zohorecruit.com,2
zoho,arianerealestate,https://arianerealestate.zohorecruit.com,18
zoho,arizonasellerfinancing,https://arizonasellerfinancing.zohorecruit.com,5
zoho,armoryshield,https://armoryshield.zohorecruit.in,16
zoho,arithmostech,https://arithmostech.zohorecruit.eu,3
zoho,arkproducts,https://arkproducts.zohorecruit.com,0
zoho,armbrustusa,https://armbrustusa.zohorecruit.com,1
zoho,armoursecuritycanada,https://armoursecuritycanada.zohorecruit.com,28
zoho,arpia,https://arpia.zohorecruit.eu,1
zoho,arnergy,https://arnergy.zohorecruit.com,8
zoho,art-x,https://art-x.zohorecruit.in,18
zoho,artojar,https://artojar.zohorecruit.in,1
zoho,artingdigital,https://artingdigital.zohorecruit.in,97
zoho,arrowbi,https://arrowbi.zohorecruit.com,10
zoho,arrtalent,https://arrtalent.zohorecruit.eu,1
zoho,arthashastra,https://arthashastra.zohorecruit.in,1
zoho,asaandassociates,https://asaandassociates.zohorecruit.in,55
zoho,ashleyfurnitureindia,https://ashleyfurnitureindia.zohorecruit.in,0
zoho,asecaddesign,https://asecaddesign.zohorecruit.in,1
zoho,artome,https://artome.zohorecruit.com,17
zoho,arthurandverd,https://arthurandverd.zohorecruit.com,0
zoho,arventa,https://arventa.zohorecruit.com,6
zoho,arturo,https://arturo.zohorecruit.com,1
zoho,asahrm,https://asahrm.zohorecruit.com,1
zoho,ascsolutions,https://ascsolutions.zohorecruit.com,2
zoho,asap-polymtl,https://asap-polymtl.zohorecruit.com,0
zoho,assertivconsulting,https://assertivconsulting.zohorecruit.com.au,2
zoho,arwizon,https://arwizon.zohorecruit.com,0
zoho,asiagsoft,https://asiagsoft.zohorecruit.com,1
zoho,ascendpeople,https://ascendpeople.zohorecruit.com,0
zoho,aspirerecruitment-mx,https://aspirerecruitment-mx.zohorecruit.com,55
zoho,asint,https://asint.zohorecruit.com,1
zoho,attratusit,https://attratusit.zohorecruit.in,0
zoho,assaya,https://assaya.zohorecruit.com,3
zoho,assuranceamerica,https://assuranceamerica.zohorecruit.com,0
zoho,asidu,https://asidu.zohorecruit.com,19
zoho,asctoday,https://asctoday.zohorecruit.com,19
zoho,ashluxury,https://ashluxury.zohorecruit.com,3
zoho,ascentclouds,https://ascentclouds.zohorecruit.com,2
zoho,aspire,https://aspire.zohorecruit.com,17
zoho,asteroidx,https://asteroidx.zohorecruit.com,3
zoho,ashjarcafe,https://ashjarcafe.zohorecruit.com,1
zoho,aspiree,https://aspiree.zohorecruit.com,1
zoho,astrohire,https://astrohire.zohorecruit.com,17
zoho,asquarerecruits,https://asquarerecruits.zohorecruit.com,4
zoho,assigneddata,https://assigneddata.zohorecruit.com,2
zoho,asterahr,https://asterahr.zohorecruit.com,15
zoho,astroloyalty,https://astroloyalty.zohorecruit.com,0
zoho,atinary,https://atinary.zohorecruit.eu,3
zoho,aswav,https://aswav.zohorecruit.com,12
zoho,atcrefunds,https://atcrefunds.zohorecruit.com,6
zoho,atlantasys,https://atlantasys.zohorecruit.com,17
zoho,atova-conseil,https://atova-conseil.zohorecruit.com,0
zoho,atriumcampus,https://atriumcampus.zohorecruit.com,1
zoho,atmansol,https://atmansol.zohorecruit.com,3
zoho,atlasadvisors,https://atlasadvisors.zohorecruit.com,18
zoho,atribsmetscon,https://atribsmetscon.zohorecruit.com,9
zoho,atomsoluciones,https://atomsoluciones.zohorecruit.com,1
zoho,atlasteachers,https://atlasteachers.zohorecruit.com,33
zoho,asude,https://asude.zohorecruit.com,6
zoho,atria,https://atria.zohorecruit.com,1
zoho,atzcare,https://atzcare.zohorecruit.com.au,9
zoho,atlas-bench,https://atlas-bench.zohorecruit.com,10
zoho,audaxlabs,https://audaxlabs.zohorecruit.in,1
zoho,atomxsystem,https://atomxsystem.zohorecruit.eu,0
zoho,atlantichealthstrategies,https://atlantichealthstrategies.zohorecruit.com,19
zoho,athreon,https://athreon.zohorecruit.com,2
zoho,attractppl,https://attractppl.zohorecruit.com,0
zoho,askworkforce,https://askworkforce.zohorecruit.com,1
zoho,atomicdigitalmarketing,https://atomicdigitalmarketing.zohorecruit.eu,5
zoho,ats,https://ats.zohorecruit.com,1
zoho,atisa,https://atisa.zohorecruit.com,0
zoho,aujs,https://aujs.zohorecruit.com.au,2
zoho,atyabfoodindustries,https://atyabfoodindustries.zohorecruit.com,0
zoho,aumet,https://aumet.zohorecruit.com,1
zoho,auray,https://auray.zohorecruit.com,13
zoho,aul,https://aul.zohorecruit.com,2
zoho,atxlearning,https://atxlearning.zohorecruit.com,0
zoho,aucventures,https://aucventures.zohorecruit.com,1
zoho,audatic,https://audatic.zohorecruit.com,0
zoho,audax,https://audax.zohorecruit.com,0
zoho,auriz,https://auriz.zohorecruit.com,11
zoho,atlanticmedsearch,https://atlanticmedsearch.zohorecruit.com,743
zoho,austaxsolutions,https://austaxsolutions.zohorecruit.com,1
zoho,auscruit,https://auscruit.zohorecruit.com.au,1
zoho,aussiepaintersnetwork,https://aussiepaintersnetwork.zohorecruit.com,57
zoho,aviationindeed,https://aviationindeed.zohorecruit.in,1
zoho,axcess,https://axcess.zohorecruit.in,2
zoho,ayatacommerce,https://ayatacommerce.zohorecruit.in,0
zoho,autochek,https://autochek.zohorecruit.com,0
zoho,ayvole,https://ayvole.zohorecruit.in,2
zoho,azilen,https://azilen.zohorecruit.in,5
zoho,automatedsys,https://automatedsys.zohorecruit.com,11
zoho,axismyindia,https://axismyindia.zohorecruit.in,55
zoho,authnull,https://authnull.zohorecruit.com,1
zoho,automaximizer,https://automaximizer.zohorecruit.com,7
zoho,automicgroup,https://automicgroup.zohorecruit.com,0
zoho,autocareerpro,https://autocareerpro.zohorecruit.com,2
zoho,avenuesaustralia,https://avenuesaustralia.zohorecruit.com.au,1
zoho,auxoai,https://auxoai.zohorecruit.com,32
zoho,autocorp,https://autocorp.zohorecruit.com,9
zoho,avelead,https://avelead.zohorecruit.com,1
zoho,avaris,https://avaris.zohorecruit.eu,32
zoho,avandagroup,https://avandagroup.zohorecruit.eu,53
zoho,autismcoe,https://autismcoe.zohorecruit.com,23
zoho,avanteux,https://avanteux.zohorecruit.eu,0
zoho,aventaev,https://aventaev.zohorecruit.eu,19
zoho,aven-sys-sg,https://aven-sys-sg.zohorecruit.com,1
zoho,aventigroup,https://aventigroup.zohorecruit.com,1
zoho,awetomate,https://awetomate.zohorecruit.com,1
zoho,axcelfinance,https://axcelfinance.zohorecruit.com,11
zoho,avocetstaffing,https://avocetstaffing.zohorecruit.eu,1
zoho,avconcepts,https://avconcepts.zohorecruit.com,0
zoho,awfis,https://awfis.zohorecruit.com,1
zoho,auxility,https://auxility.zohorecruit.com,1
zoho,avodario,https://avodario.zohorecruit.com,79
zoho,availproject,https://availproject.zohorecruit.com,1
zoho,autoprint,https://autoprint.zohorecruit.com,18
zoho,axone-sys,https://axone-sys.zohorecruit.eu,218
zoho,aveni,https://aveni.zohorecruit.eu,8
zoho,avertra,https://avertra.zohorecruit.com,8
zoho,awnenterprises,https://awnenterprises.zohorecruit.com,6
zoho,azamrecruitment,https://azamrecruitment.zohorecruit.com,0
zoho,avlcraftcannabis,https://avlcraftcannabis.zohorecruit.com,0
zoho,avetiumconsult,https://avetiumconsult.zohorecruit.com,12
zoho,avianahealthcare,https://avianahealthcare.zohorecruit.eu,1
zoho,aven-sys,https://aven-sys.zohorecruit.com,1
zoho,avatarrobotics,https://avatarrobotics.zohorecruit.com,1
zoho,babbangona,https://babbangona.zohorecruit.com,18
zoho,backofficebetties,https://backofficebetties.zohorecruit.com,2
zoho,backalleybowling,https://backalleybowling.zohorecruit.com,10
zoho,axiomab2b,https://axiomab2b.zohorecruit.com,0
zoho,aztrixsolutions,https://aztrixsolutions.zohorecruit.com,1
zoho,bajajfinserv,https://bajajfinserv.zohorecruit.in,1
zoho,azm,https://azm.zohorecruit.com,3
zoho,bajetihub,https://bajetihub.zohorecruit.com,0
zoho,avlc,https://avlc.zohorecruit.com,1
zoho,badriconsultancy-org785588425,https://badriconsultancy-org785588425.zohorecruit.com,1
zoho,bani,https://bani.zohorecruit.com,0
zoho,backofhouse,https://backofhouse.zohorecruit.eu,1
zoho,baltimoresafehaven,https://baltimoresafehaven.zohorecruit.com,1
zoho,avstaffingsolutions,https://avstaffingsolutions.zohorecruit.com,7
zoho,backatyou,https://backatyou.zohorecruit.com,3
zoho,bamero,https://bamero.zohorecruit.eu,1
zoho,bata,https://bata.zohorecruit.com,1
zoho,batirsonquartier,https://batirsonquartier.zohorecruit.com,5
zoho,basevision,https://basevision.zohorecruit.eu,5
zoho,balfinconstruction,https://balfinconstruction.zohorecruit.eu,2
zoho,balichws,https://balichws.zohorecruit.com,5
zoho,bandr,https://bandr.zohorecruit.com,7
zoho,bartonsearch-rec2rec,https://bartonsearch-rec2rec.zohorecruit.eu,35
zoho,balfinrealestate,https://balfinrealestate.zohorecruit.eu,5
zoho,bakuun,https://bakuun.zohorecruit.com,4
zoho,barraqueiro,https://barraqueiro.zohorecruit.eu,43
zoho,axcesstms,https://axcesstms.zohorecruit.com,2
zoho,banking-partner,https://banking-partner.zohorecruit.eu,0
zoho,baridibaridi,https://baridibaridi.zohorecruit.com,1
zoho,basketbrigade,https://basketbrigade.zohorecruit.eu,0
zoho,baronstaffing,https://baronstaffing.zohorecruit.com,18
zoho,basecodetech,https://basecodetech.zohorecruit.com,15
zoho,bcssarl,https://bcssarl.zohorecruit.in,1
zoho,bceglobaltech,https://bceglobaltech.zohorecruit.in,76
zoho,balfin,https://balfin.zohorecruit.eu,1
zoho,beminimalist,https://beminimalist.zohorecruit.in,5
zoho,beezhive,https://beezhive.zohorecruit.in,1
zoho,bempu,https://bempu.zohorecruit.in,5
zoho,barabazon,https://barabazon.zohorecruit.com,0
zoho,barazalab,https://barazalab.zohorecruit.com,4
zoho,bcubex,https://bcubex.zohorecruit.com,0
zoho,bbinsight,https://bbinsight.zohorecruit.in,8
zoho,belhem,https://belhem.zohorecruit.in,36
zoho,be,https://be.zohorecruit.com,10
zoho,baobobdirectory,https://baobobdirectory.zohorecruit.com,2
zoho,beautifynola,https://beautifynola.zohorecruit.com,7
zoho,bcsc-group,https://bcsc-group.zohorecruit.com,1
zoho,becrystalclean,https://becrystalclean.zohorecruit.com,11
zoho,bba,https://bba.zohorecruit.com,24
zoho,bdcsolutions,https://bdcsolutions.zohorecruit.com,1
zoho,be-exec,https://be-exec.zohorecruit.eu,7
zoho,becomedistinct,https://becomedistinct.zohorecruit.com,3
zoho,battistolli,https://battistolli.zohorecruit.eu,148
zoho,behalf,https://behalf.zohorecruit.com,0
zoho,beem,https://beem.zohorecruit.com,3
zoho,baylift,https://baylift.zohorecruit.eu,1
zoho,bayappsinc,https://bayappsinc.zohorecruit.com,44
zoho,bde,https://bde.zohorecruit.com.au,1
zoho,be-consultancy-group,https://be-consultancy-group.zohorecruit.com,140
zoho,beirutai,https://beirutai.zohorecruit.com,1
zoho,belmontlavan,https://belmontlavan.zohorecruit.eu,2
zoho,astra-north,https://astra-north.zohorecruit.ca,482
zoho,bayada,https://bayada.zohorecruit.eu,22
zoho,beaufortfairmont,https://beaufortfairmont.zohorecruit.com,0
zoho,biglittle,https://biglittle.zohorecruit.in,1
zoho,benchmark,https://benchmark.zohorecruit.com,0
zoho,berkeleypayment,https://berkeleypayment.zohorecruit.com,10
zoho,bhumi,https://bhumi.zohorecruit.in,30
zoho,berga,https://berga.zohorecruit.com,0
zoho,artim,https://artim.zohorecruit.ca,2
zoho,binzagrgroup,https://binzagrgroup.zohorecruit.in,0
zoho,bestlogicstaffing,https://bestlogicstaffing.zohorecruit.com,0
zoho,bimgrafx,https://bimgrafx.zohorecruit.in,1
zoho,billedright,https://billedright.zohorecruit.in,1
zoho,bestaxca,https://bestaxca.zohorecruit.com,19
zoho,benchmarkit,https://benchmarkit.zohorecruit.com,5
zoho,bizbox,https://bizbox.zohorecruit.in,5
zoho,bestflooringhonolulu,https://bestflooringhonolulu.zohorecruit.com,3
zoho,benazirrecruiting,https://benazirrecruiting.zohorecruit.com,2
zoho,bentego,https://bentego.zohorecruit.com,1
zoho,benisontech,https://benisontech.zohorecruit.com,1
zoho,beverasolutions,https://beverasolutions.zohorecruit.com,0
zoho,bethsbeautifuldestinations,https://bethsbeautifuldestinations.zohorecruit.com,13
zoho,bestclothes,https://bestclothes.zohorecruit.com,0
zoho,bestdaystravel,https://bestdaystravel.zohorecruit.com,0
zoho,bhcagroup,https://bhcagroup.zohorecruit.com,8
zoho,benorelogistics,https://benorelogistics.zohorecruit.com,28
zoho,betastore,https://betastore.zohorecruit.com,1
zoho,biics,https://biics.zohorecruit.com,9
zoho,bilingual-ls,https://bilingual-ls.zohorecruit.com,1
zoho,bigrattle,https://bigrattle.zohorecruit.com,1
zoho,bgrh,https://bgrh.zohorecruit.com,12
zoho,billionbricks,https://billionbricks.zohorecruit.com,1
zoho,bilgeadam,https://bilgeadam.zohorecruit.eu,7
zoho,beyondgrad,https://beyondgrad.zohorecruit.com,67
zoho,bickertmanagement,https://bickertmanagement.zohorecruit.com,1
zoho,blackcatdesign,https://blackcatdesign.zohorecruit.com,2
zoho,bespokebureau,https://bespokebureau.zohorecruit.com,15
zoho,bigroup,https://bigroup.zohorecruit.com,2
zoho,beyondpotentials,https://beyondpotentials.zohorecruit.com,40
zoho,bival,https://bival.zohorecruit.eu,0
zoho,bitcarbon,https://bitcarbon.zohorecruit.com,0
zoho,bitbang,https://bitbang.zohorecruit.com,2
zoho,bezla,https://bezla.zohorecruit.com,13
zoho,billboxx,https://billboxx.zohorecruit.com,1
zoho,beyond-the-sea,https://beyond-the-sea.zohorecruit.eu,14
zoho,biovea-energie,https://biovea-energie.zohorecruit.com,6
zoho,bigibet,https://bigibet.zohorecruit.com,0
zoho,bizfirst,https://bizfirst.zohorecruit.com,83
zoho,bioversityinternational,https://bioversityinternational.zohorecruit.eu,24
zoho,bisonretail,https://bisonretail.zohorecruit.com,1
zoho,bkomstudios,https://bkomstudios.zohorecruit.com,5
zoho,black-grey,https://black-grey.zohorecruit.com,124
zoho,biotech,https://biotech.zohorecruit.com,31
zoho,bio,https://bio.zohorecruit.eu,0
zoho,blackpeaktalent,https://blackpeaktalent.zohorecruit.eu,6
zoho,bitthink,https://bitthink.zohorecruit.eu,1
zoho,bildungundberuf,https://bildungundberuf.zohorecruit.eu,14
zoho,blackmarketers,https://blackmarketers.zohorecruit.com,1
zoho,biztekpeople,https://biztekpeople.zohorecruit.com,750
zoho,blacktechlink,https://blacktechlink.zohorecruit.com,3
zoho,blackstoneservices,https://blackstoneservices.zohorecruit.com.au,32
zoho,bkoutlooks,https://bkoutlooks.zohorecruit.com,11
zoho,blinknhire,https://blinknhire.zohorecruit.in,3
zoho,blackpenrecruitment,https://blackpenrecruitment.zohorecruit.com,20
zoho,blazesoft,https://blazesoft.zohorecruit.com,8
zoho,blockchain-council,https://blockchain-council.zohorecruit.in,1
zoho,blackridgegroup,https://blackridgegroup.zohorecruit.eu,30
zoho,blend360,https://blend360.zohorecruit.in,0
zoho,blackpearlconsult,https://blackpearlconsult.zohorecruit.com,331
zoho,blue5green,https://blue5green.zohorecruit.in,13
zoho,blendit,https://blendit.zohorecruit.com,77
zoho,blanoia,https://blanoia.zohorecruit.com,1
zoho,bladerecruitment,https://bladerecruitment.zohorecruit.com,148
zoho,blueashvacapital,https://blueashvacapital.zohorecruit.in,0
zoho,blockchainsolns,https://blockchainsolns.zohorecruit.com,0
zoho,blackswansearch,https://blackswansearch.zohorecruit.com,41
zoho,blackwhite,https://blackwhite.zohorecruit.com,35
zoho,blockhires,https://blockhires.zohorecruit.com,0
zoho,blocktxm,https://blocktxm.zohorecruit.com,14
zoho,blocknovas,https://blocknovas.zohorecruit.com,1
zoho,blendeuro,https://blendeuro.zohorecruit.com,0
zoho,awisee,https://awisee.zohorecruit.eu,11
zoho,bloomsearches,https://bloomsearches.zohorecruit.com,14
zoho,bluecircleit,https://bluecircleit.zohorecruit.com,1
zoho,bonamisoftware,https://bonamisoftware.zohorecruit.in,4
zoho,boltchip,https://boltchip.zohorecruit.in,0
zoho,blueboxprofessionals,https://blueboxprofessionals.zohorecruit.com,0
zoho,bluepineapple,https://bluepineapple.zohorecruit.com,0
zoho,blueeast,https://blueeast.zohorecruit.com,1
zoho,bluserena,https://bluserena.zohorecruit.eu,35
zoho,blueoceanacademy,https://blueoceanacademy.zohorecruit.com,81
zoho,bmgh,https://bmgh.zohorecruit.eu,1
zoho,blueeagle-consulting,https://blueeagle-consulting.zohorecruit.com,2
zoho,bluefrogscientific,https://bluefrogscientific.zohorecruit.eu,3
zoho,bladejobs,https://bladejobs.zohorecruit.eu,0
zoho,blyssjourneys,https://blyssjourneys.zohorecruit.com,1
zoho,bolognahealthjobs,https://bolognahealthjobs.zohorecruit.eu,1
zoho,blueripples,https://blueripples.zohorecruit.com,6
zoho,bluetide,https://bluetide.zohorecruit.com,0
zoho,bluecoding,https://bluecoding.zohorecruit.com,1
zoho,bluedotinsights,https://bluedotinsights.zohorecruit.com,9
zoho,bondi,https://bondi.zohorecruit.com,73
zoho,blueforceliving,https://blueforceliving.zohorecruit.com,0
zoho,bookinglive,https://bookinglive.zohorecruit.com,1
zoho,boconcept,https://boconcept.zohorecruit.com,2
zoho,bmc,https://bmc.zohorecruit.com,44
zoho,blueskiesdronerental,https://blueskiesdronerental.zohorecruit.com,2
zoho,bluferry,https://bluferry.zohorecruit.com,1
zoho,blupool,https://blupool.zohorecruit.com,7
zoho,blufig,https://blufig.zohorecruit.com,1
zoho,bnoinc,https://bnoinc.zohorecruit.com,1
zoho,boomhrsolution,https://boomhrsolution.zohorecruit.in,1
zoho,bnlgroup,https://bnlgroup.zohorecruit.com,2
zoho,bostonappraisal,https://bostonappraisal.zohorecruit.com,0
zoho,bmgoutsourcing,https://bmgoutsourcing.zohorecruit.com,10
zoho,bluepearl,https://bluepearl.zohorecruit.com,111
zoho,boostmediagroup,https://boostmediagroup.zohorecruit.com,9
zoho,bonfirerecruitment,https://bonfirerecruitment.zohorecruit.com,0
zoho,boltcliq,https://boltcliq.zohorecruit.com,1
zoho,bluepiit,https://bluepiit.zohorecruit.com,1
zoho,bmr,https://bmr.zohorecruit.com,111
zoho,bpcollins,https://bpcollins.zohorecruit.eu,3
zoho,boomerangsa,https://boomerangsa.zohorecruit.com,9
zoho,bluroot,https://bluroot.zohorecruit.com,1
zoho,bra,https://bra.zohorecruit.com,0
zoho,boardinfinity,https://boardinfinity.zohorecruit.com,3
zoho,botanichealthcare,https://botanichealthcare.zohorecruit.in,3
zoho,boxfish,https://boxfish.zohorecruit.eu,1
zoho,bluzinc,https://bluzinc.zohorecruit.com,93
zoho,boothandpartners,https://boothandpartners.zohorecruit.com,96
zoho,bngtechnologies,https://bngtechnologies.zohorecruit.com,2
zoho,blurealty,https://blurealty.zohorecruit.com,1
zoho,bookstime,https://bookstime.zohorecruit.com,5
zoho,brainee,https://brainee.zohorecruit.in,1
zoho,boundlessconsultants,https://boundlessconsultants.zohorecruit.com,1
zoho,brandconcepts,https://brandconcepts.zohorecruit.in,2
zoho,borner,https://borner.zohorecruit.com,6
zoho,bpicnetwork,https://bpicnetwork.zohorecruit.eu,54
zoho,borninteractive,https://borninteractive.zohorecruit.com,19
zoho,bradcare,https://bradcare.zohorecruit.eu,2
zoho,boxandcedar,https://boxandcedar.zohorecruit.com,1
zoho,bordersngates,https://bordersngates.zohorecruit.com,7
zoho,brams,https://brams.zohorecruit.com,0
zoho,brannia,https://brannia.zohorecruit.com,1
zoho,bosonmotors,https://bosonmotors.zohorecruit.com,8
zoho,bookkeepingbench,https://bookkeepingbench.zohorecruit.in,1
zoho,boostedcrm,https://boostedcrm.zohorecruit.com,3
zoho,bridgetalentsolutions,https://bridgetalentsolutions.zohorecruit.com.au,0
zoho,bps,https://bps.zohorecruit.com,2
zoho,brandergroup,https://brandergroup.zohorecruit.com,0
zoho,brewco,https://brewco.zohorecruit.com,1
zoho,brandywinetechnology,https://brandywinetechnology.zohorecruit.com,0
zoho,brewingtonexecgroup,https://brewingtonexecgroup.zohorecruit.com,2
zoho,boredbrains,https://boredbrains.zohorecruit.com,0
zoho,bridgenex,https://bridgenex.zohorecruit.com,0
zoho,boomering,https://boomering.zohorecruit.com,34
zoho,brickclay,https://brickclay.zohorecruit.com,6
zoho,brevcoservices,https://brevcoservices.zohorecruit.com,3
zoho,brightbiz,https://brightbiz.zohorecruit.com,4
zoho,brickvest,https://brickvest.zohorecruit.eu,1
zoho,bridgerphotonics,https://bridgerphotonics.zohorecruit.com,8
zoho,brightorder,https://brightorder.zohorecruit.com,1
zoho,bugendaitechjobs,https://bugendaitechjobs.zohorecruit.in,1
zoho,brodardsearch,https://brodardsearch.zohorecruit.com,17
zoho,british,https://british.zohorecruit.com,0
zoho,brightpath-hr,https://brightpath-hr.zohorecruit.com,7
zoho,bridgetalentgroup,https://bridgetalentgroup.zohorecruit.com,105
zoho,brkthru,https://brkthru.zohorecruit.com,0
zoho,broadreachretail,https://broadreachretail.zohorecruit.com,2
zoho,brightermonday-ug,https://brightermonday-ug.zohorecruit.com,143
zoho,brightcare,https://brightcare.zohorecruit.com,0
zoho,brightermondaygen-kazi,https://brightermondaygen-kazi.zohorecruit.com,199
zoho,brossom,https://brossom.zohorecruit.com,1
zoho,bskinternationale,https://bskinternationale.zohorecruit.com,1
zoho,burgersingh,https://burgersingh.zohorecruit.in,1
zoho,bruntwork,https://bruntwork.zohorecruit.com,2
zoho,brplp,https://brplp.zohorecruit.com,0
zoho,brox,https://brox.zohorecruit.com,5
zoho,brokare,https://brokare.zohorecruit.com,1
zoho,buildncs,https://buildncs.zohorecruit.com,0
zoho,bsoln,https://bsoln.zohorecruit.com,4
zoho,businesswebsolutions,https://businesswebsolutions.zohorecruit.in,25
zoho,buildhr,https://buildhr.zohorecruit.com,1
zoho,brightfish,https://brightfish.zohorecruit.eu,0
zoho,brilliantccit,https://brilliantccit.zohorecruit.com,80
zoho,btcrecruitment,https://btcrecruitment.zohorecruit.com,0
zoho,buffersprings,https://buffersprings.zohorecruit.com,20
zoho,business,https://business.zohorecruit.com,1
zoho,bssconstruction,https://bssconstruction.zohorecruit.com,0
zoho,burtandassociates,https://burtandassociates.zohorecruit.com,4
zoho,bukable,https://bukable.zohorecruit.com,0
zoho,btn-solutions,https://btn-solutions.zohorecruit.com,0
zoho,buildup,https://buildup.zohorecruit.com,2
zoho,buildnet,https://buildnet.zohorecruit.com,6
zoho,btc-ksa,https://btc-ksa.zohorecruit.com,8
zoho,bumblebeerecruitment,https://bumblebeerecruitment.zohorecruit.com,1
zoho,businessalliance,https://businessalliance.zohorecruit.com,15
zoho,businesssmartsolutions,https://businesssmartsolutions.zohorecruit.eu,8
zoho,bvorecruiters,https://bvorecruiters.zohorecruit.com,0
zoho,bumerania,https://bumerania.zohorecruit.com,6
zoho,busigence,https://busigence.zohorecruit.com,19
zoho,buzzimpressions,https://buzzimpressions.zohorecruit.com,6
zoho,bruntworkinternal,https://bruntworkinternal.zohorecruit.com,11
zoho,burhani,https://burhani.zohorecruit.com,4
zoho,businessfront,https://businessfront.zohorecruit.com,2
zoho,bynesco,https://bynesco.zohorecruit.com,1
zoho,business-umbrella,https://business-umbrella.zohorecruit.com,122
zoho,byst,https://byst.zohorecruit.in,3
zoho,bwsala,https://bwsala.zohorecruit.com,2
zoho,bytesview,https://bytesview.zohorecruit.in,1
zoho,buymycrm,https://buymycrm.zohorecruit.com,4
zoho,c360soft,https://c360soft.zohorecruit.in,0
zoho,bsl-qatar,https://bsl-qatar.zohorecruit.eu,48
zoho,brownsjewellers,https://brownsjewellers.zohorecruit.com,58
zoho,busecnova,https://busecnova.zohorecruit.eu,0
zoho,bytesource,https://bytesource.zohorecruit.eu,0
zoho,cadfem,https://cadfem.zohorecruit.in,17
zoho,c-mci,https://c-mci.zohorecruit.com,60
zoho,bytelabs,https://bytelabs.zohorecruit.com,5
zoho,buildingcareers,https://buildingcareers.zohorecruit.eu,57
zoho,c4-group,https://c4-group.zohorecruit.eu,21
zoho,bytekmarketing,https://bytekmarketing.zohorecruit.eu,6
zoho,cadkompagniet,https://cadkompagniet.zohorecruit.eu,10
zoho,butterflydata,https://butterflydata.zohorecruit.eu,1
zoho,c2point0,https://c2point0.zohorecruit.com,3
zoho,cabinetgofar,https://cabinetgofar.zohorecruit.com,0
zoho,camonk,https://camonk.zohorecruit.in,7
zoho,cainergy,https://cainergy.zohorecruit.com,1
zoho,cakedefi,https://cakedefi.zohorecruit.com,1
zoho,cancongrp,https://cancongrp.zohorecruit.in,1
zoho,cable-services,https://cable-services.zohorecruit.com,108
zoho,briereproductiongroup,https://briereproductiongroup.zohorecruit.ca,3
zoho,calanais,https://calanais.zohorecruit.eu,2
zoho,cairn-experts,https://cairn-experts.zohorecruit.com,52
zoho,camaltd,https://camaltd.zohorecruit.eu,3
zoho,bousquet,https://bousquet.zohorecruit.ca,9
zoho,camberdynamics,https://camberdynamics.zohorecruit.com,1
zoho,callieregroup,https://callieregroup.zohorecruit.com,17
zoho,cadremit,https://cadremit.zohorecruit.com,2
zoho,cancapital,https://cancapital.zohorecruit.com,2
zoho,candorecruitment,https://candorecruitment.zohorecruit.com,16
zoho,cangaroorh,https://cangaroorh.zohorecruit.com,1
zoho,cappellasports,https://cappellasports.zohorecruit.in,2
zoho,canmar,https://canmar.zohorecruit.com,1
zoho,candidzone,https://candidzone.zohorecruit.com,1
zoho,cankidsindia,https://cankidsindia.zohorecruit.in,25
zoho,canadiantravelnurses,https://canadiantravelnurses.zohorecruit.com,0
zoho,callcpc,https://callcpc.zohorecruit.com,0
zoho,cameleonrh,https://cameleonrh.zohorecruit.com,46
zoho,campbellpropertymanagement,https://campbellpropertymanagement.zohorecruit.com,52
zoho,c9teams,https://c9teams.zohorecruit.com,26
zoho,calibersourcing,https://calibersourcing.zohorecruit.com,1
zoho,capital,https://capital.zohorecruit.com,1
zoho,capimore,https://capimore.zohorecruit.com,1
zoho,callcpccanada,https://callcpccanada.zohorecruit.com,2
zoho,careerbrain,https://careerbrain.zohorecruit.in,5
zoho,cameoglobal,https://cameoglobal.zohorecruit.com,0
zoho,caplakecounty,https://caplakecounty.zohorecruit.com,1
zoho,camcontrol,https://camcontrol.zohorecruit.com,1
zoho,career1jobs,https://career1jobs.zohorecruit.com,3
zoho,cappslawfirm,https://cappslawfirm.zohorecruit.com,0
zoho,careerlinkhrsolution,https://careerlinkhrsolution.zohorecruit.in,6
zoho,capital-jobs,https://capital-jobs.zohorecruit.com,1
zoho,capitalirecruitment,https://capitalirecruitment.zohorecruit.in,1
zoho,cardenas-grancanaria,https://cardenas-grancanaria.zohorecruit.eu,2
zoho,capstonemc-llc,https://capstonemc-llc.zohorecruit.com,1
zoho,careerfinders,https://careerfinders.zohorecruit.com,7
zoho,carbonlimits,https://carbonlimits.zohorecruit.eu,1
zoho,canoecollective,https://canoecollective.zohorecruit.com,0
zoho,capitect,https://capitect.zohorecruit.com,1
zoho,careersinafrica,https://careersinafrica.zohorecruit.eu,121
zoho,careerconnect,https://careerconnect.zohorecruit.com,40
zoho,camptratech,https://camptratech.zohorecruit.com,13
zoho,canyonviewvet,https://canyonviewvet.zohorecruit.com,1
zoho,capabilitytrust,https://capabilitytrust.zohorecruit.com,16
zoho,capitalsage,https://capitalsage.zohorecruit.com,15
zoho,carbonclimatesolutions,https://carbonclimatesolutions.zohorecruit.eu,1
zoho,canterragroup,https://canterragroup.zohorecruit.com,42
zoho,canadianhealthlabs,https://canadianhealthlabs.zohorecruit.com,13
zoho,careersinghana,https://careersinghana.zohorecruit.com,1
zoho,careernexus,https://careernexus.zohorecruit.com,0
zoho,carnationit,https://carnationit.zohorecruit.in,1
zoho,careerbridge,https://careerbridge.zohorecruit.com,91
zoho,capitalbecarios,https://capitalbecarios.zohorecruit.com,22
zoho,careme,https://careme.zohorecruit.in,7
zoho,careerz,https://careerz.zohorecruit.com,1
zoho,carlinecompanies,https://carlinecompanies.zohorecruit.com,3
zoho,careersinternational,https://careersinternational.zohorecruit.com,454
zoho,carinawear,https://carinawear.zohorecruit.eu,2
zoho,cartlow,https://cartlow.zohorecruit.com,1
zoho,carfirst,https://carfirst.zohorecruit.com,0
zoho,carvermedia,https://carvermedia.zohorecruit.com,2
zoho,carnaval,https://carnaval.zohorecruit.com,5
zoho,careersite,https://careersite.zohorecruit.com,119
zoho,caribebay,https://caribebay.zohorecruit.eu,13
zoho,carelabz,https://carelabz.zohorecruit.com,1
zoho,careersuccessaustralia,https://careersuccessaustralia.zohorecruit.com,3
zoho,carolinatherapy,https://carolinatherapy.zohorecruit.com,49
zoho,carrieres,https://carrieres.zohorecruit.com,17
zoho,careersnigeria,https://careersnigeria.zohorecruit.com,0
zoho,caregivershhs,https://caregivershhs.zohorecruit.com,51
zoho,career,https://career.zohorecruit.com,25
zoho,capaxrecruitment,https://capaxrecruitment.zohorecruit.com,197
zoho,careresolution,https://careresolution.zohorecruit.eu,2
zoho,carento-gruppe,https://carento-gruppe.zohorecruit.eu,9
zoho,cedmapindia,https://cedmapindia.zohorecruit.in,50
zoho,cedcoss,https://cedcoss.zohorecruit.in,8
zoho,caringforcare,https://caringforcare.zohorecruit.eu,0
zoho,cascadecareers,https://cascadecareers.zohorecruit.com,0
zoho,career-mover,https://career-mover.zohorecruit.com,223
zoho,casfod,https://casfod.zohorecruit.com,13
zoho,cassiaweb,https://cassiaweb.zohorecruit.com,1
zoho,cashbuyersupply,https://cashbuyersupply.zohorecruit.com,1
zoho,celebaltech,https://celebaltech.zohorecruit.in,2
zoho,ceew,https://ceew.zohorecruit.in,125
zoho,casafinadevelopment,https://casafinadevelopment.zohorecruit.com,34
zoho,ccifv,https://ccifv.zohorecruit.com,1
zoho,cascadestaff,https://cascadestaff.zohorecruit.com,50
zoho,causewayconnect,https://causewayconnect.zohorecruit.com,5
zoho,ccsconsultoria,https://ccsconsultoria.zohorecruit.com,69
zoho,cbdnational,https://cbdnational.zohorecruit.com,3
zoho,cbible,https://cbible.zohorecruit.com,1
zoho,cchubnigeria,https://cchubnigeria.zohorecruit.com,1
zoho,cellpropulsion,https://cellpropulsion.zohorecruit.in,9
zoho,cause-capacity,https://cause-capacity.zohorecruit.com,8
zoho,castrolgainesville,https://castrolgainesville.zohorecruit.com,5
zoho,ccs,https://ccs.zohorecruit.com,1
zoho,cedar-consulting,https://cedar-consulting.zohorecruit.com,26
zoho,caymanairways,https://caymanairways.zohorecruit.com,3
zoho,castillians,https://castillians.zohorecruit.eu,64
zoho,ccmmanagement,https://ccmmanagement.zohorecruit.com,1
zoho,casabot,https://casabot.zohorecruit.eu,8
zoho,catalystcr,https://catalystcr.zohorecruit.com,47
zoho,ccni,https://ccni.zohorecruit.com,0
zoho,cei-halfaoui,https://cei-halfaoui.zohorecruit.com,1
zoho,cbainc,https://cbainc.zohorecruit.com,3
zoho,cditsolutions,https://cditsolutions.zohorecruit.com,39
zoho,cchub,https://cchub.zohorecruit.com,1
zoho,cavinolpty,https://cavinolpty.zohorecruit.com,1
zoho,celebrationhi,https://celebrationhi.zohorecruit.com,2
zoho,centum,https://centum.zohorecruit.eu,8
zoho,centurionanalyticsllc,https://centurionanalyticsllc.zohorecruit.com,1
zoho,cenglobalservices,https://cenglobalservices.zohorecruit.com,27
zoho,cbsnorthstar,https://cbsnorthstar.zohorecruit.com,3
zoho,cccartagena,https://cccartagena.zohorecruit.com,0
zoho,ceinterim,https://ceinterim.zohorecruit.eu,0
zoho,centrax,https://centrax.zohorecruit.com,10
zoho,cdl,https://cdl.zohorecruit.com,80
zoho,certifyglobal,https://certifyglobal.zohorecruit.com,15
zoho,centriz,https://centriz.zohorecruit.com,13
zoho,cdlholding,https://cdlholding.zohorecruit.com,0
zoho,certificial,https://certificial.zohorecruit.com,2
zoho,centralacademy,https://centralacademy.zohorecruit.com,8
zoho,centilytics,https://centilytics.zohorecruit.com,0
zoho,cepres,https://cepres.zohorecruit.com,13
zoho,cellules,https://cellules.zohorecruit.com,0
zoho,celworld,https://celworld.zohorecruit.com,31
zoho,centrocdx,https://centrocdx.zohorecruit.com,19
zoho,centresdentairesviva,https://centresdentairesviva.zohorecruit.com,1
zoho,cessnasearch,https://cessnasearch.zohorecruit.com,0
zoho,cei,https://cei.zohorecruit.eu,0
zoho,ceyond,https://ceyond.zohorecruit.eu,5
zoho,cfgcare,https://cfgcare.zohorecruit.eu,1
zoho,cfh,https://cfh.zohorecruit.eu,4
zoho,cgiar,https://cgiar.zohorecruit.com,37
zoho,cghpi,https://cghpi.zohorecruit.com,0
zoho,changehrllc,https://changehrllc.zohorecruit.com,3
zoho,cfa-iesa,https://cfa-iesa.zohorecruit.eu,536
zoho,championcrewing,https://championcrewing.zohorecruit.com.au,17
zoho,chemistbox,https://chemistbox.zohorecruit.in,9
zoho,chessgaja,https://chessgaja.zohorecruit.in,1
zoho,cheq,https://cheq.zohorecruit.in,5
zoho,cicgogo,https://cicgogo.zohorecruit.in,1
zoho,cintap,https://cintap.zohorecruit.in,0
zoho,charitybuddy,https://charitybuddy.zohorecruit.eu,8
zoho,charlesardor,https://charlesardor.zohorecruit.com,4
zoho,civicdatalab,https://civicdatalab.zohorecruit.in,6
zoho,chartered-solutions,https://chartered-solutions.zohorecruit.com,9
zoho,chelacutie,https://chelacutie.zohorecruit.com,1
zoho,chemexglobal,https://chemexglobal.zohorecruit.com,1
zoho,cheenta,https://cheenta.zohorecruit.com,1
zoho,cherylcperez,https://cherylcperez.zohorecruit.com,1
zoho,charter,https://charter.zohorecruit.com,7
zoho,chinahrsolutions,https://chinahrsolutions.zohorecruit.com,47
zoho,chowc,https://chowc.zohorecruit.com,0
zoho,cims,https://cims.zohorecruit.com,1
zoho,chsarptek,https://chsarptek.zohorecruit.com,0
zoho,ciamagnifier,https://ciamagnifier.zohorecruit.com,1
zoho,cityonetours,https://cityonetours.zohorecruit.com,1
zoho,chiratae,https://chiratae.zohorecruit.com,3
zoho,chosencaregroup,https://chosencaregroup.zohorecruit.com,5
zoho,citygreenservices,https://citygreenservices.zohorecruit.com,1
zoho,cigmaaccounting,https://cigmaaccounting.zohorecruit.eu,2
zoho,citju,https://citju.zohorecruit.com,1
zoho,cigmotors,https://cigmotors.zohorecruit.com,7
zoho,cifor,https://cifor.zohorecruit.com,15
zoho,ciedi,https://ciedi.zohorecruit.com,1
zoho,circlestrategies,https://circlestrategies.zohorecruit.com,6
zoho,cirelliconsultoria,https://cirelliconsultoria.zohorecruit.com,1
zoho,christiansonco,https://christiansonco.zohorecruit.com,7
zoho,chrylglobal,https://chrylglobal.zohorecruit.com,1
zoho,classicnursery,https://classicnursery.zohorecruit.com,2
zoho,ciusante,https://ciusante.zohorecruit.eu,2
zoho,climatecollective,https://climatecollective.zohorecruit.in,59
zoho,cimaglobal,https://cimaglobal.zohorecruit.com,1
zoho,chigisoft,https://chigisoft.zohorecruit.com,3
zoho,civa,https://civa.zohorecruit.com,0
zoho,choiceflowersuae,https://choiceflowersuae.zohorecruit.com,4
zoho,cirrusav,https://cirrusav.zohorecruit.com,2
zoho,citiairtravel,https://citiairtravel.zohorecruit.com,6
zoho,classroomsecrets,https://classroomsecrets.zohorecruit.eu,0
zoho,clearscale,https://clearscale.zohorecruit.com,1
zoho,clearlaunch,https://clearlaunch.zohorecruit.com,1
zoho,cleverinsight,https://cleverinsight.zohorecruit.com,1
zoho,clarendoncollege,https://clarendoncollege.zohorecruit.com,0
zoho,climasmonterrey,https://climasmonterrey.zohorecruit.com,13
zoho,cleanworks,https://cleanworks.zohorecruit.com.au,3
zoho,chicagolandhabitat,https://chicagolandhabitat.zohorecruit.com,1
zoho,claranet,https://claranet.zohorecruit.eu,14
zoho,clarusapex,https://clarusapex.zohorecruit.com,32
zoho,clarkeconsultants,https://clarkeconsultants.zohorecruit.eu,1
zoho,clariadevelopment,https://clariadevelopment.zohorecruit.com,2
zoho,classicfuncenterorem,https://classicfuncenterorem.zohorecruit.com,9
zoho,ciwebgroup,https://ciwebgroup.zohorecruit.com,2
zoho,clearsolutionsip,https://clearsolutionsip.zohorecruit.com,1
zoho,cliengo,https://cliengo.zohorecruit.com,1
zoho,clearmeasure,https://clearmeasure.zohorecruit.com,2
zoho,circlecube,https://circlecube.zohorecruit.eu,1
zoho,clarifistaffing,https://clarifistaffing.zohorecruit.com,327
zoho,city-robotics,https://city-robotics.zohorecruit.eu,0
zoho,civicmakers,https://civicmakers.zohorecruit.com,0
zoho,cliqhr,https://cliqhr.zohorecruit.in,330
zoho,cloud-kinetics,https://cloud-kinetics.zohorecruit.com,17
zoho,charlesmacpherson,https://charlesmacpherson.zohorecruit.com,9
zoho,cloudare,https://cloudare.zohorecruit.in,13
zoho,clockshark,https://clockshark.zohorecruit.com,1
zoho,cloudangles,https://cloudangles.zohorecruit.com,1
zoho,cloudester,https://cloudester.zohorecruit.in,1
zoho,cloudar,https://cloudar.zohorecruit.com,0
zoho,closeability,https://closeability.zohorecruit.com,1
zoho,cloudgoservices,https://cloudgoservices.zohorecruit.in,31
zoho,cloudgeminisolutions,https://cloudgeminisolutions.zohorecruit.in,0
zoho,cloudifyops,https://cloudifyops.zohorecruit.in,3
zoho,cloudwick,https://cloudwick.zohorecruit.in,2
zoho,cloudcrm,https://cloudcrm.zohorecruit.com,5
zoho,cloudfronts,https://cloudfronts.zohorecruit.com,4
zoho,cognustechnology,https://cognustechnology.zohorecruit.in,0
zoho,cloudpso,https://cloudpso.zohorecruit.com,3
zoho,cloudsolutionslatam,https://cloudsolutionslatam.zohorecruit.com,0
zoho,cloudstaff,https://cloudstaff.zohorecruit.com,98
zoho,cloudnowtech,https://cloudnowtech.zohorecruit.com,6
zoho,cmalliance,https://cmalliance.zohorecruit.com,0
zoho,codersconnect,https://codersconnect.zohorecruit.com,4
zoho,coastlinecooling,https://coastlinecooling.zohorecruit.com,10
zoho,cloudyuga,https://cloudyuga.zohorecruit.com,0
zoho,codeniatechnologies,https://codeniatechnologies.zohorecruit.com,3
zoho,cm-resources,https://cm-resources.zohorecruit.eu,0
zoho,cloudyflex,https://cloudyflex.zohorecruit.com,1
zoho,coderevkids,https://coderevkids.zohorecruit.com,2
zoho,cocoasisgroup,https://cocoasisgroup.zohorecruit.com,5
zoho,cloudy,https://cloudy.zohorecruit.com,0
zoho,co-aim,https://co-aim.zohorecruit.com,1
zoho,coffeecomplex,https://coffeecomplex.zohorecruit.com,1
zoho,codev,https://codev.zohorecruit.com,0
zoho,codebleu,https://codebleu.zohorecruit.com,1
zoho,cm2software,https://cm2software.zohorecruit.com,3
zoho,coditation,https://coditation.zohorecruit.com,0
zoho,coderslink,https://coderslink.zohorecruit.com,0
zoho,codroiditlabs,https://codroiditlabs.zohorecruit.com,0
zoho,cloudworkmates,https://cloudworkmates.zohorecruit.com,14
zoho,code-rec,https://code-rec.zohorecruit.eu,1
zoho,coegawear,https://coegawear.zohorecruit.com,0
zoho,codersboutique,https://codersboutique.zohorecruit.com,10
zoho,cognitiocorp,https://cognitiocorp.zohorecruit.com,2
zoho,coderus,https://coderus.zohorecruit.eu,3
zoho,coffeycrown,https://coffeycrown.zohorecruit.com,4
zoho,cofinia,https://cofinia.zohorecruit.com,4
zoho,colegio-santagema,https://colegio-santagema.zohorecruit.eu,0
zoho,cognativinc,https://cognativinc.zohorecruit.com,1
zoho,cohost,https://cohost.zohorecruit.com,1
zoho,comet4children,https://comet4children.zohorecruit.com,1
zoho,coherentstaffing,https://coherentstaffing.zohorecruit.com,1
zoho,cometeer,https://cometeer.zohorecruit.com,0
zoho,cominity,https://cominity.zohorecruit.com,6
zoho,comerit,https://comerit.zohorecruit.com,83
zoho,collarshr,https://collarshr.zohorecruit.com,1
zoho,comfortkeepers,https://comfortkeepers.zohorecruit.eu,23
zoho,cognitiv,https://cognitiv.zohorecruit.com,1
zoho,command-f,https://command-f.zohorecruit.com,2
zoho,cohomebuildingacademy,https://cohomebuildingacademy.zohorecruit.com,0
zoho,colowrap,https://colowrap.zohorecruit.com,2
zoho,columbususa,https://columbususa.zohorecruit.com,0
zoho,comfortworkllc,https://comfortworkllc.zohorecruit.com,1
zoho,comgent,https://comgent.zohorecruit.eu,45
zoho,comerciosencillo,https://comerciosencillo.zohorecruit.eu,1
zoho,comaeaconsulting,https://comaeaconsulting.zohorecruit.com,19
zoho,colband,https://colband.zohorecruit.com,3
zoho,communities4construction,https://communities4construction.zohorecruit.com,5
zoho,cognitioneducationgroup,https://cognitioneducationgroup.zohorecruit.eu,7
zoho,comex2000uk,https://comex2000uk.zohorecruit.eu,44
zoho,communitypassageways,https://communitypassageways.zohorecruit.com,2
zoho,comprint,https://comprint.zohorecruit.in,0
zoho,colead,https://colead.zohorecruit.eu,3
zoho,comforcare,https://comforcare.zohorecruit.com,32
zoho,compassafc,https://compassafc.zohorecruit.com,1
zoho,comcentia,https://comcentia.zohorecruit.com,0
zoho,communityfoundations,https://communityfoundations.zohorecruit.com,0
zoho,comparasoftware,https://comparasoftware.zohorecruit.com,6
zoho,compliantlearningresources,https://compliantlearningresources.zohorecruit.com.au,6
zoho,compassptc,https://compassptc.zohorecruit.com,30
zoho,compass-pc,https://compass-pc.zohorecruit.com,1
zoho,compassionnetwork,https://compassionnetwork.zohorecruit.com,4
zoho,companygrow,https://companygrow.zohorecruit.com,0
zoho,complyance,https://complyance.zohorecruit.com,0
zoho,comresusa,https://comresusa.zohorecruit.com,4
zoho,computers4people,https://computers4people.zohorecruit.com,0
zoho,compostnow,https://compostnow.zohorecruit.com,1
zoho,content-whale,https://content-whale.zohorecruit.in,2
zoho,comschool,https://comschool.zohorecruit.com,16
zoho,comunidad,https://comunidad.zohorecruit.eu,6
zoho,comtalk,https://comtalk.zohorecruit.eu,3
zoho,contextqa,https://contextqa.zohorecruit.in,1
zoho,conceptainc,https://conceptainc.zohorecruit.com,0
zoho,conduiraonline,https://conduiraonline.zohorecruit.com,0
zoho,conestogac,https://conestogac.zohorecruit.com,1
zoho,conceptualize,https://conceptualize.zohorecruit.com,1
zoho,consci,https://consci.zohorecruit.com,4
zoho,confiancetech,https://confiancetech.zohorecruit.com,1
zoho,confab,https://confab.zohorecruit.com,19
zoho,concreteworkseast,https://concreteworkseast.zohorecruit.com,7
zoho,connexionrecrutement,https://connexionrecrutement.zohorecruit.com,0
zoho,conexwest,https://conexwest.zohorecruit.com,4
zoho,consultordenegocios,https://consultordenegocios.zohorecruit.eu,5
zoho,connect-people,https://connect-people.zohorecruit.com,106
zoho,consmaga,https://consmaga.zohorecruit.com,1
zoho,consciousfoundation,https://consciousfoundation.zohorecruit.com,1
zoho,constellation4,https://constellation4.zohorecruit.com,0
zoho,connectment,https://connectment.zohorecruit.eu,87
zoho,connectalents,https://connectalents.zohorecruit.com,27
zoho,connect2care,https://connect2care.zohorecruit.com,85
zoho,consultantswithenergy,https://consultantswithenergy.zohorecruit.com,4
zoho,corporate,https://corporate.zohorecruit.com,0
zoho,corptec,https://corptec.zohorecruit.com,0
zoho,corbecgalv,https://corbecgalv.zohorecruit.com,1
zoho,corpfin-search,https://corpfin-search.zohorecruit.eu,31
zoho,corporatereadyllc,https://corporatereadyllc.zohorecruit.com,0
zoho,corporategalaxy,https://corporategalaxy.zohorecruit.in,47
zoho,cortonadesign,https://cortonadesign.zohorecruit.com,2
zoho,corbeilelectro,https://corbeilelectro.zohorecruit.com,0
zoho,coperbee,https://coperbee.zohorecruit.eu,6
zoho,corporacion-ms,https://corporacion-ms.zohorecruit.com,1
zoho,connect1,https://connect1.zohorecruit.com,8
zoho,consulex,https://consulex.zohorecruit.com,2
zoho,consultlemonade,https://consultlemonade.zohorecruit.com,0
zoho,corporateprofessionals,https://corporateprofessionals.zohorecruit.in,22
zoho,coplex,https://coplex.zohorecruit.com,1
zoho,corerecruitingroup,https://corerecruitingroup.zohorecruit.com,1
zoho,cookpolitical,https://cookpolitical.zohorecruit.com,1
zoho,consultationcr,https://consultationcr.zohorecruit.com,13
zoho,cooperfieldscareers,https://cooperfieldscareers.zohorecruit.eu,0
zoho,corefactor,https://corefactor.zohorecruit.com,22
zoho,conseg,https://conseg.zohorecruit.com,36
zoho,corepeelers,https://corepeelers.zohorecruit.com,1
zoho,cornwallapprenticeshipagency,https://cornwallapprenticeshipagency.zohorecruit.com,7
zoho,coralfordconsults,https://coralfordconsults.zohorecruit.com,8
zoho,coppermobile,https://coppermobile.zohorecruit.com,13
zoho,contractorforeman,https://contractorforeman.zohorecruit.com,3
zoho,coorb,https://coorb.zohorecruit.com,22
zoho,cookingeurope,https://cookingeurope.zohorecruit.eu,9
zoho,coopersinc,https://coopersinc.zohorecruit.com,22
zoho,cooperativecomputing,https://cooperativecomputing.zohorecruit.com,1
zoho,corebfr,https://corebfr.zohorecruit.com,19
zoho,construction,https://construction.zohorecruit.eu,1
zoho,comptinc,https://comptinc.zohorecruit.ca,5
zoho,cooperconnect,https://cooperconnect.zohorecruit.com,85
zoho,corp,https://corp.zohorecruit.com,11
zoho,corviaconsulting,https://corviaconsulting.zohorecruit.com,33
zoho,copperfield,https://copperfield.zohorecruit.com,1
zoho,counterhouseconsultants,https://counterhouseconsultants.zohorecruit.com,1
zoho,coworkzen,https://coworkzen.zohorecruit.in,1
zoho,covalentrg,https://covalentrg.zohorecruit.com,1
zoho,cotowork,https://cotowork.zohorecruit.com,0
zoho,coverletter,https://coverletter.zohorecruit.com,5
zoho,coure-tech,https://coure-tech.zohorecruit.com,11
zoho,cravingcode,https://cravingcode.zohorecruit.in,5
zoho,cpinainsure,https://cpinainsure.zohorecruit.com,0
zoho,cpqi,https://cpqi.zohorecruit.com,0
zoho,cra,https://cra.zohorecruit.com,20
zoho,coxconsultingnetwork,https://coxconsultingnetwork.zohorecruit.com,6
zoho,cpsgo,https://cpsgo.zohorecruit.com,0
zoho,crayondata,https://crayondata.zohorecruit.com,11
zoho,craftysimon,https://craftysimon.zohorecruit.com.au,30
zoho,cpflexpack,https://cpflexpack.zohorecruit.com,1
zoho,craftkettle,https://craftkettle.zohorecruit.com,9
zoho,cpconsulting,https://cpconsulting.zohorecruit.com,20
zoho,cquail,https://cquail.zohorecruit.com,73
zoho,countmyaccount,https://countmyaccount.zohorecruit.ca,1
zoho,cragroup,https://cragroup.zohorecruit.eu,440
zoho,createpay,https://createpay.zohorecruit.eu,7
zoho,creativefuel,https://creativefuel.zohorecruit.in,7
zoho,creoit,https://creoit.zohorecruit.in,1
zoho,creolestudios,https://creolestudios.zohorecruit.in,2
zoho,csip,https://csip.zohorecruit.in,0
zoho,crescentek,https://crescentek.zohorecruit.in,1
zoho,creador-foundation,https://creador-foundation.zohorecruit.com,1
zoho,crossml,https://crossml.zohorecruit.in,14
zoho,curingbusy,https://curingbusy.zohorecruit.in,5
zoho,creuto,https://creuto.zohorecruit.in,1
zoho,constructionbeluga,https://constructionbeluga.zohorecruit.ca,15
zoho,criterionindustries,https://criterionindustries.zohorecruit.com.au,1
zoho,creationbc,https://creationbc.zohorecruit.com,15
zoho,crmexpertsonline,https://crmexpertsonline.zohorecruit.com,9
zoho,creditvidya,https://creditvidya.zohorecruit.com,1
zoho,csf,https://csf.zohorecruit.com,0
zoho,crmpartners,https://crmpartners.zohorecruit.com,0
zoho,csolsinc,https://csolsinc.zohorecruit.com,5
zoho,ctl-recrutement,https://ctl-recrutement.zohorecruit.eu,0
zoho,crownstack,https://crownstack.zohorecruit.com,0
zoho,cscec,https://cscec.zohorecruit.com,1
zoho,crmoz,https://crmoz.zohorecruit.com,2
zoho,csirecruiting,https://csirecruiting.zohorecruit.com,8
zoho,ctingenieure,https://ctingenieure.zohorecruit.eu,25
zoho,cross-systems,https://cross-systems.zohorecruit.com,1
zoho,cshqro,https://cshqro.zohorecruit.com,1
zoho,customs,https://customs.zohorecruit.com,0
zoho,csmediagroup,https://csmediagroup.zohorecruit.com,1
zoho,crossworkers-egypt,https://crossworkers-egypt.zohorecruit.com,0
zoho,csoinc,https://csoinc.zohorecruit.com,6
zoho,crmassistance,https://crmassistance.zohorecruit.eu,1
zoho,crwww,https://crwww.zohorecruit.com,0
zoho,crerecruiting,https://crerecruiting.zohorecruit.com,5
zoho,csmisolutions,https://csmisolutions.zohorecruit.com,0
zoho,cticonsulting,https://cticonsulting.zohorecruit.com,11
zoho,creativegladiator,https://creativegladiator.zohorecruit.com,1
zoho,cscs,https://cscs.zohorecruit.com,3
zoho,crgroup,https://crgroup.zohorecruit.com,1
zoho,crossresourcing,https://crossresourcing.zohorecruit.eu,0
zoho,customerization,https://customerization.zohorecruit.com,1
zoho,ctrl-find,https://ctrl-find.zohorecruit.com,1
zoho,crmsocius,https://crmsocius.zohorecruit.eu,11
zoho,currencypartners,https://currencypartners.zohorecruit.com,5
zoho,crescentiasolutions,https://crescentiasolutions.zohorecruit.com,0
zoho,creativetalentclub,https://creativetalentclub.zohorecruit.eu,1
zoho,culturedesigner,https://culturedesigner.zohorecruit.com,1
zoho,cspsafety,https://cspsafety.zohorecruit.com,3
zoho,creatorscripts,https://creatorscripts.zohorecruit.com,93
zoho,cwit,https://cwit.zohorecruit.com,14
zoho,cvgstaffingsolutions,https://cvgstaffingsolutions.zohorecruit.com,4
zoho,crooton,https://crooton.zohorecruit.eu,34
zoho,ctmconnects,https://ctmconnects.zohorecruit.com,48
zoho,cvloft,https://cvloft.zohorecruit.com,1
zoho,cvdequipment,https://cvdequipment.zohorecruit.com,0
zoho,cvillecapital,https://cvillecapital.zohorecruit.com,0
zoho,cyberheals-cyberhealsinfotechpvtltd,https://cyberheals-cyberhealsinfotechpvtltd.zohorecruit.in,0
zoho,cwimoney,https://cwimoney.zohorecruit.com,2
zoho,cybercentaurs,https://cybercentaurs.zohorecruit.com,4
zoho,ctracesolutions,https://ctracesolutions.zohorecruit.com,7
zoho,creativezone,https://creativezone.zohorecruit.com,1
zoho,cv2me,https://cv2me.zohorecruit.com,25
zoho,cupagroup,https://cupagroup.zohorecruit.eu,13
zoho,credpal,https://credpal.zohorecruit.com,52
zoho,crtconstruction,https://crtconstruction.zohorecruit.com,25
zoho,creativesearchconsultants,https://creativesearchconsultants.zohorecruit.com,0
zoho,cxtsoftware,https://cxtsoftware.zohorecruit.com,0
zoho,cyberacademy,https://cyberacademy.zohorecruit.eu,11
zoho,cyberhunters,https://cyberhunters.zohorecruit.com,1
zoho,criderlaw,https://criderlaw.zohorecruit.com,0
zoho,crossbowlabs,https://crossbowlabs.zohorecruit.com,7
zoho,cygnetglobal,https://cygnetglobal.zohorecruit.in,5
zoho,cybershen,https://cybershen.zohorecruit.eu,4
zoho,cybelesoft,https://cybelesoft.zohorecruit.com,0
zoho,culinality,https://culinality.zohorecruit.com,1
zoho,cvnl,https://cvnl.zohorecruit.com,1
zoho,cwtherapy,https://cwtherapy.zohorecruit.com,3
zoho,cybertechconnection,https://cybertechconnection.zohorecruit.com,0
zoho,cyclelabs,https://cyclelabs.zohorecruit.com,1
zoho,cyberfalcon,https://cyberfalcon.zohorecruit.com,0
zoho,cyberspace,https://cyberspace.zohorecruit.com,2
zoho,cohesionrh,https://cohesionrh.zohorecruit.ca,29
zoho,cyfieldgroup,https://cyfieldgroup.zohorecruit.eu,24
zoho,cybhumanresources,https://cybhumanresources.zohorecruit.com,14
zoho,cyces,https://cyces.zohorecruit.com,7
zoho,creteagency,https://creteagency.zohorecruit.com,1
zoho,curotec,https://curotec.zohorecruit.com,1
zoho,cynosurejobs,https://cynosurejobs.zohorecruit.in,389
zoho,cyntexa,https://cyntexa.zohorecruit.in,7
zoho,cydome,https://cydome.zohorecruit.com,1
zoho,cybergate,https://cybergate.zohorecruit.com,0
zoho,cvpeopletanzania,https://cvpeopletanzania.zohorecruit.com,207
zoho,cvpeopleglobal-uganda,https://cvpeopleglobal-uganda.zohorecruit.com,1
zoho,ctrecruiting,https://ctrecruiting.zohorecruit.com,0
zoho,cyclesofchange,https://cyclesofchange.zohorecruit.com,2
zoho,d-conseil,https://d-conseil.zohorecruit.eu,1
zoho,cyperusgroup,https://cyperusgroup.zohorecruit.com,0
zoho,daftcompany,https://daftcompany.zohorecruit.com,1
zoho,datatrained,https://datatrained.zohorecruit.in,0
zoho,dakotasoft,https://dakotasoft.zohorecruit.com,0
zoho,cyraacs,https://cyraacs.zohorecruit.com,1
zoho,daktarionline,https://daktarionline.zohorecruit.com,5
zoho,daffodilhealth,https://daffodilhealth.zohorecruit.com,1
zoho,dafatercareers,https://dafatercareers.zohorecruit.com,1
zoho,cyientdlm,https://cyientdlm.zohorecruit.com,29
zoho,datateams,https://datateams.zohorecruit.in,2
zoho,dallasbulls,https://dallasbulls.zohorecruit.com,7
zoho,danecca,https://danecca.zohorecruit.eu,0
zoho,dappirclean,https://dappirclean.zohorecruit.com,1
zoho,data-directions,https://data-directions.zohorecruit.com,2
zoho,dakotapro,https://dakotapro.zohorecruit.com,2
zoho,daraz,https://daraz.zohorecruit.com,1
zoho,darc-advertising,https://darc-advertising.zohorecruit.eu,2
zoho,damasec,https://damasec.zohorecruit.eu,21
zoho,data-never-lies,https://data-never-lies.zohorecruit.eu,9
zoho,dcg-us,https://dcg-us.zohorecruit.in,0
zoho,cygnusz,https://cygnusz.zohorecruit.eu,0
zoho,decisionpoint,https://decisionpoint.zohorecruit.in,1
zoho,decanoco,https://decanoco.zohorecruit.in,1
zoho,damarstaff,https://damarstaff.zohorecruit.com,93
zoho,datahash,https://datahash.zohorecruit.com,10
zoho,deeptek,https://deeptek.zohorecruit.in,0
zoho,datasemantics,https://datasemantics.zohorecruit.com,1
zoho,daskuwait,https://daskuwait.zohorecruit.com,0
zoho,datalockcg,https://datalockcg.zohorecruit.com,6
zoho,datapolicy,https://datapolicy.zohorecruit.com,5
zoho,datapar,https://datapar.zohorecruit.com,1
zoho,datayard,https://datayard.zohorecruit.com,0
zoho,datanoesis,https://datanoesis.zohorecruit.eu,2
zoho,datainsights,https://datainsights.zohorecruit.eu,9
zoho,davisconsultsolutions,https://davisconsultsolutions.zohorecruit.com,0
zoho,decasonic,https://decasonic.zohorecruit.com,1
zoho,dashbpo,https://dashbpo.zohorecruit.com,18
zoho,datasharp,https://datasharp.zohorecruit.eu,1
zoho,deal-factory,https://deal-factory.zohorecruit.eu,2
zoho,dbsrecruit,https://dbsrecruit.zohorecruit.com,1
zoho,dataworkz,https://dataworkz.zohorecruit.eu,1
zoho,dawaam,https://dawaam.zohorecruit.com,72
zoho,dawam-eg,https://dawam-eg.zohorecruit.com,170
zoho,ddnegative,https://ddnegative.zohorecruit.com,0
zoho,decisionminds,https://decisionminds.zohorecruit.com,0
zoho,dbkmanagementconsulting,https://dbkmanagementconsulting.zohorecruit.com,2
zoho,debernt,https://debernt.zohorecruit.com,38
zoho,dealscale,https://dealscale.zohorecruit.com,1
zoho,dcgconsulting,https://dcgconsulting.zohorecruit.com,6
zoho,deepwavedigital,https://deepwavedigital.zohorecruit.com,2
zoho,decklaration,https://decklaration.zohorecruit.com,11
zoho,deepcovekayak,https://deepcovekayak.zohorecruit.com,1
zoho,ddxasia,https://ddxasia.zohorecruit.com,1
zoho,dawarconsulting,https://dawarconsulting.zohorecruit.com,238
zoho,decolegno,https://decolegno.zohorecruit.eu,0
zoho,deltainfosoft,https://deltainfosoft.zohorecruit.in,1
zoho,deqtal,https://deqtal.zohorecruit.in,1
zoho,depusa,https://depusa.zohorecruit.in,11
zoho,dendrite,https://dendrite.zohorecruit.in,6
zoho,degier-personal,https://degier-personal.zohorecruit.eu,7
zoho,defisrh,https://defisrh.zohorecruit.com,19
zoho,deltacrontech,https://deltacrontech.zohorecruit.com,1
zoho,deskerra,https://deskerra.zohorecruit.com,0
zoho,dentemploy,https://dentemploy.zohorecruit.com,0
zoho,designed,https://designed.zohorecruit.com,1
zoho,delphi,https://delphi.zohorecruit.com,0
zoho,dektech,https://dektech.zohorecruit.com,1
zoho,dekrapersonnel,https://dekrapersonnel.zohorecruit.eu,43
zoho,deltahealthcenter,https://deltahealthcenter.zohorecruit.com,21
zoho,destineetravel,https://destineetravel.zohorecruit.com,1
zoho,dentago,https://dentago.zohorecruit.com,22
zoho,dengun,https://dengun.zohorecruit.com,2
zoho,deriv,https://deriv.zohorecruit.com,0
zoho,dengage,https://dengage.zohorecruit.com,10
zoho,deloitte,https://deloitte.zohorecruit.eu,122
zoho,delan,https://delan.zohorecruit.com,49
zoho,delsys,https://delsys.zohorecruit.com,9
zoho,descartes-search,https://descartes-search.zohorecruit.com,0
zoho,deutnet,https://deutnet.zohorecruit.in,0
zoho,destinationonetemp,https://destinationonetemp.zohorecruit.com,0
zoho,deltaworkforce,https://deltaworkforce.zohorecruit.com,25
zoho,developer4lease,https://developer4lease.zohorecruit.in,1
zoho,depencare,https://depencare.zohorecruit.eu,461
zoho,devgadhvi,https://devgadhvi.zohorecruit.in,10
zoho,dewanconsultants,https://dewanconsultants.zohorecruit.in,3
zoho,diadem,https://diadem.zohorecruit.in,4
zoho,diggibyte,https://diggibyte.zohorecruit.in,1
zoho,dgt,https://dgt.zohorecruit.com.au,2
zoho,dexianinc,https://dexianinc.zohorecruit.eu,1
zoho,devport,https://devport.zohorecruit.eu,1
zoho,deuxhuithuit,https://deuxhuithuit.zohorecruit.com,1
zoho,digitalcube-cs,https://digitalcube-cs.zohorecruit.in,1
zoho,digico,https://digico.zohorecruit.com,1
zoho,devtac,https://devtac.zohorecruit.com,15
zoho,dhfcapital,https://dhfcapital.zohorecruit.com,2
zoho,dhwaniris,https://dhwaniris.zohorecruit.com,1
zoho,diasan,https://diasan.zohorecruit.eu,6
zoho,dhteam,https://dhteam.zohorecruit.eu,9
zoho,dhruvsoft,https://dhruvsoft.zohorecruit.com,7
zoho,dialysis,https://dialysis.zohorecruit.com,10
zoho,digitalcorner-ksa,https://digitalcorner-ksa.zohorecruit.com,2
zoho,digital-scientists,https://digital-scientists.zohorecruit.eu,1
zoho,digitaglobal,https://digitaglobal.zohorecruit.com,10
zoho,digimantralabs,https://digimantralabs.zohorecruit.com,1
zoho,digideed,https://digideed.zohorecruit.com,0
zoho,distinction,https://distinction.zohorecruit.in,5
zoho,digital-alpha,https://digital-alpha.zohorecruit.com,1
zoho,dlight,https://dlight.zohorecruit.in,91
zoho,digisperts,https://digisperts.zohorecruit.com,5
zoho,divami,https://divami.zohorecruit.in,5
zoho,dmd,https://dmd.zohorecruit.in,1
zoho,dluxtechcorp,https://dluxtechcorp.zohorecruit.in,20
zoho,digitalewunder,https://digitalewunder.zohorecruit.com,21
zoho,digitalfrontierpartners,https://digitalfrontierpartners.zohorecruit.com.au,0
zoho,digitalstrategy,https://digitalstrategy.zohorecruit.com,1
zoho,docsumo,https://docsumo.zohorecruit.in,1
zoho,digitaldentalcraftsmen,https://digitaldentalcraftsmen.zohorecruit.com,1
zoho,digitalrubi,https://digitalrubi.zohorecruit.com,1
zoho,discovermedics,https://discovermedics.zohorecruit.eu,18
zoho,digitalhype,https://digitalhype.zohorecruit.com,1
zoho,digitalresetla,https://digitalresetla.zohorecruit.com,0
zoho,dimensionplus,https://dimensionplus.zohorecruit.com,3
zoho,documounttech,https://documounttech.zohorecruit.in,4
zoho,diversifiedinc,https://diversifiedinc.zohorecruit.com,10
zoho,dlapiperafrica,https://dlapiperafrica.zohorecruit.com,0
zoho,dikshafoundation,https://dikshafoundation.zohorecruit.com,1
zoho,dissen-juhn,https://dissen-juhn.zohorecruit.com,2
zoho,dlivery,https://dlivery.zohorecruit.com,1
zoho,directhiregroup,https://directhiregroup.zohorecruit.com,1
zoho,diversitytalentscouts,https://diversitytalentscouts.zohorecruit.com,1
zoho,dmoconsultingfirm,https://dmoconsultingfirm.zohorecruit.com,0
zoho,dmeforensics,https://dmeforensics.zohorecruit.com,1
zoho,dlk,https://dlk.zohorecruit.com,10
zoho,dmcdubai,https://dmcdubai.zohorecruit.com,16
zoho,ditrop,https://ditrop.zohorecruit.com,2
zoho,dmconsult,https://dmconsult.zohorecruit.com,1
zoho,distributionstox,https://distributionstox.zohorecruit.com,1
zoho,dnbik,https://dnbik.zohorecruit.com,4
zoho,dixinfotech,https://dixinfotech.zohorecruit.com,0
zoho,dlbassociates,https://dlbassociates.zohorecruit.com,39
zoho,dnaeconomics,https://dnaeconomics.zohorecruit.com,0
zoho,divineassistants,https://divineassistants.zohorecruit.com,1
zoho,dmkeith,https://dmkeith.zohorecruit.eu,39
zoho,dojorecruit,https://dojorecruit.zohorecruit.com,1
zoho,docstrats,https://docstrats.zohorecruit.com,0
zoho,dogwoodautism,https://dogwoodautism.zohorecruit.com,7
zoho,domestichelp,https://domestichelp.zohorecruit.eu,0
zoho,domusvi,https://domusvi.zohorecruit.eu,30
zoho,dominionconsultingng,https://dominionconsultingng.zohorecruit.com,0
zoho,draconx,https://draconx.zohorecruit.in,3
zoho,domoreproject,https://domoreproject.zohorecruit.com,4
zoho,dtcgroup,https://dtcgroup.zohorecruit.in,35
zoho,donweb,https://donweb.zohorecruit.com,2
zoho,dominopolska,https://dominopolska.zohorecruit.eu,1
zoho,dotit,https://dotit.zohorecruit.com,15
zoho,drcostihouseofbeauty,https://drcostihouseofbeauty.zohorecruit.com,32
zoho,doufre,https://doufre.zohorecruit.eu,78
zoho,dropbiohealth,https://dropbiohealth.zohorecruit.com.au,0
zoho,dplit,https://dplit.zohorecruit.com,28
zoho,dorabjees,https://dorabjees.zohorecruit.com,1
zoho,dot-gap,https://dot-gap.zohorecruit.eu,0
zoho,dpsoluciones,https://dpsoluciones.zohorecruit.eu,3
zoho,dpvtransportation,https://dpvtransportation.zohorecruit.com,3
zoho,dpd,https://dpd.zohorecruit.eu,2
zoho,dropalley,https://dropalley.zohorecruit.com,0
zoho,dpacnc,https://dpacnc.zohorecruit.com,5
zoho,driversdomain,https://driversdomain.zohorecruit.com,12
zoho,drbdistribution,https://drbdistribution.zohorecruit.com,18
zoho,druid,https://druid.zohorecruit.com,1
zoho,drivex,https://drivex.zohorecruit.com,17
zoho,dygitized,https://dygitized.zohorecruit.eu,12
zoho,doroob,https://doroob.zohorecruit.com,151
zoho,durcoconstruct,https://durcoconstruct.zohorecruit.com,1
zoho,dotmac,https://dotmac.zohorecruit.com,0
zoho,dsmhconsulting,https://dsmhconsulting.zohorecruit.com,7
zoho,dru,https://dru.zohorecruit.com,88
zoho,dreamroseconsultants,https://dreamroseconsultants.zohorecruit.com,0
zoho,dreadpoolentertainment,https://dreadpoolentertainment.zohorecruit.com,0
zoho,drmax,https://drmax.zohorecruit.eu,14
zoho,eappsys,https://eappsys.zohorecruit.in,0
zoho,dwhrecruitment,https://dwhrecruitment.zohorecruit.eu,1
zoho,dripworks,https://dripworks.zohorecruit.com,4
zoho,duffhrprofessionals,https://duffhrprofessionals.zohorecruit.com,1
zoho,drwi,https://drwi.zohorecruit.com,0
zoho,dtplusrecruitment,https://dtplusrecruitment.zohorecruit.eu,1
zoho,dyadigital,https://dyadigital.zohorecruit.eu,1
zoho,doublecareaba,https://doublecareaba.zohorecruit.com,35
zoho,dynamicedgerealty,https://dynamicedgerealty.zohorecruit.com,1
zoho,duotton,https://duotton.zohorecruit.eu,1
zoho,dss,https://dss.zohorecruit.eu,14
zoho,durafit,https://durafit.zohorecruit.com,19
zoho,dyadadvisors,https://dyadadvisors.zohorecruit.com,0
zoho,duple,https://duple.zohorecruit.com,1
zoho,dymentions,https://dymentions.zohorecruit.com,0
zoho,dsquares,https://dsquares.zohorecruit.com,1
zoho,dsltelecom,https://dsltelecom.zohorecruit.com,5
zoho,dudhi,https://dudhi.zohorecruit.com,4
zoho,dulcons,https://dulcons.zohorecruit.com,1
zoho,e2zconsultants,https://e2zconsultants.zohorecruit.com,1
zoho,eatwellglobal,https://eatwellglobal.zohorecruit.com,1
zoho,duratufproducts,https://duratufproducts.zohorecruit.com,9
zoho,dymasco,https://dymasco.zohorecruit.eu,27
zoho,earlyintel,https://earlyintel.zohorecruit.com,0
zoho,eatzy,https://eatzy.zohorecruit.com,2
zoho,dulibaninsurance,https://dulibaninsurance.zohorecruit.com,0
zoho,eastwestmining,https://eastwestmining.zohorecruit.com,1
zoho,eatigo,https://eatigo.zohorecruit.com,12
zoho,earon-hr,https://earon-hr.zohorecruit.com,1
zoho,dynamics,https://dynamics.zohorecruit.com,0
zoho,eckinox,https://eckinox.zohorecruit.com,0
zoho,eatwithnymble,https://eatwithnymble.zohorecruit.in,1
zoho,echinacareers,https://echinacareers.zohorecruit.com,1
zoho,eathos,https://eathos.zohorecruit.com,1
zoho,ebcinc,https://ebcinc.zohorecruit.com,224
zoho,eb-it,https://eb-it.zohorecruit.eu,0
zoho,ecentric,https://ecentric.zohorecruit.com,0
zoho,dunnandbraxton,https://dunnandbraxton.zohorecruit.com,71
zoho,eclatindia,https://eclatindia.zohorecruit.com,4
zoho,easyhrgroup,https://easyhrgroup.zohorecruit.com,181
zoho,e2logy,https://e2logy.zohorecruit.com,2
zoho,ecbsite,https://ecbsite.zohorecruit.com,2
zoho,e2solar,https://e2solar.zohorecruit.com,0
zoho,ecovijay,https://ecovijay.zohorecruit.in,2
zoho,easyhire,https://easyhire.zohorecruit.com,1
zoho,ecoastmarketing,https://ecoastmarketing.zohorecruit.com,1
zoho,ecms,https://ecms.zohorecruit.in,7
zoho,ecolibriumenergy,https://ecolibriumenergy.zohorecruit.in,1
zoho,ecanarys,https://ecanarys.zohorecruit.com,1
zoho,easycare,https://easycare.zohorecruit.com,86
zoho,ecobank,https://ecobank.zohorecruit.com,1
zoho,ebrvmartltdhire,https://ebrvmartltdhire.zohorecruit.com,1
zoho,eddconline,https://eddconline.zohorecruit.com,1
zoho,ecosi,https://ecosi.zohorecruit.com,1
zoho,ecstoledo,https://ecstoledo.zohorecruit.com,5
zoho,ecipaumbria,https://ecipaumbria.zohorecruit.eu,0
zoho,ecoste,https://ecoste.zohorecruit.com,19
zoho,edunova,https://edunova.zohorecruit.in,4
zoho,eedgetechnology,https://eedgetechnology.zohorecruit.in,1
zoho,edgebuildingservices,https://edgebuildingservices.zohorecruit.com,0
zoho,edgeskills,https://edgeskills.zohorecruit.com,0
zoho,edenseniorhc,https://edenseniorhc.zohorecruit.com,0
zoho,ectpartnership,https://ectpartnership.zohorecruit.eu,0
zoho,edgegrowth,https://edgegrowth.zohorecruit.com,6
zoho,eecomputing,https://eecomputing.zohorecruit.com,1
zoho,edubureau,https://edubureau.zohorecruit.com,3
zoho,edgeuno,https://edgeuno.zohorecruit.com,4
zoho,eduprofil,https://eduprofil.zohorecruit.com,1
zoho,een,https://een.zohorecruit.com,1
zoho,ediservices,https://ediservices.zohorecruit.eu,12
zoho,edkinsgroup,https://edkinsgroup.zohorecruit.com,2
zoho,education1st,https://education1st.zohorecruit.com,20
zoho,educatly,https://educatly.zohorecruit.com,1
zoho,eduvation,https://eduvation.zohorecruit.com,1
zoho,effettidigitali,https://effettidigitali.zohorecruit.eu,15
zoho,eduplace,https://eduplace.zohorecruit.com,1
zoho,edunext,https://edunext.zohorecruit.com,15
zoho,ehstaffing,https://ehstaffing.zohorecruit.com,3
zoho,edmontonarts,https://edmontonarts.zohorecruit.com,1
zoho,edgenetworks,https://edgenetworks.zohorecruit.com,2
zoho,educated-households,https://educated-households.zohorecruit.eu,35
zoho,effvision,https://effvision.zohorecruit.com,18
zoho,egaempleo,https://egaempleo.zohorecruit.com,72
zoho,eiger,https://eiger.zohorecruit.eu,1
zoho,effizient,https://effizient.zohorecruit.com,6
zoho,eep-energy,https://eep-energy.zohorecruit.eu,4
zoho,eklabre,https://eklabre.zohorecruit.com,5
zoho,eigermarvelhr,https://eigermarvelhr.zohorecruit.com,2
zoho,educatorsoverseas,https://educatorsoverseas.zohorecruit.com,124
zoho,eiysys,https://eiysys.zohorecruit.com,0
zoho,eleanorcrookfoundation,https://eleanorcrookfoundation.zohorecruit.eu,0
zoho,ekabel,https://ekabel.zohorecruit.com,6
zoho,elawpro,https://elawpro.zohorecruit.com,1
zoho,elitetechcorp,https://elitetechcorp.zohorecruit.in,3
zoho,elephantdesign,https://elephantdesign.zohorecruit.com,9
zoho,eficacia,https://eficacia.zohorecruit.com,9
zoho,electricsouth,https://electricsouth.zohorecruit.com,1
zoho,educohire,https://educohire.zohorecruit.com,250
zoho,electricaltestinginspection,https://electricaltestinginspection.zohorecruit.eu,1
zoho,elevationprovinggrounds,https://elevationprovinggrounds.zohorecruit.com,18
zoho,eleven-strategy,https://eleven-strategy.zohorecruit.com,0
zoho,elitbros,https://elitbros.zohorecruit.in,1
zoho,eliasitconsulting,https://eliasitconsulting.zohorecruit.com,4
zoho,ekonid,https://ekonid.zohorecruit.com,2
zoho,elgentos,https://elgentos.zohorecruit.eu,1
zoho,elementtech,https://elementtech.zohorecruit.com,0
zoho,elitez,https://elitez.zohorecruit.in,9
zoho,eighty30creative,https://eighty30creative.zohorecruit.com,3
zoho,eliteselection,https://eliteselection.zohorecruit.com,0
zoho,elidyrct,https://elidyrct.zohorecruit.eu,6
zoho,elitepa,https://elitepa.zohorecruit.com,5
zoho,elidelprestige,https://elidelprestige.zohorecruit.com,71
zoho,elevatepartners,https://elevatepartners.zohorecruit.eu,265
zoho,elfonze,https://elfonze.zohorecruit.in,94
zoho,eligarf,https://eligarf.zohorecruit.in,2
zoho,elementhal,https://elementhal.zohorecruit.com,1
zoho,eljabhr,https://eljabhr.zohorecruit.com,1
zoho,elastacloud,https://elastacloud.zohorecruit.com,0
zoho,ellbeehotels,https://ellbeehotels.zohorecruit.in,1
zoho,elevatesearchgroup,https://elevatesearchgroup.zohorecruit.com,1
zoho,eltcorporate,https://eltcorporate.zohorecruit.in,0
zoho,eluminaelearning,https://eluminaelearning.zohorecruit.com,0
zoho,emadvisorytz,https://emadvisorytz.zohorecruit.com,9
zoho,elsuccessforum,https://elsuccessforum.zohorecruit.com,0
zoho,elevateinfusion,https://elevateinfusion.zohorecruit.com,6
zoho,elysium-solar,https://elysium-solar.zohorecruit.eu,3
zoho,elham,https://elham.zohorecruit.com,1
zoho,ellitgroups,https://ellitgroups.zohorecruit.com,26
zoho,electronicminds,https://electronicminds.zohorecruit.eu,0
zoho,elitemininginc,https://elitemininginc.zohorecruit.com,1
zoho,enablyze,https://enablyze.zohorecruit.com,1
zoho,emploi-recruitment,https://emploi-recruitment.zohorecruit.eu,0
zoho,emtecsu,https://emtecsu.zohorecruit.com,7
zoho,emumba,https://emumba.zohorecruit.com,1
zoho,employmentprocessgroup,https://employmentprocessgroup.zohorecruit.com,1
zoho,emu,https://emu.zohorecruit.com,3
zoho,embracesoftwareinc,https://embracesoftwareinc.zohorecruit.com,21
zoho,emhla,https://emhla.zohorecruit.com,8
zoho,emaptaph,https://emaptaph.zohorecruit.com,0
zoho,empleo,https://empleo.zohorecruit.com,1
zoho,employal,https://employal.zohorecruit.com,1
zoho,ellow,https://ellow.zohorecruit.in,15
zoho,enablesa,https://enablesa.zohorecruit.com,93
zoho,empowersstaffing,https://empowersstaffing.zohorecruit.com,17
zoho,emiratespark,https://emiratespark.zohorecruit.com,48
zoho,empowerfamilygroup,https://empowerfamilygroup.zohorecruit.eu,6
zoho,emiratalent,https://emiratalent.zohorecruit.com,1
zoho,eminencei,https://eminencei.zohorecruit.in,82
zoho,emdlaw,https://emdlaw.zohorecruit.com,1
zoho,en,https://en.zohorecruit.com,4
zoho,enamix,https://enamix.zohorecruit.com,6
zoho,emapta,https://emapta.zohorecruit.com,1
zoho,endeavourasia,https://endeavourasia.zohorecruit.com,11
zoho,emdstrategies,https://emdstrategies.zohorecruit.com,2
zoho,emphirerecruitment,https://emphirerecruitment.zohorecruit.com,83
zoho,emergencymedicinekenya,https://emergencymedicinekenya.zohorecruit.com,1
zoho,energytalentseach,https://energytalentseach.zohorecruit.com,25
zoho,employeeretentionbenefits,https://employeeretentionbenefits.zohorecruit.com,14
zoho,engage,https://engage.zohorecruit.com,3
zoho,eneos,https://eneos.zohorecruit.in,2
zoho,enflux,https://enflux.zohorecruit.com,2
zoho,enerknol,https://enerknol.zohorecruit.com,2
zoho,elimn,https://elimn.zohorecruit.com,3
zoho,engagemytalent,https://engagemytalent.zohorecruit.com,0
zoho,energypal,https://energypal.zohorecruit.com,1
zoho,emergebpo,https://emergebpo.zohorecruit.com,1
zoho,encryptedgelabs,https://encryptedgelabs.zohorecruit.com,8
zoho,engine,https://engine.zohorecruit.com,7
zoho,emerge360,https://emerge360.zohorecruit.com,9
zoho,emerge,https://emerge.zohorecruit.com,1
zoho,engagegroup,https://engagegroup.zohorecruit.eu,1
zoho,enthu,https://enthu.zohorecruit.in,137
zoho,enky,https://enky.zohorecruit.eu,1
zoho,enhunt,https://enhunt.zohorecruit.com,10
zoho,energyagencyjobs,https://energyagencyjobs.zohorecruit.com.au,0
zoho,engineeredtaxservices,https://engineeredtaxservices.zohorecruit.com,6
zoho,enlight,https://enlight.zohorecruit.com,7
zoho,enkingint,https://enkingint.zohorecruit.com,19
zoho,elp-consult,https://elp-consult.zohorecruit.eu,214
zoho,embtelsolutions,https://embtelsolutions.zohorecruit.com,0
zoho,endurance-it,https://endurance-it.zohorecruit.com,11
zoho,enlitic,https://enlitic.zohorecruit.com,0
zoho,ennovatez,https://ennovatez.zohorecruit.com,47
zoho,ensemblestores,https://ensemblestores.zohorecruit.com,0
zoho,engineeredsourcing,https://engineeredsourcing.zohorecruit.com,11
zoho,enovative,https://enovative.zohorecruit.com,1
zoho,eoconsulting,https://eoconsulting.zohorecruit.com.au,20
zoho,esparkinfo,https://esparkinfo.zohorecruit.in,7
zoho,enterprisemonkey,https://enterprisemonkey.zohorecruit.com,4
zoho,enjaz,https://enjaz.zohorecruit.com,36
zoho,envertiz,https://envertiz.zohorecruit.com,1
zoho,env-health,https://env-health.zohorecruit.eu,0
zoho,ergodeinc,https://ergodeinc.zohorecruit.com,1
zoho,ephoca,https://ephoca.zohorecruit.com,0
zoho,ephunter,https://ephunter.zohorecruit.com,1
zoho,equinoxvacations,https://equinoxvacations.zohorecruit.com,0
zoho,entracte,https://entracte.zohorecruit.com,0
zoho,eprfireworks,https://eprfireworks.zohorecruit.com,3
zoho,equalstaffing,https://equalstaffing.zohorecruit.com,1
zoho,epathusa,https://epathusa.zohorecruit.com,6
zoho,epoch-techsolutions,https://epoch-techsolutions.zohorecruit.com,1
zoho,equilibriumsllc,https://equilibriumsllc.zohorecruit.com,1
zoho,equesrecruiting,https://equesrecruiting.zohorecruit.com,0
zoho,eresagro,https://eresagro.zohorecruit.com,26
zoho,epoxygenius,https://epoxygenius.zohorecruit.com,1
zoho,esbaar,https://esbaar.zohorecruit.com,2
zoho,esencialstaff,https://esencialstaff.zohorecruit.com,0
zoho,eth,https://eth.zohorecruit.eu,49
zoho,escalatesciences,https://escalatesciences.zohorecruit.com,0
zoho,essentialrecruit,https://essentialrecruit.zohorecruit.com.au,0
zoho,erxgroup,https://erxgroup.zohorecruit.com,17
zoho,erricomaria,https://erricomaria.zohorecruit.com,3
zoho,erconsult,https://erconsult.zohorecruit.com,0
zoho,etmoney,https://etmoney.zohorecruit.in,0
zoho,equiphs,https://equiphs.zohorecruit.com,18
zoho,ergpayroll,https://ergpayroll.zohorecruit.com,5
zoho,ert,https://ert.zohorecruit.com,23
zoho,equilogics,https://equilogics.zohorecruit.com,1
zoho,eternia,https://eternia.zohorecruit.com,4
zoho,erosetcompagnie,https://erosetcompagnie.zohorecruit.com,7
zoho,eticas,https://eticas.zohorecruit.com,1
zoho,essexmanagement,https://essexmanagement.zohorecruit.com,0
zoho,esquareinfo,https://esquareinfo.zohorecruit.com,0
zoho,etech,https://etech.zohorecruit.com,56
zoho,esdo,https://esdo.zohorecruit.eu,1
zoho,essenburgh,https://essenburgh.zohorecruit.eu,3
zoho,etched,https://etched.zohorecruit.com,1
zoho,ethicalstaff,https://ethicalstaff.zohorecruit.eu,6
zoho,ervarenjaren,https://ervarenjaren.zohorecruit.eu,5
zoho,estorasgroup,https://estorasgroup.zohorecruit.com,4
zoho,espauk,https://espauk.zohorecruit.com,10
zoho,essensys-france,https://essensys-france.zohorecruit.com,0
zoho,eridangroup,https://eridangroup.zohorecruit.com,6
zoho,escobar,https://escobar.zohorecruit.com,4
zoho,espprosearch,https://espprosearch.zohorecruit.com,7
zoho,eslcon,https://eslcon.zohorecruit.com,104
zoho,erecnigeria,https://erecnigeria.zohorecruit.com,262
zoho,etmam,https://etmam.zohorecruit.com,2
zoho,essteem,https://essteem.zohorecruit.com,4
zoho,etutorworld,https://etutorworld.zohorecruit.com,0
zoho,d-rh,https://d-rh.zohorecruit.ca,59
zoho,esportsfoundry,https://esportsfoundry.zohorecruit.com,0
zoho,eurocarerh,https://eurocarerh.zohorecruit.com,1
zoho,evareg,https://evareg.zohorecruit.com,6
zoho,europarkingservices,https://europarkingservices.zohorecruit.eu,0
zoho,eu,https://eu.zohorecruit.eu,0
zoho,everestconsulting,https://everestconsulting.zohorecruit.com,3
zoho,evoluz,https://evoluz.zohorecruit.in,6
zoho,eplay,https://eplay.zohorecruit.com,20
zoho,eurotriade,https://eurotriade.zohorecruit.com,41
zoho,evergreencottages,https://evergreencottages.zohorecruit.com,2
zoho,evindotama,https://evindotama.zohorecruit.com,1
zoho,eventlab,https://eventlab.zohorecruit.com,1
zoho,evolx,https://evolx.zohorecruit.eu,3
zoho,everydaypeopleinc,https://everydaypeopleinc.zohorecruit.com,13
zoho,europevisasltd,https://europevisasltd.zohorecruit.eu,1
zoho,eurhasi,https://eurhasi.zohorecruit.eu,26
zoho,evergreenir,https://evergreenir.zohorecruit.com,15
zoho,ewaycorp,https://ewaycorp.zohorecruit.in,5
zoho,evolvant,https://evolvant.zohorecruit.com,0
zoho,evolucioni3,https://evolucioni3.zohorecruit.com,1
zoho,evolvecontracted,https://evolvecontracted.zohorecruit.com,0
zoho,evokeimmigration,https://evokeimmigration.zohorecruit.com,1
zoho,factsnfiction,https://factsnfiction.zohorecruit.in,15
zoho,elithairtransplant,https://elithairtransplant.zohorecruit.com,1
zoho,evorecruit,https://evorecruit.zohorecruit.eu,64
zoho,excaliburmed,https://excaliburmed.zohorecruit.com,6
zoho,executivehrservice,https://executivehrservice.zohorecruit.com,1
zoho,exponentialit,https://exponentialit.zohorecruit.eu,3
zoho,excelmindsjobs,https://excelmindsjobs.zohorecruit.eu,10
zoho,exojob,https://exojob.zohorecruit.eu,1
zoho,experthiring,https://experthiring.zohorecruit.com,85
zoho,experis,https://experis.zohorecruit.com,1
zoho,exoscale,https://exoscale.zohorecruit.com,8
zoho,execo,https://execo.zohorecruit.com,12
zoho,expoze,https://expoze.zohorecruit.com,46
zoho,exa,https://exa.zohorecruit.com,22
zoho,expertiserecruitment,https://expertiserecruitment.zohorecruit.com,15
zoho,excellium,https://excellium.zohorecruit.com,32
zoho,exceptionly,https://exceptionly.zohorecruit.com,1
zoho,exterro,https://exterro.zohorecruit.com,1
zoho,ewhale,https://ewhale.zohorecruit.com,0
zoho,exteriorpoint,https://exteriorpoint.zohorecruit.com,4
zoho,exeterpremedia,https://exeterpremedia.zohorecruit.com,7
zoho,extratik,https://extratik.zohorecruit.com,16
zoho,ezmessenger,https://ezmessenger.zohorecruit.com,1
zoho,excelsoftcorp,https://excelsoftcorp.zohorecruit.com,14
zoho,evrim,https://evrim.zohorecruit.com,5
zoho,exito-e,https://exito-e.zohorecruit.com,5
zoho,experiorasia,https://experiorasia.zohorecruit.com,33
zoho,fabrec,https://fabrec.zohorecruit.eu,99
zoho,extendyourteam,https://extendyourteam.zohorecruit.com,1
zoho,expertconnect,https://expertconnect.zohorecruit.com,0
zoho,expertva,https://expertva.zohorecruit.com,43
zoho,ezdentalbilling,https://ezdentalbilling.zohorecruit.com,1
zoho,expertanalyticalsolutions,https://expertanalyticalsolutions.zohorecruit.com,1
zoho,exoticcolors,https://exoticcolors.zohorecruit.com,21
zoho,excis,https://excis.zohorecruit.com,72
zoho,expertsolutionsindia,https://expertsolutionsindia.zohorecruit.com,1
zoho,extrainch,https://extrainch.zohorecruit.com,1
zoho,extraressources,https://extraressources.zohorecruit.com,137
zoho,experthubrobotics,https://experthubrobotics.zohorecruit.com,2
zoho,f-horizon,https://f-horizon.zohorecruit.com,2
zoho,falcap,https://falcap.zohorecruit.eu,1
zoho,extensionerp,https://extensionerp.zohorecruit.com,38
zoho,faradaysec,https://faradaysec.zohorecruit.com,2
zoho,fairmedics,https://fairmedics.zohorecruit.eu,5
zoho,faktor-s,https://faktor-s.zohorecruit.eu,11
zoho,farmsquare,https://farmsquare.zohorecruit.com,1
zoho,fairchanceforcrm,https://fairchanceforcrm.zohorecruit.com,2
zoho,faircode,https://faircode.zohorecruit.com,2
zoho,fadacresources,https://fadacresources.zohorecruit.com,3
zoho,famasi,https://famasi.zohorecruit.com,8
zoho,fastrack,https://fastrack.zohorecruit.eu,1
zoho,fci-ccm,https://fci-ccm.zohorecruit.in,12
zoho,fairaway,https://fairaway.zohorecruit.eu,2
zoho,fasttrackfba,https://fasttrackfba.zohorecruit.eu,0
zoho,fastforce,https://fastforce.zohorecruit.com,43
zoho,fastfit-ems,https://fastfit-ems.zohorecruit.com,16
zoho,faviogroup,https://faviogroup.zohorecruit.com,34
zoho,fbcfcn,https://fbcfcn.zohorecruit.com,8
zoho,fccihk,https://fccihk.zohorecruit.com,6
zoho,fibmesh,https://fibmesh.zohorecruit.in,1
zoho,fcnq,https://fcnq.zohorecruit.com,26
zoho,excedia,https://excedia.zohorecruit.eu,1
zoho,fastspeed,https://fastspeed.zohorecruit.com,555
zoho,fintalent,https://fintalent.zohorecruit.in,2
zoho,fintarget,https://fintarget.zohorecruit.in,1
zoho,fintellix,https://fintellix.zohorecruit.in,0
zoho,fiolabs,https://fiolabs.zohorecruit.in,4
zoho,fccsingapore,https://fccsingapore.zohorecruit.com,15
zoho,fireblazeaischool,https://fireblazeaischool.zohorecruit.in,84
zoho,firstlaunch,https://firstlaunch.zohorecruit.in,1
zoho,fedinvestigate,https://fedinvestigate.zohorecruit.com,1
zoho,fcs-careers,https://fcs-careers.zohorecruit.com,17
zoho,fetola,https://fetola.zohorecruit.com,0
zoho,fenetresmagistral,https://fenetresmagistral.zohorecruit.com,10
zoho,ferchland-steuerberatung,https://ferchland-steuerberatung.zohorecruit.eu,1
zoho,feathersoft,https://feathersoft.zohorecruit.com,8
zoho,fdi,https://fdi.zohorecruit.com,1
zoho,fergusonhr,https://fergusonhr.zohorecruit.com,0
zoho,find4you,https://find4you.zohorecruit.com,1
zoho,fhsafrica,https://fhsafrica.zohorecruit.com,11
zoho,filtaglobal,https://filtaglobal.zohorecruit.com,0
zoho,findstaff,https://findstaff.zohorecruit.com,3
zoho,fesdc,https://fesdc.zohorecruit.com,1
zoho,federalstaffingsolutions,https://federalstaffingsolutions.zohorecruit.com,118
zoho,financialgym,https://financialgym.zohorecruit.com,2
zoho,fenalcoantioquia,https://fenalcoantioquia.zohorecruit.com,1
zoho,finarchemicals,https://finarchemicals.zohorecruit.com,0
zoho,feyerassociates,https://feyerassociates.zohorecruit.com,1
zoho,fhonconsulting,https://fhonconsulting.zohorecruit.com,1
zoho,fellow-s,https://fellow-s.zohorecruit.com,52
zoho,finreglab,https://finreglab.zohorecruit.com,1
zoho,firstdirectinc,https://firstdirectinc.zohorecruit.com,4
zoho,finlanza,https://finlanza.zohorecruit.com,0
zoho,firewater,https://firewater.zohorecruit.com,3
zoho,fianyc,https://fianyc.zohorecruit.com,1
zoho,fivehotelsandresorts,https://fivehotelsandresorts.zohorecruit.com,15
zoho,feldhoff-cie,https://feldhoff-cie.zohorecruit.eu,1
zoho,firstaccess,https://firstaccess.zohorecruit.com,0
zoho,flatironsdevelopment,https://flatironsdevelopment.zohorecruit.com,1
zoho,flatworldsolutions-in,https://flatworldsolutions-in.zohorecruit.com,19
zoho,fivetalent,https://fivetalent.zohorecruit.com,1
zoho,finclude,https://finclude.zohorecruit.com,1
zoho,filancore,https://filancore.zohorecruit.eu,0
zoho,fintechtalentsolutions,https://fintechtalentsolutions.zohorecruit.eu,0
zoho,fivedoto958,https://fivedoto958.zohorecruit.com,0
zoho,fissionlabs,https://fissionlabs.zohorecruit.com,1
zoho,flawlessaestheticcenter,https://flawlessaestheticcenter.zohorecruit.com,1
zoho,fintech-rec,https://fintech-rec.zohorecruit.eu,43
zoho,fiverose,https://fiverose.zohorecruit.com,1
zoho,flatags,https://flatags.zohorecruit.com,6
zoho,fixxr,https://fixxr.zohorecruit.com,1
zoho,flatworldsolutions,https://flatworldsolutions.zohorecruit.com,7
zoho,fkcci,https://fkcci.zohorecruit.com,0
zoho,firsttrustco,https://firsttrustco.zohorecruit.com,1
zoho,fleekbiz,https://fleekbiz.zohorecruit.com,17
zoho,fixedmea,https://fixedmea.zohorecruit.com,103
zoho,flexisaf,https://flexisaf.zohorecruit.com,3
zoho,firstpasseng,https://firstpasseng.zohorecruit.com,1
zoho,fis,https://fis.zohorecruit.com,14
zoho,flexe,https://flexe.zohorecruit.com,1
zoho,fitzframes,https://fitzframes.zohorecruit.com,0
zoho,firstdue,https://firstdue.zohorecruit.com,0
zoho,fintechrakyat,https://fintechrakyat.zohorecruit.com,5
zoho,flocco,https://flocco.zohorecruit.in,0
zoho,fivedoto802,https://fivedoto802.zohorecruit.com,0
zoho,flipr,https://flipr.zohorecruit.com,0
zoho,flightschedulepro,https://flightschedulepro.zohorecruit.com,1
zoho,flydocs,https://flydocs.zohorecruit.in,18
zoho,fenassociates,https://fenassociates.zohorecruit.eu,0
zoho,floor84studio,https://floor84studio.zohorecruit.com,0
zoho,flocker,https://flocker.zohorecruit.com,5
zoho,flixsave24,https://flixsave24.zohorecruit.eu,385
zoho,flexiblerx,https://flexiblerx.zohorecruit.com,0
zoho,forexglobalservices,https://forexglobalservices.zohorecruit.in,0
zoho,floorworld,https://floorworld.zohorecruit.com,2
zoho,forsysinc,https://forsysinc.zohorecruit.in,4
zoho,flintex,https://flintex.zohorecruit.com,707
zoho,fndcs,https://fndcs.zohorecruit.com,41
zoho,fmigroup,https://fmigroup.zohorecruit.com,1
zoho,fluidtruck,https://fluidtruck.zohorecruit.com,4
zoho,forbesnannies,https://forbesnannies.zohorecruit.eu,32
zoho,foodpairing,https://foodpairing.zohorecruit.eu,2
zoho,foodeluk,https://foodeluk.zohorecruit.eu,5
zoho,flexondemand,https://flexondemand.zohorecruit.com,27
zoho,forcierconsulting,https://forcierconsulting.zohorecruit.com,1
zoho,focain,https://focain.zohorecruit.eu,6
zoho,forward-impact,https://forward-impact.zohorecruit.in,10
zoho,forcentrics,https://forcentrics.zohorecruit.com,0
zoho,foodtrain,https://foodtrain.zohorecruit.com,1
zoho,floema,https://floema.zohorecruit.eu,0
zoho,flyhightalent,https://flyhightalent.zohorecruit.com,1
zoho,foxmarketeer,https://foxmarketeer.zohorecruit.in,4
zoho,forbtech,https://forbtech.zohorecruit.com,0
zoho,focuspointconsulting,https://focuspointconsulting.zohorecruit.eu,0
zoho,fokustalent,https://fokustalent.zohorecruit.com,12
zoho,fractionalcmo,https://fractionalcmo.zohorecruit.in,7
zoho,fodabox,https://fodabox.zohorecruit.eu,0
zoho,flexrecruitment,https://flexrecruitment.zohorecruit.com,40
zoho,forefront-me,https://forefront-me.zohorecruit.com,1
zoho,folkpy,https://folkpy.zohorecruit.com,1
zoho,frescowebservices,https://frescowebservices.zohorecruit.in,5
zoho,forumciv,https://forumciv.zohorecruit.com,2
zoho,fortisrisk,https://fortisrisk.zohorecruit.com,1
zoho,foveaaero,https://foveaaero.zohorecruit.com,9
zoho,formunauts,https://formunauts.zohorecruit.com,5
zoho,fourpointgetaways,https://fourpointgetaways.zohorecruit.com,1
zoho,focalsearch,https://focalsearch.zohorecruit.com,1
zoho,fouvi,https://fouvi.zohorecruit.in,2
zoho,frankcpg,https://frankcpg.zohorecruit.com,3
zoho,fqadvisory,https://fqadvisory.zohorecruit.com,1
zoho,freedompropertyinvestors,https://freedompropertyinvestors.zohorecruit.com.au,1
zoho,franklinapprenticeships,https://franklinapprenticeships.zohorecruit.com,0
zoho,fprofessionnels,https://fprofessionnels.zohorecruit.com,31
zoho,fortevillageresort,https://fortevillageresort.zohorecruit.eu,17
zoho,freeaccinsighttherapysolutions,https://freeaccinsighttherapysolutions.zohorecruit.com,25
zoho,fortemauctrix,https://fortemauctrix.zohorecruit.com,0
zoho,franniejobs,https://franniejobs.zohorecruit.com,1
zoho,fulcrumgrowth,https://fulcrumgrowth.zohorecruit.com,1
zoho,fosadconsulting,https://fosadconsulting.zohorecruit.com,1
zoho,futurecareerdesign,https://futurecareerdesign.zohorecruit.com.au,0
zoho,fredericklingen,https://fredericklingen.zohorecruit.eu,0
zoho,funtay-ng,https://funtay-ng.zohorecruit.com,1
zoho,forzatalent,https://forzatalent.zohorecruit.eu,1
zoho,foreststrategicsolutions,https://foreststrategicsolutions.zohorecruit.com,5
zoho,frontlinewildfire,https://frontlinewildfire.zohorecruit.com,0
zoho,fusionetcorp,https://fusionetcorp.zohorecruit.com,15
zoho,fusheng,https://fusheng.zohorecruit.com,1
zoho,futureaccess,https://futureaccess.zohorecruit.com,2
zoho,foxadvantagecorp,https://foxadvantagecorp.zohorecruit.com,1
zoho,forestpark,https://forestpark.zohorecruit.com,0
zoho,flynndigitalholdings,https://flynndigitalholdings.zohorecruit.com,1
zoho,fusionconsultingservices,https://fusionconsultingservices.zohorecruit.com,1
zoho,fuzetraders,https://fuzetraders.zohorecruit.eu,1
zoho,fundacioncapital,https://fundacioncapital.zohorecruit.com,5
zoho,foursalesacademy,https://foursalesacademy.zohorecruit.com,219
zoho,fortifyconsultllc,https://fortifyconsultllc.zohorecruit.com,0
zoho,fyers,https://fyers.zohorecruit.in,5
zoho,fredlundincpa,https://fredlundincpa.zohorecruit.com,10
zoho,fyerx,https://fyerx.zohorecruit.in,30
zoho,futad,https://futad.zohorecruit.com,1
zoho,frconsultancy,https://frconsultancy.zohorecruit.com.au,0
zoho,fusionfirst,https://fusionfirst.zohorecruit.in,0
zoho,futureachievers,https://futureachievers.zohorecruit.com,0
zoho,fxstaffing,https://fxstaffing.zohorecruit.com,1
zoho,foxandclubs,https://foxandclubs.zohorecruit.eu,33
zoho,futurewaverecruiting,https://futurewaverecruiting.zohorecruit.com,1
zoho,futureacad,https://futureacad.zohorecruit.in,36
zoho,fortunaskills,https://fortunaskills.zohorecruit.com,8
zoho,futurevision24,https://futurevision24.zohorecruit.com,29
zoho,freightbro,https://freightbro.zohorecruit.com,1
zoho,futureconnectionssp,https://futureconnectionssp.zohorecruit.eu,1
zoho,fp-robotics,https://fp-robotics.zohorecruit.com,0
zoho,fudme,https://fudme.zohorecruit.com,90
zoho,futuristiclabs,https://futuristiclabs.zohorecruit.in,16
zoho,galaxeye,https://galaxeye.zohorecruit.in,0
zoho,frontierdirectcare,https://frontierdirectcare.zohorecruit.com,1
zoho,funill,https://funill.zohorecruit.com,0
zoho,fundacionmerced,https://fundacionmerced.zohorecruit.com,0
zoho,foxemergence,https://foxemergence.zohorecruit.com,1
zoho,ganitinc,https://ganitinc.zohorecruit.in,1
zoho,futurehook,https://futurehook.zohorecruit.com,0
zoho,g-on,https://g-on.zohorecruit.com,1
zoho,fusionpractice,https://fusionpractice.zohorecruit.in,43
zoho,freightinvestorservices,https://freightinvestorservices.zohorecruit.eu,18
zoho,g-nius,https://g-nius.zohorecruit.com,0
zoho,galehealthcaresolutions,https://galehealthcaresolutions.zohorecruit.com,0
zoho,framtiden,https://framtiden.zohorecruit.eu,197
zoho,gadreamnannies,https://gadreamnannies.zohorecruit.com,26
zoho,g2media,https://g2media.zohorecruit.com,1
zoho,fulcrumdigital,https://fulcrumdigital.zohorecruit.com,42
zoho,fullscale,https://fullscale.zohorecruit.com,9
zoho,gamaya,https://gamaya.zohorecruit.eu,0
zoho,gamesfactorytalents,https://gamesfactorytalents.zohorecruit.eu,4
zoho,gamurdock,https://gamurdock.zohorecruit.com,0
zoho,fredastaire,https://fredastaire.zohorecruit.com,7
zoho,friedompartners,https://friedompartners.zohorecruit.com,8
zoho,geekyants,https://geekyants.zohorecruit.in,1
zoho,garment,https://garment.zohorecruit.com,6
zoho,fullvisibility,https://fullvisibility.zohorecruit.com,23
zoho,galfar,https://galfar.zohorecruit.com,1
zoho,geeksforgeeks,https://geeksforgeeks.zohorecruit.in,6
zoho,gcgrp,https://gcgrp.zohorecruit.eu,10
zoho,gamalearnss,https://gamalearnss.zohorecruit.com,6
zoho,gaiaglobal,https://gaiaglobal.zohorecruit.eu,13
zoho,gbitcorp,https://gbitcorp.zohorecruit.com,6
zoho,gathiva-consulting,https://gathiva-consulting.zohorecruit.eu,0
zoho,galileo,https://galileo.zohorecruit.eu,6
zoho,gdn,https://gdn.zohorecruit.in,2
zoho,gamedayyourway,https://gamedayyourway.zohorecruit.com,1
zoho,g2otech,https://g2otech.zohorecruit.com,0
zoho,futuretalants,https://futuretalants.zohorecruit.com,1
zoho,gecmediagroup,https://gecmediagroup.zohorecruit.com,12
zoho,geekrecruiters,https://geekrecruiters.zohorecruit.com,1
zoho,genesis-executivesearch,https://genesis-executivesearch.zohorecruit.com,21
zoho,generadorweb,https://generadorweb.zohorecruit.com,1
zoho,gentecompetente,https://gentecompetente.zohorecruit.com,2
zoho,gabtechglobal,https://gabtechglobal.zohorecruit.com,1
zoho,gathe,https://gathe.zohorecruit.com,1
zoho,gard,https://gard.zohorecruit.com,40
zoho,geeksoftconsulting,https://geeksoftconsulting.zohorecruit.eu,96
zoho,genesis,https://genesis.zohorecruit.eu,5
zoho,fullstacktalent,https://fullstacktalent.zohorecruit.com,1
zoho,geophaseresources,https://geophaseresources.zohorecruit.com,0
zoho,gaidoor,https://gaidoor.zohorecruit.com,107
zoho,geodnet,https://geodnet.zohorecruit.com,1
zoho,geetoo,https://geetoo.zohorecruit.com,1
zoho,getastraus,https://getastraus.zohorecruit.in,15
zoho,genesisconsulting,https://genesisconsulting.zohorecruit.com,141
zoho,gec-groupe,https://gec-groupe.zohorecruit.com,82
zoho,gatesourcehrus,https://gatesourcehrus.zohorecruit.com,168
zoho,generation-success,https://generation-success.zohorecruit.eu,2
zoho,georgebernard,https://georgebernard.zohorecruit.com,1
zoho,gatewaysearch,https://gatewaysearch.zohorecruit.com,28
zoho,getswell,https://getswell.zohorecruit.com,1
zoho,gdcccus,https://gdcccus.zohorecruit.eu,3
zoho,getsteri,https://getsteri.zohorecruit.in,1
zoho,getdatabees,https://getdatabees.zohorecruit.com,1
zoho,geocontrol,https://geocontrol.zohorecruit.com,15
zoho,getmida,https://getmida.zohorecruit.com,1
zoho,ganweigroup,https://ganweigroup.zohorecruit.com,14
zoho,gestion-bsp,https://gestion-bsp.zohorecruit.com,1
zoho,gcp,https://gcp.zohorecruit.com,0
zoho,gentent,https://gentent.zohorecruit.com,0
zoho,getscandium,https://getscandium.zohorecruit.com,2
zoho,gen2fund,https://gen2fund.zohorecruit.com,0
zoho,getcrate,https://getcrate.zohorecruit.com,1
zoho,geneva-msf,https://geneva-msf.zohorecruit.com,6
zoho,getthejob,https://getthejob.zohorecruit.eu,47
zoho,getmyfood,https://getmyfood.zohorecruit.eu,5
zoho,geria,https://geria.zohorecruit.eu,1
zoho,gettalenta,https://gettalenta.zohorecruit.com,1
zoho,getriku,https://getriku.zohorecruit.in,1
zoho,getlaidbeds,https://getlaidbeds.zohorecruit.eu,3
zoho,get-onboard,https://get-onboard.zohorecruit.com,1
zoho,geminis,https://geminis.zohorecruit.com,22
zoho,geodis,https://geodis.zohorecruit.eu,3
zoho,getilearn,https://getilearn.zohorecruit.com,1
zoho,getavetstaffing,https://getavetstaffing.zohorecruit.com,139
zoho,gjepc,https://gjepc.zohorecruit.in,4
zoho,georgeconsulting,https://georgeconsulting.zohorecruit.com,0
zoho,gistimpact,https://gistimpact.zohorecruit.in,6
zoho,gbda,https://gbda.zohorecruit.com,32
zoho,glideinvest,https://glideinvest.zohorecruit.in,0
zoho,gladowl,https://gladowl.zohorecruit.in,10
zoho,gceholdings,https://gceholdings.zohorecruit.com,0
zoho,genzeon,https://genzeon.zohorecruit.com,28
zoho,getlivewire,https://getlivewire.zohorecruit.com,6
zoho,getbrightwatch,https://getbrightwatch.zohorecruit.com,3
zoho,getmethegig,https://getmethegig.zohorecruit.com,0
zoho,getprospa,https://getprospa.zohorecruit.eu,13
zoho,ggg,https://ggg.zohorecruit.com,0
zoho,getexperts,https://getexperts.zohorecruit.eu,0
zoho,gatestonebpo,https://gatestonebpo.zohorecruit.com,1
zoho,gbh,https://gbh.zohorecruit.com,4
zoho,gilganco,https://gilganco.zohorecruit.com,1
zoho,gevme,https://gevme.zohorecruit.com,6
zoho,genesisgroupng,https://genesisgroupng.zohorecruit.com,1
zoho,globals,https://globals.zohorecruit.in,11
zoho,ghub,https://ghub.zohorecruit.com,1
zoho,globalsync,https://globalsync.zohorecruit.in,1
zoho,giantrocketship,https://giantrocketship.zohorecruit.com,1
zoho,giveindia,https://giveindia.zohorecruit.com,6
zoho,gigabitnetworks,https://gigabitnetworks.zohorecruit.eu,1
zoho,gifed,https://gifed.zohorecruit.com,31
zoho,getyouhousekeeping,https://getyouhousekeeping.zohorecruit.com,44
zoho,go-yubi,https://go-yubi.zohorecruit.in,277
zoho,global,https://global.zohorecruit.com,7
zoho,globalmanpowersolutions,https://globalmanpowersolutions.zohorecruit.com.au,0
zoho,ghistaffing,https://ghistaffing.zohorecruit.com,18
zoho,gigmile,https://gigmile.zohorecruit.com,76
zoho,global-recruiters,https://global-recruiters.zohorecruit.com,29
zoho,gl-strategies,https://gl-strategies.zohorecruit.com,2
zoho,globalamericanbusinessinstitute,https://globalamericanbusinessinstitute.zohorecruit.com,0
zoho,gmpgundagai,https://gmpgundagai.zohorecruit.com.au,1
zoho,globalsecuritysolutionsllc,https://globalsecuritysolutionsllc.zohorecruit.com,6
zoho,gg-insurance,https://gg-insurance.zohorecruit.com,0
zoho,globalintegra,https://globalintegra.zohorecruit.com,0
zoho,getsavi,https://getsavi.zohorecruit.com,0
zoho,gokhana,https://gokhana.zohorecruit.in,14
zoho,globetracker,https://globetracker.zohorecruit.eu,2
zoho,globaltalent,https://globaltalent.zohorecruit.com,0
zoho,globalnurseforce,https://globalnurseforce.zohorecruit.com,0
zoho,globaloutsourcingteam,https://globaloutsourcingteam.zohorecruit.com,1
zoho,glorinz,https://glorinz.zohorecruit.com,1
zoho,globalclique,https://globalclique.zohorecruit.com,2
zoho,goabbeyroad,https://goabbeyroad.zohorecruit.com,6
zoho,globalhumancapitalgroup,https://globalhumancapitalgroup.zohorecruit.com,14
zoho,globallegal,https://globallegal.zohorecruit.com,0
zoho,gm2dev,https://gm2dev.zohorecruit.com,11
zoho,frogenv,https://frogenv.zohorecruit.com,0
zoho,gmsinc,https://gmsinc.zohorecruit.com,4
zoho,globaltalnt,https://globaltalnt.zohorecruit.com,27
zoho,gloscale,https://gloscale.zohorecruit.com,1
zoho,globaladmissions,https://globaladmissions.zohorecruit.com,1
zoho,glints,https://glints.zohorecruit.com,1
zoho,go-ecommerce,https://go-ecommerce.zohorecruit.eu,10
zoho,gmpservices,https://gmpservices.zohorecruit.eu,1
zoho,gloocrm,https://gloocrm.zohorecruit.com,1
zoho,glitch,https://glitch.zohorecruit.com,1
zoho,goglobalgeo,https://goglobalgeo.zohorecruit.com,0
zoho,gobluegreen,https://gobluegreen.zohorecruit.com,1
zoho,globworks,https://globworks.zohorecruit.eu,1
zoho,globelise,https://globelise.zohorecruit.com,1
zoho,gobizit,https://gobizit.zohorecruit.com,4
zoho,globeintegrity,https://globeintegrity.zohorecruit.com,1
zoho,globaljobs,https://globaljobs.zohorecruit.com,1
zoho,gofleet,https://gofleet.zohorecruit.com,4
zoho,gogauge,https://gogauge.zohorecruit.com,6
zoho,govease,https://govease.zohorecruit.com,1
zoho,gomvp,https://gomvp.zohorecruit.com,1
zoho,gomex,https://gomex.zohorecruit.eu,14
zoho,goproconsultancy,https://goproconsultancy.zohorecruit.com,1
zoho,goodera,https://goodera.zohorecruit.com,1
zoho,goldcast,https://goldcast.zohorecruit.com,1
zoho,goodthingsdelivered,https://goodthingsdelivered.zohorecruit.com,1
zoho,globish,https://globish.zohorecruit.com,3
zoho,gosecurtec,https://gosecurtec.zohorecruit.com,10
zoho,globe-international,https://globe-international.zohorecruit.com,4
zoho,globalrabbits,https://globalrabbits.zohorecruit.com,9
zoho,goredex,https://goredex.zohorecruit.com,1
zoho,globalmerchantservices,https://globalmerchantservices.zohorecruit.com,14
zoho,globalsports,https://globalsports.zohorecruit.com,2
zoho,golden-opportunities,https://golden-opportunities.zohorecruit.com,0
zoho,goldsteinauto,https://goldsteinauto.zohorecruit.com,0
zoho,globalrights,https://globalrights.zohorecruit.com,1
zoho,globalworking,https://globalworking.zohorecruit.com,115
zoho,goldmarie-finanzen,https://goldmarie-finanzen.zohorecruit.eu,0
zoho,goroameo,https://goroameo.zohorecruit.com,1
zoho,globbing,https://globbing.zohorecruit.com,18
zoho,governmentresource,https://governmentresource.zohorecruit.com,4
zoho,grainvilleindia,https://grainvilleindia.zohorecruit.in,1
zoho,goodtalent,https://goodtalent.zohorecruit.com,14
zoho,globalstrategicalliancellc,https://globalstrategicalliancellc.zohorecruit.com,1
zoho,greenapplesolutions,https://greenapplesolutions.zohorecruit.in,1
zoho,govserviceshub,https://govserviceshub.zohorecruit.in,178
zoho,goldzonecenter,https://goldzonecenter.zohorecruit.com,1
zoho,goshenacquisitions,https://goshenacquisitions.zohorecruit.com,0
zoho,graba,https://graba.zohorecruit.com,1
zoho,gr8jersey,https://gr8jersey.zohorecruit.com,17
zoho,greenjams,https://greenjams.zohorecruit.in,1
zoho,grahamtalentgroup,https://grahamtalentgroup.zohorecruit.com,0
zoho,graftek,https://graftek.zohorecruit.com,0
zoho,gotocme,https://gotocme.zohorecruit.com,8
zoho,gracemar,https://gracemar.zohorecruit.com,0
zoho,greggsgroup,https://greggsgroup.zohorecruit.in,0
zoho,greatsalesconsultoria,https://greatsalesconsultoria.zohorecruit.com,0
zoho,greendzine,https://greendzine.zohorecruit.com,0
zoho,grandstalents,https://grandstalents.zohorecruit.com,23
zoho,gravitytechnologies,https://gravitytechnologies.zohorecruit.com,1
zoho,green-professionals,https://green-professionals.zohorecruit.eu,0
zoho,goiar,https://goiar.zohorecruit.com,0
zoho,gpmmom,https://gpmmom.zohorecruit.com,38
zoho,greenbrier,https://greenbrier.zohorecruit.com,79
zoho,greatlifedistributors,https://greatlifedistributors.zohorecruit.com,1
zoho,greencoverseed,https://greencoverseed.zohorecruit.com,4
zoho,goshare,https://goshare.zohorecruit.com,5
zoho,govfirst,https://govfirst.zohorecruit.com,15
zoho,greattechpros,https://greattechpros.zohorecruit.com,0
zoho,grandcanalhealthcare,https://grandcanalhealthcare.zohorecruit.com,15
zoho,greenergee,https://greenergee.zohorecruit.com,5
zoho,greatwatergarages,https://greatwatergarages.zohorecruit.com,0
zoho,geopal,https://geopal.zohorecruit.com,1
zoho,grabcareers,https://grabcareers.zohorecruit.com,0
zoho,greenpass,https://greenpass.zohorecruit.eu,0
zoho,greathirehr,https://greathirehr.zohorecruit.com,21
zoho,greenotech,https://greenotech.zohorecruit.com,1
zoho,growisto,https://growisto.zohorecruit.in,6
zoho,grepsr,https://grepsr.zohorecruit.com,2
zoho,greenpowerint,https://greenpowerint.zohorecruit.com,1
zoho,groupermo,https://groupermo.zohorecruit.com,38
zoho,greenscout,https://greenscout.zohorecruit.com,0
zoho,greenthumbs,https://greenthumbs.zohorecruit.com,12
zoho,greenwaynetwork,https://greenwaynetwork.zohorecruit.eu,0
zoho,groupe-larose,https://groupe-larose.zohorecruit.com,2
zoho,groupepropulsion,https://groupepropulsion.zohorecruit.com,1
zoho,groupenadeau,https://groupenadeau.zohorecruit.com,1
zoho,greentec-capital,https://greentec-capital.zohorecruit.eu,0
zoho,greenup-consulting,https://greenup-consulting.zohorecruit.eu,25
zoho,greenwheels,https://greenwheels.zohorecruit.com,19
zoho,greenseal,https://greenseal.zohorecruit.com,0
zoho,groupe-ecm,https://groupe-ecm.zohorecruit.eu,33
zoho,grobocopatel,https://grobocopatel.zohorecruit.com,4
zoho,greenway,https://greenway.zohorecruit.eu,4
zoho,grizzlyinstall,https://grizzlyinstall.zohorecruit.com,1
zoho,groupelabrie,https://groupelabrie.zohorecruit.com,43
zoho,greenshielddeckbuilders,https://greenshielddeckbuilders.zohorecruit.com,2
zoho,group-ips,https://group-ips.zohorecruit.eu,28
zoho,grouperhplus,https://grouperhplus.zohorecruit.com,0
zoho,groupepmi,https://groupepmi.zohorecruit.com,1
zoho,greerfinancialservices,https://greerfinancialservices.zohorecruit.com,1
zoho,griffin-search,https://griffin-search.zohorecruit.com,38
zoho,groupe-terresdefrance,https://groupe-terresdefrance.zohorecruit.eu,14
zoho,gregjwilson,https://gregjwilson.zohorecruit.com,1
zoho,groupevitae,https://groupevitae.zohorecruit.com,4
zoho,groupederic,https://groupederic.zohorecruit.com,113
zoho,grupofemxa,https://grupofemxa.zohorecruit.eu,2
zoho,grupoprominente,https://grupoprominente.zohorecruit.com,3
zoho,groupecanimex,https://groupecanimex.zohorecruit.com,18
zoho,gsourcedata,https://gsourcedata.zohorecruit.in,9
zoho,grscorp,https://grscorp.zohorecruit.com,5
zoho,groupesgm,https://groupesgm.zohorecruit.com,11
zoho,grupoexsofts,https://grupoexsofts.zohorecruit.eu,1
zoho,gtbank,https://gtbank.zohorecruit.com,1
zoho,gsf-canada,https://gsf-canada.zohorecruit.com,13
zoho,grupoalmedina,https://grupoalmedina.zohorecruit.com,2
zoho,gtcoplc,https://gtcoplc.zohorecruit.com,1
zoho,groupeabs,https://groupeabs.zohorecruit.com,86
zoho,gsecanada,https://gsecanada.zohorecruit.com,22
zoho,groupethomassin,https://groupethomassin.zohorecruit.com,5
zoho,gstpa,https://gstpa.zohorecruit.com,6
zoho,gruposoledad,https://gruposoledad.zohorecruit.com,17
zoho,grupobali,https://grupobali.zohorecruit.com,1
zoho,gtscts,https://gtscts.zohorecruit.com,49
zoho,grupoav,https://grupoav.zohorecruit.com,10
zoho,guap,https://guap.zohorecruit.com,1
zoho,growthlinellc,https://growthlinellc.zohorecruit.com,3
zoho,gurusiksha,https://gurusiksha.zohorecruit.in,1
zoho,haberwater,https://haberwater.zohorecruit.in,4
zoho,gubelin,https://gubelin.zohorecruit.eu,1
zoho,habak,https://habak.zohorecruit.com,1
zoho,groupetremblay,https://groupetremblay.zohorecruit.com,9
zoho,gyrus,https://gyrus.zohorecruit.com,8
zoho,guneipartners,https://guneipartners.zohorecruit.com,58
zoho,gus,https://gus.zohorecruit.com,45
zoho,growthmarketingpro,https://growthmarketingpro.zohorecruit.com,1
zoho,guardea,https://guardea.zohorecruit.eu,0
zoho,groupesteva,https://groupesteva.zohorecruit.eu,137
zoho,gu-recruitment,https://gu-recruitment.zohorecruit.com,291
zoho,growwithfusion,https://growwithfusion.zohorecruit.com,69
zoho,hailstonein,https://hailstonein.zohorecruit.in,1
zoho,h2oaquatique,https://h2oaquatique.zohorecruit.com,1
zoho,habaripay,https://habaripay.zohorecruit.com,7
zoho,haparz,https://haparz.zohorecruit.in,0
zoho,gymnasticsworldva,https://gymnasticsworldva.zohorecruit.com,2
zoho,harvestedlabs,https://harvestedlabs.zohorecruit.in,1
zoho,hafieldeducation,https://hafieldeducation.zohorecruit.com,7
zoho,harshaengineers,https://harshaengineers.zohorecruit.in,4
zoho,halogen,https://halogen.zohorecruit.com,0
zoho,gwgllc,https://gwgllc.zohorecruit.com,5
zoho,halcyon,https://halcyon.zohorecruit.com,1
zoho,halexo,https://halexo.zohorecruit.com,3
zoho,hangar49,https://hangar49.zohorecruit.com,2
zoho,halcyonfinance,https://halcyonfinance.zohorecruit.com,1
zoho,hamiltongraywealth,https://hamiltongraywealth.zohorecruit.com,1
zoho,hamulegal,https://hamulegal.zohorecruit.com,1
zoho,hanchey,https://hanchey.zohorecruit.com,83
zoho,habitec,https://habitec.zohorecruit.com,1
zoho,hackerkernel,https://hackerkernel.zohorecruit.com,1
zoho,hanini,https://hanini.zohorecruit.com,11
zoho,happytech,https://happytech.zohorecruit.com,1
zoho,hammersearch,https://hammersearch.zohorecruit.com,5
zoho,hammercontractors,https://hammercontractors.zohorecruit.com,1
zoho,happyvibes-travel,https://happyvibes-travel.zohorecruit.com,1
zoho,haldren,https://haldren.zohorecruit.com,161
zoho,halogeneng,https://halogeneng.zohorecruit.com,39
zoho,hannahsolar,https://hannahsolar.zohorecruit.com,6
zoho,hamsa,https://hamsa.zohorecruit.com,1
zoho,harborhotelcuracao,https://harborhotelcuracao.zohorecruit.com,10
zoho,handelspilot,https://handelspilot.zohorecruit.eu,0
zoho,hashah,https://hashah.zohorecruit.com,2
zoho,harbridgepartners,https://harbridgepartners.zohorecruit.com,0
zoho,hawkinshrconsulting,https://hawkinshrconsulting.zohorecruit.com,15
zoho,happybrightkids,https://happybrightkids.zohorecruit.com,1
zoho,hawthornecivil,https://hawthornecivil.zohorecruit.com.au,1
zoho,hardbeauty,https://hardbeauty.zohorecruit.com,2
zoho,hasthasolutions,https://hasthasolutions.zohorecruit.com,58
zoho,harmonyroze,https://harmonyroze.zohorecruit.com,0
zoho,haxio,https://haxio.zohorecruit.com,1
zoho,hammondcare,https://hammondcare.zohorecruit.com,233
zoho,harpglobalsol,https://harpglobalsol.zohorecruit.com,12
zoho,hawleyrecruiting,https://hawleyrecruiting.zohorecruit.com,1
zoho,hcglobalfs,https://hcglobalfs.zohorecruit.com,36
zoho,hdoarch,https://hdoarch.zohorecruit.com,1
zoho,hcaptcha,https://hcaptcha.zohorecruit.com,1
zoho,hcpa,https://hcpa.zohorecruit.com,2
zoho,headbyte,https://headbyte.zohorecruit.com,1
zoho,healthitsolutionsinc,https://healthitsolutionsinc.zohorecruit.com,1
zoho,headwaywfs,https://headwaywfs.zohorecruit.com,1
zoho,harptalent,https://harptalent.zohorecruit.com,1
zoho,hatanga,https://hatanga.zohorecruit.com,11
zoho,hcvpgh,https://hcvpgh.zohorecruit.com,2
zoho,gtrworldwide,https://gtrworldwide.zohorecruit.com,720
zoho,hblsearch,https://hblsearch.zohorecruit.com,0
zoho,helpingharvest,https://helpingharvest.zohorecruit.com.au,0
zoho,headhuntersonline,https://headhuntersonline.zohorecruit.eu,1
zoho,hekarec,https://hekarec.zohorecruit.com,4
zoho,head-huntress,https://head-huntress.zohorecruit.com,84
zoho,harambeans,https://harambeans.zohorecruit.com,4
zoho,hcl-international,https://hcl-international.zohorecruit.eu,51
zoho,healthcarepros,https://healthcarepros.zohorecruit.com,173
zoho,harrisonconsultingsolutions,https://harrisonconsultingsolutions.zohorecruit.com,750
zoho,heroic,https://heroic.zohorecruit.com,3
zoho,health,https://health.zohorecruit.com,0
zoho,headspaceglobal,https://headspaceglobal.zohorecruit.com,2
zoho,hellotars,https://hellotars.zohorecruit.com,1
zoho,herontrack,https://herontrack.zohorecruit.eu,0
zoho,heartfelt,https://heartfelt.zohorecruit.eu,4
zoho,hdjassociates,https://hdjassociates.zohorecruit.com,12
zoho,hhtba,https://hhtba.zohorecruit.com,5
zoho,healthcare-united,https://healthcare-united.zohorecruit.com,199
zoho,hcfoman,https://hcfoman.zohorecruit.com,0
zoho,hemfa,https://hemfa.zohorecruit.eu,17
zoho,heritage-staffing,https://heritage-staffing.zohorecruit.eu,2
zoho,hillcollege,https://hillcollege.zohorecruit.com.au,0
zoho,hengyeinc,https://hengyeinc.zohorecruit.com,1
zoho,hillconsultinghrs,https://hillconsultinghrs.zohorecruit.com.au,1
zoho,hfzlaw,https://hfzlaw.zohorecruit.com,5
zoho,hespress,https://hespress.zohorecruit.com,23
zoho,helmsmangrp,https://helmsmangrp.zohorecruit.com,0
zoho,heritage,https://heritage.zohorecruit.com,1
zoho,helponcallnigeria,https://helponcallnigeria.zohorecruit.com,1
zoho,hi,https://hi.zohorecruit.com,0
zoho,healthwaze,https://healthwaze.zohorecruit.com,205
zoho,hireyu,https://hireyu.zohorecruit.com.au,0
zoho,hiredgun,https://hiredgun.zohorecruit.com,2
zoho,helgariverainsurance,https://helgariverainsurance.zohorecruit.com,0
zoho,highwestcapitalpartners,https://highwestcapitalpartners.zohorecruit.com,1
zoho,hiredhr,https://hiredhr.zohorecruit.com,1
zoho,hejazultra,https://hejazultra.zohorecruit.com,1
zoho,hh2,https://hh2.zohorecruit.com,2
zoho,helmc,https://helmc.zohorecruit.eu,0
zoho,helpageindia,https://helpageindia.zohorecruit.com,28
zoho,hexagondata,https://hexagondata.zohorecruit.com,1
zoho,hfeu,https://hfeu.zohorecruit.eu,72
zoho,hirobe,https://hirobe.zohorecruit.eu,0
zoho,hirefinity,https://hirefinity.zohorecruit.eu,7
zoho,hirewith,https://hirewith.zohorecruit.com,7
zoho,hiresparks,https://hiresparks.zohorecruit.com,28
zoho,hireseniors,https://hireseniors.zohorecruit.com,5
zoho,hiqualityrecruits,https://hiqualityrecruits.zohorecruit.com,0
zoho,hireblox,https://hireblox.zohorecruit.com,1
zoho,hiring4health,https://hiring4health.zohorecruit.com,153
zoho,holaweddings,https://holaweddings.zohorecruit.com,1
zoho,homecaredirect,https://homecaredirect.zohorecruit.eu,19
zoho,hilton,https://hilton.zohorecruit.com,1
zoho,hirevouch,https://hirevouch.zohorecruit.com,0
zoho,hiremefast,https://hiremefast.zohorecruit.com,1
zoho,hireresourcesllc,https://hireresourcesllc.zohorecruit.com,0
zoho,holbrookestaffing,https://holbrookestaffing.zohorecruit.com,0
zoho,hmi,https://hmi.zohorecruit.com,231
zoho,holohire,https://holohire.zohorecruit.com,1
zoho,heritagertc,https://heritagertc.zohorecruit.com,2
zoho,holmelectric,https://holmelectric.zohorecruit.com,4
zoho,homeworkcoach,https://homeworkcoach.zohorecruit.com,20
zoho,heritagehealthnetwork,https://heritagehealthnetwork.zohorecruit.com,8
zoho,hmb-innovation,https://hmb-innovation.zohorecruit.com,26
zoho,hhcare,https://hhcare.zohorecruit.com,65
zoho,honestally,https://honestally.zohorecruit.com.au,3
zoho,hometheaterreview,https://hometheaterreview.zohorecruit.com,0
zoho,hold,https://hold.zohorecruit.com,3
zoho,hoplun,https://hoplun.zohorecruit.com,1
zoho,hommatalent,https://hommatalent.zohorecruit.com,82
zoho,hospitalityrecruiter,https://hospitalityrecruiter.zohorecruit.com,1
zoho,homepad,https://homepad.zohorecruit.eu,1
zoho,homewayhomes,https://homewayhomes.zohorecruit.com,12
zoho,hookerheijden,https://hookerheijden.zohorecruit.com,24
zoho,homevy,https://homevy.zohorecruit.com,2
zoho,hotelbird,https://hotelbird.zohorecruit.eu,13
zoho,homepro-qatar,https://homepro-qatar.zohorecruit.com,4
zoho,homecomingrevolution,https://homecomingrevolution.zohorecruit.com,161
zoho,hospitalityspotlight,https://hospitalityspotlight.zohorecruit.com,43
zoho,hospitality-jobs,https://hospitality-jobs.zohorecruit.eu,25
zoho,hoptek,https://hoptek.zohorecruit.com,6
zoho,hopesquad,https://hopesquad.zohorecruit.com,0
zoho,hrisassociates,https://hrisassociates.zohorecruit.eu,7
zoho,houzzedge,https://houzzedge.zohorecruit.com,4
zoho,hrknowledgesource,https://hrknowledgesource.zohorecruit.com,4
zoho,hotelonline,https://hotelonline.zohorecruit.com,2
zoho,hpl,https://hpl.zohorecruit.com,1
zoho,hrplusinc,https://hrplusinc.zohorecruit.com,0
zoho,hrfabrika,https://hrfabrika.zohorecruit.eu,25
zoho,hrrecruitingservices,https://hrrecruitingservices.zohorecruit.com,22
zoho,hrassistance,https://hrassistance.zohorecruit.com,43
zoho,hti,https://hti.zohorecruit.com,2
zoho,hr-scope,https://hr-scope.zohorecruit.com,14
zoho,hrmetrics,https://hrmetrics.zohorecruit.com,3
zoho,hrcoachonline,https://hrcoachonline.zohorecruit.com,1
zoho,hrpros24,https://hrpros24.zohorecruit.com,1
zoho,hpaconsultant,https://hpaconsultant.zohorecruit.com,1
zoho,hst-et,https://hst-et.zohorecruit.com,2
zoho,houstonjewish,https://houstonjewish.zohorecruit.com,2
zoho,hrcapinc,https://hrcapinc.zohorecruit.com,15
zoho,hpamembers,https://hpamembers.zohorecruit.com,3
zoho,hurryman,https://hurryman.zohorecruit.com,7
zoho,hostmonkeyy,https://hostmonkeyy.zohorecruit.com,1
zoho,humanresourcing,https://humanresourcing.zohorecruit.com.au,10
zoho,hrpresales,https://hrpresales.zohorecruit.com,59
zoho,hrforprofit,https://hrforprofit.zohorecruit.com,0
zoho,housecall,https://housecall.zohorecruit.com,5
zoho,humanasset,https://humanasset.zohorecruit.com,6
zoho,hr-pulse,https://hr-pulse.zohorecruit.com,1
zoho,humanproxy,https://humanproxy.zohorecruit.eu,1
zoho,hvex,https://hvex.zohorecruit.com,0
zoho,howlingbrands,https://howlingbrands.zohorecruit.com,2
zoho,hyreharperco,https://hyreharperco.zohorecruit.com,43
zoho,humanus,https://humanus.zohorecruit.eu,1
zoho,hrcg,https://hrcg.zohorecruit.eu,21
zoho,hr-plus,https://hr-plus.zohorecruit.com,27
zoho,hyrecenter,https://hyrecenter.zohorecruit.com,1
zoho,hubs,https://hubs.zohorecruit.com,6
zoho,hr1systems,https://hr1systems.zohorecruit.com,0
zoho,hreade,https://hreade.zohorecruit.com,2
zoho,iam,https://iam.zohorecruit.com,18
zoho,homepick,https://homepick.zohorecruit.eu,0
zoho,humansofhr,https://humansofhr.zohorecruit.com,17
zoho,humanresourcesme,https://humanresourcesme.zohorecruit.com,168
zoho,i-com,https://i-com.zohorecruit.com,7
zoho,iaro,https://iaro.zohorecruit.eu,2
zoho,humanify360,https://humanify360.zohorecruit.com,0
zoho,ifcci,https://ifcci.zohorecruit.in,17
zoho,hyltoninsights,https://hyltoninsights.zohorecruit.com,1
zoho,hpdafrica,https://hpdafrica.zohorecruit.com,1
zoho,hugheseng,https://hugheseng.zohorecruit.com,1
zoho,ibgroup,https://ibgroup.zohorecruit.com,99
zoho,humanz,https://humanz.zohorecruit.com,0
zoho,icon-hospitality,https://icon-hospitality.zohorecruit.com,1
zoho,hrcpakistan,https://hrcpakistan.zohorecruit.com,52
zoho,icosmedia,https://icosmedia.zohorecruit.eu,3
zoho,i-g3n,https://i-g3n.zohorecruit.com,0
zoho,hunterandtalent,https://hunterandtalent.zohorecruit.com,0
zoho,humanise,https://humanise.zohorecruit.com,1
zoho,humancapital,https://humancapital.zohorecruit.com,39
zoho,iconswork,https://iconswork.zohorecruit.eu,0
zoho,ibygroup,https://ibygroup.zohorecruit.com,2
zoho,icea,https://icea.zohorecruit.eu,1
zoho,ics-group,https://ics-group.zohorecruit.eu,4
zoho,idelsoft,https://idelsoft.zohorecruit.com,1
zoho,ici-sy,https://ici-sy.zohorecruit.com,1
zoho,i-techegypt,https://i-techegypt.zohorecruit.com,2
zoho,iconic-ms,https://iconic-ms.zohorecruit.com,0
zoho,ibsforyou,https://ibsforyou.zohorecruit.com,6
zoho,icanpr,https://icanpr.zohorecruit.com,137
zoho,icdefensejobs,https://icdefensejobs.zohorecruit.com,1
zoho,ibertech,https://ibertech.zohorecruit.eu,55
zoho,iceberggroup,https://iceberggroup.zohorecruit.com,1
zoho,ictkerala,https://ictkerala.zohorecruit.com,9
zoho,hyremote,https://hyremote.zohorecruit.com,53
zoho,idealgrupa,https://idealgrupa.zohorecruit.eu,0
zoho,ifitnesscentre,https://ifitnesscentre.zohorecruit.com,8
zoho,iconnecthrsolutionconsultants,https://iconnecthrsolutionconsultants.zohorecruit.com,0
zoho,ifs,https://ifs.zohorecruit.com,10
zoho,ict4you,https://ict4you.zohorecruit.eu,35
zoho,imagegrafix,https://imagegrafix.zohorecruit.in,0
zoho,icschools,https://icschools.zohorecruit.com,28
zoho,iempresa,https://iempresa.zohorecruit.com,2
zoho,ideazfirst,https://ideazfirst.zohorecruit.com,5
zoho,iforce,https://iforce.zohorecruit.eu,24
zoho,idg-acumen,https://idg-acumen.zohorecruit.eu,1
zoho,idsccc,https://idsccc.zohorecruit.com,15
zoho,ikonicsolution,https://ikonicsolution.zohorecruit.com,0
zoho,ifza,https://ifza.zohorecruit.com,12
zoho,ikerd,https://ikerd.zohorecruit.com,8
zoho,ifg-global,https://ifg-global.zohorecruit.com,238
zoho,ibookigo,https://ibookigo.zohorecruit.com,0
zoho,hrteam,https://hrteam.zohorecruit.com,0
zoho,idbc,https://idbc.zohorecruit.com,235
zoho,impactguru,https://impactguru.zohorecruit.in,1
zoho,imf-formacion,https://imf-formacion.zohorecruit.eu,1
zoho,id8media,https://id8media.zohorecruit.com,62
zoho,ifundi,https://ifundi.zohorecruit.com,7
zoho,imf-baobab-rdc,https://imf-baobab-rdc.zohorecruit.com,2
zoho,igniterec,https://igniterec.zohorecruit.com,1
zoho,ikonsgroup-staffing,https://ikonsgroup-staffing.zohorecruit.eu,13
zoho,indicold,https://indicold.zohorecruit.in,1
zoho,imito,https://imito.zohorecruit.eu,3
zoho,igo-ifj,https://igo-ifj.zohorecruit.eu,1
zoho,incubyte-incubyte,https://incubyte-incubyte.zohorecruit.in,20
zoho,immerse,https://immerse.zohorecruit.com,3
zoho,illa,https://illa.zohorecruit.com,27
zoho,im-hauspersonal,https://im-hauspersonal.zohorecruit.eu,19
zoho,imgroup-intl,https://imgroup-intl.zohorecruit.com,1
zoho,incoresemi,https://incoresemi.zohorecruit.com,2
zoho,imooore,https://imooore.zohorecruit.eu,8
zoho,indigitise,https://indigitise.zohorecruit.com.au,34
zoho,iliopportunities,https://iliopportunities.zohorecruit.com,1
zoho,imagegarments,https://imagegarments.zohorecruit.com,0
zoho,ilink-digital,https://ilink-digital.zohorecruit.com,37
zoho,idwane,https://idwane.zohorecruit.eu,12
zoho,incubxperts,https://incubxperts.zohorecruit.com,4
zoho,illumi,https://illumi.zohorecruit.com,1
zoho,impulsestrategicsolutions,https://impulsestrategicsolutions.zohorecruit.com,10
zoho,impulsumcorp,https://impulsumcorp.zohorecruit.com,1
zoho,incrediblepeople,https://incrediblepeople.zohorecruit.com,10
zoho,imulchfl,https://imulchfl.zohorecruit.com,1
zoho,ima-go,https://ima-go.zohorecruit.com,0
zoho,inconcepts,https://inconcepts.zohorecruit.eu,3
zoho,iktarainfotech,https://iktarainfotech.zohorecruit.com,1
zoho,imagineapps,https://imagineapps.zohorecruit.com,1
zoho,indovance,https://indovance.zohorecruit.com,37
zoho,ibexlabs,https://ibexlabs.zohorecruit.com,0
zoho,idc,https://idc.zohorecruit.com,5
zoho,incture,https://incture.zohorecruit.com,11
zoho,imbisa,https://imbisa.zohorecruit.com,0
zoho,infinityhr,https://infinityhr.zohorecruit.com.au,0
zoho,indussystem,https://indussystem.zohorecruit.com,11
zoho,inbound,https://inbound.zohorecruit.com,5
zoho,implement4,https://implement4.zohorecruit.com,29
zoho,infiniteos,https://infiniteos.zohorecruit.com,0
zoho,indus-usa,https://indus-usa.zohorecruit.com,0
zoho,infolytics,https://infolytics.zohorecruit.com,14
zoho,ineedachef,https://ineedachef.zohorecruit.com,1
zoho,inacre,https://inacre.zohorecruit.com,3
zoho,infocron,https://infocron.zohorecruit.com,0
zoho,increff,https://increff.zohorecruit.com,8
zoho,infoverity,https://infoverity.zohorecruit.com,11
zoho,imexcargo,https://imexcargo.zohorecruit.com,18
zoho,infinid,https://infinid.zohorecruit.com,7
zoho,inconsultinginc,https://inconsultinginc.zohorecruit.com,2
zoho,infomineo,https://infomineo.zohorecruit.com,0
zoho,infracloud,https://infracloud.zohorecruit.com,1
zoho,indociptadaya,https://indociptadaya.zohorecruit.com,0
zoho,infinit-o,https://infinit-o.zohorecruit.com,18
zoho,infront-security,https://infront-security.zohorecruit.com.au,6
zoho,infosecurity,https://infosecurity.zohorecruit.com,2
zoho,infoya,https://infoya.zohorecruit.com,25
zoho,independentsolutions,https://independentsolutions.zohorecruit.com,0
zoho,infynd,https://infynd.zohorecruit.in,8
zoho,infin8co,https://infin8co.zohorecruit.com,0
zoho,innofied,https://innofied.zohorecruit.in,44
zoho,infostellar,https://infostellar.zohorecruit.com,4
zoho,ingelearn,https://ingelearn.zohorecruit.com,1
zoho,infosecventures,https://infosecventures.zohorecruit.com,1
zoho,infratechengineering,https://infratechengineering.zohorecruit.com,30
zoho,inhometutors,https://inhometutors.zohorecruit.com,4
zoho,ingoldsolutions,https://ingoldsolutions.zohorecruit.com,0
zoho,indusaction,https://indusaction.zohorecruit.com,13
zoho,initiumsoft,https://initiumsoft.zohorecruit.com,28
zoho,ilerwork,https://ilerwork.zohorecruit.eu,297
zoho,indepthengsol,https://indepthengsol.zohorecruit.com,60
zoho,inkwell,https://inkwell.zohorecruit.com,4
zoho,imv-ci,https://imv-ci.zohorecruit.com,30
zoho,inetum,https://inetum.zohorecruit.com,5
zoho,indiumsoft,https://indiumsoft.zohorecruit.com,106
zoho,injaworkshop,https://injaworkshop.zohorecruit.com,0
zoho,inglot,https://inglot.zohorecruit.com,0
zoho,infusory,https://infusory.zohorecruit.com,8
zoho,infoarabmedia,https://infoarabmedia.zohorecruit.com,5
zoho,infotainment,https://infotainment.zohorecruit.com,3
zoho,inmarketingwetrust,https://inmarketingwetrust.zohorecruit.com,1
zoho,ingenuitygaming,https://ingenuitygaming.zohorecruit.in,0
zoho,innovalus,https://innovalus.zohorecruit.com,0
zoho,innoseal,https://innoseal.zohorecruit.com,1
zoho,ingefor,https://ingefor.zohorecruit.eu,9
zoho,inet,https://inet.zohorecruit.com,8
zoho,innovity,https://innovity.zohorecruit.eu,0
zoho,innovativetrials,https://innovativetrials.zohorecruit.eu,7
zoho,indygene,https://indygene.zohorecruit.com,1
zoho,initium-me,https://initium-me.zohorecruit.com,1
zoho,increpe,https://increpe.zohorecruit.com,0
zoho,insightstaffinggroup,https://insightstaffinggroup.zohorecruit.com,1
zoho,inospace,https://inospace.zohorecruit.com,2
zoho,immunitynetworks,https://immunitynetworks.zohorecruit.com,8
zoho,insightexecutivesearch,https://insightexecutivesearch.zohorecruit.com,17
zoho,inspiria,https://inspiria.zohorecruit.com,34
zoho,inserocpa,https://inserocpa.zohorecruit.com,20
zoho,inphase,https://inphase.zohorecruit.com,11
zoho,initech,https://initech.zohorecruit.com,1
zoho,intalentlab,https://intalentlab.zohorecruit.eu,47
zoho,industrack,https://industrack.zohorecruit.com,0
zoho,innoova,https://innoova.zohorecruit.com,14
zoho,insurewithpetra,https://insurewithpetra.zohorecruit.com,1
zoho,installationtechnology,https://installationtechnology.zohorecruit.eu,5
zoho,instavans,https://instavans.zohorecruit.com,1
zoho,intego-group,https://intego-group.zohorecruit.com,7
zoho,insuranceiig,https://insuranceiig.zohorecruit.eu,8
zoho,instaspaces,https://instaspaces.zohorecruit.com,1
zoho,innovalti,https://innovalti.zohorecruit.com,0
zoho,insync,https://insync.zohorecruit.com,0
zoho,intecfy,https://intecfy.zohorecruit.eu,1
zoho,ins-globalconsulting,https://ins-globalconsulting.zohorecruit.com,0
zoho,insuranceinasia,https://insuranceinasia.zohorecruit.com,2
zoho,institech,https://institech.zohorecruit.com,35
zoho,instasafe,https://instasafe.zohorecruit.com,14
zoho,intec,https://intec.zohorecruit.com,1
zoho,innovativesystems,https://innovativesystems.zohorecruit.com,16
zoho,intechideas,https://intechideas.zohorecruit.com,2
zoho,integrateddesign360,https://integrateddesign360.zohorecruit.com,4
zoho,integraenergia,https://integraenergia.zohorecruit.com,2
zoho,intellicon,https://intellicon.zohorecruit.eu,1
zoho,inspirext,https://inspirext.zohorecruit.eu,12
zoho,integratedlanguages,https://integratedlanguages.zohorecruit.com,27
zoho,inspiredstyleco,https://inspiredstyleco.zohorecruit.com,1
zoho,intelliwork,https://intelliwork.zohorecruit.com,2
zoho,intelehealth,https://intelehealth.zohorecruit.com,8
zoho,instalimb,https://instalimb.zohorecruit.com,2
zoho,inspecthoa,https://inspecthoa.zohorecruit.com,1
zoho,integracapitalhumano,https://integracapitalhumano.zohorecruit.com,0
zoho,intelikinect,https://intelikinect.zohorecruit.com,1
zoho,inhrgroup,https://inhrgroup.zohorecruit.com,345
zoho,interimsverige,https://interimsverige.zohorecruit.eu,4
zoho,intentsg,https://intentsg.zohorecruit.com,6
zoho,interconrecruitment,https://interconrecruitment.zohorecruit.com,1
zoho,internetjurisdiction,https://internetjurisdiction.zohorecruit.eu,0
zoho,intelcom,https://intelcom.zohorecruit.com,9
zoho,interim-spectacle,https://interim-spectacle.zohorecruit.eu,9
zoho,ipsator,https://ipsator.zohorecruit.in,1
zoho,interlearned,https://interlearned.zohorecruit.com,8
zoho,interwaredev,https://interwaredev.zohorecruit.com,4
zoho,internationalmidwives,https://internationalmidwives.zohorecruit.eu,1
zoho,intensa,https://intensa.zohorecruit.com,4
zoho,intelligentshift,https://intelligentshift.zohorecruit.com,0
zoho,innosphere,https://innosphere.zohorecruit.com,4
zoho,interface,https://interface.zohorecruit.com,1
zoho,invealthpartnerslimited,https://invealthpartnerslimited.zohorecruit.com,7
zoho,intense,https://intense.zohorecruit.com,1
zoho,intervalgroup,https://intervalgroup.zohorecruit.eu,12
zoho,intrapreneurs,https://intrapreneurs.zohorecruit.eu,8
zoho,interecho,https://interecho.zohorecruit.com,0
zoho,insourcerenewables,https://insourcerenewables.zohorecruit.com,4
zoho,intersect-hp,https://intersect-hp.zohorecruit.com,0
zoho,intercitylines,https://intercitylines.zohorecruit.com,395
zoho,inventya,https://inventya.zohorecruit.eu,0
zoho,invitise,https://invitise.zohorecruit.eu,1
zoho,internshiptalent,https://internshiptalent.zohorecruit.com,0
zoho,interfell,https://interfell.zohorecruit.com,11
zoho,invictuseducation,https://invictuseducation.zohorecruit.com,34
zoho,inzone,https://inzone.zohorecruit.com,18
zoho,itenmedia,https://itenmedia.zohorecruit.in,6
zoho,inwelco,https://inwelco.zohorecruit.com,1
zoho,invitario,https://invitario.zohorecruit.com,0
zoho,intempt,https://intempt.zohorecruit.com,1
zoho,intelligentsolutionshr,https://intelligentsolutionshr.zohorecruit.com,26
zoho,irecruiters,https://irecruiters.zohorecruit.com,1
zoho,intuategroup,https://intuategroup.zohorecruit.com,15
zoho,interlinkmanagementltd,https://interlinkmanagementltd.zohorecruit.com,22
zoho,irishhomecare,https://irishhomecare.zohorecruit.eu,0
zoho,invent,https://invent.zohorecruit.com,10
zoho,internalconsulting,https://internalconsulting.zohorecruit.com,357
zoho,interconnecta,https://interconnecta.zohorecruit.com,0
zoho,iprospertechnologies,https://iprospertechnologies.zohorecruit.com,1
zoho,ispionline,https://ispionline.zohorecruit.eu,0
zoho,ipstechnologyservices,https://ipstechnologyservices.zohorecruit.com,15
zoho,investmenthr,https://investmenthr.zohorecruit.com,132
zoho,isconsulting,https://isconsulting.zohorecruit.eu,1
zoho,internationaldevelopmentgroup,https://internationaldevelopmentgroup.zohorecruit.com,2
zoho,istnetworks,https://istnetworks.zohorecruit.com,1
zoho,intuitconsultancy,https://intuitconsultancy.zohorecruit.com,4
zoho,iso-certifications,https://iso-certifications.zohorecruit.com,1
zoho,iqep,https://iqep.zohorecruit.com,1
zoho,italenters,https://italenters.zohorecruit.eu,23
zoho,iqs-corp,https://iqs-corp.zohorecruit.com,3
zoho,intogreat,https://intogreat.zohorecruit.com,110
zoho,investwithapex,https://investwithapex.zohorecruit.com,5
zoho,inventivatechnologies,https://inventivatechnologies.zohorecruit.com,1
zoho,irdinc,https://irdinc.zohorecruit.com,0
zoho,itbmgroup,https://itbmgroup.zohorecruit.eu,16
zoho,islschools,https://islschools.zohorecruit.com,1
zoho,istitutomarangoni-miami,https://istitutomarangoni-miami.zohorecruit.com,4
zoho,islqatar,https://islqatar.zohorecruit.com,1
zoho,itcareerhub,https://itcareerhub.zohorecruit.com,23
zoho,istudywise,https://istudywise.zohorecruit.com,34
zoho,iqo,https://iqo.zohorecruit.com,1
zoho,irecruitersafrica,https://irecruitersafrica.zohorecruit.com,47
zoho,itmobileafrique,https://itmobileafrique.zohorecruit.com,4
zoho,irisexecutives,https://irisexecutives.zohorecruit.com,15
zoho,itcottage,https://itcottage.zohorecruit.com,1
zoho,itjobsearch,https://itjobsearch.zohorecruit.com,1
zoho,itmagination,https://itmagination.zohorecruit.eu,41
zoho,iscale-solutions,https://iscale-solutions.zohorecruit.com,35
zoho,izooto,https://izooto.zohorecruit.in,1
zoho,islandpsychiatry,https://islandpsychiatry.zohorecruit.com,6
zoho,itadvanced,https://itadvanced.zohorecruit.eu,22
zoho,it-idiots,https://it-idiots.zohorecruit.eu,246
zoho,isnobcreatives,https://isnobcreatives.zohorecruit.com,1
zoho,ipmotalent,https://ipmotalent.zohorecruit.eu,1
zoho,ithorizonsng,https://ithorizonsng.zohorecruit.com,2
zoho,iristhaumas,https://iristhaumas.zohorecruit.com,20
zoho,itunlock,https://itunlock.zohorecruit.com,9
zoho,ithaka,https://ithaka.zohorecruit.com,1
zoho,ispry,https://ispry.zohorecruit.com,27
zoho,itsapeople,https://itsapeople.zohorecruit.eu,5
zoho,itdev,https://itdev.zohorecruit.com,1
zoho,itechtions,https://itechtions.zohorecruit.com,0
zoho,ixtalent,https://ixtalent.zohorecruit.com,0
zoho,itconsultingsrl,https://itconsultingsrl.zohorecruit.com,60
zoho,ittconnect,https://ittconnect.zohorecruit.com,40
zoho,itana,https://itana.zohorecruit.com,1
zoho,itree,https://itree.zohorecruit.com,6
zoho,ironsidehr,https://ironsidehr.zohorecruit.com,385
zoho,jiffy,https://jiffy.zohorecruit.in,1
zoho,itp,https://itp.zohorecruit.com,31
zoho,intex,https://intex.zohorecruit.com.au,2
zoho,jaylirra,https://jaylirra.zohorecruit.com.au,8
zoho,izenso,https://izenso.zohorecruit.com,14
zoho,ixptechnical,https://ixptechnical.zohorecruit.com,0
zoho,itseasyco,https://itseasyco.zohorecruit.com,1
zoho,itgsoftware,https://itgsoftware.zohorecruit.com,0
zoho,jaydu,https://jaydu.zohorecruit.com,8
zoho,itslgroup,https://itslgroup.zohorecruit.com,0
zoho,ivywayplacements,https://ivywayplacements.zohorecruit.com,13
zoho,ivis,https://ivis.zohorecruit.com,0
zoho,iwant2helptraining,https://iwant2helptraining.zohorecruit.com,2
zoho,izo,https://izo.zohorecruit.com,10
zoho,jemchildcaresolutions,https://jemchildcaresolutions.zohorecruit.eu,43
zoho,jaga,https://jaga.zohorecruit.com,1
zoho,j2consultants,https://j2consultants.zohorecruit.com,1
zoho,jadagroup,https://jadagroup.zohorecruit.com,4
zoho,jcb,https://jcb.zohorecruit.com,1
zoho,jemmoma,https://jemmoma.zohorecruit.com,1
zoho,jetbro,https://jetbro.zohorecruit.com,2
zoho,jee,https://jee.zohorecruit.com,0
zoho,j2-inc,https://j2-inc.zohorecruit.com,0
zoho,jacklauriegroup,https://jacklauriegroup.zohorecruit.com,8
zoho,jesuits,https://jesuits.zohorecruit.com,1
zoho,jeffconsulting,https://jeffconsulting.zohorecruit.eu,32
zoho,jetluxe,https://jetluxe.zohorecruit.com,8
zoho,jdidistribution,https://jdidistribution.zohorecruit.com,5
zoho,ixana,https://ixana.zohorecruit.com,1
zoho,jaspergementiza,https://jaspergementiza.zohorecruit.com,0
zoho,jasonsmithlandscapes,https://jasonsmithlandscapes.zohorecruit.eu,1
zoho,jetstreamafrica,https://jetstreamafrica.zohorecruit.com,0
zoho,jobfino,https://jobfino.zohorecruit.eu,13
zoho,jari,https://jari.zohorecruit.com,1
zoho,jakeriley,https://jakeriley.zohorecruit.com,1
zoho,jngroup,https://jngroup.zohorecruit.com,12
zoho,jettmedicalstaffing,https://jettmedicalstaffing.zohorecruit.com,99
zoho,jinvanichannel,https://jinvanichannel.zohorecruit.com,17
zoho,jgconsulting,https://jgconsulting.zohorecruit.com,14
zoho,jobfitts,https://jobfitts.zohorecruit.com.au,6
zoho,jflowershealth,https://jflowershealth.zohorecruit.com,2
zoho,jeavio,https://jeavio.zohorecruit.com,3
zoho,jadeofspades,https://jadeofspades.zohorecruit.com,0
zoho,jigneshkanabar,https://jigneshkanabar.zohorecruit.com,9
zoho,jcperreault,https://jcperreault.zohorecruit.com,9
zoho,jobartgroup,https://jobartgroup.zohorecruit.com,0
zoho,jefferson,https://jefferson.zohorecruit.com,0
zoho,jmj-aeronautique,https://jmj-aeronautique.zohorecruit.com,19
zoho,jobs-raqtan,https://jobs-raqtan.zohorecruit.com,1
zoho,jkcollection,https://jkcollection.zohorecruit.com,1
zoho,jobduck,https://jobduck.zohorecruit.com,0
zoho,jmango360,https://jmango360.zohorecruit.com,1
zoho,jobsmalayalam,https://jobsmalayalam.zohorecruit.in,1
zoho,jobs-buddy,https://jobs-buddy.zohorecruit.in,663
zoho,jobbook,https://jobbook.zohorecruit.com,1
zoho,jackieserviss,https://jackieserviss.zohorecruit.com,1
zoho,jobbab,https://jobbab.zohorecruit.com,1
zoho,jobdereve,https://jobdereve.zohorecruit.com,11
zoho,jfkapnektrust,https://jfkapnektrust.zohorecruit.com,31
zoho,jobfinderspain,https://jobfinderspain.zohorecruit.com,21
zoho,joblinkinc,https://joblinkinc.zohorecruit.com,1
zoho,jetsonmarketing,https://jetsonmarketing.zohorecruit.com,7
zoho,jobscanadafair,https://jobscanadafair.zohorecruit.com,1
zoho,jobberman-gh,https://jobberman-gh.zohorecruit.com,43
zoho,jobsure,https://jobsure.zohorecruit.com.au,8
zoho,jobsbuddy,https://jobsbuddy.zohorecruit.com,100
zoho,j-trec,https://j-trec.zohorecruit.eu,467
zoho,jungleworks,https://jungleworks.zohorecruit.in,3
zoho,jobselect,https://jobselect.zohorecruit.com,0
zoho,jobspedia,https://jobspedia.zohorecruit.com,1
zoho,jobprofile,https://jobprofile.zohorecruit.com,2
zoho,jobtimed,https://jobtimed.zohorecruit.com,1
zoho,kaarlo,https://kaarlo.zohorecruit.in,12
zoho,johnsons1871,https://johnsons1871.zohorecruit.eu,19
zoho,karomi,https://karomi.zohorecruit.in,11
zoho,karmamgmt,https://karmamgmt.zohorecruit.in,9
zoho,jobspy,https://jobspy.zohorecruit.com,0
zoho,jobs4java,https://jobs4java.zohorecruit.com,41
zoho,joingivers,https://joingivers.zohorecruit.com,0
zoho,itgoal,https://itgoal.zohorecruit.com,0
zoho,jogo,https://jogo.zohorecruit.eu,0
zoho,joinelitereo,https://joinelitereo.zohorecruit.com,144
zoho,joinrafter,https://joinrafter.zohorecruit.com,2
zoho,jobskey,https://jobskey.zohorecruit.com,1
zoho,jphumitalgroup,https://jphumitalgroup.zohorecruit.com,1
zoho,juicyfolks,https://juicyfolks.zohorecruit.com,2
zoho,johpartners,https://johpartners.zohorecruit.com,1
zoho,ju,https://ju.zohorecruit.com,1
zoho,joinfreeworld,https://joinfreeworld.zohorecruit.com,1
zoho,jstwork,https://jstwork.zohorecruit.eu,10
zoho,jobvous,https://jobvous.zohorecruit.com,3
zoho,kaizen-firm,https://kaizen-firm.zohorecruit.com,4
zoho,kaaviansys,https://kaaviansys.zohorecruit.com,1
zoho,kadarecruiting,https://kadarecruiting.zohorecruit.com,83
zoho,jointer,https://jointer.zohorecruit.com,1
zoho,jzigma,https://jzigma.zohorecruit.com,1
zoho,jumla,https://jumla.zohorecruit.com,0
zoho,jointhinktank,https://jointhinktank.zohorecruit.com,73
zoho,k-obusiness,https://k-obusiness.zohorecruit.com,7
zoho,juma-bueroservice,https://juma-bueroservice.zohorecruit.eu,0
zoho,jumpup,https://jumpup.zohorecruit.com,14
zoho,kaziweza,https://kaziweza.zohorecruit.com,0
zoho,justpoint,https://justpoint.zohorecruit.com,0
zoho,kaszek,https://kaszek.zohorecruit.com,1
zoho,kapunitycanada,https://kapunitycanada.zohorecruit.com,1
zoho,k3techs,https://k3techs.zohorecruit.com,1
zoho,keliserh,https://keliserh.zohorecruit.com,1
zoho,keypropertypeople,https://keypropertypeople.zohorecruit.com.au,17
zoho,keyvalue,https://keyvalue.zohorecruit.in,7
zoho,keneducation,https://keneducation.zohorecruit.in,11
zoho,k3-innovations,https://k3-innovations.zohorecruit.com,1
zoho,kanerika,https://kanerika.zohorecruit.com,20
zoho,kcpartners,https://kcpartners.zohorecruit.com,24
zoho,jsatautomation,https://jsatautomation.zohorecruit.com,28
zoho,kavasa,https://kavasa.zohorecruit.com,0
zoho,kbctechnologies,https://kbctechnologies.zohorecruit.com,1
zoho,jusdausa,https://jusdausa.zohorecruit.com,0
zoho,kendorconsulting,https://kendorconsulting.zohorecruit.com,1
zoho,kayatalent,https://kayatalent.zohorecruit.com,0
zoho,junogroup,https://junogroup.zohorecruit.com,7
zoho,kavak,https://kavak.zohorecruit.com,10
zoho,ke-actionagainsthunger,https://ke-actionagainsthunger.zohorecruit.com,5
zoho,kernelequity,https://kernelequity.zohorecruit.com,2
zoho,kartaca,https://kartaca.zohorecruit.com,20
zoho,kajae,https://kajae.zohorecruit.com,0
zoho,kasatalksa,https://kasatalksa.zohorecruit.com,1
zoho,kashier,https://kashier.zohorecruit.com,1
zoho,kerndell,https://kerndell.zohorecruit.com,3
zoho,kennystulsa,https://kennystulsa.zohorecruit.com,1
zoho,katbotz,https://katbotz.zohorecruit.com,111
zoho,kevinrootmedical,https://kevinrootmedical.zohorecruit.com,14
zoho,kdp,https://kdp.zohorecruit.com,0
zoho,karooooo,https://karooooo.zohorecruit.com,0
zoho,kerosene,https://kerosene.zohorecruit.com,2
zoho,kmvspaces,https://kmvspaces.zohorecruit.in,1
zoho,kenyapowerrecruitment,https://kenyapowerrecruitment.zohorecruit.com,0
zoho,keprom,https://keprom.zohorecruit.eu,0
zoho,katarsys,https://katarsys.zohorecruit.com,1
zoho,keepyourkeys,https://keepyourkeys.zohorecruit.com,2
zoho,kgbm,https://kgbm.zohorecruit.com,3
zoho,keeptutors,https://keeptutors.zohorecruit.com,1
zoho,kinleyames,https://kinleyames.zohorecruit.com,3
zoho,kheyti,https://kheyti.zohorecruit.com,4
zoho,kgcrmsolutions,https://kgcrmsolutions.zohorecruit.com,5
zoho,kenzz,https://kenzz.zohorecruit.com,1
zoho,kirstenassociates,https://kirstenassociates.zohorecruit.com,1
zoho,klodev,https://klodev.zohorecruit.in,3
zoho,kitchennailbar,https://kitchennailbar.zohorecruit.com,1
zoho,kingdesignsolutions,https://kingdesignsolutions.zohorecruit.com,0
zoho,kots,https://kots.zohorecruit.in,9
zoho,kiwibot,https://kiwibot.zohorecruit.com,0
zoho,kisiisc,https://kisiisc.zohorecruit.com,1
zoho,kennesaw-ga,https://kennesaw-ga.zohorecruit.com,7
zoho,kipawa-hub,https://kipawa-hub.zohorecruit.com,1
zoho,kissolutions,https://kissolutions.zohorecruit.com,18
zoho,klairvoyant,https://klairvoyant.zohorecruit.in,1
zoho,kingsgatelogistics,https://kingsgatelogistics.zohorecruit.com,1
zoho,kinderstaff,https://kinderstaff.zohorecruit.eu,16
zoho,kmu-digitalisierung,https://kmu-digitalisierung.zohorecruit.eu,0
zoho,klsworkforcesolutions,https://klsworkforcesolutions.zohorecruit.com,11
zoho,kin,https://kin.zohorecruit.com,3
zoho,klmcareers,https://klmcareers.zohorecruit.com,0
zoho,konnecthub,https://konnecthub.zohorecruit.com.au,68
zoho,kingdominqvirtualsolutions,https://kingdominqvirtualsolutions.zohorecruit.com,0
zoho,klir,https://klir.zohorecruit.com,11
zoho,kineticlabs,https://kineticlabs.zohorecruit.com,1
zoho,knncorporates,https://knncorporates.zohorecruit.com,1
zoho,kounsel,https://kounsel.zohorecruit.com,2
zoho,kn-it,https://kn-it.zohorecruit.com,3
zoho,kvpcorp,https://kvpcorp.zohorecruit.in,1
zoho,kafougroup,https://kafougroup.zohorecruit.com,18
zoho,krishpa,https://krishpa.zohorecruit.in,1
zoho,konnectu,https://konnectu.zohorecruit.com,1
zoho,kredx,https://kredx.zohorecruit.com,2
zoho,kreativesolutionsgroup,https://kreativesolutionsgroup.zohorecruit.com,0
zoho,korzenhealth,https://korzenhealth.zohorecruit.com,1
zoho,kpsiaj,https://kpsiaj.zohorecruit.com,33
zoho,kgoci,https://kgoci.zohorecruit.com,750
zoho,kodelabs,https://kodelabs.zohorecruit.com,34
zoho,kwhbikes,https://kwhbikes.zohorecruit.in,1
zoho,knightfrank,https://knightfrank.zohorecruit.com,15
zoho,kmrsearchgroup,https://kmrsearchgroup.zohorecruit.com,41
zoho,korridor,https://korridor.zohorecruit.com,11
zoho,kwalityspices,https://kwalityspices.zohorecruit.in,7
zoho,kozmaandkozma,https://kozmaandkozma.zohorecruit.com,49
zoho,kleinson,https://kleinson.zohorecruit.com,5
zoho,kratikal,https://kratikal.zohorecruit.com,22
zoho,ks-privatestaff,https://ks-privatestaff.zohorecruit.eu,45
zoho,kovahr,https://kovahr.zohorecruit.com,0
zoho,kinovarobotics,https://kinovarobotics.zohorecruit.com,12
zoho,kssnyc,https://kssnyc.zohorecruit.com,1
zoho,koantek,https://koantek.zohorecruit.com,26
zoho,konzepthaus-consulting,https://konzepthaus-consulting.zohorecruit.com,0
zoho,kwara,https://kwara.zohorecruit.com,0
zoho,kriyanxw,https://kriyanxw.zohorecruit.com,2
zoho,kofisi,https://kofisi.zohorecruit.com,46
zoho,kumyolz,https://kumyolz.zohorecruit.com,1
zoho,kl2connects,https://kl2connects.zohorecruit.com,3
zoho,kortopsikoloji,https://kortopsikoloji.zohorecruit.com,1
zoho,kreedology,https://kreedology.zohorecruit.com,0
zoho,kreativstorm,https://kreativstorm.zohorecruit.com,1
zoho,kris,https://kris.zohorecruit.com,0
zoho,kontakperkasa,https://kontakperkasa.zohorecruit.com,1
zoho,kujataa,https://kujataa.zohorecruit.com,1
zoho,kwpb,https://kwpb.zohorecruit.com,50
zoho,layamgroup,https://layamgroup.zohorecruit.in,1
zoho,ksrnr,https://ksrnr.zohorecruit.com,0
zoho,lafontaineinc,https://lafontaineinc.zohorecruit.com,10
zoho,kyckr,https://kyckr.zohorecruit.eu,2
zoho,kkcoeastafrica,https://kkcoeastafrica.zohorecruit.com,5
zoho,l2engineering,https://l2engineering.zohorecruit.com,3
zoho,labmindstaffing,https://labmindstaffing.zohorecruit.com,5
zoho,krshrc,https://krshrc.zohorecruit.com,46
zoho,latintrade,https://latintrade.zohorecruit.com,0
zoho,labornetworksolutions,https://labornetworksolutions.zohorecruit.com,1
zoho,leewayhertz,https://leewayhertz.zohorecruit.in,0
zoho,languagerecruiters-initiatelr,https://languagerecruiters-initiatelr.zohorecruit.com,3
zoho,larseng11n,https://larseng11n.zohorecruit.com,0
zoho,kypctech,https://kypctech.zohorecruit.com,1
zoho,koolboksnigeria-org855252717,https://koolboksnigeria-org855252717.zohorecruit.com,51
zoho,kyledavidgroup,https://kyledavidgroup.zohorecruit.com,0
zoho,labrador-transparency,https://labrador-transparency.zohorecruit.com,15
zoho,l42m,https://l42m.zohorecruit.com,8
zoho,kuwaitairways,https://kuwaitairways.zohorecruit.com,0
zoho,ladwigconsulting,https://ladwigconsulting.zohorecruit.com,50
zoho,labayh,https://labayh.zohorecruit.com,3
zoho,lavitalandscapes,https://lavitalandscapes.zohorecruit.com,0
zoho,leegality,https://leegality.zohorecruit.in,14
zoho,kuchezagaming,https://kuchezagaming.zohorecruit.com,1
zoho,lakeviewfarms,https://lakeviewfarms.zohorecruit.com,4
zoho,learningcurvegroup,https://learningcurvegroup.zohorecruit.eu,14
zoho,lamid,https://lamid.zohorecruit.com,0
zoho,lastco,https://lastco.zohorecruit.com,0
zoho,lawnsbeyond,https://lawnsbeyond.zohorecruit.com,49
zoho,landrepublic,https://landrepublic.zohorecruit.com,1
zoho,landingkorea,https://landingkorea.zohorecruit.com,15
zoho,leapherellc,https://leapherellc.zohorecruit.com,0
zoho,lamplighters,https://lamplighters.zohorecruit.com,1
zoho,leekohh,https://leekohh.zohorecruit.com,9
zoho,leaderscript,https://leaderscript.zohorecruit.com,1
zoho,landcrecruitment,https://landcrecruitment.zohorecruit.com,1
zoho,leforttalentgroup,https://leforttalentgroup.zohorecruit.com,1
zoho,lavendo,https://lavendo.zohorecruit.com,1
zoho,leadershipagency,https://leadershipagency.zohorecruit.com,1
zoho,leadhq,https://leadhq.zohorecruit.eu,0
zoho,leadingandlearning,https://leadingandlearning.zohorecruit.com,1
zoho,lavoratori-stagionali,https://lavoratori-stagionali.zohorecruit.com.au,1
zoho,legroupemaurice,https://legroupemaurice.zohorecruit.com,43
zoho,lcexclusive,https://lcexclusive.zohorecruit.com,10
zoho,launchpadco,https://launchpadco.zohorecruit.com,0
zoho,lecolefrancaise,https://lecolefrancaise.zohorecruit.eu,76
zoho,leapsresource,https://leapsresource.zohorecruit.com,1
zoho,lightmetrics,https://lightmetrics.zohorecruit.in,1
zoho,limechat,https://limechat.zohorecruit.in,2
zoho,lccs,https://lccs.zohorecruit.com,11
zoho,leverageme,https://leverageme.zohorecruit.com.au,3
zoho,lelubricants,https://lelubricants.zohorecruit.com,0
zoho,laws-associates,https://laws-associates.zohorecruit.com,1
zoho,lenasoftware,https://lenasoftware.zohorecruit.com,1
zoho,lancastersearch,https://lancastersearch.zohorecruit.com,79
zoho,ladoimmigration,https://ladoimmigration.zohorecruit.com,1
zoho,legacyroofing,https://legacyroofing.zohorecruit.com,7
zoho,legalys,https://legalys.zohorecruit.com,3
zoho,lemon,https://lemon.zohorecruit.com,3
zoho,legalbillreview,https://legalbillreview.zohorecruit.com,4
zoho,letoileadomicile,https://letoileadomicile.zohorecruit.com,15
zoho,lefebvrebenoit,https://lefebvrebenoit.zohorecruit.com,17
zoho,likecard,https://likecard.zohorecruit.com,2
zoho,lifecyclenetwork,https://lifecyclenetwork.zohorecruit.com,4
zoho,legallyengaged,https://legallyengaged.zohorecruit.com,0
zoho,levanteholding,https://levanteholding.zohorecruit.com,38
zoho,liftupsolutions,https://liftupsolutions.zohorecruit.eu,0
zoho,life1intl,https://life1intl.zohorecruit.com,1
zoho,linkingtalent,https://linkingtalent.zohorecruit.eu,1
zoho,linemetrics,https://linemetrics.zohorecruit.eu,0
zoho,lla,https://lla.zohorecruit.in,1
zoho,lendmarq,https://lendmarq.zohorecruit.com,1
zoho,letx,https://letx.zohorecruit.com,0
zoho,lingvohouse,https://lingvohouse.zohorecruit.eu,0
zoho,lggadvisors,https://lggadvisors.zohorecruit.com,8
zoho,lifesourceinc,https://lifesourceinc.zohorecruit.com,0
zoho,leomarshell,https://leomarshell.zohorecruit.com,12
zoho,lipic,https://lipic.zohorecruit.com,1
zoho,lingapos,https://lingapos.zohorecruit.com,0
zoho,lesolco,https://lesolco.zohorecruit.eu,1
zoho,lindera,https://lindera.zohorecruit.eu,2
zoho,lionpeopleglobal,https://lionpeopleglobal.zohorecruit.eu,46
zoho,link4,https://link4.zohorecruit.com,3
zoho,linztechnologies,https://linztechnologies.zohorecruit.com,8
zoho,lightwkng,https://lightwkng.zohorecruit.com,1
zoho,littlelukes,https://littlelukes.zohorecruit.com,0
zoho,linxusgroup,https://linxusgroup.zohorecruit.com,4
zoho,littleangels3d4d,https://littleangels3d4d.zohorecruit.com,0
zoho,lighthouse-therapy,https://lighthouse-therapy.zohorecruit.com,1
zoho,linkviva,https://linkviva.zohorecruit.com,1
zoho,lionfederal,https://lionfederal.zohorecruit.com,3
zoho,lithiontechnologies,https://lithiontechnologies.zohorecruit.com,0
zoho,livio,https://livio.zohorecruit.com,4
zoho,lifesight,https://lifesight.zohorecruit.com,1
zoho,logicav,https://logicav.zohorecruit.com,11
zoho,logicmatrixai,https://logicmatrixai.zohorecruit.com,0
zoho,lexiconn,https://lexiconn.zohorecruit.com,1
zoho,lodgeflow,https://lodgeflow.zohorecruit.com,1
zoho,lightspeedconsulting,https://lightspeedconsulting.zohorecruit.com,6
zoho,littlestarecruitment,https://littlestarecruitment.zohorecruit.com,2
zoho,litcom,https://litcom.zohorecruit.com,0
zoho,lodahl,https://lodahl.zohorecruit.com,53
zoho,logient,https://logient.zohorecruit.com,0
zoho,lmgtechnology,https://lmgtechnology.zohorecruit.com,0
zoho,locumcare,https://locumcare.zohorecruit.com,1
zoho,lmrecruitment,https://lmrecruitment.zohorecruit.com,1
zoho,logicalpros,https://logicalpros.zohorecruit.com,1
zoho,lithan,https://lithan.zohorecruit.com,28
zoho,loba,https://loba.zohorecruit.com,10
zoho,lmesacademy,https://lmesacademy.zohorecruit.com,1
zoho,livlenmedia,https://livlenmedia.zohorecruit.com,3
zoho,loatesrecruitment,https://loatesrecruitment.zohorecruit.com,0
zoho,localeyes,https://localeyes.zohorecruit.com,219
zoho,lurnweb,https://lurnweb.zohorecruit.in,1
zoho,lowyinstitute,https://lowyinstitute.zohorecruit.com.au,0
zoho,livehappyinitiative,https://livehappyinitiative.zohorecruit.com,22
zoho,look4it,https://look4it.zohorecruit.com,100
zoho,linxnet,https://linxnet.zohorecruit.com,4
zoho,longleafhomebuyers,https://longleafhomebuyers.zohorecruit.com,1
zoho,logon-int,https://logon-int.zohorecruit.com,6
zoho,logotech,https://logotech.zohorecruit.com,2
zoho,lucasfox,https://lucasfox.zohorecruit.eu,2
zoho,loisirs3000,https://loisirs3000.zohorecruit.com,13
zoho,loxone-lighthouse,https://loxone-lighthouse.zohorecruit.eu,32
zoho,lopterraservices,https://lopterraservices.zohorecruit.com,97
zoho,loyaltyit,https://loyaltyit.zohorecruit.eu,1
zoho,lonniconsulting,https://lonniconsulting.zohorecruit.com,1
zoho,lrdgonline,https://lrdgonline.zohorecruit.com,0
zoho,lukabio,https://lukabio.zohorecruit.eu,6
zoho,loomsolar,https://loomsolar.zohorecruit.com,179
zoho,lusoclinic,https://lusoclinic.zohorecruit.eu,1
zoho,longhornenergyandtransportationllc,https://longhornenergyandtransportationllc.zohorecruit.com,53
zoho,luxerone,https://luxerone.zohorecruit.com,25
zoho,luckyegypt,https://luckyegypt.zohorecruit.com,5
zoho,loreanconsultores,https://loreanconsultores.zohorecruit.com,1
zoho,logosoftla,https://logosoftla.zohorecruit.com,4
zoho,intl,https://intl.zohorecruit.com,21
zoho,luatgiapham,https://luatgiapham.zohorecruit.com,1
zoho,lokia,https://lokia.zohorecruit.com,48
zoho,luciddronetech,https://luciddronetech.zohorecruit.com,1
zoho,luxuryexperts,https://luxuryexperts.zohorecruit.com,6
zoho,lordstonecorp,https://lordstonecorp.zohorecruit.com,0
zoho,logisphere,https://logisphere.zohorecruit.com,2
zoho,luxuryescapebyjaclynvehlewald,https://luxuryescapebyjaclynvehlewald.zohorecruit.com,10
zoho,luxsb,https://luxsb.zohorecruit.com,5
zoho,ltselection,https://ltselection.zohorecruit.com,12
zoho,luxuryjobsinternational,https://luxuryjobsinternational.zohorecruit.com,0
zoho,lumerastaffing,https://lumerastaffing.zohorecruit.com,175
zoho,m4knick,https://m4knick.zohorecruit.com,0
zoho,lumbercontacts,https://lumbercontacts.zohorecruit.com,23
zoho,madeformath,https://madeformath.zohorecruit.com,2
zoho,lumadent,https://lumadent.zohorecruit.com,0
zoho,maarutinc,https://maarutinc.zohorecruit.com,47
zoho,macfor,https://macfor.zohorecruit.com,1
zoho,m4g,https://m4g.zohorecruit.com,4
zoho,lexum,https://lexum.zohorecruit.ca,2
zoho,lynceus-partners,https://lynceus-partners.zohorecruit.eu,33
zoho,machstatz,https://machstatz.zohorecruit.com,2
zoho,luzagroup,https://luzagroup.zohorecruit.eu,12
zoho,lsconseilrh,https://lsconseilrh.zohorecruit.ca,1
zoho,lyneer,https://lyneer.zohorecruit.com,0
zoho,luminarytalent,https://luminarytalent.zohorecruit.com,2
zoho,lynxtechnologypartners,https://lynxtechnologypartners.zohorecruit.com,1
zoho,mahiforthefuture,https://mahiforthefuture.zohorecruit.com.au,1
zoho,lydonconsulting,https://lydonconsulting.zohorecruit.com,1
zoho,luxwing,https://luxwing.zohorecruit.eu,1
zoho,macro,https://macro.zohorecruit.com,6
zoho,manjushreeindia,https://manjushreeindia.zohorecruit.in,0
zoho,macltd,https://macltd.zohorecruit.eu,3
zoho,macarthurrecruitment,https://macarthurrecruitment.zohorecruit.com,48
zoho,madhatchers,https://madhatchers.zohorecruit.com,1
zoho,madessapro,https://madessapro.zohorecruit.com,53
zoho,maan-ctr,https://maan-ctr.zohorecruit.com,3
zoho,madajob,https://madajob.zohorecruit.com,243
zoho,madiff,https://madiff.zohorecruit.eu,45
zoho,m3crecrutement,https://m3crecrutement.zohorecruit.com,14
zoho,maids,https://maids.zohorecruit.com,15
zoho,lynchpinconsulting,https://lynchpinconsulting.zohorecruit.com,12
zoho,lycheeng,https://lycheeng.zohorecruit.com,1
zoho,lyteworx,https://lyteworx.zohorecruit.com,1
zoho,mandl-ee,https://mandl-ee.zohorecruit.eu,4
zoho,m2crowd,https://m2crowd.zohorecruit.com,1
zoho,make,https://make.zohorecruit.eu,0
zoho,mancini-design,https://mancini-design.zohorecruit.com,10
zoho,madhifoundation,https://madhifoundation.zohorecruit.in,22
zoho,makasacorp,https://makasacorp.zohorecruit.com,1
zoho,marinesciencerecruitment,https://marinesciencerecruitment.zohorecruit.com.au,1
zoho,malcolmhr,https://malcolmhr.zohorecruit.com,0
zoho,manifestdestinationtravels,https://manifestdestinationtravels.zohorecruit.com,0
zoho,maine,https://maine.zohorecruit.com,1
zoho,mallette,https://mallette.zohorecruit.com,81
zoho,mallette-estqc,https://mallette-estqc.zohorecruit.com,36
zoho,maidoardmore,https://maidoardmore.zohorecruit.com,2
zoho,maduraistartups,https://maduraistartups.zohorecruit.com,1
zoho,madiffpl,https://madiffpl.zohorecruit.com,152
zoho,matelabs,https://matelabs.zohorecruit.in,2
zoho,magnetoitsolutions,https://magnetoitsolutions.zohorecruit.com,3
zoho,manpowergroupusa,https://manpowergroupusa.zohorecruit.com,18
zoho,manooi,https://manooi.zohorecruit.eu,4
zoho,madre-me,https://madre-me.zohorecruit.com,317
zoho,mares-med,https://mares-med.zohorecruit.com,1
zoho,manpowerchile,https://manpowerchile.zohorecruit.com,21
zoho,marieclaire,https://marieclaire.zohorecruit.com,1
zoho,manzilhealth,https://manzilhealth.zohorecruit.com,0
zoho,marcusknightley,https://marcusknightley.zohorecruit.eu,47
zoho,marshalf,https://marshalf.zohorecruit.com,0
zoho,masadirservices,https://masadirservices.zohorecruit.com,1
zoho,martinsearchpartners,https://martinsearchpartners.zohorecruit.com,0
zoho,markhamgroup,https://markhamgroup.zohorecruit.com,2
zoho,marketing-boutique,https://marketing-boutique.zohorecruit.com,5
zoho,margaritavilleresorts,https://margaritavilleresorts.zohorecruit.com,1
zoho,marc-ellis,https://marc-ellis.zohorecruit.com,0
zoho,marmarisrecruitment,https://marmarisrecruitment.zohorecruit.com,1
zoho,marcopolo-holidays,https://marcopolo-holidays.zohorecruit.com,5
zoho,marlinstrafeconsulting,https://marlinstrafeconsulting.zohorecruit.com,0
zoho,marketerosagencia,https://marketerosagencia.zohorecruit.com,7
zoho,maplabs,https://maplabs.zohorecruit.com,6
zoho,marutee,https://marutee.zohorecruit.com,1
zoho,masonblue,https://masonblue.zohorecruit.com,7
zoho,marketing-autopilot,https://marketing-autopilot.zohorecruit.eu,3
zoho,marketingedge,https://marketingedge.zohorecruit.com,7
zoho,marktine,https://marktine.zohorecruit.com,88
zoho,matching-it,https://matching-it.zohorecruit.eu,56
zoho,masterstart,https://masterstart.zohorecruit.com,4
zoho,masterwise,https://masterwise.zohorecruit.com,1
zoho,mavenspire,https://mavenspire.zohorecruit.com,2
zoho,matritel,https://matritel.zohorecruit.com,11
zoho,matta,https://matta.zohorecruit.com,1
zoho,maverickcampers,https://maverickcampers.zohorecruit.com,11
zoho,martinezyasociados,https://martinezyasociados.zohorecruit.com,17
zoho,matrixenergygroup,https://matrixenergygroup.zohorecruit.com,8
zoho,mavq,https://mavq.zohorecruit.com,3
zoho,matrix,https://matrix.zohorecruit.com,7
zoho,markedwards,https://markedwards.zohorecruit.com,1
zoho,mbridgesolutions,https://mbridgesolutions.zohorecruit.com,1
zoho,matchatalent,https://matchatalent.zohorecruit.com,1
zoho,maindigital,https://maindigital.zohorecruit.com,8
zoho,mboadigital,https://mboadigital.zohorecruit.eu,1
zoho,mavendevelopments,https://mavendevelopments.zohorecruit.com,3
zoho,maxtalenthr,https://maxtalenthr.zohorecruit.com,0
zoho,maveninsights,https://maveninsights.zohorecruit.com,8
zoho,mceprof,https://mceprof.zohorecruit.com,3
zoho,mascmedical,https://mascmedical.zohorecruit.com,299
zoho,mba-associates,https://mba-associates.zohorecruit.com,0
zoho,mccclean,https://mccclean.zohorecruit.com,1
zoho,mcbrideconsulting,https://mcbrideconsulting.zohorecruit.com,32
zoho,mayabytes,https://mayabytes.zohorecruit.com,1
zoho,mayatanfoundation,https://mayatanfoundation.zohorecruit.com,2
zoho,mccartneyhr,https://mccartneyhr.zohorecruit.com,30
zoho,mb96,https://mb96.zohorecruit.com,0
zoho,mckierecruit,https://mckierecruit.zohorecruit.eu,93
zoho,mcnearagencyservices,https://mcnearagencyservices.zohorecruit.com,0
zoho,mdgulfrecruitment,https://mdgulfrecruitment.zohorecruit.eu,0
zoho,mdsglobalit,https://mdsglobalit.zohorecruit.com,3
zoho,mdsearch,https://mdsearch.zohorecruit.com,57
zoho,mclarenss,https://mclarenss.zohorecruit.com,5
zoho,maxioncorp,https://maxioncorp.zohorecruit.com,621
zoho,mckinleyhodgegroup,https://mckinleyhodgegroup.zohorecruit.com,0
zoho,medical-recruitmentuk,https://medical-recruitmentuk.zohorecruit.eu,1
zoho,mdgadvertising,https://mdgadvertising.zohorecruit.com,7
zoho,mediacent,https://mediacent.zohorecruit.com,4
zoho,maydaydentalstaffing,https://maydaydentalstaffing.zohorecruit.com,750
zoho,mcphersonberry,https://mcphersonberry.zohorecruit.com,1
zoho,mdocorp,https://mdocorp.zohorecruit.com,1
zoho,mechoautotech,https://mechoautotech.zohorecruit.com,5
zoho,mcpl,https://mcpl.zohorecruit.com,1
zoho,medialgroup,https://medialgroup.zohorecruit.com,87
zoho,mdmsrecruiting,https://mdmsrecruiting.zohorecruit.com,0
zoho,mediaman,https://mediaman.zohorecruit.com,3
zoho,meidensha,https://meidensha.zohorecruit.in,5
zoho,medicaldepartures,https://medicaldepartures.zohorecruit.com,3
zoho,medicliq,https://medicliq.zohorecruit.com,1
zoho,medify,https://medify.zohorecruit.eu,0
zoho,medicalsolutionme,https://medicalsolutionme.zohorecruit.com,4
zoho,medihill,https://medihill.zohorecruit.com,4
zoho,merillife,https://merillife.zohorecruit.in,7
zoho,medsolve,https://medsolve.zohorecruit.eu,1
zoho,medical-rh,https://medical-rh.zohorecruit.com,12
zoho,mehanhr,https://mehanhr.zohorecruit.com,0
zoho,medlintc,https://medlintc.zohorecruit.com,1
zoho,medline,https://medline.zohorecruit.com,1
zoho,medicalbilldetectives,https://medicalbilldetectives.zohorecruit.com,0
zoho,megreatplacetowork,https://megreatplacetowork.zohorecruit.com,8
zoho,meliusconsultingllc,https://meliusconsultingllc.zohorecruit.com,1
zoho,medznmore,https://medznmore.zohorecruit.com,1
zoho,metanoiaexpeditions,https://metanoiaexpeditions.zohorecruit.in,1
zoho,medleadcareers,https://medleadcareers.zohorecruit.com,7
zoho,mediaticaspa,https://mediaticaspa.zohorecruit.eu,1
zoho,megaprefab,https://megaprefab.zohorecruit.com,11
zoho,medfuse,https://medfuse.zohorecruit.com,0
zoho,medha,https://medha.zohorecruit.com,16
zoho,menestrelproductions,https://menestrelproductions.zohorecruit.eu,1
zoho,mehtafincon,https://mehtafincon.zohorecruit.com,0
zoho,medicojobs,https://medicojobs.zohorecruit.com,85
zoho,megaservicio,https://megaservicio.zohorecruit.com,2
zoho,memorableescapes,https://memorableescapes.zohorecruit.com,2
zoho,menaalliances,https://menaalliances.zohorecruit.com,103
zoho,menurunners,https://menurunners.zohorecruit.com,0
zoho,metamorphosis-group,https://metamorphosis-group.zohorecruit.com,1
zoho,medaccess,https://medaccess.zohorecruit.ca,19
zoho,mdx,https://mdx.zohorecruit.com,750
zoho,mechanicsmarketplace,https://mechanicsmarketplace.zohorecruit.com,138
zoho,memedical,https://memedical.zohorecruit.com,244
zoho,mercoservices,https://mercoservices.zohorecruit.eu,13
zoho,metizsoft,https://metizsoft.zohorecruit.com,4
zoho,merimesolutions,https://merimesolutions.zohorecruit.com,0
zoho,microsave,https://microsave.zohorecruit.in,26
zoho,metadesignsolutions,https://metadesignsolutions.zohorecruit.com,7
zoho,metlife,https://metlife.zohorecruit.com,50
zoho,metalus,https://metalus.zohorecruit.com,10
zoho,metasolutions,https://metasolutions.zohorecruit.com,1
zoho,metaresourcesgroup,https://metaresourcesgroup.zohorecruit.com,13
zoho,merlindataquality,https://merlindataquality.zohorecruit.com,2
zoho,medicalstafftalent,https://medicalstafftalent.zohorecruit.com,749
zoho,mico2group,https://mico2group.zohorecruit.com,6
zoho,migo,https://migo.zohorecruit.com,6
zoho,miaguila,https://miaguila.zohorecruit.com,1
zoho,michiganworkforce,https://michiganworkforce.zohorecruit.com,0
zoho,metromondego,https://metromondego.zohorecruit.eu,1
zoho,mibluemedical,https://mibluemedical.zohorecruit.com,1
zoho,mobilewaretech,https://mobilewaretech.zohorecruit.in,1
zoho,mindojo,https://mindojo.zohorecruit.com,2
zoho,mgisinc,https://mgisinc.zohorecruit.com,13
zoho,mgmrecruitment,https://mgmrecruitment.zohorecruit.eu,47
zoho,migrationit,https://migrationit.zohorecruit.com,131
zoho,midisgroup,https://midisgroup.zohorecruit.com,0
zoho,mgroup,https://mgroup.zohorecruit.com,0
zoho,militarytalentpartners,https://militarytalentpartners.zohorecruit.com,1
zoho,micoligroup,https://micoligroup.zohorecruit.com,1
zoho,micropay,https://micropay.zohorecruit.com,0
zoho,millennialsconsulting,https://millennialsconsulting.zohorecruit.com,0
zoho,mindflytech,https://mindflytech.zohorecruit.eu,4
zoho,mindaharts,https://mindaharts.zohorecruit.com,1
zoho,mindecs,https://mindecs.zohorecruit.eu,1
zoho,minatoconsulting,https://minatoconsulting.zohorecruit.com,1
zoho,mileseducation,https://mileseducation.zohorecruit.com,13
zoho,milesstaffinggroup,https://milesstaffinggroup.zohorecruit.com,1
zoho,mindbase,https://mindbase.zohorecruit.com,8
zoho,mindreach,https://mindreach.zohorecruit.com,14
zoho,mimmikasu,https://mimmikasu.zohorecruit.com,1
zoho,milano,https://milano.zohorecruit.com,1
zoho,mj3partners,https://mj3partners.zohorecruit.com,11
zoho,mindblazetech,https://mindblazetech.zohorecruit.com,0
zoho,mindzcloud,https://mindzcloud.zohorecruit.com,8
zoho,ministryengine,https://ministryengine.zohorecruit.com,1
zoho,mispichos,https://mispichos.zohorecruit.com,3
zoho,mistay,https://mistay.zohorecruit.com,1
zoho,mindsearch,https://mindsearch.zohorecruit.com,185
zoho,mjhfab,https://mjhfab.zohorecruit.com,1
zoho,mixedmi,https://mixedmi.zohorecruit.com,21
zoho,mnetworksvoip,https://mnetworksvoip.zohorecruit.com,0
zoho,mkdev,https://mkdev.zohorecruit.com,0
zoho,mkt-intell,https://mkt-intell.zohorecruit.com,8
zoho,mjcimprovementconsultant,https://mjcimprovementconsultant.zohorecruit.com,1
zoho,mirroradvisors,https://mirroradvisors.zohorecruit.com,0
zoho,mnfglobal,https://mnfglobal.zohorecruit.com,34
zoho,mmproductionsusa,https://mmproductionsusa.zohorecruit.com,4
zoho,mlogica,https://mlogica.zohorecruit.com,0
zoho,mindverseconsulting,https://mindverseconsulting.zohorecruit.com,0
zoho,mobicule,https://mobicule.zohorecruit.com,5
zoho,mirinc,https://mirinc.zohorecruit.com,38
zoho,mntalentrecruitment,https://mntalentrecruitment.zohorecruit.com,0
zoho,morphogenesis,https://morphogenesis.zohorecruit.in,13
zoho,mmixl,https://mmixl.zohorecruit.com,1
zoho,mobitechwireless,https://mobitechwireless.zohorecruit.com,1
zoho,mlc,https://mlc.zohorecruit.com,1
zoho,mobolutions,https://mobolutions.zohorecruit.com,50
zoho,monsterreach,https://monsterreach.zohorecruit.com.au,1
zoho,mobilygreen,https://mobilygreen.zohorecruit.eu,1
zoho,modegig,https://modegig.zohorecruit.com,0
zoho,mstsolutions,https://mstsolutions.zohorecruit.in,1
zoho,msfindia,https://msfindia.zohorecruit.in,5
zoho,mobiusatelier,https://mobiusatelier.zohorecruit.com,0
zoho,mobisoftinfotech,https://mobisoftinfotech.zohorecruit.com,17
zoho,modus-lights,https://modus-lights.zohorecruit.com,61
zoho,mobix,https://mobix.zohorecruit.com,4
zoho,mobzway,https://mobzway.zohorecruit.com,13
zoho,musocial,https://musocial.zohorecruit.in,0
zoho,modernmillsolar,https://modernmillsolar.zohorecruit.com,1
zoho,mocx,https://mocx.zohorecruit.com,1
zoho,mohure,https://mohure.zohorecruit.eu,111
zoho,mono,https://mono.zohorecruit.com,1
zoho,mot-tech,https://mot-tech.zohorecruit.eu,1
zoho,mumsmatterpsychology,https://mumsmatterpsychology.zohorecruit.com.au,1
zoho,muttii,https://muttii.zohorecruit.com.au,1
zoho,mogulchix,https://mogulchix.zohorecruit.com,1
zoho,mountblue,https://mountblue.zohorecruit.com,0
zoho,mojaru,https://mojaru.zohorecruit.com,1
zoho,mommypoppins,https://mommypoppins.zohorecruit.com,2
zoho,mozverse,https://mozverse.zohorecruit.com,3
zoho,motovated,https://motovated.zohorecruit.com,1
zoho,mojro,https://mojro.zohorecruit.com,1
zoho,monogo,https://monogo.zohorecruit.eu,3
zoho,mre-consulting,https://mre-consulting.zohorecruit.com,0
zoho,moreelastic,https://moreelastic.zohorecruit.com,1
zoho,mtabtechnology,https://mtabtechnology.zohorecruit.com,0
zoho,motionrc,https://motionrc.zohorecruit.com,1
zoho,mpvk,https://mpvk.zohorecruit.com,1
zoho,mpm-rent,https://mpm-rent.zohorecruit.com,1
zoho,mypaisaa,https://mypaisaa.zohorecruit.in,0
zoho,mtnzambia,https://mtnzambia.zohorecruit.com,0
zoho,mouhima,https://mouhima.zohorecruit.com,1
zoho,myorg,https://myorg.zohorecruit.in,11
zoho,motocruit,https://motocruit.zohorecruit.com,27
zoho,msitdd,https://msitdd.zohorecruit.com,0
zoho,mtsolucoes,https://mtsolucoes.zohorecruit.com,3
zoho,myaconsulting,https://myaconsulting.zohorecruit.com,1
zoho,mrcoachj,https://mrcoachj.zohorecruit.com,0
zoho,moneycore,https://moneycore.zohorecruit.eu,0
zoho,msquared,https://msquared.zohorecruit.com,0
zoho,mpmgroup,https://mpmgroup.zohorecruit.com,0
zoho,myauroral,https://myauroral.zohorecruit.com,0
zoho,mumken-ae,https://mumken-ae.zohorecruit.com,1
zoho,msuite,https://msuite.zohorecruit.com,7
zoho,mwbsolutions,https://mwbsolutions.zohorecruit.eu,0
zoho,mypeoplesolutions,https://mypeoplesolutions.zohorecruit.com.au,1
zoho,mujin,https://mujin.zohorecruit.com,0
zoho,mybtlr,https://mybtlr.zohorecruit.com,9
zoho,multiscout,https://multiscout.zohorecruit.com,12
zoho,mwsb,https://mwsb.zohorecruit.com,2
zoho,muawin,https://muawin.zohorecruit.com,0
zoho,myconnectx,https://myconnectx.zohorecruit.com,1
zoho,murphysfamilystaffing,https://murphysfamilystaffing.zohorecruit.com,5
zoho,muslimeto,https://muslimeto.zohorecruit.com,1
zoho,myjobhelper,https://myjobhelper.zohorecruit.com,0
zoho,myhredge,https://myhredge.zohorecruit.com,18
zoho,myoperator-careers,https://myoperator-careers.zohorecruit.com,29
zoho,mylenebeaudoin,https://mylenebeaudoin.zohorecruit.com,1
zoho,mwhytravel,https://mwhytravel.zohorecruit.com,1
zoho,myccigroup,https://myccigroup.zohorecruit.com,13
zoho,myatlantapropertypros,https://myatlantapropertypros.zohorecruit.com,0
zoho,myamazonguy,https://myamazonguy.zohorecruit.com,89
zoho,myvirtualmate,https://myvirtualmate.zohorecruit.com.au,1
zoho,nayaseva,https://nayaseva.zohorecruit.in,0
zoho,myelement,https://myelement.zohorecruit.com,1
zoho,mykarme,https://mykarme.zohorecruit.com,1
zoho,mycloudcrew,https://mycloudcrew.zohorecruit.com,0
zoho,mysbsgroup,https://mysbsgroup.zohorecruit.com,0
zoho,mymdoc,https://mymdoc.zohorecruit.com,10
zoho,mycommunity,https://mycommunity.zohorecruit.com,0
zoho,mycareerplus,https://mycareerplus.zohorecruit.com,45
zoho,narrativrecruitment,https://narrativrecruitment.zohorecruit.com.au,2
zoho,mysigma,https://mysigma.zohorecruit.eu,0
zoho,nahdigital,https://nahdigital.zohorecruit.com,6
zoho,nahdamakers,https://nahdamakers.zohorecruit.com,0
zoho,mypeoplr,https://mypeoplr.zohorecruit.com,4
zoho,nationalheroescouncil,https://nationalheroescouncil.zohorecruit.com,0
zoho,myt40,https://myt40.zohorecruit.eu,3
zoho,mvc-resources,https://mvc-resources.zohorecruit.com,449
zoho,nardagency,https://nardagency.zohorecruit.com,1
zoho,myvasupport,https://myvasupport.zohorecruit.com,50
zoho,narishintl,https://narishintl.zohorecruit.com,5
zoho,nan,https://nan.zohorecruit.com,1
zoho,myredemption,https://myredemption.zohorecruit.com,10
zoho,naztecgroup,https://naztecgroup.zohorecruit.com,1
zoho,nestack,https://nestack.zohorecruit.in,10
zoho,naturalbrideboutique,https://naturalbrideboutique.zohorecruit.eu,5
zoho,naos,https://naos.zohorecruit.com,0
zoho,mysourcebank,https://mysourcebank.zohorecruit.com,19
zoho,naukripay,https://naukripay.zohorecruit.eu,3
zoho,naijatutorskonnect,https://naijatutorskonnect.zohorecruit.com,3
zoho,naqla,https://naqla.zohorecruit.com,28
zoho,mzconsultants,https://mzconsultants.zohorecruit.com,10
zoho,mohawkcomputers,https://mohawkcomputers.zohorecruit.com,0
zoho,ncet,https://ncet.zohorecruit.com,1
zoho,nemeton,https://nemeton.zohorecruit.eu,1
zoho,ncgafrica,https://ncgafrica.zohorecruit.com,3
zoho,nbeginnings,https://nbeginnings.zohorecruit.com,2
zoho,narjis,https://narjis.zohorecruit.com,0
zoho,mystaffingteam,https://mystaffingteam.zohorecruit.com,0
zoho,nchitonet,https://nchitonet.zohorecruit.com,1
zoho,mywork,https://mywork.zohorecruit.eu,19
zoho,nepgroup,https://nepgroup.zohorecruit.com,1
zoho,mysupportstaff,https://mysupportstaff.zohorecruit.com,11
zoho,ncauk,https://ncauk.zohorecruit.eu,2
zoho,nationalphlebotomistregistry,https://nationalphlebotomistregistry.zohorecruit.com,0
zoho,ncircletech,https://ncircletech.zohorecruit.com,57
zoho,neoconnection,https://neoconnection.zohorecruit.com,40
zoho,nekianichelle,https://nekianichelle.zohorecruit.com,0
zoho,nestara,https://nestara.zohorecruit.com,6
zoho,netrio,https://netrio.zohorecruit.com,5
zoho,netforemost,https://netforemost.zohorecruit.com,10
zoho,nannypod,https://nannypod.zohorecruit.com,503
zoho,neop,https://neop.zohorecruit.eu,0
zoho,nemesisspa,https://nemesisspa.zohorecruit.com,1
zoho,mylenerecrute,https://mylenerecrute.zohorecruit.com,30
zoho,naztecstaffing,https://naztecstaffing.zohorecruit.com,10
zoho,nbbi,https://nbbi.zohorecruit.eu,18
zoho,nerdcom,https://nerdcom.zohorecruit.com,1
zoho,nerdbug,https://nerdbug.zohorecruit.com,8
zoho,nextgeninnovation,https://nextgeninnovation.zohorecruit.in,7
zoho,netreputation,https://netreputation.zohorecruit.com,0
zoho,netrist,https://netrist.zohorecruit.com,4
zoho,netlevel,https://netlevel.zohorecruit.com,1
zoho,nauticall,https://nauticall.zohorecruit.com,12
zoho,netone,https://netone.zohorecruit.com,17
zoho,netcomafrica,https://netcomafrica.zohorecruit.com,4
zoho,neo-group,https://neo-group.zohorecruit.com,13
zoho,newhope-cdc,https://newhope-cdc.zohorecruit.com,3
zoho,newtrace,https://newtrace.zohorecruit.in,0
zoho,neutara,https://neutara.zohorecruit.com,1
zoho,newgenmax,https://newgenmax.zohorecruit.com,15
zoho,newport,https://newport.zohorecruit.com,25
zoho,newfathom,https://newfathom.zohorecruit.com,1
zoho,net2be,https://net2be.zohorecruit.com,2
zoho,newslaundry,https://newslaundry.zohorecruit.in,1
zoho,newalliance-it,https://newalliance-it.zohorecruit.eu,10
zoho,nexter,https://nexter.zohorecruit.eu,33
zoho,nextideatech,https://nextideatech.zohorecruit.com,1
zoho,natpropres,https://natpropres.zohorecruit.com,39
zoho,newsunrising,https://newsunrising.zohorecruit.com,1
zoho,navatechgroup,https://navatechgroup.zohorecruit.com,13
zoho,newstartgermany,https://newstartgermany.zohorecruit.eu,36
zoho,nevadainsurancegroup,https://nevadainsurancegroup.zohorecruit.com,1
zoho,newalamjad,https://newalamjad.zohorecruit.com,1
zoho,niitfoundation,https://niitfoundation.zohorecruit.in,16
zoho,neuropathbhc,https://neuropathbhc.zohorecruit.com,177
zoho,nepalcangroup,https://nepalcangroup.zohorecruit.com,1
zoho,nexapp,https://nexapp.zohorecruit.com,3
zoho,nftically,https://nftically.zohorecruit.in,0
zoho,newfangledstudios,https://newfangledstudios.zohorecruit.com,1
zoho,newinitiativeshr,https://newinitiativeshr.zohorecruit.com,0
zoho,nextt,https://nextt.zohorecruit.eu,0
zoho,nipurnait,https://nipurnait.zohorecruit.in,3
zoho,mytalent,https://mytalent.zohorecruit.com,23
zoho,nextfreight,https://nextfreight.zohorecruit.com,1
zoho,nexusmarketing,https://nexusmarketing.zohorecruit.com,0
zoho,nhrms,https://nhrms.zohorecruit.in,333
zoho,nextidea,https://nextidea.zohorecruit.com,0
zoho,newi-personal,https://newi-personal.zohorecruit.eu,21
zoho,next-link,https://next-link.zohorecruit.eu,63
zoho,noct,https://noct.zohorecruit.in,10
zoho,nextonlabs,https://nextonlabs.zohorecruit.com,1
zoho,nexuspower,https://nexuspower.zohorecruit.com,16
zoho,nextrow,https://nextrow.zohorecruit.com,50
zoho,nextphasesystems,https://nextphasesystems.zohorecruit.com,3
zoho,newgenapps,https://newgenapps.zohorecruit.com,1
zoho,noponano,https://noponano.zohorecruit.in,14
zoho,nexus-staffing,https://nexus-staffing.zohorecruit.com,16
zoho,nirmitee,https://nirmitee.zohorecruit.in,15
zoho,nexustherapies,https://nexustherapies.zohorecruit.com,0
zoho,niceeat,https://niceeat.zohorecruit.com,0
zoho,nichesoft,https://nichesoft.zohorecruit.com,0
zoho,nigerianwomentrustfund,https://nigerianwomentrustfund.zohorecruit.com,1
zoho,nextop,https://nextop.zohorecruit.com,15
zoho,nightingaleslist,https://nightingaleslist.zohorecruit.com,205
zoho,ngtechinc,https://ngtechinc.zohorecruit.com,0
zoho,nobleus,https://nobleus.zohorecruit.com,1
zoho,nickelfox,https://nickelfox.zohorecruit.com,1
zoho,nilewhc,https://nilewhc.zohorecruit.com,6
zoho,noahenterprise,https://noahenterprise.zohorecruit.eu,0
zoho,nicolesnannies,https://nicolesnannies.zohorecruit.com,1
zoho,ngf,https://ngf.zohorecruit.com,8
zoho,nicerx,https://nicerx.zohorecruit.com,0
zoho,move2usajobs,https://move2usajobs.zohorecruit.com,1
zoho,newindo,https://newindo.zohorecruit.com,1
zoho,ninedegree,https://ninedegree.zohorecruit.com,1
zoho,nilux-gmbh,https://nilux-gmbh.zohorecruit.com,6
zoho,nnwtechsolutions,https://nnwtechsolutions.zohorecruit.com,17
zoho,noot,https://noot.zohorecruit.eu,57
zoho,nimble-cr,https://nimble-cr.zohorecruit.com,0
zoho,nordicsustainability,https://nordicsustainability.zohorecruit.eu,3
zoho,noondalton,https://noondalton.zohorecruit.com,1
zoho,nopo,https://nopo.zohorecruit.com,1
zoho,noma,https://noma.zohorecruit.com,1
zoho,northstarvets,https://northstarvets.zohorecruit.com,1
zoho,nimidev,https://nimidev.zohorecruit.com,1
zoho,nikola,https://nikola.zohorecruit.com,0
zoho,nordiccollection,https://nordiccollection.zohorecruit.eu,12
zoho,nexuscorp,https://nexuscorp.zohorecruit.com,466
zoho,notoxic,https://notoxic.zohorecruit.in,1
zoho,nirvanamanagedservices,https://nirvanamanagedservices.zohorecruit.com,10
zoho,nolto,https://nolto.zohorecruit.com,5
zoho,nigerianfoundries,https://nigerianfoundries.zohorecruit.com,0
zoho,nisade,https://nisade.zohorecruit.com,9
zoho,njlawn,https://njlawn.zohorecruit.com,1
zoho,nordicgamelab,https://nordicgamelab.zohorecruit.com,0
zoho,novabee,https://novabee.zohorecruit.eu,1
zoho,northlandss,https://northlandss.zohorecruit.com,1
zoho,nomba,https://nomba.zohorecruit.com,2
zoho,nppn,https://nppn.zohorecruit.com,7
zoho,novolos01,https://novolos01.zohorecruit.eu,1
zoho,nouveaucare,https://nouveaucare.zohorecruit.eu,11
zoho,nirvanahealthandwellness,https://nirvanahealthandwellness.zohorecruit.com,658
zoho,nowpay,https://nowpay.zohorecruit.com,10
zoho,novadriving,https://novadriving.zohorecruit.com,7
zoho,notjustanyjob,https://notjustanyjob.zohorecruit.eu,0
zoho,nuvoretail,https://nuvoretail.zohorecruit.in,0
zoho,nsdcindia,https://nsdcindia.zohorecruit.in,5
zoho,novaglobe,https://novaglobe.zohorecruit.com,1
zoho,nomadinternet,https://nomadinternet.zohorecruit.com,41
zoho,nsrcel,https://nsrcel.zohorecruit.in,0
zoho,nucleussoftware,https://nucleussoftware.zohorecruit.in,35
zoho,novalink-solutions,https://novalink-solutions.zohorecruit.com,77
zoho,novasatus,https://novasatus.zohorecruit.eu,1
zoho,nvronlifescience,https://nvronlifescience.zohorecruit.in,27
zoho,novastaffingresources,https://novastaffingresources.zohorecruit.com,12
zoho,ntrc,https://ntrc.zohorecruit.com,6
zoho,nonamemarketing,https://nonamemarketing.zohorecruit.com,3
zoho,northwave,https://northwave.zohorecruit.eu,2
zoho,noordtechnologies,https://noordtechnologies.zohorecruit.com,15
zoho,oasysinternational,https://oasysinternational.zohorecruit.in,1
zoho,nvn,https://nvn.zohorecruit.in,41
zoho,niht-india,https://niht-india.zohorecruit.com,1
zoho,ns,https://ns.zohorecruit.com,13
zoho,novellaafrica,https://novellaafrica.zohorecruit.com,5
zoho,nu-directions,https://nu-directions.zohorecruit.com,1
zoho,numericys,https://numericys.zohorecruit.com,1
zoho,ntuma,https://ntuma.zohorecruit.com,6
zoho,nubicom,https://nubicom.zohorecruit.com,7
zoho,nushala,https://nushala.zohorecruit.in,1
zoho,nsi-africa,https://nsi-africa.zohorecruit.com,0
zoho,northeast-mortgage,https://northeast-mortgage.zohorecruit.com,3
zoho,odishatv,https://odishatv.zohorecruit.in,8
zoho,null,https://null.zohorecruit.com,0
zoho,numentica,https://numentica.zohorecruit.com,10
zoho,nuagem,https://nuagem.zohorecruit.com,1
zoho,okuloaerospace,https://okuloaerospace.zohorecruit.in,9
zoho,north10phl,https://north10phl.zohorecruit.com,1
zoho,oac,https://oac.zohorecruit.com,4
zoho,nujob,https://nujob.zohorecruit.com,1
zoho,nurselyfess,https://nurselyfess.zohorecruit.com,1
zoho,nursingevolutions,https://nursingevolutions.zohorecruit.com,1
zoho,nolavateblack,https://nolavateblack.zohorecruit.com,1
zoho,nursingvaultplus,https://nursingvaultplus.zohorecruit.com,9
zoho,nuvoutek,https://nuvoutek.zohorecruit.com,0
zoho,nutrifactor,https://nutrifactor.zohorecruit.com,1
zoho,nursesearnit,https://nursesearnit.zohorecruit.com,8
zoho,omaksolutions,https://omaksolutions.zohorecruit.in,23
zoho,nurturelife,https://nurturelife.zohorecruit.com,0
zoho,omangom,https://omangom.zohorecruit.in,1
zoho,ofix,https://ofix.zohorecruit.eu,0
zoho,nuyew,https://nuyew.zohorecruit.eu,289
zoho,omni-reach,https://omni-reach.zohorecruit.in,36
zoho,nuvolum,https://nuvolum.zohorecruit.com,2
zoho,occdesign,https://occdesign.zohorecruit.com,1
zoho,nybbinc,https://nybbinc.zohorecruit.com,1
zoho,oberstaff,https://oberstaff.zohorecruit.com,22
zoho,office,https://office.zohorecruit.com,1
zoho,odysseymedical,https://odysseymedical.zohorecruit.com,1
zoho,offshorly,https://offshorly.zohorecruit.com,3
zoho,offineeds,https://offineeds.zohorecruit.com,24
zoho,nxa,https://nxa.zohorecruit.com,29
zoho,ocoda,https://ocoda.zohorecruit.com,27
zoho,ok-solutions,https://ok-solutions.zohorecruit.eu,0
zoho,oakgrovesearch,https://oakgrovesearch.zohorecruit.com,1
zoho,ncp,https://ncp.zohorecruit.com,12
zoho,offensive-shield,https://offensive-shield.zohorecruit.com,1
zoho,oktamam,https://oktamam.zohorecruit.com,0
zoho,ommincorp,https://ommincorp.zohorecruit.com,25
zoho,olisonmedical,https://olisonmedical.zohorecruit.eu,1
zoho,officepartners360,https://officepartners360.zohorecruit.com,1
zoho,offshore-staffing,https://offshore-staffing.zohorecruit.com,80
zoho,oathserv,https://oathserv.zohorecruit.com,1
zoho,olankatravels,https://olankatravels.zohorecruit.com,20
zoho,omnicommediagroupmtl,https://omnicommediagroupmtl.zohorecruit.com,1
zoho,onivart,https://onivart.zohorecruit.in,7
zoho,oems,https://oems.zohorecruit.com,1
zoho,omnias,https://omnias.zohorecruit.eu,0
zoho,olivesystems,https://olivesystems.zohorecruit.com,4
zoho,oldcitycoffee,https://oldcitycoffee.zohorecruit.com,1
zoho,omesti,https://omesti.zohorecruit.com,1
zoho,ollarose,https://ollarose.zohorecruit.com,2
zoho,ojehs,https://ojehs.zohorecruit.com,1
zoho,onboardimmigration,https://onboardimmigration.zohorecruit.com,2
zoho,oncallme,https://oncallme.zohorecruit.com,57
zoho,omlafrica,https://omlafrica.zohorecruit.com,18
zoho,onebyzero,https://onebyzero.zohorecruit.com,25
zoho,onehsn,https://onehsn.zohorecruit.com,3
zoho,one52,https://one52.zohorecruit.com,1
zoho,olisipo,https://olisipo.zohorecruit.com,0
zoho,omanagencies,https://omanagencies.zohorecruit.com,2
zoho,onemotion,https://onemotion.zohorecruit.com,0
zoho,onefirefly,https://onefirefly.zohorecruit.com,6
zoho,oleogroup,https://oleogroup.zohorecruit.com,28
zoho,onelittleweb,https://onelittleweb.zohorecruit.com,1
zoho,onemindservices,https://onemindservices.zohorecruit.com,7
zoho,oncofocus,https://oncofocus.zohorecruit.com,1
zoho,onagent,https://onagent.zohorecruit.com,106
zoho,omnyon,https://omnyon.zohorecruit.com,7
zoho,ondefend,https://ondefend.zohorecruit.com,1
zoho,omnis,https://omnis.zohorecruit.eu,0
zoho,oleroladele,https://oleroladele.zohorecruit.com,6
zoho,ondemandhr,https://ondemandhr.zohorecruit.com.au,15
zoho,opalina,https://opalina.zohorecruit.com,1
zoho,optimalvirtualemployee,https://optimalvirtualemployee.zohorecruit.in,1
zoho,onconsultingjobs,https://onconsultingjobs.zohorecruit.com,38
zoho,orangewood,https://orangewood.zohorecruit.in,1
zoho,onfleekq,https://onfleekq.zohorecruit.com,7
zoho,ontrust,https://ontrust.zohorecruit.eu,0
zoho,onsurance,https://onsurance.zohorecruit.com,1
zoho,onmyway,https://onmyway.zohorecruit.com,1
zoho,operacy,https://operacy.zohorecruit.com.au,1
zoho,orionesolutions,https://orionesolutions.zohorecruit.in,0
zoho,oodc,https://oodc.zohorecruit.com,10
zoho,optimumbrew,https://optimumbrew.zohorecruit.in,18
zoho,onlineinfatuation,https://onlineinfatuation.zohorecruit.com,1
zoho,oneskai,https://oneskai.zohorecruit.com,1
zoho,orricaedge,https://orricaedge.zohorecruit.in,2
zoho,ososweb,https://ososweb.zohorecruit.in,1
zoho,onelinewellness,https://onelinewellness.zohorecruit.com,1
zoho,onthegohr,https://onthegohr.zohorecruit.com,1
zoho,ortegafoods,https://ortegafoods.zohorecruit.in,2
zoho,openloophealth,https://openloophealth.zohorecruit.com,0
zoho,orbiteo,https://orbiteo.zohorecruit.eu,3
zoho,orientations,https://orientations.zohorecruit.eu,0
zoho,openobserve,https://openobserve.zohorecruit.com,1
zoho,orthomobile,https://orthomobile.zohorecruit.eu,4
zoho,opencitieslab,https://opencitieslab.zohorecruit.com,1
zoho,optivonpr,https://optivonpr.zohorecruit.com,1
zoho,origin-recruitment,https://origin-recruitment.zohorecruit.eu,68
zoho,orangelilygroup,https://orangelilygroup.zohorecruit.com,1
zoho,ontheshortlist,https://ontheshortlist.zohorecruit.com,27
zoho,openbuilding,https://openbuilding.zohorecruit.com,0
zoho,optimusbank,https://optimusbank.zohorecruit.com,20
zoho,opendoorsus,https://opendoorsus.zohorecruit.com,1
zoho,oraclerms,https://oraclerms.zohorecruit.com,0
zoho,opentrain,https://opentrain.zohorecruit.com,2
zoho,opensource,https://opensource.zohorecruit.com,0
zoho,ordine,https://ordine.zohorecruit.eu,1
zoho,optihirehr,https://optihirehr.zohorecruit.com,17
zoho,osf-global,https://osf-global.zohorecruit.com,34
zoho,opportunitybank,https://opportunitybank.zohorecruit.com,0
zoho,orshel,https://orshel.zohorecruit.com,3
zoho,ontimetalent,https://ontimetalent.zohorecruit.com,66
zoho,orbs-zambia,https://orbs-zambia.zohorecruit.com,2
zoho,oryana,https://oryana.zohorecruit.com,0
zoho,oshkoshfoodcoop,https://oshkoshfoodcoop.zohorecruit.com,1
zoho,originfin,https://originfin.zohorecruit.com,6
zoho,orthogonal,https://orthogonal.zohorecruit.com,2
zoho,ostreet,https://ostreet.zohorecruit.com,0
zoho,otsi-global,https://otsi-global.zohorecruit.com,27
zoho,pabbly,https://pabbly.zohorecruit.in,6
zoho,ortsa,https://ortsa.zohorecruit.com,1
zoho,orxaenergies,https://orxaenergies.zohorecruit.com,1
zoho,osctopsolutionsgroup,https://osctopsolutionsgroup.zohorecruit.com,28
zoho,paladintech,https://paladintech.zohorecruit.in,7
zoho,outco,https://outco.zohorecruit.com,1
zoho,ourpass,https://ourpass.zohorecruit.com,1
zoho,oximio,https://oximio.zohorecruit.eu,13
zoho,otfinancialinc,https://otfinancialinc.zohorecruit.com,1
zoho,onsiteteams,https://onsiteteams.zohorecruit.in,1
zoho,padink,https://padink.zohorecruit.in,22
zoho,outsourcdpartner,https://outsourcdpartner.zohorecruit.com,6
zoho,outburo,https://outburo.zohorecruit.com,1
zoho,oxford,https://oxford.zohorecruit.eu,2
zoho,outsourcery,https://outsourcery.zohorecruit.com,0
zoho,oryxuni,https://oryxuni.zohorecruit.com,6
zoho,oxfamindia,https://oxfamindia.zohorecruit.com,1
zoho,outforce,https://outforce.zohorecruit.com,49
zoho,ourtelekom,https://ourtelekom.zohorecruit.com,2
zoho,overturerede,https://overturerede.zohorecruit.in,750
zoho,paangea,https://paangea.zohorecruit.com,1
zoho,ovadiadesign,https://ovadiadesign.zohorecruit.com,6
zoho,ordergrid,https://ordergrid.zohorecruit.com,0
zoho,outsourceaccess,https://outsourceaccess.zohorecruit.com,71
zoho,opticianguru,https://opticianguru.zohorecruit.com,1
zoho,p9dt,https://p9dt.zohorecruit.eu,4
zoho,onoffstaffing,https://onoffstaffing.zohorecruit.eu,13
zoho,oysteryachts,https://oysteryachts.zohorecruit.com,11
zoho,oxygenapp,https://oxygenapp.zohorecruit.com,2
zoho,pabau,https://pabau.zohorecruit.eu,0
zoho,paralegaltexas,https://paralegaltexas.zohorecruit.com,1
zoho,panulanalytic,https://panulanalytic.zohorecruit.com,4
zoho,outsourcedcfo,https://outsourcedcfo.zohorecruit.com,23
zoho,paradigmadigital,https://paradigmadigital.zohorecruit.com,0
zoho,pacificfocus,https://pacificfocus.zohorecruit.com,2
zoho,parakh,https://parakh.zohorecruit.com,1
zoho,pando,https://pando.zohorecruit.com,0
zoho,paradiseyachtmanagement,https://paradiseyachtmanagement.zohorecruit.com,9
zoho,ozapato,https://ozapato.zohorecruit.com,10
zoho,outsourcey,https://outsourcey.zohorecruit.com,145
zoho,onelinkrecruitment,https://onelinkrecruitment.zohorecruit.com,5
zoho,p2prh,https://p2prh.zohorecruit.com,59
zoho,pakfactory,https://pakfactory.zohorecruit.com,0
zoho,paraguru,https://paraguru.zohorecruit.com,8
zoho,panarogroup,https://panarogroup.zohorecruit.com,77
zoho,panagoragroup,https://panagoragroup.zohorecruit.com,0
zoho,paix,https://paix.zohorecruit.com,0
zoho,partifyusa,https://partifyusa.zohorecruit.com,1
zoho,paragon,https://paragon.zohorecruit.com,1
zoho,panafricantowers,https://panafricantowers.zohorecruit.com,1
zoho,paramountcity,https://paramountcity.zohorecruit.com,1
zoho,param,https://param.zohorecruit.com,0
zoho,painelemprego,https://painelemprego.zohorecruit.com,2
zoho,palomats,https://palomats.zohorecruit.com,0
zoho,paradigminfoservices,https://paradigminfoservices.zohorecruit.com,23
zoho,parmarstaffing,https://parmarstaffing.zohorecruit.com,10
zoho,parried,https://parried.zohorecruit.com,1
zoho,pargo,https://pargo.zohorecruit.com,6
zoho,parvusiasociatii,https://parvusiasociatii.zohorecruit.eu,0
zoho,pattentitle,https://pattentitle.zohorecruit.com,4
zoho,paykobo,https://paykobo.zohorecruit.com,0
zoho,patternedlearning,https://patternedlearning.zohorecruit.com,1
zoho,partner-sinsolut,https://partner-sinsolut.zohorecruit.com,1
zoho,partnernet-ict,https://partnernet-ict.zohorecruit.eu,3
zoho,passionimo,https://passionimo.zohorecruit.com,4
zoho,pensionbox,https://pensionbox.zohorecruit.in,2
zoho,paventia,https://paventia.zohorecruit.eu,3
zoho,paysupp,https://paysupp.zohorecruit.eu,7
zoho,peepulindia,https://peepulindia.zohorecruit.in,21
zoho,parutogroup,https://parutogroup.zohorecruit.com,4
zoho,paviathjobportal,https://paviathjobportal.zohorecruit.com,2
zoho,pauseaway,https://pauseaway.zohorecruit.com,0
zoho,parvana,https://parvana.zohorecruit.com,71
zoho,pazarme,https://pazarme.zohorecruit.com,1
zoho,passfeed,https://passfeed.zohorecruit.com,1
zoho,partner-demohdfunaisoken,https://partner-demohdfunaisoken.zohorecruit.com,86
zoho,paramhomes,https://paramhomes.zohorecruit.com,1
zoho,pasona,https://pasona.zohorecruit.com,2
zoho,pattersondove,https://pattersondove.zohorecruit.com,1
zoho,paulmandel,https://paulmandel.zohorecruit.com,0
zoho,peopleocity,https://peopleocity.zohorecruit.in,76
zoho,pcbapps,https://pcbapps.zohorecruit.com,19
zoho,peoplelinkvc,https://peoplelinkvc.zohorecruit.in,35
zoho,pbi1988,https://pbi1988.zohorecruit.com,0
zoho,pbsmokeup,https://pbsmokeup.zohorecruit.com,3
zoho,pawait,https://pawait.zohorecruit.com,4
zoho,pericius,https://pericius.zohorecruit.in,1
zoho,pedon,https://pedon.zohorecruit.eu,3
zoho,pdmconsultancy,https://pdmconsultancy.zohorecruit.com,3
zoho,peoplemapsrecruitment,https://peoplemapsrecruitment.zohorecruit.eu,0
zoho,pelazzio,https://pelazzio.zohorecruit.com,16
zoho,peakhrconsult,https://peakhrconsult.zohorecruit.com,1
zoho,peanuttab,https://peanuttab.zohorecruit.com,2
zoho,phantom-fx,https://phantom-fx.zohorecruit.in,3
zoho,peopletreerecruitment,https://peopletreerecruitment.zohorecruit.eu,0
zoho,pennsparrowhighways,https://pennsparrowhighways.zohorecruit.eu,0
zoho,peoplecentral,https://peoplecentral.zohorecruit.com,16
zoho,perfect-hiregr,https://perfect-hiregr.zohorecruit.eu,0
zoho,pdtmc,https://pdtmc.zohorecruit.com,10
zoho,people-tree,https://people-tree.zohorecruit.com,9
zoho,pcgnow,https://pcgnow.zohorecruit.com,1
zoho,petcloud,https://petcloud.zohorecruit.com.au,182
zoho,percoyo,https://percoyo.zohorecruit.com,1
zoho,pecb,https://pecb.zohorecruit.com,3
zoho,peoplerefinery,https://peoplerefinery.zohorecruit.com,1
zoho,penntacticalsolutions,https://penntacticalsolutions.zohorecruit.com,1
zoho,perfectpeoplesearch,https://perfectpeoplesearch.zohorecruit.com,19
zoho,peprglobal,https://peprglobal.zohorecruit.com,0
zoho,perfectsolutionsstaffing,https://perfectsolutionsstaffing.zohorecruit.com,1
zoho,peppermayo,https://peppermayo.zohorecruit.com,1
zoho,peterson-bics,https://peterson-bics.zohorecruit.com,1
zoho,personalberatung-brillgebhardt,https://personalberatung-brillgebhardt.zohorecruit.eu,0
zoho,peopleandpartnersgroup,https://peopleandpartnersgroup.zohorecruit.com,99
zoho,pegasusbuilds,https://pegasusbuilds.zohorecruit.com,2
zoho,perspective,https://perspective.zohorecruit.com,1
zoho,pcfginsurance,https://pcfginsurance.zohorecruit.com,0
zoho,perfiltic,https://perfiltic.zohorecruit.com,0
zoho,peoplepartner,https://peoplepartner.zohorecruit.com,10
zoho,performixbiz,https://performixbiz.zohorecruit.com,101
zoho,petitsfreres,https://petitsfreres.zohorecruit.com,0
zoho,pergolabahrain,https://pergolabahrain.zohorecruit.com,0
zoho,perspire,https://perspire.zohorecruit.com,7
zoho,persowave,https://persowave.zohorecruit.eu,93
zoho,perceptive-analytics,https://perceptive-analytics.zohorecruit.com,31
zoho,phxpartnersllc,https://phxpartnersllc.zohorecruit.com,2
zoho,pentoz,https://pentoz.zohorecruit.com,170
zoho,penthara,https://penthara.zohorecruit.com,15
zoho,pemodule,https://pemodule.zohorecruit.com,3
zoho,pest,https://pest.zohorecruit.com,1
zoho,perrystreet,https://perrystreet.zohorecruit.com,2
zoho,phoenix-recruiting,https://phoenix-recruiting.zohorecruit.eu,0
zoho,pickerexpress,https://pickerexpress.zohorecruit.com,1
zoho,pharmavise,https://pharmavise.zohorecruit.com,74
zoho,pgs-nhcare,https://pgs-nhcare.zohorecruit.com,33
zoho,piggyvest,https://piggyvest.zohorecruit.com,0
zoho,phil,https://phil.zohorecruit.com,0
zoho,peoplique,https://peoplique.zohorecruit.com,39
zoho,pitangent,https://pitangent.zohorecruit.in,1
zoho,physicianexecutivejobs,https://physicianexecutivejobs.zohorecruit.com,15
zoho,pilabz,https://pilabz.zohorecruit.in,0
zoho,pigeonis,https://pigeonis.zohorecruit.in,14
zoho,pianat,https://pianat.zohorecruit.com,1
zoho,piedmontglobal,https://piedmontglobal.zohorecruit.com,33
zoho,piccobev,https://piccobev.zohorecruit.com,0
zoho,pixelbites,https://pixelbites.zohorecruit.in,1
zoho,pickto,https://pickto.zohorecruit.com,0
zoho,pharmacy-staffing,https://pharmacy-staffing.zohorecruit.com,155
zoho,placements-digitalnest,https://placements-digitalnest.zohorecruit.in,127
zoho,pinchaaqui,https://pinchaaqui.zohorecruit.com,13
zoho,petra-group,https://petra-group.zohorecruit.com,120
zoho,pineviewbuildings,https://pineviewbuildings.zohorecruit.com,11
zoho,philipjamesrealty,https://philipjamesrealty.zohorecruit.com,6
zoho,piscinehippocampe,https://piscinehippocampe.zohorecruit.com,6
zoho,pipelinemedical,https://pipelinemedical.zohorecruit.com,7
zoho,picobellofruits,https://picobellofruits.zohorecruit.eu,1
zoho,playsimple,https://playsimple.zohorecruit.in,31
zoho,pialgo,https://pialgo.zohorecruit.com,1
zoho,pinnaclehealthcare,https://pinnaclehealthcare.zohorecruit.com,10
zoho,pie,https://pie.zohorecruit.com,0
zoho,plasmagen,https://plasmagen.zohorecruit.in,2
zoho,pixelstrade,https://pixelstrade.zohorecruit.com,1
zoho,plgworks,https://plgworks.zohorecruit.in,1
zoho,plevennplm,https://plevennplm.zohorecruit.in,0
zoho,pivotaldata,https://pivotaldata.zohorecruit.com,0
zoho,pivotageconsulting,https://pivotageconsulting.zohorecruit.com,1
zoho,pinemedia,https://pinemedia.zohorecruit.com,7
zoho,plakett,https://plakett.zohorecruit.com,2
zoho,peoplepartnersbpo,https://peoplepartnersbpo.zohorecruit.com,24
zoho,pinerium,https://pinerium.zohorecruit.com,15
zoho,pionedata,https://pionedata.zohorecruit.com,0
zoho,pinnaclefinancialstrategies,https://pinnaclefinancialstrategies.zohorecruit.com,0
zoho,pivotalperformancegroup,https://pivotalperformancegroup.zohorecruit.com,1
zoho,pixelmepink,https://pixelmepink.zohorecruit.com,1
zoho,piposoft,https://piposoft.zohorecruit.com,2
zoho,pjprestaurants,https://pjprestaurants.zohorecruit.com,0
zoho,plandetalento,https://plandetalento.zohorecruit.com,0
zoho,pnbcsl,https://pnbcsl.zohorecruit.in,9
zoho,planetconnect,https://planetconnect.zohorecruit.com,2
zoho,perfecthouseholdstaff,https://perfecthouseholdstaff.zohorecruit.com,57
zoho,plannedgrowth,https://plannedgrowth.zohorecruit.com,5
zoho,policy4us,https://policy4us.zohorecruit.in,0
zoho,phoenixlidar,https://phoenixlidar.zohorecruit.com,0
zoho,pjdlegal,https://pjdlegal.zohorecruit.com,2
zoho,plato,https://plato.zohorecruit.eu,1
zoho,plannedlink,https://plannedlink.zohorecruit.eu,7
zoho,peranet,https://peranet.zohorecruit.com,1
zoho,placng,https://placng.zohorecruit.com,0
zoho,pointcare,https://pointcare.zohorecruit.com.au,102
zoho,placeetforme,https://placeetforme.zohorecruit.com,9
zoho,posimind,https://posimind.zohorecruit.in,31
zoho,plug-in,https://plug-in.zohorecruit.com,10
zoho,plumptreadvisory,https://plumptreadvisory.zohorecruit.com,1
zoho,plugsmart,https://plugsmart.zohorecruit.com,1
zoho,playadelcarmen,https://playadelcarmen.zohorecruit.com,6
zoho,pointgyn,https://pointgyn.zohorecruit.eu,0
zoho,pme-indy,https://pme-indy.zohorecruit.com,1
zoho,plural,https://plural.zohorecruit.com,2
zoho,pmostrategies,https://pmostrategies.zohorecruit.com,8
zoho,pmrenaissance,https://pmrenaissance.zohorecruit.com,36
zoho,point-consulting,https://point-consulting.zohorecruit.eu,1
zoho,plumjobs,https://plumjobs.zohorecruit.com,9
zoho,ppnsol,https://ppnsol.zohorecruit.in,3
zoho,polystaffing,https://polystaffing.zohorecruit.com,1
zoho,pragmaedge,https://pragmaedge.zohorecruit.in,7
zoho,pragra,https://pragra.zohorecruit.in,1
zoho,plataformabilateral,https://plataformabilateral.zohorecruit.eu,1
zoho,pointofviewconsultancy,https://pointofviewconsultancy.zohorecruit.com,0
zoho,policares,https://policares.zohorecruit.eu,1
zoho,portsideconsulting,https://portsideconsulting.zohorecruit.com,1
zoho,pranamrecruiters,https://pranamrecruiters.zohorecruit.in,25
zoho,porscheinformatik,https://porscheinformatik.zohorecruit.eu,1
zoho,pragyashal,https://pragyashal.zohorecruit.in,3
zoho,predera,https://predera.zohorecruit.in,1
zoho,polarisbanklimited,https://polarisbanklimited.zohorecruit.com,17
zoho,prachyam,https://prachyam.zohorecruit.in,1
zoho,plumgroveinc,https://plumgroveinc.zohorecruit.com,6
zoho,potensiedu,https://potensiedu.zohorecruit.com,1
zoho,powerdatagroup,https://powerdatagroup.zohorecruit.com.au,5
zoho,potentiahr,https://potentiahr.zohorecruit.com,16
zoho,prescienceds,https://prescienceds.zohorecruit.in,12
zoho,premjiinvest,https://premjiinvest.zohorecruit.in,3
zoho,postmilitary,https://postmilitary.zohorecruit.com,8
zoho,pnemir,https://pnemir.zohorecruit.com,1
zoho,potentiaworkforce,https://potentiaworkforce.zohorecruit.com,1
zoho,proapp,https://proapp.zohorecruit.in,3
zoho,porchlight-services,https://porchlight-services.zohorecruit.com,78
zoho,powelsonconsulting,https://powelsonconsulting.zohorecruit.com,1
zoho,prayerattheheart,https://prayerattheheart.zohorecruit.com,1
zoho,premiercommunity,https://premiercommunity.zohorecruit.com,1
zoho,ppldynamics,https://ppldynamics.zohorecruit.com,3
zoho,ppsemployment,https://ppsemployment.zohorecruit.com,74
zoho,premierstaffservices,https://premierstaffservices.zohorecruit.com,1
zoho,prairiecap,https://prairiecap.zohorecruit.com,1
zoho,premiumgraduate,https://premiumgraduate.zohorecruit.com,36
zoho,pressply,https://pressply.zohorecruit.com,1
zoho,plexitydigital,https://plexitydigital.zohorecruit.com,1
zoho,pptgroup,https://pptgroup.zohorecruit.com,1
zoho,prescottsolutions,https://prescottsolutions.zohorecruit.com,3
zoho,practicewise,https://practicewise.zohorecruit.com,0
zoho,prestigestaffingservices,https://prestigestaffingservices.zohorecruit.com,33
zoho,preferental,https://preferental.zohorecruit.com,2
zoho,premierautoandrv,https://premierautoandrv.zohorecruit.com,4
zoho,precisetechnicalstaffing,https://precisetechnicalstaffing.zohorecruit.com,1
zoho,precisionmedicalbilling,https://precisionmedicalbilling.zohorecruit.com,2
zoho,pressone,https://pressone.zohorecruit.com,1
zoho,prnews,https://prnews.zohorecruit.eu,10
zoho,presence,https://presence.zohorecruit.com,1
zoho,powerkitchen,https://powerkitchen.zohorecruit.com,1
zoho,powersalesjobs,https://powersalesjobs.zohorecruit.com,0
zoho,prbythebook,https://prbythebook.zohorecruit.com,7
zoho,presta,https://presta.zohorecruit.com,5
zoho,prodevans,https://prodevans.zohorecruit.in,1
zoho,primaxcleaning,https://primaxcleaning.zohorecruit.com,9
zoho,primasg,https://primasg.zohorecruit.com,25
zoho,privatecaresolutions,https://privatecaresolutions.zohorecruit.eu,0
zoho,probam,https://probam.zohorecruit.eu,1
zoho,practicejobs,https://practicejobs.zohorecruit.com,53
zoho,prioclen,https://prioclen.zohorecruit.eu,2
zoho,proactive-md,https://proactive-md.zohorecruit.com,5
zoho,premiersoin,https://premiersoin.zohorecruit.com,1
zoho,principled,https://principled.zohorecruit.com,1
zoho,precisionpartnerships,https://precisionpartnerships.zohorecruit.com,0
zoho,problemcompany,https://problemcompany.zohorecruit.com,0
zoho,privasec,https://privasec.zohorecruit.com,0
zoho,prio,https://prio.zohorecruit.com,116
zoho,procurement-partner,https://procurement-partner.zohorecruit.eu,13
zoho,prioxtel,https://prioxtel.zohorecruit.com,4
zoho,ppl2w,https://ppl2w.zohorecruit.com,65
zoho,procurabl,https://procurabl.zohorecruit.in,0
zoho,propsquares,https://propsquares.zohorecruit.in,2
zoho,northcoservices,https://northcoservices.zohorecruit.ca,8
zoho,propellasearch,https://propellasearch.zohorecruit.in,1
zoho,proctorts,https://proctorts.zohorecruit.com,0
zoho,prizmmedia,https://prizmmedia.zohorecruit.com,0
zoho,pri,https://pri.zohorecruit.com,25
zoho,prestonrecruitment,https://prestonrecruitment.zohorecruit.com,39
zoho,primusworkforce,https://primusworkforce.zohorecruit.com,30
zoho,project-lithium,https://project-lithium.zohorecruit.in,1
zoho,prognova,https://prognova.zohorecruit.in,13
zoho,professionalrecruitment,https://professionalrecruitment.zohorecruit.eu,74
zoho,profit-tech,https://profit-tech.zohorecruit.com,2
zoho,progebouwadvies,https://progebouwadvies.zohorecruit.eu,2
zoho,project,https://project.zohorecruit.eu,1
zoho,progojobs,https://progojobs.zohorecruit.com,0
zoho,pubninja,https://pubninja.zohorecruit.in,19
zoho,prometeosoluciones,https://prometeosoluciones.zohorecruit.com,41
zoho,prometheanparticles,https://prometheanparticles.zohorecruit.eu,1
zoho,protalentaus,https://protalentaus.zohorecruit.com.au,1
zoho,nmg,https://nmg.zohorecruit.ca,5
zoho,premiabn,https://premiabn.zohorecruit.com,0
zoho,prolifichr,https://prolifichr.zohorecruit.com,1
zoho,prembly,https://prembly.zohorecruit.com,1
zoho,progressivestaffingllc,https://progressivestaffingllc.zohorecruit.com,40
zoho,proozy,https://proozy.zohorecruit.com,1
zoho,promotionpix,https://promotionpix.zohorecruit.com,25
zoho,proscore,https://proscore.zohorecruit.com,22
zoho,powergen-re,https://powergen-re.zohorecruit.com,1
zoho,prorec,https://prorec.zohorecruit.com,1
zoho,proj68,https://proj68.zohorecruit.com,1
zoho,qnulabs,https://qnulabs.zohorecruit.in,0
zoho,publift,https://publift.zohorecruit.com.au,1
zoho,protearecruitment,https://protearecruitment.zohorecruit.eu,18
zoho,promove,https://promove.zohorecruit.com,1
zoho,profitroom,https://profitroom.zohorecruit.eu,3
zoho,propulsionrh,https://propulsionrh.zohorecruit.com,4
zoho,prosupportservicesgh,https://prosupportservicesgh.zohorecruit.com,1
zoho,propertytalents,https://propertytalents.zohorecruit.com,38
zoho,prosolaramerica,https://prosolaramerica.zohorecruit.com,23
zoho,prosolarcaribbean,https://prosolarcaribbean.zohorecruit.com,5
zoho,proven-sa,https://proven-sa.zohorecruit.com,11
zoho,pumau,https://pumau.zohorecruit.com.au,2
zoho,protem,https://protem.zohorecruit.com,1
zoho,psgjobs,https://psgjobs.zohorecruit.com,0
zoho,pyxai,https://pyxai.zohorecruit.com,1
zoho,qseap,https://qseap.zohorecruit.in,1
zoho,purelyautomotiverecruitment,https://purelyautomotiverecruitment.zohorecruit.eu,0
zoho,pxlp,https://pxlp.zohorecruit.com,1
zoho,prosolarflorida,https://prosolarflorida.zohorecruit.com,6
zoho,psych360,https://psych360.zohorecruit.com,16
zoho,prosmechanics,https://prosmechanics.zohorecruit.com,85
zoho,psdincpr,https://psdincpr.zohorecruit.com,28
zoho,pty,https://pty.zohorecruit.com,2
zoho,pyramidresourcing,https://pyramidresourcing.zohorecruit.com,17
zoho,purity-clean,https://purity-clean.zohorecruit.eu,0
zoho,qbrainx,https://qbrainx.zohorecruit.com,107
zoho,pwc,https://pwc.zohorecruit.eu,0
zoho,psicotec,https://psicotec.zohorecruit.com,98
zoho,purexhc,https://purexhc.zohorecruit.com,22
zoho,purechase,https://purechase.zohorecruit.eu,7
zoho,qlarion,https://qlarion.zohorecruit.com,5
zoho,qualitymaintenance,https://qualitymaintenance.zohorecruit.com,6
zoho,quanta,https://quanta.zohorecruit.eu,1
zoho,qrcgroup,https://qrcgroup.zohorecruit.com,29
zoho,qualitysearch,https://qualitysearch.zohorecruit.eu,10
zoho,qbe,https://qbe.zohorecruit.com,1
zoho,qsourcing,https://qsourcing.zohorecruit.com,213
zoho,qatargreenleaders,https://qatargreenleaders.zohorecruit.com,4
zoho,pvlumens,https://pvlumens.zohorecruit.com,0
zoho,quantiqpartners,https://quantiqpartners.zohorecruit.com,0
zoho,qrrh,https://qrrh.zohorecruit.com,1
zoho,qubit,https://qubit.zohorecruit.in,0
zoho,provistechnologies,https://provistechnologies.zohorecruit.com,0
zoho,qi,https://qi.zohorecruit.com,0
zoho,qrminc,https://qrminc.zohorecruit.com,1
zoho,procreator,https://procreator.zohorecruit.com,16
zoho,quesscorp,https://quesscorp.zohorecruit.com,2
zoho,quanti,https://quanti.zohorecruit.com,0
zoho,ps-com,https://ps-com.zohorecruit.eu,3
zoho,quadrasystems,https://quadrasystems.zohorecruit.in,4
zoho,quardintel,https://quardintel.zohorecruit.com,1
zoho,quant,https://quant.zohorecruit.com,3
zoho,raecroot,https://raecroot.zohorecruit.in,1
zoho,promevo,https://promevo.zohorecruit.com,1
zoho,qodehub,https://qodehub.zohorecruit.com,0
zoho,quantumservices,https://quantumservices.zohorecruit.com,0
zoho,pycs,https://pycs.zohorecruit.com,4
zoho,quicket,https://quicket.zohorecruit.com,0
zoho,quebecentournee,https://quebecentournee.zohorecruit.com,0
zoho,quintype,https://quintype.zohorecruit.com,1
zoho,questalliance,https://questalliance.zohorecruit.com,39
zoho,quentelle,https://quentelle.zohorecruit.com,0
zoho,qr-services,https://qr-services.zohorecruit.com,17
zoho,quickstart,https://quickstart.zohorecruit.com,1
zoho,quimicalbrasil,https://quimicalbrasil.zohorecruit.com,0
zoho,quickdrycleaning,https://quickdrycleaning.zohorecruit.com,5
zoho,r-techinc,https://r-techinc.zohorecruit.in,13
zoho,raftlabs,https://raftlabs.zohorecruit.in,7
zoho,rapidconsultinggroup,https://rapidconsultinggroup.zohorecruit.in,0
zoho,qutip,https://qutip.zohorecruit.com,7
zoho,querwerk,https://querwerk.zohorecruit.eu,22
zoho,quickstartpay,https://quickstartpay.zohorecruit.com,1
zoho,platoshealth,https://platoshealth.zohorecruit.com,7
zoho,r2i,https://r2i.zohorecruit.com,4
zoho,rabe-ero,https://rabe-ero.zohorecruit.eu,1
zoho,raydeninteractive,https://raydeninteractive.zohorecruit.in,0
zoho,qualitystaffingpro,https://qualitystaffingpro.zohorecruit.com,1
zoho,race2cloudtech,https://race2cloudtech.zohorecruit.com,3
zoho,qvtmedia,https://qvtmedia.zohorecruit.com,3
zoho,raffertyresourcing,https://raffertyresourcing.zohorecruit.com,1
zoho,rackbank,https://rackbank.zohorecruit.com,0
zoho,pulselive,https://pulselive.zohorecruit.com,1
zoho,radicalx,https://radicalx.zohorecruit.com,2
zoho,r-2,https://r-2.zohorecruit.com,16
zoho,quicko,https://quicko.zohorecruit.in,8
zoho,raethpracticesolutions,https://raethpracticesolutions.zohorecruit.com,0
zoho,r2comex,https://r2comex.zohorecruit.com,0
zoho,ragnar,https://ragnar.zohorecruit.com,6
zoho,raisead,https://raisead.zohorecruit.eu,0
zoho,ramcourier,https://ramcourier.zohorecruit.com,2
zoho,ranger4,https://ranger4.zohorecruit.eu,1
zoho,rantevents,https://rantevents.zohorecruit.eu,0
zoho,rascalsfunzone,https://rascalsfunzone.zohorecruit.com,2
zoho,raqmiyat,https://raqmiyat.zohorecruit.com,69
zoho,rampgroup,https://rampgroup.zohorecruit.eu,22
zoho,rapyder,https://rapyder.zohorecruit.com,17
zoho,ratecv,https://ratecv.zohorecruit.com,2
zoho,randallconstruction,https://randallconstruction.zohorecruit.com,29
zoho,rahisystems,https://rahisystems.zohorecruit.com,4
zoho,rainesdev,https://rainesdev.zohorecruit.com,9
zoho,raveinfosys,https://raveinfosys.zohorecruit.com,1
zoho,razsurfcamp,https://razsurfcamp.zohorecruit.eu,3
zoho,rayda,https://rayda.zohorecruit.com,2
zoho,ready-sc,https://ready-sc.zohorecruit.eu,0
zoho,readinessit,https://readinessit.zohorecruit.com,3
zoho,rainforest,https://rainforest.zohorecruit.com,4
zoho,ravel,https://ravel.zohorecruit.com,0
zoho,raveone,https://raveone.zohorecruit.com,1
zoho,rdts,https://rdts.zohorecruit.com,0
zoho,ratelinx,https://ratelinx.zohorecruit.com,0
zoho,raseel,https://raseel.zohorecruit.com,1
zoho,realestateassistant,https://realestateassistant.zohorecruit.com,8
zoho,raysandreach,https://raysandreach.zohorecruit.com,2
zoho,rapid-erp,https://rapid-erp.zohorecruit.com,0
zoho,reachfirst,https://reachfirst.zohorecruit.com,5
zoho,realeyec,https://realeyec.zohorecruit.com,0
zoho,rayyan,https://rayyan.zohorecruit.com,4
zoho,rawe-hermetics,https://rawe-hermetics.zohorecruit.com,0
zoho,reachsummit,https://reachsummit.zohorecruit.com,5
zoho,realagentpro,https://realagentpro.zohorecruit.com,2
zoho,rattleberry,https://rattleberry.zohorecruit.com,2
zoho,recircle,https://recircle.zohorecruit.in,0
zoho,recoveryrecruitment,https://recoveryrecruitment.zohorecruit.com,1
zoho,rayhillmedia,https://rayhillmedia.zohorecruit.com,2
zoho,reboot-conseil,https://reboot-conseil.zohorecruit.eu,1
zoho,recodesolutions,https://recodesolutions.zohorecruit.in,1
zoho,rdnutritionconsultants,https://rdnutritionconsultants.zohorecruit.com,214
zoho,recruitedremotely,https://recruitedremotely.zohorecruit.com,1
zoho,reconnect,https://reconnect.zohorecruit.com,1
zoho,recruitment-boutique,https://recruitment-boutique.zohorecruit.com,1
zoho,recodeworld,https://recodeworld.zohorecruit.com,20
zoho,recruitcumbria,https://recruitcumbria.zohorecruit.com,13
zoho,recruiting,https://recruiting.zohorecruit.eu,11
zoho,realynk,https://realynk.zohorecruit.com,30
zoho,recruitermixer,https://recruitermixer.zohorecruit.com,1
zoho,recruit-pnw,https://recruit-pnw.zohorecruit.com,3
zoho,recruitevotek,https://recruitevotek.zohorecruit.com,6
zoho,reaktivstudios,https://reaktivstudios.zohorecruit.com,1
zoho,reateknoloji,https://reateknoloji.zohorecruit.com,1
zoho,recruityard,https://recruityard.zohorecruit.eu,17
zoho,recruitsconsultancy,https://recruitsconsultancy.zohorecruit.com,6
zoho,recruitmenthq,https://recruitmenthq.zohorecruit.com,108
zoho,redearthmigration,https://redearthmigration.zohorecruit.in,11
zoho,reddus,https://reddus.zohorecruit.in,3
zoho,rcsi-mub,https://rcsi-mub.zohorecruit.com,0
zoho,recruitmentalley,https://recruitmentalley.zohorecruit.com,0
zoho,recruteaction,https://recruteaction.zohorecruit.com,48
zoho,redleaf,https://redleaf.zohorecruit.in,1
zoho,redianglobal,https://redianglobal.zohorecruit.in,3
zoho,recruitbyme,https://recruitbyme.zohorecruit.eu,0
zoho,redux,https://redux.zohorecruit.in,1
zoho,recruitytalent,https://recruitytalent.zohorecruit.eu,20
zoho,relexhealth,https://relexhealth.zohorecruit.in,0
zoho,recruitmentalliance,https://recruitmentalliance.zohorecruit.com,66
zoho,recruitners,https://recruitners.zohorecruit.com,2
zoho,recrutement-commerciaux,https://recrutement-commerciaux.zohorecruit.com,0
zoho,rectrain,https://rectrain.zohorecruit.com,5
zoho,reposenergy,https://reposenergy.zohorecruit.in,0
zoho,redkaya,https://redkaya.zohorecruit.eu,0
zoho,redbridgedta,https://redbridgedta.zohorecruit.com,1
zoho,redcross,https://redcross.zohorecruit.com,1
zoho,recruitmymom,https://recruitmymom.zohorecruit.com,154
zoho,redfordrecruiters,https://redfordrecruiters.zohorecruit.com,50
zoho,redkitesolicitors,https://redkitesolicitors.zohorecruit.eu,12
zoho,relondon,https://relondon.zohorecruit.eu,0
zoho,redtalento,https://redtalento.zohorecruit.com,40
zoho,redfrogsolutions,https://redfrogsolutions.zohorecruit.com,8
zoho,redtech,https://redtech.zohorecruit.com,4
zoho,redkiteengineering,https://redkiteengineering.zohorecruit.eu,0
zoho,redd,https://redd.zohorecruit.com,2
zoho,redpointberatung,https://redpointberatung.zohorecruit.eu,1
zoho,refindable,https://refindable.zohorecruit.com,24
zoho,remoteworkmate,https://remoteworkmate.zohorecruit.com.au,11
zoho,redsixdigital,https://redsixdigital.zohorecruit.com,1
zoho,rediansoftware,https://rediansoftware.zohorecruit.com,2
zoho,redliontruckstop,https://redliontruckstop.zohorecruit.eu,5
zoho,regulvar,https://regulvar.zohorecruit.com,49
zoho,releveenforce,https://releveenforce.zohorecruit.com,32
zoho,reelhires,https://reelhires.zohorecruit.com,0
zoho,remotechoice,https://remotechoice.zohorecruit.eu,35
zoho,registryally,https://registryally.zohorecruit.com,87
zoho,releve-entreprise,https://releve-entreprise.zohorecruit.com,1
zoho,remote-work,https://remote-work.zohorecruit.eu,1
zoho,redember-recruitment,https://redember-recruitment.zohorecruit.com,88
zoho,refugeesuitzendbureau,https://refugeesuitzendbureau.zohorecruit.eu,26
zoho,referentia,https://referentia.zohorecruit.com,2
zoho,remoteleehq,https://remoteleehq.zohorecruit.com,1
zoho,reidagency,https://reidagency.zohorecruit.com,0
zoho,reelstaffing,https://reelstaffing.zohorecruit.com,8
zoho,relewant,https://relewant.zohorecruit.com,24
zoho,revenuehero,https://revenuehero.zohorecruit.in,1
zoho,releasepoint,https://releasepoint.zohorecruit.com,0
zoho,resolutewfs,https://resolutewfs.zohorecruit.com,5
zoho,reputation,https://reputation.zohorecruit.com,1
zoho,redmane,https://redmane.zohorecruit.com,11
zoho,reduzer,https://reduzer.zohorecruit.com,9
zoho,relpro,https://relpro.zohorecruit.com,8
zoho,resolutesolutions,https://resolutesolutions.zohorecruit.com,1
zoho,remoteoffice,https://remoteoffice.zohorecruit.com,36
zoho,repsandcompany,https://repsandcompany.zohorecruit.com,25
zoho,resustainability,https://resustainability.zohorecruit.com,1
zoho,restartlife,https://restartlife.zohorecruit.com,1
zoho,reperagemarketing,https://reperagemarketing.zohorecruit.com,49
zoho,rekrew,https://rekrew.zohorecruit.com,1
zoho,restorationhr,https://restorationhr.zohorecruit.com,68
zoho,rentingcarz,https://rentingcarz.zohorecruit.com,6
zoho,reemployedllc,https://reemployedllc.zohorecruit.com,1
zoho,reliancemm,https://reliancemm.zohorecruit.com,1
zoho,resal,https://resal.zohorecruit.com,1
zoho,resourcewell,https://resourcewell.zohorecruit.com,37
zoho,restauration,https://restauration.zohorecruit.com,6
zoho,qhrpeople,https://qhrpeople.zohorecruit.com,1
zoho,retailmanagementservices,https://retailmanagementservices.zohorecruit.eu,25
zoho,restore-talent,https://restore-talent.zohorecruit.com,61
zoho,resilientit,https://resilientit.zohorecruit.com,1
zoho,renmoney,https://renmoney.zohorecruit.com,4
zoho,retailcloud,https://retailcloud.zohorecruit.com,7
zoho,resolutor-ti,https://resolutor-ti.zohorecruit.com,5
zoho,ribenterprises,https://ribenterprises.zohorecruit.in,1
zoho,rewump,https://rewump.zohorecruit.eu,2
zoho,remotebase,https://remotebase.zohorecruit.com,7
zoho,retailo,https://retailo.zohorecruit.com,5
zoho,resourceit,https://resourceit.zohorecruit.com,407
zoho,revampco,https://revampco.zohorecruit.com,1
zoho,revenueaccelerator,https://revenueaccelerator.zohorecruit.com,2
zoho,rfdmsolutions,https://rfdmsolutions.zohorecruit.com,0
zoho,riskcovry,https://riskcovry.zohorecruit.in,8
zoho,revive,https://revive.zohorecruit.com,0
zoho,rightwayrecruitment,https://rightwayrecruitment.zohorecruit.com.au,0
zoho,rixosresorts,https://rixosresorts.zohorecruit.in,1
zoho,rgis,https://rgis.zohorecruit.eu,54
zoho,richardjanes,https://richardjanes.zohorecruit.com,0
zoho,rhambiz,https://rhambiz.zohorecruit.com,13
zoho,rhrexpert,https://rhrexpert.zohorecruit.com,1
zoho,ribatis,https://ribatis.zohorecruit.com,11
zoho,rh-solutions-agiles,https://rh-solutions-agiles.zohorecruit.eu,0
zoho,robrosystems,https://robrosystems.zohorecruit.in,9
zoho,rocketlearning,https://rocketlearning.zohorecruit.in,45
zoho,rightcrowd,https://rightcrowd.zohorecruit.com,1
zoho,ricasi-consultancy,https://ricasi-consultancy.zohorecruit.com,1
zoho,righit,https://righit.zohorecruit.com,3
zoho,ringleader,https://ringleader.zohorecruit.com,7
zoho,ridesta,https://ridesta.zohorecruit.com,1
zoho,rimrocktechnology,https://rimrocktechnology.zohorecruit.com,0
zoho,rightseat,https://rightseat.zohorecruit.com,0
zoho,ripplerecruit,https://ripplerecruit.zohorecruit.eu,0
zoho,rhainternational,https://rhainternational.zohorecruit.com,1
zoho,rinconsearch,https://rinconsearch.zohorecruit.com,17
zoho,rickdavisrealestate,https://rickdavisrealestate.zohorecruit.com,3
zoho,rigt,https://rigt.zohorecruit.com,1
zoho,rir,https://rir.zohorecruit.com,0
zoho,rincontechnicalsearch,https://rincontechnicalsearch.zohorecruit.com,0
zoho,rmsi,https://rmsi.zohorecruit.com,19
zoho,riverlandstaffing,https://riverlandstaffing.zohorecruit.com,1
zoho,roamtech,https://roamtech.zohorecruit.com,14
zoho,rize,https://rize.zohorecruit.com,1
zoho,rivermatrix,https://rivermatrix.zohorecruit.com,66
zoho,riso-app,https://riso-app.zohorecruit.eu,5
zoho,rockitcareers,https://rockitcareers.zohorecruit.com,1
zoho,rhs,https://rhs.zohorecruit.com,298
zoho,rnssol,https://rnssol.zohorecruit.com,2
zoho,rjdesign,https://rjdesign.zohorecruit.com,0
zoho,rosh,https://rosh.zohorecruit.in,1
zoho,roesseljoy,https://roesseljoy.zohorecruit.com,57
zoho,rksdesign,https://rksdesign.zohorecruit.com,6
zoho,ridhirazen,https://ridhirazen.zohorecruit.com,15
zoho,roadrescueasphalt,https://roadrescueasphalt.zohorecruit.com,4
zoho,rootsindia,https://rootsindia.zohorecruit.in,102
zoho,rizehr,https://rizehr.zohorecruit.com,0
zoho,rippleslearning,https://rippleslearning.zohorecruit.com,3
zoho,rmteam,https://rmteam.zohorecruit.com,3
zoho,rmvsolutions,https://rmvsolutions.zohorecruit.com,22
zoho,romanspage,https://romanspage.zohorecruit.com,1
zoho,riseagroinfra,https://riseagroinfra.zohorecruit.com,19
zoho,rigelnetworks,https://rigelnetworks.zohorecruit.com,5
zoho,roxonn,https://roxonn.zohorecruit.in,9
zoho,rollingarrays,https://rollingarrays.zohorecruit.com,1
zoho,ripkurrent,https://ripkurrent.zohorecruit.com,1
zoho,roam,https://roam.zohorecruit.com,146
zoho,rovroutsourcing,https://rovroutsourcing.zohorecruit.com.au,3
zoho,rohrgroup,https://rohrgroup.zohorecruit.eu,2
zoho,rockwhatyougotlive,https://rockwhatyougotlive.zohorecruit.com,1
zoho,rossatogroup,https://rossatogroup.zohorecruit.com,1
zoho,royalbridal,https://royalbridal.zohorecruit.com,1
zoho,rocnjobs,https://rocnjobs.zohorecruit.com,1
zoho,rova,https://rova.zohorecruit.com,0
zoho,robocore,https://robocore.zohorecruit.eu,0
zoho,rmdayton,https://rmdayton.zohorecruit.com,1
zoho,royalbasketballschool,https://royalbasketballschool.zohorecruit.com,3
zoho,rooman,https://rooman.zohorecruit.in,48
zoho,rhcapital,https://rhcapital.zohorecruit.com,1
zoho,rondodelvalle,https://rondodelvalle.zohorecruit.com,1
zoho,routeofpie,https://routeofpie.zohorecruit.com,1
zoho,roboyo,https://roboyo.zohorecruit.eu,1
zoho,roonlabs,https://roonlabs.zohorecruit.com,0
zoho,rrd,https://rrd.zohorecruit.in,21
zoho,rodriguezconsulting,https://rodriguezconsulting.zohorecruit.com,3
zoho,rossorecruiting,https://rossorecruiting.zohorecruit.com,25
zoho,royalinstitute,https://royalinstitute.zohorecruit.com,107
zoho,ribbitzllc,https://ribbitzllc.zohorecruit.com,0
zoho,runiosit,https://runiosit.zohorecruit.eu,14
zoho,royalcyber,https://royalcyber.zohorecruit.com,9
zoho,rs-hunter,https://rs-hunter.zohorecruit.com,89
zoho,rushacareers,https://rushacareers.zohorecruit.com,0
zoho,ruut,https://ruut.zohorecruit.com,1
zoho,royalprofessionalservices,https://royalprofessionalservices.zohorecruit.com,0
zoho,rsm,https://rsm.zohorecruit.com,12
zoho,rsmatl,https://rsmatl.zohorecruit.com,17
zoho,rpskills,https://rpskills.zohorecruit.com,3
zoho,roborana,https://roborana.zohorecruit.eu,0
zoho,saajha,https://saajha.zohorecruit.in,2
zoho,rutherfordinternational,https://rutherfordinternational.zohorecruit.com,32
zoho,rjscapital,https://rjscapital.zohorecruit.com,1
zoho,rushresources,https://rushresources.zohorecruit.com,0
zoho,runningrobots,https://runningrobots.zohorecruit.com,2
zoho,rupenet,https://rupenet.zohorecruit.com,1
zoho,rumzer,https://rumzer.zohorecruit.com,12
zoho,ruheglobalresources,https://ruheglobalresources.zohorecruit.com,9
zoho,rtnow,https://rtnow.zohorecruit.com,3
zoho,runtalent,https://runtalent.zohorecruit.com,78
zoho,satincorp,https://satincorp.zohorecruit.in,14
zoho,rvs-it,https://rvs-it.zohorecruit.com,7
zoho,roebuckstaffing,https://roebuckstaffing.zohorecruit.com,1
zoho,ruvos,https://ruvos.zohorecruit.com,1
zoho,rwrecruitment,https://rwrecruitment.zohorecruit.eu,26
zoho,ryzeclaims,https://ryzeclaims.zohorecruit.com,0
zoho,sasvic,https://sasvic.zohorecruit.com.au,0
zoho,salespotentials,https://salespotentials.zohorecruit.eu,0
zoho,sacc-usa,https://sacc-usa.zohorecruit.com,0
zoho,sadjawebsolutions,https://sadjawebsolutions.zohorecruit.com,40
zoho,s5stratos,https://s5stratos.zohorecruit.com,5
zoho,rvstaffing,https://rvstaffing.zohorecruit.com,0
zoho,sabi,https://sabi.zohorecruit.com,1
zoho,salesworx,https://salesworx.zohorecruit.com,28
zoho,sarc-maryland,https://sarc-maryland.zohorecruit.com,3
zoho,saahas,https://saahas.zohorecruit.com,21
zoho,saintscapital,https://saintscapital.zohorecruit.com,1
zoho,safaltek,https://safaltek.zohorecruit.com,1
zoho,sanelo,https://sanelo.zohorecruit.eu,3
zoho,salsburyandco,https://salsburyandco.zohorecruit.com,0
zoho,sagetrg,https://sagetrg.zohorecruit.com,1
zoho,salesnote,https://salesnote.zohorecruit.eu,6
zoho,safetychain,https://safetychain.zohorecruit.com,0
zoho,salamair,https://salamair.zohorecruit.com,1
zoho,salestransformationgroup,https://salestransformationgroup.zohorecruit.com,1
zoho,ryandonner,https://ryandonner.zohorecruit.com,37
zoho,sajoom,https://sajoom.zohorecruit.com,14
zoho,sankoreglobal,https://sankoreglobal.zohorecruit.com,25
zoho,safehaventalent,https://safehaventalent.zohorecruit.eu,78
zoho,sakshi,https://sakshi.zohorecruit.com,1
zoho,san3atech,https://san3atech.zohorecruit.com,7
zoho,saper,https://saper.zohorecruit.com,1
zoho,sarhaneg,https://sarhaneg.zohorecruit.com,1
zoho,sb-bg,https://sb-bg.zohorecruit.eu,0
zoho,sandi,https://sandi.zohorecruit.com,18
zoho,rvpconsultants,https://rvpconsultants.zohorecruit.com,1
zoho,sc-silver,https://sc-silver.zohorecruit.com,2
zoho,sabenzait,https://sabenzait.zohorecruit.com,307
zoho,savvysearch,https://savvysearch.zohorecruit.com,1
zoho,sample,https://sample.zohorecruit.com,0
zoho,sca,https://sca.zohorecruit.com,0
zoho,sbits,https://sbits.zohorecruit.com,1
zoho,scaleflex,https://scaleflex.zohorecruit.eu,0
zoho,scaleupproject,https://scaleupproject.zohorecruit.com,0
zoho,samgi,https://samgi.zohorecruit.com,50
zoho,salientprocess,https://salientprocess.zohorecruit.com,2
zoho,sbsnw,https://sbsnw.zohorecruit.com,7
zoho,sbpmr,https://sbpmr.zohorecruit.com,1
zoho,scavengers,https://scavengers.zohorecruit.com,1
zoho,scgbsolutions,https://scgbsolutions.zohorecruit.in,1
zoho,saleshunters,https://saleshunters.zohorecruit.com,1
zoho,sarasanalytics,https://sarasanalytics.zohorecruit.com,6
zoho,scaleinafrica,https://scaleinafrica.zohorecruit.com,7
zoho,sargus,https://sargus.zohorecruit.com,0
zoho,sagitaz,https://sagitaz.zohorecruit.com,2
zoho,scale-x,https://scale-x.zohorecruit.com,83
zoho,salesbridge,https://salesbridge.zohorecruit.com,2
zoho,scalableos,https://scalableos.zohorecruit.com,27
zoho,schbang,https://schbang.zohorecruit.com,1
zoho,scientificgames,https://scientificgames.zohorecruit.com,59
zoho,sath,https://sath.zohorecruit.com,1
zoho,scendea,https://scendea.zohorecruit.eu,8
zoho,satoriconsultinginc,https://satoriconsultinginc.zohorecruit.com,5
zoho,scalemill,https://scalemill.zohorecruit.com,1
zoho,scaleupally,https://scaleupally.zohorecruit.com,7
zoho,scaleyourmsp,https://scaleyourmsp.zohorecruit.com,0
zoho,salvadorcaetano,https://salvadorcaetano.zohorecruit.eu,285
zoho,scotiapartnership,https://scotiapartnership.zohorecruit.com,1
zoho,schultecruise,https://schultecruise.zohorecruit.eu,1
zoho,scpowerhouse,https://scpowerhouse.zohorecruit.com,0
zoho,scopicsoftware,https://scopicsoftware.zohorecruit.com,8
zoho,seccom,https://seccom.zohorecruit.in,5
zoho,scm,https://scm.zohorecruit.eu,1
zoho,scrumconnect,https://scrumconnect.zohorecruit.eu,116
zoho,scstaffinginc,https://scstaffinginc.zohorecruit.com,65
zoho,seaplaneasia,https://seaplaneasia.zohorecruit.com,7
zoho,scopeinvest,https://scopeinvest.zohorecruit.com,5
zoho,satel,https://satel.zohorecruit.com,19
zoho,seemahospital,https://seemahospital.zohorecruit.in,1
zoho,sdsolutionsllc,https://sdsolutionsllc.zohorecruit.com,1
zoho,scicollege,https://scicollege.zohorecruit.com,1
zoho,scope-medical,https://scope-medical.zohorecruit.com,183
zoho,sea,https://sea.zohorecruit.com,1
zoho,sec24-7,https://sec24-7.zohorecruit.com,1
zoho,savvyhrpartner,https://savvyhrpartner.zohorecruit.com,1
zoho,searchlabs,https://searchlabs.zohorecruit.com,21
zoho,sectona,https://sectona.zohorecruit.com,0
zoho,sdcappsa,https://sdcappsa.zohorecruit.com,1
zoho,seatvnetwork,https://seatvnetwork.zohorecruit.com,1
zoho,seatexcorp,https://seatexcorp.zohorecruit.com,1
zoho,schultegroup,https://schultegroup.zohorecruit.eu,1
zoho,secureitsecurities,https://secureitsecurities.zohorecruit.com,4
zoho,seclore,https://seclore.zohorecruit.com,4
zoho,secify,https://secify.zohorecruit.eu,2
zoho,securitywatch,https://securitywatch.zohorecruit.com,7
zoho,secure-employment,https://secure-employment.zohorecruit.com,0
zoho,seerbit,https://seerbit.zohorecruit.com,1
zoho,scient,https://scient.zohorecruit.com,1
zoho,securityaccent,https://securityaccent.zohorecruit.eu,14
zoho,securitylicenseflorida,https://securitylicenseflorida.zohorecruit.com,0
zoho,selectiveedge,https://selectiveedge.zohorecruit.com,0
zoho,seekerz,https://seekerz.zohorecruit.com,0
zoho,sei,https://sei.zohorecruit.com,1
zoho,select-engineering,https://select-engineering.zohorecruit.com,1
zoho,sensoware,https://sensoware.zohorecruit.com,0
zoho,senceworld,https://senceworld.zohorecruit.com,1
zoho,seplatpetroleum,https://seplatpetroleum.zohorecruit.com,0
zoho,seoclarity,https://seoclarity.zohorecruit.com,10
zoho,selectfi,https://selectfi.zohorecruit.com,0
zoho,seismicconsults,https://seismicconsults.zohorecruit.com,21
zoho,segleclinical,https://segleclinical.zohorecruit.com,1
zoho,sellercrowd,https://sellercrowd.zohorecruit.com,0
zoho,selectureafrica,https://selectureafrica.zohorecruit.com,1
zoho,selectpeople,https://selectpeople.zohorecruit.com,14
zoho,seenapay,https://seenapay.zohorecruit.com,10
zoho,sellent,https://sellent.zohorecruit.eu,2
zoho,selfinsuredreporting,https://selfinsuredreporting.zohorecruit.com,6
zoho,sentientmedia,https://sentientmedia.zohorecruit.com,0
zoho,serch,https://serch.zohorecruit.com,0
zoho,seocom,https://seocom.zohorecruit.eu,0
zoho,selfserviceuat,https://selfserviceuat.zohorecruit.com,20
zoho,seonics,https://seonics.zohorecruit.com,1
zoho,selectforhire,https://selectforhire.zohorecruit.com,12
zoho,segmentify,https://segmentify.zohorecruit.com,2
zoho,shift,https://shift.zohorecruit.in,1
zoho,serial1,https://serial1.zohorecruit.com,0
zoho,serverguy,https://serverguy.zohorecruit.com,0
zoho,seedup,https://seedup.zohorecruit.com,3
zoho,serendipity-recruiting,https://serendipity-recruiting.zohorecruit.com,1
zoho,serbanon,https://serbanon.zohorecruit.eu,1
zoho,serve4glory,https://serve4glory.zohorecruit.eu,1
zoho,sentinelafricaconsulting,https://sentinelafricaconsulting.zohorecruit.com,8
zoho,sell2rent,https://sell2rent.zohorecruit.com,6
zoho,servicecore,https://servicecore.zohorecruit.com,3
zoho,sesomo,https://sesomo.zohorecruit.eu,3
zoho,sesjobs,https://sesjobs.zohorecruit.com,1
zoho,sevaltd,https://sevaltd.zohorecruit.com,9
zoho,servige,https://servige.zohorecruit.com,2
zoho,set,https://set.zohorecruit.com,1
zoho,sevenofficial,https://sevenofficial.zohorecruit.com,14
zoho,sfhnigeria,https://sfhnigeria.zohorecruit.com,10
zoho,serpe,https://serpe.zohorecruit.com,93
zoho,sganwdesign,https://sganwdesign.zohorecruit.com,1
zoho,sharepal,https://sharepal.zohorecruit.com,25
zoho,sfstress,https://sfstress.zohorecruit.com,1
zoho,simpleeducationfoundation,https://simpleeducationfoundation.zohorecruit.in,1
zoho,sgurrenergy,https://sgurrenergy.zohorecruit.com,8
zoho,shopdev,https://shopdev.zohorecruit.com,0
zoho,shiftrecruitment,https://shiftrecruitment.zohorecruit.eu,0
zoho,sharcenergy,https://sharcenergy.zohorecruit.com,1
zoho,sheerme,https://sheerme.zohorecruit.eu,1
zoho,sharpbhglobal,https://sharpbhglobal.zohorecruit.eu,90
zoho,sgrlimited,https://sgrlimited.zohorecruit.com,1
zoho,shopbeguile,https://shopbeguile.zohorecruit.com,1
zoho,shesheretoassistllc,https://shesheretoassistllc.zohorecruit.com,1
zoho,shdm,https://shdm.zohorecruit.com,0
zoho,shirvano,https://shirvano.zohorecruit.com,0
zoho,shinesolutions,https://shinesolutions.zohorecruit.com,7
zoho,shopdarazmyanmar,https://shopdarazmyanmar.zohorecruit.com,0
zoho,shr,https://shr.zohorecruit.eu,16
zoho,seu-usa,https://seu-usa.zohorecruit.com,505
zoho,shikshakji,https://shikshakji.zohorecruit.com,5
zoho,shikishatoursandtravels,https://shikishatoursandtravels.zohorecruit.com,1
zoho,simplso,https://simplso.zohorecruit.in,8
zoho,shiftech,https://shiftech.zohorecruit.com,0
zoho,signup,https://signup.zohorecruit.eu,0
zoho,silvercloudhealth,https://silvercloudhealth.zohorecruit.eu,1
zoho,showsightmagazine,https://showsightmagazine.zohorecruit.com,0
zoho,shull,https://shull.zohorecruit.com,1
zoho,silverfoxgroup,https://silverfoxgroup.zohorecruit.com,0
zoho,silverbellgroup,https://silverbellgroup.zohorecruit.eu,176
zoho,shuttlers,https://shuttlers.zohorecruit.com,1
zoho,shyft6,https://shyft6.zohorecruit.com,17
zoho,sicanada,https://sicanada.zohorecruit.com,0
zoho,silentpartnersoftware,https://silentpartnersoftware.zohorecruit.com,1
zoho,shopfurnitureloft,https://shopfurnitureloft.zohorecruit.com,0
zoho,silainsights,https://silainsights.zohorecruit.com,1
zoho,shubhashishhomes,https://shubhashishhomes.zohorecruit.com,7
zoho,silverside,https://silverside.zohorecruit.eu,5
zoho,sigma-emea,https://sigma-emea.zohorecruit.com,0
zoho,siliconcedars,https://siliconcedars.zohorecruit.com,6
zoho,silah,https://silah.zohorecruit.com,3
zoho,showorkscloud,https://showorkscloud.zohorecruit.com,1
zoho,siciliamia,https://siciliamia.zohorecruit.eu,0
zoho,simpat,https://simpat.zohorecruit.com,1
zoho,signalscape,https://signalscape.zohorecruit.com,6
zoho,shorooq,https://shorooq.zohorecruit.com,4
zoho,simpsondeanrecruitment,https://simpsondeanrecruitment.zohorecruit.com,1
zoho,silverlightgroup,https://silverlightgroup.zohorecruit.eu,0
zoho,simplifiedhrco,https://simplifiedhrco.zohorecruit.com,1
zoho,sidgs,https://sidgs.zohorecruit.com,14
zoho,signatureappraisals,https://signatureappraisals.zohorecruit.com,74
zoho,sinclairresearch,https://sinclairresearch.zohorecruit.com,1
zoho,simplify360,https://simplify360.zohorecruit.com,1
zoho,simtechinc,https://simtechinc.zohorecruit.com,0
zoho,simmexico,https://simmexico.zohorecruit.com,13
zoho,singota,https://singota.zohorecruit.com,5
zoho,sistemtutoring,https://sistemtutoring.zohorecruit.com,0
zoho,simpliance,https://simpliance.zohorecruit.com,0
zoho,skillhubgroup,https://skillhubgroup.zohorecruit.com,10
zoho,sirenassociates,https://sirenassociates.zohorecruit.com,7
zoho,skillhus,https://skillhus.zohorecruit.eu,1
zoho,sintesys,https://sintesys.zohorecruit.com,0
zoho,skillsyncstaffing,https://skillsyncstaffing.zohorecruit.com,1
zoho,skoch,https://skoch.zohorecruit.com,1
zoho,skrozdobrapekara,https://skrozdobrapekara.zohorecruit.eu,29
zoho,simplypayments,https://simplypayments.zohorecruit.eu,1
zoho,skillmatch,https://skillmatch.zohorecruit.com,1
zoho,singaporemathclasses,https://singaporemathclasses.zohorecruit.com,2
zoho,simptempstaffing,https://simptempstaffing.zohorecruit.com,149
zoho,skills-provision,https://skills-provision.zohorecruit.eu,1
zoho,slamstrategy,https://slamstrategy.zohorecruit.com.au,11
zoho,skyrecruitments,https://skyrecruitments.zohorecruit.com,0
zoho,smartworkconsultants,https://smartworkconsultants.zohorecruit.in,62
zoho,skylabcx,https://skylabcx.zohorecruit.com,1
zoho,skilladdr,https://skilladdr.zohorecruit.com,1
zoho,shopsolarkits,https://shopsolarkits.zohorecruit.com,2
zoho,sitreps2steercos,https://sitreps2steercos.zohorecruit.com,1
zoho,skylandandoceantravel,https://skylandandoceantravel.zohorecruit.com,0
zoho,shugulika,https://shugulika.zohorecruit.com,230
zoho,simyasolutions,https://simyasolutions.zohorecruit.com,1
zoho,skillhat,https://skillhat.zohorecruit.com,16
zoho,sisolprojects,https://sisolprojects.zohorecruit.com,2
zoho,siscojobs,https://siscojobs.zohorecruit.com,244
zoho,siriusp,https://siriusp.zohorecruit.com,1
zoho,slingshot-education,https://slingshot-education.zohorecruit.eu,0
zoho,smartstart,https://smartstart.zohorecruit.com,23
zoho,slash,https://slash.zohorecruit.com,9
zoho,slashstaffing,https://slashstaffing.zohorecruit.com,35
zoho,slangapp,https://slangapp.zohorecruit.com,9
zoho,smarttracker,https://smarttracker.zohorecruit.com,1
zoho,smartera3s,https://smartera3s.zohorecruit.com,6
zoho,smartalentit,https://smartalentit.zohorecruit.com,0
zoho,smartid,https://smartid.zohorecruit.eu,0
zoho,snappycx,https://snappycx.zohorecruit.com,0
zoho,smart-infrastructure,https://smart-infrastructure.zohorecruit.com,6
zoho,smartlogixpr,https://smartlogixpr.zohorecruit.com,28
zoho,slidehide,https://slidehide.zohorecruit.com,0
zoho,slpattorney,https://slpattorney.zohorecruit.com,3
zoho,smarttar,https://smarttar.zohorecruit.eu,6
zoho,smartbusinesssolutionsgroup,https://smartbusinesssolutionsgroup.zohorecruit.com,750
zoho,smrgroupinc,https://smrgroupinc.zohorecruit.com,0
zoho,sneaklin,https://sneaklin.zohorecruit.com,0
zoho,simplesolutions,https://simplesolutions.zohorecruit.com,42
zoho,smarterhrsolutions,https://smarterhrsolutions.zohorecruit.com,21
zoho,smf360,https://smf360.zohorecruit.com,38
zoho,snap-14,https://snap-14.zohorecruit.com,4
zoho,smartplus,https://smartplus.zohorecruit.com,3
zoho,softwarehaus,https://softwarehaus.zohorecruit.eu,1
zoho,smsicorp,https://smsicorp.zohorecruit.com,7
zoho,soell-vertrieb,https://soell-vertrieb.zohorecruit.com,1
zoho,sociowash,https://sociowash.zohorecruit.com,27
zoho,softlabs,https://softlabs.zohorecruit.com.au,1
zoho,softheme,https://softheme.zohorecruit.eu,0
zoho,sofueled,https://sofueled.zohorecruit.in,1
zoho,sol-ark,https://sol-ark.zohorecruit.com,7
zoho,socialbrothers,https://socialbrothers.zohorecruit.com,16
zoho,softxpert,https://softxpert.zohorecruit.com,5
zoho,solargleam,https://solargleam.zohorecruit.com,1
zoho,softpymes,https://softpymes.zohorecruit.com,1
zoho,sohnandsol,https://sohnandsol.zohorecruit.com,3
zoho,softwareidm,https://softwareidm.zohorecruit.com,1
zoho,softwareestrategico,https://softwareestrategico.zohorecruit.com,47
zoho,smgeac,https://smgeac.zohorecruit.com,37
zoho,solarworksenergy,https://solarworksenergy.zohorecruit.com,18
zoho,softwaretalent,https://softwaretalent.zohorecruit.eu,25
zoho,solucionesbpo,https://solucionesbpo.zohorecruit.com,0
zoho,soharportandfreezone,https://soharportandfreezone.zohorecruit.com,0
zoho,solofunds,https://solofunds.zohorecruit.com,1
zoho,solutech,https://solutech.zohorecruit.com,0
zoho,solarxperts,https://solarxperts.zohorecruit.com,61
zoho,solulan,https://solulan.zohorecruit.com,7
zoho,solaireresort,https://solaireresort.zohorecruit.com,83
zoho,spacekayak,https://spacekayak.zohorecruit.in,1
zoho,sndbxinternational,https://sndbxinternational.zohorecruit.com,0
zoho,sollum,https://sollum.zohorecruit.com,4
zoho,sparerows,https://sparerows.zohorecruit.in,0
zoho,soldo,https://soldo.zohorecruit.eu,14
zoho,sourcify,https://sourcify.zohorecruit.com.au,2
zoho,solaireentertainment,https://solaireentertainment.zohorecruit.com,1
zoho,solutions2share,https://solutions2share.zohorecruit.com,0
zoho,solutionstobias,https://solutionstobias.zohorecruit.com,41
zoho,soleva,https://soleva.zohorecruit.com,28
zoho,solv,https://solv.zohorecruit.com,0
zoho,sonocent,https://sonocent.zohorecruit.com,0
zoho,solidsystems,https://solidsystems.zohorecruit.com,6
zoho,somanirealtors,https://somanirealtors.zohorecruit.com,0
zoho,spalette,https://spalette.zohorecruit.in,1
zoho,solid,https://solid.zohorecruit.eu,0
zoho,sonicelectronix,https://sonicelectronix.zohorecruit.com,20
zoho,spadope,https://spadope.zohorecruit.com,1
zoho,sourceonehospitality,https://sourceonehospitality.zohorecruit.com,0
zoho,sophieskitchen,https://sophieskitchen.zohorecruit.com,1
zoho,solvexis,https://solvexis.zohorecruit.eu,16
zoho,sp-wind,https://sp-wind.zohorecruit.com,5
zoho,spacefinish,https://spacefinish.zohorecruit.com,15
zoho,sonsetsolutions,https://sonsetsolutions.zohorecruit.com,0
zoho,sourcematch,https://sourcematch.zohorecruit.com,0
zoho,southeasttexashr,https://southeasttexashr.zohorecruit.com,11
zoho,sparqenertech,https://sparqenertech.zohorecruit.in,1
zoho,sparkleandshine,https://sparkleandshine.zohorecruit.com,1
zoho,speakwiselysolutions,https://speakwiselysolutions.zohorecruit.com,3
zoho,specialeventproz,https://specialeventproz.zohorecruit.com,1
zoho,solvoz,https://solvoz.zohorecruit.eu,2
zoho,sourcet,https://sourcet.zohorecruit.com,38
zoho,solinki,https://solinki.zohorecruit.com,0
zoho,spectrapremium,https://spectrapremium.zohorecruit.com,6
zoho,spectramedix,https://spectramedix.zohorecruit.com,2
zoho,solveq,https://solveq.zohorecruit.eu,1
zoho,spatial,https://spatial.zohorecruit.com,2
zoho,sphinxhireai,https://sphinxhireai.zohorecruit.in,0
zoho,spassu,https://spassu.zohorecruit.com,50
zoho,soundcareagency,https://soundcareagency.zohorecruit.com,1
zoho,squadcx,https://squadcx.zohorecruit.in,1
zoho,somoshunter,https://somoshunter.zohorecruit.com,0
zoho,spectral,https://spectral.zohorecruit.com,46
zoho,sq1,https://sq1.zohorecruit.in,7
zoho,spedathome,https://spedathome.zohorecruit.in,0
zoho,spikewell,https://spikewell.zohorecruit.in,31
zoho,spendflo,https://spendflo.zohorecruit.com,3
zoho,sphere-media,https://sphere-media.zohorecruit.com,2
zoho,spotlightbranding,https://spotlightbranding.zohorecruit.com,3
zoho,sssgrameen,https://sssgrameen.zohorecruit.in,3
zoho,sproutly,https://sproutly.zohorecruit.com,4
zoho,sparknovatech,https://sparknovatech.zohorecruit.in,9
zoho,spiible,https://spiible.zohorecruit.com,3
zoho,spcinecorp,https://spcinecorp.zohorecruit.in,0
zoho,speir,https://speir.zohorecruit.com,0
zoho,spartanium,https://spartanium.zohorecruit.com,1
zoho,sravisolutions,https://sravisolutions.zohorecruit.in,0
zoho,sorensenstaffing,https://sorensenstaffing.zohorecruit.com,9
zoho,sportalent,https://sportalent.zohorecruit.eu,6
zoho,sprint,https://sprint.zohorecruit.com,1
zoho,sparkpr,https://sparkpr.zohorecruit.com,3
zoho,sportskeeda,https://sportskeeda.zohorecruit.in,8
zoho,srpcranecontrols,https://srpcranecontrols.zohorecruit.in,1
zoho,sproxil,https://sproxil.zohorecruit.com,13
zoho,spreeloop,https://spreeloop.zohorecruit.com,0
zoho,so-pra,https://so-pra.zohorecruit.ca,292
zoho,staffanchor,https://staffanchor.zohorecruit.in,1
zoho,square-1-recruitment,https://square-1-recruitment.zohorecruit.com,28
zoho,squadbuilders,https://squadbuilders.zohorecruit.com,2
zoho,spxcapital,https://spxcapital.zohorecruit.com,10
zoho,squinxtech,https://squinxtech.zohorecruit.in,1
zoho,springtechllc,https://springtechllc.zohorecruit.com,2
zoho,spinupcampus,https://spinupcampus.zohorecruit.com,4
zoho,speedlancer,https://speedlancer.zohorecruit.com,1
zoho,specialist,https://specialist.zohorecruit.com,10
zoho,squareonemea,https://squareonemea.zohorecruit.com,4
zoho,squarepegassociates,https://squarepegassociates.zohorecruit.com,1
zoho,spotliterecruiting,https://spotliterecruiting.zohorecruit.com,0
zoho,stacklr,https://stacklr.zohorecruit.com,1
zoho,splashway,https://splashway.zohorecruit.com,1
zoho,squalus,https://squalus.zohorecruit.com,4
zoho,staff-kingdom,https://staff-kingdom.zohorecruit.eu,42
zoho,srmc,https://srmc.zohorecruit.com,1
zoho,staffio,https://staffio.zohorecruit.in,38
zoho,squeakyservices,https://squeakyservices.zohorecruit.com,4
zoho,sta-worldwide,https://sta-worldwide.zohorecruit.com,10
zoho,srssu,https://srssu.zohorecruit.com,59
zoho,sswhite,https://sswhite.zohorecruit.com,9
zoho,srilankan,https://srilankan.zohorecruit.com,3
zoho,ssati,https://ssati.zohorecruit.com,10
zoho,spektrasystems,https://spektrasystems.zohorecruit.com,19
zoho,stage,https://stage.zohorecruit.in,11
zoho,statusneo,https://statusneo.zohorecruit.in,13
zoho,stelotechnology,https://stelotechnology.zohorecruit.in,1
zoho,staples,https://staples.zohorecruit.eu,53
zoho,srokausa,https://srokausa.zohorecruit.com,3
zoho,solution25,https://solution25.zohorecruit.eu,8
zoho,staffers,https://staffers.zohorecruit.com,1
zoho,staffinity,https://staffinity.zohorecruit.com,15
zoho,stacktalent,https://stacktalent.zohorecruit.com,0
zoho,squareshift,https://squareshift.zohorecruit.com,5
zoho,starclinch,https://starclinch.zohorecruit.in,15
zoho,stackand,https://stackand.zohorecruit.com,499
zoho,staffdomainza,https://staffdomainza.zohorecruit.com,1
zoho,stamp,https://stamp.zohorecruit.com,1
zoho,stageinc,https://stageinc.zohorecruit.com,0
zoho,staffservices,https://staffservices.zohorecruit.com,36
zoho,staffingproxy,https://staffingproxy.zohorecruit.com,52
zoho,starguidehr,https://starguidehr.zohorecruit.com,49
zoho,starlabor,https://starlabor.zohorecruit.com,14
zoho,stockedge,https://stockedge.zohorecruit.in,1
zoho,staffus,https://staffus.zohorecruit.eu,29
zoho,staffdomains,https://staffdomains.zohorecruit.com,56
zoho,stardustgcs,https://stardustgcs.zohorecruit.com,1
zoho,staffoutsourcesolutions,https://staffoutsourcesolutions.zohorecruit.com,12
zoho,stateside,https://stateside.zohorecruit.com,9
zoho,station24,https://station24.zohorecruit.com,0
zoho,stellasoft,https://stellasoft.zohorecruit.com,2
zoho,staffx,https://staffx.zohorecruit.com.au,18
zoho,stellastays,https://stellastays.zohorecruit.com,1
zoho,steer-tech,https://steer-tech.zohorecruit.com,0
zoho,starfinder,https://starfinder.zohorecruit.com,20
zoho,sterling-lighting,https://sterling-lighting.zohorecruit.com,3
zoho,stepaheadstaffing,https://stepaheadstaffing.zohorecruit.com,9
zoho,streamlyn,https://streamlyn.zohorecruit.in,2
zoho,starrycare,https://starrycare.zohorecruit.com,1
zoho,sti,https://sti.zohorecruit.com,5
zoho,stmsecurity,https://stmsecurity.zohorecruit.com,1
zoho,stafide,https://stafide.zohorecruit.com,366
zoho,stockton,https://stockton.zohorecruit.com,0
zoho,streetgains,https://streetgains.zohorecruit.in,3
zoho,stilng,https://stilng.zohorecruit.com,1
zoho,stwillibrord,https://stwillibrord.zohorecruit.in,39
zoho,starburst,https://starburst.zohorecruit.com,1
zoho,stuba,https://stuba.zohorecruit.in,2
zoho,sumedhait,https://sumedhait.zohorecruit.in,0
zoho,stemhires,https://stemhires.zohorecruit.com,2
zoho,strategycoglobal,https://strategycoglobal.zohorecruit.in,2
zoho,stor7,https://stor7.zohorecruit.com,6
zoho,stonestaffing,https://stonestaffing.zohorecruit.com,0
zoho,startuptalents,https://startuptalents.zohorecruit.com,170
zoho,stwaustralia,https://stwaustralia.zohorecruit.com.au,3
zoho,strategicse,https://strategicse.zohorecruit.com,2
zoho,sugarboxnetworks,https://sugarboxnetworks.zohorecruit.in,0
zoho,suffescom,https://suffescom.zohorecruit.in,39
zoho,strategizeit,https://strategizeit.zohorecruit.com,9
zoho,star-knowledge,https://star-knowledge.zohorecruit.com,1
zoho,stoppie,https://stoppie.zohorecruit.com,1
zoho,stellis,https://stellis.zohorecruit.com,1
zoho,stratlytical,https://stratlytical.zohorecruit.com,1
zoho,stresertintegrated,https://stresertintegrated.zohorecruit.com,89
zoho,strolid,https://strolid.zohorecruit.com,1
zoho,studioimageworks,https://studioimageworks.zohorecruit.com,9
zoho,stickshiftdrivingacademy,https://stickshiftdrivingacademy.zohorecruit.com,1
zoho,sttrinity,https://sttrinity.zohorecruit.com,33
zoho,stoneallen,https://stoneallen.zohorecruit.com,1
zoho,studio613,https://studio613.zohorecruit.com,1
zoho,squadplus,https://squadplus.zohorecruit.ca,3
zoho,studentlanguagebureau,https://studentlanguagebureau.zohorecruit.com,1
zoho,stutzen,https://stutzen.zohorecruit.com,33
zoho,strattonamenities,https://strattonamenities.zohorecruit.com,104
zoho,successmike,https://successmike.zohorecruit.com,1
zoho,studio4,https://studio4.zohorecruit.com,2
zoho,studentexperience,https://studentexperience.zohorecruit.com,0
zoho,stratjuris,https://stratjuris.zohorecruit.com,5
zoho,sumotech,https://sumotech.zohorecruit.com,2
zoho,sunstone,https://sunstone.zohorecruit.in,1
zoho,staffprn,https://staffprn.zohorecruit.com,3
zoho,success-systems,https://success-systems.zohorecruit.com,3
zoho,sufpr,https://sufpr.zohorecruit.com,7
zoho,sun360,https://sun360.zohorecruit.com,13
zoho,suncoasthr,https://suncoasthr.zohorecruit.com,1
zoho,stratostaff,https://stratostaff.zohorecruit.com,188
zoho,sundae,https://sundae.zohorecruit.com,1
zoho,sunrisenannyagency,https://sunrisenannyagency.zohorecruit.com,10
zoho,sublimedatasys,https://sublimedatasys.zohorecruit.com,0
zoho,sustainext,https://sustainext.zohorecruit.in,9
zoho,sunlight,https://sunlight.zohorecruit.com,1
zoho,strategys,https://strategys.zohorecruit.com,0
zoho,sunsoftonline,https://sunsoftonline.zohorecruit.com,25
zoho,sunbytes,https://sunbytes.zohorecruit.com,15
zoho,sunshineandhawk,https://sunshineandhawk.zohorecruit.com,1
zoho,superordinary,https://superordinary.zohorecruit.com,9
zoho,supervek,https://supervek.zohorecruit.com,5
zoho,sumterlocalgovconsulting,https://sumterlocalgovconsulting.zohorecruit.com,26
zoho,sushmaindustries,https://sushmaindustries.zohorecruit.in,1
zoho,superpowerconsulting,https://superpowerconsulting.zohorecruit.com,1
zoho,sundus,https://sundus.zohorecruit.com,1
zoho,symbrojsolar,https://symbrojsolar.zohorecruit.in,3
zoho,superlanet,https://superlanet.zohorecruit.com,45
zoho,sodec,https://sodec.zohorecruit.ca,6
zoho,stride2hire,https://stride2hire.zohorecruit.com,319
zoho,suplift,https://suplift.zohorecruit.com,2
zoho,suzega,https://suzega.zohorecruit.com,15
zoho,spearheadtech,https://spearheadtech.zohorecruit.in,5
zoho,surfacemoto,https://surfacemoto.zohorecruit.in,0
zoho,suryacipta,https://suryacipta.zohorecruit.com,18
zoho,superiorlifestyle,https://superiorlifestyle.zohorecruit.com,4
zoho,swineworks,https://swineworks.zohorecruit.com,12
zoho,swibeco,https://swibeco.zohorecruit.eu,3
zoho,swiftstaffingsolutions,https://swiftstaffingsolutions.zohorecruit.com,0
zoho,swatmaps,https://swatmaps.zohorecruit.com,1
zoho,swellrecruit,https://swellrecruit.zohorecruit.com,1
zoho,support4u,https://support4u.zohorecruit.com,3
zoho,swoopstaffing,https://swoopstaffing.zohorecruit.com,24
zoho,swifttalk,https://swifttalk.zohorecruit.com,1
zoho,sttar,https://sttar.zohorecruit.com,1
zoho,sunupsolar,https://sunupsolar.zohorecruit.com,0
zoho,sympatient,https://sympatient.zohorecruit.eu,0
zoho,swissnexindia,https://swissnexindia.zohorecruit.com,0
zoho,swaniti,https://swaniti.zohorecruit.in,28
zoho,sydts,https://sydts.zohorecruit.com,1
zoho,synopticit,https://synopticit.zohorecruit.com,1
zoho,symbrojmedia,https://symbrojmedia.zohorecruit.in,8
zoho,synapsun,https://synapsun.zohorecruit.com,7
zoho,syook,https://syook.zohorecruit.in,5
zoho,syarah,https://syarah.zohorecruit.com,1
zoho,swan,https://swan.zohorecruit.com,177
zoho,swindia,https://swindia.zohorecruit.com,1
zoho,syncostaffx,https://syncostaffx.zohorecruit.com,0
zoho,solutions-tcc,https://solutions-tcc.zohorecruit.com,9
zoho,synkron-international,https://synkron-international.zohorecruit.com,7
zoho,synergyamerica,https://synergyamerica.zohorecruit.com,131
zoho,symbioticgroup,https://symbioticgroup.zohorecruit.com,68
zoho,taffinc,https://taffinc.zohorecruit.in,6
zoho,t-keywork,https://t-keywork.zohorecruit.eu,19
zoho,symbtechnologies,https://symbtechnologies.zohorecruit.com,4
zoho,syrahealth,https://syrahealth.zohorecruit.com,1
zoho,talentfanatics,https://talentfanatics.zohorecruit.in,9
zoho,sysgroup,https://sysgroup.zohorecruit.eu,2
zoho,systemsltd,https://systemsltd.zohorecruit.com,1
zoho,sydlerelectro,https://sydlerelectro.zohorecruit.com,5
zoho,synergy365,https://synergy365.zohorecruit.com,25
zoho,swissnexboston,https://swissnexboston.zohorecruit.com,1
zoho,swingfitacademies,https://swingfitacademies.zohorecruit.com,3
zoho,synoriq,https://synoriq.zohorecruit.com,9
zoho,tailwindtech,https://tailwindtech.zohorecruit.com,1
zoho,tagalys,https://tagalys.zohorecruit.com,0
zoho,taker,https://taker.zohorecruit.com,6
zoho,talentbee,https://talentbee.zohorecruit.com,1
zoho,t-hub,https://t-hub.zohorecruit.com,0
zoho,sustainetgroup,https://sustainetgroup.zohorecruit.com,0
zoho,syokinet,https://syokinet.zohorecruit.com,0
zoho,talentelitegroup,https://talentelitegroup.zohorecruit.com,16
zoho,taism,https://taism.zohorecruit.com,0
zoho,talencore,https://talencore.zohorecruit.com,14
zoho,talent-shore,https://talent-shore.zohorecruit.com,185
zoho,takenjobs,https://takenjobs.zohorecruit.com,12
zoho,taktglobalsolutions,https://taktglobalsolutions.zohorecruit.com,2
zoho,talent-merge,https://talent-merge.zohorecruit.com,33
zoho,talentfullinc,https://talentfullinc.zohorecruit.com,1
zoho,talenthaus,https://talenthaus.zohorecruit.com,0
zoho,talentetfoi,https://talentetfoi.zohorecruit.eu,20
zoho,symbioticservices,https://symbioticservices.zohorecruit.com,153
zoho,talentdepot,https://talentdepot.zohorecruit.com,6
zoho,talencity,https://talencity.zohorecruit.com,20
zoho,talentpairing,https://talentpairing.zohorecruit.in,1
zoho,talentgap,https://talentgap.zohorecruit.com,0
zoho,symplyfi,https://symplyfi.zohorecruit.com,1
zoho,talentgroup,https://talentgroup.zohorecruit.com,1
zoho,talenthue,https://talenthue.zohorecruit.com,1
zoho,suncoastdrivers,https://suncoastdrivers.zohorecruit.com,84
zoho,tadpole,https://tadpole.zohorecruit.com,13
zoho,talentharvest,https://talentharvest.zohorecruit.com,1
zoho,t-match,https://t-match.zohorecruit.com,35
zoho,tajtalent,https://tajtalent.zohorecruit.com,0
zoho,talentierus,https://talentierus.zohorecruit.com,2
zoho,talentsenior,https://talentsenior.zohorecruit.eu,0
zoho,talentelevatestaffing,https://talentelevatestaffing.zohorecruit.com,1
zoho,talentxplore,https://talentxplore.zohorecruit.in,245
zoho,talentinthecloud,https://talentinthecloud.zohorecruit.com,5
zoho,talentplushr,https://talentplushr.zohorecruit.com,4
zoho,tahseenaviation,https://tahseenaviation.zohorecruit.com,1
zoho,talenting,https://talenting.zohorecruit.com,3
zoho,tabapay,https://tabapay.zohorecruit.com,1
zoho,talentop,https://talentop.zohorecruit.com,0
zoho,talentpoel,https://talentpoel.zohorecruit.com,1
zoho,talentry,https://talentry.zohorecruit.com,98
zoho,talentsphere360,https://talentsphere360.zohorecruit.com,2
zoho,talproindia,https://talproindia.zohorecruit.in,640
zoho,talentguider,https://talentguider.zohorecruit.com,1
zoho,talentspot,https://talentspot.zohorecruit.com,7
zoho,talenthubaustralia,https://talenthubaustralia.zohorecruit.com.au,3
zoho,talkinglands,https://talkinglands.zohorecruit.in,9
zoho,tahawl,https://tahawl.zohorecruit.com,2
zoho,talenterainc,https://talenterainc.zohorecruit.com,0
zoho,tallywiz,https://tallywiz.zohorecruit.in,1
zoho,talenture,https://talenture.zohorecruit.com,7
zoho,taflink,https://taflink.zohorecruit.com,1
zoho,talentremedy,https://talentremedy.zohorecruit.com,41
zoho,talentbridgestaffinginc,https://talentbridgestaffinginc.zohorecruit.com,1
zoho,tataplayfiber,https://tataplayfiber.zohorecruit.in,5
zoho,talentx,https://talentx.zohorecruit.com,1
zoho,talitrix,https://talitrix.zohorecruit.com,0
zoho,talentsquare,https://talentsquare.zohorecruit.com,8
zoho,talenttr,https://talenttr.zohorecruit.com,1
zoho,tandemsd,https://tandemsd.zohorecruit.com,2
zoho,talentlyrecruiting,https://talentlyrecruiting.zohorecruit.com,0
zoho,talmadgegroup,https://talmadgegroup.zohorecruit.com,13
zoho,tangorh,https://tangorh.zohorecruit.com,15
zoho,taswira,https://taswira.zohorecruit.com,2
zoho,talentlinkedconsultancy,https://talentlinkedconsultancy.zohorecruit.in,45
zoho,tandooritwist,https://tandooritwist.zohorecruit.eu,3
zoho,tamimi-commercial,https://tamimi-commercial.zohorecruit.com,40
zoho,tanitweb,https://tanitweb.zohorecruit.com,5
zoho,tangramvision,https://tangramvision.zohorecruit.com,1
zoho,tasind,https://tasind.zohorecruit.com,17
zoho,taotesting,https://taotesting.zohorecruit.eu,1
zoho,tanmyah,https://tanmyah.zohorecruit.com,1
zoho,talentosenior,https://talentosenior.zohorecruit.com,3
zoho,taego,https://taego.zohorecruit.com,1
zoho,tblocks,https://tblocks.zohorecruit.in,2
zoho,teampureplay,https://teampureplay.zohorecruit.in,2
zoho,teamsme,https://teamsme.zohorecruit.in,1
zoho,teaminterval,https://teaminterval.zohorecruit.in,9
zoho,tecell,https://tecell.zohorecruit.in,6
zoho,techenhance,https://techenhance.zohorecruit.in,0
zoho,techbrainscorp,https://techbrainscorp.zohorecruit.in,0
zoho,targetsolutionstt,https://targetsolutionstt.zohorecruit.com,8
zoho,taxconnex,https://taxconnex.zohorecruit.com,2
zoho,technobraingroup,https://technobraingroup.zohorecruit.in,37
zoho,taxforall,https://taxforall.zohorecruit.com,1
zoho,taveo,https://taveo.zohorecruit.com,6
zoho,talenttribeconsulting,https://talenttribeconsulting.zohorecruit.com,20
zoho,tawzef,https://tawzef.zohorecruit.com,48
zoho,tawteen2030,https://tawteen2030.zohorecruit.com,4
zoho,tcs,https://tcs.zohorecruit.com,0
zoho,tc-bpo,https://tc-bpo.zohorecruit.com,0
zoho,tayaeth,https://tayaeth.zohorecruit.com,2
zoho,tcgroup,https://tcgroup.zohorecruit.com,2
zoho,tblaboursolutions,https://tblaboursolutions.zohorecruit.com,7
zoho,tazweedjobs,https://tazweedjobs.zohorecruit.com,1
zoho,team-up,https://team-up.zohorecruit.com,12
zoho,techwarelab,https://techwarelab.zohorecruit.in,1
zoho,teamsquared,https://teamsquared.zohorecruit.com,108
zoho,teamapt,https://teamapt.zohorecruit.com,0
zoho,teamfocusdirect,https://teamfocusdirect.zohorecruit.com,0
zoho,tcainc,https://tcainc.zohorecruit.com,5
zoho,tec-source,https://tec-source.zohorecruit.eu,0
zoho,techbear,https://techbear.zohorecruit.com,0
zoho,teachershub,https://teachershub.zohorecruit.com,0
zoho,teamexp,https://teamexp.zohorecruit.com,8
zoho,tawasal,https://tawasal.zohorecruit.com,1
zoho,teachingnomad,https://teachingnomad.zohorecruit.com,40
zoho,team-partners,https://team-partners.zohorecruit.eu,32
zoho,techexsea,https://techexsea.zohorecruit.com,58
zoho,techfriar,https://techfriar.zohorecruit.com,1
zoho,tdcgroupltd,https://tdcgroupltd.zohorecruit.com,18
zoho,techtalentsuk,https://techtalentsuk.zohorecruit.com,1
zoho,technevalue,https://technevalue.zohorecruit.com,0
zoho,techalliesconsulting,https://techalliesconsulting.zohorecruit.com,4
zoho,techdemocracy,https://techdemocracy.zohorecruit.com,2
zoho,techfirstgulf,https://techfirstgulf.zohorecruit.com,7
zoho,teamgreenberg,https://teamgreenberg.zohorecruit.com,0
zoho,techcarrot,https://techcarrot.zohorecruit.com,0
zoho,techcareersinc,https://techcareersinc.zohorecruit.com,85
zoho,techno-set,https://techno-set.zohorecruit.com,2
zoho,teameverest,https://teameverest.zohorecruit.com,9
zoho,techelevator,https://techelevator.zohorecruit.com,0
zoho,techtrailit,https://techtrailit.zohorecruit.com.au,0
zoho,techtron1,https://techtron1.zohorecruit.com,5
zoho,techsme,https://techsme.zohorecruit.com,0
zoho,tced,https://tced.zohorecruit.com,1
zoho,techpledgeconsulting,https://techpledgeconsulting.zohorecruit.com,1
zoho,teachersforasia,https://teachersforasia.zohorecruit.com,1
zoho,techkraftinc,https://techkraftinc.zohorecruit.com,3
zoho,techvalleyrecruiting,https://techvalleyrecruiting.zohorecruit.com,1
zoho,tekfriday,https://tekfriday.zohorecruit.in,17
zoho,technopals,https://technopals.zohorecruit.com,41
zoho,tecvesten,https://tecvesten.zohorecruit.in,55
zoho,tcellc,https://tcellc.zohorecruit.com,13
zoho,techlogix,https://techlogix.zohorecruit.com,25
zoho,tecology,https://tecology.zohorecruit.com,4
zoho,tecie,https://tecie.zohorecruit.com,1
zoho,tecit,https://tecit.zohorecruit.com,3
zoho,techhubcentric,https://techhubcentric.zohorecruit.com,0
zoho,techrecruitment,https://techrecruitment.zohorecruit.com,131
zoho,techmd,https://techmd.zohorecruit.com,0
zoho,testhiring,https://testhiring.zohorecruit.in,456
zoho,tekrecruiter,https://tekrecruiter.zohorecruit.com,37
zoho,tempsens,https://tempsens.zohorecruit.in,23
zoho,soluflex,https://soluflex.zohorecruit.com,19
zoho,tekhnetos,https://tekhnetos.zohorecruit.com,1
zoho,technicalplacements,https://technicalplacements.zohorecruit.com,67
zoho,templarshield,https://templarshield.zohorecruit.com,19
zoho,teloscoaches,https://teloscoaches.zohorecruit.com,1
zoho,tellusgroup,https://tellusgroup.zohorecruit.com,1
zoho,tecsemployment,https://tecsemployment.zohorecruit.com,12
zoho,teqhire,https://teqhire.zohorecruit.com,0
zoho,telurvisionsolutions,https://telurvisionsolutions.zohorecruit.com,1
zoho,tenderize,https://tenderize.zohorecruit.com,1
zoho,tequity,https://tequity.zohorecruit.com,0
zoho,teamventi,https://teamventi.zohorecruit.com,2
zoho,tedxbonnsquare,https://tedxbonnsquare.zohorecruit.eu,1
zoho,terchandassociates,https://terchandassociates.zohorecruit.com,0
zoho,telecomrs,https://telecomrs.zohorecruit.com,1
zoho,thealien,https://thealien.zohorecruit.in,5
zoho,temporis-franchise,https://temporis-franchise.zohorecruit.com,1
zoho,tejjy,https://tejjy.zohorecruit.com,17
zoho,teleperformance,https://teleperformance.zohorecruit.com,1
zoho,telecom,https://telecom.zohorecruit.com,0
zoho,tehora,https://tehora.zohorecruit.com,637
zoho,teemagroup,https://teemagroup.zohorecruit.com,0
zoho,theapprentice,https://theapprentice.zohorecruit.in,1
zoho,teletravailquebec,https://teletravailquebec.zohorecruit.com,2
zoho,the-schoolhouse,https://the-schoolhouse.zohorecruit.com.au,260
zoho,theagategroup,https://theagategroup.zohorecruit.com,1
zoho,tetriconnections,https://tetriconnections.zohorecruit.com,1
zoho,thecandidsolutions,https://thecandidsolutions.zohorecruit.com,6
zoho,temporis,https://temporis.zohorecruit.com,0
zoho,testtriangle,https://testtriangle.zohorecruit.eu,83
zoho,the99edge,https://the99edge.zohorecruit.com,1
zoho,theateroutsource,https://theateroutsource.zohorecruit.com,19
zoho,theemployeeconnect,https://theemployeeconnect.zohorecruit.com,1
zoho,the-elitives,https://the-elitives.zohorecruit.com,0
zoho,testinitiateinternational,https://testinitiateinternational.zohorecruit.com,0
zoho,tgocorp-tgocorp,https://tgocorp-tgocorp.zohorecruit.com,58
zoho,thefazer,https://thefazer.zohorecruit.eu,0
zoho,thecru,https://thecru.zohorecruit.com,0
zoho,texcycle,https://texcycle.zohorecruit.eu,3
zoho,thecaringstaff,https://thecaringstaff.zohorecruit.com,16
zoho,thebigbull,https://thebigbull.zohorecruit.com,1
zoho,theckhobbiegroup,https://theckhobbiegroup.zohorecruit.com,55
zoho,thecarehub,https://thecarehub.zohorecruit.eu,6
zoho,thecleardesk,https://thecleardesk.zohorecruit.com,15
zoho,theenrichery,https://theenrichery.zohorecruit.com,6
zoho,tfgtalent,https://tfgtalent.zohorecruit.com,1
zoho,thegiftedconsultants,https://thegiftedconsultants.zohorecruit.com,19
zoho,theguardalliance,https://theguardalliance.zohorecruit.com,1
zoho,thecjid,https://thecjid.zohorecruit.com,0
zoho,th-staffing,https://th-staffing.zohorecruit.com,1
zoho,thecrossorganization,https://thecrossorganization.zohorecruit.com,1
zoho,thebulb,https://thebulb.zohorecruit.com,1
zoho,thedochunters,https://thedochunters.zohorecruit.com,87
zoho,thecrm,https://thecrm.zohorecruit.com.au,4
zoho,thedentelegroup,https://thedentelegroup.zohorecruit.com,1
zoho,thechiltonteam,https://thechiltonteam.zohorecruit.com,1
zoho,thecontingentplan,https://thecontingentplan.zohorecruit.com,31
zoho,thefreelancefirm,https://thefreelancefirm.zohorecruit.com,83
zoho,thedownsizers,https://thedownsizers.zohorecruit.com,0
zoho,thecrmexpert,https://thecrmexpert.zohorecruit.com,1
zoho,theglassjar,https://theglassjar.zohorecruit.com,9
zoho,thehealthyhome,https://thehealthyhome.zohorecruit.com,11
zoho,theeventzteam,https://theeventzteam.zohorecruit.com,0
zoho,tharwah,https://tharwah.zohorecruit.com,4
zoho,thefdagroup,https://thefdagroup.zohorecruit.com,0
zoho,thehrpro,https://thehrpro.zohorecruit.com,12
zoho,thehireboost,https://thehireboost.zohorecruit.com,29
zoho,thehuntsmangroup,https://thehuntsmangroup.zohorecruit.com,14
zoho,theincaregroup,https://theincaregroup.zohorecruit.eu,1
zoho,thelakhanigroup,https://thelakhanigroup.zohorecruit.com,7
zoho,theitp,https://theitp.zohorecruit.eu,10
zoho,thehrsource,https://thehrsource.zohorecruit.com,5
zoho,thepmocompany,https://thepmocompany.zohorecruit.eu,6
zoho,theposyco,https://theposyco.zohorecruit.com.au,1
zoho,thenudge,https://thenudge.zohorecruit.com,0
zoho,theinfinigroup,https://theinfinigroup.zohorecruit.com,1
zoho,theitsolutions,https://theitsolutions.zohorecruit.eu,4
zoho,theminkcorp,https://theminkcorp.zohorecruit.com,1
zoho,thelambrightgroup,https://thelambrightgroup.zohorecruit.com,1
zoho,thelandcollective,https://thelandcollective.zohorecruit.eu,1
zoho,thepush,https://thepush.zohorecruit.com,3
zoho,thenowakgroup,https://thenowakgroup.zohorecruit.com,38
zoho,thepoiriergroup,https://thepoiriergroup.zohorecruit.com,1
zoho,thequeenofops,https://thequeenofops.zohorecruit.com,1
zoho,thepersonnelcorp,https://thepersonnelcorp.zohorecruit.com,2
zoho,therecruitmentorg,https://therecruitmentorg.zohorecruit.com.au,1
zoho,theluxurypergola,https://theluxurypergola.zohorecruit.com,2
zoho,thinkbridge,https://thinkbridge.zohorecruit.in,38
zoho,thoucentric,https://thoucentric.zohorecruit.in,137
zoho,thejobmag,https://thejobmag.zohorecruit.com,6
zoho,theremedycorp,https://theremedycorp.zohorecruit.com,0
zoho,thesalesexperts,https://thesalesexperts.zohorecruit.com,1
zoho,thereplaymag,https://thereplaymag.zohorecruit.com,1
zoho,threedigital,https://threedigital.zohorecruit.com.au,1
zoho,thewiseminds,https://thewiseminds.zohorecruit.eu,0
zoho,thewaitinggameltd,https://thewaitinggameltd.zohorecruit.eu,107
zoho,themilieu,https://themilieu.zohorecruit.com,1
zoho,thesourceline,https://thesourceline.zohorecruit.com,1
zoho,thesosainsurancegroup,https://thesosainsurancegroup.zohorecruit.com,1
zoho,thesocietycycle,https://thesocietycycle.zohorecruit.com,1
zoho,theworkplaceadvisors,https://theworkplaceadvisors.zohorecruit.com,5
zoho,thetalentsource,https://thetalentsource.zohorecruit.eu,2
zoho,thinklithe,https://thinklithe.zohorecruit.eu,35
zoho,thewooldridgegroup,https://thewooldridgegroup.zohorecruit.com,0
zoho,thinggaard,https://thinggaard.zohorecruit.eu,2
zoho,thinkmd,https://thinkmd.zohorecruit.com,0
zoho,thewarringtongroup,https://thewarringtongroup.zohorecruit.com,11
zoho,thestem,https://thestem.zohorecruit.com,5
zoho,thnkbig,https://thnkbig.zohorecruit.com,5
zoho,thevalueengineeringpk,https://thevalueengineeringpk.zohorecruit.com,5
zoho,thrive-association,https://thrive-association.zohorecruit.com,7
zoho,ticketpay,https://ticketpay.zohorecruit.eu,7
zoho,thetrashgurus,https://thetrashgurus.zohorecruit.com,5
zoho,thestaffingalternative,https://thestaffingalternative.zohorecruit.com,12
zoho,tillotek,https://tillotek.zohorecruit.com,1
zoho,theworks,https://theworks.zohorecruit.com,3
zoho,thetonictech,https://thetonictech.zohorecruit.com,4
zoho,three-m,https://three-m.zohorecruit.com,0
zoho,tilalre,https://tilalre.zohorecruit.com,2
zoho,thinkbac,https://thinkbac.zohorecruit.com,8
zoho,thoughtlogik,https://thoughtlogik.zohorecruit.eu,4
zoho,thinx,https://thinx.zohorecruit.eu,9
zoho,thinkpivot,https://thinkpivot.zohorecruit.com,42
zoho,theworkforcegroup,https://theworkforcegroup.zohorecruit.com,1
zoho,thetemporegroup,https://thetemporegroup.zohorecruit.com,1
zoho,tidyex,https://tidyex.zohorecruit.com,6
zoho,thriveni,https://thriveni.zohorecruit.com,0
zoho,thriveelectrify,https://thriveelectrify.zohorecruit.com,0
zoho,tigerres,https://tigerres.zohorecruit.eu,93
zoho,tisins,https://tisins.zohorecruit.com,0
zoho,thinkemployment,https://thinkemployment.zohorecruit.eu,0
zoho,thorens-solutions,https://thorens-solutions.zohorecruit.com,73
zoho,tiremartco,https://tiremartco.zohorecruit.com,1
zoho,titancareers,https://titancareers.zohorecruit.com,2
zoho,thestaffpad,https://thestaffpad.zohorecruit.com,261
zoho,tintash,https://tintash.zohorecruit.com,0
zoho,timmermanns,https://timmermanns.zohorecruit.eu,1
zoho,tink,https://tink.zohorecruit.com,5
zoho,tmcelite,https://tmcelite.zohorecruit.com,1
zoho,tirebase,https://tirebase.zohorecruit.com,1
zoho,timbakerhr,https://timbakerhr.zohorecruit.com,1
zoho,titi-apps,https://titi-apps.zohorecruit.com,5
zoho,tkxel,https://tkxel.zohorecruit.com,40
zoho,tivolisworld,https://tivolisworld.zohorecruit.com,1
zoho,timetochanges,https://timetochanges.zohorecruit.eu,5
zoho,titanglobalenterprises,https://titanglobalenterprises.zohorecruit.com,1
zoho,tiranabank,https://tiranabank.zohorecruit.eu,6
zoho,tintshop,https://tintshop.zohorecruit.com,1
zoho,tmdc,https://tmdc.zohorecruit.in,3
zoho,threeriversrecruitment,https://threeriversrecruitment.zohorecruit.eu,10
zoho,tkostaffpros,https://tkostaffpros.zohorecruit.com,25
zoho,tmd,https://tmd.zohorecruit.com,0
zoho,timeo-performance,https://timeo-performance.zohorecruit.com,137
zoho,tmgnorthwest,https://tmgnorthwest.zohorecruit.com,0
zoho,tmpmortgages,https://tmpmortgages.zohorecruit.eu,2
zoho,togwe,https://togwe.zohorecruit.in,1
zoho,tnation,https://tnation.zohorecruit.com,19
zoho,tnctrade,https://tnctrade.zohorecruit.com,0
zoho,togetherbc,https://togetherbc.zohorecruit.com,0
zoho,tmievan,https://tmievan.zohorecruit.com,750
zoho,toco,https://toco.zohorecruit.com,1
zoho,tongues,https://tongues.zohorecruit.com,18
zoho,togetherwetalent,https://togetherwetalent.zohorecruit.com,71
zoho,togetherwithyou,https://togetherwithyou.zohorecruit.com,6
zoho,topschools,https://topschools.zohorecruit.com,1
zoho,togetherwayrecruits,https://togetherwayrecruits.zohorecruit.com,5
zoho,trademarks-patents,https://trademarks-patents.zohorecruit.eu,5
zoho,trak-services,https://trak-services.zohorecruit.com,1
zoho,tootelo,https://tootelo.zohorecruit.com,6
zoho,towertrophies,https://towertrophies.zohorecruit.eu,48
zoho,toleo-hr,https://toleo-hr.zohorecruit.eu,10
zoho,transom-group,https://transom-group.zohorecruit.com,1
zoho,torrasdigital,https://torrasdigital.zohorecruit.com,1
zoho,topring,https://topring.zohorecruit.com,2
zoho,toncorporateservices,https://toncorporateservices.zohorecruit.com,17
zoho,topmanagement,https://topmanagement.zohorecruit.com,6
zoho,totalpackagehockey,https://totalpackagehockey.zohorecruit.com,0
zoho,torchinsky,https://torchinsky.zohorecruit.com,4
zoho,toptutorjob,https://toptutorjob.zohorecruit.com,36
zoho,toprestogroup,https://toprestogroup.zohorecruit.com,1
zoho,tradelanes,https://tradelanes.zohorecruit.com,1
zoho,totaldatalimited,https://totaldatalimited.zohorecruit.com,163
zoho,trainingbasket,https://trainingbasket.zohorecruit.com,6
zoho,transitionsc,https://transitionsc.zohorecruit.com,1
zoho,transportlaberge,https://transportlaberge.zohorecruit.com,1
zoho,translatebyhumans,https://translatebyhumans.zohorecruit.com,9
zoho,transoptimum,https://transoptimum.zohorecruit.com,0
zoho,travcoproperties,https://travcoproperties.zohorecruit.com,26
zoho,tranter-it,https://tranter-it.zohorecruit.com,1
zoho,tollanis,https://tollanis.zohorecruit.com,1
zoho,transskills,https://transskills.zohorecruit.com,0
zoho,tpn,https://tpn.zohorecruit.com,2
zoho,totemlabs,https://totemlabs.zohorecruit.com,0
zoho,toyboxconsulting,https://toyboxconsulting.zohorecruit.com,0
zoho,travelninjavacations,https://travelninjavacations.zohorecruit.com,1
zoho,trazos,https://trazos.zohorecruit.com,0
zoho,travelingandmakingmemories,https://travelingandmakingmemories.zohorecruit.com,0
zoho,transformanceforums,https://transformanceforums.zohorecruit.com,4
zoho,transfingo,https://transfingo.zohorecruit.com,0
zoho,trabajaonline,https://trabajaonline.zohorecruit.eu,14
zoho,transcend,https://transcend.zohorecruit.com,25
zoho,transformationalrecruitment,https://transformationalrecruitment.zohorecruit.com.au,0
zoho,travelwings,https://travelwings.zohorecruit.com,15
zoho,trec,https://trec.zohorecruit.com,1
zoho,topwork,https://topwork.zohorecruit.com,40
zoho,tenold,https://tenold.zohorecruit.ca,1
zoho,transsion,https://transsion.zohorecruit.com,0
zoho,trendsetterengineering,https://trendsetterengineering.zohorecruit.com,20
zoho,tractiondk,https://tractiondk.zohorecruit.com,1
zoho,transfinder,https://transfinder.zohorecruit.com,1
zoho,travelwithlondon,https://travelwithlondon.zohorecruit.com,0
zoho,trilliumbeverages,https://trilliumbeverages.zohorecruit.in,1
zoho,translationexcellence,https://translationexcellence.zohorecruit.com,78
zoho,travelbandv,https://travelbandv.zohorecruit.com,0
zoho,transparentia,https://transparentia.zohorecruit.com,3
zoho,trigon,https://trigon.zohorecruit.com,0
zoho,trigya,https://trigya.zohorecruit.com,2
zoho,travelcapitalist,https://travelcapitalist.zohorecruit.com,0
zoho,trinitypension,https://trinitypension.zohorecruit.com,4
zoho,trilogicrecruitment,https://trilogicrecruitment.zohorecruit.eu,1
zoho,tribaja,https://tribaja.zohorecruit.com,1
zoho,trility,https://trility.zohorecruit.com,0
zoho,triunits,https://triunits.zohorecruit.in,1
zoho,triforce-inc,https://triforce-inc.zohorecruit.com,27
zoho,trinityacademy,https://trinityacademy.zohorecruit.com,5
zoho,trillium,https://trillium.zohorecruit.com,3
zoho,trio,https://trio.zohorecruit.com,0
zoho,tristarservice,https://tristarservice.zohorecruit.com,1
zoho,trinnusrh,https://trinnusrh.zohorecruit.com,1
zoho,tracyrossalliances,https://tracyrossalliances.zohorecruit.com,2
zoho,tronhouse,https://tronhouse.zohorecruit.com,1
zoho,tranquilitypromo,https://tranquilitypromo.zohorecruit.com,1
zoho,trustedcommunities,https://trustedcommunities.zohorecruit.in,2
zoho,troyconsultancy,https://troyconsultancy.zohorecruit.com,0
zoho,tpfrecruitment,https://tpfrecruitment.zohorecruit.eu,371
zoho,trippingtogethertravel,https://trippingtogethertravel.zohorecruit.com,0
zoho,trotterworkforce,https://trotterworkforce.zohorecruit.com,33
zoho,truechoicepack,https://truechoicepack.zohorecruit.com,3
zoho,truscapepa,https://truscapepa.zohorecruit.com,1
zoho,ucamind,https://ucamind.zohorecruit.in,24
zoho,trucreteng,https://trucreteng.zohorecruit.com,3
zoho,trueoffice,https://trueoffice.zohorecruit.com,1
zoho,truckitin,https://truckitin.zohorecruit.com,25
zoho,ultrahuman,https://ultrahuman.zohorecruit.in,0
zoho,trustinoptimal,https://trustinoptimal.zohorecruit.eu,3
zoho,trueimpact,https://trueimpact.zohorecruit.com,0
zoho,ultraviolette,https://ultraviolette.zohorecruit.in,36
zoho,trustechinc,https://trustechinc.zohorecruit.com,12
zoho,tutordoctortoronto,https://tutordoctortoronto.zohorecruit.com,32
zoho,tutordoctor,https://tutordoctor.zohorecruit.com,0
zoho,twodotsdigital,https://twodotsdigital.zohorecruit.eu,1
zoho,turkeyanaclinic,https://turkeyanaclinic.zohorecruit.com,2
zoho,turtle-tortoise,https://turtle-tortoise.zohorecruit.com,1
zoho,ttgtranslates,https://ttgtranslates.zohorecruit.com,15
zoho,tstelemed,https://tstelemed.zohorecruit.com,1
zoho,tydy,https://tydy.zohorecruit.com,1
zoho,tspcontractings,https://tspcontractings.zohorecruit.com,10
zoho,trytoast,https://trytoast.zohorecruit.com,1
zoho,tulattavik,https://tulattavik.zohorecruit.com,167
zoho,tvptechsolutions,https://tvptechsolutions.zohorecruit.com,1
zoho,tyfoom,https://tyfoom.zohorecruit.com,4
zoho,tyfone,https://tyfone.zohorecruit.com,6
zoho,tsrce,https://tsrce.zohorecruit.com,1
zoho,tysonmutrux,https://tysonmutrux.zohorecruit.com,1
zoho,ugogroup,https://ugogroup.zohorecruit.eu,2
zoho,unistam,https://unistam.zohorecruit.in,0
zoho,uaqchamber,https://uaqchamber.zohorecruit.com,0
zoho,ubuhlebezwe,https://ubuhlebezwe.zohorecruit.com,1
zoho,u-inc,https://u-inc.zohorecruit.com,0
zoho,tvision,https://tvision.zohorecruit.com,0
zoho,ucglobalprograms,https://ucglobalprograms.zohorecruit.com,1
zoho,ud-intl,https://ud-intl.zohorecruit.com,1
zoho,umanrecrutement,https://umanrecrutement.zohorecruit.com,14
zoho,tyt,https://tyt.zohorecruit.com,1
zoho,underdogrecruitment,https://underdogrecruitment.zohorecruit.com,5
zoho,trytalenthackers,https://trytalenthackers.zohorecruit.com,1
zoho,ubuntuimpact,https://ubuntuimpact.zohorecruit.com,90
zoho,uhrs,https://uhrs.zohorecruit.com,1
zoho,underpin,https://underpin.zohorecruit.com,1
zoho,ulearnschool,https://ulearnschool.zohorecruit.eu,1
zoho,ultimate-group,https://ultimate-group.zohorecruit.eu,7
zoho,twerlo,https://twerlo.zohorecruit.com,2
zoho,umortgage,https://umortgage.zohorecruit.com,0
zoho,twenty20sys,https://twenty20sys.zohorecruit.com,8
zoho,ultiwiseconsult,https://ultiwiseconsult.zohorecruit.com,70
zoho,ucmeducation,https://ucmeducation.zohorecruit.com,1
zoho,ulizagroup,https://ulizagroup.zohorecruit.com,17
zoho,ulatus,https://ulatus.zohorecruit.com,198
zoho,unionmedical,https://unionmedical.zohorecruit.eu,3
zoho,unete,https://unete.zohorecruit.com,2
zoho,unicorninnovationshill,https://unicorninnovationshill.zohorecruit.com,1
zoho,unfoldhr,https://unfoldhr.zohorecruit.com,8
zoho,udsma,https://udsma.zohorecruit.eu,43
zoho,uknetworksservices,https://uknetworksservices.zohorecruit.com,6
zoho,unclebearsaz,https://unclebearsaz.zohorecruit.com,0
zoho,unikingcanada,https://unikingcanada.zohorecruit.com,1
zoho,ultracon,https://ultracon.zohorecruit.com,125
zoho,tru,https://tru.zohorecruit.ca,1
zoho,udonis,https://udonis.zohorecruit.com,1
zoho,uniteammedical,https://uniteammedical.zohorecruit.com,20
zoho,unlimitedopportunities,https://unlimitedopportunities.zohorecruit.com,1
zoho,unitedconnect,https://unitedconnect.zohorecruit.com,19
zoho,uniconnect,https://uniconnect.zohorecruit.com,47
zoho,tryvelix,https://tryvelix.zohorecruit.ca,1
zoho,unlockhba,https://unlockhba.zohorecruit.com,20
zoho,unrl,https://unrl.zohorecruit.com,3
zoho,unit-group,https://unit-group.zohorecruit.com,1
zoho,unmutedco,https://unmutedco.zohorecruit.com,1
zoho,unn,https://unn.zohorecruit.com,0
zoho,unit21,https://unit21.zohorecruit.com,3
zoho,unitaanalytics,https://unitaanalytics.zohorecruit.com,1
zoho,uprent,https://uprent.zohorecruit.eu,0
zoho,united-exports,https://united-exports.zohorecruit.com,16
zoho,upliftlogistic,https://upliftlogistic.zohorecruit.com,0
zoho,unvs,https://unvs.zohorecruit.com,9
zoho,upgrade-now,https://upgrade-now.zohorecruit.com,1
zoho,universo,https://universo.zohorecruit.com,1
zoho,unmannedtechshop,https://unmannedtechshop.zohorecruit.com,0
zoho,univacity,https://univacity.zohorecruit.com,45
zoho,uprightstaffinggroup,https://uprightstaffinggroup.zohorecruit.com,18
zoho,upestagio,https://upestagio.zohorecruit.com,44
zoho,uniqusus,https://uniqusus.zohorecruit.com,63
zoho,uptime365,https://uptime365.zohorecruit.com,1
zoho,uptalen,https://uptalen.zohorecruit.eu,1
zoho,usebruno,https://usebruno.zohorecruit.in,6
zoho,upturnships,https://upturnships.zohorecruit.com,1
zoho,telescope-recruitment,https://telescope-recruitment.zohorecruit.ca,1
zoho,vajro,https://vajro.zohorecruit.in,0
zoho,vasudhabusinesssolutions,https://vasudhabusinesssolutions.zohorecruit.in,18
zoho,vcubedigital,https://vcubedigital.zohorecruit.in,2
zoho,upsourcedhr,https://upsourcedhr.zohorecruit.com,37
zoho,uridetech,https://uridetech.zohorecruit.com,7
zoho,upskills,https://upskills.zohorecruit.com,16
zoho,usconnectmobile,https://usconnectmobile.zohorecruit.com,1
zoho,valuationsaustralia,https://valuationsaustralia.zohorecruit.com.au,3
zoho,usis,https://usis.zohorecruit.com,0
zoho,utiva,https://utiva.zohorecruit.com,10
zoho,utopianrecruitment,https://utopianrecruitment.zohorecruit.eu,20
zoho,v-f-g,https://v-f-g.zohorecruit.com,5
zoho,uscleanpro,https://uscleanpro.zohorecruit.com,0
zoho,usesendana,https://usesendana.zohorecruit.com,0
zoho,v-comply,https://v-comply.zohorecruit.com,0
zoho,vanguardprepacademy,https://vanguardprepacademy.zohorecruit.com,1
zoho,valueadd-research,https://valueadd-research.zohorecruit.com,1
zoho,userlocal,https://userlocal.zohorecruit.com,1
zoho,vemasolar,https://vemasolar.zohorecruit.in,3
zoho,useflex,https://useflex.zohorecruit.com,4
zoho,vahura,https://vahura.zohorecruit.com,14
zoho,uxap,https://uxap.zohorecruit.com,3
zoho,utegration,https://utegration.zohorecruit.com,15
zoho,vaworldoutsourcing,https://vaworldoutsourcing.zohorecruit.com,1
zoho,valentabpo,https://valentabpo.zohorecruit.com,7
zoho,vdaus,https://vdaus.zohorecruit.com.au,6
zoho,valleyhospital,https://valleyhospital.zohorecruit.com,16
zoho,valify-solutions,https://valify-solutions.zohorecruit.com,0
zoho,vb-business-group,https://vb-business-group.zohorecruit.eu,52
zoho,vansecu,https://vansecu.zohorecruit.com,16
zoho,varist,https://varist.zohorecruit.eu,1
zoho,vector-software,https://vector-software.zohorecruit.com,0
zoho,ventureoffshore,https://ventureoffshore.zohorecruit.in,7
zoho,velocity-cs,https://velocity-cs.zohorecruit.com,0
zoho,vegroute,https://vegroute.zohorecruit.com,0
zoho,vensai,https://vensai.zohorecruit.com,0
zoho,vecros,https://vecros.zohorecruit.com,21
zoho,vendeur-afrique,https://vendeur-afrique.zohorecruit.com,0
zoho,ventureglobalsolution,https://ventureglobalsolution.zohorecruit.com,6
zoho,ventrahealth,https://ventrahealth.zohorecruit.com,1
zoho,verrdi,https://verrdi.zohorecruit.eu,0
zoho,veracityit,https://veracityit.zohorecruit.com,0
zoho,venuebrandexperience,https://venuebrandexperience.zohorecruit.com,6
zoho,velaio,https://velaio.zohorecruit.com,24
zoho,veriex,https://veriex.zohorecruit.eu,0
zoho,verosource,https://verosource.zohorecruit.com,0
zoho,vertigocm,https://vertigocm.zohorecruit.eu,1
zoho,vertex,https://vertex.zohorecruit.com,5
zoho,verticaltrail,https://verticaltrail.zohorecruit.com,2
zoho,usvta,https://usvta.zohorecruit.com,529
zoho,veritascareers,https://veritascareers.zohorecruit.com,50
zoho,virusha,https://virusha.zohorecruit.in,9
zoho,verse,https://verse.zohorecruit.com,0
zoho,vernonstaffing,https://vernonstaffing.zohorecruit.com,26
zoho,upstaff,https://upstaff.zohorecruit.ca,56
zoho,verso,https://verso.zohorecruit.com,1
zoho,vestanceng,https://vestanceng.zohorecruit.com,0
zoho,vetdocjobs,https://vetdocjobs.zohorecruit.com,0
zoho,vetsailadventures,https://vetsailadventures.zohorecruit.com,1
zoho,vfairs,https://vfairs.zohorecruit.com,11
zoho,veteranhiringsolutions,https://veteranhiringsolutions.zohorecruit.com,29
zoho,veteranseducatingveterans,https://veteranseducatingveterans.zohorecruit.com,2
zoho,vfdgroup,https://vfdgroup.zohorecruit.com,6
zoho,vhchospitality,https://vhchospitality.zohorecruit.com,0
zoho,virbela,https://virbela.zohorecruit.com,0
zoho,villvay,https://villvay.zohorecruit.com,0
zoho,visagio,https://visagio.zohorecruit.com.au,2
zoho,vexaconsultoria,https://vexaconsultoria.zohorecruit.com,1
zoho,vgandpartners,https://vgandpartners.zohorecruit.com,32
zoho,virtualtalentlatam,https://virtualtalentlatam.zohorecruit.com,6
zoho,virtualbin,https://virtualbin.zohorecruit.com,8
zoho,virtual-pay,https://virtual-pay.zohorecruit.com,2
zoho,viralsolutionss,https://viralsolutionss.zohorecruit.com,1
zoho,visualenticement,https://visualenticement.zohorecruit.com,1
zoho,viravira,https://viravira.zohorecruit.com,10
zoho,vinesrealtyng,https://vinesrealtyng.zohorecruit.com,15
zoho,virtdrop,https://virtdrop.zohorecruit.com,0
zoho,virtualprofessional,https://virtualprofessional.zohorecruit.com,16
zoho,vinovirginia,https://vinovirginia.zohorecruit.com,3
zoho,visualmarketing,https://visualmarketing.zohorecruit.com,5
zoho,vimopro,https://vimopro.zohorecruit.eu,4
zoho,visionplus,https://visionplus.zohorecruit.com,2
zoho,visvero,https://visvero.zohorecruit.com,27
zoho,virtuallyincredible,https://virtuallyincredible.zohorecruit.com,5
zoho,visioncarecareers,https://visioncarecareers.zohorecruit.com,0
zoho,virtualassistantcanada,https://virtualassistantcanada.zohorecruit.com,1
zoho,vitres,https://vitres.zohorecruit.com,5
zoho,virtualcolleague,https://virtualcolleague.zohorecruit.com,98
zoho,vitae-recrutement,https://vitae-recrutement.zohorecruit.com,7
zoho,virtualcoworker,https://virtualcoworker.zohorecruit.com,54
zoho,viridianstaffing,https://viridianstaffing.zohorecruit.com,206
zoho,vets2pm,https://vets2pm.zohorecruit.com,231
zoho,vivusoft,https://vivusoft.zohorecruit.in,4
zoho,vmechatronics,https://vmechatronics.zohorecruit.in,78
zoho,vkucertification,https://vkucertification.zohorecruit.in,1
zoho,voicera-analytics,https://voicera-analytics.zohorecruit.in,3
zoho,vrisva,https://vrisva.zohorecruit.in,11
zoho,walnutfolks,https://walnutfolks.zohorecruit.in,1
zoho,vulncon,https://vulncon.zohorecruit.in,1
zoho,vvtsolutions,https://vvtsolutions.zohorecruit.in,19
zoho,wanbuffercareer,https://wanbuffercareer.zohorecruit.in,1
zoho,viventa,https://viventa.zohorecruit.com,9
zoho,vohleague,https://vohleague.zohorecruit.com,2
zoho,vitrinclinic,https://vitrinclinic.zohorecruit.com,0
zoho,vspry,https://vspry.zohorecruit.com.au,3
zoho,vivavs,https://vivavs.zohorecruit.com,5
zoho,vocalinkconnection,https://vocalinkconnection.zohorecruit.com,10
zoho,vizexperts,https://vizexperts.zohorecruit.com,18
zoho,vplaceu,https://vplaceu.zohorecruit.com,3
zoho,vizmo,https://vizmo.zohorecruit.com,11
zoho,voyageravelo,https://voyageravelo.zohorecruit.com,3
zoho,vocespr,https://vocespr.zohorecruit.com,1
zoho,vulcury,https://vulcury.zohorecruit.com,45
zoho,vortex,https://vortex.zohorecruit.com,0
zoho,wavelink,https://wavelink.zohorecruit.com.au,0
zoho,voltoratech,https://voltoratech.zohorecruit.com,1
zoho,wannado,https://wannado.zohorecruit.eu,9
zoho,walaplus,https://walaplus.zohorecruit.com,0
zoho,vxlabs,https://vxlabs.zohorecruit.eu,3
zoho,vobi,https://vobi.zohorecruit.com,2
zoho,wartens,https://wartens.zohorecruit.eu,1
zoho,vtechsolutions,https://vtechsolutions.zohorecruit.com,14
zoho,vouris,https://vouris.zohorecruit.com,1
zoho,wakanow,https://wakanow.zohorecruit.com,11
zoho,vosago,https://vosago.zohorecruit.com,0
zoho,voxus,https://voxus.zohorecruit.com,1
zoho,vservesolution,https://vservesolution.zohorecruit.com,4
zoho,waterfalltcp,https://waterfalltcp.zohorecruit.com,0
zoho,vsi-group,https://vsi-group.zohorecruit.com,0
zoho,w3scloud,https://w3scloud.zohorecruit.com,1
zoho,waitred,https://waitred.zohorecruit.com,0
zoho,warwanda,https://warwanda.zohorecruit.com,1
zoho,waypointports,https://waypointports.zohorecruit.eu,1
zoho,wallstreetenglish,https://wallstreetenglish.zohorecruit.com,7
zoho,waveacademies,https://waveacademies.zohorecruit.com,1
zoho,vuringroup,https://vuringroup.zohorecruit.com,19
zoho,waaree,https://waaree.zohorecruit.com,17
zoho,wareedmed,https://wareedmed.zohorecruit.com,5
zoho,waterfrontrestoration,https://waterfrontrestoration.zohorecruit.com,16
zoho,vstglobal,https://vstglobal.zohorecruit.com,11
zoho,wbw,https://wbw.zohorecruit.com,2
zoho,wcloudservices,https://wcloudservices.zohorecruit.com,0
zoho,wbtalentpartners,https://wbtalentpartners.zohorecruit.com,27
zoho,w4wga,https://w4wga.zohorecruit.com,178
zoho,wealthy,https://wealthy.zohorecruit.in,1
zoho,vicpd,https://vicpd.zohorecruit.ca,1
zoho,wearetenet,https://wearetenet.zohorecruit.in,2
zoho,wednesday,https://wednesday.zohorecruit.in,6
zoho,webvillee,https://webvillee.zohorecruit.in,0
zoho,wellthytherapeutics,https://wellthytherapeutics.zohorecruit.in,1
zoho,wensforce,https://wensforce.zohorecruit.in,1
zoho,weverve,https://weverve.zohorecruit.in,1
zoho,wetal,https://wetal.zohorecruit.in,2
zoho,weya,https://weya.zohorecruit.in,4
zoho,wetranscloud,https://wetranscloud.zohorecruit.in,3
zoho,vivainnovation,https://vivainnovation.zohorecruit.ca,2
zoho,we-place,https://we-place.zohorecruit.eu,6
zoho,wealthkernel,https://wealthkernel.zohorecruit.eu,1
zoho,wearebondy,https://wearebondy.zohorecruit.com,1
zoho,wearespor,https://wearespor.zohorecruit.eu,1
zoho,webgility,https://webgility.zohorecruit.com,2
zoho,weareaugustus,https://weareaugustus.zohorecruit.com,22
zoho,webnotics,https://webnotics.zohorecruit.com,1
zoho,wefind,https://wefind.zohorecruit.eu,10
zoho,wearejuvo,https://wearejuvo.zohorecruit.com,0
zoho,web4leads,https://web4leads.zohorecruit.com,0
zoho,wellahealth,https://wellahealth.zohorecruit.com,1
zoho,westerman-associates,https://westerman-associates.zohorecruit.eu,0
zoho,westerntractor,https://westerntractor.zohorecruit.com,6
zoho,weddedwonderland,https://weddedwonderland.zohorecruit.com,16
zoho,westherts,https://westherts.zohorecruit.eu,3
zoho,wfdsolutions,https://wfdsolutions.zohorecruit.com,1
zoho,wellqor,https://wellqor.zohorecruit.com,8
zoho,wegotthis,https://wegotthis.zohorecruit.com,47
zoho,webpeak,https://webpeak.zohorecruit.com,6
zoho,wisemonk,https://wisemonk.zohorecruit.in,1
zoho,wenschalets,https://wenschalets.zohorecruit.eu,11
zoho,whiltech,https://whiltech.zohorecruit.com,1
zoho,whyknottravel,https://whyknottravel.zohorecruit.com,1
zoho,withum,https://withum.zohorecruit.in,85
zoho,wessuc,https://wessuc.zohorecruit.com,6
zoho,wiplon,https://wiplon.zohorecruit.in,13
zoho,wissen,https://wissen.zohorecruit.in,55
zoho,wiskill,https://wiskill.zohorecruit.in,1
zoho,westlakesrecruit,https://westlakesrecruit.zohorecruit.com,348
zoho,webdew,https://webdew.zohorecruit.com,1
zoho,webservices,https://webservices.zohorecruit.com,1
zoho,wexuss,https://wexuss.zohorecruit.com,1
zoho,wecareprofessionals,https://wecareprofessionals.zohorecruit.com,0
zoho,winstores,https://winstores.zohorecruit.com,1
zoho,willsmeet,https://willsmeet.zohorecruit.com,2
zoho,wireside,https://wireside.zohorecruit.com,0
zoho,wittypen,https://wittypen.zohorecruit.in,2
zoho,westhealthspa,https://westhealthspa.zohorecruit.com,2
zoho,whithamgroup,https://whithamgroup.zohorecruit.com,3
zoho,wfglobal,https://wfglobal.zohorecruit.com,87
zoho,whitehousefinancial,https://whitehousefinancial.zohorecruit.eu,1
zoho,whygreenenergy,https://whygreenenergy.zohorecruit.com,2
zoho,wesubteach,https://wesubteach.zohorecruit.com,2
zoho,weareworking,https://weareworking.zohorecruit.com,6
zoho,webcurso,https://webcurso.zohorecruit.com,5
zoho,whitehilltalent,https://whitehilltalent.zohorecruit.eu,0
zoho,whiteashgroup,https://whiteashgroup.zohorecruit.com,1
zoho,wenodo,https://wenodo.zohorecruit.eu,5
zoho,western-forge,https://western-forge.zohorecruit.com,0
zoho,whatlikeyou,https://whatlikeyou.zohorecruit.com,1
zoho,welovesolar,https://welovesolar.zohorecruit.com,27
zoho,winningwomenstaffing,https://winningwomenstaffing.zohorecruit.com,1
zoho,wiselywise,https://wiselywise.zohorecruit.com,31
zoho,who-co,https://who-co.zohorecruit.com,14
zoho,westminstersearch,https://westminstersearch.zohorecruit.com,0
zoho,windercna,https://windercna.zohorecruit.com,7
zoho,wnweb,https://wnweb.zohorecruit.com,0
zoho,wishacloud,https://wishacloud.zohorecruit.com,39
zoho,wingmanlog,https://wingmanlog.zohorecruit.com,0
zoho,woloyem,https://woloyem.zohorecruit.eu,8
zoho,wisenhr,https://wisenhr.zohorecruit.com,1
zoho,westleyresource,https://westleyresource.zohorecruit.com,1
zoho,wiskots,https://wiskots.zohorecruit.com,1
zoho,wolfis,https://wolfis.zohorecruit.com,0
zoho,welcome2africaint,https://welcome2africaint.zohorecruit.com,4
zoho,wolf-wolf,https://wolf-wolf.zohorecruit.com,1
zoho,wolq,https://wolq.zohorecruit.eu,3
zoho,wit-software,https://wit-software.zohorecruit.eu,8
zoho,wikiconsultoria,https://wikiconsultoria.zohorecruit.com,3
zoho,wonderlab,https://wonderlab.zohorecruit.com,11
zoho,wizeassist,https://wizeassist.zohorecruit.com,1
zoho,wonderfulideasproject,https://wonderfulideasproject.zohorecruit.eu,28
zoho,womenfund,https://womenfund.zohorecruit.com,1
zoho,writeplus,https://writeplus.zohorecruit.in,0
zoho,wynploy,https://wynploy.zohorecruit.in,23
zoho,wonderfulworldltd,https://wonderfulworldltd.zohorecruit.com,21
zoho,write-right,https://write-right.zohorecruit.in,0
zoho,work-hub,https://work-hub.zohorecruit.com,1
zoho,woodlandsnorth,https://woodlandsnorth.zohorecruit.com,6
zoho,workcentral,https://workcentral.zohorecruit.com,5
zoho,woodsidehealthandwellness,https://woodsidehealthandwellness.zohorecruit.com,248
zoho,workfoster,https://workfoster.zohorecruit.com,15
zoho,workatyhp,https://workatyhp.zohorecruit.com,0
zoho,workforcerecruiter,https://workforcerecruiter.zohorecruit.com,0
zoho,workmates,https://workmates.zohorecruit.com,2
zoho,worklite,https://worklite.zohorecruit.com,1
zoho,woowcanada,https://woowcanada.zohorecruit.com,0
zoho,workmate,https://workmate.zohorecruit.com,11
zoho,workforcedriverhire,https://workforcedriverhire.zohorecruit.com,15
zoho,workbetternow,https://workbetternow.zohorecruit.com,22
zoho,xapads,https://xapads.zohorecruit.com,22
zoho,wyrestorm,https://wyrestorm.zohorecruit.com,3
zoho,wuilt,https://wuilt.zohorecruit.com,1
zoho,wwfindia,https://wwfindia.zohorecruit.com,17
zoho,wsretailers,https://wsretailers.zohorecruit.com,3
zoho,xpress-team,https://xpress-team.zohorecruit.com,6
zoho,xcentconsulting,https://xcentconsulting.zohorecruit.com,1
zoho,yeahglobal,https://yeahglobal.zohorecruit.in,0
zoho,workpledge,https://workpledge.zohorecruit.com,1
zoho,xboom,https://xboom.zohorecruit.com,1
zoho,xoatax,https://xoatax.zohorecruit.com,2
zoho,x-analytic,https://x-analytic.zohorecruit.com,1
zoho,xprtas,https://xprtas.zohorecruit.com,7
zoho,xpectsolutions,https://xpectsolutions.zohorecruit.com,0
zoho,wtsklient,https://wtsklient.zohorecruit.eu,7
zoho,worldlink-us,https://worldlink-us.zohorecruit.com,9
zoho,woztell,https://woztell.zohorecruit.com,3
zoho,workiy,https://workiy.zohorecruit.com,17
zoho,worldeducation,https://worldeducation.zohorecruit.com,2
zoho,xiarch,https://xiarch.zohorecruit.com,13
zoho,wotech,https://wotech.zohorecruit.com,1
zoho,workrity,https://workrity.zohorecruit.com,1
zoho,worldtechrecruiting,https://worldtechrecruiting.zohorecruit.com,8
zoho,worldwiderecruitings,https://worldwiderecruitings.zohorecruit.com,3
zoho,workplaceoptions,https://workplaceoptions.zohorecruit.com,0
zoho,worldtalentselection,https://worldtalentselection.zohorecruit.eu,2
zoho,wyth,https://wyth.zohorecruit.eu,0
zoho,xtreme-coat,https://xtreme-coat.zohorecruit.com,1
zoho,xptsoftware,https://xptsoftware.zohorecruit.in,337
zoho,xcellity,https://xcellity.zohorecruit.com,18
zoho,xyntekinc,https://xyntekinc.zohorecruit.com,9
zoho,wowremoteteams,https://wowremoteteams.zohorecruit.com,214
zoho,xcelionstaffing,https://xcelionstaffing.zohorecruit.com,1
zoho,y-tax,https://y-tax.zohorecruit.com,1
zoho,yamibuy,https://yamibuy.zohorecruit.com,36
zoho,yakkaspace,https://yakkaspace.zohorecruit.com,0
zoho,yam112003,https://yam112003.zohorecruit.eu,18
zoho,yashussunlimited,https://yashussunlimited.zohorecruit.com,16
zoho,yankeehome,https://yankeehome.zohorecruit.com,6
zoho,xovian,https://xovian.zohorecruit.com,2
zoho,yourphysio,https://yourphysio.zohorecruit.in,1
zoho,yavda,https://yavda.zohorecruit.com,0
zoho,yinkashonibarefoundation,https://yinkashonibarefoundation.zohorecruit.eu,3
zoho,yk-bank,https://yk-bank.zohorecruit.com,4
zoho,yethi,https://yethi.zohorecruit.com,1
zoho,youngman,https://youngman.zohorecruit.in,1
zoho,yes-pac,https://yes-pac.zohorecruit.com,1
zoho,youredge,https://youredge.zohorecruit.eu,12
zoho,youngcoders,https://youngcoders.zohorecruit.eu,0
zoho,yocket,https://yocket.zohorecruit.com,1
zoho,ymunow,https://ymunow.zohorecruit.com,1
zoho,youenergy,https://youenergy.zohorecruit.com,2
zoho,ydtechnologysolutions,https://ydtechnologysolutions.zohorecruit.com,140
zoho,youngenergy,https://youngenergy.zohorecruit.com,1
zoho,yourgetawaysdestinations,https://yourgetawaysdestinations.zohorecruit.com,0
zoho,yescftv,https://yescftv.zohorecruit.com,2
zoho,yourgesture,https://yourgesture.zohorecruit.com,0
zoho,yinternational,https://yinternational.zohorecruit.com,18
zoho,yourhealthstaff,https://yourhealthstaff.zohorecruit.com,1
zoho,youprism,https://youprism.zohorecruit.com,0
zoho,youritrecruiter,https://youritrecruiter.zohorecruit.com,19
zoho,yourscorebooster,https://yourscorebooster.zohorecruit.com,1
zoho,zapcg,https://zapcg.zohorecruit.in,3
zoho,zaptech,https://zaptech.zohorecruit.in,1
zoho,yunica,https://yunica.zohorecruit.in,2
zoho,zazz,https://zazz.zohorecruit.in,7
zoho,yrgcare,https://yrgcare.zohorecruit.in,72
zoho,yourtalentstore,https://yourtalentstore.zohorecruit.com,0
zoho,zenskar,https://zenskar.zohorecruit.in,2
zoho,zodopt,https://zodopt.zohorecruit.in,2
zoho,zigram,https://zigram.zohorecruit.in,1
zoho,yourteaminasia,https://yourteaminasia.zohorecruit.com,1
zoho,znetcorp,https://znetcorp.zohorecruit.in,1
zoho,zenithclinics,https://zenithclinics.zohorecruit.com.au,3
zoho,yusudi,https://yusudi.zohorecruit.com,36
zoho,yourteaminternational,https://yourteaminternational.zohorecruit.com,1
zoho,zconsultants,https://zconsultants.zohorecruit.com,1
zoho,yourteam,https://yourteam.zohorecruit.com,1
zoho,zem,https://zem.zohorecruit.com,1
zoho,zayataroma,https://zayataroma.zohorecruit.com,12
zoho,yourtekpro,https://yourtekpro.zohorecruit.com,3
zoho,yrs,https://yrs.zohorecruit.com,102
zoho,zeroabsolute,https://zeroabsolute.zohorecruit.eu,12
zoho,zeemac,https://zeemac.zohorecruit.com,1
zoho,zenith-energy,https://zenith-energy.zohorecruit.com,15
zoho,zcaler,https://zcaler.zohorecruit.com,1
zoho,zenfreed,https://zenfreed.zohorecruit.com,5
zoho,zetta,https://zetta.zohorecruit.com,0
zoho,zerotoonesearch,https://zerotoonesearch.zohorecruit.eu,74
zoho,zkmconsulting,https://zkmconsulting.zohorecruit.eu,9
zoho,zenatta,https://zenatta.zohorecruit.com,1
zoho,zellatech,https://zellatech.zohorecruit.com,7
zoho,ziptalentsolutions,https://ziptalentsolutions.zohorecruit.com,1
zoho,zeropoint,https://zeropoint.zohorecruit.com,1
zoho,zasylogic,https://zasylogic.zohorecruit.com,3
zoho,zebrabyte,https://zebrabyte.zohorecruit.eu,0
zoho,ziyasiza,https://ziyasiza.zohorecruit.com,0
zoho,ziffity,https://ziffity.zohorecruit.com,1
zoho,zocube,https://zocube.zohorecruit.com,0
zoho,zidainvest,https://zidainvest.zohorecruit.com,8
zoho,ziphire,https://ziphire.zohorecruit.com,0
zoho,ziyanaconsulting,https://ziyanaconsulting.zohorecruit.com,32
zoho,yoush,https://yoush.zohorecruit.com,63
zoho,ziplyfiber,https://ziplyfiber.zohorecruit.com,78
zoho,zoho1,https://zoho1.zohorecruit.com,34
zoho,zoclik,https://zoclik.zohorecruit.com,1
zoho,zohelpers,https://zohelpers.zohorecruit.com,1
zoho,zohotest-zeenath-n-01,https://zohotest-zeenath-n-01.zohorecruit.in,7
zoho,zohotest-hrtest,https://zohotest-hrtest.zohorecruit.in,3
zoho,zohotest-enkadai,https://zohotest-enkadai.zohorecruit.in,183
zoho,zupee,https://zupee.zohorecruit.in,1
zoho,zohotest-zohoschools,https://zohotest-zohoschools.zohorecruit.in,0
zoho,zone,https://zone.zohorecruit.in,1
zoho,zrvs,https://zrvs.zohorecruit.in,1
zoho,zujonow,https://zujonow.zohorecruit.in,14
zoho,zpartner,https://zpartner.zohorecruit.com,2
zoho,zolamedia,https://zolamedia.zohorecruit.com,0
zoho,zoiia,https://zoiia.zohorecruit.com,1
zoho,zonetechnologie,https://zonetechnologie.zohorecruit.com,1
zoho,zusetalent,https://zusetalent.zohorecruit.eu,1
zoho,zopreneurs,https://zopreneurs.zohorecruit.com,3
zoho,zuoix,https://zuoix.zohorecruit.com,3
zoho,zoomrx,https://zoomrx.zohorecruit.com,1
zoho,zunaexecutive,https://zunaexecutive.zohorecruit.com,0
zoho,zohotest-zylker1,https://zohotest-zylker1.zohorecruit.com,38
zoho,zymeflow,https://zymeflow.zohorecruit.com,8
zoho,zwirnmann-consulting,https://zwirnmann-consulting.zohorecruit.eu,0
zoho,zylker,https://zylker.zohorecruit.com,3
zoho,absinc,absinc.zohorecruit.com,0
zoho,24x7direct,24x7direct.zohorecruit.com,16
zoho,actsearch,actsearch.zohorecruit.com,9
zoho,aewanl,aewanl.zohorecruit.com,31
zoho,agencecsb,https://agencecsb.zohorecruit.ca,44
zoho,agtechsolutions,agtechsolutions.zohorecruit.com,1
zoho,akmv,akmv.zohorecruit.com,41
zoho,albirunia,albirunia.zohorecruit.com,5
zoho,adhesion,adhesion.zohorecruit.com,1
zoho,allurecommerce,allurecommerce.zohorecruit.com,0
zoho,amanleek,amanleek.zohorecruit.com,10
zoho,alwaysanswer,alwaysanswer.zohorecruit.com,3
zoho,amrop-pe,amrop-pe.zohorecruit.com,0
zoho,ancient,ancient.zohorecruit.com,0
zoho,applikarte,applikarte.zohorecruit.com,1
zoho,agilitreerecruiting,agilitreerecruiting.zohorecruit.com,0
zoho,alintatechsolutions,alintatechsolutions.zohorecruit.com,2
zoho,alankaram,alankaram.zohorecruit.com,1
zoho,amazingbusinessresults,amazingbusinessresults.zohorecruit.com,6
zoho,archcorp,archcorp.zohorecruit.com,15
zoho,arkpeoplesolutions,arkpeoplesolutions.zohorecruit.com,1
zoho,arancione,arancione.zohorecruit.com,1
zoho,americanbehavioral,americanbehavioral.zohorecruit.com,3
zoho,aventos,aventos.zohorecruit.com,2
zoho,aztia,aztia.zohorecruit.com,15
zoho,beautyinbeyond,beautyinbeyond.zohorecruit.com,2
zoho,blizservices,blizservices.zohorecruit.com,2
zoho,boavaga,boavaga.zohorecruit.com,1
zoho,businessfinancialgroup,businessfinancialgroup.zohorecruit.com,5
zoho,brahmavid,brahmavid.zohorecruit.com,26
zoho,bothand,bothand.zohorecruit.com,4
zoho,breaktheweb,breaktheweb.zohorecruit.com,0
zoho,breadpartners,breadpartners.zohorecruit.com,5
zoho,canadianhealthcare-agency,canadianhealthcare-agency.zohorecruit.com,2
zoho,bwmc,bwmc.zohorecruit.com,0
zoho,cascadecredit,cascadecredit.zohorecruit.com,2
zoho,bytes,bytes.zohorecruit.com,0
zoho,cannabisemploymentpros,cannabisemploymentpros.zohorecruit.com,0
zoho,cantatahealth,cantatahealth.zohorecruit.com,2
zoho,c4cloud,c4cloud.zohorecruit.com,1
zoho,captainfresh,captainfresh.zohorecruit.com,3
zoho,careerplus,careerplus.zohorecruit.com,1
zoho,centiwise,centiwise.zohorecruit.com,3
zoho,citykart,citykart.zohorecruit.com,1
zoho,casasatlas,casasatlas.zohorecruit.com,3
zoho,clhebronenterprises,clhebronenterprises.zohorecruit.com,1
zoho,cidconsulting,cidconsulting.zohorecruit.com,5
zoho,coachfoundation,coachfoundation.zohorecruit.com,1
zoho,cgasaves,cgasaves.zohorecruit.com,1
zoho,cavalryclean,cavalryclean.zohorecruit.com,1
zoho,combuzzhr,combuzzhr.zohorecruit.com,4
zoho,cloudtophealth,cloudtophealth.zohorecruit.com,6
zoho,clusterlab,clusterlab.zohorecruit.com,1
zoho,confiancecompanies,confiancecompanies.zohorecruit.com,0
zoho,conicsports,conicsports.zohorecruit.com,1
zoho,collierrecruitment,collierrecruitment.zohorecruit.com,14
zoho,coicleaners,coicleaners.zohorecruit.com,1
zoho,compassmaritimegroup,compassmaritimegroup.zohorecruit.com,1
zoho,credrails,credrails.zohorecruit.com,1
zoho,climateaction,climateaction.zohorecruit.com,1
zoho,counthq,counthq.zohorecruit.com,4
zoho,confiemx-taadmin,confiemx-taadmin.zohorecruit.com,13
zoho,dangalgames,dangalgames.zohorecruit.in,1
zoho,cxksa,cxksa.zohorecruit.com,2
zoho,cvaphilippines,cvaphilippines.zohorecruit.com,5
zoho,d2vclinical,d2vclinical.zohorecruit.com,1
zoho,criontech,criontech.zohorecruit.com,1
zoho,delcen,delcen.zohorecruit.com,3
zoho,datacruiter,datacruiter.zohorecruit.com,0
zoho,diskal,diskal.zohorecruit.com,78
zoho,discoveryhousemontessori,discoveryhousemontessori.zohorecruit.com,10
zoho,delisoft,delisoft.zohorecruit.com,6
zoho,digitalmojo,digitalmojo.zohorecruit.com,0
zoho,digidarts,digidarts.zohorecruit.com,1
zoho,ecologyottawa,ecologyottawa.zohorecruit.com,1
zoho,eliasoftware,eliasoftware.zohorecruit.com,1
zoho,dtc-ctd,dtc-ctd.zohorecruit.com,11
zoho,docprep911,docprep911.zohorecruit.com,2
zoho,domesticsupport,domesticsupport.zohorecruit.com,1
zoho,ellerypartners,ellerypartners.zohorecruit.com,1
zoho,easternrealmsolns,easternrealmsolns.zohorecruit.com,0
zoho,econnectenterprise,econnectenterprise.zohorecruit.com,0
zoho,eerme,eerme.zohorecruit.com,4
zoho,drivelinesolutions,drivelinesolutions.zohorecruit.com,1
zoho,etechlogistics,etechlogistics.zohorecruit.com,1
zoho,expatgroup,expatgroup.zohorecruit.com,3
zoho,findurjob,findurjob.zohorecruit.com,1
zoho,foxmorestaffing,foxmorestaffing.zohorecruit.com,1
zoho,fiveriverstech,fiveriverstech.zohorecruit.com,4
zoho,getitalent,getitalent.zohorecruit.com,3
zoho,furtherium,furtherium.zohorecruit.com,1
zoho,geoidentity,geoidentity.zohorecruit.com,0
zoho,frg,frg.zohorecruit.com,1
zoho,genworx,genworx.zohorecruit.com,1
zoho,galagroup,galagroup.zohorecruit.com,2
zoho,geminilegalpros,geminilegalpros.zohorecruit.com,9
zoho,grandrapids,grandrapids.zohorecruit.com,2
zoho,giga,giga.zohorecruit.com,3
zoho,grupocahema,grupocahema.zohorecruit.com,1
zoho,hawaiiagriculturallaborsolutions,hawaiiagriculturallaborsolutions.zohorecruit.com,0
zoho,highlevelplacements,highlevelplacements.zohorecruit.com,1
zoho,hiringritual,hiringritual.zohorecruit.com,1
zoho,hermd,hermd.zohorecruit.com,0
zoho,hivepro,hivepro.zohorecruit.com,1
zoho,hopewellcpr,hopewellcpr.zohorecruit.com,1
zoho,hrdrecruitment,hrdrecruitment.zohorecruit.com,0
zoho,hybridmediaworks,hybridmediaworks.zohorecruit.com,6
zoho,hardwarecompletezw,hardwarecompletezw.zohorecruit.com,1
zoho,hci-career,hci-career.zohorecruit.com,1
zoho,hytechprous,hytechprous.zohorecruit.com,22
zoho,howelladvertising,howelladvertising.zohorecruit.com,2
zoho,indexinfotech,indexinfotech.zohorecruit.com,43
zoho,infomazeelite,infomazeelite.zohorecruit.com,19
zoho,icredit,icredit.zohorecruit.com,21
zoho,icebergmanagement,icebergmanagement.zohorecruit.com,0
zoho,ibbglobal,ibbglobal.zohorecruit.com,1
zoho,jl4staffing,jl4staffing.zohorecruit.com,0
zoho,jobexcel,jobexcel.zohorecruit.com,1
zoho,ireplyservices,ireplyservices.zohorecruit.com,13
zoho,jobsandvisas,jobsandvisas.zohorecruit.com,4
zoho,jobboxja,jobboxja.zohorecruit.com,75
zoho,jobmada,jobmada.zohorecruit.com,62
zoho,kzero,kzero.zohorecruit.com,1
zoho,krea-eknowledge,krea-eknowledge.zohorecruit.com,8
zoho,kellergroupstaffing,kellergroupstaffing.zohorecruit.com,10
zoho,leadatanylevel,leadatanylevel.zohorecruit.com,1
zoho,jamppharma,jamppharma.zohorecruit.com,63
zoho,johnvents,johnvents.zohorecruit.com,2
zoho,lesmanoirs3r,lesmanoirs3r.zohorecruit.com,1
zoho,m-payaenergy,m-payaenergy.zohorecruit.com,1
zoho,magnamining,https://magnamining.zohorecruit.ca,19
zoho,mainstream-corp,mainstream-corp.zohorecruit.com,1
zoho,mallette-gmtl,mallette-gmtl.zohorecruit.com,21
zoho,littlethinkerkw,littlethinkerkw.zohorecruit.com,3
zoho,matchcruit,matchcruit.zohorecruit.com,1
zoho,mastertech,mastertech.zohorecruit.com,88
zoho,maverickedutech,maverickedutech.zohorecruit.com,1
zoho,maplegrc,maplegrc.zohorecruit.com,1
zoho,marylandprinthouse,marylandprinthouse.zohorecruit.com,2
zoho,medpromedicalbilling,medpromedicalbilling.zohorecruit.com,1
zoho,mhforce,mhforce.zohorecruit.com,0
zoho,mimshacgroup,mimshacgroup.zohorecruit.com,1
zoho,multyhome,https://multyhome.zohorecruit.ca,2
zoho,monsterjey,monsterjey.zohorecruit.com,1
zoho,nacita,nacita.zohorecruit.com,9
zoho,neutrinotechsystems,neutrinotechsystems.zohorecruit.com,0
zoho,neurodiversitycentre,neurodiversitycentre.zohorecruit.com,11
zoho,nivaa,nivaa.zohorecruit.com,1
zoho,mrvgroup,mrvgroup.zohorecruit.com,1
zoho,odayba,odayba.zohorecruit.com,4
zoho,orchidsluxhome,orchidsluxhome.zohorecruit.com,2
zoho,optimizandopty,optimizandopty.zohorecruit.com,1
zoho,nxdt,nxdt.zohorecruit.com,20
zoho,opportunityeducation,opportunityeducation.zohorecruit.com,1
zoho,partnerstaffing,partnerstaffing.zohorecruit.com,29
zoho,optimec,optimec.zohorecruit.com,3
zoho,piglerautomation,piglerautomation.zohorecruit.com,3
zoho,paragonhomecare,paragonhomecare.zohorecruit.com,6
zoho,prizon,prizon.zohorecruit.com,19
zoho,paieguru,paieguru.zohorecruit.com,1
zoho,oxxousa,oxxousa.zohorecruit.com,6
zoho,quanticohr,quanticohr.zohorecruit.com,10
zoho,osillocpa,osillocpa.zohorecruit.com,0
zoho,ramproclean,ramproclean.zohorecruit.com,9
zoho,recruitingunderground,recruitingunderground.zohorecruit.com,5
zoho,reborn,reborn.zohorecruit.com,3
zoho,sandymacevolution,sandymacevolution.zohorecruit.com,17
zoho,segmenthr,segmenthr.zohorecruit.com,1
zoho,recruiters,recruiters.zohorecruit.com,157
zoho,searchfundventures,searchfundventures.zohorecruit.com,1
zoho,resourceplus,resourceplus.zohorecruit.com,2
zoho,reesk,reesk.zohorecruit.com,0
zoho,sharafdg,https://sharafdg.zohorecruit.com,4
zoho,samii,samii.zohorecruit.com,1
zoho,responsiv,responsiv.zohorecruit.com,1
zoho,rmalimo,rmalimo.zohorecruit.com,27
zoho,sashumancapital,sashumancapital.zohorecruit.com,0
zoho,shadhavar,shadhavar.zohorecruit.com,3
zoho,savagepalmer,savagepalmer.zohorecruit.com,4
zoho,shopmaivie,shopmaivie.zohorecruit.com,1
zoho,routerstack,routerstack.zohorecruit.com,28
zoho,roomigroup,roomigroup.zohorecruit.com,32
zoho,ship2shoreemploy,ship2shoreemploy.zohorecruit.com,9
zoho,singarajanstudios,singarajanstudios.zohorecruit.in,1
zoho,searchpartyrecruiting,searchpartyrecruiting.zohorecruit.com,17
zoho,sebenzana,sebenzana.zohorecruit.com,3
zoho,rag-talent,rag-talent.zohorecruit.com,25
zoho,skybrid,skybrid.zohorecruit.com,1
zoho,skyviewadvisors,skyviewadvisors.zohorecruit.com,1
zoho,smartsaver,smartsaver.zohorecruit.com,1
zoho,rplglobal,rplglobal.zohorecruit.com,3
zoho,staffingsolutionsltc,staffingsolutionsltc.zohorecruit.com,1
zoho,roof-tech,roof-tech.zohorecruit.com,1
zoho,solorecruit,solorecruit.zohorecruit.com,1
zoho,solutiongate,solutiongate.zohorecruit.com,1
zoho,solutionsft,solutionsft.zohorecruit.com,0
zoho,sambusinesscompany,https://sambusinesscompany.zohorecruit.com,0
zoho,startmea,startmea.zohorecruit.com,6
zoho,shortlist,shortlist.zohorecruit.com,1
zoho,sp-consult,sp-consult.zohorecruit.com,9
zoho,rpm,rpm.zohorecruit.com,1
zoho,stratlytics,stratlytics.zohorecruit.com,3
zoho,sparc-cannabis,sparc-cannabis.zohorecruit.com,8
zoho,securesight,securesight.zohorecruit.com,0
zoho,speccon,speccon.zohorecruit.com,0
zoho,saludmasin,saludmasin.zohorecruit.com,8
zoho,sopharmaegypt,sopharmaegypt.zohorecruit.com,1
zoho,talentohumanogrupounicomerhn,talentohumanogrupounicomerhn.zohorecruit.com,1
zoho,staroffice,staroffice.zohorecruit.com,1
zoho,taleemabad,taleemabad.zohorecruit.com,1
zoho,staffdomain-southafrica,staffdomain-southafrica.zohorecruit.com,0
zoho,strongdallas,strongdallas.zohorecruit.com,4
zoho,sstsinc,sstsinc.zohorecruit.com,0
zoho,sprandco,sprandco.zohorecruit.com,1
zoho,tbcdubai,tbcdubai.zohorecruit.com,0
zoho,siconrevan,siconrevan.zohorecruit.com,2
zoho,tawifresh,tawifresh.zohorecruit.com,1
zoho,teachtheworldfoundation,teachtheworldfoundation.zohorecruit.com,44
zoho,technaus,technaus.zohorecruit.com,4
zoho,staffinginmotion,staffinginmotion.zohorecruit.com,16
zoho,teamuphr,teamuphr.zohorecruit.com,0
zoho,techwish,techwish.zohorecruit.com,0
zoho,stylopay,stylopay.zohorecruit.com,6
zoho,telecel,telecel.zohorecruit.com,37
zoho,teenprolifers,teenprolifers.zohorecruit.com,1
zoho,sisimagroup,sisimagroup.zohorecruit.com,0
zoho,thebeancounter,thebeancounter.zohorecruit.com,4
zoho,tfnrealty,tfnrealty.zohorecruit.com,3
zoho,supremacase,supremacase.zohorecruit.com,10
zoho,techandsolve,techandsolve.zohorecruit.com,11
zoho,talent-trace,talent-trace.zohorecruit.com,0
zoho,svengroup,svengroup.zohorecruit.com,32
zoho,t2professionalconsulting,t2professionalconsulting.zohorecruit.com,0
zoho,tibblestalent,tibblestalent.zohorecruit.com,1
zoho,smartlogistica,smartlogistica.zohorecruit.com,1
zoho,sullaser,sullaser.zohorecruit.com,0
zoho,tis-hub,tis-hub.zohorecruit.com,2
zoho,trainalberta,trainalberta.zohorecruit.com,3
zoho,totaltec-os,totaltec-os.zohorecruit.com,18
zoho,technicusinfotech,technicusinfotech.zohorecruit.com,1
zoho,transmaldivian,transmaldivian.zohorecruit.com,71
zoho,tspcontracting,tspcontracting.zohorecruit.com,2
zoho,tunesandtint,tunesandtint.zohorecruit.com,0
zoho,stagingweb,stagingweb.zohorecruit.com,2
zoho,thecareerpeak,thecareerpeak.zohorecruit.com,1
zoho,tradeswomenaustralia,tradeswomenaustralia.zohorecruit.com,3
zoho,ultrarecruitment,ultrarecruitment.zohorecruit.com,64
zoho,vforcesecurity,vforcesecurity.zohorecruit.com,5
zoho,wilqo,wilqo.zohorecruit.com,1
zoho,wis-consultancy,wis-consultancy.zohorecruit.com,1
zoho,withleaf,withleaf.zohorecruit.com,2
zoho,urchinsys,urchinsys.zohorecruit.com,2
zoho,vsmerlot,vsmerlot.zohorecruit.com,1
zoho,zylkersg,zylkersg.zohorecruit.com,10
zoho,yolafresh,yolafresh.zohorecruit.com,1
zoho,wfgrp,wfgrp.zohorecruit.com,144
zoho,wsccnt,https://wsccnt.zohorecruit.ca,4
zoho,wellnessproinc,wellnessproinc.zohorecruit.com,11
zoho,wiluapp,wiluapp.zohorecruit.com,0
zoho,wired,wired.zohorecruit.com,1
zoho,yourdockexperts,yourdockexperts.zohorecruit.com,14
zoho,winni,winni.zohorecruit.com,1
zoho,zucisystems,zucisystems.zohorecruit.com,3
zoho,aberdeenathome,aberdeenathome.zohorecruit.com,1
zoho,apolloseiko,apolloseiko.zohorecruit.com,1
zoho,ajialouna,ajialouna.zohorecruit.com,8
zoho,angeldreamdestinations,angeldreamdestinations.zohorecruit.com,2
zoho,appliedfloors,appliedfloors.zohorecruit.com,10
zoho,appstrail,appstrail.zohorecruit.com,1
zoho,aviationgategroup,aviationgategroup.zohorecruit.com,1
zoho,arielstaffing,arielstaffing.zohorecruit.com,4
zoho,beeline,beeline.zohorecruit.com,0
zoho,art-ambulance,art-ambulance.zohorecruit.com,2
zoho,augustinfotech,augustinfotech.zohorecruit.com,5
zoho,betteroutcomeshomecare,betteroutcomeshomecare.zohorecruit.com,1
zoho,balfindevelopment,balfindevelopment.zohorecruit.com,7
zoho,avivys,avivys.zohorecruit.com,1
zoho,bewave,bewave.zohorecruit.com,3
zoho,benchmarkgoc,benchmarkgoc.zohorecruit.com,1
zoho,bargainsonline,bargainsonline.zohorecruit.com,1
zoho,bgplimited,bgplimited.zohorecruit.com,33
zoho,barkera,barkera.zohorecruit.com,22
zoho,b-wire,b-wire.zohorecruit.com,1
zoho,baralmighty,baralmighty.zohorecruit.com,1
zoho,biznetnetworks,biznetnetworks.zohorecruit.com,1
zoho,bergmortuary,bergmortuary.zohorecruit.com,1
zoho,bffwh,bffwh.zohorecruit.com,1
zoho,bigland,bigland.zohorecruit.com,0
zoho,bizeasy,bizeasy.zohorecruit.com,0
zoho,bookyourdata,bookyourdata.zohorecruit.com,5
zoho,boost,boost.zohorecruit.com,0
zoho,bomlead,bomlead.zohorecruit.com,1
zoho,brealant,brealant.zohorecruit.com,1
zoho,bsa-solutions-inc,bsa-solutions-inc.zohorecruit.com,1
zoho,bulldog24x7,bulldog24x7.zohorecruit.com,1
zoho,antiboringproject,antiboringproject.zohorecruit.com,1
zoho,cassotis,cassotis.zohorecruit.com,2
zoho,core3,core3.zohorecruit.com,2
zoho,costaricaporsiempre,costaricaporsiempre.zohorecruit.com,1
zoho,comunicagroup,comunicagroup.zohorecruit.com,0
zoho,customizosolutions,customizosolutions.zohorecruit.com,1
zoho,curb360,curb360.zohorecruit.com,3
zoho,datacouch,datacouch.zohorecruit.com,10
zoho,coronishealth,coronishealth.zohorecruit.com,4
zoho,concreteshop,concreteshop.zohorecruit.com,10
zoho,developers,developers.zohorecruit.com,1
zoho,daspac,daspac.zohorecruit.com,1
zoho,dhk,dhk.zohorecruit.com,10
zoho,cortecpro,cortecpro.zohorecruit.com,0
zoho,dinamicapps,dinamicapps.zohorecruit.com,1
zoho,ecolesouslemanguier,ecolesouslemanguier.zohorecruit.com,0
zoho,detecno,detecno.zohorecruit.com,2
zoho,dubimed,dubimed.zohorecruit.com,9
zoho,dwell-inc,dwell-inc.zohorecruit.com,2
zoho,edmyst,edmyst.zohorecruit.com,1
zoho,e3,e3.zohorecruit.com,114
zoho,easmed,easmed.zohorecruit.com,7
zoho,empleate,empleate.zohorecruit.com,85
zoho,eliteedgeconsulting,eliteedgeconsulting.zohorecruit.com,1
zoho,evolutiontrustees,evolutiontrustees.zohorecruit.com,0
zoho,evolutionpgs,evolutionpgs.zohorecruit.com,1
zoho,farmstore99,farmstore99.zohorecruit.com,1
zoho,enterwise,enterwise.zohorecruit.com,0
zoho,fibonacciagency,fibonacciagency.zohorecruit.com,1
zoho,ferique,ferique.zohorecruit.com,4
zoho,fawrymicrofinance,fawrymicrofinance.zohorecruit.com,16
zoho,dxfuturetech,dxfuturetech.zohorecruit.com,1
zoho,expeditus,expeditus.zohorecruit.com,1
zoho,figlab,figlab.zohorecruit.com,1
zoho,florencesante,florencesante.zohorecruit.com,0
zoho,futurestaffinggroup,futurestaffinggroup.zohorecruit.com,0
zoho,fuseitglobal,fuseitglobal.zohorecruit.com,6
zoho,galileopartners,galileopartners.zohorecruit.com,0
zoho,frice-la,frice-la.zohorecruit.com,6
zoho,frostsolutions,frostsolutions.zohorecruit.com,0
zoho,futurexme,futurexme.zohorecruit.com,0
zoho,g4cebpo,g4cebpo.zohorecruit.com,1
zoho,gmlsoftware,gmlsoftware.zohorecruit.com,1
zoho,gepcomtech,gepcomtech.zohorecruit.com,7
zoho,hitchpay,hitchpay.zohorecruit.com,8
zoho,hdsupply,hdsupply.zohorecruit.in,27
zoho,grovetechnicalgroup,grovetechnicalgroup.zohorecruit.com,4
zoho,heybada,heybada.zohorecruit.com,4
zoho,gowrievictoria,gowrievictoria.zohorecruit.com,3
zoho,holosuit,holosuit.zohorecruit.in,0
zoho,groworx-hr,groworx-hr.zohorecruit.com,1
zoho,hqmena,hqmena.zohorecruit.com,9
zoho,hcmsnv,hcmsnv.zohorecruit.com,10
zoho,hotlinesone,hotlinesone.zohorecruit.com,0
zoho,gracetransport,gracetransport.zohorecruit.com,1
zoho,healthfirststaff,healthfirststaff.zohorecruit.com,1
zoho,greekhouse,greekhouse.zohorecruit.com,1
zoho,gulfsouthroofing,gulfsouthroofing.zohorecruit.com,0
zoho,hireups,hireups.zohorecruit.com,1
zoho,harmonioushiring,harmonioushiring.zohorecruit.com,14
zoho,heiberger-solutions,heiberger-solutions.zohorecruit.com,1
zoho,heartlandroofingandsiding,heartlandroofingandsiding.zohorecruit.com,4
zoho,horizon-controls,horizon-controls.zohorecruit.com,17
zoho,gulfbird,gulfbird.zohorecruit.com,2
zoho,icaasia,icaasia.zohorecruit.com,1
zoho,hrperspectives,hrperspectives.zohorecruit.com,1
zoho,indeadesignsystems,indeadesignsystems.zohorecruit.com,5
zoho,jugnu,jugnu.zohorecruit.com,1
zoho,innovationlab,innovationlab.zohorecruit.com,0
zoho,ictengage,ictengage.zohorecruit.com,1
zoho,indata,indata.zohorecruit.com,8
zoho,inventamea,inventamea.zohorecruit.com,1
zoho,integratedfoodservice,integratedfoodservice.zohorecruit.com,0
zoho,irrationallabs,irrationallabs.zohorecruit.com,1
zoho,intelexoutsourcing,intelexoutsourcing.zohorecruit.com,10
zoho,ifiveglobal,ifiveglobal.zohorecruit.com,0
zoho,islandpezi,islandpezi.zohorecruit.com,0
zoho,labtechinnovations,labtechinnovations.zohorecruit.com,2
zoho,jhelmyandco,jhelmyandco.zohorecruit.com,1
zoho,jhendersonconsulting,jhendersonconsulting.zohorecruit.com,0
zoho,jsrservices,jsrservices.zohorecruit.com,44
zoho,intellectualclouds,intellectualclouds.zohorecruit.com,2
zoho,leadintop,leadintop.zohorecruit.com,67
zoho,ithq,ithq.zohorecruit.com,1
zoho,kaptiva,kaptiva.zohorecruit.com,7
zoho,jvhumancapital,jvhumancapital.zohorecruit.com,2
zoho,kceadventures,kceadventures.zohorecruit.com,1
zoho,keld,keld.zohorecruit.com,9
zoho,lacroix-institute,lacroix-institute.zohorecruit.com,8
zoho,lacorta,lacorta.zohorecruit.com,2
zoho,kunodigital,kunodigital.zohorecruit.com,9
zoho,lroserecruiting,lroserecruiting.zohorecruit.com,0
zoho,lignumsecurity,lignumsecurity.zohorecruit.com,3
zoho,lisaprop,lisaprop.zohorecruit.com,0
zoho,levillagecowork,levillagecowork.zohorecruit.com,2
zoho,linkedva,linkedva.zohorecruit.com,1
zoho,lukhozi,lukhozi.zohorecruit.com,1
zoho,litterati,litterati.zohorecruit.com,1
zoho,mangrovenetworks,mangrovenetworks.zohorecruit.com,1
zoho,lumetec,lumetec.zohorecruit.com,0
zoho,macan-recrutement,macan-recrutement.zohorecruit.com,19
zoho,lifekeyhealth,lifekeyhealth.zohorecruit.com,3
zoho,millennialassistants,millennialassistants.zohorecruit.com,12
zoho,mati,mati.zohorecruit.com,3
zoho,maestaffingagency,maestaffingagency.zohorecruit.com,1
zoho,marketproinc,marketproinc.zohorecruit.com,5
zoho,mazad,mazad.zohorecruit.com,1
zoho,materialesdefabrica,materialesdefabrica.zohorecruit.com,1
zoho,narcbox,narcbox.zohorecruit.com,1
zoho,mindwaysconsultancy,mindwaysconsultancy.zohorecruit.com,3
zoho,monaire,monaire.zohorecruit.com,5
zoho,malikmedia,malikmedia.zohorecruit.com,2
zoho,meow-biscuit-hotel,meow-biscuit-hotel.zohorecruit.com,1
zoho,metasource,metasource.zohorecruit.com,40
zoho,luchismart,luchismart.zohorecruit.com,1
zoho,mas,mas.zohorecruit.com,1
zoho,mtcarmelguild,mtcarmelguild.zohorecruit.com,1
zoho,nascop,nascop.zohorecruit.com,0
zoho,martenlaw,martenlaw.zohorecruit.com,2
zoho,nextconversationconsulting,nextconversationconsulting.zohorecruit.com,2
zoho,nationalot,nationalot.zohorecruit.com,21
zoho,myprestigeservices,myprestigeservices.zohorecruit.com,0
zoho,nwmea,nwmea.zohorecruit.com,39
zoho,mytalentpartners,mytalentpartners.zohorecruit.com,0
zoho,oneacrefund,oneacrefund.zohorecruit.com,1
zoho,navigatenewhorizons,navigatenewhorizons.zohorecruit.com,1
zoho,mallette-sag,mallette-sag.zohorecruit.com,67
zoho,nvira,https://nvira.zohorecruit.ca,0
zoho,nannyninja,nannyninja.zohorecruit.com,1
zoho,nubedinamica,nubedinamica.zohorecruit.com,1
zoho,neelgai,neelgai.zohorecruit.com,1
zoho,maetzco,maetzco.zohorecruit.com,1
zoho,natuv,natuv.zohorecruit.com,2
zoho,ohscompliance,ohscompliance.zohorecruit.com,0
zoho,nvestateplan,nvestateplan.zohorecruit.com,4
zoho,omnidelvecompany,omnidelvecompany.zohorecruit.com,1
zoho,nucleom,nucleom.zohorecruit.com,4
zoho,novulsolutions,novulsolutions.zohorecruit.com,83
zoho,onenergy,onenergy.zohorecruit.com,5
zoho,orcus,orcus.zohorecruit.com,5
zoho,orientatalent,orientatalent.zohorecruit.com,2
zoho,paragonnutrishop,paragonnutrishop.zohorecruit.com,0
zoho,parempire,parempire.zohorecruit.com,0
zoho,phoenixemploymentsolutions,phoenixemploymentsolutions.zohorecruit.com,1
zoho,playocityonline,playocityonline.zohorecruit.com,0
zoho,pmglobalinstitute,pmglobalinstitute.zohorecruit.com,1
zoho,pllp,pllp.zohorecruit.com,34
zoho,phosaane,phosaane.zohorecruit.com,1
zoho,positecgroup,positecgroup.zohorecruit.com,2
zoho,primeinfra,primeinfra.zohorecruit.com,13
zoho,pradopower,pradopower.zohorecruit.com,9
zoho,radiantbiz,radiantbiz.zohorecruit.com,11
zoho,roederindustries,roederindustries.zohorecruit.com,3
zoho,sama,sama.zohorecruit.com,1
zoho,sapiensdev,sapiensdev.zohorecruit.com,0
zoho,sprachzentrum,sprachzentrum.zohorecruit.com,1
zoho,sharedh,sharedh.zohorecruit.com,3
zoho,siriuseducationsolutions,siriuseducationsolutions.zohorecruit.com,0
zoho,strongsystems,strongsystems.zohorecruit.com,0
zoho,spanishschool,spanishschool.zohorecruit.com,3
zoho,suncountrylandscape,suncountrylandscape.zohorecruit.com,3
zoho,superiorboiler,superiorboiler.zohorecruit.com,16
zoho,sust,sust.zohorecruit.com,1
zoho,swedishtechnology,swedishtechnology.zohorecruit.com,2
zoho,unifiedmicro,unifiedmicro.zohorecruit.com,10
zoho,talentshark,talentshark.zohorecruit.com,1
zoho,thetalentcabin,thetalentcabin.zohorecruit.com,1
zoho,testrite,testrite.zohorecruit.com,28
zoho,tmdpersonnel,tmdpersonnel.zohorecruit.com,2
zoho,thestemmlergroup,thestemmlergroup.zohorecruit.com,7
zoho,therxcloud,therxcloud.zohorecruit.com,0
zoho,theoperator,theoperator.zohorecruit.com,1
zoho,theponigroup,theponigroup.zohorecruit.com,20
zoho,thesoulfactor,thesoulfactor.zohorecruit.com,0
zoho,transformationlegacy,transformationlegacy.zohorecruit.com,1
zoho,vetcheckforpets,vetcheckforpets.zohorecruit.com,1
zoho,tricera,tricera.zohorecruit.com,1
zoho,traveljsp,traveljsp.zohorecruit.com,0
zoho,trust-etiquette,trust-etiquette.zohorecruit.com,1
zoho,trefoilsearch,trefoilsearch.zohorecruit.com,1
zoho,tsp,tsp.zohorecruit.com,26
zoho,twinleaves,twinleaves.zohorecruit.in,10
zoho,thebrdge,thebrdge.zohorecruit.com,1
zoho,tuconstruction,tuconstruction.zohorecruit.com,5
zoho,tutordoctormarin,tutordoctormarin.zohorecruit.com,6
zoho,ucraft,ucraft.zohorecruit.com,0
zoho,vandemark,vandemark.zohorecruit.com,1
zoho,uzenzele,uzenzele.zohorecruit.com,3
zoho,twenti,twenti.zohorecruit.com,0
zoho,valerionhealth,valerionhealth.zohorecruit.com,4
zoho,unixlog,unixlog.zohorecruit.com,2
zoho,unicornrecruitmentandcareerservices,unicornrecruitmentandcareerservices.zohorecruit.com,1
zoho,visavie,visavie.zohorecruit.com,0
zoho,virtumarc,virtumarc.zohorecruit.com,1
zoho,vikint,vikint.zohorecruit.com,2
zoho,virgoandariesrecruiting,virgoandariesrecruiting.zohorecruit.com,23
zoho,voltraceway,voltraceway.zohorecruit.com,1
zoho,weaverecohome,weaverecohome.zohorecruit.com,10
zoho,vmglabs,vmglabs.zohorecruit.com,8
zoho,waxed,waxed.zohorecruit.com,0
zoho,vinfast,vinfast.zohorecruit.com,414
zoho,vinrocket,vinrocket.zohorecruit.com,1
zoho,web-adl,web-adl.zohorecruit.com,7
zoho,vitalitemw,vitalitemw.zohorecruit.com,3
zoho,zohocorp2,https://zohocorp2.zohorecruit.com,25
