slug,url,n_sources,sources
021-strategic,021-strategic.breezy.hr,1,Masterjx9-OpenPostings
1-grid,1-grid.breezy.hr,1,Masterjx9-OpenPostings
10-4-truck-recruiting,10-4-truck-recruiting.breezy.hr,1,kalil0321-ats-companies
1001,1001.breezy.hr,2,Masterjx9-OpenPostings;kalil0321-ats-companies
10pearls,10pearls.breezy.hr,1,kalil0321-ats-companies
10percent,10percent.breezy.hr,1,Masterjx9-OpenPostings
11onze,11onze.breezy.hr,3,Masterjx9-OpenPostings;kalil0321-ats-companies;the-cockroaches-remote-jobs
11sigma,11sigma.breezy.hr,1,Masterjx9-OpenPostings
120water,120water.breezy.hr,1,Masterjx9-OpenPostings
1440-foods-manufacturing,1440-foods-manufacturing.breezy.hr,2,Masterjx9-OpenPostings;kalil0321-ats-companies
1aes,1aes.breezy.hr,1,Masterjx9-OpenPostings
1kx,1kx.breezy.hr,2,Masterjx9-OpenPostings;kalil0321-ats-companies
1pertinent,1pertinent.breezy.hr,1,Masterjx9-OpenPostings
1st-edge-llc,1st-edge-llc.breezy.hr,1,Masterjx9-OpenPostings
1stgenyale,1stgenyale.breezy.hr,1,Masterjx9-OpenPostings
20fathoms,20fathoms.breezy.hr,1,Masterjx9-OpenPostings
20four7va,20four7va.breezy.hr,2,Masterjx9-OpenPostings;kalil0321-ats-companies
23globalmarketing,23globalmarketing.breezy.hr,1,Masterjx9-OpenPostings
24-hour-medical-staffing-services,24-hour-medical-staffing-services.breezy.hr,1,Masterjx9-OpenPostings
25madison-llc,25madison-llc.breezy.hr,1,Masterjx9-OpenPostings
26five,26five.breezy.hr,1,Masterjx9-OpenPostings
2degrees,2degrees.breezy.hr,1,Masterjx9-OpenPostings
2ulaundry,2ulaundry.breezy.hr,1,Masterjx9-OpenPostings
3-forks-services,3-forks-services.breezy.hr,1,Masterjx9-OpenPostings
3-mountains-plumbing,3-mountains-plumbing.breezy.hr,1,Masterjx9-OpenPostings
360-apartment-renovations,360-apartment-renovations.breezy.hr,1,Masterjx9-OpenPostings
360-digital-starters-gmbh,360-digital-starters-gmbh.breezy.hr,1,Masterjx9-OpenPostings
3705e415bcbe,3705e415bcbe.breezy.hr,1,Masterjx9-OpenPostings
3brasseurs,3brasseurs.breezy.hr,1,Masterjx9-OpenPostings
3dbio-therapeutics,3dbio-therapeutics.breezy.hr,1,Masterjx9-OpenPostings
3ex,3ex.breezy.hr,2,Masterjx9-OpenPostings;kalil0321-ats-companies
401-auto-rv-group,401-auto-rv-group.breezy.hr,1,Masterjx9-OpenPostings
47-degrees,47-degrees.breezy.hr,2,Masterjx9-OpenPostings;kalil0321-ats-companies
4media,4media.breezy.hr,1,Masterjx9-OpenPostings
4th-day-trucking,4th-day-trucking.breezy.hr,1,kalil0321-ats-companies
500chow,500chow.breezy.hr,1,Masterjx9-OpenPostings
6037,6037.breezy.hr,1,kalil0321-ats-companies
6k-inc,6k-inc.breezy.hr,1,Masterjx9-OpenPostings
72-degrees,72-degrees.breezy.hr,1,Masterjx9-OpenPostings
75f,75f.breezy.hr,2,Masterjx9-OpenPostings;ches-ctrl-cheddar
75f-apac,75f-apac.breezy.hr,1,Masterjx9-OpenPostings
7am-enfant-inc,7am-enfant-inc.breezy.hr,2,Masterjx9-OpenPostings;kalil0321-ats-companies
99-group,99-group.breezy.hr,1,Masterjx9-OpenPostings
a-core-concrete-specialists,a-core-concrete-specialists.breezy.hr,1,Masterjx9-OpenPostings
a-cube-s-r-l,a-cube-s-r-l.breezy.hr,1,Masterjx9-OpenPostings
a-fresh-wind-church,a-fresh-wind-church.breezy.hr,1,Masterjx9-OpenPostings
a-hiringgroup,a-hiringgroup.breezy.hr,1,kalil0321-ats-companies
a-p-group-ltd,a-p-group-ltd.breezy.hr,2,Masterjx9-OpenPostings;kalil0321-ats-companies
a-teamglobal,a-teamglobal.breezy.hr,1,Masterjx9-OpenPostings
a2h,a2h.breezy.hr,2,Masterjx9-OpenPostings;kalil0321-ats-companies
aaa-service-network,aaa-service-network.breezy.hr,1,Masterjx9-OpenPostings
aah,aah.breezy.hr,1,kalil0321-ats-companies
aapm,aapm.breezy.hr,1,Masterjx9-OpenPostings
aarki,aarki.breezy.hr,1,Masterjx9-OpenPostings
aau,aau.breezy.hr,1,kalil0321-ats-companies
abax-health-inc,abax-health-inc.breezy.hr,1,kalil0321-ats-companies
abba,abba.breezy.hr,1,kalil0321-ats-companies
abc,abc.breezy.hr,1,kalil0321-ats-companies
abc-arbitrage,abc-arbitrage.breezy.hr,1,Masterjx9-OpenPostings
abc-imaging,abc-imaging.breezy.hr,2,Masterjx9-OpenPostings;kalil0321-ats-companies
abel-cole,abel-cole.breezy.hr,1,Masterjx9-OpenPostings
able-brewing,able-brewing.breezy.hr,1,Masterjx9-OpenPostings
ablefy,ablefy.breezy.hr,2,Masterjx9-OpenPostings;kalil0321-ats-companies
abound-paraplanning,abound-paraplanning.breezy.hr,1,Masterjx9-OpenPostings
abs,abs.breezy.hr,1,kalil0321-ats-companies
absolute-labs,absolute-labs.breezy.hr,1,Masterjx9-OpenPostings
absolute-pets,absolute-pets.breezy.hr,2,Masterjx9-OpenPostings;kalil0321-ats-companies
absolute-security,absolute-security.breezy.hr,1,Masterjx9-OpenPostings
abstractgroup,abstractgroup.breezy.hr,2,Masterjx9-OpenPostings;kalil0321-ats-companies
ac4m4u,ac4m4u.breezy.hr,1,kalil0321-ats-companies
academy,academy.breezy.hr,1,kalil0321-ats-companies
acadia-collection,acadia-collection.breezy.hr,1,Masterjx9-OpenPostings
acadiainn,acadiainn.breezy.hr,1,Masterjx9-OpenPostings
accelerate,accelerate.breezy.hr,1,kalil0321-ats-companies
accelerated-growth-studio,accelerated-growth-studio.breezy.hr,2,Masterjx9-OpenPostings;kalil0321-ats-companies
acceleration-capital,acceleration-capital.breezy.hr,1,Masterjx9-OpenPostings
accelone,accelone.breezy.hr,1,Masterjx9-OpenPostings
accentit,accentit.breezy.hr,1,kalil0321-ats-companies
accenture,accenture.breezy.hr,1,kalil0321-ats-companies
access-inc,access-inc.breezy.hr,1,Masterjx9-OpenPostings
access-physical-therapy-wellness,access-physical-therapy-wellness.breezy.hr,1,Masterjx9-OpenPostings
accessed-space,accessed-space.breezy.hr,1,Masterjx9-OpenPostings
accordus,accordus.breezy.hr,1,Masterjx9-OpenPostings
accountingfly,accountingfly.breezy.hr,1,Masterjx9-OpenPostings
accredible,accredible.breezy.hr,1,Masterjx9-OpenPostings
accrete-ai,accrete-ai.breezy.hr,2,Masterjx9-OpenPostings;kalil0321-ats-companies
acculogix-distribution-services,acculogix-distribution-services.breezy.hr,1,Masterjx9-OpenPostings
aci-federal,aci-federal.breezy.hr,1,Masterjx9-OpenPostings
acib-gmbh,acib-gmbh.breezy.hr,1,Masterjx9-OpenPostings
acme,acme.breezy.hr,2,Masterjx9-OpenPostings;kalil0321-ats-companies
acmecorp,acmecorp.breezy.hr,1,kalil0321-ats-companies
acolin-fund-services-ag,acolin-fund-services-ag.breezy.hr,1,Masterjx9-OpenPostings
acrow-limited,acrow-limited.breezy.hr,1,Masterjx9-OpenPostings
acs,acs.breezy.hr,1,kalil0321-ats-companies
actimage,actimage.breezy.hr,1,Masterjx9-OpenPostings
actims,actims.breezy.hr,1,Masterjx9-OpenPostings
action-target-inc,action-target-inc.breezy.hr,1,Masterjx9-OpenPostings
actionable-co,actionable-co.breezy.hr,1,Masterjx9-OpenPostings
activate-group-limited,activate-group-limited.breezy.hr,1,Masterjx9-OpenPostings
activatework,activatework.breezy.hr,1,Masterjx9-OpenPostings
active-dental-management,active-dental-management.breezy.hr,2,Masterjx9-OpenPostings;kalil0321-ats-companies
active-interest-media,active-interest-media.breezy.hr,1,Masterjx9-OpenPostings
active-kare-physical-therapy,active-kare-physical-therapy.breezy.hr,1,Masterjx9-OpenPostings
active-theory-inc,active-theory-inc.breezy.hr,1,Masterjx9-OpenPostings
activtec-solutions,activtec-solutions.breezy.hr,1,Masterjx9-OpenPostings
actually-clean-llc,actually-clean-llc.breezy.hr,1,Masterjx9-OpenPostings
actzero-ai,actzero-ai.breezy.hr,1,Masterjx9-OpenPostings
acuit-development,acuit-development.breezy.hr,1,Masterjx9-OpenPostings
acumen-strategic-consulting-inc,acumen-strategic-consulting-inc.breezy.hr,1,Masterjx9-OpenPostings
acute-nursing-care,acute-nursing-care.breezy.hr,2,Masterjx9-OpenPostings;kalil0321-ats-companies
ad-reform,ad-reform.breezy.hr,1,Masterjx9-OpenPostings
ad-strategies,ad-strategies.breezy.hr,1,Masterjx9-OpenPostings
adah-international-llc,adah-international-llc.breezy.hr,1,Masterjx9-OpenPostings
adapt,adapt.breezy.hr,2,Masterjx9-OpenPostings;kalil0321-ats-companies
adaptiq,adaptiq.breezy.hr,1,Masterjx9-OpenPostings
addx,addx.breezy.hr,1,kalil0321-ats-companies
adgate-media,adgate-media.breezy.hr,1,Masterjx9-OpenPostings
adhoc-studio,adhoc-studio.breezy.hr,2,Masterjx9-OpenPostings;outscal-openjobs
adiova,adiova.breezy.hr,1,Masterjx9-OpenPostings
adnabu,adnabu.breezy.hr,1,Masterjx9-OpenPostings
adnet-accountnet-inc,adnet-accountnet-inc.breezy.hr,2,Masterjx9-OpenPostings;kalil0321-ats-companies
adobe,adobe.breezy.hr,1,kalil0321-ats-companies
adoc-tm,adoc-tm.breezy.hr,2,Masterjx9-OpenPostings;kalil0321-ats-companies
adolescent-wellness-academy,adolescent-wellness-academy.breezy.hr,1,Masterjx9-OpenPostings
adore-me,adore-me.breezy.hr,1,Masterjx9-OpenPostings
adquick,adquick.breezy.hr,1,Masterjx9-OpenPostings
advance-financial,advance-financial.breezy.hr,1,Masterjx9-OpenPostings
advanced-computer-solutions,advanced-computer-solutions.breezy.hr,1,Masterjx9-OpenPostings
advanced-crypto-services-inc,advanced-crypto-services-inc.breezy.hr,1,Masterjx9-OpenPostings
advanced-dri,advanced-dri.breezy.hr,1,Masterjx9-OpenPostings
advanced-nursing-concepts-llc,advanced-nursing-concepts-llc.breezy.hr,1,kalil0321-ats-companies
advancing-beyond-the-spectrum,advancing-beyond-the-spectrum.breezy.hr,1,Masterjx9-OpenPostings
advantage-consultores,advantage-consultores.breezy.hr,1,Masterjx9-OpenPostings
advantage-design-group,advantage-design-group.breezy.hr,1,Masterjx9-OpenPostings
advantagehealthcare,advantagehealthcare.breezy.hr,1,Masterjx9-OpenPostings
advantia-health,advantia-health.breezy.hr,2,Masterjx9-OpenPostings;kalil0321-ats-companies
advekit,advekit.breezy.hr,1,Masterjx9-OpenPostings
advisicon,advisicon.breezy.hr,1,Masterjx9-OpenPostings
advisorengine,advisorengine.breezy.hr,1,Masterjx9-OpenPostings
advocate-technologies,advocate-technologies.breezy.hr,1,Masterjx9-OpenPostings
adwerx,adwerx.breezy.hr,1,Masterjx9-OpenPostings
aerolase,aerolase.breezy.hr,1,Masterjx9-OpenPostings
aeroseal,aeroseal.breezy.hr,2,Masterjx9-OpenPostings;kalil0321-ats-companies
aes,aes.breezy.hr,1,kalil0321-ats-companies
aetherflux,aetherflux.breezy.hr,1,kalil0321-ats-companies
aeyon,aeyon.breezy.hr,1,Masterjx9-OpenPostings
af,af.breezy.hr,1,Masterjx9-OpenPostings
affiliaxe-com,affiliaxe-com.breezy.hr,1,Masterjx9-OpenPostings
affinity,affinity.breezy.hr,1,kalil0321-ats-companies
aflac-central-southern-illinois,aflac-central-southern-illinois.breezy.hr,1,kalil0321-ats-companies
africa-moko,africa-moko.breezy.hr,1,Masterjx9-OpenPostings
africaworks,africaworks.breezy.hr,1,Masterjx9-OpenPostings
afriforum,afriforum.breezy.hr,1,Masterjx9-OpenPostings
agami,agami.breezy.hr,1,Masterjx9-OpenPostings
agbo,agbo.breezy.hr,3,Masterjx9-OpenPostings;kalil0321-ats-companies;outscal-openjobs
agenda-for-children,agenda-for-children.breezy.hr,2,Masterjx9-OpenPostings;kalil0321-ats-companies
agile-cloud-consulting,agile-cloud-consulting.breezy.hr,1,Masterjx9-OpenPostings
agileone,agileone.breezy.hr,1,Masterjx9-OpenPostings
agilesolutions-gb,agilesolutions-gb.breezy.hr,1,Masterjx9-OpenPostings
agm-management,agm-management.breezy.hr,1,Masterjx9-OpenPostings
agorapulse,agorapulse.breezy.hr,1,Masterjx9-OpenPostings
agot,agot.breezy.hr,1,Masterjx9-OpenPostings
agricapture,agricapture.breezy.hr,1,Masterjx9-OpenPostings
agridence-pte-ltd,agridence-pte-ltd.breezy.hr,1,Masterjx9-OpenPostings
agrigistics,agrigistics.breezy.hr,1,Masterjx9-OpenPostings
agriterra-equipment,agriterra-equipment.breezy.hr,1,Masterjx9-OpenPostings
ahead,ahead.breezy.hr,2,Masterjx9-OpenPostings;kalil0321-ats-companies
ahi,ahi.breezy.hr,1,kalil0321-ats-companies
aids-foundation-chicago,aids-foundation-chicago.breezy.hr,1,Masterjx9-OpenPostings
ailaaj,ailaaj.breezy.hr,1,Masterjx9-OpenPostings
ailo,ailo.breezy.hr,1,Masterjx9-OpenPostings
aimpoint-digital,aimpoint-digital.breezy.hr,2,Masterjx9-OpenPostings;kalil0321-ats-companies
aims,aims.breezy.hr,1,kalil0321-ats-companies
aion,aion.breezy.hr,1,Masterjx9-OpenPostings
air-hr,air-hr.breezy.hr,1,Masterjx9-OpenPostings
air-visits-inc,air-visits-inc.breezy.hr,1,Masterjx9-OpenPostings
aira,aira.breezy.hr,2,Masterjx9-OpenPostings;kalil0321-ats-companies
aircall,aircall.breezy.hr,1,kalil0321-ats-companies
aja-labs-inc,aja-labs-inc.breezy.hr,1,Masterjx9-OpenPostings
ajs,ajs.breezy.hr,1,Masterjx9-OpenPostings
akt,akt.breezy.hr,2,Masterjx9-OpenPostings;kalil0321-ats-companies
akuity,akuity.breezy.hr,1,Masterjx9-OpenPostings
al-j-mueller-construction-co,al-j-mueller-construction-co.breezy.hr,1,Masterjx9-OpenPostings
alabama-oncology,alabama-oncology.breezy.hr,1,Masterjx9-OpenPostings
alabaster-city-schools,alabaster-city-schools.breezy.hr,1,Masterjx9-OpenPostings
alasco,alasco.breezy.hr,2,Masterjx9-OpenPostings;kalil0321-ats-companies
alaskan-copper-and-brass,alaskan-copper-and-brass.breezy.hr,1,Masterjx9-OpenPostings
alaya,alaya.breezy.hr,2,Masterjx9-OpenPostings;kalil0321-ats-companies
alberta-biodiversity-monitoring-institute,alberta-biodiversity-monitoring-institute.breezy.hr,1,Masterjx9-OpenPostings
alchemy-financial-group,alchemy-financial-group.breezy.hr,2,Masterjx9-OpenPostings;kalil0321-ats-companies
alconost-inc,alconost-inc.breezy.hr,3,Masterjx9-OpenPostings;kalil0321-ats-companies;outscal-openjobs
alectrona-llc,alectrona-llc.breezy.hr,1,Masterjx9-OpenPostings
alegra,alegra.breezy.hr,1,Masterjx9-OpenPostings
alem-sistem,alem-sistem.breezy.hr,1,Masterjx9-OpenPostings
alemhealth,alemhealth.breezy.hr,1,Masterjx9-OpenPostings
aleph-ventures,aleph-ventures.breezy.hr,1,kalil0321-ats-companies
alertive,alertive.breezy.hr,1,Masterjx9-OpenPostings
align-custom-fit-footwear-footcare,align-custom-fit-footwear-footcare.breezy.hr,1,Masterjx9-OpenPostings
aligned-geriatrics,aligned-geriatrics.breezy.hr,1,kalil0321-ats-companies
aligned-modern-health,aligned-modern-health.breezy.hr,2,Masterjx9-OpenPostings;kalil0321-ats-companies
aligned-recruitment,aligned-recruitment.breezy.hr,1,Masterjx9-OpenPostings
alkyme,alkyme.breezy.hr,1,Masterjx9-OpenPostings
all-about-kids,all-about-kids.breezy.hr,1,Masterjx9-OpenPostings
all-financial-freedom,all-financial-freedom.breezy.hr,1,kalil0321-ats-companies
all-renovation-design-llc,all-renovation-design-llc.breezy.hr,1,Masterjx9-OpenPostings
allana-buick-bers,allana-buick-bers.breezy.hr,1,Masterjx9-OpenPostings
allcares,allcares.breezy.hr,2,Masterjx9-OpenPostings;kalil0321-ats-companies
allegiant-stadium,allegiant-stadium.breezy.hr,1,Masterjx9-OpenPostings
allegorithmic,allegorithmic.breezy.hr,1,Masterjx9-OpenPostings
alliance-coal-and-affiliates-internship-program,alliance-coal-and-affiliates-internship-program.breezy.hr,1,Masterjx9-OpenPostings
alliance-resource-partners-lp,alliance-resource-partners-lp.breezy.hr,1,Masterjx9-OpenPostings
allied-property-management,allied-property-management.breezy.hr,1,Masterjx9-OpenPostings
allies-in-caring,allies-in-caring.breezy.hr,1,Masterjx9-OpenPostings
allies4outcomes,allies4outcomes.breezy.hr,1,kalil0321-ats-companies
alloy,alloy.breezy.hr,1,Masterjx9-OpenPostings
allstar,allstar.breezy.hr,2,Masterjx9-OpenPostings;kalil0321-ats-companies
alltrade-industrial-contractors,alltrade-industrial-contractors.breezy.hr,2,Masterjx9-OpenPostings;kalil0321-ats-companies
alma-del-mar-charter-school,alma-del-mar-charter-school.breezy.hr,2,Masterjx9-OpenPostings;kalil0321-ats-companies
almaden-genomics,almaden-genomics.breezy.hr,1,Masterjx9-OpenPostings
almalaboris,almalaboris.breezy.hr,1,Masterjx9-OpenPostings
almentor,almentor.breezy.hr,2,Masterjx9-OpenPostings;kalil0321-ats-companies
alpaca-racing,alpaca-racing.breezy.hr,1,kalil0321-ats-companies
alpha-usa,alpha-usa.breezy.hr,2,Masterjx9-OpenPostings;kalil0321-ats-companies
alphanumeric-systems,alphanumeric-systems.breezy.hr,2,Masterjx9-OpenPostings;kalil0321-ats-companies
alphasys,alphasys.breezy.hr,2,Masterjx9-OpenPostings;kalil0321-ats-companies
alpin-gmbh,alpin-gmbh.breezy.hr,1,Masterjx9-OpenPostings
alpine-maids,alpine-maids.breezy.hr,1,Masterjx9-OpenPostings
alsalamhospital,alsalamhospital.breezy.hr,1,Masterjx9-OpenPostings
alt-assets-inc,alt-assets-inc.breezy.hr,1,Masterjx9-OpenPostings
alt-legal,alt-legal.breezy.hr,2,Masterjx9-OpenPostings;kalil0321-ats-companies
altafonte-network,altafonte-network.breezy.hr,1,Masterjx9-OpenPostings
altanova,altanova.breezy.hr,2,Masterjx9-OpenPostings;kalil0321-ats-companies
alter-global,alter-global.breezy.hr,1,Masterjx9-OpenPostings
altgen-join-our-team,altgen-join-our-team.breezy.hr,1,Masterjx9-OpenPostings
altierra,altierra.breezy.hr,1,Masterjx9-OpenPostings
altitude-fitness-management-group,altitude-fitness-management-group.breezy.hr,1,kalil0321-ats-companies
altitude-media-group,altitude-media-group.breezy.hr,1,kalil0321-ats-companies
altitude-roofing-ltd,altitude-roofing-ltd.breezy.hr,1,Masterjx9-OpenPostings
altius-dental,altius-dental.breezy.hr,1,Masterjx9-OpenPostings
alto,alto.breezy.hr,1,kalil0321-ats-companies
aluminio-inc,aluminio-inc.breezy.hr,1,Masterjx9-OpenPostings
aluna,aluna.breezy.hr,1,Masterjx9-OpenPostings
amazing-explorers-academy,amazing-explorers-academy.breezy.hr,1,Masterjx9-OpenPostings
amazingco,amazingco.breezy.hr,1,Masterjx9-OpenPostings
amazingtalker,amazingtalker.breezy.hr,2,Masterjx9-OpenPostings;kalil0321-ats-companies
amazon,amazon.breezy.hr,1,kalil0321-ats-companies
amber-technologies,amber-technologies.breezy.hr,1,ches-ctrl-cheddar
amberlabs,amberlabs.breezy.hr,2,Masterjx9-OpenPostings;kalil0321-ats-companies
ameelio,ameelio.breezy.hr,2,Masterjx9-OpenPostings;ches-ctrl-cheddar
america-on-tech,america-on-tech.breezy.hr,1,kalil0321-ats-companies
american-air-conditioning-heating,american-air-conditioning-heating.breezy.hr,2,Masterjx9-OpenPostings;kalil0321-ats-companies
american-antiquarian-society,american-antiquarian-society.breezy.hr,1,Masterjx9-OpenPostings
american-bar-foundation,american-bar-foundation.breezy.hr,2,Masterjx9-OpenPostings;kalil0321-ats-companies
american-civil-liberties-union-wisconsin,american-civil-liberties-union-wisconsin.breezy.hr,1,kalil0321-ats-companies
american-coatings-association,american-coatings-association.breezy.hr,2,Masterjx9-OpenPostings;kalil0321-ats-companies
american-council-of-engineering-companies,american-council-of-engineering-companies.breezy.hr,1,Masterjx9-OpenPostings
american-directions-research-group,american-directions-research-group.breezy.hr,1,Masterjx9-OpenPostings
american-farm-bureau-federation,american-farm-bureau-federation.breezy.hr,1,Masterjx9-OpenPostings
american-giant,american-giant.breezy.hr,1,Masterjx9-OpenPostings
american-logistics-authority,american-logistics-authority.breezy.hr,1,kalil0321-ats-companies
amfg,amfg.breezy.hr,1,Masterjx9-OpenPostings
amira-learning-inc,amira-learning-inc.breezy.hr,1,Masterjx9-OpenPostings
amitruck,amitruck.breezy.hr,1,Masterjx9-OpenPostings
amity-solutions,amity-solutions.breezy.hr,1,Masterjx9-OpenPostings
amma-family,amma-family.breezy.hr,2,Masterjx9-OpenPostings;kalil0321-ats-companies
amo,amo.breezy.hr,1,kalil0321-ats-companies
ampeco,ampeco.breezy.hr,1,ches-ctrl-cheddar
amplication,amplication.breezy.hr,1,Masterjx9-OpenPostings
amplified-solutions,amplified-solutions.breezy.hr,1,Masterjx9-OpenPostings
amplifymd,amplifymd.breezy.hr,1,Masterjx9-OpenPostings
ampup,ampup.breezy.hr,2,Masterjx9-OpenPostings;kalil0321-ats-companies
analyse2-oy,analyse2-oy.breezy.hr,1,Masterjx9-OpenPostings
anchor-conzult,anchor-conzult.breezy.hr,2,Masterjx9-OpenPostings;kalil0321-ats-companies
anchour,anchour.breezy.hr,2,Masterjx9-OpenPostings;kalil0321-ats-companies
ancient-crunch,ancient-crunch.breezy.hr,1,Masterjx9-OpenPostings
andolini-s-llc,andolini-s-llc.breezy.hr,1,Masterjx9-OpenPostings
andonovo,andonovo.breezy.hr,1,Masterjx9-OpenPostings
andrews-senior-care,andrews-senior-care.breezy.hr,1,Masterjx9-OpenPostings
andworx,andworx.breezy.hr,2,Masterjx9-OpenPostings;kalil0321-ats-companies
anedot,anedot.breezy.hr,1,Masterjx9-OpenPostings
angaza-technology-literacy-center,angaza-technology-literacy-center.breezy.hr,1,Masterjx9-OpenPostings
angel-city-advisors,angel-city-advisors.breezy.hr,1,Masterjx9-OpenPostings
anghami,anghami.breezy.hr,2,Masterjx9-OpenPostings;kalil0321-ats-companies
angiosafe,angiosafe.breezy.hr,2,Masterjx9-OpenPostings;kalil0321-ats-companies
animate-behavior-llc,animate-behavior-llc.breezy.hr,1,Masterjx9-OpenPostings
animus-studios,animus-studios.breezy.hr,1,Masterjx9-OpenPostings
aninebing,aninebing.breezy.hr,2,Masterjx9-OpenPostings;kalil0321-ats-companies
anka,anka.breezy.hr,1,Masterjx9-OpenPostings
ankr-pbc,ankr-pbc.breezy.hr,2,Masterjx9-OpenPostings;kalil0321-ats-companies
anonos,anonos.breezy.hr,1,Masterjx9-OpenPostings
answeraide,answeraide.breezy.hr,1,Masterjx9-OpenPostings
anthem-engineering,anthem-engineering.breezy.hr,1,Masterjx9-OpenPostings
anthemic-inc,anthemic-inc.breezy.hr,1,Masterjx9-OpenPostings
anthos-home,anthos-home.breezy.hr,2,Masterjx9-OpenPostings;kalil0321-ats-companies
anthropos,anthropos.breezy.hr,1,kalil0321-ats-companies
antidote,antidote.breezy.hr,1,Masterjx9-OpenPostings
antithesis,antithesis.breezy.hr,1,ches-ctrl-cheddar
any-do,any-do.breezy.hr,1,Masterjx9-OpenPostings
any-hour-services,any-hour-services.breezy.hr,1,Masterjx9-OpenPostings
anyscale,anyscale.breezy.hr,1,kalil0321-ats-companies
ao-national-globe-life,ao-national-globe-life.breezy.hr,1,kalil0321-ats-companies
aoglobelife,aoglobelife.breezy.hr,1,kalil0321-ats-companies
apertor-pharmaceuticals,apertor-pharmaceuticals.breezy.hr,2,Masterjx9-OpenPostings;kalil0321-ats-companies
apex-network-limited,apex-network-limited.breezy.hr,1,Masterjx9-OpenPostings
apex-roofing,apex-roofing.breezy.hr,1,Masterjx9-OpenPostings
apex-tk-llc,apex-tk-llc.breezy.hr,2,Masterjx9-OpenPostings;kalil0321-ats-companies
apkudo-inc,apkudo-inc.breezy.hr,1,Masterjx9-OpenPostings
apm-music,apm-music.breezy.hr,1,Masterjx9-OpenPostings
apollo-after-school,apollo-after-school.breezy.hr,1,Masterjx9-OpenPostings
apollo-answering-service,apollo-answering-service.breezy.hr,1,Masterjx9-OpenPostings
apostrophe-technologies,apostrophe-technologies.breezy.hr,1,Masterjx9-OpenPostings
apothecarie,apothecarie.breezy.hr,1,Masterjx9-OpenPostings
apparel-impact-institute,apparel-impact-institute.breezy.hr,1,Masterjx9-OpenPostings
appfigures,appfigures.breezy.hr,1,Masterjx9-OpenPostings
appiphony,appiphony.breezy.hr,1,Masterjx9-OpenPostings
appleseed,appleseed.breezy.hr,1,kalil0321-ats-companies
applied-information-sciences,applied-information-sciences.breezy.hr,1,Masterjx9-OpenPostings
applied-particle-technology,applied-particle-technology.breezy.hr,1,Masterjx9-OpenPostings
applied-tech,applied-tech.breezy.hr,2,Masterjx9-OpenPostings;kalil0321-ats-companies
appointedd,appointedd.breezy.hr,1,Masterjx9-OpenPostings
apption,apption.breezy.hr,1,Masterjx9-OpenPostings
april-health,april-health.breezy.hr,1,Masterjx9-OpenPostings
aprime-technology,aprime-technology.breezy.hr,1,Masterjx9-OpenPostings
apriorit,apriorit.breezy.hr,1,Masterjx9-OpenPostings
aptyx,aptyx.breezy.hr,1,Masterjx9-OpenPostings
apyhub,apyhub.breezy.hr,1,Masterjx9-OpenPostings
aqbank-instituicao-de-pagamentos,aqbank-instituicao-de-pagamentos.breezy.hr,1,Masterjx9-OpenPostings
aqua-blue-pools,aqua-blue-pools.breezy.hr,1,Masterjx9-OpenPostings
aquamobile,aquamobile.breezy.hr,1,Masterjx9-OpenPostings
aquatycia,aquatycia.breezy.hr,1,Masterjx9-OpenPostings
aquino-capital-group-llc-empowered-by-nexa-mortgage-llc,aquino-capital-group-llc-empowered-by-nexa-mortgage-llc.breezy.hr,1,Masterjx9-OpenPostings
arangodb,arangodb.breezy.hr,2,Masterjx9-OpenPostings;kalil0321-ats-companies
arborbridge,arborbridge.breezy.hr,1,Masterjx9-OpenPostings
arc,arc.breezy.hr,1,kalil0321-ats-companies
arch-systems,arch-systems.breezy.hr,2,Masterjx9-OpenPostings;kalil0321-ats-companies
archangelautonomy,archangelautonomy.breezy.hr,2,Masterjx9-OpenPostings;kalil0321-ats-companies
archangellightworks,archangellightworks.breezy.hr,1,Masterjx9-OpenPostings
archsoftware,archsoftware.breezy.hr,2,Masterjx9-OpenPostings;kalil0321-ats-companies
arclight-painting-llc,arclight-painting-llc.breezy.hr,1,Masterjx9-OpenPostings
arduino,arduino.breezy.hr,1,Masterjx9-OpenPostings
arena-club,arena-club.breezy.hr,1,Masterjx9-OpenPostings
aretum,aretum.breezy.hr,1,kalil0321-ats-companies
arinsights,arinsights.breezy.hr,1,Masterjx9-OpenPostings
arise,arise.breezy.hr,1,kalil0321-ats-companies
aristeo,aristeo.breezy.hr,1,kalil0321-ats-companies
arizona-zipline-adventures,arizona-zipline-adventures.breezy.hr,1,Masterjx9-OpenPostings
arizonapainrelief,arizonapainrelief.breezy.hr,1,Masterjx9-OpenPostings
armeta-analytics-inc,armeta-analytics-inc.breezy.hr,1,Masterjx9-OpenPostings
aro-bio-therapeutics,aro-bio-therapeutics.breezy.hr,1,Masterjx9-OpenPostings
aroma360,aroma360.breezy.hr,2,Masterjx9-OpenPostings;kalil0321-ats-companies
around,around.breezy.hr,1,Masterjx9-OpenPostings
arpio,arpio.breezy.hr,2,Masterjx9-OpenPostings;kalil0321-ats-companies
arrcc,arrcc.breezy.hr,1,Masterjx9-OpenPostings
arrived,arrived.breezy.hr,2,Masterjx9-OpenPostings;kalil0321-ats-companies
arryved,arryved.breezy.hr,1,Masterjx9-OpenPostings
artemis-connection,artemis-connection.breezy.hr,1,kalil0321-ats-companies
arteria,arteria.breezy.hr,1,Masterjx9-OpenPostings
arthrex-indianapolis,arthrex-indianapolis.breezy.hr,1,kalil0321-ats-companies
artidis-ag,artidis-ag.breezy.hr,2,Masterjx9-OpenPostings;kalil0321-ats-companies
artis-llc,artis-llc.breezy.hr,1,Masterjx9-OpenPostings
arts-science-undergraduate-society,arts-science-undergraduate-society.breezy.hr,1,Masterjx9-OpenPostings
as-software,as-software.breezy.hr,1,Masterjx9-OpenPostings
asantegold,asantegold.breezy.hr,1,Masterjx9-OpenPostings
asb-freight-co,asb-freight-co.breezy.hr,1,kalil0321-ats-companies
asc,asc.breezy.hr,1,kalil0321-ats-companies
ascend-innovations,ascend-innovations.breezy.hr,1,Masterjx9-OpenPostings
ascenial,ascenial.breezy.hr,1,Masterjx9-OpenPostings
ascent-robotics,ascent-robotics.breezy.hr,1,Masterjx9-OpenPostings
ascento-ag,ascento-ag.breezy.hr,2,Masterjx9-OpenPostings;kalil0321-ats-companies
ash-wellness-inc,ash-wellness-inc.breezy.hr,2,Masterjx9-OpenPostings;kalil0321-ats-companies
asian-law-caucus,asian-law-caucus.breezy.hr,2,Masterjx9-OpenPostings;kalil0321-ats-companies
asian-pacific-islander-legal-outreach,asian-pacific-islander-legal-outreach.breezy.hr,2,Masterjx9-OpenPostings;kalil0321-ats-companies
asian-pacific-islander-political-alliance,asian-pacific-islander-political-alliance.breezy.hr,2,Masterjx9-OpenPostings;kalil0321-ats-companies
askable,askable.breezy.hr,1,kalil0321-ats-companies
aspen-ridge-mental-health,aspen-ridge-mental-health.breezy.hr,1,Masterjx9-OpenPostings
aspinal-of-london,aspinal-of-london.breezy.hr,2,Masterjx9-OpenPostings;kalil0321-ats-companies
aspis-llc,aspis-llc.breezy.hr,1,Masterjx9-OpenPostings
aspria,aspria.breezy.hr,2,Masterjx9-OpenPostings;kalil0321-ats-companies
assc-hes-apprentissage-hfr,assc-hes-apprentissage-hfr.breezy.hr,1,Masterjx9-OpenPostings
assessment-intervention-management,assessment-intervention-management.breezy.hr,2,Masterjx9-OpenPostings;kalil0321-ats-companies
assignar,assignar.breezy.hr,1,Masterjx9-OpenPostings
assurancelab,assurancelab.breezy.hr,2,Masterjx9-OpenPostings;kalil0321-ats-companies
astanza-laser,astanza-laser.breezy.hr,2,Masterjx9-OpenPostings;kalil0321-ats-companies
astera,astera.breezy.hr,1,kalil0321-ats-companies
astro,astro.breezy.hr,1,kalil0321-ats-companies
astro-shapes-llc,astro-shapes-llc.breezy.hr,2,Masterjx9-OpenPostings;kalil0321-ats-companies
at-present,at-present.breezy.hr,1,Masterjx9-OpenPostings
at-t,at-t.breezy.hr,1,outscal-openjobs
at-work-cincy,at-work-cincy.breezy.hr,1,Masterjx9-OpenPostings
atar-notes,atar-notes.breezy.hr,1,Masterjx9-OpenPostings
atbs,atbs.breezy.hr,2,Masterjx9-OpenPostings;kalil0321-ats-companies
atec-inc,atec-inc.breezy.hr,1,Masterjx9-OpenPostings
aten-design-group,aten-design-group.breezy.hr,1,Masterjx9-OpenPostings
athelas,athelas.breezy.hr,1,Masterjx9-OpenPostings
athena,athena.breezy.hr,1,Masterjx9-OpenPostings
athena-actuarial-consulting,athena-actuarial-consulting.breezy.hr,1,Masterjx9-OpenPostings
athenian,athenian.breezy.hr,1,Masterjx9-OpenPostings
athletes-first,athletes-first.breezy.hr,1,Masterjx9-OpenPostings
athletes-global,athletes-global.breezy.hr,1,Masterjx9-OpenPostings
ati-business-group,ati-business-group.breezy.hr,2,Masterjx9-OpenPostings;kalil0321-ats-companies
atlanta-cycling,atlanta-cycling.breezy.hr,1,Masterjx9-OpenPostings
atlanticoceansidehotel,atlanticoceansidehotel.breezy.hr,1,Masterjx9-OpenPostings
atlas-rfid-solutions-store-llc,atlas-rfid-solutions-store-llc.breezy.hr,1,Masterjx9-OpenPostings
atlas-technica,atlas-technica.breezy.hr,2,Masterjx9-OpenPostings;kalil0321-ats-companies
atlasprimary,atlasprimary.breezy.hr,2,Masterjx9-OpenPostings;kalil0321-ats-companies
atom-accelerator-dao,atom-accelerator-dao.breezy.hr,1,Masterjx9-OpenPostings
atp-flight-school,atp-flight-school.breezy.hr,1,Masterjx9-OpenPostings
ats-automation,ats-automation.breezy.hr,2,Masterjx9-OpenPostings;kalil0321-ats-companies
atticus-market,atticus-market.breezy.hr,1,Masterjx9-OpenPostings
auburndale-builders,auburndale-builders.breezy.hr,1,Masterjx9-OpenPostings
auctria,auctria.breezy.hr,1,Masterjx9-OpenPostings
aura-devices,aura-devices.breezy.hr,1,Masterjx9-OpenPostings
auric,auric.breezy.hr,1,Masterjx9-OpenPostings
aurora-consulting,aurora-consulting.breezy.hr,1,Masterjx9-OpenPostings
aurumverse,aurumverse.breezy.hr,1,kalil0321-ats-companies
ausloans-finance-group,ausloans-finance-group.breezy.hr,1,Masterjx9-OpenPostings
austin-retina-associates,austin-retina-associates.breezy.hr,1,Masterjx9-OpenPostings
austinstone,austinstone.breezy.hr,1,Masterjx9-OpenPostings
authentic,authentic.breezy.hr,3,Masterjx9-OpenPostings;ches-ctrl-cheddar;kalil0321-ats-companies
authentica-solutions,authentica-solutions.breezy.hr,2,Masterjx9-OpenPostings;kalil0321-ats-companies
authority-brands-woofies,authority-brands-woofies.breezy.hr,1,Masterjx9-OpenPostings
auticon,auticon.breezy.hr,1,Masterjx9-OpenPostings
autobahn-security,autobahn-security.breezy.hr,1,Masterjx9-OpenPostings
autotiv,autotiv.breezy.hr,1,Masterjx9-OpenPostings
auxon-corporation,auxon-corporation.breezy.hr,1,Masterjx9-OpenPostings
ava-advisory-group,ava-advisory-group.breezy.hr,1,kalil0321-ats-companies
ava-labs,ava-labs.breezy.hr,1,Masterjx9-OpenPostings
avail,avail.breezy.hr,2,Masterjx9-OpenPostings;kalil0321-ats-companies
avail-technologies,avail-technologies.breezy.hr,1,Masterjx9-OpenPostings
avalo,avalo.breezy.hr,1,Masterjx9-OpenPostings
avalon-salons-and-spa,avalon-salons-and-spa.breezy.hr,1,Masterjx9-OpenPostings
avanceon,avanceon.breezy.hr,2,Masterjx9-OpenPostings;kalil0321-ats-companies
avant-gardner,avant-gardner.breezy.hr,1,Masterjx9-OpenPostings
avant-tech,avant-tech.breezy.hr,1,Masterjx9-OpenPostings
avantos,avantos.breezy.hr,2,Masterjx9-OpenPostings;kalil0321-ats-companies
avaturn,avaturn.breezy.hr,1,Masterjx9-OpenPostings
aventus-llc,aventus-llc.breezy.hr,2,Masterjx9-OpenPostings;kalil0321-ats-companies
avi-health-community-services-9eb7555be744,avi-health-community-services-9eb7555be744.breezy.hr,2,Masterjx9-OpenPostings;kalil0321-ats-companies
aviation-technology-associates-llc,aviation-technology-associates-llc.breezy.hr,1,Masterjx9-OpenPostings
avidyne,avidyne.breezy.hr,2,Masterjx9-OpenPostings;kalil0321-ats-companies
aviron,aviron.breezy.hr,2,Masterjx9-OpenPostings;kalil0321-ats-companies
avnt,avnt.breezy.hr,1,Masterjx9-OpenPostings
avy,avy.breezy.hr,1,Masterjx9-OpenPostings
awardspring,awardspring.breezy.hr,1,kalil0321-ats-companies
awarri,awarri.breezy.hr,1,Masterjx9-OpenPostings
awning,awning.breezy.hr,1,kalil0321-ats-companies
axcend-chromatography,axcend-chromatography.breezy.hr,2,Masterjx9-OpenPostings;kalil0321-ats-companies
axian-group,axian-group.breezy.hr,1,Masterjx9-OpenPostings
axibo-inc,axibo-inc.breezy.hr,2,Masterjx9-OpenPostings;kalil0321-ats-companies
axion-spine-neurosurgery,axion-spine-neurosurgery.breezy.hr,1,Masterjx9-OpenPostings
axis-construction-mgmt--llc,axis-construction-mgmt--llc.breezy.hr,1,Masterjx9-OpenPostings
axis-studios,axis-studios.breezy.hr,1,Masterjx9-OpenPostings
ayyeka,ayyeka.breezy.hr,1,Masterjx9-OpenPostings
b-carlson-heating-air-conditioning-plumbing,b-carlson-heating-air-conditioning-plumbing.breezy.hr,1,Masterjx9-OpenPostings
b-spoke-studios,b-spoke-studios.breezy.hr,1,Masterjx9-OpenPostings
b2spin,b2spin.breezy.hr,2,Masterjx9-OpenPostings;kalil0321-ats-companies
babington,babington.breezy.hr,1,Masterjx9-OpenPostings
baby-doge,baby-doge.breezy.hr,1,Masterjx9-OpenPostings
babylonstoren,babylonstoren.breezy.hr,1,Masterjx9-OpenPostings
backupz-childcare-services,backupz-childcare-services.breezy.hr,1,Masterjx9-OpenPostings
backyard-discovery,backyard-discovery.breezy.hr,1,kalil0321-ats-companies
bactrack,bactrack.breezy.hr,1,Masterjx9-OpenPostings
bad-birdie,bad-birdie.breezy.hr,1,Masterjx9-OpenPostings
bad-marketing,bad-marketing.breezy.hr,2,Masterjx9-OpenPostings;kalil0321-ats-companies
baicells-technologies,baicells-technologies.breezy.hr,1,Masterjx9-OpenPostings
baisch-engineering,baisch-engineering.breezy.hr,1,Masterjx9-OpenPostings
baked-bros,baked-bros.breezy.hr,1,Masterjx9-OpenPostings
baker-rehab-group,baker-rehab-group.breezy.hr,1,Masterjx9-OpenPostings
balanced,balanced.breezy.hr,2,Masterjx9-OpenPostings;kalil0321-ats-companies
balani-custom-clothiers,balani-custom-clothiers.breezy.hr,1,Masterjx9-OpenPostings
bald-head-island-club,bald-head-island-club.breezy.hr,2,Masterjx9-OpenPostings;kalil0321-ats-companies
balfour-management,balfour-management.breezy.hr,1,Masterjx9-OpenPostings
banyan,banyan.breezy.hr,1,Masterjx9-OpenPostings
banyan-storage-inc,banyan-storage-inc.breezy.hr,1,kalil0321-ats-companies
barber-national-institute,barber-national-institute.breezy.hr,1,Masterjx9-OpenPostings
barcelona-sae,barcelona-sae.breezy.hr,1,Masterjx9-OpenPostings
barharborgrand,barharborgrand.breezy.hr,1,Masterjx9-OpenPostings
barharborinn,barharborinn.breezy.hr,1,Masterjx9-OpenPostings
barharbormotel,barharbormotel.breezy.hr,1,Masterjx9-OpenPostings
barharborvillager,barharborvillager.breezy.hr,1,Masterjx9-OpenPostings
barloworldequipment,barloworldequipment.breezy.hr,1,Masterjx9-OpenPostings
barn2door-inc,barn2door-inc.breezy.hr,2,Masterjx9-OpenPostings;kalil0321-ats-companies
barnhart-crane-rigging,barnhart-crane-rigging.breezy.hr,2,Masterjx9-OpenPostings;kalil0321-ats-companies
barton-springs-nursery,barton-springs-nursery.breezy.hr,1,kalil0321-ats-companies
barupon-llc,barupon-llc.breezy.hr,1,kalil0321-ats-companies
base,base.breezy.hr,1,Masterjx9-OpenPostings
base8,base8.breezy.hr,1,Masterjx9-OpenPostings
basicblock-inc,basicblock-inc.breezy.hr,1,Masterjx9-OpenPostings
battelle-uk-limited,battelle-uk-limited.breezy.hr,1,Masterjx9-OpenPostings
battle-creek-games,battle-creek-games.breezy.hr,1,Masterjx9-OpenPostings
battle-house-laser-tag,battle-house-laser-tag.breezy.hr,1,kalil0321-ats-companies
baymeadows-movers,baymeadows-movers.breezy.hr,1,Masterjx9-OpenPostings
bayside-fire-and-security,bayside-fire-and-security.breezy.hr,1,Masterjx9-OpenPostings
be-caring-ltd,be-caring-ltd.breezy.hr,1,Masterjx9-OpenPostings
beacon-inspections,beacon-inspections.breezy.hr,1,kalil0321-ats-companies
beacon-media-marketing,beacon-media-marketing.breezy.hr,1,Masterjx9-OpenPostings
beagle-services,beagle-services.breezy.hr,1,Masterjx9-OpenPostings
beam,beam.breezy.hr,1,Masterjx9-OpenPostings
beam-wallet,beam-wallet.breezy.hr,1,Masterjx9-OpenPostings
beanstock-ventures,beanstock-ventures.breezy.hr,1,Masterjx9-OpenPostings
bear-group,bear-group.breezy.hr,1,Masterjx9-OpenPostings
bear-robotics,bear-robotics.breezy.hr,2,Masterjx9-OpenPostings;kalil0321-ats-companies
beatclub-inc,beatclub-inc.breezy.hr,1,Masterjx9-OpenPostings
beatdapp,beatdapp.breezy.hr,1,Masterjx9-OpenPostings
beautiful-easy,beautiful-easy.breezy.hr,1,kalil0321-ats-companies
because-of-alice,because-of-alice.breezy.hr,1,Masterjx9-OpenPostings
bederr,bederr.breezy.hr,1,Masterjx9-OpenPostings
bedford-commons-obgyn,bedford-commons-obgyn.breezy.hr,1,Masterjx9-OpenPostings
beech-valley-solutions,beech-valley-solutions.breezy.hr,2,Masterjx9-OpenPostings;kalil0321-ats-companies
beefree,beefree.breezy.hr,2,Masterjx9-OpenPostings;kalil0321-ats-companies
beek,beek.breezy.hr,1,Masterjx9-OpenPostings
beex,beex.breezy.hr,2,Masterjx9-OpenPostings;kalil0321-ats-companies
behavio-labs,behavio-labs.breezy.hr,1,Masterjx9-OpenPostings
behavior-intervention-group,behavior-intervention-group.breezy.hr,1,Masterjx9-OpenPostings
behavior-treatment-analysis,behavior-treatment-analysis.breezy.hr,2,Masterjx9-OpenPostings;andreasasprou-ats-finder
behavioral-health-field-inc,behavioral-health-field-inc.breezy.hr,1,Masterjx9-OpenPostings
beli,beli.breezy.hr,2,Masterjx9-OpenPostings;kalil0321-ats-companies
bellatrx-inc,bellatrx-inc.breezy.hr,1,Masterjx9-OpenPostings
bellesa,bellesa.breezy.hr,1,Masterjx9-OpenPostings
bellhop,bellhop.breezy.hr,1,Masterjx9-OpenPostings
bellows,bellows.breezy.hr,1,Masterjx9-OpenPostings
benchmark-space-systems-inc,benchmark-space-systems-inc.breezy.hr,2,Masterjx9-OpenPostings;kalil0321-ats-companies
bendy,bendy.breezy.hr,1,kalil0321-ats-companies
benefits-data-trust,benefits-data-trust.breezy.hr,1,Masterjx9-OpenPostings
benetnaschllc,benetnaschllc.breezy.hr,1,kalil0321-ats-companies
benjamin-david-group-bdg,benjamin-david-group-bdg.breezy.hr,1,Masterjx9-OpenPostings
benzinga,benzinga.breezy.hr,2,Masterjx9-OpenPostings;kalil0321-ats-companies
best-practice-medicine,best-practice-medicine.breezy.hr,1,Masterjx9-OpenPostings
beta-bionics-inc,beta-bionics-inc.breezy.hr,1,Masterjx9-OpenPostings
beta-i,beta-i.breezy.hr,1,Masterjx9-OpenPostings
betclic-group,betclic-group.breezy.hr,2,Masterjx9-OpenPostings;kalil0321-ats-companies
better-medicare-alliance,better-medicare-alliance.breezy.hr,1,Masterjx9-OpenPostings
better-reports,better-reports.breezy.hr,1,Masterjx9-OpenPostings
better-trucks,better-trucks.breezy.hr,1,Masterjx9-OpenPostings
betterme,betterme.breezy.hr,3,Masterjx9-OpenPostings;kalil0321-ats-companies;outscal-openjobs
bettermynd,bettermynd.breezy.hr,1,Masterjx9-OpenPostings
betterpool,betterpool.breezy.hr,1,Masterjx9-OpenPostings
bettersource,bettersource.breezy.hr,1,Masterjx9-OpenPostings
bexorg,bexorg.breezy.hr,1,Masterjx9-OpenPostings
beyondfs,beyondfs.breezy.hr,1,Masterjx9-OpenPostings
beyondwow,beyondwow.breezy.hr,1,Masterjx9-OpenPostings
bgco,bgco.breezy.hr,2,Masterjx9-OpenPostings;kalil0321-ats-companies
bicom-systems,bicom-systems.breezy.hr,1,Masterjx9-OpenPostings
bidvestbank,bidvestbank.breezy.hr,2,Masterjx9-OpenPostings;kalil0321-ats-companies
big-brothers-big-sisters-of-america,big-brothers-big-sisters-of-america.breezy.hr,2,Masterjx9-OpenPostings;kalil0321-ats-companies
big-fat-smile-group-ltd,big-fat-smile-group-ltd.breezy.hr,1,Masterjx9-OpenPostings
big-picture,big-picture.breezy.hr,1,Masterjx9-OpenPostings
big-red-group,big-red-group.breezy.hr,1,Masterjx9-OpenPostings
bikewalkkc,bikewalkkc.breezy.hr,1,Masterjx9-OpenPostings
binariks,binariks.breezy.hr,1,Masterjx9-OpenPostings
binary-builders,binary-builders.breezy.hr,1,Masterjx9-OpenPostings
birdwatch,birdwatch.breezy.hr,1,Masterjx9-OpenPostings
birthday-capsule,birthday-capsule.breezy.hr,1,Masterjx9-OpenPostings
bit,bit.breezy.hr,1,Masterjx9-OpenPostings
bitbean,bitbean.breezy.hr,2,Masterjx9-OpenPostings;kalil0321-ats-companies
bitdeer,bitdeer.breezy.hr,2,Masterjx9-OpenPostings;kalil0321-ats-companies
bite,bite.breezy.hr,1,Masterjx9-OpenPostings
bitfire-games,bitfire-games.breezy.hr,1,Masterjx9-OpenPostings
bitninja-technologies-zrt,bitninja-technologies-zrt.breezy.hr,1,Masterjx9-OpenPostings
bitwave,bitwave.breezy.hr,1,Masterjx9-OpenPostings
bitwise,bitwise.breezy.hr,1,Masterjx9-OpenPostings
bizintek-innova,bizintek-innova.breezy.hr,1,Masterjx9-OpenPostings
black-airplane,black-airplane.breezy.hr,1,Masterjx9-OpenPostings
black-diamond-agency,black-diamond-agency.breezy.hr,1,kalil0321-ats-companies
black-diamond-experts,black-diamond-experts.breezy.hr,1,Masterjx9-OpenPostings
black-elm-coffee,black-elm-coffee.breezy.hr,1,Masterjx9-OpenPostings
black-ink-business-services,black-ink-business-services.breezy.hr,1,Masterjx9-OpenPostings
black-mcdonald-francais,black-mcdonald-francais.breezy.hr,1,Masterjx9-OpenPostings
black-mcdonald-limited,black-mcdonald-limited.breezy.hr,2,Masterjx9-OpenPostings;kalil0321-ats-companies
black-men-talk-tech,black-men-talk-tech.breezy.hr,1,Masterjx9-OpenPostings
black-mountain-software,black-mountain-software.breezy.hr,1,Masterjx9-OpenPostings
black-women-talk-tech,black-women-talk-tech.breezy.hr,1,Masterjx9-OpenPostings
blackbirds,blackbirds.breezy.hr,1,kalil0321-ats-companies
blanton-peale-institute,blanton-peale-institute.breezy.hr,1,Masterjx9-OpenPostings
blaze-media,blaze-media.breezy.hr,2,Masterjx9-OpenPostings;kalil0321-ats-companies
blazeonline,blazeonline.breezy.hr,1,Masterjx9-OpenPostings
bleenk,bleenk.breezy.hr,1,kalil0321-ats-companies
blended,blended.breezy.hr,1,Masterjx9-OpenPostings
blenderbox,blenderbox.breezy.hr,2,Masterjx9-OpenPostings;kalil0321-ats-companies
blessings-in-a-backpack,blessings-in-a-backpack.breezy.hr,1,Masterjx9-OpenPostings
blessly-llc,blessly-llc.breezy.hr,1,Masterjx9-OpenPostings
blinkpay-nz,blinkpay-nz.breezy.hr,1,Masterjx9-OpenPostings
block-party,block-party.breezy.hr,2,Masterjx9-OpenPostings;ches-ctrl-cheddar
blockchainspace,blockchainspace.breezy.hr,1,Masterjx9-OpenPostings
bloom,bloom.breezy.hr,1,Masterjx9-OpenPostings
bloom-academy,bloom-academy.breezy.hr,1,Masterjx9-OpenPostings
bloom-consulting,bloom-consulting.breezy.hr,1,Masterjx9-OpenPostings
blooming-health,blooming-health.breezy.hr,2,Masterjx9-OpenPostings;kalil0321-ats-companies
bloomington-wellness-center,bloomington-wellness-center.breezy.hr,1,Masterjx9-OpenPostings
blubrry,blubrry.breezy.hr,1,Masterjx9-OpenPostings
blue-bean-software-207b3997d9d4,blue-bean-software-207b3997d9d4.breezy.hr,1,Masterjx9-OpenPostings
blue-bite,blue-bite.breezy.hr,1,Masterjx9-OpenPostings
blue-cheetah-analog-design,blue-cheetah-analog-design.breezy.hr,1,Masterjx9-OpenPostings
blue-label-labs,blue-label-labs.breezy.hr,1,Masterjx9-OpenPostings
blue-lantern,blue-lantern.breezy.hr,1,Masterjx9-OpenPostings
blue-ocean-ideas,blue-ocean-ideas.breezy.hr,1,Masterjx9-OpenPostings
blue-ocean-pool-service,blue-ocean-pool-service.breezy.hr,1,Masterjx9-OpenPostings
blue-orange-digital,blue-orange-digital.breezy.hr,1,Masterjx9-OpenPostings
blue-projects,blue-projects.breezy.hr,1,kalil0321-ats-companies
blue-raven-solar,blue-raven-solar.breezy.hr,1,Masterjx9-OpenPostings
blue-sky-hospitality-solutions,blue-sky-hospitality-solutions.breezy.hr,2,Masterjx9-OpenPostings;kalil0321-ats-companies
blue-sky-pest-control,blue-sky-pest-control.breezy.hr,1,Masterjx9-OpenPostings
bluebird-barbecue,bluebird-barbecue.breezy.hr,1,Masterjx9-OpenPostings
bluebit-networks-llc,bluebit-networks-llc.breezy.hr,1,Masterjx9-OpenPostings
blueconduit,blueconduit.breezy.hr,2,Masterjx9-OpenPostings;ches-ctrl-cheddar
bluegrass-technologies-pty-ltd,bluegrass-technologies-pty-ltd.breezy.hr,1,Masterjx9-OpenPostings
blueprint-smiles,blueprint-smiles.breezy.hr,1,Masterjx9-OpenPostings
bluestem-biosciences,bluestem-biosciences.breezy.hr,1,Masterjx9-OpenPostings
blueticket,blueticket.breezy.hr,1,Masterjx9-OpenPostings
bluetree-group,bluetree-group.breezy.hr,2,Masterjx9-OpenPostings;kalil0321-ats-companies
bluetruck,bluetruck.breezy.hr,1,Masterjx9-OpenPostings
blutsgeschwister-gmbh,blutsgeschwister-gmbh.breezy.hr,1,Masterjx9-OpenPostings
bmc-aggregates,bmc-aggregates.breezy.hr,1,Masterjx9-OpenPostings
bmi,bmi.breezy.hr,2,Masterjx9-OpenPostings;kalil0321-ats-companies
bmwc-constructors-inc,bmwc-constructors-inc.breezy.hr,1,kalil0321-ats-companies
boardroom-labs,boardroom-labs.breezy.hr,1,Masterjx9-OpenPostings
boba-guys,boba-guys.breezy.hr,1,Masterjx9-OpenPostings
bobandronna,bobandronna.breezy.hr,2,Masterjx9-OpenPostings;kalil0321-ats-companies
body-complete-rx,body-complete-rx.breezy.hr,1,Masterjx9-OpenPostings
bokksu,bokksu.breezy.hr,1,Masterjx9-OpenPostings
boku,boku.breezy.hr,1,kalil0321-ats-companies
bold-metrics,bold-metrics.breezy.hr,1,Masterjx9-OpenPostings
boldare,boldare.breezy.hr,1,Masterjx9-OpenPostings
boldceo,boldceo.breezy.hr,1,Masterjx9-OpenPostings
boll-branch,boll-branch.breezy.hr,1,Masterjx9-OpenPostings
bolster-networks-inc,bolster-networks-inc.breezy.hr,1,Masterjx9-OpenPostings
bond-pro-inc,bond-pro-inc.breezy.hr,1,Masterjx9-OpenPostings
bondex-app,bondex-app.breezy.hr,1,Masterjx9-OpenPostings
bonfire-technologies-llc,bonfire-technologies-llc.breezy.hr,1,Masterjx9-OpenPostings
bonfy-ai,bonfy-ai.breezy.hr,1,Masterjx9-OpenPostings
bookkeeper360,bookkeeper360.breezy.hr,1,Masterjx9-OpenPostings
booster-apps,booster-apps.breezy.hr,1,Masterjx9-OpenPostings
booster-box,booster-box.breezy.hr,1,Masterjx9-OpenPostings
bootstrap-brands,bootstrap-brands.breezy.hr,1,Masterjx9-OpenPostings
border-llc,border-llc.breezy.hr,1,Masterjx9-OpenPostings
bordo-ai,bordo-ai.breezy.hr,1,Masterjx9-OpenPostings
borough-of-hatboro,borough-of-hatboro.breezy.hr,1,Masterjx9-OpenPostings
boss-tech,boss-tech.breezy.hr,1,Masterjx9-OpenPostings
boston-scally,boston-scally.breezy.hr,1,Masterjx9-OpenPostings
bosun-25f9d5ec70da,bosun-25f9d5ec70da.breezy.hr,2,Masterjx9-OpenPostings;kalil0321-ats-companies
bota-systems-ag,bota-systems-ag.breezy.hr,2,Masterjx9-OpenPostings;kalil0321-ats-companies
bothar-inc,bothar-inc.breezy.hr,1,Masterjx9-OpenPostings
bothouniversity,bothouniversity.breezy.hr,1,Masterjx9-OpenPostings
bounce-therapy,bounce-therapy.breezy.hr,1,Masterjx9-OpenPostings
bowtie,bowtie.breezy.hr,1,Masterjx9-OpenPostings
boxbar-tech,boxbar-tech.breezy.hr,1,Masterjx9-OpenPostings
boxknight,boxknight.breezy.hr,1,Masterjx9-OpenPostings
boxtro,boxtro.breezy.hr,1,Masterjx9-OpenPostings
boxy,boxy.breezy.hr,1,Masterjx9-OpenPostings
bpr-consulting-group-llc,bpr-consulting-group-llc.breezy.hr,1,Masterjx9-OpenPostings
bradshaw-home,bradshaw-home.breezy.hr,1,Masterjx9-OpenPostings
brain-fm,brain-fm.breezy.hr,1,Masterjx9-OpenPostings
brainlabs,brainlabs.breezy.hr,1,Masterjx9-OpenPostings
brainscape,brainscape.breezy.hr,1,Masterjx9-OpenPostings
brainweave,brainweave.breezy.hr,1,Masterjx9-OpenPostings
brandcrops,brandcrops.breezy.hr,1,Masterjx9-OpenPostings
brandista,brandista.breezy.hr,1,Masterjx9-OpenPostings
brandlovrs,brandlovrs.breezy.hr,1,Masterjx9-OpenPostings
brandttractor,brandttractor.breezy.hr,2,Masterjx9-OpenPostings;kalil0321-ats-companies
brandzooka,brandzooka.breezy.hr,1,Masterjx9-OpenPostings
brass,brass.breezy.hr,1,Masterjx9-OpenPostings
brave-care,brave-care.breezy.hr,1,Masterjx9-OpenPostings
bravo-digital-partners-llc,bravo-digital-partners-llc.breezy.hr,1,Masterjx9-OpenPostings
braxy-speech-therapy,braxy-speech-therapy.breezy.hr,1,Masterjx9-OpenPostings
braylon-williams,braylon-williams.breezy.hr,1,Masterjx9-OpenPostings
breakout,breakout.breezy.hr,1,Masterjx9-OpenPostings
breakthrough,breakthrough.breezy.hr,1,Masterjx9-OpenPostings
breakthrough-ally,breakthrough-ally.breezy.hr,1,Masterjx9-OpenPostings
breakthrough-inventions,breakthrough-inventions.breezy.hr,2,Masterjx9-OpenPostings;kalil0321-ats-companies
brella,brella.breezy.hr,2,Masterjx9-OpenPostings;kalil0321-ats-companies
brevity,brevity.breezy.hr,2,Masterjx9-OpenPostings;kalil0321-ats-companies
brez,brez.breezy.hr,1,Masterjx9-OpenPostings
brickeye,brickeye.breezy.hr,1,kalil0321-ats-companies
bridgecomm,bridgecomm.breezy.hr,1,Masterjx9-OpenPostings
bridgepoint-bible,bridgepoint-bible.breezy.hr,1,Masterjx9-OpenPostings
bridger-aerospace,bridger-aerospace.breezy.hr,1,Masterjx9-OpenPostings
bridgit,bridgit.breezy.hr,1,Masterjx9-OpenPostings
brigad,brigad.breezy.hr,1,Masterjx9-OpenPostings
bright-little-labs,bright-little-labs.breezy.hr,1,Masterjx9-OpenPostings
brightly,brightly.breezy.hr,1,Masterjx9-OpenPostings
brightpath-financial-corporation,brightpath-financial-corporation.breezy.hr,1,Masterjx9-OpenPostings
brightside-collective,brightside-collective.breezy.hr,1,kalil0321-ats-companies
brightview,brightview.breezy.hr,1,kalil0321-ats-companies
brightvine,brightvine.breezy.hr,1,Masterjx9-OpenPostings
brilliant,brilliant.breezy.hr,2,Masterjx9-OpenPostings;kalil0321-ats-companies
brinch-partners,brinch-partners.breezy.hr,1,Masterjx9-OpenPostings
bringonboard,bringonboard.breezy.hr,1,Masterjx9-OpenPostings
brink,brink.breezy.hr,1,Masterjx9-OpenPostings
brisbane-powerhouse,brisbane-powerhouse.breezy.hr,1,Masterjx9-OpenPostings
bristow-and-sutor-group,bristow-and-sutor-group.breezy.hr,1,Masterjx9-OpenPostings
broadband-dynamics,broadband-dynamics.breezy.hr,1,kalil0321-ats-companies
brockington-and-associates,brockington-and-associates.breezy.hr,1,Masterjx9-OpenPostings
brokerkit,brokerkit.breezy.hr,1,Masterjx9-OpenPostings
brookhill,brookhill.breezy.hr,2,Masterjx9-OpenPostings;kalil0321-ats-companies
brooklyn-bridge-park-conservancy,brooklyn-bridge-park-conservancy.breezy.hr,1,Masterjx9-OpenPostings
brookside-church,brookside-church.breezy.hr,1,Masterjx9-OpenPostings
brt-extrusions-inc,brt-extrusions-inc.breezy.hr,1,Masterjx9-OpenPostings
bryq,bryq.breezy.hr,1,Masterjx9-OpenPostings
bsisteel,bsisteel.breezy.hr,1,Masterjx9-OpenPostings
budapest-school,budapest-school.breezy.hr,1,Masterjx9-OpenPostings
buddhist-compassion-relief-tzu-chi-foundation-singapore,buddhist-compassion-relief-tzu-chi-foundation-singapore.breezy.hr,2,Masterjx9-OpenPostings;kalil0321-ats-companies
budget-right-handyman,budget-right-handyman.breezy.hr,1,Masterjx9-OpenPostings
buildfire,buildfire.breezy.hr,1,Masterjx9-OpenPostings
building-impact-partners,building-impact-partners.breezy.hr,1,kalil0321-ats-companies
building-tomorrow,building-tomorrow.breezy.hr,2,Masterjx9-OpenPostings;kalil0321-ats-companies
bukn,bukn.breezy.hr,1,kalil0321-ats-companies
bulla,bulla.breezy.hr,1,Masterjx9-OpenPostings
bulldog-rooter,bulldog-rooter.breezy.hr,1,Masterjx9-OpenPostings
bullfinch,bullfinch.breezy.hr,2,Masterjx9-OpenPostings;kalil0321-ats-companies
bullseye-strategy,bullseye-strategy.breezy.hr,2,Masterjx9-OpenPostings;kalil0321-ats-companies
bunch-inc,bunch-inc.breezy.hr,1,Masterjx9-OpenPostings
buntar-aerospace,buntar-aerospace.breezy.hr,1,Masterjx9-OpenPostings
burgertest-ottobrunn,burgertest-ottobrunn.breezy.hr,1,Masterjx9-OpenPostings
burleigh-county,burleigh-county.breezy.hr,1,Masterjx9-OpenPostings
burris-logistics,burris-logistics.breezy.hr,1,Masterjx9-OpenPostings
buscom,buscom.breezy.hr,2,Masterjx9-OpenPostings;kalil0321-ats-companies
busha,busha.breezy.hr,2,Masterjx9-OpenPostings;kalil0321-ats-companies
business-staffing-of-america-inc,business-staffing-of-america-inc.breezy.hr,1,Masterjx9-OpenPostings
bustle,bustle.breezy.hr,1,kalil0321-ats-companies
buyapowa,buyapowa.breezy.hr,1,Masterjx9-OpenPostings
buypower,buypower.breezy.hr,1,Masterjx9-OpenPostings
bvn,bvn.breezy.hr,2,Masterjx9-OpenPostings;kalil0321-ats-companies
bykea,bykea.breezy.hr,1,Masterjx9-OpenPostings
byndr,byndr.breezy.hr,1,Masterjx9-OpenPostings
bytecraft,bytecraft.breezy.hr,1,Masterjx9-OpenPostings
c-n-s-media-ltd,c-n-s-media-ltd.breezy.hr,1,Masterjx9-OpenPostings
c2-gps-dba-workforce-solutions-of-the-coastal-bend,c2-gps-dba-workforce-solutions-of-the-coastal-bend.breezy.hr,1,kalil0321-ats-companies
c2ro,c2ro.breezy.hr,1,Masterjx9-OpenPostings
c3industries,c3industries.breezy.hr,2,Masterjx9-OpenPostings;kalil0321-ats-companies
ca-office-of-digital-innovation,ca-office-of-digital-innovation.breezy.hr,2,Masterjx9-OpenPostings;kalil0321-ats-companies
ca9-employment,ca9-employment.breezy.hr,2,Masterjx9-OpenPostings;kalil0321-ats-companies
caban-systems,caban-systems.breezy.hr,1,Masterjx9-OpenPostings
cadalys,cadalys.breezy.hr,2,Masterjx9-OpenPostings;kalil0321-ats-companies
cadasta,cadasta.breezy.hr,2,Masterjx9-OpenPostings;ches-ctrl-cheddar
cadent,cadent.breezy.hr,1,Masterjx9-OpenPostings
caf-belgium,caf-belgium.breezy.hr,1,Masterjx9-OpenPostings
caf-netherlands,caf-netherlands.breezy.hr,1,Masterjx9-OpenPostings
caliber-fitness,caliber-fitness.breezy.hr,1,Masterjx9-OpenPostings
callao,callao.breezy.hr,1,kalil0321-ats-companies
calvert-home-mortgage-investment-corporation,calvert-home-mortgage-investment-corporation.breezy.hr,1,Masterjx9-OpenPostings
calybre,calybre.breezy.hr,2,Masterjx9-OpenPostings;kalil0321-ats-companies
camber-creative,camber-creative.breezy.hr,2,Masterjx9-OpenPostings;kalil0321-ats-companies
cambridge-dental,cambridge-dental.breezy.hr,2,Masterjx9-OpenPostings;kalil0321-ats-companies
cambridge-security-services,cambridge-security-services.breezy.hr,1,Masterjx9-OpenPostings
cammell-laird,cammell-laird.breezy.hr,1,Masterjx9-OpenPostings
camp,camp.breezy.hr,1,kalil0321-ats-companies
campus-fund,campus-fund.breezy.hr,1,Masterjx9-OpenPostings
camrett-logistics,camrett-logistics.breezy.hr,1,Masterjx9-OpenPostings
canada-explorers,canada-explorers.breezy.hr,1,Masterjx9-OpenPostings
canada-robotix,canada-robotix.breezy.hr,1,Masterjx9-OpenPostings
canadian-base-operators,canadian-base-operators.breezy.hr,1,Masterjx9-OpenPostings
canadian-journalism-collective-collectif-canadien-de-journalism,canadian-journalism-collective-collectif-canadien-de-journalism.breezy.hr,1,Masterjx9-OpenPostings
cannon-keys,cannon-keys.breezy.hr,1,Masterjx9-OpenPostings
canvs,canvs.breezy.hr,1,Masterjx9-OpenPostings
canvus-inc,canvus-inc.breezy.hr,1,Masterjx9-OpenPostings
capaciti,capaciti.breezy.hr,1,Masterjx9-OpenPostings
capango-inc,capango-inc.breezy.hr,1,Masterjx9-OpenPostings
capital-b,capital-b.breezy.hr,1,Masterjx9-OpenPostings
capricorn,capricorn.breezy.hr,2,Masterjx9-OpenPostings;kalil0321-ats-companies
captainbook,captainbook.breezy.hr,1,Masterjx9-OpenPostings
capture6,capture6.breezy.hr,3,Masterjx9-OpenPostings;ches-ctrl-cheddar;kalil0321-ats-companies
car-dealership-guy,car-dealership-guy.breezy.hr,1,Masterjx9-OpenPostings
carbonhound-inc,carbonhound-inc.breezy.hr,1,Masterjx9-OpenPostings
cardahealth,cardahealth.breezy.hr,2,Masterjx9-OpenPostings;kalil0321-ats-companies
cardax-b-v,cardax-b-v.breezy.hr,1,Masterjx9-OpenPostings
cardinal-aba,cardinal-aba.breezy.hr,1,Masterjx9-OpenPostings
cardinal-technology-systems-corp,cardinal-technology-systems-corp.breezy.hr,1,kalil0321-ats-companies
cardiology-associates-of-altoona-l-l-p,cardiology-associates-of-altoona-l-l-p.breezy.hr,1,Masterjx9-OpenPostings
cardioquip,cardioquip.breezy.hr,1,kalil0321-ats-companies
care-of-chan,care-of-chan.breezy.hr,2,Masterjx9-OpenPostings;kalil0321-ats-companies
careacademy-co-inc,careacademy-co-inc.breezy.hr,1,Masterjx9-OpenPostings
careers-hankooktire,careers-hankooktire.breezy.hr,1,Masterjx9-OpenPostings
careersource-capital-region,careersource-capital-region.breezy.hr,1,Masterjx9-OpenPostings
carespace-health-wellness,carespace-health-wellness.breezy.hr,2,Masterjx9-OpenPostings;kalil0321-ats-companies
cargado,cargado.breezy.hr,1,kalil0321-ats-companies
caribou,caribou.breezy.hr,2,Masterjx9-OpenPostings;kalil0321-ats-companies
caribou-digital,caribou-digital.breezy.hr,1,Masterjx9-OpenPostings
carida,carida.breezy.hr,1,Masterjx9-OpenPostings
cariina,cariina.breezy.hr,2,Masterjx9-OpenPostings;kalil0321-ats-companies
carina-initiatives-inc,carina-initiatives-inc.breezy.hr,1,Masterjx9-OpenPostings
caring,caring.breezy.hr,1,kalil0321-ats-companies
carlson-procare,carlson-procare.breezy.hr,1,Masterjx9-OpenPostings
carmen-schools-of-science-technology,carmen-schools-of-science-technology.breezy.hr,2,Masterjx9-OpenPostings;kalil0321-ats-companies
carmot-therapeutics,carmot-therapeutics.breezy.hr,1,Masterjx9-OpenPostings
carnegie-robotics,carnegie-robotics.breezy.hr,2,Masterjx9-OpenPostings;kalil0321-ats-companies
carobot-learning-and-research-organization,carobot-learning-and-research-organization.breezy.hr,1,Masterjx9-OpenPostings
carpe-digits,carpe-digits.breezy.hr,1,Masterjx9-OpenPostings
carry,carry.breezy.hr,1,kalil0321-ats-companies
carsome,carsome.breezy.hr,1,Masterjx9-OpenPostings
carsome-careers-id,carsome-careers-id.breezy.hr,1,Masterjx9-OpenPostings
carsome-careers-thailand,carsome-careers-thailand.breezy.hr,1,Masterjx9-OpenPostings
cartesoft,cartesoft.breezy.hr,1,Masterjx9-OpenPostings
cary-institute-of-ecosystem-studies,cary-institute-of-ecosystem-studies.breezy.hr,1,Masterjx9-OpenPostings
casa,casa.breezy.hr,1,kalil0321-ats-companies
casa-speech-and-development,casa-speech-and-development.breezy.hr,1,Masterjx9-OpenPostings
cascade-biocatalysts,cascade-biocatalysts.breezy.hr,1,Masterjx9-OpenPostings
case,case.breezy.hr,1,kalil0321-ats-companies
cask-global-canning-solutions,cask-global-canning-solutions.breezy.hr,1,Masterjx9-OpenPostings
casm-limitlessli,casm-limitlessli.breezy.hr,1,Masterjx9-OpenPostings
catalox,catalox.breezy.hr,1,Masterjx9-OpenPostings
catchbox-sia,catchbox-sia.breezy.hr,2,Masterjx9-OpenPostings;kalil0321-ats-companies
catena,catena.breezy.hr,1,Masterjx9-OpenPostings
catsci-ltd,catsci-ltd.breezy.hr,1,Masterjx9-OpenPostings
cattlemax,cattlemax.breezy.hr,1,Masterjx9-OpenPostings
cause-concierge,cause-concierge.breezy.hr,1,Masterjx9-OpenPostings
caxy-interactive,caxy-interactive.breezy.hr,1,Masterjx9-OpenPostings
cbd-kratom,cbd-kratom.breezy.hr,1,Masterjx9-OpenPostings
cbds,cbds.breezy.hr,1,Masterjx9-OpenPostings
cbi,cbi.breezy.hr,1,kalil0321-ats-companies
ccs,ccs.breezy.hr,1,kalil0321-ats-companies
cdh,cdh.breezy.hr,1,kalil0321-ats-companies
cdpdoctor,cdpdoctor.breezy.hr,2,Masterjx9-OpenPostings;kalil0321-ats-companies
cdpsupportcenter,cdpsupportcenter.breezy.hr,1,Masterjx9-OpenPostings
cdw,cdw.breezy.hr,1,kalil0321-ats-companies
cedar-park-group,cedar-park-group.breezy.hr,2,Masterjx9-OpenPostings;kalil0321-ats-companies
cedars-sinai,cedars-sinai.breezy.hr,1,kalil0321-ats-companies
cedsys,cedsys.breezy.hr,1,kalil0321-ats-companies
cefaly-technology,cefaly-technology.breezy.hr,1,Masterjx9-OpenPostings
ceg-solutions-llc,ceg-solutions-llc.breezy.hr,1,Masterjx9-OpenPostings
celebrity-series,celebrity-series.breezy.hr,1,Masterjx9-OpenPostings
celer-network-5d8f644bd292,celer-network-5d8f644bd292.breezy.hr,2,Masterjx9-OpenPostings;kalil0321-ats-companies
cellulant-group,cellulant-group.breezy.hr,1,Masterjx9-OpenPostings
cenacle-leadership-group,cenacle-leadership-group.breezy.hr,1,Masterjx9-OpenPostings
cenco-claims-llc,cenco-claims-llc.breezy.hr,1,kalil0321-ats-companies
censio,censio.breezy.hr,1,Masterjx9-OpenPostings
census,census.breezy.hr,2,Masterjx9-OpenPostings;kalil0321-ats-companies
center-for-a-new-american-security,center-for-a-new-american-security.breezy.hr,1,Masterjx9-OpenPostings
center-for-care-innovations,center-for-care-innovations.breezy.hr,2,Masterjx9-OpenPostings;ches-ctrl-cheddar
center-for-children-youth-justice,center-for-children-youth-justice.breezy.hr,1,Masterjx9-OpenPostings
center-for-new-data,center-for-new-data.breezy.hr,1,Masterjx9-OpenPostings
center-for-responsive-schools,center-for-responsive-schools.breezy.hr,1,Masterjx9-OpenPostings
centerbrite,centerbrite.breezy.hr,1,Masterjx9-OpenPostings
centerstateceo,centerstateceo.breezy.hr,1,kalil0321-ats-companies
centr,centr.breezy.hr,1,kalil0321-ats-companies
central-illinois-pride,central-illinois-pride.breezy.hr,1,kalil0321-ats-companies
central-park-medical-unit,central-park-medical-unit.breezy.hr,2,Masterjx9-OpenPostings;kalil0321-ats-companies
centralbankoflesotho,centralbankoflesotho.breezy.hr,1,Masterjx9-OpenPostings
centrifuge,centrifuge.breezy.hr,2,Masterjx9-OpenPostings;kalil0321-ats-companies
centrl,centrl.breezy.hr,2,Masterjx9-OpenPostings;kalil0321-ats-companies
centro,centro.breezy.hr,1,kalil0321-ats-companies
centurion-information-security,centurion-information-security.breezy.hr,1,Masterjx9-OpenPostings
century-21-judge-fite,century-21-judge-fite.breezy.hr,1,kalil0321-ats-companies
century-consulting-services,century-consulting-services.breezy.hr,1,Masterjx9-OpenPostings
cera-solutions,cera-solutions.breezy.hr,1,Masterjx9-OpenPostings
ceribell,ceribell.breezy.hr,1,kalil0321-ats-companies
certain,certain.breezy.hr,1,Masterjx9-OpenPostings
cesar,cesar.breezy.hr,2,Masterjx9-OpenPostings;kalil0321-ats-companies
cfs,cfs.breezy.hr,1,Masterjx9-OpenPostings
cg-spectrum,cg-spectrum.breezy.hr,1,Masterjx9-OpenPostings
chainalytics,chainalytics.breezy.hr,1,Masterjx9-OpenPostings
chalkline-sports,chalkline-sports.breezy.hr,1,Masterjx9-OpenPostings
challenger-geomatics,challenger-geomatics.breezy.hr,1,Masterjx9-OpenPostings
chandler-air,chandler-air.breezy.hr,1,Masterjx9-OpenPostings
changers,changers.breezy.hr,1,Masterjx9-OpenPostings
chareth-consulting,chareth-consulting.breezy.hr,1,kalil0321-ats-companies
chargespot,chargespot.breezy.hr,1,Masterjx9-OpenPostings
charter-telecom-inc,charter-telecom-inc.breezy.hr,2,Masterjx9-OpenPostings;kalil0321-ats-companies
chartsquad,chartsquad.breezy.hr,1,Masterjx9-OpenPostings
chase-software,chase-software.breezy.hr,1,Masterjx9-OpenPostings
chat-assassins,chat-assassins.breezy.hr,1,Masterjx9-OpenPostings
chatfuel,chatfuel.breezy.hr,2,Masterjx9-OpenPostings;kalil0321-ats-companies
chatterbug,chatterbug.breezy.hr,1,Masterjx9-OpenPostings
chazin-company,chazin-company.breezy.hr,1,Masterjx9-OpenPostings
checkr,checkr.breezy.hr,1,kalil0321-ats-companies
cheryl-jefferson-associates-llc,cheryl-jefferson-associates-llc.breezy.hr,1,Masterjx9-OpenPostings
chesapeake-specialty-care,chesapeake-specialty-care.breezy.hr,1,Masterjx9-OpenPostings
chess-wizards,chess-wizards.breezy.hr,1,Masterjx9-OpenPostings
chica-project,chica-project.breezy.hr,1,Masterjx9-OpenPostings
chief-isaac-group-of-companies,chief-isaac-group-of-companies.breezy.hr,1,kalil0321-ats-companies
child-communication-and-behavior-specialists,child-communication-and-behavior-specialists.breezy.hr,1,Masterjx9-OpenPostings
child-health-development-institute-of-ct-inc,child-health-development-institute-of-ct-inc.breezy.hr,1,Masterjx9-OpenPostings
children-s-choice-learning-center,children-s-choice-learning-center.breezy.hr,1,kalil0321-ats-companies
children-s-dental-funzone,children-s-dental-funzone.breezy.hr,1,Masterjx9-OpenPostings
chill,chill.breezy.hr,1,kalil0321-ats-companies
chinook-systems,chinook-systems.breezy.hr,1,Masterjx9-OpenPostings
chip-cookies,chip-cookies.breezy.hr,1,Masterjx9-OpenPostings
chirohd,chirohd.breezy.hr,1,kalil0321-ats-companies
chnet-solutions-plus-ug,chnet-solutions-plus-ug.breezy.hr,1,Masterjx9-OpenPostings
choice-consulting-associates-llc,choice-consulting-associates-llc.breezy.hr,1,Masterjx9-OpenPostings
christopher-o-keeffe-cpa-llc,christopher-o-keeffe-cpa-llc.breezy.hr,1,Masterjx9-OpenPostings
chronus-health-inc,chronus-health-inc.breezy.hr,1,Masterjx9-OpenPostings
church-alliance,church-alliance.breezy.hr,1,Masterjx9-OpenPostings
church-of-the-city,church-of-the-city.breezy.hr,1,kalil0321-ats-companies
churchill-living,churchill-living.breezy.hr,1,Masterjx9-OpenPostings
cieden,cieden.breezy.hr,1,Masterjx9-OpenPostings
cigna,cigna.breezy.hr,1,kalil0321-ats-companies
cims,cims.breezy.hr,1,Masterjx9-OpenPostings
cinetpay,cinetpay.breezy.hr,1,Masterjx9-OpenPostings
cinteot,cinteot.breezy.hr,1,Masterjx9-OpenPostings
circle-medical,circle-medical.breezy.hr,2,Masterjx9-OpenPostings;kalil0321-ats-companies
circle-s-studio,circle-s-studio.breezy.hr,1,Masterjx9-OpenPostings
circles,circles.breezy.hr,1,kalil0321-ats-companies
circolo,circolo.breezy.hr,1,Masterjx9-OpenPostings
cis-group-of-companies,cis-group-of-companies.breezy.hr,1,kalil0321-ats-companies
cisabroad,cisabroad.breezy.hr,2,Masterjx9-OpenPostings;kalil0321-ats-companies
citiside-property-management,citiside-property-management.breezy.hr,1,Masterjx9-OpenPostings
citizant,citizant.breezy.hr,1,kalil0321-ats-companies
citizen-pilates,citizen-pilates.breezy.hr,1,Masterjx9-OpenPostings
citizen-schools,citizen-schools.breezy.hr,1,Masterjx9-OpenPostings
citizenshipper,citizenshipper.breezy.hr,1,Masterjx9-OpenPostings
citpeak,citpeak.breezy.hr,1,kalil0321-ats-companies
city-of-baltimore-mayor-s-office-of-employment-development,city-of-baltimore-mayor-s-office-of-employment-development.breezy.hr,2,Masterjx9-OpenPostings;kalil0321-ats-companies
city-of-blue-springs,city-of-blue-springs.breezy.hr,1,Masterjx9-OpenPostings
city-of-glasgow,city-of-glasgow.breezy.hr,1,Masterjx9-OpenPostings
city-of-gulfport,city-of-gulfport.breezy.hr,2,Masterjx9-OpenPostings;kalil0321-ats-companies
city-of-moab,city-of-moab.breezy.hr,1,Masterjx9-OpenPostings
city-of-welland,city-of-welland.breezy.hr,1,Masterjx9-OpenPostings
city-report-inc,city-report-inc.breezy.hr,1,Masterjx9-OpenPostings
citybook,citybook.breezy.hr,1,Masterjx9-OpenPostings
citylodgehotels,citylodgehotels.breezy.hr,1,kalil0321-ats-companies
ciyis-llc,ciyis-llc.breezy.hr,1,Masterjx9-OpenPostings
ckh-group,ckh-group.breezy.hr,1,kalil0321-ats-companies
claimer,claimer.breezy.hr,1,Masterjx9-OpenPostings
clain,clain.breezy.hr,1,Masterjx9-OpenPostings
claire-myers-consulting,claire-myers-consulting.breezy.hr,1,Masterjx9-OpenPostings
clare-advisors,clare-advisors.breezy.hr,1,Masterjx9-OpenPostings
clarke-consulting,clarke-consulting.breezy.hr,1,Masterjx9-OpenPostings
claros-technologies,claros-technologies.breezy.hr,1,kalil0321-ats-companies
clayton,clayton.breezy.hr,1,kalil0321-ats-companies
cleafy,cleafy.breezy.hr,1,Masterjx9-OpenPostings
clean-air-task-force,clean-air-task-force.breezy.hr,2,Masterjx9-OpenPostings;kalil0321-ats-companies
cleanslate,cleanslate.breezy.hr,1,Masterjx9-OpenPostings
cleantech-service-group-ltd,cleantech-service-group-ltd.breezy.hr,1,kalil0321-ats-companies
clear-cannabis-inc,clear-cannabis-inc.breezy.hr,1,Masterjx9-OpenPostings
clear-one-advantange,clear-one-advantange.breezy.hr,1,Masterjx9-OpenPostings
clearco,clearco.breezy.hr,2,Masterjx9-OpenPostings;ches-ctrl-cheddar
clearly,clearly.breezy.hr,1,kalil0321-ats-companies
clearsulting,clearsulting.breezy.hr,1,Masterjx9-OpenPostings
clever-real-estate,clever-real-estate.breezy.hr,2,Masterjx9-OpenPostings;kalil0321-ats-companies
cleverpet-inc,cleverpet-inc.breezy.hr,1,Masterjx9-OpenPostings
cleverse,cleverse.breezy.hr,1,Masterjx9-OpenPostings
click-tie,click-tie.breezy.hr,1,Masterjx9-OpenPostings
clicklearning,clicklearning.breezy.hr,1,kalil0321-ats-companies
clickon,clickon.breezy.hr,1,Masterjx9-OpenPostings
climate-defiance,climate-defiance.breezy.hr,1,Masterjx9-OpenPostings
climate-vault-solutions-inc,climate-vault-solutions-inc.breezy.hr,1,Masterjx9-OpenPostings
climavision,climavision.breezy.hr,1,Masterjx9-OpenPostings
clipboard,clipboard.breezy.hr,1,Masterjx9-OpenPostings
cloud-giants,cloud-giants.breezy.hr,1,Masterjx9-OpenPostings
cloud-imperium-games,cloud-imperium-games.breezy.hr,1,Masterjx9-OpenPostings
cloud-nation,cloud-nation.breezy.hr,1,Masterjx9-OpenPostings
cloud-revolution,cloud-revolution.breezy.hr,1,Masterjx9-OpenPostings
cloudcommerce,cloudcommerce.breezy.hr,1,Masterjx9-OpenPostings
cloudcure,cloudcure.breezy.hr,1,Masterjx9-OpenPostings
cloudnonic-corp,cloudnonic-corp.breezy.hr,1,kalil0321-ats-companies
cloudpointe,cloudpointe.breezy.hr,1,Masterjx9-OpenPostings
cloudraker,cloudraker.breezy.hr,1,Masterjx9-OpenPostings
cloudshape-inc,cloudshape-inc.breezy.hr,1,Masterjx9-OpenPostings
clove-twine,clove-twine.breezy.hr,1,Masterjx9-OpenPostings
cloverleaf-bio,cloverleaf-bio.breezy.hr,2,Masterjx9-OpenPostings;kalil0321-ats-companies
cloverleaf-care,cloverleaf-care.breezy.hr,1,Masterjx9-OpenPostings
clovyr,clovyr.breezy.hr,1,Masterjx9-OpenPostings
club-scikidz-md,club-scikidz-md.breezy.hr,2,Masterjx9-OpenPostings;kalil0321-ats-companies
clubhouse-studios,clubhouse-studios.breezy.hr,1,Masterjx9-OpenPostings
clubrunner,clubrunner.breezy.hr,1,Masterjx9-OpenPostings
cluster-1-sa,cluster-1-sa.breezy.hr,1,Masterjx9-OpenPostings
cmkl-university,cmkl-university.breezy.hr,1,Masterjx9-OpenPostings
cnaught,cnaught.breezy.hr,1,Masterjx9-OpenPostings
coa,coa.breezy.hr,1,kalil0321-ats-companies
coastline,coastline.breezy.hr,2,Masterjx9-OpenPostings;kalil0321-ats-companies
coc-consulting,coc-consulting.breezy.hr,1,Masterjx9-OpenPostings
cocktail-holidays,cocktail-holidays.breezy.hr,1,Masterjx9-OpenPostings
cocofloss-inc,cocofloss-inc.breezy.hr,1,Masterjx9-OpenPostings
cocomore-ag,cocomore-ag.breezy.hr,1,Masterjx9-OpenPostings
cocoon-capital,cocoon-capital.breezy.hr,1,Masterjx9-OpenPostings
code-4-canada,code-4-canada.breezy.hr,1,Masterjx9-OpenPostings
code-states,code-states.breezy.hr,1,Masterjx9-OpenPostings
codebase,codebase.breezy.hr,1,Masterjx9-OpenPostings
codelearn,codelearn.breezy.hr,1,Masterjx9-OpenPostings
codeminders,codeminders.breezy.hr,1,Masterjx9-OpenPostings
codeverse,codeverse.breezy.hr,1,Masterjx9-OpenPostings
cody-cpa,cody-cpa.breezy.hr,1,Masterjx9-OpenPostings
coeur-d-alene-resort,coeur-d-alene-resort.breezy.hr,1,kalil0321-ats-companies
cofenster,cofenster.breezy.hr,1,Masterjx9-OpenPostings
cogentlabs,cogentlabs.breezy.hr,1,Masterjx9-OpenPostings
cognia,cognia.breezy.hr,1,Masterjx9-OpenPostings
cognition-ip,cognition-ip.breezy.hr,1,Masterjx9-OpenPostings
cognoa,cognoa.breezy.hr,1,Masterjx9-OpenPostings
coinify,coinify.breezy.hr,1,Masterjx9-OpenPostings
coinroutes-inc,coinroutes-inc.breezy.hr,2,Masterjx9-OpenPostings;kalil0321-ats-companies
cold-iron-studios,cold-iron-studios.breezy.hr,2,Masterjx9-OpenPostings;outscal-openjobs
collectbase-inc,collectbase-inc.breezy.hr,1,Masterjx9-OpenPostings
collectiv,collectiv.breezy.hr,1,Masterjx9-OpenPostings
college-contact,college-contact.breezy.hr,1,Masterjx9-OpenPostings
collegeplannerpro,collegeplannerpro.breezy.hr,1,Masterjx9-OpenPostings
collegiate-leadership-training,collegiate-leadership-training.breezy.hr,1,Masterjx9-OpenPostings
colman-engineering,colman-engineering.breezy.hr,1,Masterjx9-OpenPostings
colnago-ernesto-e-c-srl,colnago-ernesto-e-c-srl.breezy.hr,1,Masterjx9-OpenPostings
colonial-surety-company,colonial-surety-company.breezy.hr,1,Masterjx9-OpenPostings
colonnade-bridgeport,colonnade-bridgeport.breezy.hr,1,Masterjx9-OpenPostings
coloradocrimevictims,coloradocrimevictims.breezy.hr,1,Masterjx9-OpenPostings
coloradofiscal,coloradofiscal.breezy.hr,1,Masterjx9-OpenPostings
coloradokids,coloradokids.breezy.hr,1,Masterjx9-OpenPostings
colossus,colossus.breezy.hr,1,Masterjx9-OpenPostings
colugo,colugo.breezy.hr,1,Masterjx9-OpenPostings
columbus-christian-academy,columbus-christian-academy.breezy.hr,1,kalil0321-ats-companies
combient,combient.breezy.hr,2,Masterjx9-OpenPostings;kalil0321-ats-companies
combient-foundry,combient-foundry.breezy.hr,1,Masterjx9-OpenPostings
cometeer,cometeer.breezy.hr,1,Masterjx9-OpenPostings
commercialtribe-inc,commercialtribe-inc.breezy.hr,1,Masterjx9-OpenPostings
commerzbank-poland,commerzbank-poland.breezy.hr,1,Masterjx9-OpenPostings
committee-for-children,committee-for-children.breezy.hr,3,Masterjx9-OpenPostings;ches-ctrl-cheddar;kalil0321-ats-companies
committee-to-elect-natalie-pinkney,committee-to-elect-natalie-pinkney.breezy.hr,1,Masterjx9-OpenPostings
commonhouse,commonhouse.breezy.hr,2,Masterjx9-OpenPostings;kalil0321-ats-companies
commonwealth-institute,commonwealth-institute.breezy.hr,1,Masterjx9-OpenPostings
community-dental-partners,community-dental-partners.breezy.hr,2,Masterjx9-OpenPostings;kalil0321-ats-companies
community-health-net,community-health-net.breezy.hr,1,Masterjx9-OpenPostings
community-influencer-r,community-influencer-r.breezy.hr,1,Masterjx9-OpenPostings
community-partners-in-action,community-partners-in-action.breezy.hr,1,Masterjx9-OpenPostings
community-solutions,community-solutions.breezy.hr,3,Masterjx9-OpenPostings;ches-ctrl-cheddar;kalil0321-ats-companies
community-youth-network,community-youth-network.breezy.hr,1,Masterjx9-OpenPostings
communityconnect-labs,communityconnect-labs.breezy.hr,1,ches-ctrl-cheddar
commutatus,commutatus.breezy.hr,1,Masterjx9-OpenPostings
commutifi,commutifi.breezy.hr,1,Masterjx9-OpenPostings
company-six,company-six.breezy.hr,1,Masterjx9-OpenPostings
comparepower-com,comparepower-com.breezy.hr,1,Masterjx9-OpenPostings
compass-datacenters,compass-datacenters.breezy.hr,2,Masterjx9-OpenPostings;kalil0321-ats-companies
compass-family-services,compass-family-services.breezy.hr,1,Masterjx9-OpenPostings
competera,competera.breezy.hr,1,Masterjx9-OpenPostings
competitive-range-solutions-llc,competitive-range-solutions-llc.breezy.hr,1,Masterjx9-OpenPostings
completespecialtysolutions,completespecialtysolutions.breezy.hr,1,Masterjx9-OpenPostings
completing,completing.breezy.hr,1,Masterjx9-OpenPostings
complyant,complyant.breezy.hr,1,ches-ctrl-cheddar
compose-ly,compose-ly.breezy.hr,2,Masterjx9-OpenPostings;kalil0321-ats-companies
comprehensive-rehab-consultants,comprehensive-rehab-consultants.breezy.hr,1,kalil0321-ats-companies
comwell-systems-group,comwell-systems-group.breezy.hr,1,Masterjx9-OpenPostings
conamix-inc,conamix-inc.breezy.hr,1,Masterjx9-OpenPostings
conception-nurseries,conception-nurseries.breezy.hr,1,Masterjx9-OpenPostings
concurrent-technologies-corporation,concurrent-technologies-corporation.breezy.hr,2,Masterjx9-OpenPostings;kalil0321-ats-companies
conducive-consulting-inc,conducive-consulting-inc.breezy.hr,1,Masterjx9-OpenPostings
confidence-health-resources,confidence-health-resources.breezy.hr,1,Masterjx9-OpenPostings
conicle-co-ltd,conicle-co-ltd.breezy.hr,1,Masterjx9-OpenPostings
connect2bpo-sas,connect2bpo-sas.breezy.hr,1,Masterjx9-OpenPostings
connections-homes,connections-homes.breezy.hr,1,Masterjx9-OpenPostings
connectu-staffing-solutions,connectu-staffing-solutions.breezy.hr,1,kalil0321-ats-companies
connexio-health-llc,connexio-health-llc.breezy.hr,1,Masterjx9-OpenPostings
connors-plumbing-heating-air,connors-plumbing-heating-air.breezy.hr,1,Masterjx9-OpenPostings
conserv,conserv.breezy.hr,2,Masterjx9-OpenPostings;kalil0321-ats-companies
conservation-legacy,conservation-legacy.breezy.hr,2,Masterjx9-OpenPostings;kalil0321-ats-companies
conservis,conservis.breezy.hr,1,Masterjx9-OpenPostings
consolidated-bus-transit,consolidated-bus-transit.breezy.hr,1,Masterjx9-OpenPostings
consolidated-label,consolidated-label.breezy.hr,1,Masterjx9-OpenPostings
constellaition,constellaition.breezy.hr,1,Masterjx9-OpenPostings
constellation-digital-partners,constellation-digital-partners.breezy.hr,1,Masterjx9-OpenPostings
consumervoice,consumervoice.breezy.hr,1,Masterjx9-OpenPostings
content-at-scale,content-at-scale.breezy.hr,1,Masterjx9-OpenPostings
contiamo,contiamo.breezy.hr,1,Masterjx9-OpenPostings
continued,continued.breezy.hr,2,Masterjx9-OpenPostings;kalil0321-ats-companies
continuousscale,continuousscale.breezy.hr,1,Masterjx9-OpenPostings
contrarian-thinking,contrarian-thinking.breezy.hr,2,Masterjx9-OpenPostings;kalil0321-ats-companies
contravent-48f199342f2b,contravent-48f199342f2b.breezy.hr,1,Masterjx9-OpenPostings
contro,contro.breezy.hr,1,Masterjx9-OpenPostings
controller-chaos,controller-chaos.breezy.hr,1,Masterjx9-OpenPostings
controlpoint-technologies,controlpoint-technologies.breezy.hr,1,Masterjx9-OpenPostings
controlshift,controlshift.breezy.hr,1,Masterjx9-OpenPostings
converge-cybersecurity-insurance,converge-cybersecurity-insurance.breezy.hr,1,kalil0321-ats-companies
converge-medical-technology,converge-medical-technology.breezy.hr,1,kalil0321-ats-companies
converge-strategies,converge-strategies.breezy.hr,1,Masterjx9-OpenPostings
conversal,conversal.breezy.hr,1,Masterjx9-OpenPostings
cookies-dreams,cookies-dreams.breezy.hr,1,kalil0321-ats-companies
copilot-crm,copilot-crm.breezy.hr,1,Masterjx9-OpenPostings
corafone-inc,corafone-inc.breezy.hr,1,kalil0321-ats-companies
corcym,corcym.breezy.hr,2,Masterjx9-OpenPostings;kalil0321-ats-companies
core-mkt,core-mkt.breezy.hr,1,Masterjx9-OpenPostings
core-ohio-inc,core-ohio-inc.breezy.hr,2,Masterjx9-OpenPostings;kalil0321-ats-companies
corenglish,corenglish.breezy.hr,1,Masterjx9-OpenPostings
coreum,coreum.breezy.hr,1,Masterjx9-OpenPostings
cornbread-hemp,cornbread-hemp.breezy.hr,2,Masterjx9-OpenPostings;kalil0321-ats-companies
cornercart,cornercart.breezy.hr,1,Masterjx9-OpenPostings
cornerstone-christian-counseling,cornerstone-christian-counseling.breezy.hr,1,Masterjx9-OpenPostings
cornerstone-healthcare-staffing-llc,cornerstone-healthcare-staffing-llc.breezy.hr,1,Masterjx9-OpenPostings
cornerstone-information-systems,cornerstone-information-systems.breezy.hr,1,kalil0321-ats-companies
coros-corp,coros-corp.breezy.hr,1,Masterjx9-OpenPostings
corporate-traffic-logistics,corporate-traffic-logistics.breezy.hr,1,Masterjx9-OpenPostings
cortexbci-inc,cortexbci-inc.breezy.hr,1,Masterjx9-OpenPostings
cosmic-delivery,cosmic-delivery.breezy.hr,1,Masterjx9-OpenPostings
council-for-professional-recognition,council-for-professional-recognition.breezy.hr,1,Masterjx9-OpenPostings
council-of-canadian-innovators,council-of-canadian-innovators.breezy.hr,1,Masterjx9-OpenPostings
countablelabs,countablelabs.breezy.hr,2,Masterjx9-OpenPostings;kalil0321-ats-companies
counterplay-games-inc,counterplay-games-inc.breezy.hr,2,Masterjx9-OpenPostings;outscal-openjobs
country-archer,country-archer.breezy.hr,1,Masterjx9-OpenPostings
country-fresh,country-fresh.breezy.hr,1,kalil0321-ats-companies
courted,courted.breezy.hr,2,Masterjx9-OpenPostings;kalil0321-ats-companies
covance-latinoam-rica,covance-latinoam-rica.breezy.hr,1,kalil0321-ats-companies
cove,cove.breezy.hr,2,Masterjx9-OpenPostings;kalil0321-ats-companies
covidence,covidence.breezy.hr,2,Masterjx9-OpenPostings;kalil0321-ats-companies
cowrywise,cowrywise.breezy.hr,1,Masterjx9-OpenPostings
cq-floors-llc,cq-floors-llc.breezy.hr,1,Masterjx9-OpenPostings
cq-fluency,cq-fluency.breezy.hr,1,kalil0321-ats-companies
cr-machine-shop-llc,cr-machine-shop-llc.breezy.hr,1,Masterjx9-OpenPostings
cr-services-llc-of-ky,cr-services-llc-of-ky.breezy.hr,1,Masterjx9-OpenPostings
crafted-staff,crafted-staff.breezy.hr,1,kalil0321-ats-companies
craftie-fox-inc,craftie-fox-inc.breezy.hr,1,Masterjx9-OpenPostings
crank,crank.breezy.hr,1,kalil0321-ats-companies
crate-technologies-inc,crate-technologies-inc.breezy.hr,1,Masterjx9-OpenPostings
crawford-cash-consulting-group,crawford-cash-consulting-group.breezy.hr,1,Masterjx9-OpenPostings
creaholic-sa,creaholic-sa.breezy.hr,1,Masterjx9-OpenPostings
creai,creai.breezy.hr,1,Masterjx9-OpenPostings
creating-positive-futures,creating-positive-futures.breezy.hr,1,Masterjx9-OpenPostings
creative-cfo,creative-cfo.breezy.hr,1,Masterjx9-OpenPostings
creative-commons,creative-commons.breezy.hr,1,Masterjx9-OpenPostings
creative-cube,creative-cube.breezy.hr,1,Masterjx9-OpenPostings
creative-home-solutions,creative-home-solutions.breezy.hr,1,Masterjx9-OpenPostings
creative-living,creative-living.breezy.hr,1,kalil0321-ats-companies
creative-real-estate-pros,creative-real-estate-pros.breezy.hr,2,Masterjx9-OpenPostings;kalil0321-ats-companies
creative-spirit,creative-spirit.breezy.hr,1,Masterjx9-OpenPostings
credo,credo.breezy.hr,1,Masterjx9-OpenPostings
creoate,creoate.breezy.hr,2,Masterjx9-OpenPostings;kalil0321-ats-companies
cresst2,cresst2.breezy.hr,2,Masterjx9-OpenPostings;kalil0321-ats-companies
crg,crg.breezy.hr,1,Masterjx9-OpenPostings
crimson-education,crimson-education.breezy.hr,1,Masterjx9-OpenPostings
crisp-kitchen-juice,crisp-kitchen-juice.breezy.hr,1,Masterjx9-OpenPostings
crisp-labs,crisp-labs.breezy.hr,1,Masterjx9-OpenPostings
critical-software,critical-software.breezy.hr,2,Masterjx9-OpenPostings;kalil0321-ats-companies
criticaleye-europe-ltd,criticaleye-europe-ltd.breezy.hr,1,Masterjx9-OpenPostings
croco-orthodontics,croco-orthodontics.breezy.hr,1,Masterjx9-OpenPostings
crodu,crodu.breezy.hr,1,Masterjx9-OpenPostings
cromwell-architects-engineers-inc-e1e86af4125f,cromwell-architects-engineers-inc-e1e86af4125f.breezy.hr,1,Masterjx9-OpenPostings
cronoseuropa,cronoseuropa.breezy.hr,2,Masterjx9-OpenPostings;kalil0321-ats-companies
crosby-kaneda-cpas-llp,crosby-kaneda-cpas-llp.breezy.hr,1,Masterjx9-OpenPostings
cross-screen-media,cross-screen-media.breezy.hr,2,Masterjx9-OpenPostings;kalil0321-ats-companies
crosslife-church,crosslife-church.breezy.hr,1,Masterjx9-OpenPostings
crossroads-talent-solutions-llc,crossroads-talent-solutions-llc.breezy.hr,2,Masterjx9-OpenPostings;kalil0321-ats-companies
crossword-hobbyist,crossword-hobbyist.breezy.hr,1,Masterjx9-OpenPostings
crowd-connected,crowd-connected.breezy.hr,1,Masterjx9-OpenPostings
crowd-cow,crowd-cow.breezy.hr,1,Masterjx9-OpenPostings
crowdai,crowdai.breezy.hr,1,Masterjx9-OpenPostings
crowdbotics-corp,crowdbotics-corp.breezy.hr,1,Masterjx9-OpenPostings
crowdled,crowdled.breezy.hr,1,Masterjx9-OpenPostings
cryptoslam,cryptoslam.breezy.hr,1,Masterjx9-OpenPostings
csb,csb.breezy.hr,1,Masterjx9-OpenPostings
cse-global,cse-global.breezy.hr,2,Masterjx9-OpenPostings;kalil0321-ats-companies
csi-global,csi-global.breezy.hr,2,Masterjx9-OpenPostings;kalil0321-ats-companies
ct-united-fc,ct-united-fc.breezy.hr,1,Masterjx9-OpenPostings
ctcp,ctcp.breezy.hr,1,Masterjx9-OpenPostings
ctrack,ctrack.breezy.hr,1,Masterjx9-OpenPostings
cube-dev,cube-dev.breezy.hr,1,Masterjx9-OpenPostings
cubit-studios,cubit-studios.breezy.hr,1,Masterjx9-OpenPostings
cueback,cueback.breezy.hr,1,Masterjx9-OpenPostings
cuid,cuid.breezy.hr,1,Masterjx9-OpenPostings
culhane-premier-properties,culhane-premier-properties.breezy.hr,1,Masterjx9-OpenPostings
culinex,culinex.breezy.hr,1,Masterjx9-OpenPostings
cultured-code,cultured-code.breezy.hr,1,Masterjx9-OpenPostings
cultureflipper,cultureflipper.breezy.hr,1,Masterjx9-OpenPostings
cumplo,cumplo.breezy.hr,1,Masterjx9-OpenPostings
cumula3,cumula3.breezy.hr,1,Masterjx9-OpenPostings
curalta-health-llc,curalta-health-llc.breezy.hr,1,Masterjx9-OpenPostings
curbee,curbee.breezy.hr,2,Masterjx9-OpenPostings;kalil0321-ats-companies
custom-care-pharmacy,custom-care-pharmacy.breezy.hr,1,Masterjx9-OpenPostings
customfoods,customfoods.breezy.hr,1,Masterjx9-OpenPostings
custommade,custommade.breezy.hr,2,Masterjx9-OpenPostings;kalil0321-ats-companies
cvedia,cvedia.breezy.hr,1,Masterjx9-OpenPostings
cxr-agency,cxr-agency.breezy.hr,1,Masterjx9-OpenPostings
cyber-advisors,cyber-advisors.breezy.hr,1,Masterjx9-OpenPostings
cybercrew,cybercrew.breezy.hr,1,Masterjx9-OpenPostings
cyberfortress,cyberfortress.breezy.hr,1,Masterjx9-OpenPostings
cyberlogic,cyberlogic.breezy.hr,1,Masterjx9-OpenPostings
cyberpuerta,cyberpuerta.breezy.hr,1,Masterjx9-OpenPostings
cybervance,cybervance.breezy.hr,2,Masterjx9-OpenPostings;kalil0321-ats-companies
cyborgmobile,cyborgmobile.breezy.hr,2,Masterjx9-OpenPostings;kalil0321-ats-companies
cyndx,cyndx.breezy.hr,1,Masterjx9-OpenPostings
cyos-solutions,cyos-solutions.breezy.hr,2,Masterjx9-OpenPostings;kalil0321-ats-companies
cytracom,cytracom.breezy.hr,1,kalil0321-ats-companies
cytranet,cytranet.breezy.hr,1,Masterjx9-OpenPostings
cywren-technology,cywren-technology.breezy.hr,1,Masterjx9-OpenPostings
cz-logistics,cz-logistics.breezy.hr,1,Masterjx9-OpenPostings
d-luxury-brands,d-luxury-brands.breezy.hr,1,Masterjx9-OpenPostings
d3,d3.breezy.hr,1,Masterjx9-OpenPostings
daffin-financial-llc,daffin-financial-llc.breezy.hr,1,Masterjx9-OpenPostings
daffodil-storage,daffodil-storage.breezy.hr,1,Masterjx9-OpenPostings
dagmar-marketing,dagmar-marketing.breezy.hr,1,Masterjx9-OpenPostings
daintta-ltd,daintta-ltd.breezy.hr,1,kalil0321-ats-companies
daivergent,daivergent.breezy.hr,1,Masterjx9-OpenPostings
dalal-mehta-law-llc,dalal-mehta-law-llc.breezy.hr,1,kalil0321-ats-companies
dalcom-llc,dalcom-llc.breezy.hr,1,kalil0321-ats-companies
dalet,dalet.breezy.hr,1,Masterjx9-OpenPostings
dalstrong-inc,dalstrong-inc.breezy.hr,1,Masterjx9-OpenPostings
damas-jewellery,damas-jewellery.breezy.hr,1,Masterjx9-OpenPostings
dance-iquail,dance-iquail.breezy.hr,1,Masterjx9-OpenPostings
dance-to-evolve,dance-to-evolve.breezy.hr,1,Masterjx9-OpenPostings
dapi,dapi.breezy.hr,1,Masterjx9-OpenPostings
dar-labs,dar-labs.breezy.hr,1,Masterjx9-OpenPostings
dare-to-imagine,dare-to-imagine.breezy.hr,1,Masterjx9-OpenPostings
daring-bit-assembly,daring-bit-assembly.breezy.hr,1,Masterjx9-OpenPostings
dark-horse-technologies-llc,dark-horse-technologies-llc.breezy.hr,2,Masterjx9-OpenPostings;kalil0321-ats-companies
darkhorse-tech,darkhorse-tech.breezy.hr,2,Masterjx9-OpenPostings;kalil0321-ats-companies
darwin-ai,darwin-ai.breezy.hr,1,Masterjx9-OpenPostings
dashly-limited,dashly-limited.breezy.hr,1,Masterjx9-OpenPostings
data-insight-partners-llc,data-insight-partners-llc.breezy.hr,1,Masterjx9-OpenPostings
data-sentinel-inc,data-sentinel-inc.breezy.hr,1,Masterjx9-OpenPostings
datadocs,datadocs.breezy.hr,1,Masterjx9-OpenPostings
datadotworld,datadotworld.breezy.hr,1,ches-ctrl-cheddar
dataeq,dataeq.breezy.hr,1,Masterjx9-OpenPostings
datamaxis,datamaxis.breezy.hr,2,Masterjx9-OpenPostings;kalil0321-ats-companies
dave-friedman-team,dave-friedman-team.breezy.hr,1,Masterjx9-OpenPostings
davidbayer,davidbayer.breezy.hr,1,Masterjx9-OpenPostings
davidson-logistics-inc,davidson-logistics-inc.breezy.hr,2,Masterjx9-OpenPostings;kalil0321-ats-companies
davis-wealth-advisors,davis-wealth-advisors.breezy.hr,1,Masterjx9-OpenPostings
daybreak-health,daybreak-health.breezy.hr,1,Masterjx9-OpenPostings
dayshape,dayshape.breezy.hr,1,Masterjx9-OpenPostings
dayton-granger-inc,dayton-granger-inc.breezy.hr,1,Masterjx9-OpenPostings
dc-inspections-inc,dc-inspections-inc.breezy.hr,1,Masterjx9-OpenPostings
dch,dch.breezy.hr,1,kalil0321-ats-companies
dchirwaconsulting,dchirwaconsulting.breezy.hr,1,Masterjx9-OpenPostings
dcl-corporation,dcl-corporation.breezy.hr,1,Masterjx9-OpenPostings
ddia,ddia.breezy.hr,1,Masterjx9-OpenPostings
ddrb,ddrb.breezy.hr,1,Masterjx9-OpenPostings
de-young-properties,de-young-properties.breezy.hr,1,Masterjx9-OpenPostings
dead-dog-saloon,dead-dog-saloon.breezy.hr,1,Masterjx9-OpenPostings
deako,deako.breezy.hr,1,Masterjx9-OpenPostings
dealercity,dealercity.breezy.hr,1,Masterjx9-OpenPostings
dealmachine-llc,dealmachine-llc.breezy.hr,1,Masterjx9-OpenPostings
deanhouston,deanhouston.breezy.hr,1,Masterjx9-OpenPostings
debugbear,debugbear.breezy.hr,1,Masterjx9-OpenPostings
deca-development-group,deca-development-group.breezy.hr,1,Masterjx9-OpenPostings
deca-games,deca-games.breezy.hr,2,Masterjx9-OpenPostings;outscal-openjobs
decent,decent.breezy.hr,1,Masterjx9-OpenPostings
decerna,decerna.breezy.hr,1,Masterjx9-OpenPostings
decksign,decksign.breezy.hr,1,Masterjx9-OpenPostings
dedicated-it,dedicated-it.breezy.hr,1,Masterjx9-OpenPostings
dee,dee.breezy.hr,1,kalil0321-ats-companies
deep-creek-solutions,deep-creek-solutions.breezy.hr,1,Masterjx9-OpenPostings
deep-end-talent-strategies,deep-end-talent-strategies.breezy.hr,2,Masterjx9-OpenPostings;kalil0321-ats-companies
deep-ivy-ltd,deep-ivy-ltd.breezy.hr,1,Masterjx9-OpenPostings
deepar,deepar.breezy.hr,1,Masterjx9-OpenPostings
defendify,defendify.breezy.hr,2,Masterjx9-OpenPostings;kalil0321-ats-companies
degas-ltd,degas-ltd.breezy.hr,2,Masterjx9-OpenPostings;kalil0321-ats-companies
degate,degate.breezy.hr,1,Masterjx9-OpenPostings
degree-dash,degree-dash.breezy.hr,1,kalil0321-ats-companies
delan-associates-inc,delan-associates-inc.breezy.hr,1,Masterjx9-OpenPostings
delicious-monster,delicious-monster.breezy.hr,2,Masterjx9-OpenPostings;kalil0321-ats-companies
deliverea-shipping-solutions-s-l,deliverea-shipping-solutions-s-l.breezy.hr,1,Masterjx9-OpenPostings
deliverhealth,deliverhealth.breezy.hr,1,Masterjx9-OpenPostings
delivery-solutions,delivery-solutions.breezy.hr,2,Masterjx9-OpenPostings;kalil0321-ats-companies
deloro,deloro.breezy.hr,1,Masterjx9-OpenPostings
demandhub,demandhub.breezy.hr,1,Masterjx9-OpenPostings
democracy-summer,democracy-summer.breezy.hr,2,Masterjx9-OpenPostings;kalil0321-ats-companies
denebunu,denebunu.breezy.hr,1,Masterjx9-OpenPostings
dental-depot,dental-depot.breezy.hr,1,Masterjx9-OpenPostings
dental-health-associates,dental-health-associates.breezy.hr,1,kalil0321-ats-companies
denverearlychildhood,denverearlychildhood.breezy.hr,1,Masterjx9-OpenPostings
deo,deo.breezy.hr,1,Masterjx9-OpenPostings
derive-systems-inc,derive-systems-inc.breezy.hr,1,Masterjx9-OpenPostings
dermafix-spa,dermafix-spa.breezy.hr,1,kalil0321-ats-companies
dermtech,dermtech.breezy.hr,1,Masterjx9-OpenPostings
desales-media-group,desales-media-group.breezy.hr,1,Masterjx9-OpenPostings
descope,descope.breezy.hr,2,Masterjx9-OpenPostings;kalil0321-ats-companies
desert-of-maine,desert-of-maine.breezy.hr,1,Masterjx9-OpenPostings
desfo,desfo.breezy.hr,2,Masterjx9-OpenPostings;kalil0321-ats-companies
design-in-dc,design-in-dc.breezy.hr,1,Masterjx9-OpenPostings
design-west-engineering,design-west-engineering.breezy.hr,1,Masterjx9-OpenPostings
designworks-talent,designworks-talent.breezy.hr,1,Masterjx9-OpenPostings
dess,dess.breezy.hr,1,Masterjx9-OpenPostings
destination-auto-group,destination-auto-group.breezy.hr,1,Masterjx9-OpenPostings
destination-knot,destination-knot.breezy.hr,1,kalil0321-ats-companies
detective,detective.breezy.hr,1,Masterjx9-OpenPostings
deutsch-financial-group,deutsch-financial-group.breezy.hr,1,Masterjx9-OpenPostings
dev-partners-philippines,dev-partners-philippines.breezy.hr,2,Masterjx9-OpenPostings;kalil0321-ats-companies
developex,developex.breezy.hr,1,Masterjx9-OpenPostings
development-gateway,development-gateway.breezy.hr,1,Masterjx9-OpenPostings
developmentnow,developmentnow.breezy.hr,1,Masterjx9-OpenPostings
developx,developx.breezy.hr,1,Masterjx9-OpenPostings
device-insight,device-insight.breezy.hr,1,Masterjx9-OpenPostings
device-rescue,device-rescue.breezy.hr,1,Masterjx9-OpenPostings
devilmaycareatxjobs,devilmaycareatxjobs.breezy.hr,1,Masterjx9-OpenPostings
devise-agency,devise-agency.breezy.hr,1,Masterjx9-OpenPostings
dewpoint,dewpoint.breezy.hr,1,kalil0321-ats-companies
dex-labs,dex-labs.breezy.hr,2,Masterjx9-OpenPostings;kalil0321-ats-companies
dexma,dexma.breezy.hr,1,Masterjx9-OpenPostings
dfo,dfo.breezy.hr,1,kalil0321-ats-companies
dfw-metropolitan-insurance-group-llc,dfw-metropolitan-insurance-group-llc.breezy.hr,1,Masterjx9-OpenPostings
dglobal,dglobal.breezy.hr,1,Masterjx9-OpenPostings
dhm-research,dhm-research.breezy.hr,1,Masterjx9-OpenPostings
dials,dials.breezy.hr,1,Masterjx9-OpenPostings
diamond-assets,diamond-assets.breezy.hr,1,Masterjx9-OpenPostings
diamond-integrated-marketing,diamond-integrated-marketing.breezy.hr,1,Masterjx9-OpenPostings
diamondback-automotive-accessories,diamondback-automotive-accessories.breezy.hr,1,Masterjx9-OpenPostings
diasyst,diasyst.breezy.hr,1,Masterjx9-OpenPostings
dieux-skin,dieux-skin.breezy.hr,1,kalil0321-ats-companies
digestaid,digestaid.breezy.hr,1,Masterjx9-OpenPostings
digg,digg.breezy.hr,1,Masterjx9-OpenPostings
digi-x,digi-x.breezy.hr,1,Masterjx9-OpenPostings
digiage,digiage.breezy.hr,1,Masterjx9-OpenPostings
digication,digication.breezy.hr,1,Masterjx9-OpenPostings
digidoc-inc-dba-public-sector-solutions-group,digidoc-inc-dba-public-sector-solutions-group.breezy.hr,1,Masterjx9-OpenPostings
digikai-marketing,digikai-marketing.breezy.hr,2,Masterjx9-OpenPostings;kalil0321-ats-companies
digilab-solutions,digilab-solutions.breezy.hr,2,Masterjx9-OpenPostings;kalil0321-ats-companies
digisay,digisay.breezy.hr,1,Masterjx9-OpenPostings
digiseed,digiseed.breezy.hr,1,Masterjx9-OpenPostings
digital-air-strike,digital-air-strike.breezy.hr,2,Masterjx9-OpenPostings;kalil0321-ats-companies
digital-fast-forward,digital-fast-forward.breezy.hr,1,Masterjx9-OpenPostings
digital-grain-elevator-inc,digital-grain-elevator-inc.breezy.hr,1,Masterjx9-OpenPostings
digital-ox,digital-ox.breezy.hr,1,Masterjx9-OpenPostings
digital-scorpion-interactive,digital-scorpion-interactive.breezy.hr,1,outscal-openjobs
digitalfish,digitalfish.breezy.hr,2,Masterjx9-OpenPostings;outscal-openjobs
digitus,digitus.breezy.hr,1,Masterjx9-OpenPostings
dijkstrack,dijkstrack.breezy.hr,1,Masterjx9-OpenPostings
diligo,diligo.breezy.hr,1,Masterjx9-OpenPostings
dim,dim.breezy.hr,1,kalil0321-ats-companies
dina,dina.breezy.hr,1,Masterjx9-OpenPostings
diplo-sight,diplo-sight.breezy.hr,1,Masterjx9-OpenPostings
direct-to-locums,direct-to-locums.breezy.hr,1,kalil0321-ats-companies
directorie,directorie.breezy.hr,1,Masterjx9-OpenPostings
disco,disco.breezy.hr,1,Masterjx9-OpenPostings
discover-echo-inc,discover-echo-inc.breezy.hr,1,Masterjx9-OpenPostings
dispatch,dispatch.breezy.hr,1,Masterjx9-OpenPostings
dispatchhealth,dispatchhealth.breezy.hr,1,Masterjx9-OpenPostings
disperse,disperse.breezy.hr,2,Masterjx9-OpenPostings;kalil0321-ats-companies
disruptive-advertising,disruptive-advertising.breezy.hr,2,Masterjx9-OpenPostings;kalil0321-ats-companies
district-partnerships,district-partnerships.breezy.hr,1,Masterjx9-OpenPostings
divadance,divadance.breezy.hr,1,Masterjx9-OpenPostings
diverta-inc,diverta-inc.breezy.hr,1,Masterjx9-OpenPostings
djamo,djamo.breezy.hr,1,Masterjx9-OpenPostings
django,django.breezy.hr,1,Masterjx9-OpenPostings
dkm,dkm.breezy.hr,1,kalil0321-ats-companies
dlop,dlop.breezy.hr,1,kalil0321-ats-companies
dlsn-holdings-llc,dlsn-holdings-llc.breezy.hr,1,Masterjx9-OpenPostings
dms-international,dms-international.breezy.hr,1,Masterjx9-OpenPostings
dnd-groups,dnd-groups.breezy.hr,2,Masterjx9-OpenPostings;kalil0321-ats-companies
docfox,docfox.breezy.hr,1,Masterjx9-OpenPostings
dockyard,dockyard.breezy.hr,1,Masterjx9-OpenPostings
docomo-innovations-inc,docomo-innovations-inc.breezy.hr,1,Masterjx9-OpenPostings
dodge,dodge.breezy.hr,1,Masterjx9-OpenPostings
dog-academy,dog-academy.breezy.hr,1,Masterjx9-OpenPostings
dogdaycare,dogdaycare.breezy.hr,1,Masterjx9-OpenPostings
dogma-alares,dogma-alares.breezy.hr,1,Masterjx9-OpenPostings
dollar-flight-club,dollar-flight-club.breezy.hr,1,Masterjx9-OpenPostings
dolly-s-life-of-many-colors-museum,dolly-s-life-of-many-colors-museum.breezy.hr,1,kalil0321-ats-companies
domestika,domestika.breezy.hr,1,Masterjx9-OpenPostings
done-plumbing-and-heating,done-plumbing-and-heating.breezy.hr,1,Masterjx9-OpenPostings
doneverse,doneverse.breezy.hr,2,Masterjx9-OpenPostings;kalil0321-ats-companies
donovan-group,donovan-group.breezy.hr,1,Masterjx9-OpenPostings
donut-media,donut-media.breezy.hr,1,Masterjx9-OpenPostings
doodle-labs-llc,doodle-labs-llc.breezy.hr,2,Masterjx9-OpenPostings;kalil0321-ats-companies
door-no-3,door-no-3.breezy.hr,1,Masterjx9-OpenPostings
doorstead,doorstead.breezy.hr,2,Masterjx9-OpenPostings;kalil0321-ats-companies
dose-health,dose-health.breezy.hr,1,Masterjx9-OpenPostings
dotbeyond,dotbeyond.breezy.hr,1,Masterjx9-OpenPostings
dotlab,dotlab.breezy.hr,1,Masterjx9-OpenPostings
dotsub,dotsub.breezy.hr,1,Masterjx9-OpenPostings
dott,dott.breezy.hr,1,Masterjx9-OpenPostings
doublecloud,doublecloud.breezy.hr,1,Masterjx9-OpenPostings
douglass-runger-pllc,douglass-runger-pllc.breezy.hr,1,Masterjx9-OpenPostings
dovelewis-veterinary-emergency-and-specialty-hospital,dovelewis-veterinary-emergency-and-specialty-hospital.breezy.hr,2,Masterjx9-OpenPostings;kalil0321-ats-companies
doylestown-dental-cosmetic-center,doylestown-dental-cosmetic-center.breezy.hr,1,kalil0321-ats-companies
dozens,dozens.breezy.hr,1,Masterjx9-OpenPostings
dozuki,dozuki.breezy.hr,2,Masterjx9-OpenPostings;kalil0321-ats-companies
dp-logistics,dp-logistics.breezy.hr,1,Masterjx9-OpenPostings
dr-berg-nutritionals,dr-berg-nutritionals.breezy.hr,1,kalil0321-ats-companies
dr-watts-electric-heating-air,dr-watts-electric-heating-air.breezy.hr,1,Masterjx9-OpenPostings
drakontas-llc,drakontas-llc.breezy.hr,1,Masterjx9-OpenPostings
dran-s-heating-ac,dran-s-heating-ac.breezy.hr,1,Masterjx9-OpenPostings
dream-for-america,dream-for-america.breezy.hr,1,Masterjx9-OpenPostings
dreamforge-games-corporation,dreamforge-games-corporation.breezy.hr,1,kalil0321-ats-companies
dreamscape-immersive,dreamscape-immersive.breezy.hr,2,Masterjx9-OpenPostings;outscal-openjobs
dressamed,dressamed.breezy.hr,1,kalil0321-ats-companies
drhouse-inc,drhouse-inc.breezy.hr,2,Masterjx9-OpenPostings;kalil0321-ats-companies
drimz,drimz.breezy.hr,1,Masterjx9-OpenPostings
drips,drips.breezy.hr,1,Masterjx9-OpenPostings
dripshop-live,dripshop-live.breezy.hr,1,Masterjx9-OpenPostings
driveline-solutions,driveline-solutions.breezy.hr,1,Masterjx9-OpenPostings
drivelinedrivers,drivelinedrivers.breezy.hr,1,kalil0321-ats-companies
drivepersonnel,drivepersonnel.breezy.hr,2,Masterjx9-OpenPostings;kalil0321-ats-companies
driver-ai-inc,driver-ai-inc.breezy.hr,2,Masterjx9-OpenPostings;kalil0321-ats-companies
driverreach,driverreach.breezy.hr,1,Masterjx9-OpenPostings
driving-academy,driving-academy.breezy.hr,1,Masterjx9-OpenPostings
drodex,drodex.breezy.hr,1,Masterjx9-OpenPostings
drop-genie,drop-genie.breezy.hr,1,Masterjx9-OpenPostings
dropified,dropified.breezy.hr,1,Masterjx9-OpenPostings
dropit,dropit.breezy.hr,1,Masterjx9-OpenPostings
droplette-364756dab1fd,droplette-364756dab1fd.breezy.hr,1,Masterjx9-OpenPostings
drumanilra,drumanilra.breezy.hr,2,Masterjx9-OpenPostings;kalil0321-ats-companies
ds2,ds2.breezy.hr,1,Masterjx9-OpenPostings
dtb,dtb.breezy.hr,1,Masterjx9-OpenPostings
dtcp,dtcp.breezy.hr,2,Masterjx9-OpenPostings;kalil0321-ats-companies
dualog,dualog.breezy.hr,1,Masterjx9-OpenPostings
dubizzlelabs,dubizzlelabs.breezy.hr,2,Masterjx9-OpenPostings;kalil0321-ats-companies
duclo,duclo.breezy.hr,1,Masterjx9-OpenPostings
duncan-family-farms-inc,duncan-family-farms-inc.breezy.hr,1,Masterjx9-OpenPostings
duolingo,duolingo.breezy.hr,2,Masterjx9-OpenPostings;kalil0321-ats-companies
dura-software,dura-software.breezy.hr,1,Masterjx9-OpenPostings
dust-identity,dust-identity.breezy.hr,2,Masterjx9-OpenPostings;kalil0321-ats-companies
dutch-analytics,dutch-analytics.breezy.hr,1,Masterjx9-OpenPostings
dwg,dwg.breezy.hr,1,Masterjx9-OpenPostings
dxomark-image-labs,dxomark-image-labs.breezy.hr,1,Masterjx9-OpenPostings
dyad,dyad.breezy.hr,1,Masterjx9-OpenPostings
dyflex,dyflex.breezy.hr,2,Masterjx9-OpenPostings;kalil0321-ats-companies
dyl,dyl.breezy.hr,1,Masterjx9-OpenPostings
dynata,dynata.breezy.hr,1,Masterjx9-OpenPostings
e-e-tech,e-e-tech.breezy.hr,1,Masterjx9-OpenPostings
e-w-wylie,e-w-wylie.breezy.hr,1,Masterjx9-OpenPostings
e2e,e2e.breezy.hr,1,kalil0321-ats-companies
ea-gibson,ea-gibson.breezy.hr,2,Masterjx9-OpenPostings;kalil0321-ats-companies
eab-solutions,eab-solutions.breezy.hr,1,Masterjx9-OpenPostings
eagan-insurance-agency,eagan-insurance-agency.breezy.hr,1,Masterjx9-OpenPostings
eagle-technologies-llc,eagle-technologies-llc.breezy.hr,1,Masterjx9-OpenPostings
eai,eai.breezy.hr,1,kalil0321-ats-companies
eam-technology-ag,eam-technology-ag.breezy.hr,1,Masterjx9-OpenPostings
earth-angels-home-care,earth-angels-home-care.breezy.hr,1,Masterjx9-OpenPostings
earth-hub,earth-hub.breezy.hr,2,Masterjx9-OpenPostings;kalil0321-ats-companies
earthscape-play,earthscape-play.breezy.hr,1,Masterjx9-OpenPostings
east-central-energy,east-central-energy.breezy.hr,1,Masterjx9-OpenPostings
easy-skill,easy-skill.breezy.hr,2,Masterjx9-OpenPostings;kalil0321-ats-companies
easybins,easybins.breezy.hr,1,Masterjx9-OpenPostings
easyhealth,easyhealth.breezy.hr,2,Masterjx9-OpenPostings;kalil0321-ats-companies
easypayfinance,easypayfinance.breezy.hr,2,Masterjx9-OpenPostings;kalil0321-ats-companies
eatwellatxjobs,eatwellatxjobs.breezy.hr,1,Masterjx9-OpenPostings
ebb-carbon,ebb-carbon.breezy.hr,1,Masterjx9-OpenPostings
ecare-vault-inc,ecare-vault-inc.breezy.hr,1,Masterjx9-OpenPostings
echelon-solar-power,echelon-solar-power.breezy.hr,1,Masterjx9-OpenPostings
echo-leahy-center-for-lake-champlain,echo-leahy-center-for-lake-champlain.breezy.hr,1,Masterjx9-OpenPostings
ecic,ecic.breezy.hr,1,Masterjx9-OpenPostings
ecoceres,ecoceres.breezy.hr,1,kalil0321-ats-companies
ecomplete-careers,ecomplete-careers.breezy.hr,1,Masterjx9-OpenPostings
ecora,ecora.breezy.hr,1,Masterjx9-OpenPostings
ecore-services,ecore-services.breezy.hr,1,Masterjx9-OpenPostings
ecostage,ecostage.breezy.hr,1,kalil0321-ats-companies
ecosystems-holdings,ecosystems-holdings.breezy.hr,1,Masterjx9-OpenPostings
eddi-bike,eddi-bike.breezy.hr,1,Masterjx9-OpenPostings
edens-construction-company,edens-construction-company.breezy.hr,1,Masterjx9-OpenPostings
edenspiekermann,edenspiekermann.breezy.hr,1,Masterjx9-OpenPostings
edfpowersolutions,edfpowersolutions.breezy.hr,1,Masterjx9-OpenPostings
edge,edge.breezy.hr,1,Masterjx9-OpenPostings
edge-funders-alliance,edge-funders-alliance.breezy.hr,1,Masterjx9-OpenPostings
edgecortix-inc,edgecortix-inc.breezy.hr,1,Masterjx9-OpenPostings
edgescore,edgescore.breezy.hr,2,Masterjx9-OpenPostings;kalil0321-ats-companies
edison-electric,edison-electric.breezy.hr,1,Masterjx9-OpenPostings
edison-partners,edison-partners.breezy.hr,1,Masterjx9-OpenPostings
edops,edops.breezy.hr,2,Masterjx9-OpenPostings;kalil0321-ats-companies
edrolo,edrolo.breezy.hr,1,Masterjx9-OpenPostings
education-analytics,education-analytics.breezy.hr,2,Masterjx9-OpenPostings;ches-ctrl-cheddar
edujob,edujob.breezy.hr,1,Masterjx9-OpenPostings
edusoft-ltd,edusoft-ltd.breezy.hr,1,Masterjx9-OpenPostings
edwardsnell,edwardsnell.breezy.hr,1,kalil0321-ats-companies
eeproperty-sa,eeproperty-sa.breezy.hr,1,Masterjx9-OpenPostings
ehvert-engineering-inc,ehvert-engineering-inc.breezy.hr,2,Masterjx9-OpenPostings;kalil0321-ats-companies
eigenblue,eigenblue.breezy.hr,1,kalil0321-ats-companies
eigroup,eigroup.breezy.hr,2,Masterjx9-OpenPostings;kalil0321-ats-companies
ej-plumbing,ej-plumbing.breezy.hr,1,Masterjx9-OpenPostings
elantis-solutions-inc,elantis-solutions-inc.breezy.hr,1,Masterjx9-OpenPostings
elba-technologies-gmbh,elba-technologies-gmbh.breezy.hr,1,Masterjx9-OpenPostings
eldercare-resource-planning,eldercare-resource-planning.breezy.hr,1,Masterjx9-OpenPostings
electives,electives.breezy.hr,1,Masterjx9-OpenPostings
electra-vehicles-inc,electra-vehicles-inc.breezy.hr,2,Masterjx9-OpenPostings;kalil0321-ats-companies
electro-polish-co,electro-polish-co.breezy.hr,1,Masterjx9-OpenPostings
elements-brands,elements-brands.breezy.hr,1,Masterjx9-OpenPostings
elemy,elemy.breezy.hr,1,Masterjx9-OpenPostings
eleos-aba-llc,eleos-aba-llc.breezy.hr,1,Masterjx9-OpenPostings
elevar,elevar.breezy.hr,1,Masterjx9-OpenPostings
elevate-commercial,elevate-commercial.breezy.hr,1,Masterjx9-OpenPostings
elevate-staffing,elevate-staffing.breezy.hr,2,Masterjx9-OpenPostings;kalil0321-ats-companies
elevation-church,elevation-church.breezy.hr,2,Masterjx9-OpenPostings;kalil0321-ats-companies
elevation-worship,elevation-worship.breezy.hr,1,Masterjx9-OpenPostings
elevation-youth,elevation-youth.breezy.hr,1,Masterjx9-OpenPostings
elgin-math-science-academy,elgin-math-science-academy.breezy.hr,1,Masterjx9-OpenPostings
eli-and-co,eli-and-co.breezy.hr,1,Masterjx9-OpenPostings
eligo-bioscience,eligo-bioscience.breezy.hr,2,Masterjx9-OpenPostings;kalil0321-ats-companies
elion,elion.breezy.hr,1,Masterjx9-OpenPostings
elite-amenity-management,elite-amenity-management.breezy.hr,2,Masterjx9-OpenPostings;kalil0321-ats-companies
elite-hospitality-recruiter,elite-hospitality-recruiter.breezy.hr,1,Masterjx9-OpenPostings
elite-private-chefs,elite-private-chefs.breezy.hr,1,kalil0321-ats-companies
ellsworthhamtptoninn,ellsworthhamtptoninn.breezy.hr,1,Masterjx9-OpenPostings
elly,elly.breezy.hr,1,kalil0321-ats-companies
elo-entertainment-inc,elo-entertainment-inc.breezy.hr,1,Masterjx9-OpenPostings
elvis-eckardt-recruitment-sales-solutions-limited,elvis-eckardt-recruitment-sales-solutions-limited.breezy.hr,1,Masterjx9-OpenPostings
elysium-health,elysium-health.breezy.hr,1,Masterjx9-OpenPostings
embassy-landscape,embassy-landscape.breezy.hr,1,Masterjx9-OpenPostings
embraer,embraer.breezy.hr,2,Masterjx9-OpenPostings;kalil0321-ats-companies
emeals,emeals.breezy.hr,1,Masterjx9-OpenPostings
emerge-fellowship,emerge-fellowship.breezy.hr,1,Masterjx9-OpenPostings
emergency-air,emergency-air.breezy.hr,1,Masterjx9-OpenPostings
emergex,emergex.breezy.hr,1,Masterjx9-OpenPostings
emplicit-inc,emplicit-inc.breezy.hr,1,Masterjx9-OpenPostings
employ-and-relate,employ-and-relate.breezy.hr,1,Masterjx9-OpenPostings
employee-cycle,employee-cycle.breezy.hr,1,Masterjx9-OpenPostings
employnv-youth-hub,employnv-youth-hub.breezy.hr,2,Masterjx9-OpenPostings;kalil0321-ats-companies
empowerrd,empowerrd.breezy.hr,2,Masterjx9-OpenPostings;kalil0321-ats-companies
empromptu,empromptu.breezy.hr,1,kalil0321-ats-companies
empyrean-hospice,empyrean-hospice.breezy.hr,1,Masterjx9-OpenPostings
emurgo,emurgo.breezy.hr,2,Masterjx9-OpenPostings;kalil0321-ats-companies
enapter-gmbh,enapter-gmbh.breezy.hr,2,Masterjx9-OpenPostings;ches-ctrl-cheddar
encon-equipment,encon-equipment.breezy.hr,2,Masterjx9-OpenPostings;kalil0321-ats-companies
end,end.breezy.hr,2,Masterjx9-OpenPostings;kalil0321-ats-companies
endossed,endossed.breezy.hr,2,Masterjx9-OpenPostings;kalil0321-ats-companies
endpass,endpass.breezy.hr,1,Masterjx9-OpenPostings
endurance-industries,endurance-industries.breezy.hr,1,Masterjx9-OpenPostings
engage,engage.breezy.hr,1,kalil0321-ats-companies
engage-squared,engage-squared.breezy.hr,2,Masterjx9-OpenPostings;kalil0321-ats-companies
engel-volkers,engel-volkers.breezy.hr,1,Masterjx9-OpenPostings
enginzyme,enginzyme.breezy.hr,1,Masterjx9-OpenPostings
english-musicals-korea,english-musicals-korea.breezy.hr,1,Masterjx9-OpenPostings
enrollmentfuel,enrollmentfuel.breezy.hr,1,Masterjx9-OpenPostings
ensemble-performing-arts,ensemble-performing-arts.breezy.hr,1,Masterjx9-OpenPostings
ensight,ensight.breezy.hr,1,Masterjx9-OpenPostings
enslabs,enslabs.breezy.hr,1,Masterjx9-OpenPostings
entando,entando.breezy.hr,1,Masterjx9-OpenPostings
entermotion,entermotion.breezy.hr,2,Masterjx9-OpenPostings;kalil0321-ats-companies
enterprise-ventures-corporation,enterprise-ventures-corporation.breezy.hr,1,Masterjx9-OpenPostings
entertainment-district,entertainment-district.breezy.hr,1,Masterjx9-OpenPostings
enthusiast-gaming,enthusiast-gaming.breezy.hr,2,Masterjx9-OpenPostings;kalil0321-ats-companies
entia,entia.breezy.hr,1,Masterjx9-OpenPostings
entlest-brands-inc,entlest-brands-inc.breezy.hr,1,Masterjx9-OpenPostings
entri,entri.breezy.hr,2,Masterjx9-OpenPostings;kalil0321-ats-companies
envention,envention.breezy.hr,1,Masterjx9-OpenPostings
envisio,envisio.breezy.hr,1,Masterjx9-OpenPostings
envoc,envoc.breezy.hr,2,Masterjx9-OpenPostings;kalil0321-ats-companies
eok-consults-inc,eok-consults-inc.breezy.hr,1,Masterjx9-OpenPostings
epic-cleantec,epic-cleantec.breezy.hr,1,Masterjx9-OpenPostings
eq3-ltd,eq3-ltd.breezy.hr,1,Masterjx9-OpenPostings
equipment-sales-service-limited,equipment-sales-service-limited.breezy.hr,1,Masterjx9-OpenPostings
equis-labs,equis-labs.breezy.hr,1,Masterjx9-OpenPostings
equity-trustees,equity-trustees.breezy.hr,1,Masterjx9-OpenPostings
equityteam,equityteam.breezy.hr,1,Masterjx9-OpenPostings
erad,erad.breezy.hr,1,Masterjx9-OpenPostings
erba-mannheim,erba-mannheim.breezy.hr,1,Masterjx9-OpenPostings
erbis,erbis.breezy.hr,2,Masterjx9-OpenPostings;kalil0321-ats-companies
erdman-anthony,erdman-anthony.breezy.hr,1,Masterjx9-OpenPostings
erie-county-convention-center-authority,erie-county-convention-center-authority.breezy.hr,1,Masterjx9-OpenPostings
erp-savvy-llc,erp-savvy-llc.breezy.hr,1,Masterjx9-OpenPostings
ertms-solutions-srl,ertms-solutions-srl.breezy.hr,1,Masterjx9-OpenPostings
escape-room-san-antonio-llc,escape-room-san-antonio-llc.breezy.hr,1,Masterjx9-OpenPostings
esight-eyewear,esight-eyewear.breezy.hr,1,Masterjx9-OpenPostings
espark-learning,espark-learning.breezy.hr,1,Masterjx9-OpenPostings
esperanza-behavioral-health,esperanza-behavioral-health.breezy.hr,1,Masterjx9-OpenPostings
ess-metron,ess-metron.breezy.hr,1,Masterjx9-OpenPostings
essaymaster,essaymaster.breezy.hr,1,Masterjx9-OpenPostings
etain-health,etain-health.breezy.hr,1,Masterjx9-OpenPostings
etel-transformers,etel-transformers.breezy.hr,1,Masterjx9-OpenPostings
ethermail,ethermail.breezy.hr,2,Masterjx9-OpenPostings;outscal-openjobs
etiqa-srl,etiqa-srl.breezy.hr,1,Masterjx9-OpenPostings
etoile-academy-charter-school,etoile-academy-charter-school.breezy.hr,2,Masterjx9-OpenPostings;kalil0321-ats-companies
euclid-network,euclid-network.breezy.hr,1,Masterjx9-OpenPostings
eurekarobotics,eurekarobotics.breezy.hr,1,Masterjx9-OpenPostings
european-digital-finance-association,european-digital-finance-association.breezy.hr,1,kalil0321-ats-companies
european-pubs,european-pubs.breezy.hr,1,Masterjx9-OpenPostings
euvori-aquatics,euvori-aquatics.breezy.hr,1,Masterjx9-OpenPostings
eval-com,eval-com.breezy.hr,1,Masterjx9-OpenPostings
everblue,everblue.breezy.hr,1,Masterjx9-OpenPostings
everlight-solar,everlight-solar.breezy.hr,2,Masterjx9-OpenPostings;kalil0321-ats-companies
everspring-inc,everspring-inc.breezy.hr,1,Masterjx9-OpenPostings
everstar,everstar.breezy.hr,2,Masterjx9-OpenPostings;kalil0321-ats-companies
everydaylabs,everydaylabs.breezy.hr,2,Masterjx9-OpenPostings;ches-ctrl-cheddar
evexias-health-solutions,evexias-health-solutions.breezy.hr,1,kalil0321-ats-companies
evidencecare,evidencecare.breezy.hr,2,Masterjx9-OpenPostings;kalil0321-ats-companies
evolution-company,evolution-company.breezy.hr,1,Masterjx9-OpenPostings
evolutionmanagementinc,evolutionmanagementinc.breezy.hr,1,Masterjx9-OpenPostings
evolvestudios,evolvestudios.breezy.hr,1,Masterjx9-OpenPostings
evvnt,evvnt.breezy.hr,1,Masterjx9-OpenPostings
excel-mining-llc,excel-mining-llc.breezy.hr,2,Masterjx9-OpenPostings;kalil0321-ats-companies
excellent-recruitment,excellent-recruitment.breezy.hr,1,Masterjx9-OpenPostings
exechq,exechq.breezy.hr,1,Masterjx9-OpenPostings
executive-insight,executive-insight.breezy.hr,2,Masterjx9-OpenPostings;kalil0321-ats-companies
exf,exf.breezy.hr,1,kalil0321-ats-companies
exit-factor,exit-factor.breezy.hr,2,Masterjx9-OpenPostings;kalil0321-ats-companies
exo-arnvind,exo-arnvind.breezy.hr,1,Masterjx9-OpenPostings
expanso-inc,expanso-inc.breezy.hr,1,Masterjx9-OpenPostings
experience-columbus,experience-columbus.breezy.hr,1,Masterjx9-OpenPostings
experiencefirst,experiencefirst.breezy.hr,1,Masterjx9-OpenPostings
expert-links,expert-links.breezy.hr,1,Masterjx9-OpenPostings
expression-networks,expression-networks.breezy.hr,1,Masterjx9-OpenPostings
exsquaredlatam,exsquaredlatam.breezy.hr,2,Masterjx9-OpenPostings;kalil0321-ats-companies
extenteam-inc,extenteam-inc.breezy.hr,1,Masterjx9-OpenPostings
extreme-loans,extreme-loans.breezy.hr,1,Masterjx9-OpenPostings
eye-to-eye-inc,eye-to-eye-inc.breezy.hr,1,Masterjx9-OpenPostings
eyesoneyecare,eyesoneyecare.breezy.hr,1,Masterjx9-OpenPostings
ezoic-inc,ezoic-inc.breezy.hr,2,Masterjx9-OpenPostings;kalil0321-ats-companies
ezyvet,ezyvet.breezy.hr,1,Masterjx9-OpenPostings
faac-group,faac-group.breezy.hr,2,Masterjx9-OpenPostings;kalil0321-ats-companies
fabio-viviani-hospitality-group,fabio-viviani-hospitality-group.breezy.hr,2,Masterjx9-OpenPostings;kalil0321-ats-companies
faceless,faceless.breezy.hr,1,kalil0321-ats-companies
factal,factal.breezy.hr,1,Masterjx9-OpenPostings
faction-technology-inc,faction-technology-inc.breezy.hr,1,Masterjx9-OpenPostings
factoryfix,factoryfix.breezy.hr,1,Masterjx9-OpenPostings
fahrenheit-creative-group-llc,fahrenheit-creative-group-llc.breezy.hr,1,Masterjx9-OpenPostings
fair-harbor,fair-harbor.breezy.hr,2,Masterjx9-OpenPostings;kalil0321-ats-companies
fair-trade-outsourcing,fair-trade-outsourcing.breezy.hr,1,Masterjx9-OpenPostings
fairing,fairing.breezy.hr,1,Masterjx9-OpenPostings
fairsquare,fairsquare.breezy.hr,1,Masterjx9-OpenPostings
fairtrade-america,fairtrade-america.breezy.hr,1,Masterjx9-OpenPostings
fairtutors,fairtutors.breezy.hr,1,Masterjx9-OpenPostings
faithful-america,faithful-america.breezy.hr,1,Masterjx9-OpenPostings
faithful-america-c44c3a187796,faithful-america-c44c3a187796.breezy.hr,1,Masterjx9-OpenPostings
falkon-ai,falkon-ai.breezy.hr,1,Masterjx9-OpenPostings
falkonry,falkonry.breezy.hr,1,Masterjx9-OpenPostings
family-allergy-asthma,family-allergy-asthma.breezy.hr,1,Masterjx9-OpenPostings
family-care-inc,family-care-inc.breezy.hr,1,Masterjx9-OpenPostings
family-resource-home-care,family-resource-home-care.breezy.hr,2,Masterjx9-OpenPostings;kalil0321-ats-companies
farmshelf,farmshelf.breezy.hr,2,Masterjx9-OpenPostings;ches-ctrl-cheddar
fastcap-systems,fastcap-systems.breezy.hr,1,Masterjx9-OpenPostings
fastenal,fastenal.breezy.hr,1,Masterjx9-OpenPostings
fastship-co,fastship-co.breezy.hr,1,Masterjx9-OpenPostings
fatturaelettronicapa,fatturaelettronicapa.breezy.hr,1,Masterjx9-OpenPostings
fawkes,fawkes.breezy.hr,1,Masterjx9-OpenPostings
fbs,fbs.breezy.hr,1,kalil0321-ats-companies
fc-renew-llc,fc-renew-llc.breezy.hr,1,Masterjx9-OpenPostings
fcs-frankfurt-cargo-services-gmbh,fcs-frankfurt-cargo-services-gmbh.breezy.hr,1,Masterjx9-OpenPostings
fdx,fdx.breezy.hr,1,kalil0321-ats-companies
federal-public-defender-western-district-of-texas,federal-public-defender-western-district-of-texas.breezy.hr,1,Masterjx9-OpenPostings
feelslike,feelslike.breezy.hr,1,Masterjx9-OpenPostings
feelway,feelway.breezy.hr,1,Masterjx9-OpenPostings
feeney-s,feeney-s.breezy.hr,1,Masterjx9-OpenPostings
fei,fei.breezy.hr,1,Masterjx9-OpenPostings
felician-sisters-of-north-america,felician-sisters-of-north-america.breezy.hr,1,Masterjx9-OpenPostings
fellowsprogram,fellowsprogram.breezy.hr,1,Masterjx9-OpenPostings
fetch-funnel,fetch-funnel.breezy.hr,1,Masterjx9-OpenPostings
fetchme,fetchme.breezy.hr,1,kalil0321-ats-companies
fetola,fetola.breezy.hr,1,Masterjx9-OpenPostings
fidenda-ltd,fidenda-ltd.breezy.hr,1,Masterjx9-OpenPostings
fiduciaire-montgomery,fiduciaire-montgomery.breezy.hr,1,Masterjx9-OpenPostings
fierogroup,fierogroup.breezy.hr,1,Masterjx9-OpenPostings
figopara,figopara.breezy.hr,1,Masterjx9-OpenPostings
filmmakers-ranch,filmmakers-ranch.breezy.hr,1,kalil0321-ats-companies
fin-design-effects,fin-design-effects.breezy.hr,1,Masterjx9-OpenPostings
finance-new-orleans,finance-new-orleans.breezy.hr,1,Masterjx9-OpenPostings
findmecure,findmecure.breezy.hr,1,Masterjx9-OpenPostings
finlay,finlay.breezy.hr,1,kalil0321-ats-companies
finova,finova.breezy.hr,2,Masterjx9-OpenPostings;kalil0321-ats-companies
finsmart,finsmart.breezy.hr,1,Masterjx9-OpenPostings
finstrat-management,finstrat-management.breezy.hr,2,Masterjx9-OpenPostings;kalil0321-ats-companies
fintros,fintros.breezy.hr,1,Masterjx9-OpenPostings
fire-safety-and-protection-corporate,fire-safety-and-protection-corporate.breezy.hr,1,Masterjx9-OpenPostings
fireclay-partners,fireclay-partners.breezy.hr,1,kalil0321-ats-companies
firefinch-software-ltd,firefinch-software-ltd.breezy.hr,1,Masterjx9-OpenPostings
fireflies,fireflies.breezy.hr,1,Masterjx9-OpenPostings
fireline-medics,fireline-medics.breezy.hr,1,Masterjx9-OpenPostings
first-leap,first-leap.breezy.hr,1,kalil0321-ats-companies
first-priority-manufacturing,first-priority-manufacturing.breezy.hr,1,Masterjx9-OpenPostings
firstier-banks,firstier-banks.breezy.hr,1,kalil0321-ats-companies
fischer,fischer.breezy.hr,1,Masterjx9-OpenPostings
fishtail,fishtail.breezy.hr,1,Masterjx9-OpenPostings
fiskal-inc,fiskal-inc.breezy.hr,1,Masterjx9-OpenPostings
fitnext-co,fitnext-co.breezy.hr,1,kalil0321-ats-companies
fix-com,fix-com.breezy.hr,2,Masterjx9-OpenPostings;kalil0321-ats-companies
fix-it-24-7,fix-it-24-7.breezy.hr,1,Masterjx9-OpenPostings
fixedfeeit,fixedfeeit.breezy.hr,1,Masterjx9-OpenPostings
flamingo-bowl,flamingo-bowl.breezy.hr,1,Masterjx9-OpenPostings
flanco,flanco.breezy.hr,1,kalil0321-ats-companies
fleetster,fleetster.breezy.hr,2,Masterjx9-OpenPostings;kalil0321-ats-companies
flink-robotics,flink-robotics.breezy.hr,1,Masterjx9-OpenPostings
flipsidecrypto,flipsidecrypto.breezy.hr,1,Masterjx9-OpenPostings
float-health,float-health.breezy.hr,2,Masterjx9-OpenPostings;kalil0321-ats-companies
floating-point-group,floating-point-group.breezy.hr,1,Masterjx9-OpenPostings
flocknote,flocknote.breezy.hr,1,Masterjx9-OpenPostings
florida-energy-advisors,florida-energy-advisors.breezy.hr,1,kalil0321-ats-companies
florida-flyers-flight-academy-inc,florida-flyers-flight-academy-inc.breezy.hr,1,Masterjx9-OpenPostings
flower-company,flower-company.breezy.hr,1,Masterjx9-OpenPostings
flowkey,flowkey.breezy.hr,1,Masterjx9-OpenPostings
flowplay-llc,flowplay-llc.breezy.hr,3,Masterjx9-OpenPostings;kalil0321-ats-companies;outscal-openjobs
fluree,fluree.breezy.hr,1,Masterjx9-OpenPostings
fluxit,fluxit.breezy.hr,2,Masterjx9-OpenPostings;kalil0321-ats-companies
flybondi,flybondi.breezy.hr,1,Masterjx9-OpenPostings
flyingwildhog,flyingwildhog.breezy.hr,1,Masterjx9-OpenPostings
focus-group-panel,focus-group-panel.breezy.hr,2,Masterjx9-OpenPostings;kalil0321-ats-companies
focusnet-gmbh,focusnet-gmbh.breezy.hr,1,Masterjx9-OpenPostings
fohr,fohr.breezy.hr,1,Masterjx9-OpenPostings
foldijo-gasztro-kft,foldijo-gasztro-kft.breezy.hr,1,Masterjx9-OpenPostings
folino,folino.breezy.hr,1,Masterjx9-OpenPostings
foodom,foodom.breezy.hr,1,Masterjx9-OpenPostings
forager,forager.breezy.hr,1,Masterjx9-OpenPostings
foresight,foresight.breezy.hr,1,Masterjx9-OpenPostings
forge-nano,forge-nano.breezy.hr,2,Masterjx9-OpenPostings;kalil0321-ats-companies
formation-ventures,formation-ventures.breezy.hr,1,Masterjx9-OpenPostings
forrest-technical-coatings,forrest-technical-coatings.breezy.hr,1,Masterjx9-OpenPostings
fors-marsh-group,fors-marsh-group.breezy.hr,2,Masterjx9-OpenPostings;kalil0321-ats-companies
fortyau,fortyau.breezy.hr,1,Masterjx9-OpenPostings
forward-through-ferguson,forward-through-ferguson.breezy.hr,1,Masterjx9-OpenPostings
forward-together,forward-together.breezy.hr,1,Masterjx9-OpenPostings
fossil-fuel-non-proliferation-treaty,fossil-fuel-non-proliferation-treaty.breezy.hr,1,Masterjx9-OpenPostings
foster-made,foster-made.breezy.hr,1,Masterjx9-OpenPostings
found-search-marketing,found-search-marketing.breezy.hr,1,Masterjx9-OpenPostings
foundation-for-advanced-education-in-the-sciences-inc,foundation-for-advanced-education-in-the-sciences-inc.breezy.hr,2,Masterjx9-OpenPostings;kalil0321-ats-companies
foundation-for-jewish-camp,foundation-for-jewish-camp.breezy.hr,1,Masterjx9-OpenPostings
foundationhealth,foundationhealth.breezy.hr,1,kalil0321-ats-companies
founder-s-cpa,founder-s-cpa.breezy.hr,2,Masterjx9-OpenPostings;kalil0321-ats-companies
founders-connect,founders-connect.breezy.hr,1,kalil0321-ats-companies
founders-workshop,founders-workshop.breezy.hr,2,Masterjx9-OpenPostings;kalil0321-ats-companies
four-eyes-financial,four-eyes-financial.breezy.hr,1,Masterjx9-OpenPostings
four15-digital,four15-digital.breezy.hr,1,Masterjx9-OpenPostings
fox-advancement,fox-advancement.breezy.hr,1,Masterjx9-OpenPostings
foxrecruiter,foxrecruiter.breezy.hr,1,Masterjx9-OpenPostings
foxtrot-aviation-services,foxtrot-aviation-services.breezy.hr,1,Masterjx9-OpenPostings
fractal-river,fractal-river.breezy.hr,1,Masterjx9-OpenPostings
frame-8599567b7095,frame-8599567b7095.breezy.hr,1,Masterjx9-OpenPostings
framework,framework.breezy.hr,2,Masterjx9-OpenPostings;kalil0321-ats-companies
franchise-sidekick,franchise-sidekick.breezy.hr,1,Masterjx9-OpenPostings
frasal,frasal.breezy.hr,1,Masterjx9-OpenPostings
freedom2o,freedom2o.breezy.hr,1,Masterjx9-OpenPostings
freeeup,freeeup.breezy.hr,2,Masterjx9-OpenPostings;kalil0321-ats-companies
freehouse-partners,freehouse-partners.breezy.hr,1,Masterjx9-OpenPostings
freeman-herbs,freeman-herbs.breezy.hr,1,Masterjx9-OpenPostings
freepl,freepl.breezy.hr,1,Masterjx9-OpenPostings
fresh-ventures-studio,fresh-ventures-studio.breezy.hr,2,Masterjx9-OpenPostings;kalil0321-ats-companies
freyer-laureta-inc,freyer-laureta-inc.breezy.hr,1,Masterjx9-OpenPostings
freyssinet-incorporated,freyssinet-incorporated.breezy.hr,1,Masterjx9-OpenPostings
fringe,fringe.breezy.hr,1,Masterjx9-OpenPostings
frontline-solutions,frontline-solutions.breezy.hr,1,Masterjx9-OpenPostings
frontwisegroup,frontwisegroup.breezy.hr,1,Masterjx9-OpenPostings
fs-isac,fs-isac.breezy.hr,2,Masterjx9-OpenPostings;kalil0321-ats-companies
fsma,fsma.breezy.hr,1,kalil0321-ats-companies
fuel-made,fuel-made.breezy.hr,2,Masterjx9-OpenPostings;kalil0321-ats-companies
fuelerate,fuelerate.breezy.hr,2,Masterjx9-OpenPostings;kalil0321-ats-companies
fugo-games,fugo-games.breezy.hr,2,Masterjx9-OpenPostings;outscal-openjobs
full-fibre-limited,full-fibre-limited.breezy.hr,1,Masterjx9-OpenPostings
function-health,function-health.breezy.hr,1,Masterjx9-OpenPostings
fundamentally-games,fundamentally-games.breezy.hr,1,outscal-openjobs
fundi,fundi.breezy.hr,1,Masterjx9-OpenPostings
fundica,fundica.breezy.hr,1,Masterjx9-OpenPostings
fundview,fundview.breezy.hr,1,kalil0321-ats-companies
furst-mcness-company,furst-mcness-company.breezy.hr,1,Masterjx9-OpenPostings
future-capital,future-capital.breezy.hr,1,Masterjx9-OpenPostings
futurra,futurra.breezy.hr,1,Masterjx9-OpenPostings
fx-digital,fx-digital.breezy.hr,2,Masterjx9-OpenPostings;kalil0321-ats-companies
g11-technology-partners,g11-technology-partners.breezy.hr,1,Masterjx9-OpenPostings
gabriel,gabriel.breezy.hr,1,Masterjx9-OpenPostings
gaggle,gaggle.breezy.hr,3,Masterjx9-OpenPostings;ches-ctrl-cheddar;kalil0321-ats-companies
gain,gain.breezy.hr,1,Masterjx9-OpenPostings
galimberti,galimberti.breezy.hr,1,Masterjx9-OpenPostings
galvion,galvion.breezy.hr,1,Masterjx9-OpenPostings
gamblify,gamblify.breezy.hr,2,Masterjx9-OpenPostings;outscal-openjobs
gamebreaking-studios-inc,gamebreaking-studios-inc.breezy.hr,2,Masterjx9-OpenPostings;kalil0321-ats-companies
gamegrid,gamegrid.breezy.hr,1,kalil0321-ats-companies
gamurs,gamurs.breezy.hr,3,Masterjx9-OpenPostings;kalil0321-ats-companies;outscal-openjobs
gamut-behavioral-services,gamut-behavioral-services.breezy.hr,1,Masterjx9-OpenPostings
ganger-dermatology,ganger-dermatology.breezy.hr,1,Masterjx9-OpenPostings
garmentory,garmentory.breezy.hr,1,Masterjx9-OpenPostings
garner-foods,garner-foods.breezy.hr,1,Masterjx9-OpenPostings
gaskinslecraw,gaskinslecraw.breezy.hr,2,Masterjx9-OpenPostings;kalil0321-ats-companies
gast,gast.breezy.hr,1,Masterjx9-OpenPostings
gast-usa,gast-usa.breezy.hr,1,Masterjx9-OpenPostings
gastro-health,gastro-health.breezy.hr,2,Masterjx9-OpenPostings;kalil0321-ats-companies
gateway-market,gateway-market.breezy.hr,2,Masterjx9-OpenPostings;kalil0321-ats-companies
gatewayshelter,gatewayshelter.breezy.hr,1,Masterjx9-OpenPostings
gatewise,gatewise.breezy.hr,1,Masterjx9-OpenPostings
gathered-here,gathered-here.breezy.hr,1,Masterjx9-OpenPostings
gatherly,gatherly.breezy.hr,1,Masterjx9-OpenPostings
gaycenter,gaycenter.breezy.hr,1,Masterjx9-OpenPostings
gci-security-inc,gci-security-inc.breezy.hr,1,Masterjx9-OpenPostings
gcu-uk-ltd,gcu-uk-ltd.breezy.hr,1,Masterjx9-OpenPostings
gear,gear.breezy.hr,1,kalil0321-ats-companies
gecko,gecko.breezy.hr,2,Masterjx9-OpenPostings;kalil0321-ats-companies
gen-nine-inc,gen-nine-inc.breezy.hr,1,Masterjx9-OpenPostings
gen-tech,gen-tech.breezy.hr,2,Masterjx9-OpenPostings;kalil0321-ats-companies
gencap-construction-corp,gencap-construction-corp.breezy.hr,1,Masterjx9-OpenPostings
general-biological,general-biological.breezy.hr,1,Masterjx9-OpenPostings
general-ui,general-ui.breezy.hr,1,Masterjx9-OpenPostings
generous-industries,generous-industries.breezy.hr,1,Masterjx9-OpenPostings
genestack-ltd,genestack-ltd.breezy.hr,2,Masterjx9-OpenPostings;kalil0321-ats-companies
genius-monkey,genius-monkey.breezy.hr,1,Masterjx9-OpenPostings
genius-recruit-ltd,genius-recruit-ltd.breezy.hr,1,Masterjx9-OpenPostings
genofab,genofab.breezy.hr,1,Masterjx9-OpenPostings
gentem,gentem.breezy.hr,1,Masterjx9-OpenPostings
genuine-people,genuine-people.breezy.hr,1,Masterjx9-OpenPostings
geo-technology-associates,geo-technology-associates.breezy.hr,1,Masterjx9-OpenPostings
geooptics,geooptics.breezy.hr,1,Masterjx9-OpenPostings
george-f-young,george-f-young.breezy.hr,1,Masterjx9-OpenPostings
george-s-tradition,george-s-tradition.breezy.hr,1,Masterjx9-OpenPostings
german-american-chambers-of-commerce,german-american-chambers-of-commerce.breezy.hr,2,Masterjx9-OpenPostings;kalil0321-ats-companies
gesture-us-inc,gesture-us-inc.breezy.hr,2,Masterjx9-OpenPostings;kalil0321-ats-companies
getac-inc,getac-inc.breezy.hr,1,Masterjx9-OpenPostings
getbridge,getbridge.breezy.hr,1,Masterjx9-OpenPostings
getmyboat,getmyboat.breezy.hr,2,Masterjx9-OpenPostings;kalil0321-ats-companies
getninjas,getninjas.breezy.hr,1,Masterjx9-OpenPostings
getoveralls,getoveralls.breezy.hr,1,Masterjx9-OpenPostings
geviti-inc,geviti-inc.breezy.hr,2,Masterjx9-OpenPostings;kalil0321-ats-companies
ggwp,ggwp.breezy.hr,3,Masterjx9-OpenPostings;kalil0321-ats-companies;outscal-openjobs
ghc,ghc.breezy.hr,1,kalil0321-ats-companies
giant-army,giant-army.breezy.hr,1,Masterjx9-OpenPostings
gibson-county-coal-llc,gibson-county-coal-llc.breezy.hr,1,Masterjx9-OpenPostings
gideon300,gideon300.breezy.hr,1,Masterjx9-OpenPostings
giftify,giftify.breezy.hr,2,Masterjx9-OpenPostings;kalil0321-ats-companies
gigabrain,gigabrain.breezy.hr,1,Masterjx9-OpenPostings
gigalayer,gigalayer.breezy.hr,1,Masterjx9-OpenPostings
gigsmart,gigsmart.breezy.hr,1,Masterjx9-OpenPostings
giguru,giguru.breezy.hr,1,Masterjx9-OpenPostings
gimme-seaweed,gimme-seaweed.breezy.hr,1,Masterjx9-OpenPostings
girls-inc-of-boston-and-lynn,girls-inc-of-boston-and-lynn.breezy.hr,1,Masterjx9-OpenPostings
girlsincgreaterpgh,girlsincgreaterpgh.breezy.hr,2,Masterjx9-OpenPostings;kalil0321-ats-companies
gistia,gistia.breezy.hr,1,Masterjx9-OpenPostings
givecampus,givecampus.breezy.hr,2,Masterjx9-OpenPostings;kalil0321-ats-companies
giveme,giveme.breezy.hr,1,Masterjx9-OpenPostings
givingdata,givingdata.breezy.hr,2,Masterjx9-OpenPostings;ches-ctrl-cheddar
givzey,givzey.breezy.hr,2,Masterjx9-OpenPostings;kalil0321-ats-companies
glance,glance.breezy.hr,1,kalil0321-ats-companies
glass-pool-company-llc,glass-pool-company-llc.breezy.hr,1,Masterjx9-OpenPostings
glasshouse-systems,glasshouse-systems.breezy.hr,1,Masterjx9-OpenPostings
glassman-wealth-services,glassman-wealth-services.breezy.hr,1,Masterjx9-OpenPostings
glaz-tech-industries,glaz-tech-industries.breezy.hr,1,Masterjx9-OpenPostings
glean-analytics-inc,glean-analytics-inc.breezy.hr,1,Masterjx9-OpenPostings
glenholme-healthcare,glenholme-healthcare.breezy.hr,2,Masterjx9-OpenPostings;kalil0321-ats-companies
global,global.breezy.hr,1,kalil0321-ats-companies
global-center-for-gender-equality,global-center-for-gender-equality.breezy.hr,1,Masterjx9-OpenPostings
global-channel-management-inc,global-channel-management-inc.breezy.hr,1,Masterjx9-OpenPostings
global-charter-services-inc,global-charter-services-inc.breezy.hr,1,Masterjx9-OpenPostings
global-collective-d13628d9de70,global-collective-d13628d9de70.breezy.hr,1,Masterjx9-OpenPostings
global-data-systems,global-data-systems.breezy.hr,1,Masterjx9-OpenPostings
global-educators,global-educators.breezy.hr,1,Masterjx9-OpenPostings
global-elite-empire-agency,global-elite-empire-agency.breezy.hr,2,Masterjx9-OpenPostings;kalil0321-ats-companies
global-fund-for-children,global-fund-for-children.breezy.hr,1,Masterjx9-OpenPostings
global-health-investment-corporation,global-health-investment-corporation.breezy.hr,1,Masterjx9-OpenPostings
global-infotek-inc,global-infotek-inc.breezy.hr,2,Masterjx9-OpenPostings;kalil0321-ats-companies
global-predictions,global-predictions.breezy.hr,1,Masterjx9-OpenPostings
global-sanctuary-for-elephants,global-sanctuary-for-elephants.breezy.hr,1,Masterjx9-OpenPostings
glocalzone,glocalzone.breezy.hr,1,Masterjx9-OpenPostings
gls,gls.breezy.hr,1,kalil0321-ats-companies
glymph-consulting,glymph-consulting.breezy.hr,1,Masterjx9-OpenPostings
gmo-z-com-trust-company,gmo-z-com-trust-company.breezy.hr,1,Masterjx9-OpenPostings
gn,gn.breezy.hr,1,kalil0321-ats-companies
gno-partners,gno-partners.breezy.hr,1,Masterjx9-OpenPostings
gno-solutions-ltd,gno-solutions-ltd.breezy.hr,1,Masterjx9-OpenPostings
go-fish-digital,go-fish-digital.breezy.hr,1,Masterjx9-OpenPostings
go-hr,go-hr.breezy.hr,2,Masterjx9-OpenPostings;kalil0321-ats-companies
goa,goa.breezy.hr,1,kalil0321-ats-companies
goal-3,goal-3.breezy.hr,2,Masterjx9-OpenPostings;kalil0321-ats-companies
goate-lab,goate-lab.breezy.hr,1,Masterjx9-OpenPostings
gogun,gogun.breezy.hr,1,Masterjx9-OpenPostings
gohfr-inc,gohfr-inc.breezy.hr,1,Masterjx9-OpenPostings
goiko-operaciones,goiko-operaciones.breezy.hr,1,Masterjx9-OpenPostings
gojob,gojob.breezy.hr,2,Masterjx9-OpenPostings;kalil0321-ats-companies
gokada,gokada.breezy.hr,1,Masterjx9-OpenPostings
gold-care-homes,gold-care-homes.breezy.hr,2,Masterjx9-OpenPostings;kalil0321-ats-companies
golden-care-of-northeast-pa,golden-care-of-northeast-pa.breezy.hr,1,kalil0321-ats-companies
golden-recursion-inc,golden-recursion-inc.breezy.hr,1,Masterjx9-OpenPostings
golemon,golemon.breezy.hr,1,Masterjx9-OpenPostings
gomaterials,gomaterials.breezy.hr,2,Masterjx9-OpenPostings;kalil0321-ats-companies
gomining,gomining.breezy.hr,1,kalil0321-ats-companies
good-company,good-company.breezy.hr,1,Masterjx9-OpenPostings
good-life-sorted,good-life-sorted.breezy.hr,1,Masterjx9-OpenPostings
good-life-sorted-ff4b273f1f17,good-life-sorted-ff4b273f1f17.breezy.hr,1,Masterjx9-OpenPostings
good-well,good-well.breezy.hr,1,Masterjx9-OpenPostings
goodcents,goodcents.breezy.hr,2,Masterjx9-OpenPostings;kalil0321-ats-companies
goodinfo,goodinfo.breezy.hr,1,Masterjx9-OpenPostings
goodplanet-vzw,goodplanet-vzw.breezy.hr,1,Masterjx9-OpenPostings
goodwipes,goodwipes.breezy.hr,2,Masterjx9-OpenPostings;kalil0321-ats-companies
google,google.breezy.hr,1,kalil0321-ats-companies
gophermods,gophermods.breezy.hr,1,Masterjx9-OpenPostings
gopowerev,gopowerev.breezy.hr,1,Masterjx9-OpenPostings
gopuff,gopuff.breezy.hr,1,kalil0321-ats-companies
gosky-ai-inc,gosky-ai-inc.breezy.hr,1,Masterjx9-OpenPostings
gotenna,gotenna.breezy.hr,1,Masterjx9-OpenPostings
gotham-gym,gotham-gym.breezy.hr,1,Masterjx9-OpenPostings
government-market-strategies,government-market-strategies.breezy.hr,2,Masterjx9-OpenPostings;kalil0321-ats-companies
govos,govos.breezy.hr,1,Masterjx9-OpenPostings
gowrench,gowrench.breezy.hr,1,Masterjx9-OpenPostings
gozem,gozem.breezy.hr,2,Masterjx9-OpenPostings;kalil0321-ats-companies
gozio,gozio.breezy.hr,1,Masterjx9-OpenPostings
gp-enterprise-solutions,gp-enterprise-solutions.breezy.hr,1,kalil0321-ats-companies
gpfs,gpfs.breezy.hr,2,Masterjx9-OpenPostings;kalil0321-ats-companies
gps,gps.breezy.hr,1,kalil0321-ats-companies
gps-group-peer-support-llc,gps-group-peer-support-llc.breezy.hr,2,Masterjx9-OpenPostings;kalil0321-ats-companies
grab,grab.breezy.hr,1,kalil0321-ats-companies
grace-health,grace-health.breezy.hr,2,Masterjx9-OpenPostings;kalil0321-ats-companies
gradient-metrics,gradient-metrics.breezy.hr,1,Masterjx9-OpenPostings
grai-matter-labs,grai-matter-labs.breezy.hr,1,Masterjx9-OpenPostings
granica,granica.breezy.hr,1,kalil0321-ats-companies
granite-hills-group,granite-hills-group.breezy.hr,1,Masterjx9-OpenPostings
grant-thornton-uae,grant-thornton-uae.breezy.hr,1,Masterjx9-OpenPostings
grapevine,grapevine.breezy.hr,2,Masterjx9-OpenPostings;ches-ctrl-cheddar
graphaware,graphaware.breezy.hr,2,Masterjx9-OpenPostings;kalil0321-ats-companies
graphite-studio,graphite-studio.breezy.hr,1,Masterjx9-OpenPostings
grapids-heating-cooling-inc,grapids-heating-cooling-inc.breezy.hr,1,Masterjx9-OpenPostings
gray-capital-llc,gray-capital-llc.breezy.hr,2,Masterjx9-OpenPostings;kalil0321-ats-companies
gray-tier-technologies,gray-tier-technologies.breezy.hr,1,Masterjx9-OpenPostings
great-keppel-island-hideaway,great-keppel-island-hideaway.breezy.hr,1,Masterjx9-OpenPostings
great-lakes-advisory,great-lakes-advisory.breezy.hr,1,Masterjx9-OpenPostings
great-lakes-drone-company-llc,great-lakes-drone-company-llc.breezy.hr,1,Masterjx9-OpenPostings
great-lakes-stainless,great-lakes-stainless.breezy.hr,1,Masterjx9-OpenPostings
great-plains-food-bank,great-plains-food-bank.breezy.hr,1,kalil0321-ats-companies
great-west-equipment,great-west-equipment.breezy.hr,1,Masterjx9-OpenPostings
greater-columbus-sports-commission,greater-columbus-sports-commission.breezy.hr,1,Masterjx9-OpenPostings
green-bay-converting,green-bay-converting.breezy.hr,1,Masterjx9-OpenPostings
green-pest-management,green-pest-management.breezy.hr,2,Masterjx9-OpenPostings;kalil0321-ats-companies
green-project-technologies,green-project-technologies.breezy.hr,1,Masterjx9-OpenPostings
greenerfield-llc,greenerfield-llc.breezy.hr,1,Masterjx9-OpenPostings
greenlight-america,greenlight-america.breezy.hr,1,Masterjx9-OpenPostings
greenline-apartment-management,greenline-apartment-management.breezy.hr,1,Masterjx9-OpenPostings
greensdrugmart,greensdrugmart.breezy.hr,1,kalil0321-ats-companies
greenshades,greenshades.breezy.hr,1,Masterjx9-OpenPostings
greenwich-medical-spa,greenwich-medical-spa.breezy.hr,1,Masterjx9-OpenPostings
greenwood-project,greenwood-project.breezy.hr,1,Masterjx9-OpenPostings
grid-smarter-cities,grid-smarter-cities.breezy.hr,1,Masterjx9-OpenPostings
grid-united,grid-united.breezy.hr,1,Masterjx9-OpenPostings
gridmatrix,gridmatrix.breezy.hr,1,kalil0321-ats-companies
grill-hero,grill-hero.breezy.hr,1,Masterjx9-OpenPostings
gritmind,gritmind.breezy.hr,2,Masterjx9-OpenPostings;kalil0321-ats-companies
gro,gro.breezy.hr,1,Masterjx9-OpenPostings
grofin,grofin.breezy.hr,1,Masterjx9-OpenPostings
groopit,groopit.breezy.hr,1,Masterjx9-OpenPostings
groundswell,groundswell.breezy.hr,1,Masterjx9-OpenPostings
groundwork-coffee,groundwork-coffee.breezy.hr,2,Masterjx9-OpenPostings;kalil0321-ats-companies
groupcollect,groupcollect.breezy.hr,1,Masterjx9-OpenPostings
groupe-unigesco,groupe-unigesco.breezy.hr,1,Masterjx9-OpenPostings
groupsolver,groupsolver.breezy.hr,2,Masterjx9-OpenPostings;kalil0321-ats-companies
grove-networks,grove-networks.breezy.hr,1,Masterjx9-OpenPostings
growisto,growisto.breezy.hr,1,Masterjx9-OpenPostings
growmore-marketing,growmore-marketing.breezy.hr,2,Masterjx9-OpenPostings;kalil0321-ats-companies
growth-marketing-pro-llc,growth-marketing-pro-llc.breezy.hr,1,kalil0321-ats-companies
growth-marketing-werks,growth-marketing-werks.breezy.hr,1,Masterjx9-OpenPostings
growthub-agency,growthub-agency.breezy.hr,1,kalil0321-ats-companies
gruntwork,gruntwork.breezy.hr,1,kalil0321-ats-companies
gsai,gsai.breezy.hr,1,kalil0321-ats-companies
gsmc,gsmc.breezy.hr,1,kalil0321-ats-companies
gsmgroup-africa,gsmgroup-africa.breezy.hr,2,Masterjx9-OpenPostings;kalil0321-ats-companies
guardian-fire-services,guardian-fire-services.breezy.hr,1,Masterjx9-OpenPostings
guardian-tax-network,guardian-tax-network.breezy.hr,1,Masterjx9-OpenPostings
guardio,guardio.breezy.hr,2,Masterjx9-OpenPostings;kalil0321-ats-companies
guild-care-group-llc,guild-care-group-llc.breezy.hr,1,kalil0321-ats-companies
guitar-shed,guitar-shed.breezy.hr,1,Masterjx9-OpenPostings
gulfhawk-logistics,gulfhawk-logistics.breezy.hr,1,Masterjx9-OpenPostings
gulliver-s-games,gulliver-s-games.breezy.hr,2,Masterjx9-OpenPostings;outscal-openjobs
gunzilla-games,gunzilla-games.breezy.hr,2,Masterjx9-OpenPostings;kalil0321-ats-companies
gustav-technologies-inc,gustav-technologies-inc.breezy.hr,1,Masterjx9-OpenPostings
gusto,gusto.breezy.hr,1,kalil0321-ats-companies
h-elevation,h-elevation.breezy.hr,1,Masterjx9-OpenPostings
h-s-loss-control-inspections-in,h-s-loss-control-inspections-in.breezy.hr,1,kalil0321-ats-companies
hackerrank,hackerrank.breezy.hr,1,kalil0321-ats-companies
hagway-healthcare,hagway-healthcare.breezy.hr,1,Masterjx9-OpenPostings
haha-app,haha-app.breezy.hr,1,Masterjx9-OpenPostings
hahow,hahow.breezy.hr,1,Masterjx9-OpenPostings
hair-burst,hair-burst.breezy.hr,1,Masterjx9-OpenPostings
halcyon-financial-technology,halcyon-financial-technology.breezy.hr,1,Masterjx9-OpenPostings
half-past-yellow-aps,half-past-yellow-aps.breezy.hr,1,Masterjx9-OpenPostings
hall-ambulance,hall-ambulance.breezy.hr,1,Masterjx9-OpenPostings
hall-and-hall,hall-and-hall.breezy.hr,1,kalil0321-ats-companies
hall-cpa-llc,hall-cpa-llc.breezy.hr,1,kalil0321-ats-companies
hall-financial,hall-financial.breezy.hr,1,Masterjx9-OpenPostings
hallambulance,hallambulance.breezy.hr,1,Masterjx9-OpenPostings
hamilton-county-coal-llc,hamilton-county-coal-llc.breezy.hr,1,Masterjx9-OpenPostings
hamilton-recruitment,hamilton-recruitment.breezy.hr,2,Masterjx9-OpenPostings;kalil0321-ats-companies
hammerjack-pty-ltd,hammerjack-pty-ltd.breezy.hr,2,Masterjx9-OpenPostings;kalil0321-ats-companies
handsome-app,handsome-app.breezy.hr,1,Masterjx9-OpenPostings
handsome-brook-farms,handsome-brook-farms.breezy.hr,2,Masterjx9-OpenPostings;kalil0321-ats-companies
hanlon-acoustical-ceilings,hanlon-acoustical-ceilings.breezy.hr,1,Masterjx9-OpenPostings
hapana,hapana.breezy.hr,2,Masterjx9-OpenPostings;kalil0321-ats-companies
happity,happity.breezy.hr,2,Masterjx9-OpenPostings;kalil0321-ats-companies
happy-dad,happy-dad.breezy.hr,2,Masterjx9-OpenPostings;kalil0321-ats-companies
happyco,happyco.breezy.hr,1,Masterjx9-OpenPostings
happymed,happymed.breezy.hr,1,Masterjx9-OpenPostings
happysignals,happysignals.breezy.hr,1,Masterjx9-OpenPostings
harino-care-limited,harino-care-limited.breezy.hr,1,Masterjx9-OpenPostings
harlem-lacrosse,harlem-lacrosse.breezy.hr,1,Masterjx9-OpenPostings
harris-jones-staffing-recruiting-llc,harris-jones-staffing-recruiting-llc.breezy.hr,1,Masterjx9-OpenPostings
hart--hickman,hart--hickman.breezy.hr,2,Masterjx9-OpenPostings;kalil0321-ats-companies
hartbeat,hartbeat.breezy.hr,1,Masterjx9-OpenPostings
harvardmedia,harvardmedia.breezy.hr,1,Masterjx9-OpenPostings
hashtag-creative,hashtag-creative.breezy.hr,1,Masterjx9-OpenPostings
haslam-sports-group,haslam-sports-group.breezy.hr,1,Masterjx9-OpenPostings
hassle-free-home-services,hassle-free-home-services.breezy.hr,2,Masterjx9-OpenPostings;kalil0321-ats-companies
hatch-innovations-canada,hatch-innovations-canada.breezy.hr,2,Masterjx9-OpenPostings;kalil0321-ats-companies
hatchworks,hatchworks.breezy.hr,1,Masterjx9-OpenPostings
hathor-network,hathor-network.breezy.hr,1,Masterjx9-OpenPostings
haulhub,haulhub.breezy.hr,1,Masterjx9-OpenPostings
haussmann-group-africa,haussmann-group-africa.breezy.hr,1,Masterjx9-OpenPostings
haven-health-group-inc,haven-health-group-inc.breezy.hr,1,Masterjx9-OpenPostings
havocai,havocai.breezy.hr,1,Masterjx9-OpenPostings
hawk-river-construction,hawk-river-construction.breezy.hr,1,Masterjx9-OpenPostings
hcpa,hcpa.breezy.hr,1,Masterjx9-OpenPostings
hctec,hctec.breezy.hr,1,Masterjx9-OpenPostings
headway,headway.breezy.hr,1,Masterjx9-OpenPostings
headx,headx.breezy.hr,2,Masterjx9-OpenPostings;kalil0321-ats-companies
health-vision,health-vision.breezy.hr,1,Masterjx9-OpenPostings
healthcare-resource-group,healthcare-resource-group.breezy.hr,1,Masterjx9-OpenPostings
healthtracka,healthtracka.breezy.hr,1,Masterjx9-OpenPostings
healthy-gamer,healthy-gamer.breezy.hr,2,Masterjx9-OpenPostings;kalil0321-ats-companies
hearst,hearst.breezy.hr,1,Masterjx9-OpenPostings
heartland-womens-health,heartland-womens-health.breezy.hr,1,Masterjx9-OpenPostings
heist-studios,heist-studios.breezy.hr,1,Masterjx9-OpenPostings
heitech-services,heitech-services.breezy.hr,1,Masterjx9-OpenPostings
helen-gertrude,helen-gertrude.breezy.hr,1,Masterjx9-OpenPostings
heliotron-deutschland-gmbh,heliotron-deutschland-gmbh.breezy.hr,1,Masterjx9-OpenPostings
heliumfoundation,heliumfoundation.breezy.hr,1,Masterjx9-OpenPostings
hello-viki,hello-viki.breezy.hr,1,Masterjx9-OpenPostings
hellonimbly,hellonimbly.breezy.hr,1,Masterjx9-OpenPostings
helm-construction-solutions,helm-construction-solutions.breezy.hr,1,Masterjx9-OpenPostings
helping-hand-nurse-llc,helping-hand-nurse-llc.breezy.hr,1,Masterjx9-OpenPostings
helpt,helpt.breezy.hr,1,kalil0321-ats-companies
helpware-inc,helpware-inc.breezy.hr,2,Masterjx9-OpenPostings;kalil0321-ats-companies
helpwaretech,helpwaretech.breezy.hr,1,Masterjx9-OpenPostings
heltia,heltia.breezy.hr,1,Masterjx9-OpenPostings
hendriks-greenhouses,hendriks-greenhouses.breezy.hr,1,Masterjx9-OpenPostings
heo,heo.breezy.hr,1,Masterjx9-OpenPostings
heritage-roofing-and-construction,heritage-roofing-and-construction.breezy.hr,1,Masterjx9-OpenPostings
hero,hero.breezy.hr,2,Masterjx9-OpenPostings;kalil0321-ats-companies
herocoders,herocoders.breezy.hr,2,Masterjx9-OpenPostings;kalil0321-ats-companies
herotel-5f74feffb7e1,herotel-5f74feffb7e1.breezy.hr,2,Masterjx9-OpenPostings;kalil0321-ats-companies
hes-so-rectorat,hes-so-rectorat.breezy.hr,1,Masterjx9-OpenPostings
hex,hex.breezy.hr,1,kalil0321-ats-companies
heysunrise,heysunrise.breezy.hr,1,Masterjx9-OpenPostings
hfi-llc-active,hfi-llc-active.breezy.hr,1,Masterjx9-OpenPostings
hickey-global,hickey-global.breezy.hr,1,Masterjx9-OpenPostings
hicx-solutions,hicx-solutions.breezy.hr,1,Masterjx9-OpenPostings
hidden-talent,hidden-talent.breezy.hr,1,Masterjx9-OpenPostings
high-output-ventures,high-output-ventures.breezy.hr,1,Masterjx9-OpenPostings
high-performance-real-estate-advisors,high-performance-real-estate-advisors.breezy.hr,2,Masterjx9-OpenPostings;kalil0321-ats-companies
highfashionhome,highfashionhome.breezy.hr,2,Masterjx9-OpenPostings;kalil0321-ats-companies
highgrowth-io,highgrowth-io.breezy.hr,1,kalil0321-ats-companies
highkey,highkey.breezy.hr,2,Masterjx9-OpenPostings;kalil0321-ats-companies
highlights-healthcare,highlights-healthcare.breezy.hr,2,Masterjx9-OpenPostings;kalil0321-ats-companies
highpoint-technology-group,highpoint-technology-group.breezy.hr,1,Masterjx9-OpenPostings
highprofilecannabis,highprofilecannabis.breezy.hr,1,kalil0321-ats-companies
hilton-garden-inn-milwaukee-airport,hilton-garden-inn-milwaukee-airport.breezy.hr,1,kalil0321-ats-companies
hioperator,hioperator.breezy.hr,2,Masterjx9-OpenPostings;kalil0321-ats-companies
hip,hip.breezy.hr,2,Masterjx9-OpenPostings;kalil0321-ats-companies
hire-space,hire-space.breezy.hr,1,Masterjx9-OpenPostings
hire-up-talent-services,hire-up-talent-services.breezy.hr,1,Masterjx9-OpenPostings
hireborderless,hireborderless.breezy.hr,1,Masterjx9-OpenPostings
hireclix,hireclix.breezy.hr,1,Masterjx9-OpenPostings
hireeasy,hireeasy.breezy.hr,1,Masterjx9-OpenPostings
hispanic-access-foundation,hispanic-access-foundation.breezy.hr,1,Masterjx9-OpenPostings
hiveon,hiveon.breezy.hr,1,Masterjx9-OpenPostings
hmt-tank,hmt-tank.breezy.hr,1,Masterjx9-OpenPostings
hoatalent,hoatalent.breezy.hr,1,Masterjx9-OpenPostings
hoffman-estates-park-district,hoffman-estates-park-district.breezy.hr,1,Masterjx9-OpenPostings
holl-s-chocolates-inc,holl-s-chocolates-inc.breezy.hr,1,Masterjx9-OpenPostings
holo,holo.breezy.hr,1,Masterjx9-OpenPostings
holocene-climate-corporation,holocene-climate-corporation.breezy.hr,1,Masterjx9-OpenPostings
holt-accelerator,holt-accelerator.breezy.hr,1,Masterjx9-OpenPostings
homa,homa.breezy.hr,1,Masterjx9-OpenPostings
home-alliance,home-alliance.breezy.hr,2,Masterjx9-OpenPostings;kalil0321-ats-companies
home-genius-exteriors,home-genius-exteriors.breezy.hr,2,Masterjx9-OpenPostings;kalil0321-ats-companies
home-maid-better,home-maid-better.breezy.hr,1,Masterjx9-OpenPostings
home-spritz,home-spritz.breezy.hr,1,Masterjx9-OpenPostings
homebot,homebot.breezy.hr,1,Masterjx9-OpenPostings
homebuys-inc,homebuys-inc.breezy.hr,1,Masterjx9-OpenPostings
honcho-real-estate,honcho-real-estate.breezy.hr,1,Masterjx9-OpenPostings
honest,honest.breezy.hr,1,kalil0321-ats-companies
honk,honk.breezy.hr,1,Masterjx9-OpenPostings
honolulu-authority-for-rapid-transportation,honolulu-authority-for-rapid-transportation.breezy.hr,1,kalil0321-ats-companies
honorbuilt,honorbuilt.breezy.hr,1,Masterjx9-OpenPostings
hope-church,hope-church.breezy.hr,2,Masterjx9-OpenPostings;kalil0321-ats-companies
hope-city,hope-city.breezy.hr,2,Masterjx9-OpenPostings;kalil0321-ats-companies
hopital-fribourgeois,hopital-fribourgeois.breezy.hr,2,Masterjx9-OpenPostings;kalil0321-ats-companies
hospitality-health-er,hospitality-health-er.breezy.hr,2,Masterjx9-OpenPostings;kalil0321-ats-companies
hotelrunner,hotelrunner.breezy.hr,2,Masterjx9-OpenPostings;kalil0321-ats-companies
hotman-group-llc,hotman-group-llc.breezy.hr,1,kalil0321-ats-companies
houseamp,houseamp.breezy.hr,1,Masterjx9-OpenPostings
how-to-manage-a-small-law-firm,how-to-manage-a-small-law-firm.breezy.hr,2,Masterjx9-OpenPostings;kalil0321-ats-companies
howdy,howdy.breezy.hr,1,Masterjx9-OpenPostings
hr-compliance-partners,hr-compliance-partners.breezy.hr,1,Masterjx9-OpenPostings
hr-performance--results,hr-performance--results.breezy.hr,1,kalil0321-ats-companies
hr-studio-pty-ltd,hr-studio-pty-ltd.breezy.hr,1,Masterjx9-OpenPostings
hraz,hraz.breezy.hr,1,Masterjx9-OpenPostings
hsp-direct,hsp-direct.breezy.hr,1,Masterjx9-OpenPostings
hstk,hstk.breezy.hr,3,Masterjx9-OpenPostings;ches-ctrl-cheddar;kalil0321-ats-companies
hti,hti.breezy.hr,1,Masterjx9-OpenPostings
http-bienvillelumber-com,http-bienvillelumber-com.breezy.hr,2,Masterjx9-OpenPostings;kalil0321-ats-companies
http-imcoutdorliving,http-imcoutdorliving.breezy.hr,1,Masterjx9-OpenPostings
http-lasallelumber-com,http-lasallelumber-com.breezy.hr,1,Masterjx9-OpenPostings
http-www-westsidesocialpella-com,http-www-westsidesocialpella-com.breezy.hr,1,kalil0321-ats-companies
hubble,hubble.breezy.hr,1,Masterjx9-OpenPostings
hubx,hubx.breezy.hr,2,Masterjx9-OpenPostings;kalil0321-ats-companies
huddex,huddex.breezy.hr,1,Masterjx9-OpenPostings
hudhud,hudhud.breezy.hr,2,Masterjx9-OpenPostings;kalil0321-ats-companies
human-capital-enterprises,human-capital-enterprises.breezy.hr,1,Masterjx9-OpenPostings
human-capital-recruiting,human-capital-recruiting.breezy.hr,1,kalil0321-ats-companies
human-kinetics,human-kinetics.breezy.hr,1,Masterjx9-OpenPostings
humancentric,humancentric.breezy.hr,1,Masterjx9-OpenPostings
humanoid-origin,humanoid-origin.breezy.hr,1,Masterjx9-OpenPostings
humata-health-inc,humata-health-inc.breezy.hr,1,Masterjx9-OpenPostings
humatics,humatics.breezy.hr,1,Masterjx9-OpenPostings
hungerrush,hungerrush.breezy.hr,2,Masterjx9-OpenPostings;kalil0321-ats-companies
hunt-forest-products,hunt-forest-products.breezy.hr,2,Masterjx9-OpenPostings;kalil0321-ats-companies
hutten-company-land-and-shore,hutten-company-land-and-shore.breezy.hr,1,Masterjx9-OpenPostings
hyalex,hyalex.breezy.hr,2,Masterjx9-OpenPostings;kalil0321-ats-companies
hyasynth-bio,hyasynth-bio.breezy.hr,1,Masterjx9-OpenPostings
hygienistcareers,hygienistcareers.breezy.hr,1,Masterjx9-OpenPostings
i-dream-public-charter-school,i-dream-public-charter-school.breezy.hr,1,Masterjx9-OpenPostings
i-tech,i-tech.breezy.hr,2,Masterjx9-OpenPostings;kalil0321-ats-companies
i5invest,i5invest.breezy.hr,2,Masterjx9-OpenPostings;kalil0321-ats-companies
iamota,iamota.breezy.hr,1,Masterjx9-OpenPostings
iappdirco,iappdirco.breezy.hr,1,Masterjx9-OpenPostings
ic-automation,ic-automation.breezy.hr,1,Masterjx9-OpenPostings
icarasia-careers,icarasia-careers.breezy.hr,1,Masterjx9-OpenPostings
iclei-europe,iclei-europe.breezy.hr,1,Masterjx9-OpenPostings
icmec,icmec.breezy.hr,1,Masterjx9-OpenPostings
icon-savings-plan,icon-savings-plan.breezy.hr,1,Masterjx9-OpenPostings
iconic-hearts-holdings-inc,iconic-hearts-holdings-inc.breezy.hr,1,Masterjx9-OpenPostings
icstars,icstars.breezy.hr,2,Masterjx9-OpenPostings;kalil0321-ats-companies
id-comms,id-comms.breezy.hr,1,Masterjx9-OpenPostings
idea-peddler,idea-peddler.breezy.hr,2,Masterjx9-OpenPostings;kalil0321-ats-companies
ideascale,ideascale.breezy.hr,2,Masterjx9-OpenPostings;kalil0321-ats-companies
ideascape,ideascape.breezy.hr,1,Masterjx9-OpenPostings
idesign,idesign.breezy.hr,1,Masterjx9-OpenPostings
iec,iec.breezy.hr,1,Masterjx9-OpenPostings
ieducate-usa,ieducate-usa.breezy.hr,1,Masterjx9-OpenPostings
iff,iff.breezy.hr,1,Masterjx9-OpenPostings
ifixit,ifixit.breezy.hr,1,Masterjx9-OpenPostings
ifutur,ifutur.breezy.hr,1,Masterjx9-OpenPostings
ignite-hr-solutions,ignite-hr-solutions.breezy.hr,1,Masterjx9-OpenPostings
ignite-learning-academy,ignite-learning-academy.breezy.hr,1,Masterjx9-OpenPostings
iix-global,iix-global.breezy.hr,2,Masterjx9-OpenPostings;kalil0321-ats-companies
ikigai-nairobi,ikigai-nairobi.breezy.hr,1,Masterjx9-OpenPostings
ikigai-technologies,ikigai-technologies.breezy.hr,1,Masterjx9-OpenPostings
il-gabbiano-societa-cooperativa-sociale-onlus,il-gabbiano-societa-cooperativa-sociale-onlus.breezy.hr,2,Masterjx9-OpenPostings;kalil0321-ats-companies
ilead-global,ilead-global.breezy.hr,1,Masterjx9-OpenPostings
illfonic,illfonic.breezy.hr,3,Masterjx9-OpenPostings;kalil0321-ats-companies;outscal-openjobs
illogika,illogika.breezy.hr,1,outscal-openjobs
ilo-group,ilo-group.breezy.hr,2,Masterjx9-OpenPostings;kalil0321-ats-companies
img,img.breezy.hr,1,Masterjx9-OpenPostings
immaculata-la-salle-high-school,immaculata-la-salle-high-school.breezy.hr,2,Masterjx9-OpenPostings;kalil0321-ats-companies
immerse-education,immerse-education.breezy.hr,1,Masterjx9-OpenPostings
immerse-vr,immerse-vr.breezy.hr,2,Masterjx9-OpenPostings;kalil0321-ats-companies
immersive-technologies,immersive-technologies.breezy.hr,1,Masterjx9-OpenPostings
impact-chw,impact-chw.breezy.hr,2,Masterjx9-OpenPostings;kalil0321-ats-companies
impact-florida,impact-florida.breezy.hr,2,Masterjx9-OpenPostings;kalil0321-ats-companies
impacta,impacta.breezy.hr,1,Masterjx9-OpenPostings
impilo-inc,impilo-inc.breezy.hr,1,Masterjx9-OpenPostings
impresiv-health,impresiv-health.breezy.hr,1,Masterjx9-OpenPostings
in-touch-ministries,in-touch-ministries.breezy.hr,1,Masterjx9-OpenPostings
in2u-hr,in2u-hr.breezy.hr,1,Masterjx9-OpenPostings
inallmedia-llc,inallmedia-llc.breezy.hr,1,Masterjx9-OpenPostings
incentify,incentify.breezy.hr,1,Masterjx9-OpenPostings
incubeta,incubeta.breezy.hr,1,Masterjx9-OpenPostings
incubeta-7b378e690789,incubeta-7b378e690789.breezy.hr,1,Masterjx9-OpenPostings
incubeta-global,incubeta-global.breezy.hr,2,Masterjx9-OpenPostings;kalil0321-ats-companies
incubit,incubit.breezy.hr,1,Masterjx9-OpenPostings
indemand-care-healthy-agency-inc,indemand-care-healthy-agency-inc.breezy.hr,1,Masterjx9-OpenPostings
independence-excavating,independence-excavating.breezy.hr,2,Masterjx9-OpenPostings;kalil0321-ats-companies
independence-fire,independence-fire.breezy.hr,1,Masterjx9-OpenPostings
independent-community-care-management,independent-community-care-management.breezy.hr,1,Masterjx9-OpenPostings
independent-food-company,independent-food-company.breezy.hr,2,Masterjx9-OpenPostings;kalil0321-ats-companies
indiana-county-conservation-district,indiana-county-conservation-district.breezy.hr,2,Masterjx9-OpenPostings;kalil0321-ats-companies
indiana-repertory-theatre,indiana-repertory-theatre.breezy.hr,1,kalil0321-ats-companies
indinterns,indinterns.breezy.hr,2,Masterjx9-OpenPostings;kalil0321-ats-companies
individual,individual.breezy.hr,1,kalil0321-ats-companies
inertiapd,inertiapd.breezy.hr,1,Masterjx9-OpenPostings
infinit,infinit.breezy.hr,1,Masterjx9-OpenPostings
infinit-us,infinit-us.breezy.hr,1,Masterjx9-OpenPostings
infinite,infinite.breezy.hr,1,Masterjx9-OpenPostings
infinite-capital,infinite-capital.breezy.hr,1,Masterjx9-OpenPostings
infinity-generation-services-inc,infinity-generation-services-inc.breezy.hr,1,Masterjx9-OpenPostings
infinyon,infinyon.breezy.hr,1,Masterjx9-OpenPostings
inflection-cx,inflection-cx.breezy.hr,1,Masterjx9-OpenPostings
inflection-point-learning,inflection-point-learning.breezy.hr,1,kalil0321-ats-companies
infocentric,infocentric.breezy.hr,2,Masterjx9-OpenPostings;kalil0321-ats-companies
infogravity,infogravity.breezy.hr,1,Masterjx9-OpenPostings
infohealth,infohealth.breezy.hr,1,Masterjx9-OpenPostings
informaticon,informaticon.breezy.hr,1,Masterjx9-OpenPostings
information-resources-apac,information-resources-apac.breezy.hr,1,Masterjx9-OpenPostings
informct-inc-dba-ctdata-collaborative,informct-inc-dba-ctdata-collaborative.breezy.hr,1,Masterjx9-OpenPostings
informed-k12,informed-k12.breezy.hr,1,Masterjx9-OpenPostings
infra-pipe-solutions,infra-pipe-solutions.breezy.hr,1,Masterjx9-OpenPostings
infuse-travel-6f17601f5a04,infuse-travel-6f17601f5a04.breezy.hr,1,Masterjx9-OpenPostings
ing-creatives-festival,ing-creatives-festival.breezy.hr,1,Masterjx9-OpenPostings
ingenia,ingenia.breezy.hr,1,Masterjx9-OpenPostings
ingenius-prep,ingenius-prep.breezy.hr,2,Masterjx9-OpenPostings;kalil0321-ats-companies
ingoodtaste,ingoodtaste.breezy.hr,1,Masterjx9-OpenPostings
ingredient,ingredient.breezy.hr,1,Masterjx9-OpenPostings
inigo,inigo.breezy.hr,1,Masterjx9-OpenPostings
inkr,inkr.breezy.hr,1,Masterjx9-OpenPostings
inlife-independent-living,inlife-independent-living.breezy.hr,1,Masterjx9-OpenPostings
innago,innago.breezy.hr,1,Masterjx9-OpenPostings
inngest,inngest.breezy.hr,1,Masterjx9-OpenPostings
innoarchitects,innoarchitects.breezy.hr,1,Masterjx9-OpenPostings
innovativ-pharma-inc,innovativ-pharma-inc.breezy.hr,1,kalil0321-ats-companies
innoveo,innoveo.breezy.hr,1,Masterjx9-OpenPostings
ino-ca,ino-ca.breezy.hr,1,Masterjx9-OpenPostings
inorg-global,inorg-global.breezy.hr,2,Masterjx9-OpenPostings;kalil0321-ats-companies
inovues,inovues.breezy.hr,1,Masterjx9-OpenPostings
insentra,insentra.breezy.hr,1,Masterjx9-OpenPostings
insideoutva,insideoutva.breezy.hr,1,Masterjx9-OpenPostings
insightful,insightful.breezy.hr,1,Masterjx9-OpenPostings
insite-property-solutions,insite-property-solutions.breezy.hr,1,Masterjx9-OpenPostings
insiten,insiten.breezy.hr,1,Masterjx9-OpenPostings
insource-services-group,insource-services-group.breezy.hr,1,Masterjx9-OpenPostings
inspired-testing,inspired-testing.breezy.hr,2,Masterjx9-OpenPostings;kalil0321-ats-companies
inspiring-lives-today,inspiring-lives-today.breezy.hr,2,Masterjx9-OpenPostings;kalil0321-ats-companies
instalent,instalent.breezy.hr,1,Masterjx9-OpenPostings
instudent-group,instudent-group.breezy.hr,1,Masterjx9-OpenPostings
insultech,insultech.breezy.hr,1,Masterjx9-OpenPostings
intecon-llc,intecon-llc.breezy.hr,1,Masterjx9-OpenPostings
integense,integense.breezy.hr,1,Masterjx9-OpenPostings
integral-uk,integral-uk.breezy.hr,2,Masterjx9-OpenPostings;kalil0321-ats-companies
integrationworks-asia,integrationworks-asia.breezy.hr,1,Masterjx9-OpenPostings
integritas,integritas.breezy.hr,1,Masterjx9-OpenPostings
integry,integry.breezy.hr,1,Masterjx9-OpenPostings
intelassist,intelassist.breezy.hr,2,Masterjx9-OpenPostings;kalil0321-ats-companies
inteldot,inteldot.breezy.hr,2,Masterjx9-OpenPostings;kalil0321-ats-companies
intelligo,intelligo.breezy.hr,1,Masterjx9-OpenPostings
intellirad-imaging,intellirad-imaging.breezy.hr,2,Masterjx9-OpenPostings;kalil0321-ats-companies
intellistocks,intellistocks.breezy.hr,1,Masterjx9-OpenPostings
intelvisio,intelvisio.breezy.hr,1,Masterjx9-OpenPostings
interius-biotherapeutics-inc,interius-biotherapeutics-inc.breezy.hr,1,Masterjx9-OpenPostings
interledger-foundation,interledger-foundation.breezy.hr,1,Masterjx9-OpenPostings
interlink,interlink.breezy.hr,2,Masterjx9-OpenPostings;kalil0321-ats-companies
interlock,interlock.breezy.hr,1,Masterjx9-OpenPostings
international-association-of-islamic-psychology,international-association-of-islamic-psychology.breezy.hr,1,Masterjx9-OpenPostings
international-automotive-components,international-automotive-components.breezy.hr,2,Masterjx9-OpenPostings;kalil0321-ats-companies
international-consulting-associates-inc,international-consulting-associates-inc.breezy.hr,2,Masterjx9-OpenPostings;kalil0321-ats-companies
international-voyager-inc,international-voyager-inc.breezy.hr,1,Masterjx9-OpenPostings
internet-freedom-foundation,internet-freedom-foundation.breezy.hr,1,Masterjx9-OpenPostings
internship4diversity,internship4diversity.breezy.hr,1,Masterjx9-OpenPostings
intiveo,intiveo.breezy.hr,2,Masterjx9-OpenPostings;kalil0321-ats-companies
intrahealth,intrahealth.breezy.hr,2,Masterjx9-OpenPostings;kalil0321-ats-companies
intramotev-autonomous-rail,intramotev-autonomous-rail.breezy.hr,3,Masterjx9-OpenPostings;ches-ctrl-cheddar;kalil0321-ats-companies
intrinio,intrinio.breezy.hr,1,Masterjx9-OpenPostings
intrust-it,intrust-it.breezy.hr,1,Masterjx9-OpenPostings
inuits-sp-z-oo,inuits-sp-z-oo.breezy.hr,1,Masterjx9-OpenPostings
invariant,invariant.breezy.hr,1,Masterjx9-OpenPostings
investin-education,investin-education.breezy.hr,2,Masterjx9-OpenPostings;kalil0321-ats-companies
invite-networks,invite-networks.breezy.hr,1,Masterjx9-OpenPostings
invizio,invizio.breezy.hr,1,Masterjx9-OpenPostings
involve,involve.breezy.hr,1,Masterjx9-OpenPostings
iown-renewable-energy,iown-renewable-energy.breezy.hr,1,Masterjx9-OpenPostings
ipon,ipon.breezy.hr,1,Masterjx9-OpenPostings
iridium,iridium.breezy.hr,1,Masterjx9-OpenPostings
irock-school-of-music,irock-school-of-music.breezy.hr,1,Masterjx9-OpenPostings
irocket,irocket.breezy.hr,1,Masterjx9-OpenPostings
ironhorse,ironhorse.breezy.hr,1,Masterjx9-OpenPostings
isaac-health,isaac-health.breezy.hr,2,Masterjx9-OpenPostings;kalil0321-ats-companies
ishir,ishir.breezy.hr,2,Masterjx9-OpenPostings;kalil0321-ats-companies
isla-marketing,isla-marketing.breezy.hr,1,Masterjx9-OpenPostings
islide,islide.breezy.hr,1,Masterjx9-OpenPostings
ismira,ismira.breezy.hr,2,Masterjx9-OpenPostings;kalil0321-ats-companies
isolutions,isolutions.breezy.hr,1,Masterjx9-OpenPostings
isometrix,isometrix.breezy.hr,1,Masterjx9-OpenPostings
issac-corp,issac-corp.breezy.hr,1,Masterjx9-OpenPostings
issco-romania,issco-romania.breezy.hr,1,Masterjx9-OpenPostings
it-wolf-solutions,it-wolf-solutions.breezy.hr,1,Masterjx9-OpenPostings
itasca-consulting-group,itasca-consulting-group.breezy.hr,1,kalil0321-ats-companies
iterate,iterate.breezy.hr,1,kalil0321-ats-companies
itering-io,itering-io.breezy.hr,1,Masterjx9-OpenPostings
iterum,iterum.breezy.hr,1,Masterjx9-OpenPostings
its-inc,its-inc.breezy.hr,1,Masterjx9-OpenPostings
itscout,itscout.breezy.hr,1,Masterjx9-OpenPostings
ittude,ittude.breezy.hr,1,Masterjx9-OpenPostings
itw,itw.breezy.hr,1,Masterjx9-OpenPostings
ixperience,ixperience.breezy.hr,1,Masterjx9-OpenPostings
j-bandy-consulting-limited,j-bandy-consulting-limited.breezy.hr,2,Masterjx9-OpenPostings;kalil0321-ats-companies
j-cain,j-cain.breezy.hr,1,Masterjx9-OpenPostings
j-higgins-counseling-lcsw-p-c,j-higgins-counseling-lcsw-p-c.breezy.hr,1,kalil0321-ats-companies
j-rose-enterprises-llc,j-rose-enterprises-llc.breezy.hr,1,kalil0321-ats-companies
jaba,jaba.breezy.hr,1,Masterjx9-OpenPostings
jabu,jabu.breezy.hr,1,Masterjx9-OpenPostings
jack,jack.breezy.hr,1,kalil0321-ats-companies
jackbox-games,jackbox-games.breezy.hr,1,outscal-openjobs
jamaica-ssg,jamaica-ssg.breezy.hr,1,Masterjx9-OpenPostings
jarvis-ml,jarvis-ml.breezy.hr,2,Masterjx9-OpenPostings;kalil0321-ats-companies
jatheon-technologies-inc,jatheon-technologies-inc.breezy.hr,1,Masterjx9-OpenPostings
jaumo,jaumo.breezy.hr,1,Masterjx9-OpenPostings
jay-analytix,jay-analytix.breezy.hr,1,kalil0321-ats-companies
jaydot,jaydot.breezy.hr,1,Masterjx9-OpenPostings
jaywaytravel,jaywaytravel.breezy.hr,1,Masterjx9-OpenPostings
jazz-home-services,jazz-home-services.breezy.hr,1,Masterjx9-OpenPostings
jdee-transport-services,jdee-transport-services.breezy.hr,2,Masterjx9-OpenPostings;kalil0321-ats-companies
jefferson-county-communications-center-authority,jefferson-county-communications-center-authority.breezy.hr,1,Masterjx9-OpenPostings
jennifer-zeuner-jewelry,jennifer-zeuner-jewelry.breezy.hr,1,Masterjx9-OpenPostings
jericho-security,jericho-security.breezy.hr,1,Masterjx9-OpenPostings
jha-companies,jha-companies.breezy.hr,1,Masterjx9-OpenPostings
jibble-group,jibble-group.breezy.hr,2,Masterjx9-OpenPostings;kalil0321-ats-companies
jitbase,jitbase.breezy.hr,1,Masterjx9-OpenPostings
jitjatjo,jitjatjo.breezy.hr,1,Masterjx9-OpenPostings
jkbx-jukebox,jkbx-jukebox.breezy.hr,1,Masterjx9-OpenPostings
jkr-windows,jkr-windows.breezy.hr,1,Masterjx9-OpenPostings
jkz-llp,jkz-llp.breezy.hr,2,Masterjx9-OpenPostings;kalil0321-ats-companies
jlm-hr-consulting,jlm-hr-consulting.breezy.hr,2,Masterjx9-OpenPostings;kalil0321-ats-companies
jmi-reports,jmi-reports.breezy.hr,1,Masterjx9-OpenPostings
jnd-inc,jnd-inc.breezy.hr,1,Masterjx9-OpenPostings
jns,jns.breezy.hr,1,Masterjx9-OpenPostings
jobadx,jobadx.breezy.hr,1,Masterjx9-OpenPostings
jobs-playstack,jobs-playstack.breezy.hr,1,Masterjx9-OpenPostings
jobs-the-long-drink-company,jobs-the-long-drink-company.breezy.hr,2,Masterjx9-OpenPostings;kalil0321-ats-companies
joe-jr-landscapes,joe-jr-landscapes.breezy.hr,1,Masterjx9-OpenPostings
john-flatley-company,john-flatley-company.breezy.hr,2,Masterjx9-OpenPostings;kalil0321-ats-companies
johnson-brothers,johnson-brothers.breezy.hr,1,Masterjx9-OpenPostings
johnson-engineering-inc,johnson-engineering-inc.breezy.hr,1,Masterjx9-OpenPostings
johnson-security-bureau-inc,johnson-security-bureau-inc.breezy.hr,2,Masterjx9-OpenPostings;kalil0321-ats-companies
joincitizen,joincitizen.breezy.hr,1,Masterjx9-OpenPostings
jolt,jolt.breezy.hr,2,Masterjx9-OpenPostings;kalil0321-ats-companies
jonathan-s-landing-golf-club,jonathan-s-landing-golf-club.breezy.hr,2,Masterjx9-OpenPostings;kalil0321-ats-companies
jooble,jooble.breezy.hr,1,Masterjx9-OpenPostings
joom-group,joom-group.breezy.hr,2,Masterjx9-OpenPostings;kalil0321-ats-companies
josselyn,josselyn.breezy.hr,1,Masterjx9-OpenPostings
joy-101,joy-101.breezy.hr,1,Masterjx9-OpenPostings
joyride-technologies,joyride-technologies.breezy.hr,1,Masterjx9-OpenPostings
joystick,joystick.breezy.hr,1,Masterjx9-OpenPostings
jqy,jqy.breezy.hr,1,Masterjx9-OpenPostings
jumbo-consulting-group-a-s,jumbo-consulting-group-a-s.breezy.hr,2,Masterjx9-OpenPostings;kalil0321-ats-companies
jumpseat,jumpseat.breezy.hr,1,Masterjx9-OpenPostings
juna-financial,juna-financial.breezy.hr,1,Masterjx9-OpenPostings
jungsoft-io,jungsoft-io.breezy.hr,1,Masterjx9-OpenPostings
juniper-design-build,juniper-design-build.breezy.hr,1,Masterjx9-OpenPostings
just-for-laughs,just-for-laughs.breezy.hr,1,Masterjx9-OpenPostings
just-zero,just-zero.breezy.hr,1,Masterjx9-OpenPostings
justfix,justfix.breezy.hr,2,Masterjx9-OpenPostings;ches-ctrl-cheddar
justfund,justfund.breezy.hr,1,Masterjx9-OpenPostings
jway-group,jway-group.breezy.hr,1,Masterjx9-OpenPostings
k2-electric,k2-electric.breezy.hr,1,kalil0321-ats-companies
kabesa,kabesa.breezy.hr,1,Masterjx9-OpenPostings
kae-marketing-intelligence-ltd,kae-marketing-intelligence-ltd.breezy.hr,1,Masterjx9-OpenPostings
kaio-consulting,kaio-consulting.breezy.hr,1,kalil0321-ats-companies
kaipod-learning,kaipod-learning.breezy.hr,2,Masterjx9-OpenPostings;kalil0321-ats-companies
kaizen-analytix,kaizen-analytix.breezy.hr,1,Masterjx9-OpenPostings
kaleidocode,kaleidocode.breezy.hr,1,Masterjx9-OpenPostings
kaleo-supports,kaleo-supports.breezy.hr,1,Masterjx9-OpenPostings
kalibri-labs,kalibri-labs.breezy.hr,1,Masterjx9-OpenPostings
kaniksu-community-health,kaniksu-community-health.breezy.hr,2,Masterjx9-OpenPostings;kalil0321-ats-companies
kaos-theory-fitness,kaos-theory-fitness.breezy.hr,1,kalil0321-ats-companies
kapturbox,kapturbox.breezy.hr,1,Masterjx9-OpenPostings
karana,karana.breezy.hr,1,Masterjx9-OpenPostings
kare,kare.breezy.hr,2,Masterjx9-OpenPostings;kalil0321-ats-companies
kare-co,kare-co.breezy.hr,1,Masterjx9-OpenPostings
karen-clark-company,karen-clark-company.breezy.hr,1,Masterjx9-OpenPostings
karibu-capital,karibu-capital.breezy.hr,1,Masterjx9-OpenPostings
karla,karla.breezy.hr,1,Masterjx9-OpenPostings
karma-staffing-consultants,karma-staffing-consultants.breezy.hr,1,Masterjx9-OpenPostings
karriererakete-gmbh,karriererakete-gmbh.breezy.hr,1,Masterjx9-OpenPostings
karta,karta.breezy.hr,2,Masterjx9-OpenPostings;kalil0321-ats-companies
kasha,kasha.breezy.hr,1,Masterjx9-OpenPostings
kastech-canada-inc,kastech-canada-inc.breezy.hr,1,kalil0321-ats-companies
katapult,katapult.breezy.hr,1,Masterjx9-OpenPostings
katz-melinger-pllc,katz-melinger-pllc.breezy.hr,1,kalil0321-ats-companies
kay-apartment-communities,kay-apartment-communities.breezy.hr,1,Masterjx9-OpenPostings
kayhan,kayhan.breezy.hr,1,Masterjx9-OpenPostings
kbr,kbr.breezy.hr,1,Masterjx9-OpenPostings
kea,kea.breezy.hr,1,Masterjx9-OpenPostings
keep-arizona-blue-pac,keep-arizona-blue-pac.breezy.hr,1,Masterjx9-OpenPostings
keep-it-cool,keep-it-cool.breezy.hr,1,Masterjx9-OpenPostings
keeper-solutions,keeper-solutions.breezy.hr,1,Masterjx9-OpenPostings
kegmil,kegmil.breezy.hr,2,Masterjx9-OpenPostings;kalil0321-ats-companies
keiki,keiki.breezy.hr,1,Masterjx9-OpenPostings
kelkoo-ltd,kelkoo-ltd.breezy.hr,1,Masterjx9-OpenPostings
kelsus-inc,kelsus-inc.breezy.hr,1,Masterjx9-OpenPostings
ken-tron-mfg-inc,ken-tron-mfg-inc.breezy.hr,1,Masterjx9-OpenPostings
kenect,kenect.breezy.hr,1,kalil0321-ats-companies
kennebecasis-drugs,kennebecasis-drugs.breezy.hr,1,kalil0321-ats-companies
kentuckians-for-the-commonwealth,kentuckians-for-the-commonwealth.breezy.hr,2,Masterjx9-OpenPostings;kalil0321-ats-companies
kentucky-roll-forming,kentucky-roll-forming.breezy.hr,1,kalil0321-ats-companies
keshet-inc,keshet-inc.breezy.hr,1,Masterjx9-OpenPostings
kett-tool-company,kett-tool-company.breezy.hr,1,Masterjx9-OpenPostings
key-to-the-world-travel,key-to-the-world-travel.breezy.hr,1,Masterjx9-OpenPostings
keyo,keyo.breezy.hr,1,Masterjx9-OpenPostings
keystone-fire-protection-co,keystone-fire-protection-co.breezy.hr,1,Masterjx9-OpenPostings
keystoneadvisors,keystoneadvisors.breezy.hr,1,Masterjx9-OpenPostings
khloud,khloud.breezy.hr,1,Masterjx9-OpenPostings
kickstart-accounting-inc,kickstart-accounting-inc.breezy.hr,1,Masterjx9-OpenPostings
kiddiekredit,kiddiekredit.breezy.hr,1,Masterjx9-OpenPostings
kids-health-first,kids-health-first.breezy.hr,1,Masterjx9-OpenPostings
kiehls,kiehls.breezy.hr,1,Masterjx9-OpenPostings
kiira-health,kiira-health.breezy.hr,1,Masterjx9-OpenPostings
kiki-club,kiki-club.breezy.hr,2,Masterjx9-OpenPostings;kalil0321-ats-companies
kimmel-associates,kimmel-associates.breezy.hr,2,Masterjx9-OpenPostings;kalil0321-ats-companies
kin-vet-community,kin-vet-community.breezy.hr,1,Masterjx9-OpenPostings
kinatrax,kinatrax.breezy.hr,1,Masterjx9-OpenPostings
kindgeeks,kindgeeks.breezy.hr,2,Masterjx9-OpenPostings;kalil0321-ats-companies
kindred-bravely,kindred-bravely.breezy.hr,1,Masterjx9-OpenPostings
kinetic-events,kinetic-events.breezy.hr,1,Masterjx9-OpenPostings
kineticstrategies-us-l,kineticstrategies-us-l.breezy.hr,1,Masterjx9-OpenPostings
king-s-harbor-church,king-s-harbor-church.breezy.hr,1,Masterjx9-OpenPostings
kingenergy,kingenergy.breezy.hr,2,Masterjx9-OpenPostings;kalil0321-ats-companies
kingfluencers-ag,kingfluencers-ag.breezy.hr,1,Masterjx9-OpenPostings
kingsdown-learning-trust,kingsdown-learning-trust.breezy.hr,1,Masterjx9-OpenPostings
kingsmen-software,kingsmen-software.breezy.hr,1,Masterjx9-OpenPostings
kipi-ai,kipi-ai.breezy.hr,1,Masterjx9-OpenPostings
kipnik,kipnik.breezy.hr,1,Masterjx9-OpenPostings
kitbash3d,kitbash3d.breezy.hr,2,Masterjx9-OpenPostings;kalil0321-ats-companies
kitchen-table-advisors,kitchen-table-advisors.breezy.hr,1,Masterjx9-OpenPostings
kitchenmate,kitchenmate.breezy.hr,1,Masterjx9-OpenPostings
kitsap-community-resources,kitsap-community-resources.breezy.hr,1,Masterjx9-OpenPostings
kitsap-economic-development-alliance,kitsap-economic-development-alliance.breezy.hr,1,Masterjx9-OpenPostings
kivo-inc,kivo-inc.breezy.hr,1,Masterjx9-OpenPostings
kizik,kizik.breezy.hr,1,Masterjx9-OpenPostings
klarity-health,klarity-health.breezy.hr,1,Masterjx9-OpenPostings
klay-media,klay-media.breezy.hr,2,Masterjx9-OpenPostings;kalil0321-ats-companies
klika-doo-sarajevo,klika-doo-sarajevo.breezy.hr,1,Masterjx9-OpenPostings
klubi,klubi.breezy.hr,1,Masterjx9-OpenPostings
km-impact,km-impact.breezy.hr,1,Masterjx9-OpenPostings
kmg-prestige,kmg-prestige.breezy.hr,2,Masterjx9-OpenPostings;kalil0321-ats-companies
knapsack,knapsack.breezy.hr,2,Masterjx9-OpenPostings;kalil0321-ats-companies
knotapi,knotapi.breezy.hr,1,Masterjx9-OpenPostings
knowlej,knowlej.breezy.hr,1,kalil0321-ats-companies
knowtrex,knowtrex.breezy.hr,1,Masterjx9-OpenPostings
knutson-construction,knutson-construction.breezy.hr,2,Masterjx9-OpenPostings;kalil0321-ats-companies
kode-health,kode-health.breezy.hr,1,Masterjx9-OpenPostings
koii-network,koii-network.breezy.hr,1,Masterjx9-OpenPostings
kolbert-building,kolbert-building.breezy.hr,1,Masterjx9-OpenPostings
kompasbank,kompasbank.breezy.hr,1,Masterjx9-OpenPostings
kore-software,kore-software.breezy.hr,1,Masterjx9-OpenPostings
kpers,kpers.breezy.hr,1,Masterjx9-OpenPostings
kreative-technologies-llc,kreative-technologies-llc.breezy.hr,1,Masterjx9-OpenPostings
kredivo-group,kredivo-group.breezy.hr,2,Masterjx9-OpenPostings;kalil0321-ats-companies
krutham,krutham.breezy.hr,1,Masterjx9-OpenPostings
kryptoscape,kryptoscape.breezy.hr,1,Masterjx9-OpenPostings
ktc,ktc.breezy.hr,1,Masterjx9-OpenPostings
kuda,kuda.breezy.hr,1,Masterjx9-OpenPostings
kukufm,kukufm.breezy.hr,1,Masterjx9-OpenPostings
kumanu-inc,kumanu-inc.breezy.hr,1,Masterjx9-OpenPostings
kv-software,kv-software.breezy.hr,1,Masterjx9-OpenPostings
kwara,kwara.breezy.hr,1,Masterjx9-OpenPostings
kwik-lok,kwik-lok.breezy.hr,1,Masterjx9-OpenPostings
kwil,kwil.breezy.hr,1,Masterjx9-OpenPostings
kynd,kynd.breezy.hr,1,Masterjx9-OpenPostings
kyte,kyte.breezy.hr,2,Masterjx9-OpenPostings;kalil0321-ats-companies
l-a-gauge,l-a-gauge.breezy.hr,1,Masterjx9-OpenPostings
l-e-s-s-sa,l-e-s-s-sa.breezy.hr,1,Masterjx9-OpenPostings
lab37,lab37.breezy.hr,1,kalil0321-ats-companies
labcodes,labcodes.breezy.hr,1,Masterjx9-OpenPostings
labman-automation,labman-automation.breezy.hr,1,Masterjx9-OpenPostings
lacocinahome,lacocinahome.breezy.hr,1,Masterjx9-OpenPostings
ladder,ladder.breezy.hr,2,Masterjx9-OpenPostings;kalil0321-ats-companies
ladder-health,ladder-health.breezy.hr,2,Masterjx9-OpenPostings;kalil0321-ats-companies
laier-two-labs-inc,laier-two-labs-inc.breezy.hr,1,Masterjx9-OpenPostings
lakewood-ranch-golf-and-country-club,lakewood-ranch-golf-and-country-club.breezy.hr,1,Masterjx9-OpenPostings
lamont-bros-llc,lamont-bros-llc.breezy.hr,1,Masterjx9-OpenPostings
lance-cpa-group,lance-cpa-group.breezy.hr,1,Masterjx9-OpenPostings
lancom-technology,lancom-technology.breezy.hr,1,Masterjx9-OpenPostings
land-sea,land-sea.breezy.hr,1,Masterjx9-OpenPostings
lande,lande.breezy.hr,1,Masterjx9-OpenPostings
landfriend,landfriend.breezy.hr,1,Masterjx9-OpenPostings
landmark-hospitality,landmark-hospitality.breezy.hr,2,Masterjx9-OpenPostings;kalil0321-ats-companies
landtech,landtech.breezy.hr,1,Masterjx9-OpenPostings
lasso-md,lasso-md.breezy.hr,1,Masterjx9-OpenPostings
latica-ai,latica-ai.breezy.hr,1,kalil0321-ats-companies
latoken,latoken.breezy.hr,1,Masterjx9-OpenPostings
laulau,laulau.breezy.hr,2,Masterjx9-OpenPostings;kalil0321-ats-companies
launch-potato,launch-potato.breezy.hr,1,Masterjx9-OpenPostings
launchboom,launchboom.breezy.hr,2,Masterjx9-OpenPostings;kalil0321-ats-companies
laura-baker,laura-baker.breezy.hr,1,Masterjx9-OpenPostings
laurel-ag-water,laurel-ag-water.breezy.hr,1,Masterjx9-OpenPostings
lava,lava.breezy.hr,1,Masterjx9-OpenPostings
law-of-the-jungle,law-of-the-jungle.breezy.hr,1,Masterjx9-OpenPostings
layer,layer.breezy.hr,1,Masterjx9-OpenPostings
layer-systems,layer-systems.breezy.hr,1,Masterjx9-OpenPostings
lcg-entertainment-inc,lcg-entertainment-inc.breezy.hr,1,outscal-openjobs
lcs-financial-services-corporation,lcs-financial-services-corporation.breezy.hr,1,Masterjx9-OpenPostings
leaddesk,leaddesk.breezy.hr,1,Masterjx9-OpenPostings
leadgenius,leadgenius.breezy.hr,1,Masterjx9-OpenPostings
leading-edge,leading-edge.breezy.hr,1,Masterjx9-OpenPostings
leading-financial-advisory-firm,leading-financial-advisory-firm.breezy.hr,2,Masterjx9-OpenPostings;kalil0321-ats-companies
leadorigin,leadorigin.breezy.hr,1,Masterjx9-OpenPostings
leadsimple,leadsimple.breezy.hr,1,Masterjx9-OpenPostings
leadzloco,leadzloco.breezy.hr,1,kalil0321-ats-companies
leap-digital-marketing,leap-digital-marketing.breezy.hr,1,Masterjx9-OpenPostings
leap-tools,leap-tools.breezy.hr,1,Masterjx9-OpenPostings
learn-corporation,learn-corporation.breezy.hr,1,Masterjx9-OpenPostings
learning-ally,learning-ally.breezy.hr,1,ches-ctrl-cheddar
learning-people,learning-people.breezy.hr,1,Masterjx9-OpenPostings
ledgergurus,ledgergurus.breezy.hr,1,Masterjx9-OpenPostings
ledgerplus-limited,ledgerplus-limited.breezy.hr,1,kalil0321-ats-companies
ledgerset,ledgerset.breezy.hr,1,Masterjx9-OpenPostings
leforce-event-group,leforce-event-group.breezy.hr,1,Masterjx9-OpenPostings
legacy-mechanical,legacy-mechanical.breezy.hr,1,Masterjx9-OpenPostings
legado,legado.breezy.hr,1,Masterjx9-OpenPostings
leger-marketing,leger-marketing.breezy.hr,1,Masterjx9-OpenPostings
legna-software,legna-software.breezy.hr,2,Masterjx9-OpenPostings;kalil0321-ats-companies
lepine-apartments,lepine-apartments.breezy.hr,1,Masterjx9-OpenPostings
lestars-management-consultancy-l-l-c,lestars-management-consultancy-l-l-c.breezy.hr,1,Masterjx9-OpenPostings
let-s-go,let-s-go.breezy.hr,1,Masterjx9-OpenPostings
letrus,letrus.breezy.hr,1,Masterjx9-OpenPostings
leveled-concrete,leveled-concrete.breezy.hr,1,Masterjx9-OpenPostings
leverage,leverage.breezy.hr,2,Masterjx9-OpenPostings;kalil0321-ats-companies
leverage-digital,leverage-digital.breezy.hr,1,kalil0321-ats-companies
leverageit,leverageit.breezy.hr,1,Masterjx9-OpenPostings
levy-electric-inc,levy-electric-inc.breezy.hr,1,Masterjx9-OpenPostings
lexcheck-inc,lexcheck-inc.breezy.hr,1,Masterjx9-OpenPostings
lexlegis,lexlegis.breezy.hr,2,Masterjx9-OpenPostings;kalil0321-ats-companies
lib-consulting-thailand-co-ltd,lib-consulting-thailand-co-ltd.breezy.hr,1,Masterjx9-OpenPostings
liberty-technology,liberty-technology.breezy.hr,1,Masterjx9-OpenPostings
lifebalancechiropractic,lifebalancechiropractic.breezy.hr,1,Masterjx9-OpenPostings
lifeblue,lifeblue.breezy.hr,2,Masterjx9-OpenPostings;ches-ctrl-cheddar
lifespicecareers,lifespicecareers.breezy.hr,1,Masterjx9-OpenPostings
lifetime-quality,lifetime-quality.breezy.hr,1,Masterjx9-OpenPostings
lifeworks-technology-group,lifeworks-technology-group.breezy.hr,1,Masterjx9-OpenPostings
lightforce-ortho,lightforce-ortho.breezy.hr,1,Masterjx9-OpenPostings
lighting-new-york,lighting-new-york.breezy.hr,1,Masterjx9-OpenPostings
likeme,likeme.breezy.hr,2,Masterjx9-OpenPostings;kalil0321-ats-companies
liki-brand,liki-brand.breezy.hr,1,Masterjx9-OpenPostings
lindt-sprunglicanada,lindt-sprunglicanada.breezy.hr,1,Masterjx9-OpenPostings
linear-agency,linear-agency.breezy.hr,1,kalil0321-ats-companies
lineleader,lineleader.breezy.hr,1,Masterjx9-OpenPostings
lineleap,lineleap.breezy.hr,1,kalil0321-ats-companies
linkgraph,linkgraph.breezy.hr,2,Masterjx9-OpenPostings;kalil0321-ats-companies
linksbridge,linksbridge.breezy.hr,1,Masterjx9-OpenPostings
linnworks,linnworks.breezy.hr,1,Masterjx9-OpenPostings
linode,linode.breezy.hr,2,Masterjx9-OpenPostings;kalil0321-ats-companies
linqd,linqd.breezy.hr,1,Masterjx9-OpenPostings
listen-community-services,listen-community-services.breezy.hr,1,Masterjx9-OpenPostings
lite-e-commerce,lite-e-commerce.breezy.hr,1,Masterjx9-OpenPostings
litostroj-power,litostroj-power.breezy.hr,1,Masterjx9-OpenPostings
little-friends-pet-sitting-and-dog-walking,little-friends-pet-sitting-and-dog-walking.breezy.hr,1,Masterjx9-OpenPostings
little-voice,little-voice.breezy.hr,1,Masterjx9-OpenPostings
live-events-media-group-inc,live-events-media-group-inc.breezy.hr,1,Masterjx9-OpenPostings
livework,livework.breezy.hr,1,Masterjx9-OpenPostings
livingston-research,livingston-research.breezy.hr,1,Masterjx9-OpenPostings
lmwn,lmwn.breezy.hr,1,kalil0321-ats-companies
local-church,local-church.breezy.hr,1,Masterjx9-OpenPostings
localintel,localintel.breezy.hr,1,Masterjx9-OpenPostings
localize,localize.breezy.hr,2,Masterjx9-OpenPostings;kalil0321-ats-companies
location3-media,location3-media.breezy.hr,2,Masterjx9-OpenPostings;kalil0321-ats-companies
lodas-markets-inc,lodas-markets-inc.breezy.hr,1,Masterjx9-OpenPostings
lodgeur,lodgeur.breezy.hr,1,Masterjx9-OpenPostings
logan-a-c-heat-services-b29ac6f9712d,logan-a-c-heat-services-b29ac6f9712d.breezy.hr,1,Masterjx9-OpenPostings
logic-plum,logic-plum.breezy.hr,1,Masterjx9-OpenPostings
loginsoft-consulting-llc,loginsoft-consulting-llc.breezy.hr,1,Masterjx9-OpenPostings
logistis-for-designers,logistis-for-designers.breezy.hr,1,Masterjx9-OpenPostings
loop-tie,loop-tie.breezy.hr,1,Masterjx9-OpenPostings
loopring,loopring.breezy.hr,2,Masterjx9-OpenPostings;kalil0321-ats-companies
loot-labs,loot-labs.breezy.hr,1,Masterjx9-OpenPostings
los-angeles-review-of-books,los-angeles-review-of-books.breezy.hr,2,Masterjx9-OpenPostings;kalil0321-ats-companies
loud-rumor,loud-rumor.breezy.hr,1,Masterjx9-OpenPostings
louis-ptak-construction,louis-ptak-construction.breezy.hr,1,Masterjx9-OpenPostings
love-corn,love-corn.breezy.hr,2,Masterjx9-OpenPostings;kalil0321-ats-companies
love-serve-remember,love-serve-remember.breezy.hr,1,Masterjx9-OpenPostings
lovevery,lovevery.breezy.hr,2,Masterjx9-OpenPostings;kalil0321-ats-companies
lovisa-llc,lovisa-llc.breezy.hr,2,Masterjx9-OpenPostings;kalil0321-ats-companies
lower-street,lower-street.breezy.hr,1,Masterjx9-OpenPostings
lowitja-institute,lowitja-institute.breezy.hr,1,Masterjx9-OpenPostings
ltg,ltg.breezy.hr,2,Masterjx9-OpenPostings;kalil0321-ats-companies
lubet-engineering,lubet-engineering.breezy.hr,1,Masterjx9-OpenPostings
lucia-landscaping-inc,lucia-landscaping-inc.breezy.hr,1,Masterjx9-OpenPostings
lucid-insights,lucid-insights.breezy.hr,1,Masterjx9-OpenPostings
lucidworks,lucidworks.breezy.hr,1,kalil0321-ats-companies
lucky-logic,lucky-logic.breezy.hr,1,kalil0321-ats-companies
lucky-vr,lucky-vr.breezy.hr,1,outscal-openjobs
lufco,lufco.breezy.hr,2,Masterjx9-OpenPostings;kalil0321-ats-companies
lulalend,lulalend.breezy.hr,3,Masterjx9-OpenPostings;kalil0321-ats-companies;outscal-openjobs
lulu-dans-ma-rue,lulu-dans-ma-rue.breezy.hr,1,Masterjx9-OpenPostings
lumen-inc,lumen-inc.breezy.hr,1,ches-ctrl-cheddar
lumenci,lumenci.breezy.hr,1,kalil0321-ats-companies
lumerate,lumerate.breezy.hr,2,Masterjx9-OpenPostings;kalil0321-ats-companies
lumina-corps,lumina-corps.breezy.hr,1,Masterjx9-OpenPostings
luminary-digital,luminary-digital.breezy.hr,1,Masterjx9-OpenPostings
luminous-digital,luminous-digital.breezy.hr,1,Masterjx9-OpenPostings
lumio-dental,lumio-dental.breezy.hr,1,kalil0321-ats-companies
lumio-dental-practice-locations,lumio-dental-practice-locations.breezy.hr,2,Masterjx9-OpenPostings;kalil0321-ats-companies
lumio-dental-tulsa-hub,lumio-dental-tulsa-hub.breezy.hr,2,Masterjx9-OpenPostings;kalil0321-ats-companies
lumos,lumos.breezy.hr,1,kalil0321-ats-companies
lunajets,lunajets.breezy.hr,1,Masterjx9-OpenPostings
lunario-media,lunario-media.breezy.hr,1,Masterjx9-OpenPostings
lunarresources,lunarresources.breezy.hr,2,Masterjx9-OpenPostings;kalil0321-ats-companies
lurecruiter,lurecruiter.breezy.hr,1,Masterjx9-OpenPostings
luxury-living,luxury-living.breezy.hr,1,Masterjx9-OpenPostings
lynq-technologies,lynq-technologies.breezy.hr,1,Masterjx9-OpenPostings
lyra-technology-group,lyra-technology-group.breezy.hr,1,Masterjx9-OpenPostings
lyte,lyte.breezy.hr,2,Masterjx9-OpenPostings;kalil0321-ats-companies
lyxbil-technologies,lyxbil-technologies.breezy.hr,1,kalil0321-ats-companies
m-e-b-alliance-for-educator-diversity,m-e-b-alliance-for-educator-diversity.breezy.hr,1,Masterjx9-OpenPostings
m3-networks,m3-networks.breezy.hr,1,Masterjx9-OpenPostings
m7-health,m7-health.breezy.hr,2,Masterjx9-OpenPostings;kalil0321-ats-companies
ma-services,ma-services.breezy.hr,1,Masterjx9-OpenPostings
machinio,machinio.breezy.hr,2,Masterjx9-OpenPostings;kalil0321-ats-companies
macro-connect,macro-connect.breezy.hr,1,Masterjx9-OpenPostings
mad-capital,mad-capital.breezy.hr,1,Masterjx9-OpenPostings
madaket-health,madaket-health.breezy.hr,1,ches-ctrl-cheddar
madecomfy,madecomfy.breezy.hr,2,Masterjx9-OpenPostings;kalil0321-ats-companies
madison-core-laboratories,madison-core-laboratories.breezy.hr,1,Masterjx9-OpenPostings
madison-medical-affiliates,madison-medical-affiliates.breezy.hr,2,Masterjx9-OpenPostings;kalil0321-ats-companies
madkudu,madkudu.breezy.hr,1,Masterjx9-OpenPostings
madre-brava,madre-brava.breezy.hr,1,kalil0321-ats-companies
madwall-inc,madwall-inc.breezy.hr,1,Masterjx9-OpenPostings
magellan-ai,magellan-ai.breezy.hr,1,Masterjx9-OpenPostings
magenta-consulting,magenta-consulting.breezy.hr,1,Masterjx9-OpenPostings
magic-bio,magic-bio.breezy.hr,1,Masterjx9-OpenPostings
magic-services,magic-services.breezy.hr,1,Masterjx9-OpenPostings
magmod,magmod.breezy.hr,1,Masterjx9-OpenPostings
magneti,magneti.breezy.hr,1,Masterjx9-OpenPostings
magnified-vacations-llc,magnified-vacations-llc.breezy.hr,1,Masterjx9-OpenPostings
magnolia-care-services-inc,magnolia-care-services-inc.breezy.hr,2,Masterjx9-OpenPostings;kalil0321-ats-companies
mahway,mahway.breezy.hr,1,Masterjx9-OpenPostings
maidthis,maidthis.breezy.hr,1,kalil0321-ats-companies
mailmunch,mailmunch.breezy.hr,1,Masterjx9-OpenPostings
mainstream-home-services,mainstream-home-services.breezy.hr,1,Masterjx9-OpenPostings
mainstreaming-spa,mainstreaming-spa.breezy.hr,1,Masterjx9-OpenPostings
mainstreetone,mainstreetone.breezy.hr,1,ches-ctrl-cheddar
majormega,majormega.breezy.hr,1,Masterjx9-OpenPostings
make-a-wish-of-philadelphia-delaware-and-susquehanna-valley,make-a-wish-of-philadelphia-delaware-and-susquehanna-valley.breezy.hr,1,kalil0321-ats-companies
makerelish-designpickle,makerelish-designpickle.breezy.hr,1,Masterjx9-OpenPostings
makerere-university-school-of-public-health,makerere-university-school-of-public-health.breezy.hr,1,Masterjx9-OpenPostings
makerkids,makerkids.breezy.hr,1,Masterjx9-OpenPostings
makerkids-toronto,makerkids-toronto.breezy.hr,1,Masterjx9-OpenPostings
makers,makers.breezy.hr,1,Masterjx9-OpenPostings
makeup,makeup.breezy.hr,1,kalil0321-ats-companies
maleda-tech,maleda-tech.breezy.hr,1,kalil0321-ats-companies
malek-service-co,malek-service-co.breezy.hr,1,Masterjx9-OpenPostings
malik-for-akron,malik-for-akron.breezy.hr,1,Masterjx9-OpenPostings
mammoth-distribution,mammoth-distribution.breezy.hr,1,Masterjx9-OpenPostings
manabie,manabie.breezy.hr,1,Masterjx9-OpenPostings
manara,manara.breezy.hr,1,Masterjx9-OpenPostings
mano-en-mano,mano-en-mano.breezy.hr,1,Masterjx9-OpenPostings
mantic,mantic.breezy.hr,2,Masterjx9-OpenPostings;kalil0321-ats-companies
manulife,manulife.breezy.hr,1,kalil0321-ats-companies
manyone,manyone.breezy.hr,2,Masterjx9-OpenPostings;kalil0321-ats-companies
manypixels,manypixels.breezy.hr,2,Masterjx9-OpenPostings;kalil0321-ats-companies
map-international,map-international.breezy.hr,2,Masterjx9-OpenPostings;kalil0321-ats-companies
mapon,mapon.breezy.hr,1,Masterjx9-OpenPostings
mare-island-brewing-co,mare-island-brewing-co.breezy.hr,1,Masterjx9-OpenPostings
marex,marex.breezy.hr,2,Masterjx9-OpenPostings;kalil0321-ats-companies
margaret-w-wong-associates,margaret-w-wong-associates.breezy.hr,1,Masterjx9-OpenPostings
mariadb-corporation-ab,mariadb-corporation-ab.breezy.hr,1,Masterjx9-OpenPostings
market-force-information,market-force-information.breezy.hr,1,Masterjx9-OpenPostings
marketdial,marketdial.breezy.hr,1,Masterjx9-OpenPostings
marketforce,marketforce.breezy.hr,2,Masterjx9-OpenPostings;kalil0321-ats-companies
marketscale,marketscale.breezy.hr,1,outscal-openjobs
marketview-education-technology,marketview-education-technology.breezy.hr,1,Masterjx9-OpenPostings
marshall-dennehey,marshall-dennehey.breezy.hr,2,Masterjx9-OpenPostings;kalil0321-ats-companies
mary-crane-center,mary-crane-center.breezy.hr,1,Masterjx9-OpenPostings
mass-engines,mass-engines.breezy.hr,1,Masterjx9-OpenPostings
massfire-media-llc,massfire-media-llc.breezy.hr,1,kalil0321-ats-companies
mastermnd,mastermnd.breezy.hr,1,Masterjx9-OpenPostings
masters-insurance,masters-insurance.breezy.hr,1,kalil0321-ats-companies
masterworks,masterworks.breezy.hr,2,Masterjx9-OpenPostings;kalil0321-ats-companies
mate-academy,mate-academy.breezy.hr,1,Masterjx9-OpenPostings
matin,matin.breezy.hr,1,kalil0321-ats-companies
matrix-ai,matrix-ai.breezy.hr,1,Masterjx9-OpenPostings
matrix-design-group,matrix-design-group.breezy.hr,2,Masterjx9-OpenPostings;kalil0321-ats-companies
matrix-new-world-engineering,matrix-new-world-engineering.breezy.hr,1,Masterjx9-OpenPostings
matrix-technologies-inc,matrix-technologies-inc.breezy.hr,2,Masterjx9-OpenPostings;kalil0321-ats-companies
matroid,matroid.breezy.hr,2,Masterjx9-OpenPostings;kalil0321-ats-companies
matter-family-office,matter-family-office.breezy.hr,1,Masterjx9-OpenPostings
matternxt,matternxt.breezy.hr,1,Masterjx9-OpenPostings
matterway,matterway.breezy.hr,1,Masterjx9-OpenPostings
maurer-talent-consulting-or-mtc,maurer-talent-consulting-or-mtc.breezy.hr,1,Masterjx9-OpenPostings
mavens-guild,mavens-guild.breezy.hr,1,Masterjx9-OpenPostings
maventri,maventri.breezy.hr,1,Masterjx9-OpenPostings
mawari-technologies-inc,mawari-technologies-inc.breezy.hr,1,kalil0321-ats-companies
maxab,maxab.breezy.hr,1,Masterjx9-OpenPostings
maxwell,maxwell.breezy.hr,2,Masterjx9-OpenPostings;kalil0321-ats-companies
mayar-capital,mayar-capital.breezy.hr,1,kalil0321-ats-companies
mccarthy-uniforms,mccarthy-uniforms.breezy.hr,1,Masterjx9-OpenPostings
mcci,mcci.breezy.hr,1,Masterjx9-OpenPostings
mcguire-hester,mcguire-hester.breezy.hr,1,Masterjx9-OpenPostings
mch-careers,mch-careers.breezy.hr,2,Masterjx9-OpenPostings;kalil0321-ats-companies
mclaurin-law,mclaurin-law.breezy.hr,1,kalil0321-ats-companies
mclean-dermatology-and-skincare-center,mclean-dermatology-and-skincare-center.breezy.hr,1,Masterjx9-OpenPostings
mcm-pools,mcm-pools.breezy.hr,1,Masterjx9-OpenPostings
mcquillan-brothers,mcquillan-brothers.breezy.hr,2,Masterjx9-OpenPostings;kalil0321-ats-companies
mcsteen-land-surveyors,mcsteen-land-surveyors.breezy.hr,1,Masterjx9-OpenPostings
md-exam-inc,md-exam-inc.breezy.hr,2,Masterjx9-OpenPostings;kalil0321-ats-companies
md-home-team,md-home-team.breezy.hr,1,Masterjx9-OpenPostings
mdcalc,mdcalc.breezy.hr,1,Masterjx9-OpenPostings
me-maybe-llc,me-maybe-llc.breezy.hr,1,kalil0321-ats-companies
meals-on-wheels-central-texas-in-home-care,meals-on-wheels-central-texas-in-home-care.breezy.hr,1,Masterjx9-OpenPostings
mec-general-contractors,mec-general-contractors.breezy.hr,2,Masterjx9-OpenPostings;kalil0321-ats-companies
mechanical-contractors-inc,mechanical-contractors-inc.breezy.hr,1,Masterjx9-OpenPostings
mechanicode-io,mechanicode-io.breezy.hr,1,Masterjx9-OpenPostings
mechanism,mechanism.breezy.hr,1,Masterjx9-OpenPostings
mechanizedai,mechanizedai.breezy.hr,1,Masterjx9-OpenPostings
medality,medality.breezy.hr,1,Masterjx9-OpenPostings
medhaul,medhaul.breezy.hr,1,Masterjx9-OpenPostings
media-cause,media-cause.breezy.hr,2,Masterjx9-OpenPostings;kalil0321-ats-companies
media-plus,media-plus.breezy.hr,1,Masterjx9-OpenPostings
medialicious,medialicious.breezy.hr,1,Masterjx9-OpenPostings
mediavision-interactive-ltd,mediavision-interactive-ltd.breezy.hr,1,Masterjx9-OpenPostings
medical-billing-concepts-inc,medical-billing-concepts-inc.breezy.hr,1,Masterjx9-OpenPostings
medimap,medimap.breezy.hr,1,Masterjx9-OpenPostings
medschoolcoach,medschoolcoach.breezy.hr,2,Masterjx9-OpenPostings;kalil0321-ats-companies
medsec,medsec.breezy.hr,1,Masterjx9-OpenPostings
medsien,medsien.breezy.hr,1,Masterjx9-OpenPostings
medzero-inc,medzero-inc.breezy.hr,1,Masterjx9-OpenPostings
meet,meet.breezy.hr,1,Masterjx9-OpenPostings
megasol-energie-ag,megasol-energie-ag.breezy.hr,1,Masterjx9-OpenPostings
meininger-hotels,meininger-hotels.breezy.hr,1,Masterjx9-OpenPostings
melibio-inc,melibio-inc.breezy.hr,1,Masterjx9-OpenPostings
melita-group,melita-group.breezy.hr,1,Masterjx9-OpenPostings
mello,mello.breezy.hr,1,Masterjx9-OpenPostings
melodyarc,melodyarc.breezy.hr,2,Masterjx9-OpenPostings;ches-ctrl-cheddar
melon,melon.breezy.hr,2,Masterjx9-OpenPostings;outscal-openjobs
mem-labs-inc,mem-labs-inc.breezy.hr,1,Masterjx9-OpenPostings
mendota-insurance-company,mendota-insurance-company.breezy.hr,1,kalil0321-ats-companies
meowtel,meowtel.breezy.hr,1,Masterjx9-OpenPostings
merapar,merapar.breezy.hr,1,Masterjx9-OpenPostings
merchandising-consultants-associates,merchandising-consultants-associates.breezy.hr,2,Masterjx9-OpenPostings;kalil0321-ats-companies
merchant,merchant.breezy.hr,1,Masterjx9-OpenPostings
mercury-radio-arts,mercury-radio-arts.breezy.hr,1,kalil0321-ats-companies
meridia-capodagli-property-company,meridia-capodagli-property-company.breezy.hr,1,Masterjx9-OpenPostings
meridian-university,meridian-university.breezy.hr,1,Masterjx9-OpenPostings
merit-manufacturing,merit-manufacturing.breezy.hr,1,kalil0321-ats-companies
metalogic-inspection-services,metalogic-inspection-services.breezy.hr,1,Masterjx9-OpenPostings
metalumen-manufacturing-inc,metalumen-manufacturing-inc.breezy.hr,1,Masterjx9-OpenPostings
metaverse-game-studios,metaverse-game-studios.breezy.hr,1,outscal-openjobs
methode,methode.breezy.hr,1,Masterjx9-OpenPostings
metro-park-warehouses-inc,metro-park-warehouses-inc.breezy.hr,1,Masterjx9-OpenPostings
metro-properties1,metro-properties1.breezy.hr,1,Masterjx9-OpenPostings
metrospeedy,metrospeedy.breezy.hr,1,Masterjx9-OpenPostings
metrum-research-group,metrum-research-group.breezy.hr,1,Masterjx9-OpenPostings
mettiki-coal-llc,mettiki-coal-llc.breezy.hr,1,Masterjx9-OpenPostings
meyers-printing,meyers-printing.breezy.hr,1,Masterjx9-OpenPostings
mezli,mezli.breezy.hr,1,Masterjx9-OpenPostings
mezzanine-ware,mezzanine-ware.breezy.hr,1,Masterjx9-OpenPostings
mf-associates,mf-associates.breezy.hr,1,Masterjx9-OpenPostings
mg-digital-recruiting,mg-digital-recruiting.breezy.hr,1,Masterjx9-OpenPostings
mga-i-michael-green-architecture,mga-i-michael-green-architecture.breezy.hr,1,Masterjx9-OpenPostings
michigan-community-resources,michigan-community-resources.breezy.hr,1,kalil0321-ats-companies
michild-group,michild-group.breezy.hr,1,Masterjx9-OpenPostings
microhabitat,microhabitat.breezy.hr,2,Masterjx9-OpenPostings;kalil0321-ats-companies
midjourney,midjourney.breezy.hr,2,Masterjx9-OpenPostings;kalil0321-ats-companies
midsummer-agency,midsummer-agency.breezy.hr,1,Masterjx9-OpenPostings
midtown-home-improvements,midtown-home-improvements.breezy.hr,1,Masterjx9-OpenPostings
midwest-catv,midwest-catv.breezy.hr,1,Masterjx9-OpenPostings
mighty,mighty.breezy.hr,1,Masterjx9-OpenPostings
mighty-ally,mighty-ally.breezy.hr,1,Masterjx9-OpenPostings
mighty-citizen,mighty-citizen.breezy.hr,1,Masterjx9-OpenPostings
mighty-digital,mighty-digital.breezy.hr,1,Masterjx9-OpenPostings
mihomecare-limited,mihomecare-limited.breezy.hr,1,Masterjx9-OpenPostings
mikan-associates-llc,mikan-associates-llc.breezy.hr,2,Masterjx9-OpenPostings;kalil0321-ats-companies
mile-high-labs,mile-high-labs.breezy.hr,1,Masterjx9-OpenPostings
milestone-business-solutions-inc,milestone-business-solutions-inc.breezy.hr,2,Masterjx9-OpenPostings;kalil0321-ats-companies
miller-musmar,miller-musmar.breezy.hr,2,Masterjx9-OpenPostings;kalil0321-ats-companies
milu-health,milu-health.breezy.hr,1,Masterjx9-OpenPostings
mind-computing,mind-computing.breezy.hr,2,Masterjx9-OpenPostings;kalil0321-ats-companies
mindoula-health-inc,mindoula-health-inc.breezy.hr,3,Masterjx9-OpenPostings;andreasasprou-ats-finder;kalil0321-ats-companies
mindtech,mindtech.breezy.hr,1,Masterjx9-OpenPostings
minerva-institute,minerva-institute.breezy.hr,1,Masterjx9-OpenPostings
minerva-project,minerva-project.breezy.hr,1,Masterjx9-OpenPostings
minespider,minespider.breezy.hr,1,Masterjx9-OpenPostings
minkin-management-inc,minkin-management-inc.breezy.hr,1,Masterjx9-OpenPostings
mira,mira.breezy.hr,1,Masterjx9-OpenPostings
mira-labs,mira-labs.breezy.hr,1,Masterjx9-OpenPostings
miracles-bakery,miracles-bakery.breezy.hr,1,Masterjx9-OpenPostings
mirador,mirador.breezy.hr,1,Masterjx9-OpenPostings
mirkin-solutions-llc,mirkin-solutions-llc.breezy.hr,1,Masterjx9-OpenPostings
miscrianti,miscrianti.breezy.hr,1,Masterjx9-OpenPostings
mishkan-chicago,mishkan-chicago.breezy.hr,1,Masterjx9-OpenPostings
miss-empowher,miss-empowher.breezy.hr,1,kalil0321-ats-companies
mission-minded,mission-minded.breezy.hr,1,Masterjx9-OpenPostings
mission-viejo-consulting-group,mission-viejo-consulting-group.breezy.hr,1,kalil0321-ats-companies
missionovo,missionovo.breezy.hr,2,Masterjx9-OpenPostings;kalil0321-ats-companies
mito-material-solutions,mito-material-solutions.breezy.hr,1,Masterjx9-OpenPostings
mitra-chem,mitra-chem.breezy.hr,1,Masterjx9-OpenPostings
mixed-by-nasrin,mixed-by-nasrin.breezy.hr,1,Masterjx9-OpenPostings
mixer,mixer.breezy.hr,1,outscal-openjobs
mkec-engineering-inc,mkec-engineering-inc.breezy.hr,2,Masterjx9-OpenPostings;kalil0321-ats-companies
mktg,mktg.breezy.hr,2,Masterjx9-OpenPostings;kalil0321-ats-companies
mlwiz,mlwiz.breezy.hr,1,Masterjx9-OpenPostings
mobile-fun-limited,mobile-fun-limited.breezy.hr,1,Masterjx9-OpenPostings
mobilion-systems-inc,mobilion-systems-inc.breezy.hr,1,Masterjx9-OpenPostings
mobilizejobs,mobilizejobs.breezy.hr,1,Masterjx9-OpenPostings
moburst,moburst.breezy.hr,1,Masterjx9-OpenPostings
mobymax,mobymax.breezy.hr,1,Masterjx9-OpenPostings
modak-live,modak-live.breezy.hr,1,Masterjx9-OpenPostings
modern-pediatrics,modern-pediatrics.breezy.hr,1,Masterjx9-OpenPostings
modern-picnic,modern-picnic.breezy.hr,1,Masterjx9-OpenPostings
moderncontrols,moderncontrols.breezy.hr,1,Masterjx9-OpenPostings
modl-ai,modl-ai.breezy.hr,2,Masterjx9-OpenPostings;outscal-openjobs
modolabs,modolabs.breezy.hr,1,Masterjx9-OpenPostings
mohawk-ambulance-service,mohawk-ambulance-service.breezy.hr,1,Masterjx9-OpenPostings
moi-global,moi-global.breezy.hr,1,Masterjx9-OpenPostings
mojorecruit,mojorecruit.breezy.hr,1,Masterjx9-OpenPostings
molecular-sound,molecular-sound.breezy.hr,1,Masterjx9-OpenPostings
monday-night-brewing,monday-night-brewing.breezy.hr,1,Masterjx9-OpenPostings
mongoose,mongoose.breezy.hr,1,kalil0321-ats-companies
mono,mono.breezy.hr,2,Masterjx9-OpenPostings;kalil0321-ats-companies
monocle,monocle.breezy.hr,2,Masterjx9-OpenPostings;kalil0321-ats-companies
montage-marketing,montage-marketing.breezy.hr,1,Masterjx9-OpenPostings
montel-intergalactic,montel-intergalactic.breezy.hr,1,Masterjx9-OpenPostings
monterey-technologies,monterey-technologies.breezy.hr,1,Masterjx9-OpenPostings
mood,mood.breezy.hr,2,Masterjx9-OpenPostings;kalil0321-ats-companies
mooncolony,mooncolony.breezy.hr,2,Masterjx9-OpenPostings;outscal-openjobs
more-than-enough-ltd,more-than-enough-ltd.breezy.hr,1,Masterjx9-OpenPostings
morgan-s-wonderland-camp,morgan-s-wonderland-camp.breezy.hr,2,Masterjx9-OpenPostings;kalil0321-ats-companies
morningstar-services-inc,morningstar-services-inc.breezy.hr,1,Masterjx9-OpenPostings
morris-and-ritchie-associates,morris-and-ritchie-associates.breezy.hr,1,Masterjx9-OpenPostings
moser-consulting,moser-consulting.breezy.hr,2,Masterjx9-OpenPostings;kalil0321-ats-companies
motivemetrics,motivemetrics.breezy.hr,1,Masterjx9-OpenPostings
motivosity,motivosity.breezy.hr,1,Masterjx9-OpenPostings
motobyo,motobyo.breezy.hr,1,Masterjx9-OpenPostings
motum,motum.breezy.hr,1,Masterjx9-OpenPostings
movial,movial.breezy.hr,1,Masterjx9-OpenPostings
movimentum,movimentum.breezy.hr,1,kalil0321-ats-companies
movingimage,movingimage.breezy.hr,1,Masterjx9-OpenPostings
movista-inc,movista-inc.breezy.hr,2,Masterjx9-OpenPostings;kalil0321-ats-companies
movnhealth,movnhealth.breezy.hr,1,Masterjx9-OpenPostings
moxielash,moxielash.breezy.hr,1,Masterjx9-OpenPostings
mpathic-ai,mpathic-ai.breezy.hr,1,Masterjx9-OpenPostings
mps-egg-farms,mps-egg-farms.breezy.hr,1,Masterjx9-OpenPostings
msi-credit-solutions,msi-credit-solutions.breezy.hr,1,Masterjx9-OpenPostings
mt-cuba-center,mt-cuba-center.breezy.hr,1,Masterjx9-OpenPostings
mt-vernon-transfer-terminal-llc,mt-vernon-transfer-terminal-llc.breezy.hr,1,Masterjx9-OpenPostings
mtheory,mtheory.breezy.hr,2,Masterjx9-OpenPostings;kalil0321-ats-companies
mti-efc42e758443,mti-efc42e758443.breezy.hr,1,Masterjx9-OpenPostings
mtm-llc,mtm-llc.breezy.hr,2,Masterjx9-OpenPostings;kalil0321-ats-companies
mtz-solutionz,mtz-solutionz.breezy.hr,1,Masterjx9-OpenPostings
muddy-sneakers,muddy-sneakers.breezy.hr,1,Masterjx9-OpenPostings
mukuru,mukuru.breezy.hr,2,Masterjx9-OpenPostings;kalil0321-ats-companies
multidialogo,multidialogo.breezy.hr,1,Masterjx9-OpenPostings
murphy-s-pharmacies,murphy-s-pharmacies.breezy.hr,1,Masterjx9-OpenPostings
mussett-nicholas-associates,mussett-nicholas-associates.breezy.hr,2,Masterjx9-OpenPostings;kalil0321-ats-companies
muvr-technologies,muvr-technologies.breezy.hr,2,Masterjx9-OpenPostings;kalil0321-ats-companies
my-burger,my-burger.breezy.hr,1,Masterjx9-OpenPostings
my-doctor-medical-group,my-doctor-medical-group.breezy.hr,1,Masterjx9-OpenPostings
my-naturi,my-naturi.breezy.hr,1,Masterjx9-OpenPostings
myriad,myriad.breezy.hr,1,Masterjx9-OpenPostings
myside,myside.breezy.hr,1,Masterjx9-OpenPostings
mystudio,mystudio.breezy.hr,1,Masterjx9-OpenPostings
mytonomy-inc,mytonomy-inc.breezy.hr,2,Masterjx9-OpenPostings;kalil0321-ats-companies
mywork-brasil,mywork-brasil.breezy.hr,1,Masterjx9-OpenPostings
n0-inc,n0-inc.breezy.hr,1,Masterjx9-OpenPostings
n2net,n2net.breezy.hr,1,Masterjx9-OpenPostings
n32,n32.breezy.hr,1,Masterjx9-OpenPostings
nacelle,nacelle.breezy.hr,1,Masterjx9-OpenPostings
nada-inc,nada-inc.breezy.hr,1,Masterjx9-OpenPostings
nakala-analytics,nakala-analytics.breezy.hr,1,Masterjx9-OpenPostings
nala-robotics,nala-robotics.breezy.hr,1,Masterjx9-OpenPostings
nalediminingservicescompany,nalediminingservicescompany.breezy.hr,1,Masterjx9-OpenPostings
nalpeiron-inc,nalpeiron-inc.breezy.hr,1,Masterjx9-OpenPostings
nando-s,nando-s.breezy.hr,1,Masterjx9-OpenPostings
nanoramic,nanoramic.breezy.hr,1,Masterjx9-OpenPostings
naperville-park-district,naperville-park-district.breezy.hr,1,Masterjx9-OpenPostings
napthens-llp,napthens-llp.breezy.hr,1,Masterjx9-OpenPostings
nascent-xyz,nascent-xyz.breezy.hr,1,Masterjx9-OpenPostings
national-art-strategies-inc,national-art-strategies-inc.breezy.hr,1,Masterjx9-OpenPostings
national-assemblers-inc,national-assemblers-inc.breezy.hr,2,Masterjx9-OpenPostings;kalil0321-ats-companies
national-energy-foundation,national-energy-foundation.breezy.hr,1,Masterjx9-OpenPostings
national-funding,national-funding.breezy.hr,1,Masterjx9-OpenPostings
national-giving-alliance,national-giving-alliance.breezy.hr,1,Masterjx9-OpenPostings
national-iranian-american-council,national-iranian-american-council.breezy.hr,1,Masterjx9-OpenPostings
national-math-stars,national-math-stars.breezy.hr,2,Masterjx9-OpenPostings;kalil0321-ats-companies
national-mortgage-field-services,national-mortgage-field-services.breezy.hr,2,Masterjx9-OpenPostings;kalil0321-ats-companies
nationsbenefits,nationsbenefits.breezy.hr,1,Masterjx9-OpenPostings
native-a-public-benefit-corporation,native-a-public-benefit-corporation.breezy.hr,2,Masterjx9-OpenPostings;ches-ctrl-cheddar
nativemsg,nativemsg.breezy.hr,1,Masterjx9-OpenPostings
natureboy-express-llc,natureboy-express-llc.breezy.hr,1,Masterjx9-OpenPostings
naturecan-careers,naturecan-careers.breezy.hr,1,Masterjx9-OpenPostings
natures-herbs-and-wellness,natures-herbs-and-wellness.breezy.hr,1,Masterjx9-OpenPostings
navaide,navaide.breezy.hr,2,Masterjx9-OpenPostings;kalil0321-ats-companies
nc-100,nc-100.breezy.hr,1,Masterjx9-OpenPostings
nc-education-corps,nc-education-corps.breezy.hr,1,Masterjx9-OpenPostings
nebraska-crossing,nebraska-crossing.breezy.hr,1,kalil0321-ats-companies
nebraska-tribes-addressing-violence-coalition,nebraska-tribes-addressing-violence-coalition.breezy.hr,1,kalil0321-ats-companies
nebulab,nebulab.breezy.hr,1,Masterjx9-OpenPostings
needle,needle.breezy.hr,1,Masterjx9-OpenPostings
nemedio,nemedio.breezy.hr,1,Masterjx9-OpenPostings
neo-consulting-s-a-c,neo-consulting-s-a-c.breezy.hr,1,Masterjx9-OpenPostings
nepf,nepf.breezy.hr,1,kalil0321-ats-companies
nepf-llc,nepf-llc.breezy.hr,1,kalil0321-ats-companies
nesbitt-research,nesbitt-research.breezy.hr,1,Masterjx9-OpenPostings
nesea,nesea.breezy.hr,1,Masterjx9-OpenPostings
net2phone,net2phone.breezy.hr,2,Masterjx9-OpenPostings;kalil0321-ats-companies
neteffect,neteffect.breezy.hr,1,Masterjx9-OpenPostings
netrix-global,netrix-global.breezy.hr,3,Masterjx9-OpenPostings;andreasasprou-ats-finder;kalil0321-ats-companies
netsea-technologies,netsea-technologies.breezy.hr,2,Masterjx9-OpenPostings;kalil0321-ats-companies
netsolid-invest,netsolid-invest.breezy.hr,1,Masterjx9-OpenPostings
netsync-network-solutions,netsync-network-solutions.breezy.hr,1,Masterjx9-OpenPostings
network-coverage,network-coverage.breezy.hr,1,Masterjx9-OpenPostings
neuranet,neuranet.breezy.hr,1,Masterjx9-OpenPostings
neurelo,neurelo.breezy.hr,2,Masterjx9-OpenPostings;kalil0321-ats-companies
neuro-id,neuro-id.breezy.hr,1,Masterjx9-OpenPostings
neurobehavioral-systems,neurobehavioral-systems.breezy.hr,1,Masterjx9-OpenPostings
neuroid,neuroid.breezy.hr,1,Masterjx9-OpenPostings
nevada-organic-remedies,nevada-organic-remedies.breezy.hr,1,Masterjx9-OpenPostings
new-century-maids,new-century-maids.breezy.hr,1,Masterjx9-OpenPostings
new-england-science-sailing-foundation,new-england-science-sailing-foundation.breezy.hr,1,Masterjx9-OpenPostings
new-era-adr,new-era-adr.breezy.hr,1,Masterjx9-OpenPostings
new-heights-kc-lpt-realty,new-heights-kc-lpt-realty.breezy.hr,1,Masterjx9-OpenPostings
new-horizon-counseling-center,new-horizon-counseling-center.breezy.hr,1,kalil0321-ats-companies
new-horizon-services-inc,new-horizon-services-inc.breezy.hr,1,Masterjx9-OpenPostings
new-incentives,new-incentives.breezy.hr,2,Masterjx9-OpenPostings;kalil0321-ats-companies
new-minds,new-minds.breezy.hr,1,Masterjx9-OpenPostings
new-music-usa,new-music-usa.breezy.hr,1,Masterjx9-OpenPostings
new-oasis,new-oasis.breezy.hr,1,Masterjx9-OpenPostings
new-riff-distillery,new-riff-distillery.breezy.hr,1,Masterjx9-OpenPostings
new-trend-wireless,new-trend-wireless.breezy.hr,1,Masterjx9-OpenPostings
new-york-holdings,new-york-holdings.breezy.hr,1,kalil0321-ats-companies
new-york-life,new-york-life.breezy.hr,1,kalil0321-ats-companies
newfangled-studios,newfangled-studios.breezy.hr,1,Masterjx9-OpenPostings
newforesight-consultancy,newforesight-consultancy.breezy.hr,1,Masterjx9-OpenPostings
newground,newground.breezy.hr,2,Masterjx9-OpenPostings;kalil0321-ats-companies
newhouse-project-consulting,newhouse-project-consulting.breezy.hr,1,Masterjx9-OpenPostings
newpi,newpi.breezy.hr,1,Masterjx9-OpenPostings
newsbank-inc,newsbank-inc.breezy.hr,1,Masterjx9-OpenPostings
newstex,newstex.breezy.hr,1,Masterjx9-OpenPostings
nexalink,nexalink.breezy.hr,1,Masterjx9-OpenPostings
nexmetro-communities,nexmetro-communities.breezy.hr,1,Masterjx9-OpenPostings
nexo,nexo.breezy.hr,2,Masterjx9-OpenPostings;kalil0321-ats-companies
nexplay-consulting-inc,nexplay-consulting-inc.breezy.hr,1,kalil0321-ats-companies
next-generation-inc,next-generation-inc.breezy.hr,2,Masterjx9-OpenPostings;kalil0321-ats-companies
nextec-group,nextec-group.breezy.hr,1,Masterjx9-OpenPostings
nexthire,nexthire.breezy.hr,3,Masterjx9-OpenPostings;kalil0321-ats-companies;outscal-openjobs
nexu,nexu.breezy.hr,1,Masterjx9-OpenPostings
nexus-group,nexus-group.breezy.hr,2,Masterjx9-OpenPostings;kalil0321-ats-companies
nexxis-solutions,nexxis-solutions.breezy.hr,1,kalil0321-ats-companies
nezasa,nezasa.breezy.hr,1,kalil0321-ats-companies
ngc-transmission-equipment-america-inc,ngc-transmission-equipment-america-inc.breezy.hr,1,Masterjx9-OpenPostings
ngdesignwave,ngdesignwave.breezy.hr,2,Masterjx9-OpenPostings;kalil0321-ats-companies
nia-therapeutics,nia-therapeutics.breezy.hr,2,Masterjx9-OpenPostings;kalil0321-ats-companies
niceplay-games,niceplay-games.breezy.hr,1,Masterjx9-OpenPostings
nighthawk-biosciences,nighthawk-biosciences.breezy.hr,1,Masterjx9-OpenPostings
nightingale-college,nightingale-college.breezy.hr,2,Masterjx9-OpenPostings;kalil0321-ats-companies
nilos,nilos.breezy.hr,1,Masterjx9-OpenPostings
nimble-group,nimble-group.breezy.hr,1,Masterjx9-OpenPostings
nine-dot-arts,nine-dot-arts.breezy.hr,1,Masterjx9-OpenPostings
nine-feet-tall,nine-feet-tall.breezy.hr,2,Masterjx9-OpenPostings;kalil0321-ats-companies
ninjaholdings,ninjaholdings.breezy.hr,2,Masterjx9-OpenPostings;kalil0321-ats-companies
nlx,nlx.breezy.hr,1,Masterjx9-OpenPostings
nmpi,nmpi.breezy.hr,1,Masterjx9-OpenPostings
noaca,noaca.breezy.hr,2,Masterjx9-OpenPostings;kalil0321-ats-companies
nob-hill-security,nob-hill-security.breezy.hr,1,Masterjx9-OpenPostings
nobl-collective-llc,nobl-collective-llc.breezy.hr,1,Masterjx9-OpenPostings
nock-deighton,nock-deighton.breezy.hr,1,Masterjx9-OpenPostings
nodal,nodal.breezy.hr,1,Masterjx9-OpenPostings
nomaco,nomaco.breezy.hr,1,Masterjx9-OpenPostings
nomad-capitalist,nomad-capitalist.breezy.hr,1,Masterjx9-OpenPostings
nomics,nomics.breezy.hr,2,Masterjx9-OpenPostings;kalil0321-ats-companies
nooks,nooks.breezy.hr,2,Masterjx9-OpenPostings;kalil0321-ats-companies
nooks-works,nooks-works.breezy.hr,1,Masterjx9-OpenPostings
norbert-health,norbert-health.breezy.hr,2,Masterjx9-OpenPostings;kalil0321-ats-companies
nordcloud-career,nordcloud-career.breezy.hr,3,Masterjx9-OpenPostings;ches-ctrl-cheddar;kalil0321-ats-companies
nordcloud-germany,nordcloud-germany.breezy.hr,1,Masterjx9-OpenPostings
nordcloudfinland,nordcloudfinland.breezy.hr,1,Masterjx9-OpenPostings
norima-consulting,norima-consulting.breezy.hr,1,Masterjx9-OpenPostings
normal-bear-media-llc,normal-bear-media-llc.breezy.hr,1,Masterjx9-OpenPostings
norman-international-inc,norman-international-inc.breezy.hr,1,kalil0321-ats-companies
nortedigital,nortedigital.breezy.hr,1,Masterjx9-OpenPostings
north-blanco-county-ems,north-blanco-county-ems.breezy.hr,1,Masterjx9-OpenPostings
north-cleveland-church-of-god,north-cleveland-church-of-god.breezy.hr,1,Masterjx9-OpenPostings
north-east-transportation-company,north-east-transportation-company.breezy.hr,1,Masterjx9-OpenPostings
north-penn-water-authority,north-penn-water-authority.breezy.hr,1,Masterjx9-OpenPostings
north-point-ministries,north-point-ministries.breezy.hr,1,Masterjx9-OpenPostings
north-river-home-care,north-river-home-care.breezy.hr,1,Masterjx9-OpenPostings
north-wind-group,north-wind-group.breezy.hr,2,Masterjx9-OpenPostings;kalil0321-ats-companies
northeast-charter-schools-network,northeast-charter-schools-network.breezy.hr,1,Masterjx9-OpenPostings
northfield-it,northfield-it.breezy.hr,1,Masterjx9-OpenPostings
northland-area-fcu,northland-area-fcu.breezy.hr,1,Masterjx9-OpenPostings
northland-christian-church,northland-christian-church.breezy.hr,1,Masterjx9-OpenPostings
northline-seafoods,northline-seafoods.breezy.hr,1,Masterjx9-OpenPostings
northpoint-development,northpoint-development.breezy.hr,1,Masterjx9-OpenPostings
northstarpmo-inc,northstarpmo-inc.breezy.hr,1,Masterjx9-OpenPostings
northwest-connecticut-transit-district,northwest-connecticut-transit-district.breezy.hr,1,Masterjx9-OpenPostings
notably,notably.breezy.hr,2,Masterjx9-OpenPostings;kalil0321-ats-companies
noteworthy-piano-studio,noteworthy-piano-studio.breezy.hr,1,Masterjx9-OpenPostings
nova-plastic-surgery,nova-plastic-surgery.breezy.hr,1,Masterjx9-OpenPostings
novahospitalitycareers,novahospitalitycareers.breezy.hr,1,Masterjx9-OpenPostings
novatti,novatti.breezy.hr,1,Masterjx9-OpenPostings
noventech-inc,noventech-inc.breezy.hr,1,Masterjx9-OpenPostings
novipro,novipro.breezy.hr,2,Masterjx9-OpenPostings;kalil0321-ats-companies
novity-inc,novity-inc.breezy.hr,1,Masterjx9-OpenPostings
novlr,novlr.breezy.hr,1,Masterjx9-OpenPostings
novo-properties,novo-properties.breezy.hr,1,kalil0321-ats-companies
nowsta,nowsta.breezy.hr,1,Masterjx9-OpenPostings
noze,noze.breezy.hr,1,Masterjx9-OpenPostings
npb-companies,npb-companies.breezy.hr,2,Masterjx9-OpenPostings;kalil0321-ats-companies
nplan,nplan.breezy.hr,1,Masterjx9-OpenPostings
nps,nps.breezy.hr,1,kalil0321-ats-companies
npu,npu.breezy.hr,1,kalil0321-ats-companies
nqapia,nqapia.breezy.hr,1,Masterjx9-OpenPostings
ns-staff-agency-ltd,ns-staff-agency-ltd.breezy.hr,1,kalil0321-ats-companies
nsandd,nsandd.breezy.hr,1,Masterjx9-OpenPostings
ntc,ntc.breezy.hr,2,Masterjx9-OpenPostings;kalil0321-ats-companies
ntca,ntca.breezy.hr,1,Masterjx9-OpenPostings
nttrb,nttrb.breezy.hr,1,Masterjx9-OpenPostings
nubeti-digital,nubeti-digital.breezy.hr,1,Masterjx9-OpenPostings
nubinary,nubinary.breezy.hr,1,Masterjx9-OpenPostings
nucamp,nucamp.breezy.hr,2,Masterjx9-OpenPostings;ches-ctrl-cheddar
nuclearn-ai,nuclearn-ai.breezy.hr,2,Masterjx9-OpenPostings;kalil0321-ats-companies
nucleusteq,nucleusteq.breezy.hr,2,Masterjx9-OpenPostings;kalil0321-ats-companies
nuco-travel,nuco-travel.breezy.hr,1,Masterjx9-OpenPostings
numrah,numrah.breezy.hr,2,Masterjx9-OpenPostings;outscal-openjobs
nursedash,nursedash.breezy.hr,2,Masterjx9-OpenPostings;kalil0321-ats-companies
nursing-float-health,nursing-float-health.breezy.hr,2,Masterjx9-OpenPostings;kalil0321-ats-companies
nurturecare,nurturecare.breezy.hr,2,Masterjx9-OpenPostings;kalil0321-ats-companies
nurturing-wisdom,nurturing-wisdom.breezy.hr,1,Masterjx9-OpenPostings
nuserve,nuserve.breezy.hr,2,Masterjx9-OpenPostings;kalil0321-ats-companies
nuspine-chiropractic,nuspine-chiropractic.breezy.hr,1,Masterjx9-OpenPostings
nuview,nuview.breezy.hr,1,kalil0321-ats-companies
nw-softwash-llc,nw-softwash-llc.breezy.hr,1,Masterjx9-OpenPostings
nwow,nwow.breezy.hr,1,Masterjx9-OpenPostings
nxs,nxs.breezy.hr,1,Masterjx9-OpenPostings
nyic,nyic.breezy.hr,2,Masterjx9-OpenPostings;kalil0321-ats-companies
nysonian,nysonian.breezy.hr,2,Masterjx9-OpenPostings;kalil0321-ats-companies
o-keefe-media-group,o-keefe-media-group.breezy.hr,2,Masterjx9-OpenPostings;kalil0321-ats-companies
o-m-plumbing-services-inc,o-m-plumbing-services-inc.breezy.hr,1,Masterjx9-OpenPostings
o-mally-management-group,o-mally-management-group.breezy.hr,2,Masterjx9-OpenPostings;kalil0321-ats-companies
o8,o8.breezy.hr,1,Masterjx9-OpenPostings
oak-tenn,oak-tenn.breezy.hr,1,Masterjx9-OpenPostings
oaklin,oaklin.breezy.hr,1,Masterjx9-OpenPostings
oando,oando.breezy.hr,2,Masterjx9-OpenPostings;kalil0321-ats-companies
oasis-golf-center,oasis-golf-center.breezy.hr,1,Masterjx9-OpenPostings
oberst-bv,oberst-bv.breezy.hr,1,Masterjx9-OpenPostings
object-edge-inc,object-edge-inc.breezy.hr,1,Masterjx9-OpenPostings
obrio-76be502da02f,obrio-76be502da02f.breezy.hr,2,Masterjx9-OpenPostings;kalil0321-ats-companies
observador,observador.breezy.hr,1,Masterjx9-OpenPostings
obvious-ventures,obvious-ventures.breezy.hr,1,Masterjx9-OpenPostings
obviouslee-marketing,obviouslee-marketing.breezy.hr,1,Masterjx9-OpenPostings
ocs-net,ocs-net.breezy.hr,1,Masterjx9-OpenPostings
octaive,octaive.breezy.hr,1,Masterjx9-OpenPostings
odd-bunch,odd-bunch.breezy.hr,1,kalil0321-ats-companies
odisea-cultura,odisea-cultura.breezy.hr,1,Masterjx9-OpenPostings
odusa,odusa.breezy.hr,1,Masterjx9-OpenPostings
office-puzzle,office-puzzle.breezy.hr,1,Masterjx9-OpenPostings
officetotal-food-brands-lda,officetotal-food-brands-lda.breezy.hr,1,Masterjx9-OpenPostings
official-sales-tips,official-sales-tips.breezy.hr,1,Masterjx9-OpenPostings
offit-kurman,offit-kurman.breezy.hr,1,Masterjx9-OpenPostings
offwego,offwego.breezy.hr,1,Masterjx9-OpenPostings
ogd,ogd.breezy.hr,2,Masterjx9-OpenPostings;kalil0321-ats-companies
ohnstad-twichell,ohnstad-twichell.breezy.hr,1,Masterjx9-OpenPostings
olipay,olipay.breezy.hr,1,Masterjx9-OpenPostings
olly-olly,olly-olly.breezy.hr,1,Masterjx9-OpenPostings
omce,omce.breezy.hr,2,Masterjx9-OpenPostings;kalil0321-ats-companies
omega-point,omega-point.breezy.hr,1,Masterjx9-OpenPostings
omni-us,omni-us.breezy.hr,1,Masterjx9-OpenPostings
omnigo-fund,omnigo-fund.breezy.hr,1,Masterjx9-OpenPostings
on-call-nanny,on-call-nanny.breezy.hr,1,Masterjx9-OpenPostings
on-purpose,on-purpose.breezy.hr,1,Masterjx9-OpenPostings
on-purpose-careers-limited,on-purpose-careers-limited.breezy.hr,1,Masterjx9-OpenPostings
on-time-experts,on-time-experts.breezy.hr,1,Masterjx9-OpenPostings
onceit,onceit.breezy.hr,1,Masterjx9-OpenPostings
ondas-networks,ondas-networks.breezy.hr,1,Masterjx9-OpenPostings
ondewo,ondewo.breezy.hr,1,Masterjx9-OpenPostings
one-dynamic,one-dynamic.breezy.hr,1,Masterjx9-OpenPostings
one-fellowship-church,one-fellowship-church.breezy.hr,1,Masterjx9-OpenPostings
one-league,one-league.breezy.hr,1,Masterjx9-OpenPostings
one-step,one-step.breezy.hr,1,Masterjx9-OpenPostings
onebridge,onebridge.breezy.hr,2,Masterjx9-OpenPostings;kalil0321-ats-companies
onedayonly-co-za,onedayonly-co-za.breezy.hr,1,Masterjx9-OpenPostings
onedome,onedome.breezy.hr,2,Masterjx9-OpenPostings;kalil0321-ats-companies
onehealth,onehealth.breezy.hr,1,Masterjx9-OpenPostings
onehope,onehope.breezy.hr,2,Masterjx9-OpenPostings;kalil0321-ats-companies
oneliner,oneliner.breezy.hr,1,Masterjx9-OpenPostings
onepet,onepet.breezy.hr,1,Masterjx9-OpenPostings
oneport-365,oneport-365.breezy.hr,1,Masterjx9-OpenPostings
online-labels,online-labels.breezy.hr,1,Masterjx9-OpenPostings
onsite-dental,onsite-dental.breezy.hr,2,Masterjx9-OpenPostings;kalil0321-ats-companies
onsite-retailers,onsite-retailers.breezy.hr,2,Masterjx9-OpenPostings;kalil0321-ats-companies
ontop-holdings-inc,ontop-holdings-inc.breezy.hr,1,Masterjx9-OpenPostings
ontrac-solutions-llc,ontrac-solutions-llc.breezy.hr,2,Masterjx9-OpenPostings;kalil0321-ats-companies
onyx-insight,onyx-insight.breezy.hr,1,Masterjx9-OpenPostings
onyx-management-services-llc,onyx-management-services-llc.breezy.hr,1,Masterjx9-OpenPostings
open-bionics,open-bionics.breezy.hr,1,Masterjx9-OpenPostings
open-contracting-partnership,open-contracting-partnership.breezy.hr,1,Masterjx9-OpenPostings
open-door-legal,open-door-legal.breezy.hr,2,Masterjx9-OpenPostings;kalil0321-ats-companies
open-new-york,open-new-york.breezy.hr,2,Masterjx9-OpenPostings;kalil0321-ats-companies
openclassrooms,openclassrooms.breezy.hr,1,Masterjx9-OpenPostings
opendrives-llc,opendrives-llc.breezy.hr,1,Masterjx9-OpenPostings
openmindhealth,openmindhealth.breezy.hr,2,Masterjx9-OpenPostings;kalil0321-ats-companies
openrouter,openrouter.breezy.hr,1,Masterjx9-OpenPostings
opensea,opensea.breezy.hr,1,outscal-openjobs
opentent,opentent.breezy.hr,2,Masterjx9-OpenPostings;ches-ctrl-cheddar
opera,opera.breezy.hr,1,Masterjx9-OpenPostings
operatix,operatix.breezy.hr,1,Masterjx9-OpenPostings
opexpert-consulting,opexpert-consulting.breezy.hr,1,Masterjx9-OpenPostings
opinary-gmbh,opinary-gmbh.breezy.hr,1,Masterjx9-OpenPostings
oppl,oppl.breezy.hr,1,Masterjx9-OpenPostings
opsarmy,opsarmy.breezy.hr,1,Masterjx9-OpenPostings
opterus,opterus.breezy.hr,2,Masterjx9-OpenPostings;kalil0321-ats-companies
optimal,optimal.breezy.hr,1,Masterjx9-OpenPostings
optimetriks,optimetriks.breezy.hr,1,Masterjx9-OpenPostings
optimi,optimi.breezy.hr,1,Masterjx9-OpenPostings
optimindhealth,optimindhealth.breezy.hr,2,Masterjx9-OpenPostings;kalil0321-ats-companies
opus-training,opus-training.breezy.hr,1,Masterjx9-OpenPostings
opvstability,opvstability.breezy.hr,1,Masterjx9-OpenPostings
oral-surgeons,oral-surgeons.breezy.hr,1,Masterjx9-OpenPostings
orange-barrel-media,orange-barrel-media.breezy.hr,2,Masterjx9-OpenPostings;kalil0321-ats-companies
orange-grove-bio,orange-grove-bio.breezy.hr,1,Masterjx9-OpenPostings
orange-talent-group,orange-talent-group.breezy.hr,1,Masterjx9-OpenPostings
orbis-education-care,orbis-education-care.breezy.hr,1,Masterjx9-OpenPostings
orbit-fab,orbit-fab.breezy.hr,1,Masterjx9-OpenPostings
orchestrate-hospitality,orchestrate-hospitality.breezy.hr,2,Masterjx9-OpenPostings;kalil0321-ats-companies
orchestry-software-inc,orchestry-software-inc.breezy.hr,1,Masterjx9-OpenPostings
oreganos,oreganos.breezy.hr,2,Masterjx9-OpenPostings;kalil0321-ats-companies
ortak,ortak.breezy.hr,1,Masterjx9-OpenPostings
orthodontist,orthodontist.breezy.hr,1,Masterjx9-OpenPostings
oryx,oryx.breezy.hr,1,kalil0321-ats-companies
osec,osec.breezy.hr,2,Masterjx9-OpenPostings;kalil0321-ats-companies
otter-pr,otter-pr.breezy.hr,2,Masterjx9-OpenPostings;kalil0321-ats-companies
otto-engineering-inc,otto-engineering-inc.breezy.hr,2,Masterjx9-OpenPostings;kalil0321-ats-companies
ourbond,ourbond.breezy.hr,1,Masterjx9-OpenPostings
ourfamilywizard,ourfamilywizard.breezy.hr,1,Masterjx9-OpenPostings
ourritual,ourritual.breezy.hr,1,Masterjx9-OpenPostings
ours-wellness,ours-wellness.breezy.hr,1,Masterjx9-OpenPostings
out-of-the-box,out-of-the-box.breezy.hr,1,Masterjx9-OpenPostings
outa,outa.breezy.hr,1,Masterjx9-OpenPostings
outdoor-voices,outdoor-voices.breezy.hr,1,Masterjx9-OpenPostings
outform-consulting,outform-consulting.breezy.hr,1,Masterjx9-OpenPostings
outrival,outrival.breezy.hr,1,Masterjx9-OpenPostings
outside,outside.breezy.hr,1,Masterjx9-OpenPostings
outsourceddoers,outsourceddoers.breezy.hr,1,Masterjx9-OpenPostings
outsourcing-angel,outsourcing-angel.breezy.hr,1,Masterjx9-OpenPostings
outsta,outsta.breezy.hr,1,Masterjx9-OpenPostings
overlooked-materials,overlooked-materials.breezy.hr,1,Masterjx9-OpenPostings
owlet-baby-care-inc,owlet-baby-care-inc.breezy.hr,1,Masterjx9-OpenPostings
own,own.breezy.hr,1,kalil0321-ats-companies
own-abode,own-abode.breezy.hr,1,kalil0321-ats-companies
ownify,ownify.breezy.hr,1,Masterjx9-OpenPostings
oxbridge-centre,oxbridge-centre.breezy.hr,1,Masterjx9-OpenPostings
oxford-economics,oxford-economics.breezy.hr,1,Masterjx9-OpenPostings
oxla,oxla.breezy.hr,1,Masterjx9-OpenPostings
p3-usa,p3-usa.breezy.hr,2,Masterjx9-OpenPostings;kalil0321-ats-companies
p3adaptive,p3adaptive.breezy.hr,1,Masterjx9-OpenPostings
pacific-aire-home-services,pacific-aire-home-services.breezy.hr,1,Masterjx9-OpenPostings
pacify,pacify.breezy.hr,2,Masterjx9-OpenPostings;kalil0321-ats-companies
padi,padi.breezy.hr,1,Masterjx9-OpenPostings
pagefreezer-software-inc,pagefreezer-software-inc.breezy.hr,1,Masterjx9-OpenPostings
pai-skincare,pai-skincare.breezy.hr,1,Masterjx9-OpenPostings
paintjet,paintjet.breezy.hr,1,Masterjx9-OpenPostings
pallisercareers,pallisercareers.breezy.hr,1,Masterjx9-OpenPostings
panda7,panda7.breezy.hr,1,Masterjx9-OpenPostings
pandata,pandata.breezy.hr,1,Masterjx9-OpenPostings
pangobooks-inc,pangobooks-inc.breezy.hr,1,Masterjx9-OpenPostings
panic-inc,panic-inc.breezy.hr,1,Masterjx9-OpenPostings
panoramicinc,panoramicinc.breezy.hr,1,Masterjx9-OpenPostings
paper-culture,paper-culture.breezy.hr,2,Masterjx9-OpenPostings;kalil0321-ats-companies
paper-id,paper-id.breezy.hr,1,Masterjx9-OpenPostings
paradigm-sports,paradigm-sports.breezy.hr,1,Masterjx9-OpenPostings
parakeeto,parakeeto.breezy.hr,1,Masterjx9-OpenPostings
parallel-markets-inc,parallel-markets-inc.breezy.hr,1,Masterjx9-OpenPostings
paramo-technologies,paramo-technologies.breezy.hr,2,Masterjx9-OpenPostings;kalil0321-ats-companies
parashift-ag,parashift-ag.breezy.hr,1,Masterjx9-OpenPostings
parative,parative.breezy.hr,1,Masterjx9-OpenPostings
parentpossible,parentpossible.breezy.hr,1,Masterjx9-OpenPostings
parisleaf,parisleaf.breezy.hr,1,Masterjx9-OpenPostings
parity-homes,parity-homes.breezy.hr,1,Masterjx9-OpenPostings
park-avenue-center,park-avenue-center.breezy.hr,1,Masterjx9-OpenPostings
park-west-gallery,park-west-gallery.breezy.hr,1,Masterjx9-OpenPostings
parkar,parkar.breezy.hr,1,Masterjx9-OpenPostings
parker-lane,parker-lane.breezy.hr,1,Masterjx9-OpenPostings
parkside-securities,parkside-securities.breezy.hr,1,Masterjx9-OpenPostings
partake-foods-inc,partake-foods-inc.breezy.hr,1,Masterjx9-OpenPostings
participatory-culture-foundation,participatory-culture-foundation.breezy.hr,3,Masterjx9-OpenPostings;ches-ctrl-cheddar;kalil0321-ats-companies
partner-retail-services,partner-retail-services.breezy.hr,2,Masterjx9-OpenPostings;kalil0321-ats-companies
partnership-on-ai,partnership-on-ai.breezy.hr,1,Masterjx9-OpenPostings
partnerships-in-education-and-resilience-pear,partnerships-in-education-and-resilience-pear.breezy.hr,1,Masterjx9-OpenPostings
pasa-sustainable-agriculture,pasa-sustainable-agriculture.breezy.hr,2,Masterjx9-OpenPostings;kalil0321-ats-companies
passion,passion.breezy.hr,2,Masterjx9-OpenPostings;kalil0321-ats-companies
passion-leadership-experience,passion-leadership-experience.breezy.hr,1,Masterjx9-OpenPostings
passtimegps,passtimegps.breezy.hr,2,Masterjx9-OpenPostings;kalil0321-ats-companies
pastel,pastel.breezy.hr,2,Masterjx9-OpenPostings;kalil0321-ats-companies
pathspot,pathspot.breezy.hr,1,Masterjx9-OpenPostings
pathway-to-living,pathway-to-living.breezy.hr,1,Masterjx9-OpenPostings
patlive,patlive.breezy.hr,1,Masterjx9-OpenPostings
patrianna,patrianna.breezy.hr,1,Masterjx9-OpenPostings
pave-academy-charter-school,pave-academy-charter-school.breezy.hr,1,Masterjx9-OpenPostings
pay-factory,pay-factory.breezy.hr,1,Masterjx9-OpenPostings
payme-3,payme-3.breezy.hr,1,kalil0321-ats-companies
paynovate,paynovate.breezy.hr,2,Masterjx9-OpenPostings;kalil0321-ats-companies
payquad,payquad.breezy.hr,1,Masterjx9-OpenPostings
payrecs,payrecs.breezy.hr,1,Masterjx9-OpenPostings
payspace,payspace.breezy.hr,1,Masterjx9-OpenPostings
pbc,pbc.breezy.hr,1,Masterjx9-OpenPostings
pcn-entertainment-group-inc,pcn-entertainment-group-inc.breezy.hr,1,Masterjx9-OpenPostings
pdmi,pdmi.breezy.hr,2,Masterjx9-OpenPostings;kalil0321-ats-companies
peace-first,peace-first.breezy.hr,2,Masterjx9-OpenPostings;ches-ctrl-cheddar
peach,peach.breezy.hr,1,Masterjx9-OpenPostings
peachy,peachy.breezy.hr,2,Masterjx9-OpenPostings;kalil0321-ats-companies
peakd-com,peakd-com.breezy.hr,1,Masterjx9-OpenPostings
pearce-bevill-leesburg-moore-pc,pearce-bevill-leesburg-moore-pc.breezy.hr,1,Masterjx9-OpenPostings
pearl-abyss-america,pearl-abyss-america.breezy.hr,2,Masterjx9-OpenPostings;kalil0321-ats-companies
pearl-ai,pearl-ai.breezy.hr,1,Masterjx9-OpenPostings
pebc,pebc.breezy.hr,1,Masterjx9-OpenPostings
pedalheads-bike-camps,pedalheads-bike-camps.breezy.hr,1,Masterjx9-OpenPostings
pediatric-dentist,pediatric-dentist.breezy.hr,1,Masterjx9-OpenPostings
peeple-inc,peeple-inc.breezy.hr,1,Masterjx9-OpenPostings
peer39,peer39.breezy.hr,1,Masterjx9-OpenPostings
peerislands,peerislands.breezy.hr,1,Masterjx9-OpenPostings
peggy-notebaert-nature-museum,peggy-notebaert-nature-museum.breezy.hr,1,Masterjx9-OpenPostings
pelotech,pelotech.breezy.hr,1,Masterjx9-OpenPostings
penguin-air,penguin-air.breezy.hr,1,Masterjx9-OpenPostings
peninsula-canada,peninsula-canada.breezy.hr,2,Masterjx9-OpenPostings;kalil0321-ats-companies
peninsula-visa,peninsula-visa.breezy.hr,1,Masterjx9-OpenPostings
pennings-sons,pennings-sons.breezy.hr,1,Masterjx9-OpenPostings
pensa-systems,pensa-systems.breezy.hr,1,Masterjx9-OpenPostings
people-performance-resources,people-performance-resources.breezy.hr,1,Masterjx9-OpenPostings
people-solutions-center,people-solutions-center.breezy.hr,2,Masterjx9-OpenPostings;kalil0321-ats-companies
peoplebiz,peoplebiz.breezy.hr,1,Masterjx9-OpenPostings
peoplefluent,peoplefluent.breezy.hr,2,Masterjx9-OpenPostings;kalil0321-ats-companies
peptone,peptone.breezy.hr,1,Masterjx9-OpenPostings
percival-engineering,percival-engineering.breezy.hr,1,Masterjx9-OpenPostings
perfect-plumbing-heating-and-air,perfect-plumbing-heating-and-air.breezy.hr,1,Masterjx9-OpenPostings
perfectly,perfectly.breezy.hr,1,kalil0321-ats-companies
peritus,peritus.breezy.hr,1,Masterjx9-OpenPostings
persistenceai,persistenceai.breezy.hr,1,Masterjx9-OpenPostings
personal-health-care,personal-health-care.breezy.hr,1,Masterjx9-OpenPostings
personified-tech,personified-tech.breezy.hr,2,Masterjx9-OpenPostings;kalil0321-ats-companies
personify-corp,personify-corp.breezy.hr,1,Masterjx9-OpenPostings
pet-parents,pet-parents.breezy.hr,1,Masterjx9-OpenPostings
petite-plume,petite-plume.breezy.hr,1,Masterjx9-OpenPostings
petrelli-previtera,petrelli-previtera.breezy.hr,1,Masterjx9-OpenPostings
pharma-medica-research-inc,pharma-medica-research-inc.breezy.hr,1,kalil0321-ats-companies
phat-loot-studios,phat-loot-studios.breezy.hr,1,Masterjx9-OpenPostings
philadelphia-green-capital-corp,philadelphia-green-capital-corp.breezy.hr,2,Masterjx9-OpenPostings;kalil0321-ats-companies
philanthropy-northwest,philanthropy-northwest.breezy.hr,1,Masterjx9-OpenPostings
phoenix-legal-action-network,phoenix-legal-action-network.breezy.hr,1,kalil0321-ats-companies
phoenixen,phoenixen.breezy.hr,2,Masterjx9-OpenPostings;kalil0321-ats-companies
photon-marine-corporation,photon-marine-corporation.breezy.hr,1,Masterjx9-OpenPostings
phylway-construction,phylway-construction.breezy.hr,1,Masterjx9-OpenPostings
physicians-insurance-a-mutual-company,physicians-insurance-a-mutual-company.breezy.hr,2,Masterjx9-OpenPostings;kalil0321-ats-companies
pias-uk,pias-uk.breezy.hr,1,Masterjx9-OpenPostings
piazza-premier-preschool-staffing-agency,piazza-premier-preschool-staffing-agency.breezy.hr,1,kalil0321-ats-companies
pickering-creek-audubon-center,pickering-creek-audubon-center.breezy.hr,1,Masterjx9-OpenPostings
pickles,pickles.breezy.hr,2,Masterjx9-OpenPostings;kalil0321-ats-companies
pico-california,pico-california.breezy.hr,1,Masterjx9-OpenPostings
piggyvest,piggyvest.breezy.hr,1,Masterjx9-OpenPostings
pike,pike.breezy.hr,1,Masterjx9-OpenPostings
pillar-properties,pillar-properties.breezy.hr,1,Masterjx9-OpenPostings
pillar4media,pillar4media.breezy.hr,1,Masterjx9-OpenPostings
pillrhealth,pillrhealth.breezy.hr,1,Masterjx9-OpenPostings
pillsorted,pillsorted.breezy.hr,1,Masterjx9-OpenPostings
pine-creek-games,pine-creek-games.breezy.hr,1,Masterjx9-OpenPostings
pine-services-group-75de518bc789,pine-services-group-75de518bc789.breezy.hr,1,Masterjx9-OpenPostings
pinelake-church,pinelake-church.breezy.hr,2,Masterjx9-OpenPostings;kalil0321-ats-companies
pinnacle-cares,pinnacle-cares.breezy.hr,1,Masterjx9-OpenPostings
pinnacle-construction-and-development,pinnacle-construction-and-development.breezy.hr,1,Masterjx9-OpenPostings
pinnacle-environmental-management-support,pinnacle-environmental-management-support.breezy.hr,1,Masterjx9-OpenPostings
pinwheel-pasta,pinwheel-pasta.breezy.hr,1,Masterjx9-OpenPostings
pipo-saude,pipo-saude.breezy.hr,1,Masterjx9-OpenPostings
pitstop-connect,pitstop-connect.breezy.hr,1,Masterjx9-OpenPostings
pittsburgh-business-group-on-health,pittsburgh-business-group-on-health.breezy.hr,2,Masterjx9-OpenPostings;kalil0321-ats-companies
pixel,pixel.breezy.hr,1,Masterjx9-OpenPostings
pixel-and-texel-llc,pixel-and-texel-llc.breezy.hr,1,Masterjx9-OpenPostings
pixel-service--consulting-srl,pixel-service--consulting-srl.breezy.hr,1,Masterjx9-OpenPostings
pixery,pixery.breezy.hr,2,Masterjx9-OpenPostings;kalil0321-ats-companies
pixieset,pixieset.breezy.hr,2,Masterjx9-OpenPostings;kalil0321-ats-companies
pixo,pixo.breezy.hr,1,Masterjx9-OpenPostings
pizza-luce,pizza-luce.breezy.hr,1,Masterjx9-OpenPostings
plan-consultoria-e-pesquisa-em-ci-ncias-sociais-ltda,plan-consultoria-e-pesquisa-em-ci-ncias-sociais-ltda.breezy.hr,1,Masterjx9-OpenPostings
plan-left-llc,plan-left-llc.breezy.hr,1,Masterjx9-OpenPostings
planetiq,planetiq.breezy.hr,1,Masterjx9-OpenPostings
planleave,planleave.breezy.hr,1,Masterjx9-OpenPostings
plann-engineering,plann-engineering.breezy.hr,1,Masterjx9-OpenPostings
planted-solar-inc,planted-solar-inc.breezy.hr,2,Masterjx9-OpenPostings;kalil0321-ats-companies
plastics-family-americas,plastics-family-americas.breezy.hr,1,kalil0321-ats-companies
plat4mation,plat4mation.breezy.hr,1,kalil0321-ats-companies
platforme,platforme.breezy.hr,1,Masterjx9-OpenPostings
platinum-fundraising,platinum-fundraising.breezy.hr,1,Masterjx9-OpenPostings
platinum-technologies,platinum-technologies.breezy.hr,1,Masterjx9-OpenPostings
plato,plato.breezy.hr,2,Masterjx9-OpenPostings;kalil0321-ats-companies
playback-rewards,playback-rewards.breezy.hr,1,Masterjx9-OpenPostings
playbook-engineering,playbook-engineering.breezy.hr,1,Masterjx9-OpenPostings
playbookux,playbookux.breezy.hr,1,Masterjx9-OpenPostings
playdead,playdead.breezy.hr,2,Masterjx9-OpenPostings;outscal-openjobs
playstudios-asia,playstudios-asia.breezy.hr,2,Masterjx9-OpenPostings;kalil0321-ats-companies
playvalve-s-l,playvalve-s-l.breezy.hr,1,Masterjx9-OpenPostings
playvox,playvox.breezy.hr,1,Masterjx9-OpenPostings
pleasant-valley-corporation,pleasant-valley-corporation.breezy.hr,2,Masterjx9-OpenPostings;kalil0321-ats-companies
please-assist-me,please-assist-me.breezy.hr,1,Masterjx9-OpenPostings
plexure,plexure.breezy.hr,1,Masterjx9-OpenPostings
plexxis-software,plexxis-software.breezy.hr,1,Masterjx9-OpenPostings
plixi,plixi.breezy.hr,1,Masterjx9-OpenPostings
plum,plum.breezy.hr,1,Masterjx9-OpenPostings
plumbing-tree,plumbing-tree.breezy.hr,1,Masterjx9-OpenPostings
plurilock,plurilock.breezy.hr,1,Masterjx9-OpenPostings
plus-vc,plus-vc.breezy.hr,1,Masterjx9-OpenPostings
pmsox,pmsox.breezy.hr,1,kalil0321-ats-companies
podean,podean.breezy.hr,2,Masterjx9-OpenPostings;kalil0321-ats-companies
poetic-systems,poetic-systems.breezy.hr,1,Masterjx9-OpenPostings
pogo,pogo.breezy.hr,3,Masterjx9-OpenPostings;ches-ctrl-cheddar;kalil0321-ats-companies
point-out,point-out.breezy.hr,1,Masterjx9-OpenPostings
pointed-copywriting,pointed-copywriting.breezy.hr,1,Masterjx9-OpenPostings
poker-skill,poker-skill.breezy.hr,1,Masterjx9-OpenPostings
polarsync,polarsync.breezy.hr,1,Masterjx9-OpenPostings
politech,politech.breezy.hr,1,Masterjx9-OpenPostings
political-data-intelligence,political-data-intelligence.breezy.hr,2,Masterjx9-OpenPostings;ches-ctrl-cheddar
pompa-program,pompa-program.breezy.hr,2,Masterjx9-OpenPostings;kalil0321-ats-companies
ponessa-behavioral-health,ponessa-behavioral-health.breezy.hr,1,kalil0321-ats-companies
pop-mart-americas-inc,pop-mart-americas-inc.breezy.hr,1,kalil0321-ats-companies
poptopuk-ltd,poptopuk-ltd.breezy.hr,1,Masterjx9-OpenPostings
port-side-logistics-llc,port-side-logistics-llc.breezy.hr,1,Masterjx9-OpenPostings
poseidon,poseidon.breezy.hr,2,Masterjx9-OpenPostings;kalil0321-ats-companies
positive-action-inc,positive-action-inc.breezy.hr,1,Masterjx9-OpenPostings
positive-impact-dental-alliance,positive-impact-dental-alliance.breezy.hr,2,Masterjx9-OpenPostings;kalil0321-ats-companies
positrigo-ag,positrigo-ag.breezy.hr,1,Masterjx9-OpenPostings
possible-inc,possible-inc.breezy.hr,1,Masterjx9-OpenPostings
power-takeoff,power-takeoff.breezy.hr,1,Masterjx9-OpenPostings
powerverse-development-ltd,powerverse-development-ltd.breezy.hr,1,Masterjx9-OpenPostings
powr-io,powr-io.breezy.hr,1,Masterjx9-OpenPostings
pr-financial,pr-financial.breezy.hr,1,Masterjx9-OpenPostings
pr-volt,pr-volt.breezy.hr,1,Masterjx9-OpenPostings
practice-positions,practice-positions.breezy.hr,1,Masterjx9-OpenPostings
practicepro-365,practicepro-365.breezy.hr,1,Masterjx9-OpenPostings
praetorian-capital-management-llc,praetorian-capital-management-llc.breezy.hr,1,Masterjx9-OpenPostings
prageru,prageru.breezy.hr,2,Masterjx9-OpenPostings;kalil0321-ats-companies
pratt-guys,pratt-guys.breezy.hr,1,Masterjx9-OpenPostings
prdofp,prdofp.breezy.hr,1,Masterjx9-OpenPostings
precision-infinity,precision-infinity.breezy.hr,1,Masterjx9-OpenPostings
precision-plumbing,precision-plumbing.breezy.hr,1,Masterjx9-OpenPostings
precision-strategies,precision-strategies.breezy.hr,2,Masterjx9-OpenPostings;kalil0321-ats-companies
precision-well-servicing,precision-well-servicing.breezy.hr,2,Masterjx9-OpenPostings;kalil0321-ats-companies
precitaste,precitaste.breezy.hr,1,Masterjx9-OpenPostings
precursive,precursive.breezy.hr,1,Masterjx9-OpenPostings
predict4health,predict4health.breezy.hr,1,Masterjx9-OpenPostings
predictionhealth,predictionhealth.breezy.hr,1,Masterjx9-OpenPostings
predictiva,predictiva.breezy.hr,1,Masterjx9-OpenPostings
preferred-care-at-home-of-york,preferred-care-at-home-of-york.breezy.hr,1,Masterjx9-OpenPostings
preloaded,preloaded.breezy.hr,1,Masterjx9-OpenPostings
prelude-prep,prelude-prep.breezy.hr,1,Masterjx9-OpenPostings
premier-dialysis,premier-dialysis.breezy.hr,1,Masterjx9-OpenPostings
premier-fitness-service,premier-fitness-service.breezy.hr,1,kalil0321-ats-companies
premier-health-group,premier-health-group.breezy.hr,1,Masterjx9-OpenPostings
prep-academy-tutors,prep-academy-tutors.breezy.hr,2,Masterjx9-OpenPostings;kalil0321-ats-companies
prep-kitchen,prep-kitchen.breezy.hr,1,Masterjx9-OpenPostings
presh-marketing-solutions,presh-marketing-solutions.breezy.hr,1,Masterjx9-OpenPostings
prestige-capital-group,prestige-capital-group.breezy.hr,1,kalil0321-ats-companies
pretty-little-adventures,pretty-little-adventures.breezy.hr,1,kalil0321-ats-companies
prica-global-enterprises-inc,prica-global-enterprises-inc.breezy.hr,1,Masterjx9-OpenPostings
prica-group-construction-management,prica-group-construction-management.breezy.hr,1,Masterjx9-OpenPostings
prima,prima.breezy.hr,1,Masterjx9-OpenPostings
prime-coalition,prime-coalition.breezy.hr,2,Masterjx9-OpenPostings;ches-ctrl-cheddar
prime-drive-logistics,prime-drive-logistics.breezy.hr,1,Masterjx9-OpenPostings
primeforge,primeforge.breezy.hr,1,Masterjx9-OpenPostings
primordial-labs,primordial-labs.breezy.hr,1,Masterjx9-OpenPostings
principa,principa.breezy.hr,2,Masterjx9-OpenPostings;kalil0321-ats-companies
printfly,printfly.breezy.hr,2,Masterjx9-OpenPostings;kalil0321-ats-companies
printler-group-ab,printler-group-ab.breezy.hr,1,Masterjx9-OpenPostings
prisma-international,prisma-international.breezy.hr,1,Masterjx9-OpenPostings
prismatic,prismatic.breezy.hr,1,Masterjx9-OpenPostings
prodeo-academy,prodeo-academy.breezy.hr,2,Masterjx9-OpenPostings;kalil0321-ats-companies
prodev,prodev.breezy.hr,1,Masterjx9-OpenPostings
product-hunt,product-hunt.breezy.hr,1,Masterjx9-OpenPostings
productable,productable.breezy.hr,1,Masterjx9-OpenPostings
productdock,productdock.breezy.hr,1,Masterjx9-OpenPostings
production-club,production-club.breezy.hr,1,Masterjx9-OpenPostings
proems,proems.breezy.hr,2,Masterjx9-OpenPostings;kalil0321-ats-companies
proexe-eu,proexe-eu.breezy.hr,1,Masterjx9-OpenPostings
profound-strategy,profound-strategy.breezy.hr,1,Masterjx9-OpenPostings
progesys-inc,progesys-inc.breezy.hr,1,Masterjx9-OpenPostings
proglove,proglove.breezy.hr,1,Masterjx9-OpenPostings
progressnow,progressnow.breezy.hr,1,Masterjx9-OpenPostings
project-26-pennsylvania,project-26-pennsylvania.breezy.hr,2,Masterjx9-OpenPostings;kalil0321-ats-companies
project-oneten,project-oneten.breezy.hr,1,Masterjx9-OpenPostings
project10k,project10k.breezy.hr,1,Masterjx9-OpenPostings
prolift-rigging,prolift-rigging.breezy.hr,1,kalil0321-ats-companies
promise,promise.breezy.hr,2,Masterjx9-OpenPostings;kalil0321-ats-companies
prompt-therapy-solutions,prompt-therapy-solutions.breezy.hr,2,Masterjx9-OpenPostings;kalil0321-ats-companies
proofpilot-inc,proofpilot-inc.breezy.hr,1,kalil0321-ats-companies
propelamerica,propelamerica.breezy.hr,2,Masterjx9-OpenPostings;kalil0321-ats-companies
proper-expression,proper-expression.breezy.hr,2,Masterjx9-OpenPostings;kalil0321-ats-companies
property-leads,property-leads.breezy.hr,2,Masterjx9-OpenPostings;kalil0321-ats-companies
property-meld,property-meld.breezy.hr,3,Masterjx9-OpenPostings;ches-ctrl-cheddar;kalil0321-ats-companies
propertyhero-ai,propertyhero-ai.breezy.hr,1,Masterjx9-OpenPostings
propertyradar-inc,propertyradar-inc.breezy.hr,1,Masterjx9-OpenPostings
prophesee,prophesee.breezy.hr,1,Masterjx9-OpenPostings
proquest-consulting,proquest-consulting.breezy.hr,1,Masterjx9-OpenPostings
prosoft,prosoft.breezy.hr,1,Masterjx9-OpenPostings
prospa,prospa.breezy.hr,1,Masterjx9-OpenPostings
protec-dental-laboratories-ltd,protec-dental-laboratories-ltd.breezy.hr,1,Masterjx9-OpenPostings
protein,protein.breezy.hr,1,Masterjx9-OpenPostings
proumwelt,proumwelt.breezy.hr,1,Masterjx9-OpenPostings
proven,proven.breezy.hr,1,Masterjx9-OpenPostings
prozis,prozis.breezy.hr,2,Masterjx9-OpenPostings;kalil0321-ats-companies
prt-financial,prt-financial.breezy.hr,1,Masterjx9-OpenPostings
prudent-engineering,prudent-engineering.breezy.hr,2,Masterjx9-OpenPostings;kalil0321-ats-companies
psc,psc.breezy.hr,1,kalil0321-ats-companies
pse-healthy-energy,pse-healthy-energy.breezy.hr,1,Masterjx9-OpenPostings
psm,psm.breezy.hr,2,Masterjx9-OpenPostings;kalil0321-ats-companies
psyphycare-7d99d547f19b,psyphycare-7d99d547f19b.breezy.hr,2,Masterjx9-OpenPostings;kalil0321-ats-companies
pt-git-gow-ayo,pt-git-gow-ayo.breezy.hr,1,kalil0321-ats-companies
ptoexchange,ptoexchange.breezy.hr,1,Masterjx9-OpenPostings
pulsara,pulsara.breezy.hr,1,Masterjx9-OpenPostings
pulse-id,pulse-id.breezy.hr,1,Masterjx9-OpenPostings
puma-telecom,puma-telecom.breezy.hr,1,Masterjx9-OpenPostings
punch-cyber-analytics-group,punch-cyber-analytics-group.breezy.hr,1,Masterjx9-OpenPostings
pure-service-pro-llc,pure-service-pro-llc.breezy.hr,1,Masterjx9-OpenPostings
purely-poultry,purely-poultry.breezy.hr,1,Masterjx9-OpenPostings
purple-unicorn,purple-unicorn.breezy.hr,2,Masterjx9-OpenPostings;kalil0321-ats-companies
puzzle-cats,puzzle-cats.breezy.hr,3,Masterjx9-OpenPostings;kalil0321-ats-companies;outscal-openjobs
pylons,pylons.breezy.hr,1,Masterjx9-OpenPostings
pyrovio,pyrovio.breezy.hr,2,Masterjx9-OpenPostings;kalil0321-ats-companies
q-block-computing,q-block-computing.breezy.hr,2,Masterjx9-OpenPostings;kalil0321-ats-companies
qcc-adult-child-primary-care,qcc-adult-child-primary-care.breezy.hr,1,Masterjx9-OpenPostings
qcss-health,qcss-health.breezy.hr,1,Masterjx9-OpenPostings
qkids,qkids.breezy.hr,1,Masterjx9-OpenPostings
qleen,qleen.breezy.hr,1,Masterjx9-OpenPostings
qooper,qooper.breezy.hr,1,Masterjx9-OpenPostings
qps-works,qps-works.breezy.hr,1,Masterjx9-OpenPostings
qritive,qritive.breezy.hr,1,Masterjx9-OpenPostings
qs,qs.breezy.hr,1,Masterjx9-OpenPostings
qtalo,qtalo.breezy.hr,1,Masterjx9-OpenPostings
quadcode,quadcode.breezy.hr,2,Masterjx9-OpenPostings;kalil0321-ats-companies
qualitas-consulting-group,qualitas-consulting-group.breezy.hr,2,Masterjx9-OpenPostings;kalil0321-ats-companies
quality-archery-designs,quality-archery-designs.breezy.hr,1,Masterjx9-OpenPostings
quality-enterprises-usa-inc,quality-enterprises-usa-inc.breezy.hr,1,kalil0321-ats-companies
quantios,quantios.breezy.hr,1,Masterjx9-OpenPostings
quantum-brilliance,quantum-brilliance.breezy.hr,1,Masterjx9-OpenPostings
quarks,quarks.breezy.hr,1,Masterjx9-OpenPostings
quatrain-creative,quatrain-creative.breezy.hr,2,Masterjx9-OpenPostings;kalil0321-ats-companies
que,que.breezy.hr,1,kalil0321-ats-companies
queens-carbon,queens-carbon.breezy.hr,1,Masterjx9-OpenPostings
queplan,queplan.breezy.hr,1,Masterjx9-OpenPostings
qui-identity-inc,qui-identity-inc.breezy.hr,1,Masterjx9-OpenPostings
quickbridge-funding,quickbridge-funding.breezy.hr,1,Masterjx9-OpenPostings
quicklyhire,quicklyhire.breezy.hr,1,Masterjx9-OpenPostings
quimby-digital,quimby-digital.breezy.hr,1,Masterjx9-OpenPostings
quinn-co-of-ny-ltd,quinn-co-of-ny-ltd.breezy.hr,1,Masterjx9-OpenPostings
quintessa-marketing,quintessa-marketing.breezy.hr,1,kalil0321-ats-companies
quintessential-health,quintessential-health.breezy.hr,1,Masterjx9-OpenPostings
qunasys,qunasys.breezy.hr,1,Masterjx9-OpenPostings
quotefactory,quotefactory.breezy.hr,1,Masterjx9-OpenPostings
qwqer-eu,qwqer-eu.breezy.hr,1,Masterjx9-OpenPostings
r-a-miller-industries-inc-33ad0025d526,r-a-miller-industries-inc-33ad0025d526.breezy.hr,1,Masterjx9-OpenPostings
r3-business-solutions-llc,r3-business-solutions-llc.breezy.hr,1,Masterjx9-OpenPostings
r3-roofing,r3-roofing.breezy.hr,2,Masterjx9-OpenPostings;kalil0321-ats-companies
rabbitrank,rabbitrank.breezy.hr,1,Masterjx9-OpenPostings
raco-manufacturing-engineering-co,raco-manufacturing-engineering-co.breezy.hr,1,Masterjx9-OpenPostings
radial-analytics,radial-analytics.breezy.hr,1,Masterjx9-OpenPostings
radiant-church,radiant-church.breezy.hr,1,Masterjx9-OpenPostings
radiant-earth-foundation,radiant-earth-foundation.breezy.hr,1,Masterjx9-OpenPostings
radiant-plumbing-and-air-conditioning,radiant-plumbing-and-air-conditioning.breezy.hr,1,Masterjx9-OpenPostings
radical-imaging,radical-imaging.breezy.hr,1,Masterjx9-OpenPostings
radilens,radilens.breezy.hr,1,Masterjx9-OpenPostings
radina-s,radina-s.breezy.hr,1,Masterjx9-OpenPostings
radiology-associates-of-north-texas,radiology-associates-of-north-texas.breezy.hr,1,Masterjx9-OpenPostings
raftelis,raftelis.breezy.hr,2,Masterjx9-OpenPostings;kalil0321-ats-companies
raid-base-inc,raid-base-inc.breezy.hr,1,outscal-openjobs
rainforest,rainforest.breezy.hr,1,Masterjx9-OpenPostings
rainforest-action-network,rainforest-action-network.breezy.hr,1,Masterjx9-OpenPostings
raisingthevillage,raisingthevillage.breezy.hr,1,kalil0321-ats-companies
raldex,raldex.breezy.hr,2,Masterjx9-OpenPostings;kalil0321-ats-companies
ramptalentjobs,ramptalentjobs.breezy.hr,1,Masterjx9-OpenPostings
randall-residence,randall-residence.breezy.hr,1,Masterjx9-OpenPostings
rapid-mortgage,rapid-mortgage.breezy.hr,1,Masterjx9-OpenPostings
raptor-maps,raptor-maps.breezy.hr,1,Masterjx9-OpenPostings
rascal-games,rascal-games.breezy.hr,2,Masterjx9-OpenPostings;outscal-openjobs
ray-of-hope,ray-of-hope.breezy.hr,1,Masterjx9-OpenPostings
raysaco,raysaco.breezy.hr,1,Masterjx9-OpenPostings
razorhorse-capital,razorhorse-capital.breezy.hr,1,Masterjx9-OpenPostings
rds,rds.breezy.hr,1,kalil0321-ats-companies
re-fab,re-fab.breezy.hr,1,Masterjx9-OpenPostings
re-max-executive-fast-track-program,re-max-executive-fast-track-program.breezy.hr,1,Masterjx9-OpenPostings
rea-associates,rea-associates.breezy.hr,1,Masterjx9-OpenPostings
reach,reach.breezy.hr,1,Masterjx9-OpenPostings
reach-out-and-read,reach-out-and-read.breezy.hr,2,Masterjx9-OpenPostings;kalil0321-ats-companies
real-estate-webmasters,real-estate-webmasters.breezy.hr,1,Masterjx9-OpenPostings
realt,realt.breezy.hr,1,Masterjx9-OpenPostings
realtyconnect,realtyconnect.breezy.hr,1,Masterjx9-OpenPostings
reamcare,reamcare.breezy.hr,1,Masterjx9-OpenPostings
rebel-staffing-llc,rebel-staffing-llc.breezy.hr,1,Masterjx9-OpenPostings
rebound-technologies,rebound-technologies.breezy.hr,2,Masterjx9-OpenPostings;kalil0321-ats-companies
recess,recess.breezy.hr,1,kalil0321-ats-companies
reconstruct-inc,reconstruct-inc.breezy.hr,2,Masterjx9-OpenPostings;kalil0321-ats-companies
recordati,recordati.breezy.hr,1,Masterjx9-OpenPostings
recovr,recovr.breezy.hr,1,Masterjx9-OpenPostings
recrue,recrue.breezy.hr,2,Masterjx9-OpenPostings;kalil0321-ats-companies
recruit-66c441c05fde,recruit-66c441c05fde.breezy.hr,1,Masterjx9-OpenPostings
recruit-direct,recruit-direct.breezy.hr,1,Masterjx9-OpenPostings
recruiter-at-law,recruiter-at-law.breezy.hr,2,Masterjx9-OpenPostings;kalil0321-ats-companies
recruiting,recruiting.breezy.hr,1,kalil0321-ats-companies
recrutamento,recrutamento.breezy.hr,1,Masterjx9-OpenPostings
recrutement-selection-inc,recrutement-selection-inc.breezy.hr,1,Masterjx9-OpenPostings
recursive,recursive.breezy.hr,1,Masterjx9-OpenPostings
red-antler,red-antler.breezy.hr,2,Masterjx9-OpenPostings;kalil0321-ats-companies
red-apple-fireworks,red-apple-fireworks.breezy.hr,1,Masterjx9-OpenPostings
red-cup-it-inc,red-cup-it-inc.breezy.hr,2,Masterjx9-OpenPostings;kalil0321-ats-companies
red-edge,red-edge.breezy.hr,1,Masterjx9-OpenPostings
red-land-cargo,red-land-cargo.breezy.hr,1,Masterjx9-OpenPostings
red-line-logistics,red-line-logistics.breezy.hr,1,Masterjx9-OpenPostings
red-rabbit,red-rabbit.breezy.hr,2,Masterjx9-OpenPostings;kalil0321-ats-companies
red-raion,red-raion.breezy.hr,1,Masterjx9-OpenPostings
red-rocks-church,red-rocks-church.breezy.hr,1,Masterjx9-OpenPostings
redcloud-technologies,redcloud-technologies.breezy.hr,1,Masterjx9-OpenPostings
redial-bpo,redial-bpo.breezy.hr,1,Masterjx9-OpenPostings
redwood-day-school,redwood-day-school.breezy.hr,1,Masterjx9-OpenPostings
reel-father-s-rights,reel-father-s-rights.breezy.hr,1,Masterjx9-OpenPostings
reengineventures,reengineventures.breezy.hr,1,Masterjx9-OpenPostings
reface,reface.breezy.hr,1,Masterjx9-OpenPostings
refibuy-inc,refibuy-inc.breezy.hr,1,kalil0321-ats-companies
reflow,reflow.breezy.hr,1,Masterjx9-OpenPostings
reform-collective,reform-collective.breezy.hr,1,Masterjx9-OpenPostings
reincubate,reincubate.breezy.hr,2,Masterjx9-OpenPostings;kalil0321-ats-companies
reiss,reiss.breezy.hr,2,Masterjx9-OpenPostings;kalil0321-ats-companies
reliant-central,reliant-central.breezy.hr,2,Masterjx9-OpenPostings;kalil0321-ats-companies
reliant-collegiate-program,reliant-collegiate-program.breezy.hr,2,Masterjx9-OpenPostings;kalil0321-ats-companies
reliant-credit-repair,reliant-credit-repair.breezy.hr,1,Masterjx9-OpenPostings
reliant-intl,reliant-intl.breezy.hr,1,Masterjx9-OpenPostings
reliant-mission,reliant-mission.breezy.hr,1,Masterjx9-OpenPostings
reliantinternships,reliantinternships.breezy.hr,2,Masterjx9-OpenPostings;kalil0321-ats-companies
remedy,remedy.breezy.hr,1,Masterjx9-OpenPostings
remerge,remerge.breezy.hr,1,Masterjx9-OpenPostings
remodel-health,remodel-health.breezy.hr,1,Masterjx9-OpenPostings
remote-year,remote-year.breezy.hr,2,Masterjx9-OpenPostings;kalil0321-ats-companies
renalogic,renalogic.breezy.hr,1,Masterjx9-OpenPostings
renew-cares,renew-cares.breezy.hr,1,Masterjx9-OpenPostings
renewable-properties,renewable-properties.breezy.hr,2,Masterjx9-OpenPostings;kalil0321-ats-companies
renewance-inc,renewance-inc.breezy.hr,1,kalil0321-ats-companies
renewco2,renewco2.breezy.hr,1,Masterjx9-OpenPostings
renewed-vision,renewed-vision.breezy.hr,1,Masterjx9-OpenPostings
renoairport,renoairport.breezy.hr,2,Masterjx9-OpenPostings;kalil0321-ats-companies
rentcars,rentcars.breezy.hr,1,Masterjx9-OpenPostings
repair-the-world,repair-the-world.breezy.hr,2,Masterjx9-OpenPostings;kalil0321-ats-companies
replayed,replayed.breezy.hr,1,Masterjx9-OpenPostings
reptile,reptile.breezy.hr,1,Masterjx9-OpenPostings
requis,requis.breezy.hr,1,Masterjx9-OpenPostings
rescon-basement-solutions-llc,rescon-basement-solutions-llc.breezy.hr,1,Masterjx9-OpenPostings
research-talent-hub,research-talent-hub.breezy.hr,1,Masterjx9-OpenPostings
researchhub,researchhub.breezy.hr,1,Masterjx9-OpenPostings
resilient-minds-on-the-front-lines,resilient-minds-on-the-front-lines.breezy.hr,1,Masterjx9-OpenPostings
resource-associates-of-nv,resource-associates-of-nv.breezy.hr,1,Masterjx9-OpenPostings
resource-generation,resource-generation.breezy.hr,1,Masterjx9-OpenPostings
respond-io,respond-io.breezy.hr,1,Masterjx9-OpenPostings
resultslab,resultslab.breezy.hr,1,Masterjx9-OpenPostings
resultstack,resultstack.breezy.hr,1,Masterjx9-OpenPostings
resupply,resupply.breezy.hr,1,Masterjx9-OpenPostings
retail-aware-inc,retail-aware-inc.breezy.hr,1,Masterjx9-OpenPostings
retail-zipline,retail-zipline.breezy.hr,1,Masterjx9-OpenPostings
returnbear,returnbear.breezy.hr,2,Masterjx9-OpenPostings;kalil0321-ats-companies
revamp-engineering-inc,revamp-engineering-inc.breezy.hr,2,Masterjx9-OpenPostings;kalil0321-ats-companies
revcult,revcult.breezy.hr,1,Masterjx9-OpenPostings
reveille-group,reveille-group.breezy.hr,1,Masterjx9-OpenPostings
revel-cpa,revel-cpa.breezy.hr,2,Masterjx9-OpenPostings;kalil0321-ats-companies
reveleer,reveleer.breezy.hr,2,Masterjx9-OpenPostings;kalil0321-ats-companies
revendo-new,revendo-new.breezy.hr,1,Masterjx9-OpenPostings
revenue-accelerator,revenue-accelerator.breezy.hr,1,Masterjx9-OpenPostings
revenued,revenued.breezy.hr,1,Masterjx9-OpenPostings
revenued-albania,revenued-albania.breezy.hr,1,Masterjx9-OpenPostings
reverb-films,reverb-films.breezy.hr,1,Masterjx9-OpenPostings
reverence,reverence.breezy.hr,1,Masterjx9-OpenPostings
revgen,revgen.breezy.hr,2,Masterjx9-OpenPostings;kalil0321-ats-companies
review-wave,review-wave.breezy.hr,1,Masterjx9-OpenPostings
revive-design-studios-llc,revive-design-studios-llc.breezy.hr,1,Masterjx9-OpenPostings
revnue-corp,revnue-corp.breezy.hr,1,Masterjx9-OpenPostings
revolution-prep,revolution-prep.breezy.hr,1,Masterjx9-OpenPostings
revolution-recruiting,revolution-recruiting.breezy.hr,2,Masterjx9-OpenPostings;kalil0321-ats-companies
revolution-solar,revolution-solar.breezy.hr,1,Masterjx9-OpenPostings
revops-inc,revops-inc.breezy.hr,1,Masterjx9-OpenPostings
rezare-systems,rezare-systems.breezy.hr,1,Masterjx9-OpenPostings
rh2-engineering-inc,rh2-engineering-inc.breezy.hr,2,Masterjx9-OpenPostings;kalil0321-ats-companies
rhizome-data,rhizome-data.breezy.hr,1,Masterjx9-OpenPostings
rhynocare,rhynocare.breezy.hr,2,Masterjx9-OpenPostings;kalil0321-ats-companies
rhythm-management-group,rhythm-management-group.breezy.hr,1,Masterjx9-OpenPostings
ribbon,ribbon.breezy.hr,1,kalil0321-ats-companies
ricart-automotive,ricart-automotive.breezy.hr,1,Masterjx9-OpenPostings
ricoh-e-discovery,ricoh-e-discovery.breezy.hr,1,Masterjx9-OpenPostings
ridepanda,ridepanda.breezy.hr,2,Masterjx9-OpenPostings;kalil0321-ats-companies
right-side-capital-management,right-side-capital-management.breezy.hr,2,Masterjx9-OpenPostings;kalil0321-ats-companies
rightmove-health,rightmove-health.breezy.hr,1,kalil0321-ats-companies
ring-io,ring-io.breezy.hr,1,Masterjx9-OpenPostings
ripemetrics,ripemetrics.breezy.hr,1,Masterjx9-OpenPostings
rishworth-aviation,rishworth-aviation.breezy.hr,1,Masterjx9-OpenPostings
rising-team,rising-team.breezy.hr,1,Masterjx9-OpenPostings
ritain-io,ritain-io.breezy.hr,1,Masterjx9-OpenPostings
ritholtz-wealth-management,ritholtz-wealth-management.breezy.hr,1,Masterjx9-OpenPostings
rivermead,rivermead.breezy.hr,2,Masterjx9-OpenPostings;kalil0321-ats-companies
riverside-natural-foods-ltd,riverside-natural-foods-ltd.breezy.hr,1,Masterjx9-OpenPostings
riverview-coal-llc,riverview-coal-llc.breezy.hr,2,Masterjx9-OpenPostings;kalil0321-ats-companies
rivet-work,rivet-work.breezy.hr,1,Masterjx9-OpenPostings
rivo,rivo.breezy.hr,1,kalil0321-ats-companies
rk-brands-ltd,rk-brands-ltd.breezy.hr,2,Masterjx9-OpenPostings;kalil0321-ats-companies
rlay,rlay.breezy.hr,1,kalil0321-ats-companies
rmmfi,rmmfi.breezy.hr,1,Masterjx9-OpenPostings
road-runner-courier,road-runner-courier.breezy.hr,1,Masterjx9-OpenPostings
roamer-games,roamer-games.breezy.hr,1,Masterjx9-OpenPostings
robbins-children-s-programs,robbins-children-s-programs.breezy.hr,1,Masterjx9-OpenPostings
robertplumbmanagement,robertplumbmanagement.breezy.hr,1,Masterjx9-OpenPostings
roc-ventures,roc-ventures.breezy.hr,2,Masterjx9-OpenPostings;kalil0321-ats-companies
rock-city-church,rock-city-church.breezy.hr,1,Masterjx9-OpenPostings
rockcruit,rockcruit.breezy.hr,1,Masterjx9-OpenPostings
rocketbook,rocketbook.breezy.hr,1,Masterjx9-OpenPostings
rocketdocs-global-inc,rocketdocs-global-inc.breezy.hr,1,Masterjx9-OpenPostings
rocketlit,rocketlit.breezy.hr,1,Masterjx9-OpenPostings
rocky-mountain-care,rocky-mountain-care.breezy.hr,1,Masterjx9-OpenPostings
rodal-technologies,rodal-technologies.breezy.hr,1,Masterjx9-OpenPostings
rodriguez,rodriguez.breezy.hr,1,Masterjx9-OpenPostings
rogue-ales-spirits,rogue-ales-spirits.breezy.hr,1,Masterjx9-OpenPostings
rohloff-group,rohloff-group.breezy.hr,1,Masterjx9-OpenPostings
rombo-ai,rombo-ai.breezy.hr,1,kalil0321-ats-companies
rome-tools-inc,rome-tools-inc.breezy.hr,2,Masterjx9-OpenPostings;kalil0321-ats-companies
romeroinstitute,romeroinstitute.breezy.hr,1,Masterjx9-OpenPostings
rooksdm,rooksdm.breezy.hr,1,Masterjx9-OpenPostings
roomza-inc,roomza-inc.breezy.hr,1,Masterjx9-OpenPostings
roosh,roosh.breezy.hr,1,Masterjx9-OpenPostings
roost,roost.breezy.hr,1,Masterjx9-OpenPostings
rootstock-software,rootstock-software.breezy.hr,2,Masterjx9-OpenPostings;ches-ctrl-cheddar
rosalyn-yalow-charter-school,rosalyn-yalow-charter-school.breezy.hr,1,Masterjx9-OpenPostings
rose-roofing-restoration,rose-roofing-restoration.breezy.hr,1,kalil0321-ats-companies
rotating-equipment-specialists,rotating-equipment-specialists.breezy.hr,1,kalil0321-ats-companies
route-66-ventures,route-66-ventures.breezy.hr,1,Masterjx9-OpenPostings
routeware-inc,routeware-inc.breezy.hr,2,Masterjx9-OpenPostings;ches-ctrl-cheddar
rover,rover.breezy.hr,1,kalil0321-ats-companies
roxxon,roxxon.breezy.hr,1,Masterjx9-OpenPostings
rph,rph.breezy.hr,1,Masterjx9-OpenPostings
rs-breakers-and-controls-inc-cb1b471cbe8e,rs-breakers-and-controls-inc-cb1b471cbe8e.breezy.hr,1,kalil0321-ats-companies
rti-ltd,rti-ltd.breezy.hr,1,Masterjx9-OpenPostings
rts-management-inc,rts-management-inc.breezy.hr,1,Masterjx9-OpenPostings
rubica,rubica.breezy.hr,1,Masterjx9-OpenPostings
rubicon-d-o-o,rubicon-d-o-o.breezy.hr,1,Masterjx9-OpenPostings
rubicon-group,rubicon-group.breezy.hr,1,Masterjx9-OpenPostings
rubris-inc,rubris-inc.breezy.hr,1,Masterjx9-OpenPostings
rubyplay-network,rubyplay-network.breezy.hr,2,Masterjx9-OpenPostings;kalil0321-ats-companies
rucd-head-start,rucd-head-start.breezy.hr,1,Masterjx9-OpenPostings
rule4,rule4.breezy.hr,1,Masterjx9-OpenPostings
rumble-boxing,rumble-boxing.breezy.hr,1,kalil0321-ats-companies
runa-hr,runa-hr.breezy.hr,1,Masterjx9-OpenPostings
runn,runn.breezy.hr,2,Masterjx9-OpenPostings;kalil0321-ats-companies
rusinconcrete,rusinconcrete.breezy.hr,1,Masterjx9-OpenPostings
russells-tech,russells-tech.breezy.hr,1,Masterjx9-OpenPostings
rustic-pathways-travel,rustic-pathways-travel.breezy.hr,1,Masterjx9-OpenPostings
ruvixx,ruvixx.breezy.hr,2,Masterjx9-OpenPostings;kalil0321-ats-companies
rxmg,rxmg.breezy.hr,1,Masterjx9-OpenPostings
ryther-child-center,ryther-child-center.breezy.hr,2,Masterjx9-OpenPostings;kalil0321-ats-companies
s-a-group,s-a-group.breezy.hr,1,kalil0321-ats-companies
s-b-technical-products,s-b-technical-products.breezy.hr,1,Masterjx9-OpenPostings
sa-global,sa-global.breezy.hr,2,Masterjx9-OpenPostings;kalil0321-ats-companies
saatchi-art,saatchi-art.breezy.hr,2,Masterjx9-OpenPostings;kalil0321-ats-companies
sabanto,sabanto.breezy.hr,2,Masterjx9-OpenPostings;kalil0321-ats-companies
saber-technology-solutions-llc,saber-technology-solutions-llc.breezy.hr,1,Masterjx9-OpenPostings
safe-passage-project-corporation,safe-passage-project-corporation.breezy.hr,2,Masterjx9-OpenPostings;kalil0321-ats-companies
sagaci-research,sagaci-research.breezy.hr,1,Masterjx9-OpenPostings
sage-haus,sage-haus.breezy.hr,1,kalil0321-ats-companies
sakari,sakari.breezy.hr,1,Masterjx9-OpenPostings
sales-excellence-institute,sales-excellence-institute.breezy.hr,1,Masterjx9-OpenPostings
salesberry-group,salesberry-group.breezy.hr,1,Masterjx9-OpenPostings
salesdraft-recruiting,salesdraft-recruiting.breezy.hr,1,kalil0321-ats-companies
salesfloor-inc,salesfloor-inc.breezy.hr,1,Masterjx9-OpenPostings
salesflow,salesflow.breezy.hr,1,Masterjx9-OpenPostings
salesmsg,salesmsg.breezy.hr,1,Masterjx9-OpenPostings
salespider-media-inc,salespider-media-inc.breezy.hr,1,Masterjx9-OpenPostings
salesrabbit,salesrabbit.breezy.hr,2,Masterjx9-OpenPostings;kalil0321-ats-companies
salientmg,salientmg.breezy.hr,1,Masterjx9-OpenPostings
sallve,sallve.breezy.hr,1,Masterjx9-OpenPostings
salmonjobs,salmonjobs.breezy.hr,2,Masterjx9-OpenPostings;kalil0321-ats-companies
salt-city-trucking,salt-city-trucking.breezy.hr,1,Masterjx9-OpenPostings
salt-home-services,salt-home-services.breezy.hr,1,Masterjx9-OpenPostings
salute-mission-inc,salute-mission-inc.breezy.hr,1,Masterjx9-OpenPostings
sam-s-fun-city,sam-s-fun-city.breezy.hr,1,Masterjx9-OpenPostings
samrc,samrc.breezy.hr,1,Masterjx9-OpenPostings
sana-lake-recovery,sana-lake-recovery.breezy.hr,2,Masterjx9-OpenPostings;kalil0321-ats-companies
sandbox,sandbox.breezy.hr,1,kalil0321-ats-companies
sandlot-co,sandlot-co.breezy.hr,2,Masterjx9-OpenPostings;kalil0321-ats-companies
sands-investment-group,sands-investment-group.breezy.hr,1,Masterjx9-OpenPostings
sangfroid-strategy,sangfroid-strategy.breezy.hr,1,Masterjx9-OpenPostings
sankofa-school-of-success,sankofa-school-of-success.breezy.hr,1,Masterjx9-OpenPostings
santa-barbara-sparky,santa-barbara-sparky.breezy.hr,1,Masterjx9-OpenPostings
santos,santos.breezy.hr,1,kalil0321-ats-companies
saota,saota.breezy.hr,1,Masterjx9-OpenPostings
sapling-energy,sapling-energy.breezy.hr,1,Masterjx9-OpenPostings
sata,sata.breezy.hr,1,kalil0321-ats-companies
satellite,satellite.breezy.hr,1,Masterjx9-OpenPostings
sauble-eats,sauble-eats.breezy.hr,1,Masterjx9-OpenPostings
sav,sav.breezy.hr,1,Masterjx9-OpenPostings
sava-health,sava-health.breezy.hr,1,Masterjx9-OpenPostings
savas-labs,savas-labs.breezy.hr,2,Masterjx9-OpenPostings;kalil0321-ats-companies
savvital,savvital.breezy.hr,2,Masterjx9-OpenPostings;kalil0321-ats-companies
savvy,savvy.breezy.hr,1,Masterjx9-OpenPostings
savvy-cleaning-company,savvy-cleaning-company.breezy.hr,1,Masterjx9-OpenPostings
saw,saw.breezy.hr,1,kalil0321-ats-companies
sawyer-staffing,sawyer-staffing.breezy.hr,1,Masterjx9-OpenPostings
sayway-gmbh,sayway-gmbh.breezy.hr,1,Masterjx9-OpenPostings
sbc-performance,sbc-performance.breezy.hr,1,kalil0321-ats-companies
scandinavian-building-services,scandinavian-building-services.breezy.hr,2,Masterjx9-OpenPostings;kalil0321-ats-companies
scarpel-telecom,scarpel-telecom.breezy.hr,2,Masterjx9-OpenPostings;kalil0321-ats-companies
scb-techx-co-ltd,scb-techx-co-ltd.breezy.hr,2,Masterjx9-OpenPostings;kalil0321-ats-companies
scentbird,scentbird.breezy.hr,2,Masterjx9-OpenPostings;kalil0321-ats-companies
schafer-condon-carter,schafer-condon-carter.breezy.hr,1,Masterjx9-OpenPostings
schauenburgsystems,schauenburgsystems.breezy.hr,1,Masterjx9-OpenPostings
schema,schema.breezy.hr,1,Masterjx9-OpenPostings
scholarly,scholarly.breezy.hr,1,Masterjx9-OpenPostings
schoodic-institute,schoodic-institute.breezy.hr,1,Masterjx9-OpenPostings
school-of-motion,school-of-motion.breezy.hr,1,Masterjx9-OpenPostings
school-of-the-nations,school-of-the-nations.breezy.hr,1,Masterjx9-OpenPostings
school-portraits,school-portraits.breezy.hr,1,Masterjx9-OpenPostings
schoolytics,schoolytics.breezy.hr,1,Masterjx9-OpenPostings
schroeder-manatee-ranch-inc,schroeder-manatee-ranch-inc.breezy.hr,1,Masterjx9-OpenPostings
scientific-safety-alliance,scientific-safety-alliance.breezy.hr,1,kalil0321-ats-companies
scimitar-inc,scimitar-inc.breezy.hr,2,Masterjx9-OpenPostings;kalil0321-ats-companies
scope-content-ag,scope-content-ag.breezy.hr,1,Masterjx9-OpenPostings
scout,scout.breezy.hr,1,Masterjx9-OpenPostings
scout-apm,scout-apm.breezy.hr,1,Masterjx9-OpenPostings
scribekick,scribekick.breezy.hr,1,Masterjx9-OpenPostings
sd-solutions,sd-solutions.breezy.hr,2,Masterjx9-OpenPostings;kalil0321-ats-companies
sdsn-youth,sdsn-youth.breezy.hr,1,Masterjx9-OpenPostings
sdv-construction-inc,sdv-construction-inc.breezy.hr,1,Masterjx9-OpenPostings
seabound,seabound.breezy.hr,1,ches-ctrl-cheddar
seafoam-media,seafoam-media.breezy.hr,1,Masterjx9-OpenPostings
sealing-technologies-inc,sealing-technologies-inc.breezy.hr,1,Masterjx9-OpenPostings
seamless,seamless.breezy.hr,1,Masterjx9-OpenPostings
search-atlas,search-atlas.breezy.hr,1,Masterjx9-OpenPostings
seasats,seasats.breezy.hr,2,Masterjx9-OpenPostings;kalil0321-ats-companies
seashell,seashell.breezy.hr,1,Masterjx9-OpenPostings
seasoned-recruiting,seasoned-recruiting.breezy.hr,1,Masterjx9-OpenPostings
securespace-self-storage,securespace-self-storage.breezy.hr,1,Masterjx9-OpenPostings
security-dm-ltd,security-dm-ltd.breezy.hr,1,kalil0321-ats-companies
security-roots,security-roots.breezy.hr,2,Masterjx9-OpenPostings;kalil0321-ats-companies
seeding-justice,seeding-justice.breezy.hr,1,Masterjx9-OpenPostings
seedtag,seedtag.breezy.hr,1,Masterjx9-OpenPostings
seeknow,seeknow.breezy.hr,2,Masterjx9-OpenPostings;kalil0321-ats-companies
seemylegacy,seemylegacy.breezy.hr,1,Masterjx9-OpenPostings
sefaria,sefaria.breezy.hr,2,Masterjx9-OpenPostings;ches-ctrl-cheddar
segware,segware.breezy.hr,1,Masterjx9-OpenPostings
seidor,seidor.breezy.hr,1,Masterjx9-OpenPostings
sela,sela.breezy.hr,1,Masterjx9-OpenPostings
sela-aquatics,sela-aquatics.breezy.hr,2,Masterjx9-OpenPostings;kalil0321-ats-companies
selectquote,selectquote.breezy.hr,1,Masterjx9-OpenPostings
selectstar-solutions,selectstar-solutions.breezy.hr,1,Masterjx9-OpenPostings
selzy,selzy.breezy.hr,1,Masterjx9-OpenPostings
semsee,semsee.breezy.hr,1,Masterjx9-OpenPostings
senesco-marine,senesco-marine.breezy.hr,1,Masterjx9-OpenPostings
sense-engineering,sense-engineering.breezy.hr,1,kalil0321-ats-companies
sentinel-blue,sentinel-blue.breezy.hr,2,Masterjx9-OpenPostings;kalil0321-ats-companies
sentinel-devices,sentinel-devices.breezy.hr,2,Masterjx9-OpenPostings;kalil0321-ats-companies
sentium,sentium.breezy.hr,1,Masterjx9-OpenPostings
sentral,sentral.breezy.hr,2,Masterjx9-OpenPostings;kalil0321-ats-companies
sepsis-alliance,sepsis-alliance.breezy.hr,2,Masterjx9-OpenPostings;kalil0321-ats-companies
seranova,seranova.breezy.hr,1,Masterjx9-OpenPostings
serato-limited,serato-limited.breezy.hr,2,Masterjx9-OpenPostings;kalil0321-ats-companies
serendipity-labs,serendipity-labs.breezy.hr,1,Masterjx9-OpenPostings
serenity,serenity.breezy.hr,1,Masterjx9-OpenPostings
serent-capital,serent-capital.breezy.hr,1,Masterjx9-OpenPostings
serious-development,serious-development.breezy.hr,1,kalil0321-ats-companies
serv-recruitment-agency,serv-recruitment-agency.breezy.hr,2,Masterjx9-OpenPostings;kalil0321-ats-companies
servant,servant.breezy.hr,1,Masterjx9-OpenPostings
serve-club,serve-club.breezy.hr,1,kalil0321-ats-companies
serverless-guru-llc,serverless-guru-llc.breezy.hr,2,Masterjx9-OpenPostings;kalil0321-ats-companies
servers-com,servers-com.breezy.hr,1,kalil0321-ats-companies
servicebyte,servicebyte.breezy.hr,1,Masterjx9-OpenPostings
servos,servos.breezy.hr,1,Masterjx9-OpenPostings
servy,servy.breezy.hr,1,Masterjx9-OpenPostings
seth-for-massachusetts,seth-for-massachusetts.breezy.hr,1,kalil0321-ats-companies
settle,settle.breezy.hr,1,kalil0321-ats-companies
seven-hills,seven-hills.breezy.hr,1,Masterjx9-OpenPostings
seven-retail,seven-retail.breezy.hr,2,Masterjx9-OpenPostings;kalil0321-ats-companies
sevensense-robotics-ag,sevensense-robotics-ag.breezy.hr,1,Masterjx9-OpenPostings
seventh-dimension,seventh-dimension.breezy.hr,2,Masterjx9-OpenPostings;kalil0321-ats-companies
seventy,seventy.breezy.hr,1,Masterjx9-OpenPostings
sfermion,sfermion.breezy.hr,1,Masterjx9-OpenPostings
sfr3,sfr3.breezy.hr,1,Masterjx9-OpenPostings
shake-smart-inc,shake-smart-inc.breezy.hr,2,Masterjx9-OpenPostings;kalil0321-ats-companies
shamil-translation,shamil-translation.breezy.hr,1,Masterjx9-OpenPostings
shapiro-raj,shapiro-raj.breezy.hr,1,Masterjx9-OpenPostings
shara,shara.breezy.hr,1,Masterjx9-OpenPostings
share,share.breezy.hr,1,Masterjx9-OpenPostings
share-food-program,share-food-program.breezy.hr,1,Masterjx9-OpenPostings
share-local-media,share-local-media.breezy.hr,1,Masterjx9-OpenPostings
sharesource,sharesource.breezy.hr,1,Masterjx9-OpenPostings
sheerchain-85cac8ee04de,sheerchain-85cac8ee04de.breezy.hr,1,Masterjx9-OpenPostings
shefinds,shefinds.breezy.hr,1,Masterjx9-OpenPostings
sherpany,sherpany.breezy.hr,2,Masterjx9-OpenPostings;kalil0321-ats-companies
shift-lab,shift-lab.breezy.hr,1,Masterjx9-OpenPostings
shinelight,shinelight.breezy.hr,1,Masterjx9-OpenPostings
shipblu,shipblu.breezy.hr,1,Masterjx9-OpenPostings
shiphero,shiphero.breezy.hr,2,Masterjx9-OpenPostings;kalil0321-ats-companies
shiply,shiply.breezy.hr,1,Masterjx9-OpenPostings
shipshap,shipshap.breezy.hr,1,Masterjx9-OpenPostings
shoals-club,shoals-club.breezy.hr,2,Masterjx9-OpenPostings;kalil0321-ats-companies
shopritex,shopritex.breezy.hr,2,Masterjx9-OpenPostings;kalil0321-ats-companies
shore-consulting,shore-consulting.breezy.hr,1,Masterjx9-OpenPostings
shoreline-natural-resources-limited,shoreline-natural-resources-limited.breezy.hr,1,Masterjx9-OpenPostings
showami,showami.breezy.hr,1,kalil0321-ats-companies
showdigs,showdigs.breezy.hr,1,Masterjx9-OpenPostings
shpdc,shpdc.breezy.hr,1,Masterjx9-OpenPostings
shrimp-shack-seafood-kitchen,shrimp-shack-seafood-kitchen.breezy.hr,1,Masterjx9-OpenPostings
shuvel,shuvel.breezy.hr,1,Masterjx9-OpenPostings
shyftoff,shyftoff.breezy.hr,1,Masterjx9-OpenPostings
side-labs,side-labs.breezy.hr,1,Masterjx9-OpenPostings
sidekicker,sidekicker.breezy.hr,1,Masterjx9-OpenPostings
sidelineswap,sidelineswap.breezy.hr,1,Masterjx9-OpenPostings
sideways-6,sideways-6.breezy.hr,1,Masterjx9-OpenPostings
sideworx-connect-usa,sideworx-connect-usa.breezy.hr,2,Masterjx9-OpenPostings;kalil0321-ats-companies
sideworxconnect,sideworxconnect.breezy.hr,1,Masterjx9-OpenPostings
sidney-regional-medical-center,sidney-regional-medical-center.breezy.hr,1,Masterjx9-OpenPostings
siebert-williams-shank-co,siebert-williams-shank-co.breezy.hr,1,Masterjx9-OpenPostings
siegel-gale,siegel-gale.breezy.hr,2,Masterjx9-OpenPostings;kalil0321-ats-companies
sifi,sifi.breezy.hr,1,Masterjx9-OpenPostings
sigao-studios,sigao-studios.breezy.hr,1,Masterjx9-OpenPostings
sightline-climate-inc,sightline-climate-inc.breezy.hr,1,Masterjx9-OpenPostings
sigital-llc,sigital-llc.breezy.hr,2,Masterjx9-OpenPostings;kalil0321-ats-companies
siglio,siglio.breezy.hr,1,Masterjx9-OpenPostings
sigma-squared,sigma-squared.breezy.hr,1,Masterjx9-OpenPostings
signal-group,signal-group.breezy.hr,2,Masterjx9-OpenPostings;kalil0321-ats-companies
signallamp-health,signallamp-health.breezy.hr,1,Masterjx9-OpenPostings
signature-aviation,signature-aviation.breezy.hr,1,Masterjx9-OpenPostings
signatureaviation,signatureaviation.breezy.hr,1,Masterjx9-OpenPostings
sikhri,sikhri.breezy.hr,1,Masterjx9-OpenPostings
silana,silana.breezy.hr,1,kalil0321-ats-companies
silo-finance,silo-finance.breezy.hr,1,Masterjx9-OpenPostings
simbiosys-inc,simbiosys-inc.breezy.hr,1,Masterjx9-OpenPostings
simera-sense,simera-sense.breezy.hr,2,Masterjx9-OpenPostings;kalil0321-ats-companies
simple-healthkit,simple-healthkit.breezy.hr,1,Masterjx9-OpenPostings
simple-organic,simple-organic.breezy.hr,1,Masterjx9-OpenPostings
simple-organic-beauty,simple-organic-beauty.breezy.hr,1,Masterjx9-OpenPostings
simplex-investments-llc,simplex-investments-llc.breezy.hr,1,Masterjx9-OpenPostings
simplify3d,simplify3d.breezy.hr,1,Masterjx9-OpenPostings
simplygood,simplygood.breezy.hr,1,Masterjx9-OpenPostings
simucase,simucase.breezy.hr,1,Masterjx9-OpenPostings
sinai,sinai.breezy.hr,2,Masterjx9-OpenPostings;ches-ctrl-cheddar
sine-education,sine-education.breezy.hr,1,Masterjx9-OpenPostings
singlefile,singlefile.breezy.hr,2,Masterjx9-OpenPostings;kalil0321-ats-companies
singlemind-consulting,singlemind-consulting.breezy.hr,1,Masterjx9-OpenPostings
sirius-support,sirius-support.breezy.hr,2,Masterjx9-OpenPostings;kalil0321-ats-companies
sis-q-cellular-llc,sis-q-cellular-llc.breezy.hr,1,Masterjx9-OpenPostings
sistem-tutoring-agency,sistem-tutoring-agency.breezy.hr,1,Masterjx9-OpenPostings
sister-schools,sister-schools.breezy.hr,1,Masterjx9-OpenPostings
sit-means-sit-austin,sit-means-sit-austin.breezy.hr,1,Masterjx9-OpenPostings
sitter-studio,sitter-studio.breezy.hr,1,Masterjx9-OpenPostings
skilldlabs,skilldlabs.breezy.hr,1,Masterjx9-OpenPostings
skipcart,skipcart.breezy.hr,1,Masterjx9-OpenPostings
skipper,skipper.breezy.hr,1,Masterjx9-OpenPostings
skirball-cultural-center,skirball-cultural-center.breezy.hr,1,kalil0321-ats-companies
skoah,skoah.breezy.hr,1,Masterjx9-OpenPostings
skyhigh-scaffolding,skyhigh-scaffolding.breezy.hr,1,Masterjx9-OpenPostings
skylark,skylark.breezy.hr,1,Masterjx9-OpenPostings
skynano,skynano.breezy.hr,1,Masterjx9-OpenPostings
skypath,skypath.breezy.hr,1,Masterjx9-OpenPostings
skyscrapers,skyscrapers.breezy.hr,1,Masterjx9-OpenPostings
skyspecs,skyspecs.breezy.hr,2,Masterjx9-OpenPostings;kalil0321-ats-companies
skywirenetworks,skywirenetworks.breezy.hr,1,Masterjx9-OpenPostings
sleeping-duck,sleeping-duck.breezy.hr,1,Masterjx9-OpenPostings
sleepres-inc,sleepres-inc.breezy.hr,1,Masterjx9-OpenPostings
slim-in,slim-in.breezy.hr,1,Masterjx9-OpenPostings
slingshot,slingshot.breezy.hr,1,Masterjx9-OpenPostings
smaa,smaa.breezy.hr,1,Masterjx9-OpenPostings
small-batch-standard,small-batch-standard.breezy.hr,2,Masterjx9-OpenPostings;kalil0321-ats-companies
small-improvements,small-improvements.breezy.hr,1,Masterjx9-OpenPostings
small-potato-trucking,small-potato-trucking.breezy.hr,1,Masterjx9-OpenPostings
small-world,small-world.breezy.hr,1,Masterjx9-OpenPostings
smallbusinessloans,smallbusinessloans.breezy.hr,1,Masterjx9-OpenPostings
smallpartsinc,smallpartsinc.breezy.hr,2,Masterjx9-OpenPostings;kalil0321-ats-companies
smart-city-locating,smart-city-locating.breezy.hr,2,Masterjx9-OpenPostings;kalil0321-ats-companies
smart-codes-eae513730598,smart-codes-eae513730598.breezy.hr,1,Masterjx9-OpenPostings
smart-role,smart-role.breezy.hr,1,Masterjx9-OpenPostings
smartaction,smartaction.breezy.hr,1,Masterjx9-OpenPostings
smarthires,smarthires.breezy.hr,1,Masterjx9-OpenPostings
smartiban,smartiban.breezy.hr,1,Masterjx9-OpenPostings
smartmessage,smartmessage.breezy.hr,2,Masterjx9-OpenPostings;kalil0321-ats-companies
smartmobilefactory,smartmobilefactory.breezy.hr,1,Masterjx9-OpenPostings
smartrend-manufacturing-group,smartrend-manufacturing-group.breezy.hr,2,Masterjx9-OpenPostings;kalil0321-ats-companies
smarttie-digital-lab-sc,smarttie-digital-lab-sc.breezy.hr,1,Masterjx9-OpenPostings
smbhd,smbhd.breezy.hr,1,kalil0321-ats-companies
smdigital,smdigital.breezy.hr,1,Masterjx9-OpenPostings
smileland-dental,smileland-dental.breezy.hr,2,Masterjx9-OpenPostings;kalil0321-ats-companies
smith-crown,smith-crown.breezy.hr,1,Masterjx9-OpenPostings
smith-hair-salon-llc,smith-hair-salon-llc.breezy.hr,1,Masterjx9-OpenPostings
smokey-point-distributing,smokey-point-distributing.breezy.hr,1,Masterjx9-OpenPostings
smoky-mountain-outdoors,smoky-mountain-outdoors.breezy.hr,1,Masterjx9-OpenPostings
smyrna-police-department,smyrna-police-department.breezy.hr,1,Masterjx9-OpenPostings
snaju-llc,snaju-llc.breezy.hr,1,Masterjx9-OpenPostings
snapnurse-ta,snapnurse-ta.breezy.hr,1,Masterjx9-OpenPostings
snappycx,snappycx.breezy.hr,2,Masterjx9-OpenPostings;kalil0321-ats-companies
snw,snw.breezy.hr,1,kalil0321-ats-companies
snx,snx.breezy.hr,1,Masterjx9-OpenPostings
soares-landscaping,soares-landscaping.breezy.hr,1,Masterjx9-OpenPostings
socar,socar.breezy.hr,1,Masterjx9-OpenPostings
soccer-shots-east-and-south-sd,soccer-shots-east-and-south-sd.breezy.hr,1,Masterjx9-OpenPostings
social-currant,social-currant.breezy.hr,1,Masterjx9-OpenPostings
social-discovery-ventures,social-discovery-ventures.breezy.hr,3,Masterjx9-OpenPostings;kalil0321-ats-companies;outscal-openjobs
social-nature,social-nature.breezy.hr,1,Masterjx9-OpenPostings
social-plus,social-plus.breezy.hr,1,Masterjx9-OpenPostings
socradar,socradar.breezy.hr,2,Masterjx9-OpenPostings;kalil0321-ats-companies
softab,softab.breezy.hr,2,Masterjx9-OpenPostings;kalil0321-ats-companies
software-secured,software-secured.breezy.hr,2,Masterjx9-OpenPostings;kalil0321-ats-companies
softwaremill,softwaremill.breezy.hr,1,Masterjx9-OpenPostings
soko-glam,soko-glam.breezy.hr,1,Masterjx9-OpenPostings
solar-lf,solar-lf.breezy.hr,1,Masterjx9-OpenPostings
solarnexus,solarnexus.breezy.hr,1,Masterjx9-OpenPostings
sole-source-medical,sole-source-medical.breezy.hr,1,Masterjx9-OpenPostings
solen-software-group,solen-software-group.breezy.hr,2,Masterjx9-OpenPostings;kalil0321-ats-companies
soles4souls,soles4souls.breezy.hr,2,Masterjx9-OpenPostings;kalil0321-ats-companies
soliant-consulting,soliant-consulting.breezy.hr,1,Masterjx9-OpenPostings
solid,solid.breezy.hr,1,Masterjx9-OpenPostings
solidum-sverige-ab,solidum-sverige-ab.breezy.hr,1,Masterjx9-OpenPostings
soligo,soligo.breezy.hr,1,kalil0321-ats-companies
solo-funds,solo-funds.breezy.hr,1,Masterjx9-OpenPostings
solomons-europe,solomons-europe.breezy.hr,1,Masterjx9-OpenPostings
solugen,solugen.breezy.hr,2,Masterjx9-OpenPostings;kalil0321-ats-companies
solvative,solvative.breezy.hr,3,Masterjx9-OpenPostings;kalil0321-ats-companies;outscal-openjobs
solvoyo,solvoyo.breezy.hr,2,Masterjx9-OpenPostings;kalil0321-ats-companies
something-wicked-games-inc,something-wicked-games-inc.breezy.hr,2,Masterjx9-OpenPostings;outscal-openjobs
somo,somo.breezy.hr,1,Masterjx9-OpenPostings
sonno-malaysia,sonno-malaysia.breezy.hr,1,Masterjx9-OpenPostings
sonosim,sonosim.breezy.hr,1,Masterjx9-OpenPostings
sortlist,sortlist.breezy.hr,1,Masterjx9-OpenPostings
sortly-inc,sortly-inc.breezy.hr,1,Masterjx9-OpenPostings
sosha,sosha.breezy.hr,1,Masterjx9-OpenPostings
sosuite,sosuite.breezy.hr,2,Masterjx9-OpenPostings;kalil0321-ats-companies
soulchi,soulchi.breezy.hr,1,Masterjx9-OpenPostings
sounding-board-inc,sounding-board-inc.breezy.hr,1,Masterjx9-OpenPostings
soundreef,soundreef.breezy.hr,1,Masterjx9-OpenPostings
source-1-solutions,source-1-solutions.breezy.hr,1,Masterjx9-OpenPostings
sourcefin,sourcefin.breezy.hr,1,Masterjx9-OpenPostings
sourcefit,sourcefit.breezy.hr,2,Masterjx9-OpenPostings;kalil0321-ats-companies
sourcemap-inc,sourcemap-inc.breezy.hr,2,Masterjx9-OpenPostings;ches-ctrl-cheddar
sourceworx,sourceworx.breezy.hr,1,Masterjx9-OpenPostings
sous-chef,sous-chef.breezy.hr,1,Masterjx9-OpenPostings
south-african-graduate-employers-association,south-african-graduate-employers-association.breezy.hr,1,Masterjx9-OpenPostings
south-orange-rescue-squad,south-orange-rescue-squad.breezy.hr,1,Masterjx9-OpenPostings
south-seattle-emerald,south-seattle-emerald.breezy.hr,1,Masterjx9-OpenPostings
southern-california-institute-of-technology,southern-california-institute-of-technology.breezy.hr,1,Masterjx9-OpenPostings
southern-seminary,southern-seminary.breezy.hr,1,kalil0321-ats-companies
southland-therapy-services,southland-therapy-services.breezy.hr,1,Masterjx9-OpenPostings
sown-to-grow,sown-to-grow.breezy.hr,1,Masterjx9-OpenPostings
space-ge,space-ge.breezy.hr,2,Masterjx9-OpenPostings;kalil0321-ats-companies
space-nk,space-nk.breezy.hr,1,Masterjx9-OpenPostings
spacefinish,spacefinish.breezy.hr,1,Masterjx9-OpenPostings
spacehive,spacehive.breezy.hr,1,Masterjx9-OpenPostings
spacewell,spacewell.breezy.hr,1,Masterjx9-OpenPostings
span-construction-engineering-inc,span-construction-engineering-inc.breezy.hr,1,Masterjx9-OpenPostings
sparc,sparc.breezy.hr,1,Masterjx9-OpenPostings
sparc-the-world,sparc-the-world.breezy.hr,1,Masterjx9-OpenPostings
spark-power,spark-power.breezy.hr,2,Masterjx9-OpenPostings;kalil0321-ats-companies
sparkbit,sparkbit.breezy.hr,1,Masterjx9-OpenPostings
sparkbox,sparkbox.breezy.hr,2,Masterjx9-OpenPostings;kalil0321-ats-companies
sparkd,sparkd.breezy.hr,1,kalil0321-ats-companies
sparks-financial,sparks-financial.breezy.hr,1,kalil0321-ats-companies
sparx-hockey,sparx-hockey.breezy.hr,1,Masterjx9-OpenPostings
spatial,spatial.breezy.hr,2,Masterjx9-OpenPostings;outscal-openjobs
special-olympics-of-washington,special-olympics-of-washington.breezy.hr,1,Masterjx9-OpenPostings
special-x,special-x.breezy.hr,1,Masterjx9-OpenPostings
spectrum-primary-care,spectrum-primary-care.breezy.hr,1,Masterjx9-OpenPostings
spectrumhealth,spectrumhealth.breezy.hr,1,kalil0321-ats-companies
speedwell-construction,speedwell-construction.breezy.hr,2,Masterjx9-OpenPostings;kalil0321-ats-companies
spendable,spendable.breezy.hr,1,kalil0321-ats-companies
spike95-limited,spike95-limited.breezy.hr,2,Masterjx9-OpenPostings;kalil0321-ats-companies
spin-global,spin-global.breezy.hr,1,Masterjx9-OpenPostings
spinrite,spinrite.breezy.hr,2,Masterjx9-OpenPostings;kalil0321-ats-companies
spinup,spinup.breezy.hr,1,Masterjx9-OpenPostings
spiral-financial-inc,spiral-financial-inc.breezy.hr,1,Masterjx9-OpenPostings
spiro,spiro.breezy.hr,1,Masterjx9-OpenPostings
splinterlands,splinterlands.breezy.hr,1,Masterjx9-OpenPostings
spoke-phone,spoke-phone.breezy.hr,1,Masterjx9-OpenPostings
sponsorunited,sponsorunited.breezy.hr,1,Masterjx9-OpenPostings
sportradar,sportradar.breezy.hr,2,Masterjx9-OpenPostings;kalil0321-ats-companies
sports-reference-llc,sports-reference-llc.breezy.hr,1,Masterjx9-OpenPostings
spotterrf,spotterrf.breezy.hr,2,Masterjx9-OpenPostings;kalil0321-ats-companies
spring-into-clean,spring-into-clean.breezy.hr,1,Masterjx9-OpenPostings
sprinthub-mobile,sprinthub-mobile.breezy.hr,1,Masterjx9-OpenPostings
squam-supply,squam-supply.breezy.hr,1,Masterjx9-OpenPostings
srlabs,srlabs.breezy.hr,1,Masterjx9-OpenPostings
srs-merchandising,srs-merchandising.breezy.hr,2,Masterjx9-OpenPostings;kalil0321-ats-companies
ssdn,ssdn.breezy.hr,1,Masterjx9-OpenPostings
ssg-corp,ssg-corp.breezy.hr,2,Masterjx9-OpenPostings;kalil0321-ats-companies
ssg-cr,ssg-cr.breezy.hr,1,Masterjx9-OpenPostings
ssg-dr,ssg-dr.breezy.hr,1,Masterjx9-OpenPostings
ssg-emea,ssg-emea.breezy.hr,2,Masterjx9-OpenPostings;kalil0321-ats-companies
ssg-mexico,ssg-mexico.breezy.hr,1,Masterjx9-OpenPostings
ssg-nova-scotia,ssg-nova-scotia.breezy.hr,1,Masterjx9-OpenPostings
ssg-pa,ssg-pa.breezy.hr,1,Masterjx9-OpenPostings
ssg-philippines,ssg-philippines.breezy.hr,2,Masterjx9-OpenPostings;kalil0321-ats-companies
ssg-texas,ssg-texas.breezy.hr,2,Masterjx9-OpenPostings;kalil0321-ats-companies
st-amant,st-amant.breezy.hr,2,Masterjx9-OpenPostings;kalil0321-ats-companies
st-julian,st-julian.breezy.hr,1,Masterjx9-OpenPostings
st-mark-s-school,st-mark-s-school.breezy.hr,1,Masterjx9-OpenPostings
st-martin-parish-sheriff-office,st-martin-parish-sheriff-office.breezy.hr,1,Masterjx9-OpenPostings
stac-labs,stac-labs.breezy.hr,1,Masterjx9-OpenPostings
stack-influence,stack-influence.breezy.hr,1,Masterjx9-OpenPostings
stacklet,stacklet.breezy.hr,1,Masterjx9-OpenPostings
staffmill-oy,staffmill-oy.breezy.hr,1,Masterjx9-OpenPostings
staffright,staffright.breezy.hr,1,Masterjx9-OpenPostings
staffworthy-inc,staffworthy-inc.breezy.hr,1,Masterjx9-OpenPostings
stages-learning-materials,stages-learning-materials.breezy.hr,1,Masterjx9-OpenPostings
stake,stake.breezy.hr,1,Masterjx9-OpenPostings
stake-capital-group,stake-capital-group.breezy.hr,1,Masterjx9-OpenPostings
staking-rewards,staking-rewards.breezy.hr,1,Masterjx9-OpenPostings
stand-up-america,stand-up-america.breezy.hr,2,Masterjx9-OpenPostings;ches-ctrl-cheddar
standardfusion,standardfusion.breezy.hr,1,Masterjx9-OpenPostings
starberry,starberry.breezy.hr,1,Masterjx9-OpenPostings
starbucks-south-africa,starbucks-south-africa.breezy.hr,1,Masterjx9-OpenPostings
startupblink,startupblink.breezy.hr,2,Masterjx9-OpenPostings;kalil0321-ats-companies
stateline-family-ymca,stateline-family-ymca.breezy.hr,1,Masterjx9-OpenPostings
station-four,station-four.breezy.hr,1,Masterjx9-OpenPostings
statusgator,statusgator.breezy.hr,1,Masterjx9-OpenPostings
statusphere,statusphere.breezy.hr,2,Masterjx9-OpenPostings;kalil0321-ats-companies
stc-safety,stc-safety.breezy.hr,1,Masterjx9-OpenPostings
steady-platform,steady-platform.breezy.hr,1,Masterjx9-OpenPostings
steel-fence-supply,steel-fence-supply.breezy.hr,1,Masterjx9-OpenPostings
steel-wool-studios,steel-wool-studios.breezy.hr,2,Masterjx9-OpenPostings;outscal-openjobs
stellarpeak-corp,stellarpeak-corp.breezy.hr,1,Masterjx9-OpenPostings
stem-learning-ltd,stem-learning-ltd.breezy.hr,1,Masterjx9-OpenPostings
stemuli-studios-inc,stemuli-studios-inc.breezy.hr,2,Masterjx9-OpenPostings;outscal-openjobs
step-up-team,step-up-team.breezy.hr,1,Masterjx9-OpenPostings
sterling-fleet-outfitters,sterling-fleet-outfitters.breezy.hr,1,Masterjx9-OpenPostings
steveworks-llc,steveworks-llc.breezy.hr,1,Masterjx9-OpenPostings
stg,stg.breezy.hr,1,Masterjx9-OpenPostings
stinson,stinson.breezy.hr,2,Masterjx9-OpenPostings;kalil0321-ats-companies
stix,stix.breezy.hr,1,Masterjx9-OpenPostings
stjohnsdsg,stjohnsdsg.breezy.hr,1,Masterjx9-OpenPostings
stokastic,stokastic.breezy.hr,1,Masterjx9-OpenPostings
stonegate-advisors,stonegate-advisors.breezy.hr,1,Masterjx9-OpenPostings
storage-scholars,storage-scholars.breezy.hr,2,Masterjx9-OpenPostings;kalil0321-ats-companies
storecast-gmbh,storecast-gmbh.breezy.hr,1,Masterjx9-OpenPostings
stormind-games,stormind-games.breezy.hr,2,Masterjx9-OpenPostings;outscal-openjobs
storyco,storyco.breezy.hr,1,Masterjx9-OpenPostings
stoss-inc,stoss-inc.breezy.hr,1,Masterjx9-OpenPostings
stowe-land-trust,stowe-land-trust.breezy.hr,1,Masterjx9-OpenPostings
stqry,stqry.breezy.hr,1,Masterjx9-OpenPostings
strata-g-llc,strata-g-llc.breezy.hr,1,Masterjx9-OpenPostings
strategic-alliance-management-services,strategic-alliance-management-services.breezy.hr,1,Masterjx9-OpenPostings
strategic-systems-international,strategic-systems-international.breezy.hr,2,Masterjx9-OpenPostings;kalil0321-ats-companies
strategyzer-ag,strategyzer-ag.breezy.hr,1,Masterjx9-OpenPostings
stratis-group-llc,stratis-group-llc.breezy.hr,1,kalil0321-ats-companies
stratos-solutions,stratos-solutions.breezy.hr,1,Masterjx9-OpenPostings
straub-collaborative,straub-collaborative.breezy.hr,1,Masterjx9-OpenPostings
stream,stream.breezy.hr,1,Masterjx9-OpenPostings
streamhub,streamhub.breezy.hr,2,Masterjx9-OpenPostings;kalil0321-ats-companies
streetwise-partners,streetwise-partners.breezy.hr,1,Masterjx9-OpenPostings
student-basic-needs-coalition,student-basic-needs-coalition.breezy.hr,1,Masterjx9-OpenPostings
students-without-mothers,students-without-mothers.breezy.hr,1,kalil0321-ats-companies
studio,studio.breezy.hr,2,Masterjx9-OpenPostings;kalil0321-ats-companies
study-association-star,study-association-star.breezy.hr,1,Masterjx9-OpenPostings
subconscious-ai,subconscious-ai.breezy.hr,1,Masterjx9-OpenPostings
subquery,subquery.breezy.hr,1,Masterjx9-OpenPostings
subscribe,subscribe.breezy.hr,1,Masterjx9-OpenPostings
subtext,subtext.breezy.hr,1,Masterjx9-OpenPostings
sudokrew,sudokrew.breezy.hr,1,Masterjx9-OpenPostings
sugarshot,sugarshot.breezy.hr,1,kalil0321-ats-companies
sugatan-io,sugatan-io.breezy.hr,1,Masterjx9-OpenPostings
suitespot-technology,suitespot-technology.breezy.hr,1,Masterjx9-OpenPostings
sullivan,sullivan.breezy.hr,1,kalil0321-ats-companies
sully-ai,sully-ai.breezy.hr,1,Masterjx9-OpenPostings
sultans,sultans.breezy.hr,1,Masterjx9-OpenPostings
sumeru-equity-partners,sumeru-equity-partners.breezy.hr,1,Masterjx9-OpenPostings
summerfall-studios,summerfall-studios.breezy.hr,1,Masterjx9-OpenPostings
summit,summit.breezy.hr,1,kalil0321-ats-companies
summit-integrated-systems,summit-integrated-systems.breezy.hr,1,kalil0321-ats-companies
summit-medical-consultants-llc,summit-medical-consultants-llc.breezy.hr,1,Masterjx9-OpenPostings
sunblink,sunblink.breezy.hr,2,Masterjx9-OpenPostings;outscal-openjobs
sunday,sunday.breezy.hr,2,Masterjx9-OpenPostings;kalil0321-ats-companies
sunday-health,sunday-health.breezy.hr,2,Masterjx9-OpenPostings;kalil0321-ats-companies
sunenergy1,sunenergy1.breezy.hr,2,Masterjx9-OpenPostings;kalil0321-ats-companies
sunpower,sunpower.breezy.hr,2,Masterjx9-OpenPostings;kalil0321-ats-companies
sunrise-cafe,sunrise-cafe.breezy.hr,1,Masterjx9-OpenPostings
sunrise-landscape,sunrise-landscape.breezy.hr,1,kalil0321-ats-companies
sunstar-clinical-pllc,sunstar-clinical-pllc.breezy.hr,1,Masterjx9-OpenPostings
sunway-landscape-services,sunway-landscape-services.breezy.hr,1,Masterjx9-OpenPostings
suny-clinton-clinton-community-college,suny-clinton-clinton-community-college.breezy.hr,1,kalil0321-ats-companies
super-heat-fitness,super-heat-fitness.breezy.hr,1,kalil0321-ats-companies
super-studios,super-studios.breezy.hr,1,Masterjx9-OpenPostings
superbolt,superbolt.breezy.hr,2,Masterjx9-OpenPostings;kalil0321-ats-companies
supercare-health,supercare-health.breezy.hr,2,Masterjx9-OpenPostings;kalil0321-ats-companies
superdispatch,superdispatch.breezy.hr,3,Masterjx9-OpenPostings;ches-ctrl-cheddar;kalil0321-ats-companies
superlogic,superlogic.breezy.hr,1,kalil0321-ats-companies
superloyal,superloyal.breezy.hr,1,Masterjx9-OpenPostings
supermind,supermind.breezy.hr,1,Masterjx9-OpenPostings
supporting-families-together-association,supporting-families-together-association.breezy.hr,1,Masterjx9-OpenPostings
surefoot-me,surefoot-me.breezy.hr,2,Masterjx9-OpenPostings;kalil0321-ats-companies
suregifts,suregifts.breezy.hr,1,Masterjx9-OpenPostings
suregroup,suregroup.breezy.hr,1,Masterjx9-OpenPostings
surepath-ai,surepath-ai.breezy.hr,1,Masterjx9-OpenPostings
surge,surge.breezy.hr,1,kalil0321-ats-companies
surge-institute,surge-institute.breezy.hr,2,Masterjx9-OpenPostings;kalil0321-ats-companies
suricats-consulting,suricats-consulting.breezy.hr,1,Masterjx9-OpenPostings
surj,surj.breezy.hr,2,Masterjx9-OpenPostings;kalil0321-ats-companies
surrey-choices,surrey-choices.breezy.hr,1,Masterjx9-OpenPostings
surveymonkey,surveymonkey.breezy.hr,1,kalil0321-ats-companies
survivor-healthcare,survivor-healthcare.breezy.hr,2,Masterjx9-OpenPostings;kalil0321-ats-companies
sushi-guy,sushi-guy.breezy.hr,1,Masterjx9-OpenPostings
sustainable-cities-fund,sustainable-cities-fund.breezy.hr,1,Masterjx9-OpenPostings
suzuki-school-hr,suzuki-school-hr.breezy.hr,1,Masterjx9-OpenPostings
sv,sv.breezy.hr,1,Masterjx9-OpenPostings
sv-academy,sv-academy.breezy.hr,1,Masterjx9-OpenPostings
sva,sva.breezy.hr,2,Masterjx9-OpenPostings;kalil0321-ats-companies
sw-funk-industrial,sw-funk-industrial.breezy.hr,1,Masterjx9-OpenPostings
swa,swa.breezy.hr,1,kalil0321-ats-companies
swa-group,swa-group.breezy.hr,1,Masterjx9-OpenPostings
swapglobal,swapglobal.breezy.hr,1,Masterjx9-OpenPostings
swarm64,swarm64.breezy.hr,1,Masterjx9-OpenPostings
sway,sway.breezy.hr,1,kalil0321-ats-companies
sweat440,sweat440.breezy.hr,1,kalil0321-ats-companies
sweetfishmedia,sweetfishmedia.breezy.hr,1,kalil0321-ats-companies
swift,swift.breezy.hr,2,Masterjx9-OpenPostings;kalil0321-ats-companies
swift-hr-solutions,swift-hr-solutions.breezy.hr,1,Masterjx9-OpenPostings
swifteam,swifteam.breezy.hr,1,Masterjx9-OpenPostings
swing-left,swing-left.breezy.hr,1,Masterjx9-OpenPostings
swipeby,swipeby.breezy.hr,1,Masterjx9-OpenPostings
swipejobs,swipejobs.breezy.hr,1,Masterjx9-OpenPostings
swipesense,swipesense.breezy.hr,1,Masterjx9-OpenPostings
swiss-watch-expo,swiss-watch-expo.breezy.hr,1,Masterjx9-OpenPostings
swissdrones-operating-ag,swissdrones-operating-ag.breezy.hr,1,Masterjx9-OpenPostings
switch,switch.breezy.hr,1,kalil0321-ats-companies
switchback-llc,switchback-llc.breezy.hr,1,Masterjx9-OpenPostings
switchboard,switchboard.breezy.hr,2,Masterjx9-OpenPostings;kalil0321-ats-companies
swivl,swivl.breezy.hr,1,Masterjx9-OpenPostings
swyft-filings,swyft-filings.breezy.hr,2,Masterjx9-OpenPostings;kalil0321-ats-companies
sybill-inc,sybill-inc.breezy.hr,1,Masterjx9-OpenPostings
symbionix,symbionix.breezy.hr,1,Masterjx9-OpenPostings
symetria-recovery,symetria-recovery.breezy.hr,1,Masterjx9-OpenPostings
symmetron-limited,symmetron-limited.breezy.hr,1,Masterjx9-OpenPostings
symphony,symphony.breezy.hr,2,Masterjx9-OpenPostings;kalil0321-ats-companies
synergetics,synergetics.breezy.hr,1,Masterjx9-OpenPostings
synergy-inc,synergy-inc.breezy.hr,1,Masterjx9-OpenPostings
synnefa,synnefa.breezy.hr,1,Masterjx9-OpenPostings
synthesize-bio,synthesize-bio.breezy.hr,2,Masterjx9-OpenPostings;kalil0321-ats-companies
syrah-resources-ltd,syrah-resources-ltd.breezy.hr,1,Masterjx9-OpenPostings
syria-justice-and-accountability-centre,syria-justice-and-accountability-centre.breezy.hr,1,Masterjx9-OpenPostings
syteca,syteca.breezy.hr,2,Masterjx9-OpenPostings;kalil0321-ats-companies
t-capital,t-capital.breezy.hr,2,Masterjx9-OpenPostings;kalil0321-ats-companies
t-scan,t-scan.breezy.hr,1,Masterjx9-OpenPostings
t3-services-group,t3-services-group.breezy.hr,2,Masterjx9-OpenPostings;kalil0321-ats-companies
ta-monroe,ta-monroe.breezy.hr,1,Masterjx9-OpenPostings
tabia,tabia.breezy.hr,1,Masterjx9-OpenPostings
tabs,tabs.breezy.hr,1,kalil0321-ats-companies
tactibit-technologies-llc,tactibit-technologies-llc.breezy.hr,1,Masterjx9-OpenPostings
tagsforhope,tagsforhope.breezy.hr,1,Masterjx9-OpenPostings
tailwind-partners,tailwind-partners.breezy.hr,1,Masterjx9-OpenPostings
talent-acquisition-concepts,talent-acquisition-concepts.breezy.hr,1,Masterjx9-OpenPostings
talent-first,talent-first.breezy.hr,2,Masterjx9-OpenPostings;kalil0321-ats-companies
talent-systems,talent-systems.breezy.hr,1,Masterjx9-OpenPostings
talent-venture-group,talent-venture-group.breezy.hr,1,kalil0321-ats-companies
talentc,talentc.breezy.hr,1,kalil0321-ats-companies
talentline-services-llc,talentline-services-llc.breezy.hr,1,Masterjx9-OpenPostings
talentmovers,talentmovers.breezy.hr,2,Masterjx9-OpenPostings;kalil0321-ats-companies
talentrecruiters-personalberatung-gmbh,talentrecruiters-personalberatung-gmbh.breezy.hr,1,Masterjx9-OpenPostings
talentuch,talentuch.breezy.hr,1,Masterjx9-OpenPostings
talk-recruitment-limited,talk-recruitment-limited.breezy.hr,1,Masterjx9-OpenPostings
talksure,talksure.breezy.hr,2,Masterjx9-OpenPostings;kalil0321-ats-companies
talleco,talleco.breezy.hr,1,Masterjx9-OpenPostings
talon-analytics,talon-analytics.breezy.hr,1,Masterjx9-OpenPostings
tamarindo-group,tamarindo-group.breezy.hr,1,Masterjx9-OpenPostings
tanzanian-children-s-fund,tanzanian-children-s-fund.breezy.hr,1,Masterjx9-OpenPostings
tapouts,tapouts.breezy.hr,1,kalil0321-ats-companies
tarion,tarion.breezy.hr,2,Masterjx9-OpenPostings;kalil0321-ats-companies
taroko,taroko.breezy.hr,2,Masterjx9-OpenPostings;kalil0321-ats-companies
taskforcetalent,taskforcetalent.breezy.hr,1,Masterjx9-OpenPostings
taskpluto,taskpluto.breezy.hr,1,kalil0321-ats-companies
tau-six,tau-six.breezy.hr,1,Masterjx9-OpenPostings
tawk-to,tawk-to.breezy.hr,1,Masterjx9-OpenPostings
taylor-stitch,taylor-stitch.breezy.hr,1,Masterjx9-OpenPostings
tbc-uz,tbc-uz.breezy.hr,2,Masterjx9-OpenPostings;kalil0321-ats-companies
tcla,tcla.breezy.hr,1,kalil0321-ats-companies
teach-llc,teach-llc.breezy.hr,1,Masterjx9-OpenPostings
teach-your-monster,teach-your-monster.breezy.hr,1,Masterjx9-OpenPostings
teacher-s-pension-services-inc,teacher-s-pension-services-inc.breezy.hr,1,Masterjx9-OpenPostings
teachlogic-llc,teachlogic-llc.breezy.hr,1,Masterjx9-OpenPostings
teal,teal.breezy.hr,2,Masterjx9-OpenPostings;kalil0321-ats-companies
teal-media,teal-media.breezy.hr,2,Masterjx9-OpenPostings;ches-ctrl-cheddar
team-201,team-201.breezy.hr,1,Masterjx9-OpenPostings
team-sheeper,team-sheeper.breezy.hr,1,Masterjx9-OpenPostings
team-uis,team-uis.breezy.hr,1,Masterjx9-OpenPostings
teammelon,teammelon.breezy.hr,1,Masterjx9-OpenPostings
teamrankings,teamrankings.breezy.hr,1,Masterjx9-OpenPostings
teamrecruit-armi,teamrecruit-armi.breezy.hr,1,Masterjx9-OpenPostings
teamup,teamup.breezy.hr,1,Masterjx9-OpenPostings
teangle,teangle.breezy.hr,1,kalil0321-ats-companies
teasdale-latin-foods,teasdale-latin-foods.breezy.hr,1,Masterjx9-OpenPostings
tech-returners,tech-returners.breezy.hr,1,Masterjx9-OpenPostings
techchange,techchange.breezy.hr,2,Masterjx9-OpenPostings;ches-ctrl-cheddar
techiia,techiia.breezy.hr,1,Masterjx9-OpenPostings
techlab,techlab.breezy.hr,1,kalil0321-ats-companies
techloy,techloy.breezy.hr,1,Masterjx9-OpenPostings
techmates-group,techmates-group.breezy.hr,1,Masterjx9-OpenPostings
technetics,technetics.breezy.hr,1,Masterjx9-OpenPostings
technica-mining,technica-mining.breezy.hr,1,Masterjx9-OpenPostings
technologists-for-the-public-good,technologists-for-the-public-good.breezy.hr,1,Masterjx9-OpenPostings
technologix,technologix.breezy.hr,2,Masterjx9-OpenPostings;kalil0321-ats-companies
techsmart,techsmart.breezy.hr,1,Masterjx9-OpenPostings
tekton-labs,tekton-labs.breezy.hr,1,Masterjx9-OpenPostings
telax,telax.breezy.hr,1,Masterjx9-OpenPostings
telecomnetworks,telecomnetworks.breezy.hr,1,Masterjx9-OpenPostings
telespazio-be,telespazio-be.breezy.hr,2,Masterjx9-OpenPostings;kalil0321-ats-companies
telos-media,telos-media.breezy.hr,1,kalil0321-ats-companies
telus-agriculture,telus-agriculture.breezy.hr,2,Masterjx9-OpenPostings;kalil0321-ats-companies
telus-health-care-centers,telus-health-care-centers.breezy.hr,2,Masterjx9-OpenPostings;kalil0321-ats-companies
tembo,tembo.breezy.hr,2,Masterjx9-OpenPostings;kalil0321-ats-companies
templar,templar.breezy.hr,1,kalil0321-ats-companies
tempo-libero-cooperativa-sociale-onlus,tempo-libero-cooperativa-sociale-onlus.breezy.hr,2,Masterjx9-OpenPostings;kalil0321-ats-companies
temporaires-d-ete,temporaires-d-ete.breezy.hr,1,Masterjx9-OpenPostings
ten-canada,ten-canada.breezy.hr,1,kalil0321-ats-companies
ten-fifteen,ten-fifteen.breezy.hr,1,Masterjx9-OpenPostings
teneo-education,teneo-education.breezy.hr,1,Masterjx9-OpenPostings
tenor-health-foundation,tenor-health-foundation.breezy.hr,1,kalil0321-ats-companies
tensorops,tensorops.breezy.hr,1,kalil0321-ats-companies
tenstorrent,tenstorrent.breezy.hr,2,Masterjx9-OpenPostings;kalil0321-ats-companies
termscout,termscout.breezy.hr,1,Masterjx9-OpenPostings
terra,terra.breezy.hr,2,Masterjx9-OpenPostings;kalil0321-ats-companies
terracycle,terracycle.breezy.hr,1,Masterjx9-OpenPostings
terrain-pharmaceuticals,terrain-pharmaceuticals.breezy.hr,1,Masterjx9-OpenPostings
terrestris-global-solutions,terrestris-global-solutions.breezy.hr,2,Masterjx9-OpenPostings;kalil0321-ats-companies
terzo-enterprises,terzo-enterprises.breezy.hr,2,Masterjx9-OpenPostings;kalil0321-ats-companies
test-company,test-company.breezy.hr,1,kalil0321-ats-companies
test-yantra-eu-2,test-yantra-eu-2.breezy.hr,2,Masterjx9-OpenPostings;kalil0321-ats-companies
testbox,testbox.breezy.hr,3,Masterjx9-OpenPostings;ches-ctrl-cheddar;kalil0321-ats-companies
tester,tester.breezy.hr,1,kalil0321-ats-companies
testery,testery.breezy.hr,1,Masterjx9-OpenPostings
texada-software,texada-software.breezy.hr,1,Masterjx9-OpenPostings
texas-campaign-for-the-environment,texas-campaign-for-the-environment.breezy.hr,1,Masterjx9-OpenPostings
texas-folklife,texas-folklife.breezy.hr,1,Masterjx9-OpenPostings
texeo-s-r-l,texeo-s-r-l.breezy.hr,1,Masterjx9-OpenPostings
teylor,teylor.breezy.hr,1,Masterjx9-OpenPostings
tezzro,tezzro.breezy.hr,1,Masterjx9-OpenPostings
tff,tff.breezy.hr,1,kalil0321-ats-companies
tgw-logistics-group,tgw-logistics-group.breezy.hr,1,kalil0321-ats-companies
tharsus,tharsus.breezy.hr,1,Masterjx9-OpenPostings
thc123,thc123.breezy.hr,1,Masterjx9-OpenPostings
the-alinea-group,the-alinea-group.breezy.hr,1,Masterjx9-OpenPostings
the-ambassador-platform,the-ambassador-platform.breezy.hr,1,Masterjx9-OpenPostings
the-anti,the-anti.breezy.hr,1,Masterjx9-OpenPostings
the-asprey-group,the-asprey-group.breezy.hr,1,Masterjx9-OpenPostings
the-assistant,the-assistant.breezy.hr,1,Masterjx9-OpenPostings
the-australian-ballet,the-australian-ballet.breezy.hr,1,Masterjx9-OpenPostings
the-beam-network,the-beam-network.breezy.hr,1,Masterjx9-OpenPostings
the-berkeley,the-berkeley.breezy.hr,1,Masterjx9-OpenPostings
the-borgen-project,the-borgen-project.breezy.hr,1,Masterjx9-OpenPostings
the-bulletin-of-the-atomic-scientists,the-bulletin-of-the-atomic-scientists.breezy.hr,1,Masterjx9-OpenPostings
the-bureau,the-bureau.breezy.hr,2,Masterjx9-OpenPostings;kalil0321-ats-companies
the-c2-group,the-c2-group.breezy.hr,2,Masterjx9-OpenPostings;kalil0321-ats-companies
the-campbell-foundation,the-campbell-foundation.breezy.hr,1,Masterjx9-OpenPostings
the-cara-group,the-cara-group.breezy.hr,1,Masterjx9-OpenPostings
the-care-bureau,the-care-bureau.breezy.hr,1,Masterjx9-OpenPostings
the-center-for-third-world-organizing,the-center-for-third-world-organizing.breezy.hr,1,Masterjx9-OpenPostings
the-church-of-the-incarnation,the-church-of-the-incarnation.breezy.hr,1,Masterjx9-OpenPostings
the-claw-house,the-claw-house.breezy.hr,1,Masterjx9-OpenPostings
the-code-zone,the-code-zone.breezy.hr,2,Masterjx9-OpenPostings;kalil0321-ats-companies
the-commonwealth-fund,the-commonwealth-fund.breezy.hr,2,Masterjx9-OpenPostings;kalil0321-ats-companies
the-convenience-shop,the-convenience-shop.breezy.hr,1,Masterjx9-OpenPostings
the-corporate-law-academy,the-corporate-law-academy.breezy.hr,1,kalil0321-ats-companies
the-court-reporting-academy,the-court-reporting-academy.breezy.hr,1,Masterjx9-OpenPostings
the-croghan-colonial-bank,the-croghan-colonial-bank.breezy.hr,1,Masterjx9-OpenPostings
the-digital-stronghold,the-digital-stronghold.breezy.hr,1,kalil0321-ats-companies
the-dyrt,the-dyrt.breezy.hr,2,Masterjx9-OpenPostings;kalil0321-ats-companies
the-educator-s-room,the-educator-s-room.breezy.hr,1,Masterjx9-OpenPostings
the-encore-company,the-encore-company.breezy.hr,1,Masterjx9-OpenPostings
the-engineering-society-of-queen-s-university,the-engineering-society-of-queen-s-university.breezy.hr,1,Masterjx9-OpenPostings
the-english-school,the-english-school.breezy.hr,2,Masterjx9-OpenPostings;kalil0321-ats-companies
the-farm-project,the-farm-project.breezy.hr,1,Masterjx9-OpenPostings
the-fun-ones-party-rental,the-fun-ones-party-rental.breezy.hr,1,Masterjx9-OpenPostings
the-garden-foundation,the-garden-foundation.breezy.hr,1,Masterjx9-OpenPostings
the-good,the-good.breezy.hr,1,Masterjx9-OpenPostings
the-graph,the-graph.breezy.hr,1,Masterjx9-OpenPostings
the-henry-ford,the-henry-ford.breezy.hr,1,Masterjx9-OpenPostings
the-hill-center,the-hill-center.breezy.hr,1,Masterjx9-OpenPostings
the-hotels-network,the-hotels-network.breezy.hr,1,Masterjx9-OpenPostings
the-hoth,the-hoth.breezy.hr,2,Masterjx9-OpenPostings;kalil0321-ats-companies
the-intercept,the-intercept.breezy.hr,2,Masterjx9-OpenPostings;ches-ctrl-cheddar
the-international-data-organization-for-transport,the-international-data-organization-for-transport.breezy.hr,1,Masterjx9-OpenPostings
the-job-plugs,the-job-plugs.breezy.hr,1,Masterjx9-OpenPostings
the-kidney-experts-pllc,the-kidney-experts-pllc.breezy.hr,1,Masterjx9-OpenPostings
the-last-layer,the-last-layer.breezy.hr,1,Masterjx9-OpenPostings
the-luminos-fund,the-luminos-fund.breezy.hr,2,Masterjx9-OpenPostings;kalil0321-ats-companies
the-mathews-agency,the-mathews-agency.breezy.hr,2,Masterjx9-OpenPostings;kalil0321-ats-companies
the-modern-hello,the-modern-hello.breezy.hr,1,Masterjx9-OpenPostings
the-moran-group,the-moran-group.breezy.hr,1,Masterjx9-OpenPostings
the-musicianship,the-musicianship.breezy.hr,1,Masterjx9-OpenPostings
the-new-primal,the-new-primal.breezy.hr,1,Masterjx9-OpenPostings
the-peak-properties-group,the-peak-properties-group.breezy.hr,1,Masterjx9-OpenPostings
the-philanthropy-workshop,the-philanthropy-workshop.breezy.hr,1,Masterjx9-OpenPostings
the-proactive-technology-group,the-proactive-technology-group.breezy.hr,1,Masterjx9-OpenPostings
the-pros-weddings,the-pros-weddings.breezy.hr,1,Masterjx9-OpenPostings
the-psc,the-psc.breezy.hr,1,Masterjx9-OpenPostings
the-qt-company,the-qt-company.breezy.hr,1,Masterjx9-OpenPostings
the-quest-of-evolution,the-quest-of-evolution.breezy.hr,1,Masterjx9-OpenPostings
the-really-great-teacher-company,the-really-great-teacher-company.breezy.hr,1,Masterjx9-OpenPostings
the-redford-center,the-redford-center.breezy.hr,1,Masterjx9-OpenPostings
the-refinery,the-refinery.breezy.hr,1,kalil0321-ats-companies
the-rose-group,the-rose-group.breezy.hr,1,Masterjx9-OpenPostings
the-rounds,the-rounds.breezy.hr,1,Masterjx9-OpenPostings
the-san-francisco-standard,the-san-francisco-standard.breezy.hr,1,Masterjx9-OpenPostings
the-sports-edit,the-sports-edit.breezy.hr,1,Masterjx9-OpenPostings
the-story-church,the-story-church.breezy.hr,1,Masterjx9-OpenPostings
the-strategic-implementer,the-strategic-implementer.breezy.hr,1,Masterjx9-OpenPostings
the-streamable,the-streamable.breezy.hr,1,Masterjx9-OpenPostings
the-sugrue-group-llc,the-sugrue-group-llc.breezy.hr,1,kalil0321-ats-companies
the-sutherland-group,the-sutherland-group.breezy.hr,2,Masterjx9-OpenPostings;kalil0321-ats-companies
the-swim-squad,the-swim-squad.breezy.hr,1,Masterjx9-OpenPostings
the-thorn-tree-inn,the-thorn-tree-inn.breezy.hr,1,Masterjx9-OpenPostings
the-timothy-school,the-timothy-school.breezy.hr,1,Masterjx9-OpenPostings
the-tustin-group,the-tustin-group.breezy.hr,1,Masterjx9-OpenPostings
the-tutorverse,the-tutorverse.breezy.hr,1,Masterjx9-OpenPostings
the-void,the-void.breezy.hr,1,Masterjx9-OpenPostings
the-well,the-well.breezy.hr,1,Masterjx9-OpenPostings
the-win-academy,the-win-academy.breezy.hr,1,Masterjx9-OpenPostings
the-wisdom-teeth-guys,the-wisdom-teeth-guys.breezy.hr,1,kalil0321-ats-companies
thebhub,thebhub.breezy.hr,1,Masterjx9-OpenPostings
thecrossing,thecrossing.breezy.hr,1,Masterjx9-OpenPostings
theegg,theegg.breezy.hr,1,Masterjx9-OpenPostings
thefaculty,thefaculty.breezy.hr,2,Masterjx9-OpenPostings;kalil0321-ats-companies
thehealthpartnership,thehealthpartnership.breezy.hr,1,Masterjx9-OpenPostings
thementoringalliance,thementoringalliance.breezy.hr,2,Masterjx9-OpenPostings;kalil0321-ats-companies
themesphere,themesphere.breezy.hr,1,Masterjx9-OpenPostings
themis-insight,themis-insight.breezy.hr,2,Masterjx9-OpenPostings;kalil0321-ats-companies
therapy-associates,therapy-associates.breezy.hr,1,Masterjx9-OpenPostings
thereloadgroup,thereloadgroup.breezy.hr,1,Masterjx9-OpenPostings
thermosoft,thermosoft.breezy.hr,1,Masterjx9-OpenPostings
thesummitinstitute,thesummitinstitute.breezy.hr,2,Masterjx9-OpenPostings;kalil0321-ats-companies
theta,theta.breezy.hr,2,Masterjx9-OpenPostings;kalil0321-ats-companies
theta-576709235054,theta-576709235054.breezy.hr,1,Masterjx9-OpenPostings
theup,theup.breezy.hr,1,Masterjx9-OpenPostings
thevillagechurch,thevillagechurch.breezy.hr,1,Masterjx9-OpenPostings
think-learning,think-learning.breezy.hr,1,Masterjx9-OpenPostings
thinkhuman,thinkhuman.breezy.hr,1,Masterjx9-OpenPostings
thinkingbox,thinkingbox.breezy.hr,1,Masterjx9-OpenPostings
thirdandgrove,thirdandgrove.breezy.hr,2,Masterjx9-OpenPostings;kalil0321-ats-companies
thirdchannel-inc,thirdchannel-inc.breezy.hr,2,Masterjx9-OpenPostings;kalil0321-ats-companies
thirdwave,thirdwave.breezy.hr,1,Masterjx9-OpenPostings
thoroughbred-express,thoroughbred-express.breezy.hr,1,Masterjx9-OpenPostings
thp,thp.breezy.hr,2,Masterjx9-OpenPostings;kalil0321-ats-companies
thrasher,thrasher.breezy.hr,2,Masterjx9-OpenPostings;kalil0321-ats-companies
threatray,threatray.breezy.hr,1,Masterjx9-OpenPostings
threatscape,threatscape.breezy.hr,1,kalil0321-ats-companies
three-point-capital-llc,three-point-capital-llc.breezy.hr,1,Masterjx9-OpenPostings
thrills-marketing,thrills-marketing.breezy.hr,1,Masterjx9-OpenPostings
thrivable,thrivable.breezy.hr,1,Masterjx9-OpenPostings
thrive-by-5,thrive-by-5.breezy.hr,2,Masterjx9-OpenPostings;kalil0321-ats-companies
thrive-communities,thrive-communities.breezy.hr,1,Masterjx9-OpenPostings
thrive-ministry,thrive-ministry.breezy.hr,1,Masterjx9-OpenPostings
thrive-preschool,thrive-preschool.breezy.hr,1,Masterjx9-OpenPostings
thronelabs,thronelabs.breezy.hr,1,kalil0321-ats-companies
thukiswa,thukiswa.breezy.hr,1,Masterjx9-OpenPostings
tiamat-sciences-corp,tiamat-sciences-corp.breezy.hr,1,Masterjx9-OpenPostings
tidalpartners,tidalpartners.breezy.hr,2,Masterjx9-OpenPostings;kalil0321-ats-companies
tidyflow,tidyflow.breezy.hr,1,Masterjx9-OpenPostings
tie-bar,tie-bar.breezy.hr,1,Masterjx9-OpenPostings
tier-9-game-studios-ltd,tier-9-game-studios-ltd.breezy.hr,2,kalil0321-ats-companies;outscal-openjobs
tigo,tigo.breezy.hr,1,Masterjx9-OpenPostings
tiktak,tiktak.breezy.hr,1,Masterjx9-OpenPostings
tile-stone-source,tile-stone-source.breezy.hr,1,Masterjx9-OpenPostings
timber-dental,timber-dental.breezy.hr,1,Masterjx9-OpenPostings
timber-tops-cabin-rentals,timber-tops-cabin-rentals.breezy.hr,1,Masterjx9-OpenPostings
time-4-change-global,time-4-change-global.breezy.hr,1,Masterjx9-OpenPostings
time-doctor,time-doctor.breezy.hr,1,Masterjx9-OpenPostings
timeero,timeero.breezy.hr,1,Masterjx9-OpenPostings
timekeeper,timekeeper.breezy.hr,1,Masterjx9-OpenPostings
timeless-select-llc,timeless-select-llc.breezy.hr,1,Masterjx9-OpenPostings
timeline-theatre-company,timeline-theatre-company.breezy.hr,1,Masterjx9-OpenPostings
tinybuild,tinybuild.breezy.hr,1,Masterjx9-OpenPostings
tippmann-group,tippmann-group.breezy.hr,2,Masterjx9-OpenPostings;kalil0321-ats-companies
titans,titans.breezy.hr,1,kalil0321-ats-companies
tjek,tjek.breezy.hr,1,Masterjx9-OpenPostings
tjs-group,tjs-group.breezy.hr,1,kalil0321-ats-companies
tla,tla.breezy.hr,1,Masterjx9-OpenPostings
tlc-solutions,tlc-solutions.breezy.hr,1,Masterjx9-OpenPostings
tmtg,tmtg.breezy.hr,1,Masterjx9-OpenPostings
tng-kelowna,tng-kelowna.breezy.hr,1,Masterjx9-OpenPostings
tnt-door-drawer,tnt-door-drawer.breezy.hr,1,Masterjx9-OpenPostings
toffeex,toffeex.breezy.hr,1,Masterjx9-OpenPostings
togetherhood,togetherhood.breezy.hr,2,Masterjx9-OpenPostings;kalil0321-ats-companies
ton-foundation,ton-foundation.breezy.hr,1,Masterjx9-OpenPostings
tonti-properties,tonti-properties.breezy.hr,1,Masterjx9-OpenPostings
tooly,tooly.breezy.hr,1,Masterjx9-OpenPostings
tooth-and-coin,tooth-and-coin.breezy.hr,1,Masterjx9-OpenPostings
topmanage,topmanage.breezy.hr,1,Masterjx9-OpenPostings
topmark-funding,topmark-funding.breezy.hr,1,Masterjx9-OpenPostings
topo,topo.breezy.hr,2,Masterjx9-OpenPostings;kalil0321-ats-companies
topolio,topolio.breezy.hr,1,Masterjx9-OpenPostings
tosaf,tosaf.breezy.hr,1,Masterjx9-OpenPostings
total-life-inc-1,total-life-inc-1.breezy.hr,1,Masterjx9-OpenPostings
totalsecurityltd,totalsecurityltd.breezy.hr,1,kalil0321-ats-companies
totalstay,totalstay.breezy.hr,2,Masterjx9-OpenPostings;kalil0321-ats-companies
totara-learning-solutions,totara-learning-solutions.breezy.hr,2,Masterjx9-OpenPostings;kalil0321-ats-companies
tote-pears,tote-pears.breezy.hr,1,Masterjx9-OpenPostings
tourmaline-labs,tourmaline-labs.breezy.hr,1,Masterjx9-OpenPostings
tovanah-analytics,tovanah-analytics.breezy.hr,1,Masterjx9-OpenPostings
tovifit,tovifit.breezy.hr,1,Masterjx9-OpenPostings
town-of-hudson,town-of-hudson.breezy.hr,1,Masterjx9-OpenPostings
tpaction,tpaction.breezy.hr,2,Masterjx9-OpenPostings;kalil0321-ats-companies
tqi-solutions-inc,tqi-solutions-inc.breezy.hr,1,Masterjx9-OpenPostings
tradiedigital,tradiedigital.breezy.hr,1,Masterjx9-OpenPostings
trailblazers,trailblazers.breezy.hr,1,Masterjx9-OpenPostings
trailmerge,trailmerge.breezy.hr,1,Masterjx9-OpenPostings
trailmix,trailmix.breezy.hr,2,Masterjx9-OpenPostings;outscal-openjobs
trainiac,trainiac.breezy.hr,1,Masterjx9-OpenPostings
transact-campus,transact-campus.breezy.hr,2,Masterjx9-OpenPostings;kalil0321-ats-companies
transak-inc,transak-inc.breezy.hr,1,Masterjx9-OpenPostings
transect,transect.breezy.hr,1,Masterjx9-OpenPostings
transequality,transequality.breezy.hr,1,Masterjx9-OpenPostings
transformation-church,transformation-church.breezy.hr,2,Masterjx9-OpenPostings;outscal-openjobs
transita,transita.breezy.hr,1,Masterjx9-OpenPostings
transparent-hiring,transparent-hiring.breezy.hr,2,Masterjx9-OpenPostings;kalil0321-ats-companies
travellab,travellab.breezy.hr,1,Masterjx9-OpenPostings
tread-labs,tread-labs.breezy.hr,1,Masterjx9-OpenPostings
treeline,treeline.breezy.hr,1,kalil0321-ats-companies
trek10,trek10.breezy.hr,1,Masterjx9-OpenPostings
tri-county-mennonite-homes,tri-county-mennonite-homes.breezy.hr,1,Masterjx9-OpenPostings
tri3inc,tri3inc.breezy.hr,1,Masterjx9-OpenPostings
triad-electronic-technologies,triad-electronic-technologies.breezy.hr,1,Masterjx9-OpenPostings
trialfacts,trialfacts.breezy.hr,2,Masterjx9-OpenPostings;kalil0321-ats-companies
triangle-land-conservancy,triangle-land-conservancy.breezy.hr,1,Masterjx9-OpenPostings
triaplex-inc,triaplex-inc.breezy.hr,1,Masterjx9-OpenPostings
triband,triband.breezy.hr,1,outscal-openjobs
tribe-culture-change,tribe-culture-change.breezy.hr,1,Masterjx9-OpenPostings
tribe-labs,tribe-labs.breezy.hr,1,Masterjx9-OpenPostings
tribegaming,tribegaming.breezy.hr,3,Masterjx9-OpenPostings;kalil0321-ats-companies;outscal-openjobs
trident-technical-college,trident-technical-college.breezy.hr,1,Masterjx9-OpenPostings
triocompany,triocompany.breezy.hr,1,Masterjx9-OpenPostings
tripelephant,tripelephant.breezy.hr,1,Masterjx9-OpenPostings
triple-b-field-service,triple-b-field-service.breezy.hr,1,Masterjx9-OpenPostings
triple-cities-network-solutions,triple-cities-network-solutions.breezy.hr,1,Masterjx9-OpenPostings
tristero,tristero.breezy.hr,1,Masterjx9-OpenPostings
triune-financial,triune-financial.breezy.hr,1,Masterjx9-OpenPostings
truck-driver-nation,truck-driver-nation.breezy.hr,1,Masterjx9-OpenPostings
true-digital-group,true-digital-group.breezy.hr,1,Masterjx9-OpenPostings
true-tape-sports-gmbh,true-tape-sports-gmbh.breezy.hr,1,Masterjx9-OpenPostings
truecare24,truecare24.breezy.hr,1,Masterjx9-OpenPostings
trueline,trueline.breezy.hr,2,Masterjx9-OpenPostings;kalil0321-ats-companies
trueplay,trueplay.breezy.hr,1,Masterjx9-OpenPostings
truepoint-communications,truepoint-communications.breezy.hr,2,Masterjx9-OpenPostings;kalil0321-ats-companies
truleo,truleo.breezy.hr,2,Masterjx9-OpenPostings;kalil0321-ats-companies
truplace,truplace.breezy.hr,2,Masterjx9-OpenPostings;kalil0321-ats-companies
trustnimbl,trustnimbl.breezy.hr,1,Masterjx9-OpenPostings
trustpoint,trustpoint.breezy.hr,2,Masterjx9-OpenPostings;kalil0321-ats-companies
trustradius,trustradius.breezy.hr,1,Masterjx9-OpenPostings
truu,truu.breezy.hr,1,Masterjx9-OpenPostings
truxweb,truxweb.breezy.hr,1,Masterjx9-OpenPostings
tsu,tsu.breezy.hr,2,Masterjx9-OpenPostings;kalil0321-ats-companies
tsunami-tsolutions,tsunami-tsolutions.breezy.hr,1,Masterjx9-OpenPostings
tubescience,tubescience.breezy.hr,1,Masterjx9-OpenPostings
tumblehome-inc,tumblehome-inc.breezy.hr,1,Masterjx9-OpenPostings
tunnel-ridge-llc,tunnel-ridge-llc.breezy.hr,1,Masterjx9-OpenPostings
turaco,turaco.breezy.hr,2,Masterjx9-OpenPostings;kalil0321-ats-companies
turboden,turboden.breezy.hr,2,Masterjx9-OpenPostings;kalil0321-ats-companies
turbulent,turbulent.breezy.hr,2,Masterjx9-OpenPostings;outscal-openjobs
turing-school,turing-school.breezy.hr,1,Masterjx9-OpenPostings
turner-mining-group,turner-mining-group.breezy.hr,1,kalil0321-ats-companies
turnerstaffing,turnerstaffing.breezy.hr,1,Masterjx9-OpenPostings
turning-point-usa,turning-point-usa.breezy.hr,2,Masterjx9-OpenPostings;kalil0321-ats-companies
tushy,tushy.breezy.hr,1,Masterjx9-OpenPostings
tuto-com,tuto-com.breezy.hr,1,Masterjx9-OpenPostings
tuva,tuva.breezy.hr,2,Masterjx9-OpenPostings;kalil0321-ats-companies
tuxera,tuxera.breezy.hr,1,Masterjx9-OpenPostings
tuyo,tuyo.breezy.hr,1,Masterjx9-OpenPostings
twacareer,twacareer.breezy.hr,1,kalil0321-ats-companies
twelve-consulting-group,twelve-consulting-group.breezy.hr,2,Masterjx9-OpenPostings;kalil0321-ats-companies
twig,twig.breezy.hr,1,Masterjx9-OpenPostings
twinstate-technologies,twinstate-technologies.breezy.hr,1,Masterjx9-OpenPostings
two-hands-america-inc,two-hands-america-inc.breezy.hr,1,Masterjx9-OpenPostings
tyltgo,tyltgo.breezy.hr,1,Masterjx9-OpenPostings
tyme-bank,tyme-bank.breezy.hr,1,Masterjx9-OpenPostings
typo3-gmbh,typo3-gmbh.breezy.hr,1,Masterjx9-OpenPostings
tyton-partners,tyton-partners.breezy.hr,1,Masterjx9-OpenPostings
tzp,tzp.breezy.hr,1,Masterjx9-OpenPostings
u-s-courts,u-s-courts.breezy.hr,1,kalil0321-ats-companies
uclawsf,uclawsf.breezy.hr,2,Masterjx9-OpenPostings;kalil0321-ats-companies
udem,udem.breezy.hr,2,Masterjx9-OpenPostings;kalil0321-ats-companies
udext,udext.breezy.hr,1,Masterjx9-OpenPostings
ufodrive,ufodrive.breezy.hr,1,Masterjx9-OpenPostings
uh-oh-labs-inc,uh-oh-labs-inc.breezy.hr,1,Masterjx9-OpenPostings
ultrahealth-agency,ultrahealth-agency.breezy.hr,1,Masterjx9-OpenPostings
ultralinq,ultralinq.breezy.hr,1,Masterjx9-OpenPostings
ulule,ulule.breezy.hr,1,Masterjx9-OpenPostings
umai,umai.breezy.hr,1,Masterjx9-OpenPostings
umbrella,umbrella.breezy.hr,1,Masterjx9-OpenPostings
uncle-mike-s,uncle-mike-s.breezy.hr,1,Masterjx9-OpenPostings
under-armour,under-armour.breezy.hr,1,kalil0321-ats-companies
underbelly,underbelly.breezy.hr,1,Masterjx9-OpenPostings
unetiq-gmbh,unetiq-gmbh.breezy.hr,1,Masterjx9-OpenPostings
unfold,unfold.breezy.hr,1,Masterjx9-OpenPostings
uniconcepts,uniconcepts.breezy.hr,1,Masterjx9-OpenPostings
unifin-inc,unifin-inc.breezy.hr,1,Masterjx9-OpenPostings
unitarian-universalist-association,unitarian-universalist-association.breezy.hr,1,Masterjx9-OpenPostings
unitarian-universalist-fellowship-of-centre-county,unitarian-universalist-fellowship-of-centre-county.breezy.hr,1,Masterjx9-OpenPostings
united-home-experts-inc,united-home-experts-inc.breezy.hr,1,kalil0321-ats-companies
united-tel-supply,united-tel-supply.breezy.hr,1,Masterjx9-OpenPostings
unito,unito.breezy.hr,2,Masterjx9-OpenPostings;kalil0321-ats-companies
universal-wolf,universal-wolf.breezy.hr,1,Masterjx9-OpenPostings
university-of-groningen,university-of-groningen.breezy.hr,1,Masterjx9-OpenPostings
unlayer,unlayer.breezy.hr,2,Masterjx9-OpenPostings;kalil0321-ats-companies
unlimit-ventures,unlimit-ventures.breezy.hr,1,kalil0321-ats-companies
unlimited-biking,unlimited-biking.breezy.hr,1,Masterjx9-OpenPostings
unmade,unmade.breezy.hr,2,Masterjx9-OpenPostings;kalil0321-ats-companies
up-education,up-education.breezy.hr,1,Masterjx9-OpenPostings
upgrade-s-r-l,upgrade-s-r-l.breezy.hr,1,Masterjx9-OpenPostings
upgrow,upgrow.breezy.hr,1,Masterjx9-OpenPostings
uppeople,uppeople.breezy.hr,1,Masterjx9-OpenPostings
upsa,upsa.breezy.hr,2,Masterjx9-OpenPostings;kalil0321-ats-companies
upskillable,upskillable.breezy.hr,1,Masterjx9-OpenPostings
upskiller,upskiller.breezy.hr,2,Masterjx9-OpenPostings;kalil0321-ats-companies
upsourced-accounting,upsourced-accounting.breezy.hr,1,Masterjx9-OpenPostings
upstairs,upstairs.breezy.hr,1,kalil0321-ats-companies
uptech,uptech.breezy.hr,2,Masterjx9-OpenPostings;kalil0321-ats-companies
upwardsdotcom,upwardsdotcom.breezy.hr,2,Masterjx9-OpenPostings;kalil0321-ats-companies
upwell-revenue-software-inc,upwell-revenue-software-inc.breezy.hr,2,Masterjx9-OpenPostings;kalil0321-ats-companies
urban-ft-inc,urban-ft-inc.breezy.hr,1,Masterjx9-OpenPostings
urbana,urbana.breezy.hr,1,Masterjx9-OpenPostings
urbanlogiq,urbanlogiq.breezy.hr,1,Masterjx9-OpenPostings
urbanspace,urbanspace.breezy.hr,1,Masterjx9-OpenPostings
urbantz,urbantz.breezy.hr,2,Masterjx9-OpenPostings;kalil0321-ats-companies
urrly,urrly.breezy.hr,2,Masterjx9-OpenPostings;kalil0321-ats-companies
us-digital-response,us-digital-response.breezy.hr,3,Masterjx9-OpenPostings;ches-ctrl-cheddar;kalil0321-ats-companies
us-inspect,us-inspect.breezy.hr,1,Masterjx9-OpenPostings
us-service-animals,us-service-animals.breezy.hr,1,kalil0321-ats-companies
usa-radio,usa-radio.breezy.hr,1,Masterjx9-OpenPostings
usdn,usdn.breezy.hr,1,Masterjx9-OpenPostings
usemultiplier,usemultiplier.breezy.hr,1,Masterjx9-OpenPostings
userhub,userhub.breezy.hr,1,Masterjx9-OpenPostings
userway,userway.breezy.hr,1,Masterjx9-OpenPostings
usgreenbanks,usgreenbanks.breezy.hr,1,Masterjx9-OpenPostings
usnc,usnc.breezy.hr,1,Masterjx9-OpenPostings
usual,usual.breezy.hr,2,Masterjx9-OpenPostings;kalil0321-ats-companies
utn,utn.breezy.hr,1,kalil0321-ats-companies
uvation,uvation.breezy.hr,2,Masterjx9-OpenPostings;kalil0321-ats-companies
ux-woman,ux-woman.breezy.hr,2,Masterjx9-OpenPostings;kalil0321-ats-companies
uxcel,uxcel.breezy.hr,1,Masterjx9-OpenPostings
v-thru,v-thru.breezy.hr,1,Masterjx9-OpenPostings
vaaphilippines-recruitment,vaaphilippines-recruitment.breezy.hr,1,Masterjx9-OpenPostings
vagaro,vagaro.breezy.hr,1,Masterjx9-OpenPostings
vahura,vahura.breezy.hr,1,Masterjx9-OpenPostings
vahura-ce516a62e944,vahura-ce516a62e944.breezy.hr,1,Masterjx9-OpenPostings
valar-atomics,valar-atomics.breezy.hr,1,Masterjx9-OpenPostings
vald,vald.breezy.hr,2,Masterjx9-OpenPostings;kalil0321-ats-companies
valital-technologies,valital-technologies.breezy.hr,2,Masterjx9-OpenPostings;kalil0321-ats-companies
value-store-it-management,value-store-it-management.breezy.hr,1,Masterjx9-OpenPostings
value-virtual-assistants,value-virtual-assistants.breezy.hr,1,Masterjx9-OpenPostings
van-clemens-co-inc,van-clemens-co-inc.breezy.hr,1,Masterjx9-OpenPostings
vancouver-foundation,vancouver-foundation.breezy.hr,1,Masterjx9-OpenPostings
vanguard-college-prep,vanguard-college-prep.breezy.hr,1,Masterjx9-OpenPostings
vanguard-ip,vanguard-ip.breezy.hr,2,Masterjx9-OpenPostings;kalil0321-ats-companies
vantage-point-solutions-inc,vantage-point-solutions-inc.breezy.hr,2,Masterjx9-OpenPostings;kalil0321-ats-companies
vaporus-inc,vaporus-inc.breezy.hr,1,Masterjx9-OpenPostings
vareo,vareo.breezy.hr,1,Masterjx9-OpenPostings
vawaa,vawaa.breezy.hr,1,Masterjx9-OpenPostings
vaxart-inc,vaxart-inc.breezy.hr,2,Masterjx9-OpenPostings;kalil0321-ats-companies
vector-trading,vector-trading.breezy.hr,1,Masterjx9-OpenPostings
vectorvms,vectorvms.breezy.hr,1,Masterjx9-OpenPostings
veev,veev.breezy.hr,2,Masterjx9-OpenPostings;kalil0321-ats-companies
vegamour,vegamour.breezy.hr,1,Masterjx9-OpenPostings
velco,velco.breezy.hr,1,Masterjx9-OpenPostings
velomedi,velomedi.breezy.hr,1,Masterjx9-OpenPostings
velox,velox.breezy.hr,2,Masterjx9-OpenPostings;ches-ctrl-cheddar
venkman-holdings-inc,venkman-holdings-inc.breezy.hr,1,Masterjx9-OpenPostings
venture-co,venture-co.breezy.hr,1,kalil0321-ats-companies
venture-forge,venture-forge.breezy.hr,2,Masterjx9-OpenPostings;kalil0321-ats-companies
venturx,venturx.breezy.hr,1,Masterjx9-OpenPostings
vericode,vericode.breezy.hr,1,Masterjx9-OpenPostings
veridian,veridian.breezy.hr,1,Masterjx9-OpenPostings
veridic-solutions,veridic-solutions.breezy.hr,1,Masterjx9-OpenPostings
verisim-life,verisim-life.breezy.hr,1,Masterjx9-OpenPostings
veritran,veritran.breezy.hr,1,Masterjx9-OpenPostings
verity-ag,verity-ag.breezy.hr,1,Masterjx9-OpenPostings
verity-it,verity-it.breezy.hr,1,Masterjx9-OpenPostings
verivest,verivest.breezy.hr,1,Masterjx9-OpenPostings
verna,verna.breezy.hr,1,Masterjx9-OpenPostings
versatile,versatile.breezy.hr,1,Masterjx9-OpenPostings
versus-socks-pty-ltd,versus-socks-pty-ltd.breezy.hr,1,Masterjx9-OpenPostings
veta-virtual-inc,veta-virtual-inc.breezy.hr,2,Masterjx9-OpenPostings;kalil0321-ats-companies
vetro-fibermap-inc,vetro-fibermap-inc.breezy.hr,3,Masterjx9-OpenPostings;ches-ctrl-cheddar;kalil0321-ats-companies
vetsez,vetsez.breezy.hr,2,Masterjx9-OpenPostings;kalil0321-ats-companies
vetster,vetster.breezy.hr,3,Masterjx9-OpenPostings;ches-ctrl-cheddar;kalil0321-ats-companies
vettanna,vettanna.breezy.hr,1,Masterjx9-OpenPostings
vetted-pet-health,vetted-pet-health.breezy.hr,2,Masterjx9-OpenPostings;kalil0321-ats-companies
vfairs,vfairs.breezy.hr,1,Masterjx9-OpenPostings
vgen,vgen.breezy.hr,1,Masterjx9-OpenPostings
via-trm,via-trm.breezy.hr,1,Masterjx9-OpenPostings
viamo-inc,viamo-inc.breezy.hr,1,Masterjx9-OpenPostings
vianai-systems,vianai-systems.breezy.hr,1,Masterjx9-OpenPostings
victory,victory.breezy.hr,2,Masterjx9-OpenPostings;kalil0321-ats-companies
vida-co,vida-co.breezy.hr,1,Masterjx9-OpenPostings
videre,videre.breezy.hr,1,Masterjx9-OpenPostings
viewber-limited,viewber-limited.breezy.hr,1,Masterjx9-OpenPostings
vifive,vifive.breezy.hr,1,Masterjx9-OpenPostings
vigil-global,vigil-global.breezy.hr,1,Masterjx9-OpenPostings
vigilante-coffee,vigilante-coffee.breezy.hr,2,Masterjx9-OpenPostings;kalil0321-ats-companies
village-car-company,village-car-company.breezy.hr,2,Masterjx9-OpenPostings;kalil0321-ats-companies
villagestudio,villagestudio.breezy.hr,1,Masterjx9-OpenPostings
vilt-group,vilt-group.breezy.hr,1,Masterjx9-OpenPostings
vimocity,vimocity.breezy.hr,1,Masterjx9-OpenPostings
vinli,vinli.breezy.hr,1,Masterjx9-OpenPostings
vinoly-llc,vinoly-llc.breezy.hr,1,Masterjx9-OpenPostings
vinyl-me-please,vinyl-me-please.breezy.hr,1,Masterjx9-OpenPostings
violencefreecolorado,violencefreecolorado.breezy.hr,1,Masterjx9-OpenPostings
violet,violet.breezy.hr,1,Masterjx9-OpenPostings
virtual-construction-assistants,virtual-construction-assistants.breezy.hr,1,Masterjx9-OpenPostings
virtual-internships-partners-ltd,virtual-internships-partners-ltd.breezy.hr,1,Masterjx9-OpenPostings
virtualitics,virtualitics.breezy.hr,3,Masterjx9-OpenPostings;ches-ctrl-cheddar;kalil0321-ats-companies
vis-holdings-inc,vis-holdings-inc.breezy.hr,1,Masterjx9-OpenPostings
vision-beyond-group,vision-beyond-group.breezy.hr,1,Masterjx9-OpenPostings
visits,visits.breezy.hr,2,Masterjx9-OpenPostings;kalil0321-ats-companies
visolis,visolis.breezy.hr,1,Masterjx9-OpenPostings
visor,visor.breezy.hr,1,Masterjx9-OpenPostings
vita-coco-uk,vita-coco-uk.breezy.hr,1,Masterjx9-OpenPostings
vitacoco,vitacoco.breezy.hr,2,Masterjx9-OpenPostings;kalil0321-ats-companies
vitalcheck-wellness,vitalcheck-wellness.breezy.hr,2,Masterjx9-OpenPostings;kalil0321-ats-companies
vitality-hospice,vitality-hospice.breezy.hr,1,kalil0321-ats-companies
vitra-health,vitra-health.breezy.hr,1,Masterjx9-OpenPostings
viva-creative,viva-creative.breezy.hr,1,Masterjx9-OpenPostings
viva-first,viva-first.breezy.hr,1,Masterjx9-OpenPostings
vivint,vivint.breezy.hr,1,kalil0321-ats-companies
vivo-missouri,vivo-missouri.breezy.hr,1,kalil0321-ats-companies
vixy,vixy.breezy.hr,1,Masterjx9-OpenPostings
vizexplorer,vizexplorer.breezy.hr,1,Masterjx9-OpenPostings
vm-drilling-pty-ltd,vm-drilling-pty-ltd.breezy.hr,1,kalil0321-ats-companies
vm-group,vm-group.breezy.hr,1,Masterjx9-OpenPostings
vocalytics,vocalytics.breezy.hr,1,Masterjx9-OpenPostings
vodworks,vodworks.breezy.hr,1,Masterjx9-OpenPostings
voiceflow,voiceflow.breezy.hr,2,Masterjx9-OpenPostings;kalil0321-ats-companies
voices-advance-llc-dba-anthropology-arts,voices-advance-llc-dba-anthropology-arts.breezy.hr,1,Masterjx9-OpenPostings
vois-srl,vois-srl.breezy.hr,1,Masterjx9-OpenPostings
volansky-studio,volansky-studio.breezy.hr,1,Masterjx9-OpenPostings
volcon,volcon.breezy.hr,1,Masterjx9-OpenPostings
volley-llc,volley-llc.breezy.hr,1,Masterjx9-OpenPostings
volta-trucks,volta-trucks.breezy.hr,1,ches-ctrl-cheddar
voltify,voltify.breezy.hr,1,Masterjx9-OpenPostings
voltpost,voltpost.breezy.hr,1,Masterjx9-OpenPostings
volume7,volume7.breezy.hr,1,Masterjx9-OpenPostings
vontive,vontive.breezy.hr,2,Masterjx9-OpenPostings;kalil0321-ats-companies
vopay-international-inc,vopay-international-inc.breezy.hr,1,Masterjx9-OpenPostings
vortala,vortala.breezy.hr,1,Masterjx9-OpenPostings
vosyn,vosyn.breezy.hr,2,Masterjx9-OpenPostings;kalil0321-ats-companies
voteamerica,voteamerica.breezy.hr,2,Masterjx9-OpenPostings;ches-ctrl-cheddar
voters-of-tomorrow,voters-of-tomorrow.breezy.hr,1,Masterjx9-OpenPostings
votingworks,votingworks.breezy.hr,2,Masterjx9-OpenPostings;ches-ctrl-cheddar
voxcroft-analytics,voxcroft-analytics.breezy.hr,1,Masterjx9-OpenPostings
voxdata,voxdata.breezy.hr,1,kalil0321-ats-companies
voyager-consulting-group,voyager-consulting-group.breezy.hr,1,Masterjx9-OpenPostings
voyager-portal,voyager-portal.breezy.hr,1,Masterjx9-OpenPostings
voyagu,voyagu.breezy.hr,2,Masterjx9-OpenPostings;kalil0321-ats-companies
vsa,vsa.breezy.hr,1,Masterjx9-OpenPostings
vuka-collective,vuka-collective.breezy.hr,1,Masterjx9-OpenPostings
vulpem-ventures,vulpem-ventures.breezy.hr,1,Masterjx9-OpenPostings
vvater-llc,vvater-llc.breezy.hr,3,Masterjx9-OpenPostings;kalil0321-ats-companies;outscal-openjobs
vyde,vyde.breezy.hr,2,Masterjx9-OpenPostings;kalil0321-ats-companies
vyntra,vyntra.breezy.hr,1,kalil0321-ats-companies
wabo-roofing-systems,wabo-roofing-systems.breezy.hr,1,Masterjx9-OpenPostings
wagomu,wagomu.breezy.hr,1,Masterjx9-OpenPostings
wagpco,wagpco.breezy.hr,2,Masterjx9-OpenPostings;kalil0321-ats-companies
waiter-com,waiter-com.breezy.hr,1,kalil0321-ats-companies
walkingtours,walkingtours.breezy.hr,1,Masterjx9-OpenPostings
wallaroo,wallaroo.breezy.hr,1,Masterjx9-OpenPostings
wallester,wallester.breezy.hr,2,Masterjx9-OpenPostings;kalil0321-ats-companies
walters-gilbreath-pllc,walters-gilbreath-pllc.breezy.hr,1,Masterjx9-OpenPostings
wanderu,wanderu.breezy.hr,3,Masterjx9-OpenPostings;ches-ctrl-cheddar;kalil0321-ats-companies
wapcar-careers-my,wapcar-careers-my.breezy.hr,1,Masterjx9-OpenPostings
warhorsestudios,warhorsestudios.breezy.hr,2,Masterjx9-OpenPostings;outscal-openjobs
warmhub-inc,warmhub-inc.breezy.hr,1,Masterjx9-OpenPostings
warren-wilson,warren-wilson.breezy.hr,2,Masterjx9-OpenPostings;kalil0321-ats-companies
warrior-coal-llc,warrior-coal-llc.breezy.hr,2,Masterjx9-OpenPostings;kalil0321-ats-companies
wash-doctors,wash-doctors.breezy.hr,1,Masterjx9-OpenPostings
wasoko,wasoko.breezy.hr,1,Masterjx9-OpenPostings
water-access-rwanda,water-access-rwanda.breezy.hr,1,Masterjx9-OpenPostings
water-street-mission,water-street-mission.breezy.hr,1,Masterjx9-OpenPostings
water-works-engineers,water-works-engineers.breezy.hr,2,Masterjx9-OpenPostings;kalil0321-ats-companies
watson-creative,watson-creative.breezy.hr,1,Masterjx9-OpenPostings
wattx,wattx.breezy.hr,1,Masterjx9-OpenPostings
wavelength-strategy,wavelength-strategy.breezy.hr,2,Masterjx9-OpenPostings;kalil0321-ats-companies
waves-express-car-wash,waves-express-car-wash.breezy.hr,1,Masterjx9-OpenPostings
wavetronix,wavetronix.breezy.hr,2,Masterjx9-OpenPostings;kalil0321-ats-companies
wawoo-staffing,wawoo-staffing.breezy.hr,1,Masterjx9-OpenPostings
wayne-memorial-hospital,wayne-memorial-hospital.breezy.hr,1,Masterjx9-OpenPostings
waystocap,waystocap.breezy.hr,1,Masterjx9-OpenPostings
wayy-llc,wayy-llc.breezy.hr,2,Masterjx9-OpenPostings;kalil0321-ats-companies
we-are-futures,we-are-futures.breezy.hr,1,kalil0321-ats-companies
we-care-plumbing-heating-and-air,we-care-plumbing-heating-and-air.breezy.hr,1,Masterjx9-OpenPostings
we3,we3.breezy.hr,1,Masterjx9-OpenPostings
wealthy-recruiting,wealthy-recruiting.breezy.hr,2,Masterjx9-OpenPostings;kalil0321-ats-companies
wearehiring,wearehiring.breezy.hr,1,Masterjx9-OpenPostings
wearlinq,wearlinq.breezy.hr,2,Masterjx9-OpenPostings;kalil0321-ats-companies
weassist-io,weassist-io.breezy.hr,2,Masterjx9-OpenPostings;kalil0321-ats-companies
web3-talent-collective,web3-talent-collective.breezy.hr,1,Masterjx9-OpenPostings
web3pro,web3pro.breezy.hr,1,Masterjx9-OpenPostings
webcircles,webcircles.breezy.hr,1,Masterjx9-OpenPostings
webedia-es,webedia-es.breezy.hr,1,Masterjx9-OpenPostings
webgility,webgility.breezy.hr,1,Masterjx9-OpenPostings
webox-jobs,webox-jobs.breezy.hr,1,kalil0321-ats-companies
webstreet,webstreet.breezy.hr,1,Masterjx9-OpenPostings
weco-hospitality,weco-hospitality.breezy.hr,2,Masterjx9-OpenPostings;kalil0321-ats-companies
wega-informatik-ag,wega-informatik-ag.breezy.hr,1,kalil0321-ats-companies
weight-doctors,weight-doctors.breezy.hr,2,Masterjx9-OpenPostings;kalil0321-ats-companies
weightlossnyc,weightlossnyc.breezy.hr,1,Masterjx9-OpenPostings
wekudo-tech-inc,wekudo-tech-inc.breezy.hr,1,Masterjx9-OpenPostings
welby-health-inc,welby-health-inc.breezy.hr,1,Masterjx9-OpenPostings
welcoming-neighbors-network,welcoming-neighbors-network.breezy.hr,1,Masterjx9-OpenPostings
weldaloy-specialty-forgings,weldaloy-specialty-forgings.breezy.hr,1,Masterjx9-OpenPostings
welink,welink.breezy.hr,1,Masterjx9-OpenPostings
welld-sagl,welld-sagl.breezy.hr,1,Masterjx9-OpenPostings
wellnesswarehouse,wellnesswarehouse.breezy.hr,1,Masterjx9-OpenPostings
welltech,welltech.breezy.hr,1,Masterjx9-OpenPostings
wepower,wepower.breezy.hr,2,Masterjx9-OpenPostings;ches-ctrl-cheddar
wersirius,wersirius.breezy.hr,1,kalil0321-ats-companies
west-end-dental-group,west-end-dental-group.breezy.hr,1,Masterjx9-OpenPostings
west-fargo-park-district,west-fargo-park-district.breezy.hr,1,Masterjx9-OpenPostings
west-london-waste-authority,west-london-waste-authority.breezy.hr,1,Masterjx9-OpenPostings
west-one-music-group,west-one-music-group.breezy.hr,1,Masterjx9-OpenPostings
west-side-campaign-against-hunger,west-side-campaign-against-hunger.breezy.hr,1,Masterjx9-OpenPostings
westairgroupofcompanies,westairgroupofcompanies.breezy.hr,1,Masterjx9-OpenPostings
western-landowners-alliance,western-landowners-alliance.breezy.hr,1,Masterjx9-OpenPostings
westphalia-holdings,westphalia-holdings.breezy.hr,1,kalil0321-ats-companies
westrocon,westrocon.breezy.hr,2,Masterjx9-OpenPostings;kalil0321-ats-companies
wet-planet-rafting-and-kayaking,wet-planet-rafting-and-kayaking.breezy.hr,1,Masterjx9-OpenPostings
wevideo,wevideo.breezy.hr,2,Masterjx9-OpenPostings;kalil0321-ats-companies
wevo,wevo.breezy.hr,1,Masterjx9-OpenPostings
whatconverts,whatconverts.breezy.hr,1,Masterjx9-OpenPostings
wheelsonsite-usa,wheelsonsite-usa.breezy.hr,1,Masterjx9-OpenPostings
whitlock-company-p-c,whitlock-company-p-c.breezy.hr,1,Masterjx9-OpenPostings
whiz-latam,whiz-latam.breezy.hr,1,Masterjx9-OpenPostings
whoknows,whoknows.breezy.hr,1,Masterjx9-OpenPostings
whym,whym.breezy.hr,1,Masterjx9-OpenPostings
wi-her,wi-her.breezy.hr,1,Masterjx9-OpenPostings
wieni,wieni.breezy.hr,1,Masterjx9-OpenPostings
wilber-group,wilber-group.breezy.hr,1,Masterjx9-OpenPostings
wild,wild.breezy.hr,1,Masterjx9-OpenPostings
wild-earth,wild-earth.breezy.hr,3,Masterjx9-OpenPostings;ches-ctrl-cheddar;kalil0321-ats-companies
wildchain,wildchain.breezy.hr,1,Masterjx9-OpenPostings
wildflower-interactive,wildflower-interactive.breezy.hr,2,Masterjx9-OpenPostings;outscal-openjobs
wildmindales,wildmindales.breezy.hr,1,Masterjx9-OpenPostings
wilhelm,wilhelm.breezy.hr,1,Masterjx9-OpenPostings
willful,willful.breezy.hr,2,Masterjx9-OpenPostings;kalil0321-ats-companies
william-thomas-digital-inc,william-thomas-digital-inc.breezy.hr,1,Masterjx9-OpenPostings
wilson-n-jones,wilson-n-jones.breezy.hr,1,Masterjx9-OpenPostings
wimzee,wimzee.breezy.hr,1,Masterjx9-OpenPostings
wind-ventures,wind-ventures.breezy.hr,1,Masterjx9-OpenPostings
winedirect,winedirect.breezy.hr,1,Masterjx9-OpenPostings
wingman,wingman.breezy.hr,1,Masterjx9-OpenPostings
winnables,winnables.breezy.hr,1,Masterjx9-OpenPostings
winter-environmental,winter-environmental.breezy.hr,1,kalil0321-ats-companies
wireless-world,wireless-world.breezy.hr,1,Masterjx9-OpenPostings
wiretap-telecom,wiretap-telecom.breezy.hr,1,Masterjx9-OpenPostings
wise-choice,wise-choice.breezy.hr,1,kalil0321-ats-companies
wise-pelican-llc,wise-pelican-llc.breezy.hr,1,Masterjx9-OpenPostings
witham-family-hotels,witham-family-hotels.breezy.hr,1,Masterjx9-OpenPostings
withodyssey,withodyssey.breezy.hr,1,Masterjx9-OpenPostings
wizard-plumbing-and-drain,wizard-plumbing-and-drain.breezy.hr,1,Masterjx9-OpenPostings
wizville,wizville.breezy.hr,1,Masterjx9-OpenPostings
wknd-digital,wknd-digital.breezy.hr,1,Masterjx9-OpenPostings
wmc,wmc.breezy.hr,1,Masterjx9-OpenPostings
wnnlaf,wnnlaf.breezy.hr,1,Masterjx9-OpenPostings
wodify,wodify.breezy.hr,1,Masterjx9-OpenPostings
wolf,wolf.breezy.hr,1,Masterjx9-OpenPostings
wolf-games,wolf-games.breezy.hr,1,kalil0321-ats-companies
wolfe-llc,wolfe-llc.breezy.hr,2,Masterjx9-OpenPostings;kalil0321-ats-companies
women-of-renewable-industries-and-sustainable-energy-wrise,women-of-renewable-industries-and-sustainable-energy-wrise.breezy.hr,1,Masterjx9-OpenPostings
women-s-linkworldwide,women-s-linkworldwide.breezy.hr,1,Masterjx9-OpenPostings
wonder-works-studio-inc,wonder-works-studio-inc.breezy.hr,2,Masterjx9-OpenPostings;outscal-openjobs
wondermind,wondermind.breezy.hr,1,Masterjx9-OpenPostings
wondersign,wondersign.breezy.hr,1,Masterjx9-OpenPostings
wonderstorm,wonderstorm.breezy.hr,1,Masterjx9-OpenPostings
wongnai-media-co-ltd,wongnai-media-co-ltd.breezy.hr,2,Masterjx9-OpenPostings;kalil0321-ats-companies
wood-thilsted,wood-thilsted.breezy.hr,1,Masterjx9-OpenPostings
wootware-computers,wootware-computers.breezy.hr,1,Masterjx9-OpenPostings
woovi,woovi.breezy.hr,1,Masterjx9-OpenPostings
words-first-ltd,words-first-ltd.breezy.hr,2,Masterjx9-OpenPostings;kalil0321-ats-companies
workforce-beacon-solutions,workforce-beacon-solutions.breezy.hr,1,Masterjx9-OpenPostings
workforce-solutions-for-tarrant-county,workforce-solutions-for-tarrant-county.breezy.hr,1,Masterjx9-OpenPostings
workforce-solutions-permian-basin,workforce-solutions-permian-basin.breezy.hr,1,Masterjx9-OpenPostings
workhero,workhero.breezy.hr,1,Masterjx9-OpenPostings
worksmart,worksmart.breezy.hr,1,Masterjx9-OpenPostings
world-makers-ltd,world-makers-ltd.breezy.hr,1,kalil0321-ats-companies
world-renew,world-renew.breezy.hr,1,Masterjx9-OpenPostings
worldtennis,worldtennis.breezy.hr,2,Masterjx9-OpenPostings;kalil0321-ats-companies
worshipers-house-of-prayer-academy,worshipers-house-of-prayer-academy.breezy.hr,1,Masterjx9-OpenPostings
wowyow,wowyow.breezy.hr,1,Masterjx9-OpenPostings
wris-web-services,wris-web-services.breezy.hr,1,Masterjx9-OpenPostings
wrstbnd,wrstbnd.breezy.hr,1,Masterjx9-OpenPostings
wsna,wsna.breezy.hr,1,Masterjx9-OpenPostings
wunderdog,wunderdog.breezy.hr,1,Masterjx9-OpenPostings
wunderkarten,wunderkarten.breezy.hr,1,Masterjx9-OpenPostings
wurk,wurk.breezy.hr,1,Masterjx9-OpenPostings
wurster-construction,wurster-construction.breezy.hr,1,Masterjx9-OpenPostings
www-timezest-com,www-timezest-com.breezy.hr,1,Masterjx9-OpenPostings
wyatt-technology,wyatt-technology.breezy.hr,1,Masterjx9-OpenPostings
wyndy,wyndy.breezy.hr,1,Masterjx9-OpenPostings
wyze-labs,wyze-labs.breezy.hr,1,Masterjx9-OpenPostings
xander-talent,xander-talent.breezy.hr,1,Masterjx9-OpenPostings
xaqt,xaqt.breezy.hr,1,Masterjx9-OpenPostings
xavier-gold-consulting-group-incorporated,xavier-gold-consulting-group-incorporated.breezy.hr,1,Masterjx9-OpenPostings
xcell-biosciences-inc,xcell-biosciences-inc.breezy.hr,1,Masterjx9-OpenPostings
xcorp,xcorp.breezy.hr,1,Masterjx9-OpenPostings
xeni,xeni.breezy.hr,1,kalil0321-ats-companies
xentral,xentral.breezy.hr,1,Masterjx9-OpenPostings
xguard,xguard.breezy.hr,1,Masterjx9-OpenPostings
xl-batteries,xl-batteries.breezy.hr,2,Masterjx9-OpenPostings;kalil0321-ats-companies
xo-life,xo-life.breezy.hr,1,Masterjx9-OpenPostings
xpansehr,xpansehr.breezy.hr,1,kalil0321-ats-companies
xperteks,xperteks.breezy.hr,1,Masterjx9-OpenPostings
xplor-education,xplor-education.breezy.hr,1,Masterjx9-OpenPostings
xrex,xrex.breezy.hr,1,Masterjx9-OpenPostings
xtream-adminz,xtream-adminz.breezy.hr,2,Masterjx9-OpenPostings;kalil0321-ats-companies
yalla-fel-sekka,yalla-fel-sekka.breezy.hr,2,Masterjx9-OpenPostings;kalil0321-ats-companies
yallaplay,yallaplay.breezy.hr,3,Masterjx9-OpenPostings;kalil0321-ats-companies;outscal-openjobs
yamaha-motor-ventures-laboratory-silicon-valley,yamaha-motor-ventures-laboratory-silicon-valley.breezy.hr,1,Masterjx9-OpenPostings
yardiromania,yardiromania.breezy.hr,1,Masterjx9-OpenPostings
yay-lunch,yay-lunch.breezy.hr,2,Masterjx9-OpenPostings;kalil0321-ats-companies
yego,yego.breezy.hr,1,kalil0321-ats-companies
yellow-labs-software-inc,yellow-labs-software-inc.breezy.hr,1,Masterjx9-OpenPostings
yield-guild-games,yield-guild-games.breezy.hr,2,Masterjx9-OpenPostings;outscal-openjobs
yield-protocol,yield-protocol.breezy.hr,1,Masterjx9-OpenPostings
yiyienglish,yiyienglish.breezy.hr,2,Masterjx9-OpenPostings;kalil0321-ats-companies
ymca-of-central-texas,ymca-of-central-texas.breezy.hr,2,Masterjx9-OpenPostings;kalil0321-ats-companies
yodl,yodl.breezy.hr,1,Masterjx9-OpenPostings
yokly,yokly.breezy.hr,2,Masterjx9-OpenPostings;kalil0321-ats-companies
yolo-federal-credit-union,yolo-federal-credit-union.breezy.hr,1,Masterjx9-OpenPostings
yonkers-industries-inc,yonkers-industries-inc.breezy.hr,1,Masterjx9-OpenPostings
yosemite-conservancy,yosemite-conservancy.breezy.hr,1,Masterjx9-OpenPostings
young-basile,young-basile.breezy.hr,1,Masterjx9-OpenPostings
young-storytellers,young-storytellers.breezy.hr,1,Masterjx9-OpenPostings
your-front-eoffice-inc,your-front-eoffice-inc.breezy.hr,1,Masterjx9-OpenPostings
your-kids-urgent-care,your-kids-urgent-care.breezy.hr,1,Masterjx9-OpenPostings
your-money-line,your-money-line.breezy.hr,2,Masterjx9-OpenPostings;kalil0321-ats-companies
your-paths-to-life,your-paths-to-life.breezy.hr,1,kalil0321-ats-companies
yourstake,yourstake.breezy.hr,1,Masterjx9-OpenPostings
youset,youset.breezy.hr,1,Masterjx9-OpenPostings
youth-family-counseling,youth-family-counseling.breezy.hr,1,Masterjx9-OpenPostings
youth-outreach-services-inc,youth-outreach-services-inc.breezy.hr,1,Masterjx9-OpenPostings
youthfully,youthfully.breezy.hr,1,Masterjx9-OpenPostings
youtopia-llc,youtopia-llc.breezy.hr,2,Masterjx9-OpenPostings;kalil0321-ats-companies
yox,yox.breezy.hr,1,kalil0321-ats-companies
yox-club,yox-club.breezy.hr,1,Masterjx9-OpenPostings
yrefy-llc,yrefy-llc.breezy.hr,1,kalil0321-ats-companies
ywca-cass-clay,ywca-cass-clay.breezy.hr,1,Masterjx9-OpenPostings
ywth,ywth.breezy.hr,1,kalil0321-ats-companies
zaamigo,zaamigo.breezy.hr,1,Masterjx9-OpenPostings
zabble-inc,zabble-inc.breezy.hr,1,Masterjx9-OpenPostings
zact,zact.breezy.hr,1,kalil0321-ats-companies
zact-inc,zact-inc.breezy.hr,2,Masterjx9-OpenPostings;kalil0321-ats-companies
zameen,zameen.breezy.hr,1,Masterjx9-OpenPostings
zameen-com,zameen-com.breezy.hr,1,Masterjx9-OpenPostings
zantech-it,zantech-it.breezy.hr,2,Masterjx9-OpenPostings;kalil0321-ats-companies
zeal,zeal.breezy.hr,2,Masterjx9-OpenPostings;kalil0321-ats-companies
zedge,zedge.breezy.hr,1,Masterjx9-OpenPostings
zeeks-pizza,zeeks-pizza.breezy.hr,1,kalil0321-ats-companies
zeelo,zeelo.breezy.hr,2,Masterjx9-OpenPostings;kalil0321-ats-companies
zendar,zendar.breezy.hr,2,Masterjx9-OpenPostings;kalil0321-ats-companies
zenklub,zenklub.breezy.hr,1,Masterjx9-OpenPostings
zenledger,zenledger.breezy.hr,1,Masterjx9-OpenPostings
zeno-power,zeno-power.breezy.hr,2,Masterjx9-OpenPostings;kalil0321-ats-companies
zenrooms-com,zenrooms-com.breezy.hr,1,Masterjx9-OpenPostings
zeo-agency,zeo-agency.breezy.hr,1,Masterjx9-OpenPostings
zepher-flight-labs,zepher-flight-labs.breezy.hr,1,Masterjx9-OpenPostings
zepl,zepl.breezy.hr,1,Masterjx9-OpenPostings
zero-emission-industries-inc,zero-emission-industries-inc.breezy.hr,1,Masterjx9-OpenPostings
zero-g,zero-g.breezy.hr,1,kalil0321-ats-companies
zero-hash,zero-hash.breezy.hr,2,Masterjx9-OpenPostings;kalil0321-ats-companies
zetier,zetier.breezy.hr,2,Masterjx9-OpenPostings;kalil0321-ats-companies
zeus-fire-and-security,zeus-fire-and-security.breezy.hr,1,Masterjx9-OpenPostings
zifty,zifty.breezy.hr,2,Masterjx9-OpenPostings;kalil0321-ats-companies
zinier,zinier.breezy.hr,2,Masterjx9-OpenPostings;kalil0321-ats-companies
zl-technologies-inc,zl-technologies-inc.breezy.hr,1,Masterjx9-OpenPostings
zoomer,zoomer.breezy.hr,1,Masterjx9-OpenPostings
zoomployee,zoomployee.breezy.hr,1,Masterjx9-OpenPostings
zul-digital,zul-digital.breezy.hr,1,Masterjx9-OpenPostings
zuul,zuul.breezy.hr,1,Masterjx9-OpenPostings
zwitterco,zwitterco.breezy.hr,2,Masterjx9-OpenPostings;kalil0321-ats-companies
