slug,url,n_sources,sources
10xcrew,10xcrew.recruitee.com,1,Masterjx9-OpenPostings
11bitstudios,11bitstudios.recruitee.com,2,Masterjx9-OpenPostings;outscal-openjobs
12build,12build.recruitee.com,2,Masterjx9-OpenPostings;kalil0321-ats-companies
1x,1x.recruitee.com,2,Masterjx9-OpenPostings;kalil0321-ats-companies
24loggmbh,24loggmbh.recruitee.com,1,Masterjx9-OpenPostings
2am,2am.recruitee.com,2,Masterjx9-OpenPostings;kalil0321-ats-companies
2cnnct,2cnnct.recruitee.com,1,Masterjx9-OpenPostings
3h18,3h18.recruitee.com,1,Masterjx9-OpenPostings
3sidedcube,3sidedcube.recruitee.com,1,Masterjx9-OpenPostings
4411,4411.recruitee.com,1,Masterjx9-OpenPostings
4cee,4cee.recruitee.com,1,Masterjx9-OpenPostings
5280highschool,5280highschool.recruitee.com,2,Masterjx9-OpenPostings;kalil0321-ats-companies
60secondstonapoli,60secondstonapoli.recruitee.com,2,Masterjx9-OpenPostings;kalil0321-ats-companies
7graus,7graus.recruitee.com,1,Masterjx9-OpenPostings
8advisory,8advisory.recruitee.com,2,Masterjx9-OpenPostings;kalil0321-ats-companies
8ktd,8ktd.recruitee.com,1,Masterjx9-OpenPostings
8westconsulting,8westconsulting.recruitee.com,1,Masterjx9-OpenPostings
aaff,aaff.recruitee.com,1,Masterjx9-OpenPostings
aajt,aajt.recruitee.com,1,Masterjx9-OpenPostings
abacusmaschinenbaugmbh,abacusmaschinenbaugmbh.recruitee.com,1,Masterjx9-OpenPostings
abaltatechnologiesinc,abaltatechnologiesinc.recruitee.com,2,Masterjx9-OpenPostings;kalil0321-ats-companies
abbsolutionsslovakia,abbsolutionsslovakia.recruitee.com,1,Masterjx9-OpenPostings
abesupports,abesupports.recruitee.com,1,Masterjx9-OpenPostings
abfgroup,abfgroup.recruitee.com,1,Masterjx9-OpenPostings
aboutobjects,aboutobjects.recruitee.com,2,Masterjx9-OpenPostings;kalil0321-ats-companies
abracadabra,abracadabra.recruitee.com,1,kalil0321-ats-companies
abriogmbh,abriogmbh.recruitee.com,1,kalil0321-ats-companies
academyofdigitalindustries,academyofdigitalindustries.recruitee.com,2,Masterjx9-OpenPostings;kalil0321-ats-companies
acadoro,acadoro.recruitee.com,2,Masterjx9-OpenPostings;kalil0321-ats-companies
accelecom,accelecom.recruitee.com,2,Masterjx9-OpenPostings;kalil0321-ats-companies
accilium,accilium.recruitee.com,1,Masterjx9-OpenPostings
accso,accso.recruitee.com,1,kalil0321-ats-companies
accufilecareers,accufilecareers.recruitee.com,1,Masterjx9-OpenPostings
ace,ace.recruitee.com,1,Masterjx9-OpenPostings
aceofperformance,aceofperformance.recruitee.com,2,Masterjx9-OpenPostings;kalil0321-ats-companies
achmeainnovationhub,achmeainnovationhub.recruitee.com,2,Masterjx9-OpenPostings;kalil0321-ats-companies
ackeeblockchain,ackeeblockchain.recruitee.com,2,Masterjx9-OpenPostings;kalil0321-ats-companies
ackermansvanhaaren,ackermansvanhaaren.recruitee.com,1,Masterjx9-OpenPostings
acomo,acomo.recruitee.com,2,Masterjx9-OpenPostings;kalil0321-ats-companies
acsl,acsl.recruitee.com,1,Masterjx9-OpenPostings
actionforme,actionforme.recruitee.com,1,Masterjx9-OpenPostings
activestockmanagement,activestockmanagement.recruitee.com,1,Masterjx9-OpenPostings
acturis,acturis.recruitee.com,2,Masterjx9-OpenPostings;kalil0321-ats-companies
adams,adams.recruitee.com,1,Masterjx9-OpenPostings
adamsmithinternational,adamsmithinternational.recruitee.com,1,kalil0321-ats-companies
adamsmithinternational1,adamsmithinternational1.recruitee.com,2,Masterjx9-OpenPostings;kalil0321-ats-companies
adarga,adarga.recruitee.com,2,Masterjx9-OpenPostings;kalil0321-ats-companies
addepto,addepto.recruitee.com,2,Masterjx9-OpenPostings;kalil0321-ats-companies
adeleexpress,adeleexpress.recruitee.com,1,Masterjx9-OpenPostings
adeleexpressfr,adeleexpressfr.recruitee.com,1,Masterjx9-OpenPostings
adelesurdemande,adelesurdemande.recruitee.com,1,Masterjx9-OpenPostings
adesso1,adesso1.recruitee.com,2,Masterjx9-OpenPostings;kalil0321-ats-companies
adhese,adhese.recruitee.com,1,Masterjx9-OpenPostings
adj,adj.recruitee.com,1,Masterjx9-OpenPostings
adjust,adjust.recruitee.com,1,kalil0321-ats-companies
admind1,admind1.recruitee.com,1,Masterjx9-OpenPostings
admindagency,admindagency.recruitee.com,2,Masterjx9-OpenPostings;kalil0321-ats-companies
adrex,adrex.recruitee.com,1,Masterjx9-OpenPostings
adstronauts,adstronauts.recruitee.com,1,Masterjx9-OpenPostings
advanced,advanced.recruitee.com,1,Masterjx9-OpenPostings
advancedforcesgroup,advancedforcesgroup.recruitee.com,1,Masterjx9-OpenPostings
advancedprotectionsystems,advancedprotectionsystems.recruitee.com,1,Masterjx9-OpenPostings
advancy,advancy.recruitee.com,2,Masterjx9-OpenPostings;kalil0321-ats-companies
advantive,advantive.recruitee.com,1,Masterjx9-OpenPostings
aegirmarine,aegirmarine.recruitee.com,1,Masterjx9-OpenPostings
aerodesignworksgmbh,aerodesignworksgmbh.recruitee.com,2,Masterjx9-OpenPostings;kalil0321-ats-companies
aerolab,aerolab.recruitee.com,1,Masterjx9-OpenPostings
aetherflux,aetherflux.recruitee.com,1,kalil0321-ats-companies
affideagreece,affideagreece.recruitee.com,1,Masterjx9-OpenPostings
affideagroup,affideagroup.recruitee.com,1,Masterjx9-OpenPostings
affideaireland,affideaireland.recruitee.com,1,kalil0321-ats-companies
affideaitaly,affideaitaly.recruitee.com,1,Masterjx9-OpenPostings
affideaportugal,affideaportugal.recruitee.com,1,Masterjx9-OpenPostings
affidearomania,affidearomania.recruitee.com,2,Masterjx9-OpenPostings;kalil0321-ats-companies
affideaspain,affideaspain.recruitee.com,1,Masterjx9-OpenPostings
afsenergy,afsenergy.recruitee.com,1,kalil0321-ats-companies
afsgroup,afsgroup.recruitee.com,1,Masterjx9-OpenPostings
againbio,againbio.recruitee.com,2,ches-ctrl-cheddar;kalil0321-ats-companies
agaseurope,agaseurope.recruitee.com,2,Masterjx9-OpenPostings;kalil0321-ats-companies
agiledss,agiledss.recruitee.com,2,Masterjx9-OpenPostings;kalil0321-ats-companies
agiledss1,agiledss1.recruitee.com,1,Masterjx9-OpenPostings
agriplace,agriplace.recruitee.com,2,Masterjx9-OpenPostings;jd-intel-npm
agriplace1,agriplace1.recruitee.com,1,Masterjx9-OpenPostings
ahcgmbh,ahcgmbh.recruitee.com,1,Masterjx9-OpenPostings
aichingergastro,aichingergastro.recruitee.com,1,Masterjx9-OpenPostings
aidence,aidence.recruitee.com,1,Masterjx9-OpenPostings
aidigital,aidigital.recruitee.com,1,kalil0321-ats-companies
aigner,aigner.recruitee.com,1,Masterjx9-OpenPostings
aihr,aihr.recruitee.com,2,Masterjx9-OpenPostings;kalil0321-ats-companies
aikidosecurity,aikidosecurity.recruitee.com,2,Masterjx9-OpenPostings;kalil0321-ats-companies
aimsport,aimsport.recruitee.com,1,Masterjx9-OpenPostings
airborne,airborne.recruitee.com,1,Masterjx9-OpenPostings
airworks,airworks.recruitee.com,1,Masterjx9-OpenPostings
ajwalter,ajwalter.recruitee.com,1,Masterjx9-OpenPostings
akademikernasakassa,akademikernasakassa.recruitee.com,2,Masterjx9-OpenPostings;kalil0321-ats-companies
akur8,akur8.recruitee.com,1,kalil0321-ats-companies
albax,albax.recruitee.com,1,Masterjx9-OpenPostings
aldrichcap,aldrichcap.recruitee.com,1,Masterjx9-OpenPostings
alewijnse,alewijnse.recruitee.com,1,kalil0321-ats-companies
allchiefs,allchiefs.recruitee.com,1,Masterjx9-OpenPostings
allego,allego.recruitee.com,1,kalil0321-ats-companies
allianceforyouthorganizing,allianceforyouthorganizing.recruitee.com,1,ches-ctrl-cheddar
alliedglobal,alliedglobal.recruitee.com,1,Masterjx9-OpenPostings
allredi,allredi.recruitee.com,1,kalil0321-ats-companies
allright,allright.recruitee.com,2,Masterjx9-OpenPostings;kalil0321-ats-companies
allshoretalent,allshoretalent.recruitee.com,2,Masterjx9-OpenPostings;kalil0321-ats-companies
allyhealth,allyhealth.recruitee.com,1,Masterjx9-OpenPostings
allyourbi,allyourbi.recruitee.com,2,Masterjx9-OpenPostings;kalil0321-ats-companies
almavivadebelgique,almavivadebelgique.recruitee.com,2,Masterjx9-OpenPostings;kalil0321-ats-companies
alphabetgroup,alphabetgroup.recruitee.com,1,Masterjx9-OpenPostings
alphacomm,alphacomm.recruitee.com,2,Masterjx9-OpenPostings;kalil0321-ats-companies
alphacommdigitalcommerce,alphacommdigitalcommerce.recruitee.com,1,Masterjx9-OpenPostings
alphorm,alphorm.recruitee.com,1,Masterjx9-OpenPostings
alpine,alpine.recruitee.com,1,Masterjx9-OpenPostings
alsachimie,alsachimie.recruitee.com,2,Masterjx9-OpenPostings;kalil0321-ats-companies
altaresdunbradstreet,altaresdunbradstreet.recruitee.com,1,Masterjx9-OpenPostings
alternatebelgie,alternatebelgie.recruitee.com,1,Masterjx9-OpenPostings
altiussearchgroup,altiussearchgroup.recruitee.com,2,Masterjx9-OpenPostings;kalil0321-ats-companies
ambaflex,ambaflex.recruitee.com,1,Masterjx9-OpenPostings
amberrecycling,amberrecycling.recruitee.com,1,Masterjx9-OpenPostings
ambient,ambient.recruitee.com,1,Masterjx9-OpenPostings
amcjobs,amcjobs.recruitee.com,2,Masterjx9-OpenPostings;kalil0321-ats-companies
amdax,amdax.recruitee.com,1,Masterjx9-OpenPostings
americansafetycouncil,americansafetycouncil.recruitee.com,1,Masterjx9-OpenPostings
amfbakerysystemseurope,amfbakerysystemseurope.recruitee.com,2,Masterjx9-OpenPostings;kalil0321-ats-companies
amilia,amilia.recruitee.com,2,Masterjx9-OpenPostings;kalil0321-ats-companies
amiparis,amiparis.recruitee.com,2,Masterjx9-OpenPostings;kalil0321-ats-companies
amperecloud,amperecloud.recruitee.com,2,Masterjx9-OpenPostings;kalil0321-ats-companies
anandaventuresgmbh,anandaventuresgmbh.recruitee.com,2,Masterjx9-OpenPostings;kalil0321-ats-companies
anantaragroup,anantaragroup.recruitee.com,1,Masterjx9-OpenPostings
anchorhealth,anchorhealth.recruitee.com,1,Masterjx9-OpenPostings
anchr,anchr.recruitee.com,1,kalil0321-ats-companies
anciapersonnelinc,anciapersonnelinc.recruitee.com,1,Masterjx9-OpenPostings
andersrecruitmentservices,andersrecruitmentservices.recruitee.com,1,Masterjx9-OpenPostings
andreasschmid,andreasschmid.recruitee.com,1,Masterjx9-OpenPostings
aneo,aneo.recruitee.com,2,Masterjx9-OpenPostings;kalil0321-ats-companies
angelicoussisgroup,angelicoussisgroup.recruitee.com,1,Masterjx9-OpenPostings
antadis,antadis.recruitee.com,1,Masterjx9-OpenPostings
anteagroup,anteagroup.recruitee.com,1,Masterjx9-OpenPostings
antenno,antenno.recruitee.com,1,Masterjx9-OpenPostings
anthonyveder,anthonyveder.recruitee.com,2,Masterjx9-OpenPostings;kalil0321-ats-companies
antire,antire.recruitee.com,1,Masterjx9-OpenPostings
antonivanleeuwenhoek,antonivanleeuwenhoek.recruitee.com,1,Masterjx9-OpenPostings
antverpianv,antverpianv.recruitee.com,1,Masterjx9-OpenPostings
anywhere365,anywhere365.recruitee.com,1,Masterjx9-OpenPostings
anywherenow,anywherenow.recruitee.com,1,Masterjx9-OpenPostings
anywhereworks,anywhereworks.recruitee.com,2,Masterjx9-OpenPostings;kalil0321-ats-companies
apcorp,apcorp.recruitee.com,1,Masterjx9-OpenPostings
apexmicrotechnology,apexmicrotechnology.recruitee.com,1,Masterjx9-OpenPostings
apolloventures,apolloventures.recruitee.com,1,Masterjx9-OpenPostings
apotal,apotal.recruitee.com,1,Masterjx9-OpenPostings
apoverlag,apoverlag.recruitee.com,1,Masterjx9-OpenPostings
appetiser,appetiser.recruitee.com,2,Masterjx9-OpenPostings;kalil0321-ats-companies
appliedvalue,appliedvalue.recruitee.com,2,Masterjx9-OpenPostings;kalil0321-ats-companies
applitools,applitools.recruitee.com,2,Masterjx9-OpenPostings;kalil0321-ats-companies
applus,applus.recruitee.com,1,Masterjx9-OpenPostings
applusrtd,applusrtd.recruitee.com,1,Masterjx9-OpenPostings
apply,apply.recruitee.com,2,kalil0321-ats-companies;outscal-openjobs
approachablesystems,approachablesystems.recruitee.com,1,Masterjx9-OpenPostings
apptension1,apptension1.recruitee.com,1,Masterjx9-OpenPostings
apptweak,apptweak.recruitee.com,1,Masterjx9-OpenPostings
appwise,appwise.recruitee.com,1,Masterjx9-OpenPostings
apside,apside.recruitee.com,1,kalil0321-ats-companies
aptitudesoftware1,aptitudesoftware1.recruitee.com,2,Masterjx9-OpenPostings;kalil0321-ats-companies
aquablu,aquablu.recruitee.com,2,Masterjx9-OpenPostings;kalil0321-ats-companies
arbio,arbio.recruitee.com,2,Masterjx9-OpenPostings;kalil0321-ats-companies
arbreom,arbreom.recruitee.com,1,Masterjx9-OpenPostings
arcenergie,arcenergie.recruitee.com,2,Masterjx9-OpenPostings;kalil0321-ats-companies
archipelacademybv2,archipelacademybv2.recruitee.com,1,Masterjx9-OpenPostings
arcus,arcus.recruitee.com,2,Masterjx9-OpenPostings;kalil0321-ats-companies
arealytics,arealytics.recruitee.com,2,Masterjx9-OpenPostings;kalil0321-ats-companies
argentenergylimited,argentenergylimited.recruitee.com,1,Masterjx9-OpenPostings
argusdatainsights,argusdatainsights.recruitee.com,1,Masterjx9-OpenPostings
armadamusic,armadamusic.recruitee.com,1,Masterjx9-OpenPostings
armstarkhandelsgmbh,armstarkhandelsgmbh.recruitee.com,1,Masterjx9-OpenPostings
arntzvanhelden,arntzvanhelden.recruitee.com,1,Masterjx9-OpenPostings
arsipa,arsipa.recruitee.com,2,Masterjx9-OpenPostings;kalil0321-ats-companies
artifact2,artifact2.recruitee.com,1,Masterjx9-OpenPostings
artifactsa,artifactsa.recruitee.com,2,Masterjx9-OpenPostings;kalil0321-ats-companies
ascendingai,ascendingai.recruitee.com,1,kalil0321-ats-companies
ascensionisland,ascensionisland.recruitee.com,2,Masterjx9-OpenPostings;kalil0321-ats-companies
askdante,askdante.recruitee.com,1,Masterjx9-OpenPostings
asksuite,asksuite.recruitee.com,2,Masterjx9-OpenPostings;kalil0321-ats-companies
asmpthk,asmpthk.recruitee.com,2,Masterjx9-OpenPostings;kalil0321-ats-companies
assaisoftware,assaisoftware.recruitee.com,1,Masterjx9-OpenPostings
assifep,assifep.recruitee.com,2,Masterjx9-OpenPostings;kalil0321-ats-companies
assist,assist.recruitee.com,1,Masterjx9-OpenPostings
assistme,assistme.recruitee.com,2,Masterjx9-OpenPostings;kalil0321-ats-companies
astensante,astensante.recruitee.com,1,kalil0321-ats-companies
astonjet,astonjet.recruitee.com,1,Masterjx9-OpenPostings
astontec,astontec.recruitee.com,1,kalil0321-ats-companies
astrolabs,astrolabs.recruitee.com,1,Masterjx9-OpenPostings
asvz,asvz.recruitee.com,1,kalil0321-ats-companies
atasssports,atasssports.recruitee.com,1,Masterjx9-OpenPostings
athom,athom.recruitee.com,1,Masterjx9-OpenPostings
athora,athora.recruitee.com,2,Masterjx9-OpenPostings;kalil0321-ats-companies
atiba,atiba.recruitee.com,1,Masterjx9-OpenPostings
atlanticgmbh,atlanticgmbh.recruitee.com,1,Masterjx9-OpenPostings
atlys,atlys.recruitee.com,1,outscal-openjobs
atolye15,atolye15.recruitee.com,1,Masterjx9-OpenPostings
atosborne,atosborne.recruitee.com,1,Masterjx9-OpenPostings
atostek,atostek.recruitee.com,1,Masterjx9-OpenPostings
attendi,attendi.recruitee.com,2,Masterjx9-OpenPostings;kalil0321-ats-companies
aubainerie,aubainerie.recruitee.com,1,Masterjx9-OpenPostings
aubay,aubay.recruitee.com,1,kalil0321-ats-companies
auditdata,auditdata.recruitee.com,1,kalil0321-ats-companies
auditdataas,auditdataas.recruitee.com,1,Masterjx9-OpenPostings
aumanngrunag,aumanngrunag.recruitee.com,1,Masterjx9-OpenPostings
aumatics,aumatics.recruitee.com,1,Masterjx9-OpenPostings
aurorajetfueldmcc,aurorajetfueldmcc.recruitee.com,1,Masterjx9-OpenPostings
autohausduennes,autohausduennes.recruitee.com,1,Masterjx9-OpenPostings
autohaushermann,autohaushermann.recruitee.com,1,Masterjx9-OpenPostings
automation,automation.recruitee.com,1,Masterjx9-OpenPostings
auxilajobsandmore,auxilajobsandmore.recruitee.com,1,Masterjx9-OpenPostings
auxmerveilleuxcarriere,auxmerveilleuxcarriere.recruitee.com,1,Masterjx9-OpenPostings
avantarte,avantarte.recruitee.com,2,Masterjx9-OpenPostings;kalil0321-ats-companies
avantebouwprocessen,avantebouwprocessen.recruitee.com,1,Masterjx9-OpenPostings
avedo,avedo.recruitee.com,1,kalil0321-ats-companies
avencell,avencell.recruitee.com,1,Masterjx9-OpenPostings
aveniq,aveniq.recruitee.com,1,Masterjx9-OpenPostings
avisia,avisia.recruitee.com,1,kalil0321-ats-companies
awsm,awsm.recruitee.com,1,Masterjx9-OpenPostings
axi,axi.recruitee.com,1,kalil0321-ats-companies
axivatehoreca,axivatehoreca.recruitee.com,1,Masterjx9-OpenPostings
axual,axual.recruitee.com,1,Masterjx9-OpenPostings
azm,azm.recruitee.com,2,Masterjx9-OpenPostings;kalil0321-ats-companies
azmtalent,azmtalent.recruitee.com,1,Masterjx9-OpenPostings
azubi,azubi.recruitee.com,1,Masterjx9-OpenPostings
azumuta,azumuta.recruitee.com,2,Masterjx9-OpenPostings;kalil0321-ats-companies
bacher,bacher.recruitee.com,1,Masterjx9-OpenPostings
backereibehmer,backereibehmer.recruitee.com,1,Masterjx9-OpenPostings
backereievertzberg,backereievertzberg.recruitee.com,1,Masterjx9-OpenPostings
backspielhaus,backspielhaus.recruitee.com,2,Masterjx9-OpenPostings;kalil0321-ats-companies
badischebackstub,badischebackstub.recruitee.com,1,Masterjx9-OpenPostings
baeckereiapel,baeckereiapel.recruitee.com,1,Masterjx9-OpenPostings
baeckereiburger,baeckereiburger.recruitee.com,1,Masterjx9-OpenPostings
baeckereimoss,baeckereimoss.recruitee.com,1,Masterjx9-OpenPostings
baeckereisipl,baeckereisipl.recruitee.com,1,Masterjx9-OpenPostings
baeckereiwalter,baeckereiwalter.recruitee.com,1,kalil0321-ats-companies
baeckereiwerning,baeckereiwerning.recruitee.com,1,Masterjx9-OpenPostings
baeckergoertz,baeckergoertz.recruitee.com,2,Masterjx9-OpenPostings;kalil0321-ats-companies
baeckermueller,baeckermueller.recruitee.com,1,Masterjx9-OpenPostings
baeckertrunk,baeckertrunk.recruitee.com,1,Masterjx9-OpenPostings
bahmanncoaching,bahmanncoaching.recruitee.com,1,Masterjx9-OpenPostings
bakerstreet,bakerstreet.recruitee.com,1,Masterjx9-OpenPostings
bakertilly,bakertilly.recruitee.com,1,Masterjx9-OpenPostings
bakkergoedhartbroodspecialiteiten,bakkergoedhartbroodspecialiteiten.recruitee.com,1,Masterjx9-OpenPostings
bakkersteamservicesbv,bakkersteamservicesbv.recruitee.com,1,Masterjx9-OpenPostings
balchem,balchem.recruitee.com,2,Masterjx9-OpenPostings;kalil0321-ats-companies
balkanbet1,balkanbet1.recruitee.com,1,Masterjx9-OpenPostings
ballastnedam,ballastnedam.recruitee.com,1,Masterjx9-OpenPostings
ballysintralotsa,ballysintralotsa.recruitee.com,1,kalil0321-ats-companies
balogisticsgmbh,balogisticsgmbh.recruitee.com,2,Masterjx9-OpenPostings;kalil0321-ats-companies
bambinos,bambinos.recruitee.com,1,Masterjx9-OpenPostings
bambuu,bambuu.recruitee.com,1,Masterjx9-OpenPostings
baobabinsurancegmbh,baobabinsurancegmbh.recruitee.com,2,Masterjx9-OpenPostings;kalil0321-ats-companies
bapmedical,bapmedical.recruitee.com,1,Masterjx9-OpenPostings
barentskrans,barentskrans.recruitee.com,1,Masterjx9-OpenPostings
barkerscommercialconsultancy,barkerscommercialconsultancy.recruitee.com,1,Masterjx9-OpenPostings
barrickgoldcorporation,barrickgoldcorporation.recruitee.com,1,kalil0321-ats-companies
bartimeus,bartimeus.recruitee.com,1,Masterjx9-OpenPostings
basalt,basalt.recruitee.com,1,Masterjx9-OpenPostings
basefit,basefit.recruitee.com,1,Masterjx9-OpenPostings
basgroup,basgroup.recruitee.com,1,kalil0321-ats-companies
basilicomgmbh,basilicomgmbh.recruitee.com,1,Masterjx9-OpenPostings
battassocies,battassocies.recruitee.com,1,Masterjx9-OpenPostings
battolysersystems,battolysersystems.recruitee.com,1,ches-ctrl-cheddar
bauer,bauer.recruitee.com,1,kalil0321-ats-companies
bauhausnederlandcv,bauhausnederlandcv.recruitee.com,1,kalil0321-ats-companies
baxmetaal,baxmetaal.recruitee.com,1,Masterjx9-OpenPostings
bayoulandconservancy,bayoulandconservancy.recruitee.com,1,Masterjx9-OpenPostings
bbb,bbb.recruitee.com,1,kalil0321-ats-companies
bbkampfsport,bbkampfsport.recruitee.com,1,Masterjx9-OpenPostings
bcngroup,bcngroup.recruitee.com,2,Masterjx9-OpenPostings;kalil0321-ats-companies
bcpartners,bcpartners.recruitee.com,2,Masterjx9-OpenPostings;kalil0321-ats-companies
bdairy,bdairy.recruitee.com,1,Masterjx9-OpenPostings
beautyholic,beautyholic.recruitee.com,1,Masterjx9-OpenPostings
beckerbetzinstitute,beckerbetzinstitute.recruitee.com,1,kalil0321-ats-companies
becosoft,becosoft.recruitee.com,1,Masterjx9-OpenPostings
bedachungenschmidtgmbh,bedachungenschmidtgmbh.recruitee.com,1,Masterjx9-OpenPostings
beetrootag,beetrootag.recruitee.com,1,Masterjx9-OpenPostings
befood,befood.recruitee.com,1,Masterjx9-OpenPostings
behfarchitects,behfarchitects.recruitee.com,1,Masterjx9-OpenPostings
beinguser,beinguser.recruitee.com,1,Masterjx9-OpenPostings
belies,belies.recruitee.com,1,Masterjx9-OpenPostings
benfatto,benfatto.recruitee.com,2,Masterjx9-OpenPostings;kalil0321-ats-companies
benqeuropebv,benqeuropebv.recruitee.com,2,Masterjx9-OpenPostings;kalil0321-ats-companies
benslips,benslips.recruitee.com,1,Masterjx9-OpenPostings
benutagmbh,benutagmbh.recruitee.com,1,kalil0321-ats-companies
bep,bep.recruitee.com,1,Masterjx9-OpenPostings
berenschot,berenschot.recruitee.com,1,Masterjx9-OpenPostings
bergbahnkarriere,bergbahnkarriere.recruitee.com,1,Masterjx9-OpenPostings
bergerspartner,bergerspartner.recruitee.com,1,Masterjx9-OpenPostings
bergmanclinics,bergmanclinics.recruitee.com,1,Masterjx9-OpenPostings
bergtoys,bergtoys.recruitee.com,1,Masterjx9-OpenPostings
berlinmetropolitanschool,berlinmetropolitanschool.recruitee.com,1,kalil0321-ats-companies
bernardgruppe,bernardgruppe.recruitee.com,2,Masterjx9-OpenPostings;kalil0321-ats-companies
bespokebritannia,bespokebritannia.recruitee.com,2,Masterjx9-OpenPostings;kalil0321-ats-companies
best4udevelopmentsrl1,best4udevelopmentsrl1.recruitee.com,1,Masterjx9-OpenPostings
bestlogisticsgroup,bestlogisticsgroup.recruitee.com,2,Masterjx9-OpenPostings;kalil0321-ats-companies
bestpeople,bestpeople.recruitee.com,1,Masterjx9-OpenPostings
bettercollective,bettercollective.recruitee.com,3,Masterjx9-OpenPostings;kalil0321-ats-companies;outscal-openjobs
bevametal,bevametal.recruitee.com,1,Masterjx9-OpenPostings
bevolkingsonderzoek,bevolkingsonderzoek.recruitee.com,1,Masterjx9-OpenPostings
bfgroup,bfgroup.recruitee.com,1,Masterjx9-OpenPostings
bghaccountants,bghaccountants.recruitee.com,1,Masterjx9-OpenPostings
bibliu,bibliu.recruitee.com,1,kalil0321-ats-companies
bidfood,bidfood.recruitee.com,1,Masterjx9-OpenPostings
bigcartel,bigcartel.recruitee.com,1,Masterjx9-OpenPostings
billink,billink.recruitee.com,1,Masterjx9-OpenPostings
billwerk,billwerk.recruitee.com,1,Masterjx9-OpenPostings
bindinc,bindinc.recruitee.com,1,Masterjx9-OpenPostings
biolectric,biolectric.recruitee.com,1,Masterjx9-OpenPostings
biovian,biovian.recruitee.com,1,Masterjx9-OpenPostings
biqh,biqh.recruitee.com,2,Masterjx9-OpenPostings;kalil0321-ats-companies
biscuitinternational,biscuitinternational.recruitee.com,1,kalil0321-ats-companies
bitfinex,bitfinex.recruitee.com,2,Masterjx9-OpenPostings;kalil0321-ats-companies
bitfinexsecurities,bitfinexsecurities.recruitee.com,1,Masterjx9-OpenPostings
biximontreal,biximontreal.recruitee.com,1,Masterjx9-OpenPostings
bizcuit,bizcuit.recruitee.com,2,Masterjx9-OpenPostings;kalil0321-ats-companies
biztechlawyers,biztechlawyers.recruitee.com,1,Masterjx9-OpenPostings
bizzy,bizzy.recruitee.com,2,Masterjx9-OpenPostings;kalil0321-ats-companies
bkr,bkr.recruitee.com,1,Masterjx9-OpenPostings
blackbelt,blackbelt.recruitee.com,1,kalil0321-ats-companies
blackdiamond,blackdiamond.recruitee.com,2,Masterjx9-OpenPostings;kalil0321-ats-companies
blackforestproduction,blackforestproduction.recruitee.com,1,kalil0321-ats-companies
blackpropeller,blackpropeller.recruitee.com,1,Masterjx9-OpenPostings
blauwtrust,blauwtrust.recruitee.com,1,Masterjx9-OpenPostings
bleeve,bleeve.recruitee.com,1,Masterjx9-OpenPostings
bliq,bliq.recruitee.com,1,Masterjx9-OpenPostings
blitzblank,blitzblank.recruitee.com,1,Masterjx9-OpenPostings
blocktech,blocktech.recruitee.com,1,Masterjx9-OpenPostings
bloem,bloem.recruitee.com,2,Masterjx9-OpenPostings;kalil0321-ats-companies
blooberteam,blooberteam.recruitee.com,2,Masterjx9-OpenPostings;kalil0321-ats-companies
bluecrux,bluecrux.recruitee.com,2,Masterjx9-OpenPostings;kalil0321-ats-companies
blueearthcapitalag,blueearthcapitalag.recruitee.com,1,Masterjx9-OpenPostings
bluefield,bluefield.recruitee.com,1,Masterjx9-OpenPostings
blueforest,blueforest.recruitee.com,1,Masterjx9-OpenPostings
bluegreen,bluegreen.recruitee.com,1,Masterjx9-OpenPostings
blueharvest,blueharvest.recruitee.com,1,Masterjx9-OpenPostings
bluelabs,bluelabs.recruitee.com,1,Masterjx9-OpenPostings
bluelakefineartscamp,bluelakefineartscamp.recruitee.com,1,Masterjx9-OpenPostings
bluepeople,bluepeople.recruitee.com,1,Masterjx9-OpenPostings
blueprintautomation,blueprintautomation.recruitee.com,1,Masterjx9-OpenPostings
blueradix,blueradix.recruitee.com,1,Masterjx9-OpenPostings
bluestonelogic,bluestonelogic.recruitee.com,2,Masterjx9-OpenPostings;kalil0321-ats-companies
blueye,blueye.recruitee.com,2,Masterjx9-OpenPostings;kalil0321-ats-companies
bmobikemailorder,bmobikemailorder.recruitee.com,1,Masterjx9-OpenPostings
bnlaltradservices,bnlaltradservices.recruitee.com,2,Masterjx9-OpenPostings;kalil0321-ats-companies
boborykin,boborykin.recruitee.com,1,Masterjx9-OpenPostings
bobsgastronomieundveranstaltungsgmbh,bobsgastronomieundveranstaltungsgmbh.recruitee.com,1,Masterjx9-OpenPostings
boekenvoordeel,boekenvoordeel.recruitee.com,1,Masterjx9-OpenPostings
boggimilano,boggimilano.recruitee.com,1,Masterjx9-OpenPostings
boggimilano1,boggimilano1.recruitee.com,2,Masterjx9-OpenPostings;kalil0321-ats-companies
boldergroup,boldergroup.recruitee.com,1,Masterjx9-OpenPostings
boldteam,boldteam.recruitee.com,2,Masterjx9-OpenPostings;kalil0321-ats-companies
bolster,bolster.recruitee.com,1,Masterjx9-OpenPostings
bonditglobal,bonditglobal.recruitee.com,1,Masterjx9-OpenPostings
bonial,bonial.recruitee.com,2,Masterjx9-OpenPostings;kalil0321-ats-companies
bookedoutdentist,bookedoutdentist.recruitee.com,1,Masterjx9-OpenPostings
boschmanadvancedpackagingtechnology,boschmanadvancedpackagingtechnology.recruitee.com,1,Masterjx9-OpenPostings
boulangerieange,boulangerieange.recruitee.com,1,kalil0321-ats-companies
bowlingroom,bowlingroom.recruitee.com,1,Masterjx9-OpenPostings
box8,box8.recruitee.com,2,Masterjx9-OpenPostings;kalil0321-ats-companies
brabantzorg,brabantzorg.recruitee.com,1,Masterjx9-OpenPostings
brain,brain.recruitee.com,1,Masterjx9-OpenPostings
brainportdevelopment,brainportdevelopment.recruitee.com,1,Masterjx9-OpenPostings
brainsquare,brainsquare.recruitee.com,2,Masterjx9-OpenPostings;kalil0321-ats-companies
brainstack,brainstack.recruitee.com,1,kalil0321-ats-companies
brandanenterprisesinc,brandanenterprisesinc.recruitee.com,1,Masterjx9-OpenPostings
brauereibischofshof,brauereibischofshof.recruitee.com,1,Masterjx9-OpenPostings
bravo,bravo.recruitee.com,1,Masterjx9-OpenPostings
brenger,brenger.recruitee.com,3,Masterjx9-OpenPostings;jd-intel-npm;kalil0321-ats-companies
bridgefund,bridgefund.recruitee.com,2,Masterjx9-OpenPostings;jd-intel-npm
bridgingn,bridgingn.recruitee.com,1,Masterjx9-OpenPostings
brighterly,brighterly.recruitee.com,2,Masterjx9-OpenPostings;kalil0321-ats-companies
britsafe,britsafe.recruitee.com,1,Masterjx9-OpenPostings
brlriskconsulting,brlriskconsulting.recruitee.com,1,Masterjx9-OpenPostings
brollikarriere,brollikarriere.recruitee.com,1,Masterjx9-OpenPostings
brpsteuerberatung,brpsteuerberatung.recruitee.com,1,Masterjx9-OpenPostings
brpsteuernrecht,brpsteuernrecht.recruitee.com,1,kalil0321-ats-companies
bruggindustrysolutionsgmbh1,bruggindustrysolutionsgmbh1.recruitee.com,1,Masterjx9-OpenPostings
bruneundcompany,bruneundcompany.recruitee.com,2,Masterjx9-OpenPostings;kalil0321-ats-companies
bsi,bsi.recruitee.com,1,Masterjx9-OpenPostings
bssgmbh,bssgmbh.recruitee.com,1,Masterjx9-OpenPostings
bstelecomsolutions,bstelecomsolutions.recruitee.com,1,Masterjx9-OpenPostings
bta,bta.recruitee.com,1,Masterjx9-OpenPostings
bti,bti.recruitee.com,1,Masterjx9-OpenPostings
btiimmobiliengmbh,btiimmobiliengmbh.recruitee.com,1,Masterjx9-OpenPostings
btsnetwork,btsnetwork.recruitee.com,1,Masterjx9-OpenPostings
btv,btv.recruitee.com,1,Masterjx9-OpenPostings
buawei,buawei.recruitee.com,1,Masterjx9-OpenPostings
budgetthuis,budgetthuis.recruitee.com,1,Masterjx9-OpenPostings
buildingservices,buildingservices.recruitee.com,1,Masterjx9-OpenPostings
buildofarm,buildofarm.recruitee.com,1,Masterjx9-OpenPostings
bukoinfrasupport,bukoinfrasupport.recruitee.com,1,Masterjx9-OpenPostings
bukowaakt,bukowaakt.recruitee.com,1,Masterjx9-OpenPostings
bulldozergroup,bulldozergroup.recruitee.com,1,Masterjx9-OpenPostings
bundl,bundl.recruitee.com,1,kalil0321-ats-companies
bungemagdeburggmbh,bungemagdeburggmbh.recruitee.com,1,kalil0321-ats-companies
bunkerdb,bunkerdb.recruitee.com,1,Masterjx9-OpenPostings
bunq,bunq.recruitee.com,1,kalil0321-ats-companies
buntetonegmbh,buntetonegmbh.recruitee.com,1,Masterjx9-OpenPostings
burgbedrijven,burgbedrijven.recruitee.com,1,Masterjx9-OpenPostings
burgersverhuur,burgersverhuur.recruitee.com,1,Masterjx9-OpenPostings
burgservice,burgservice.recruitee.com,1,Masterjx9-OpenPostings
burrow,burrow.recruitee.com,1,Masterjx9-OpenPostings
bushburgpropertiesinc,bushburgpropertiesinc.recruitee.com,2,Masterjx9-OpenPostings;kalil0321-ats-companies
bussolagroep,bussolagroep.recruitee.com,1,Masterjx9-OpenPostings
buybayservices,buybayservices.recruitee.com,1,Masterjx9-OpenPostings
bwasteuerberatungsgesellschaftpartgmbb,bwasteuerberatungsgesellschaftpartgmbb.recruitee.com,1,Masterjx9-OpenPostings
bwgfoods,bwgfoods.recruitee.com,2,Masterjx9-OpenPostings;kalil0321-ats-companies
bwhhotelsemea,bwhhotelsemea.recruitee.com,2,Masterjx9-OpenPostings;kalil0321-ats-companies
bwhhotelsinternational,bwhhotelsinternational.recruitee.com,1,Masterjx9-OpenPostings
by433,by433.recruitee.com,2,Masterjx9-OpenPostings;kalil0321-ats-companies
bytecode,bytecode.recruitee.com,2,Masterjx9-OpenPostings;kalil0321-ats-companies
caa,caa.recruitee.com,2,Masterjx9-OpenPostings;kalil0321-ats-companies
cainwattersassociates,cainwattersassociates.recruitee.com,2,Masterjx9-OpenPostings;kalil0321-ats-companies
callista,callista.recruitee.com,1,kalil0321-ats-companies
callstackpl,callstackpl.recruitee.com,1,Masterjx9-OpenPostings
camasit,camasit.recruitee.com,1,Masterjx9-OpenPostings
camelbackventures,camelbackventures.recruitee.com,2,Masterjx9-OpenPostings;kalil0321-ats-companies
campact,campact.recruitee.com,2,Masterjx9-OpenPostings;kalil0321-ats-companies
campusdelft,campusdelft.recruitee.com,1,Masterjx9-OpenPostings
capriconsultgmbh,capriconsultgmbh.recruitee.com,1,Masterjx9-OpenPostings
captain,captain.recruitee.com,1,kalil0321-ats-companies
car24gmbh,car24gmbh.recruitee.com,1,Masterjx9-OpenPostings
carano,carano.recruitee.com,2,Masterjx9-OpenPostings;kalil0321-ats-companies
carbonbetter,carbonbetter.recruitee.com,1,Masterjx9-OpenPostings
carbyon,carbyon.recruitee.com,3,Masterjx9-OpenPostings;ches-ctrl-cheddar;kalil0321-ats-companies
career.dbfinancial.ae,https://career.dbfinancial.ae.recruitee.com,1,kalil0321-ats-companies
careermentors,careermentors.recruitee.com,2,Masterjx9-OpenPostings;kalil0321-ats-companies
careers.openvpn.net,https://careers.openvpn.net.recruitee.com,1,kalil0321-ats-companies
careers.resumedia.com,https://careers.resumedia.com.recruitee.com,1,kalil0321-ats-companies
careersdeltacapita,careersdeltacapita.recruitee.com,2,Masterjx9-OpenPostings;kalil0321-ats-companies
careerswcc,careerswcc.recruitee.com,2,Masterjx9-OpenPostings;kalil0321-ats-companies
caremanagementsuissegmbh,caremanagementsuissegmbh.recruitee.com,1,Masterjx9-OpenPostings
caretochange,caretochange.recruitee.com,1,Masterjx9-OpenPostings
caritasgesundheitberlinggmbh,caritasgesundheitberlinggmbh.recruitee.com,2,Masterjx9-OpenPostings;kalil0321-ats-companies
carlfriedrik,carlfriedrik.recruitee.com,2,Masterjx9-OpenPostings;kalil0321-ats-companies
carlislemencap,carlislemencap.recruitee.com,1,Masterjx9-OpenPostings
cartelligent,cartelligent.recruitee.com,2,Masterjx9-OpenPostings;kalil0321-ats-companies
carv,carv.recruitee.com,1,kalil0321-ats-companies
castellumsecurity,castellumsecurity.recruitee.com,1,Masterjx9-OpenPostings
castolin,castolin.recruitee.com,2,Masterjx9-OpenPostings;kalil0321-ats-companies
causalens,causalens.recruitee.com,2,Masterjx9-OpenPostings;kalil0321-ats-companies
cb,cb.recruitee.com,1,Masterjx9-OpenPostings
cbsamericainc,cbsamericainc.recruitee.com,2,Masterjx9-OpenPostings;kalil0321-ats-companies
cbsapac,cbsapac.recruitee.com,1,Masterjx9-OpenPostings
cbsconsulting,cbsconsulting.recruitee.com,1,kalil0321-ats-companies
cc7europebv,cc7europebv.recruitee.com,1,Masterjx9-OpenPostings
cce,cce.recruitee.com,1,Masterjx9-OpenPostings
ccmeurope,ccmeurope.recruitee.com,1,Masterjx9-OpenPostings
ccsconnects,ccsconnects.recruitee.com,1,kalil0321-ats-companies
cctalent,cctalent.recruitee.com,2,Masterjx9-OpenPostings;kalil0321-ats-companies
cedarpointhealth,cedarpointhealth.recruitee.com,2,Masterjx9-OpenPostings;kalil0321-ats-companies
cefetragroup,cefetragroup.recruitee.com,1,Masterjx9-OpenPostings
celebratecompany,celebratecompany.recruitee.com,2,Masterjx9-OpenPostings;kalil0321-ats-companies
cellexgmbh,cellexgmbh.recruitee.com,2,Masterjx9-OpenPostings;kalil0321-ats-companies
cello1,cello1.recruitee.com,1,Masterjx9-OpenPostings
centerfortechandciviclife,centerfortechandciviclife.recruitee.com,3,Masterjx9-OpenPostings;ches-ctrl-cheddar;kalil0321-ats-companies
centraleinnovation,centraleinnovation.recruitee.com,1,Masterjx9-OpenPostings
centreon,centreon.recruitee.com,2,Masterjx9-OpenPostings;kalil0321-ats-companies
centric,centric.recruitee.com,2,Masterjx9-OpenPostings;kalil0321-ats-companies
centumtns,centumtns.recruitee.com,1,Masterjx9-OpenPostings
centumts,centumts.recruitee.com,1,Masterjx9-OpenPostings
centuria2,centuria2.recruitee.com,1,Masterjx9-OpenPostings
cerbaresearch,cerbaresearch.recruitee.com,2,Masterjx9-OpenPostings;kalil0321-ats-companies
cerbaresearchnl,cerbaresearchnl.recruitee.com,1,Masterjx9-OpenPostings
certus,certus.recruitee.com,2,Masterjx9-OpenPostings;kalil0321-ats-companies
certuss,certuss.recruitee.com,1,kalil0321-ats-companies
cesi,cesi.recruitee.com,1,kalil0321-ats-companies
cf2i,cf2i.recruitee.com,2,Masterjx9-OpenPostings;kalil0321-ats-companies
cfjobs,cfjobs.recruitee.com,1,kalil0321-ats-companies
cfpenergy,cfpenergy.recruitee.com,2,Masterjx9-OpenPostings;kalil0321-ats-companies
change,change.recruitee.com,2,Masterjx9-OpenPostings;kalil0321-ats-companies
channable,channable.recruitee.com,2,jd-intel-npm;kalil0321-ats-companies
channelengine,channelengine.recruitee.com,1,Masterjx9-OpenPostings
channelenginecom,channelenginecom.recruitee.com,1,Masterjx9-OpenPostings
chaos,chaos.recruitee.com,2,Masterjx9-OpenPostings;outscal-openjobs
chapter,chapter.recruitee.com,2,Masterjx9-OpenPostings;kalil0321-ats-companies
chargerhelp,chargerhelp.recruitee.com,2,Masterjx9-OpenPostings;kalil0321-ats-companies
chg,chg.recruitee.com,1,Masterjx9-OpenPostings
chgcareers,chgcareers.recruitee.com,2,Masterjx9-OpenPostings;kalil0321-ats-companies
chimpworks,chimpworks.recruitee.com,1,outscal-openjobs
chiropractiecentraal,chiropractiecentraal.recruitee.com,1,Masterjx9-OpenPostings
chmedia,chmedia.recruitee.com,1,Masterjx9-OpenPostings
chorusone1,chorusone1.recruitee.com,1,Masterjx9-OpenPostings
chowco,chowco.recruitee.com,1,Masterjx9-OpenPostings
chrhautesenne,chrhautesenne.recruitee.com,1,Masterjx9-OpenPostings
christiaensgroup,christiaensgroup.recruitee.com,1,Masterjx9-OpenPostings
churchdesk,churchdesk.recruitee.com,1,Masterjx9-OpenPostings
circetbenelux,circetbenelux.recruitee.com,1,Masterjx9-OpenPostings
circetschweizag,circetschweizag.recruitee.com,1,Masterjx9-OpenPostings
circuit,circuit.recruitee.com,1,Masterjx9-OpenPostings
citizenlab,citizenlab.recruitee.com,1,Masterjx9-OpenPostings
citizensadvicescotland,citizensadvicescotland.recruitee.com,1,Masterjx9-OpenPostings
citonl,citonl.recruitee.com,1,Masterjx9-OpenPostings
cityid,cityid.recruitee.com,1,Masterjx9-OpenPostings
citysafesbelgium,citysafesbelgium.recruitee.com,1,Masterjx9-OpenPostings
cityscience,cityscience.recruitee.com,2,Masterjx9-OpenPostings;kalil0321-ats-companies
civiltecengineering,civiltecengineering.recruitee.com,1,Masterjx9-OpenPostings
cjbarrymores,cjbarrymores.recruitee.com,1,Masterjx9-OpenPostings
cksource,cksource.recruitee.com,1,Masterjx9-OpenPostings
clanx,clanx.recruitee.com,1,kalil0321-ats-companies
claranetitalia,claranetitalia.recruitee.com,2,Masterjx9-OpenPostings;kalil0321-ats-companies
clario,clario.recruitee.com,1,kalil0321-ats-companies
clarkassetmanagement,clarkassetmanagement.recruitee.com,1,Masterjx9-OpenPostings
claus,claus.recruitee.com,1,Masterjx9-OpenPostings
clay,clay.recruitee.com,1,Masterjx9-OpenPostings
clbr,clbr.recruitee.com,1,Masterjx9-OpenPostings
cleancapitalenergy,cleancapitalenergy.recruitee.com,1,Masterjx9-OpenPostings
clemenslaw,clemenslaw.recruitee.com,1,Masterjx9-OpenPostings
clever,clever.recruitee.com,1,outscal-openjobs
clickables,clickables.recruitee.com,1,Masterjx9-OpenPostings
climatekic,climatekic.recruitee.com,1,Masterjx9-OpenPostings
climeworks,climeworks.recruitee.com,2,Masterjx9-OpenPostings;ches-ctrl-cheddar
clockwise,clockwise.recruitee.com,1,Masterjx9-OpenPostings
clockworks,clockworks.recruitee.com,1,Masterjx9-OpenPostings
cloud1,cloud1.recruitee.com,1,Masterjx9-OpenPostings
cloudacademy,cloudacademy.recruitee.com,1,Masterjx9-OpenPostings
cloudacademy1,cloudacademy1.recruitee.com,1,Masterjx9-OpenPostings
cloudbilling,cloudbilling.recruitee.com,1,Masterjx9-OpenPostings
cloudmuscle,cloudmuscle.recruitee.com,1,Masterjx9-OpenPostings
cloudopservegmbh,cloudopservegmbh.recruitee.com,1,Masterjx9-OpenPostings
cloudsolutionsinternational,cloudsolutionsinternational.recruitee.com,2,Masterjx9-OpenPostings;kalil0321-ats-companies
cloval,cloval.recruitee.com,1,Masterjx9-OpenPostings
cluetecgmbh,cluetecgmbh.recruitee.com,1,Masterjx9-OpenPostings
cmbtech,cmbtech.recruitee.com,1,Masterjx9-OpenPostings
cmcom,cmcom.recruitee.com,2,Masterjx9-OpenPostings;kalil0321-ats-companies
cocoscapital,cocoscapital.recruitee.com,1,Masterjx9-OpenPostings
codelessinteractivellc,codelessinteractivellc.recruitee.com,1,kalil0321-ats-companies
codepepper,codepepper.recruitee.com,1,Masterjx9-OpenPostings
codetwo,codetwo.recruitee.com,1,Masterjx9-OpenPostings
codingchiefsbv,codingchiefsbv.recruitee.com,1,Masterjx9-OpenPostings
codingpioneers,codingpioneers.recruitee.com,1,Masterjx9-OpenPostings
coffeespace,coffeespace.recruitee.com,1,kalil0321-ats-companies
collins,collins.recruitee.com,1,Masterjx9-OpenPostings
coloriet,coloriet.recruitee.com,1,Masterjx9-OpenPostings
comhard,comhard.recruitee.com,1,Masterjx9-OpenPostings
commonland,commonland.recruitee.com,1,Masterjx9-OpenPostings
comnovogmbh,comnovogmbh.recruitee.com,2,Masterjx9-OpenPostings;kalil0321-ats-companies
companiongroupltd,companiongroupltd.recruitee.com,2,Masterjx9-OpenPostings;kalil0321-ats-companies
companisto,companisto.recruitee.com,2,Masterjx9-OpenPostings;kalil0321-ats-companies
company3,company3.recruitee.com,1,outscal-openjobs
compelson,compelson.recruitee.com,2,Masterjx9-OpenPostings;kalil0321-ats-companies
compliancechamps,compliancechamps.recruitee.com,2,Masterjx9-OpenPostings;kalil0321-ats-companies
concertgebouw,concertgebouw.recruitee.com,1,Masterjx9-OpenPostings
conclusion,conclusion.recruitee.com,1,Masterjx9-OpenPostings
confidia,confidia.recruitee.com,1,Masterjx9-OpenPostings
configura,configura.recruitee.com,1,Masterjx9-OpenPostings
confirmo,confirmo.recruitee.com,2,Masterjx9-OpenPostings;kalil0321-ats-companies
confocal,confocal.recruitee.com,1,Masterjx9-OpenPostings
conformanv,conformanv.recruitee.com,1,Masterjx9-OpenPostings
confotherapeutics,confotherapeutics.recruitee.com,1,Masterjx9-OpenPostings
congreshotelliege,congreshotelliege.recruitee.com,1,Masterjx9-OpenPostings
connectpeople,connectpeople.recruitee.com,1,Masterjx9-OpenPostings
conpearl,conpearl.recruitee.com,1,Masterjx9-OpenPostings
constellr,constellr.recruitee.com,3,Masterjx9-OpenPostings;ches-ctrl-cheddar;kalil0321-ats-companies
constructivedialogue,constructivedialogue.recruitee.com,3,Masterjx9-OpenPostings;ches-ctrl-cheddar;kalil0321-ats-companies
consultdss,consultdss.recruitee.com,2,Masterjx9-OpenPostings;kalil0321-ats-companies
consulting1x1,consulting1x1.recruitee.com,2,Masterjx9-OpenPostings;kalil0321-ats-companies
consulting1x1gmbh,consulting1x1gmbh.recruitee.com,1,kalil0321-ats-companies
consultport,consultport.recruitee.com,1,kalil0321-ats-companies
contactcare,contactcare.recruitee.com,1,Masterjx9-OpenPostings
contextand,contextand.recruitee.com,1,Masterjx9-OpenPostings
controlunion,controlunion.recruitee.com,1,Masterjx9-OpenPostings
convoicar1,convoicar1.recruitee.com,1,Masterjx9-OpenPostings
convotis,convotis.recruitee.com,1,kalil0321-ats-companies
coolgradient,coolgradient.recruitee.com,1,Masterjx9-OpenPostings
coopersfire,coopersfire.recruitee.com,1,Masterjx9-OpenPostings
cop1,cop1.recruitee.com,1,Masterjx9-OpenPostings
copasystemegmbhcokg,copasystemegmbhcokg.recruitee.com,1,Masterjx9-OpenPostings
copenhagenmalmoport,copenhagenmalmoport.recruitee.com,1,Masterjx9-OpenPostings
copernica,copernica.recruitee.com,1,Masterjx9-OpenPostings
cordaan,cordaan.recruitee.com,1,Masterjx9-OpenPostings
cordesconsulting,cordesconsulting.recruitee.com,1,Masterjx9-OpenPostings
coreso,coreso.recruitee.com,3,Masterjx9-OpenPostings;jd-intel-npm;kalil0321-ats-companies
corex,corex.recruitee.com,2,Masterjx9-OpenPostings;kalil0321-ats-companies
cornelissentransportbv,cornelissentransportbv.recruitee.com,1,Masterjx9-OpenPostings
cortexreply,cortexreply.recruitee.com,1,kalil0321-ats-companies
corygroup,corygroup.recruitee.com,2,Masterjx9-OpenPostings;kalil0321-ats-companies
cotap,cotap.recruitee.com,1,Masterjx9-OpenPostings
cottage,cottage.recruitee.com,1,kalil0321-ats-companies
countus,countus.recruitee.com,1,Masterjx9-OpenPostings
coverworks,coverworks.recruitee.com,1,Masterjx9-OpenPostings
cowmanager,cowmanager.recruitee.com,1,kalil0321-ats-companies
cpc,cpc.recruitee.com,1,Masterjx9-OpenPostings
cpitechnologiesgmbh,cpitechnologiesgmbh.recruitee.com,1,kalil0321-ats-companies
cplgroup,cplgroup.recruitee.com,1,Masterjx9-OpenPostings
cpqd,cpqd.recruitee.com,1,Masterjx9-OpenPostings
craftio,craftio.recruitee.com,1,Masterjx9-OpenPostings
crazygames,crazygames.recruitee.com,3,Masterjx9-OpenPostings;kalil0321-ats-companies;outscal-openjobs
creamyfabrics,creamyfabrics.recruitee.com,1,kalil0321-ats-companies
creandum,creandum.recruitee.com,2,Masterjx9-OpenPostings;kalil0321-ats-companies
creativeclicks,creativeclicks.recruitee.com,1,Masterjx9-OpenPostings
cremerspeciaalmachinesbv,cremerspeciaalmachinesbv.recruitee.com,1,Masterjx9-OpenPostings
cremilkgmbh,cremilkgmbh.recruitee.com,1,Masterjx9-OpenPostings
crestadvanceddrycleaners,crestadvanceddrycleaners.recruitee.com,2,Masterjx9-OpenPostings;kalil0321-ats-companies
cronimetenvirotec,cronimetenvirotec.recruitee.com,2,Masterjx9-OpenPostings;kalil0321-ats-companies
crop,crop.recruitee.com,1,Masterjx9-OpenPostings
crossing,crossing.recruitee.com,1,kalil0321-ats-companies
crowdbuilding,crowdbuilding.recruitee.com,1,Masterjx9-OpenPostings
crowdhouse,crowdhouse.recruitee.com,1,Masterjx9-OpenPostings
crowdsec,crowdsec.recruitee.com,2,Masterjx9-OpenPostings;kalil0321-ats-companies
crowepeak1,crowepeak1.recruitee.com,1,Masterjx9-OpenPostings
cruisechicago,cruisechicago.recruitee.com,1,Masterjx9-OpenPostings
cscfi,cscfi.recruitee.com,1,Masterjx9-OpenPostings
csgoroll,csgoroll.recruitee.com,1,outscal-openjobs
csp,csp.recruitee.com,1,Masterjx9-OpenPostings
cta,cta.recruitee.com,1,Masterjx9-OpenPostings
cticc,cticc.recruitee.com,1,Masterjx9-OpenPostings
ctrls,ctrls.recruitee.com,1,kalil0321-ats-companies
ctscompositetechnologiesystemegmbh,ctscompositetechnologiesystemegmbh.recruitee.com,1,kalil0321-ats-companies
cuccibu,cuccibu.recruitee.com,1,Masterjx9-OpenPostings
cumulio,cumulio.recruitee.com,1,Masterjx9-OpenPostings
curiouscompanygmbh,curiouscompanygmbh.recruitee.com,1,Masterjx9-OpenPostings
curotec,curotec.recruitee.com,1,kalil0321-ats-companies
currentagruppe,currentagruppe.recruitee.com,2,Masterjx9-OpenPostings;kalil0321-ats-companies
curvgroup,curvgroup.recruitee.com,1,outscal-openjobs
customeyes,customeyes.recruitee.com,1,Masterjx9-OpenPostings
customssupport,customssupport.recruitee.com,2,Masterjx9-OpenPostings;kalil0321-ats-companies
cvonlinelatvia,cvonlinelatvia.recruitee.com,1,Masterjx9-OpenPostings
cvonwf,cvonwf.recruitee.com,1,Masterjx9-OpenPostings
cybermason,cybermason.recruitee.com,1,Masterjx9-OpenPostings
cycle,cycle.recruitee.com,1,kalil0321-ats-companies
cyclifesverigeab,cyclifesverigeab.recruitee.com,1,Masterjx9-OpenPostings
cyclifesweden,cyclifesweden.recruitee.com,1,Masterjx9-OpenPostings
cyclomediatechnology,cyclomediatechnology.recruitee.com,2,Masterjx9-OpenPostings;kalil0321-ats-companies
cygnific,cygnific.recruitee.com,1,Masterjx9-OpenPostings
dailypaper,dailypaper.recruitee.com,1,Masterjx9-OpenPostings
dailysales,dailysales.recruitee.com,1,Masterjx9-OpenPostings
dak,dak.recruitee.com,1,Masterjx9-OpenPostings
dalsem,dalsem.recruitee.com,1,Masterjx9-OpenPostings
dance,dance.recruitee.com,1,Masterjx9-OpenPostings
dashmote,dashmote.recruitee.com,1,Masterjx9-OpenPostings
daskampfkunstzentrum,daskampfkunstzentrum.recruitee.com,1,Masterjx9-OpenPostings
databauluebeck,databauluebeck.recruitee.com,1,Masterjx9-OpenPostings
dataddo,dataddo.recruitee.com,1,Masterjx9-OpenPostings
dataforce,dataforce.recruitee.com,1,kalil0321-ats-companies
dataline,dataline.recruitee.com,2,Masterjx9-OpenPostings;kalil0321-ats-companies
datashift,datashift.recruitee.com,1,Masterjx9-OpenPostings
datasnipper,datasnipper.recruitee.com,1,ches-ctrl-cheddar
datavisual,datavisual.recruitee.com,1,Masterjx9-OpenPostings
dats24,dats24.recruitee.com,1,Masterjx9-OpenPostings
davidjosephcompany,davidjosephcompany.recruitee.com,1,Masterjx9-OpenPostings
dbsgroep,dbsgroep.recruitee.com,1,Masterjx9-OpenPostings
dcaviationgmbh,dcaviationgmbh.recruitee.com,1,Masterjx9-OpenPostings
dcfverlag,dcfverlag.recruitee.com,1,Masterjx9-OpenPostings
dckgroup,dckgroup.recruitee.com,2,Masterjx9-OpenPostings;kalil0321-ats-companies
ddbathens1,ddbathens1.recruitee.com,1,Masterjx9-OpenPostings
ddx,ddx.recruitee.com,1,Masterjx9-OpenPostings
debatrix,debatrix.recruitee.com,1,Masterjx9-OpenPostings
debitosgmbh,debitosgmbh.recruitee.com,1,kalil0321-ats-companies
debrug,debrug.recruitee.com,1,Masterjx9-OpenPostings
decircletalentpartner,decircletalentpartner.recruitee.com,1,kalil0321-ats-companies
decoded,decoded.recruitee.com,1,Masterjx9-OpenPostings
deepdsg,deepdsg.recruitee.com,1,kalil0321-ats-companies
deephealth,deephealth.recruitee.com,2,Masterjx9-OpenPostings;kalil0321-ats-companies
deepomatic,deepomatic.recruitee.com,1,kalil0321-ats-companies
deepsea,deepsea.recruitee.com,2,Masterjx9-OpenPostings;ches-ctrl-cheddar
degraafbakeries,degraafbakeries.recruitee.com,1,Masterjx9-OpenPostings
degustabox,degustabox.recruitee.com,1,Masterjx9-OpenPostings
deinephysios,deinephysios.recruitee.com,1,kalil0321-ats-companies
deintraumjobwartet,deintraumjobwartet.recruitee.com,1,kalil0321-ats-companies
dekarbogmbh,dekarbogmbh.recruitee.com,1,Masterjx9-OpenPostings
dekdeutscheextraktkaffeegmbh,dekdeutscheextraktkaffeegmbh.recruitee.com,2,Masterjx9-OpenPostings;kalil0321-ats-companies
dekkerchrysanten,dekkerchrysanten.recruitee.com,1,Masterjx9-OpenPostings
deleuropeamsterdam,deleuropeamsterdam.recruitee.com,2,Masterjx9-OpenPostings;kalil0321-ats-companies
delfsteam,delfsteam.recruitee.com,1,kalil0321-ats-companies
delfsundpartner,delfsundpartner.recruitee.com,1,Masterjx9-OpenPostings
deliverstrategies,deliverstrategies.recruitee.com,1,Masterjx9-OpenPostings
delkeskampverpackungswerke,delkeskampverpackungswerke.recruitee.com,1,Masterjx9-OpenPostings
delonghigroup,delonghigroup.recruitee.com,1,Masterjx9-OpenPostings
deluxeholidayhomes,deluxeholidayhomes.recruitee.com,1,kalil0321-ats-companies
demaco,demaco.recruitee.com,1,Masterjx9-OpenPostings
demoupcliplister,demoupcliplister.recruitee.com,1,Masterjx9-OpenPostings
demvsystems,demvsystems.recruitee.com,2,Masterjx9-OpenPostings;kalil0321-ats-companies
demvsystemsgmbh,demvsystemsgmbh.recruitee.com,1,kalil0321-ats-companies
denevy,denevy.recruitee.com,1,Masterjx9-OpenPostings
denieuwezaak,denieuwezaak.recruitee.com,2,Masterjx9-OpenPostings;kalil0321-ats-companies
denjyskehaandvaerkerskole,denjyskehaandvaerkerskole.recruitee.com,2,Masterjx9-OpenPostings;kalil0321-ats-companies
dentaaltotaal,dentaaltotaal.recruitee.com,1,Masterjx9-OpenPostings
depiergroep,depiergroep.recruitee.com,1,Masterjx9-OpenPostings
deribit,deribit.recruitee.com,1,Masterjx9-OpenPostings
desapflegeeinrichtungengmbh,desapflegeeinrichtungengmbh.recruitee.com,1,Masterjx9-OpenPostings
designeroutletluxembourg,designeroutletluxembourg.recruitee.com,1,Masterjx9-OpenPostings
desocialemaatschap,desocialemaatschap.recruitee.com,1,Masterjx9-OpenPostings
destinationsport,destinationsport.recruitee.com,1,Masterjx9-OpenPostings
detalentpoolnederland,detalentpoolnederland.recruitee.com,1,Masterjx9-OpenPostings
detandartsengroep,detandartsengroep.recruitee.com,1,Masterjx9-OpenPostings
detron,detron.recruitee.com,1,Masterjx9-OpenPostings
detronzetacomgroep,detronzetacomgroep.recruitee.com,1,Masterjx9-OpenPostings
dettendorfer,dettendorfer.recruitee.com,1,kalil0321-ats-companies
deutscheextraktkaffeegmbh,deutscheextraktkaffeegmbh.recruitee.com,1,kalil0321-ats-companies
deutschespromotionszentrum,deutschespromotionszentrum.recruitee.com,2,Masterjx9-OpenPostings;kalil0321-ats-companies
devfinders,devfinders.recruitee.com,1,Masterjx9-OpenPostings
devissergroep,devissergroep.recruitee.com,1,Masterjx9-OpenPostings
dexterenergyservices,dexterenergyservices.recruitee.com,2,Masterjx9-OpenPostings;kalil0321-ats-companies
diakonieauerbachev,diakonieauerbachev.recruitee.com,2,Masterjx9-OpenPostings;kalil0321-ats-companies
diakoniewuppertal,diakoniewuppertal.recruitee.com,1,kalil0321-ats-companies
diebayerische,diebayerische.recruitee.com,1,kalil0321-ats-companies
diegrenze,diegrenze.recruitee.com,1,Masterjx9-OpenPostings
dieschrittmacher,dieschrittmacher.recruitee.com,1,Masterjx9-OpenPostings
diggmbh,diggmbh.recruitee.com,1,Masterjx9-OpenPostings
digicommintl,digicommintl.recruitee.com,1,Masterjx9-OpenPostings
digitalbeatgmbh,digitalbeatgmbh.recruitee.com,2,Masterjx9-OpenPostings;kalil0321-ats-companies
digitaldna,digitaldna.recruitee.com,2,Masterjx9-OpenPostings;kalil0321-ats-companies
digitalforms,digitalforms.recruitee.com,2,Masterjx9-OpenPostings;kalil0321-ats-companies
digitalminds1,digitalminds1.recruitee.com,2,Masterjx9-OpenPostings;kalil0321-ats-companies
digitalpayrollservices,digitalpayrollservices.recruitee.com,1,Masterjx9-OpenPostings
digitalreload,digitalreload.recruitee.com,1,Masterjx9-OpenPostings
digitickets,digitickets.recruitee.com,1,Masterjx9-OpenPostings
dillinggroup,dillinggroup.recruitee.com,2,Masterjx9-OpenPostings;kalil0321-ats-companies
diponteducation,diponteducation.recruitee.com,2,Masterjx9-OpenPostings;kalil0321-ats-companies
disabatino,disabatino.recruitee.com,1,Masterjx9-OpenPostings
distaoy,distaoy.recruitee.com,1,Masterjx9-OpenPostings
distilled,distilled.recruitee.com,2,Masterjx9-OpenPostings;kalil0321-ats-companies
distribusion,distribusion.recruitee.com,1,Masterjx9-OpenPostings
distribusiontechnologies,distribusiontechnologies.recruitee.com,1,Masterjx9-OpenPostings
divint,divint.recruitee.com,1,kalil0321-ats-companies
divintitsolutionsgmbh,divintitsolutionsgmbh.recruitee.com,1,Masterjx9-OpenPostings
dle,dle.recruitee.com,1,Masterjx9-OpenPostings
dnata,dnata.recruitee.com,2,Masterjx9-OpenPostings;kalil0321-ats-companies
doccheckgroup,doccheckgroup.recruitee.com,1,Masterjx9-OpenPostings
dock,dock.recruitee.com,1,Masterjx9-OpenPostings
doctenasa,doctenasa.recruitee.com,1,Masterjx9-OpenPostings
doernerpartner,doernerpartner.recruitee.com,1,Masterjx9-OpenPostings
dommelvallei,dommelvallei.recruitee.com,1,Masterjx9-OpenPostings
domusvita,domusvita.recruitee.com,1,Masterjx9-OpenPostings
donna,donna.recruitee.com,1,Masterjx9-OpenPostings
doozer,doozer.recruitee.com,1,Masterjx9-OpenPostings
doss2,doss2.recruitee.com,1,Masterjx9-OpenPostings
dpi,dpi.recruitee.com,1,Masterjx9-OpenPostings
drakkenco,drakkenco.recruitee.com,1,Masterjx9-OpenPostings
dransay,dransay.recruitee.com,2,Masterjx9-OpenPostings;kalil0321-ats-companies
drdanielasumanngmbh,drdanielasumanngmbh.recruitee.com,1,Masterjx9-OpenPostings
dreamhost,dreamhost.recruitee.com,1,Masterjx9-OpenPostings
dresselimmobiliengmbh,dresselimmobiliengmbh.recruitee.com,1,Masterjx9-OpenPostings
drieam,drieam.recruitee.com,1,Masterjx9-OpenPostings
driestroom,driestroom.recruitee.com,1,Masterjx9-OpenPostings
driezestig,driezestig.recruitee.com,1,Masterjx9-OpenPostings
drivvn,drivvn.recruitee.com,1,Masterjx9-OpenPostings
drmayerconsulting,drmayerconsulting.recruitee.com,1,Masterjx9-OpenPostings
dronamics1,dronamics1.recruitee.com,1,Masterjx9-OpenPostings
droppie,droppie.recruitee.com,1,Masterjx9-OpenPostings
dropsolid,dropsolid.recruitee.com,1,Masterjx9-OpenPostings
drsussmanngmbh,drsussmanngmbh.recruitee.com,1,Masterjx9-OpenPostings
dsee,dsee.recruitee.com,1,Masterjx9-OpenPostings
dtc,dtc.recruitee.com,1,Masterjx9-OpenPostings
dteconsultgmbh,dteconsultgmbh.recruitee.com,1,Masterjx9-OpenPostings
dtx,dtx.recruitee.com,1,Masterjx9-OpenPostings
duckduckgo,duckduckgo.recruitee.com,1,ches-ctrl-cheddar
duravermeer,duravermeer.recruitee.com,1,Masterjx9-OpenPostings
duxdata2,duxdata2.recruitee.com,1,Masterjx9-OpenPostings
dvtcareers,dvtcareers.recruitee.com,2,Masterjx9-OpenPostings;kalil0321-ats-companies
dwcc,dwcc.recruitee.com,1,Masterjx9-OpenPostings
dwf,dwf.recruitee.com,1,Masterjx9-OpenPostings
dwkkurierdienstgmbh,dwkkurierdienstgmbh.recruitee.com,1,Masterjx9-OpenPostings
dwsi,dwsi.recruitee.com,2,Masterjx9-OpenPostings;kalil0321-ats-companies
eal,eal.recruitee.com,1,Masterjx9-OpenPostings
earlyalpineacademy,earlyalpineacademy.recruitee.com,1,Masterjx9-OpenPostings
easelogistics,easelogistics.recruitee.com,1,kalil0321-ats-companies
easyapplyrekluti,easyapplyrekluti.recruitee.com,2,Masterjx9-OpenPostings;kalil0321-ats-companies
easyapplyrimutee,easyapplyrimutee.recruitee.com,1,Masterjx9-OpenPostings
easyconnectundkulturplanner,easyconnectundkulturplanner.recruitee.com,1,Masterjx9-OpenPostings
ebro,ebro.recruitee.com,1,Masterjx9-OpenPostings
ecconsultants,ecconsultants.recruitee.com,2,Masterjx9-OpenPostings;kalil0321-ats-companies
echourbandesign,echourbandesign.recruitee.com,1,kalil0321-ats-companies
ecobioboutique,ecobioboutique.recruitee.com,1,Masterjx9-OpenPostings
ecochain,ecochain.recruitee.com,2,Masterjx9-OpenPostings;kalil0321-ats-companies
ecolecentraledelyon,ecolecentraledelyon.recruitee.com,1,Masterjx9-OpenPostings
ecomtrading,ecomtrading.recruitee.com,1,Masterjx9-OpenPostings
econocomnederland,econocomnederland.recruitee.com,2,Masterjx9-OpenPostings;kalil0321-ats-companies
econodata,econodata.recruitee.com,1,Masterjx9-OpenPostings
economicsecurityproject,economicsecurityproject.recruitee.com,1,Masterjx9-OpenPostings
ecorushome,ecorushome.recruitee.com,1,Masterjx9-OpenPostings
edelman,edelman.recruitee.com,1,outscal-openjobs
edenhotels,edenhotels.recruitee.com,1,Masterjx9-OpenPostings
edubilygmbh,edubilygmbh.recruitee.com,1,kalil0321-ats-companies
eerikkilasportoutdoorresort,eerikkilasportoutdoorresort.recruitee.com,1,Masterjx9-OpenPostings
eetechnik,eetechnik.recruitee.com,1,Masterjx9-OpenPostings
effectis1,effectis1.recruitee.com,1,Masterjx9-OpenPostings
effectory,effectory.recruitee.com,2,Masterjx9-OpenPostings;jd-intel-npm
effecty,effecty.recruitee.com,1,Masterjx9-OpenPostings
egalazorg,egalazorg.recruitee.com,1,Masterjx9-OpenPostings
egeniq,egeniq.recruitee.com,1,Masterjx9-OpenPostings
egeria,egeria.recruitee.com,1,Masterjx9-OpenPostings
egroup,egroup.recruitee.com,2,Masterjx9-OpenPostings;kalil0321-ats-companies
eichholtz,eichholtz.recruitee.com,1,Masterjx9-OpenPostings
eiseleflugdienstgmbh,eiseleflugdienstgmbh.recruitee.com,2,Masterjx9-OpenPostings;kalil0321-ats-companies
ekobulgaria,ekobulgaria.recruitee.com,1,Masterjx9-OpenPostings
elan,elan.recruitee.com,1,Masterjx9-OpenPostings
elanwonen,elanwonen.recruitee.com,1,Masterjx9-OpenPostings
elanza,elanza.recruitee.com,1,Masterjx9-OpenPostings
electro80,electro80.recruitee.com,1,Masterjx9-OpenPostings
eleken,eleken.recruitee.com,2,Masterjx9-OpenPostings;kalil0321-ats-companies
elektrosupersaxoag,elektrosupersaxoag.recruitee.com,1,Masterjx9-OpenPostings
elementinsuranceag,elementinsuranceag.recruitee.com,2,Masterjx9-OpenPostings;kalil0321-ats-companies
eleqtron,eleqtron.recruitee.com,2,Masterjx9-OpenPostings;kalil0321-ats-companies
elfinsolutions,elfinsolutions.recruitee.com,1,Masterjx9-OpenPostings
elmenus,elmenus.recruitee.com,2,Masterjx9-OpenPostings;kalil0321-ats-companies
elmleigh,elmleigh.recruitee.com,1,Masterjx9-OpenPostings
elockers,elockers.recruitee.com,1,kalil0321-ats-companies
eluscious,eluscious.recruitee.com,2,Masterjx9-OpenPostings;kalil0321-ats-companies
elvinci,elvinci.recruitee.com,1,Masterjx9-OpenPostings
embea,embea.recruitee.com,1,Masterjx9-OpenPostings
ember,ember.recruitee.com,2,Masterjx9-OpenPostings;kalil0321-ats-companies
embrace,embrace.recruitee.com,1,kalil0321-ats-companies
embracecloud,embracecloud.recruitee.com,1,Masterjx9-OpenPostings
emdeautomationgmbh,emdeautomationgmbh.recruitee.com,2,Masterjx9-OpenPostings;kalil0321-ats-companies
emergentsoftware,emergentsoftware.recruitee.com,2,Masterjx9-OpenPostings;kalil0321-ats-companies
emergo,emergo.recruitee.com,1,Masterjx9-OpenPostings
emerse,emerse.recruitee.com,1,Masterjx9-OpenPostings
emertongroup,emertongroup.recruitee.com,1,Masterjx9-OpenPostings
emmiai,emmiai.recruitee.com,2,Masterjx9-OpenPostings;kalil0321-ats-companies
emmington,emmington.recruitee.com,1,kalil0321-ats-companies
emploigeneve,emploigeneve.recruitee.com,1,Masterjx9-OpenPostings
employesvacatures,employesvacatures.recruitee.com,2,Masterjx9-OpenPostings;kalil0321-ats-companies
emplyfy,emplyfy.recruitee.com,1,kalil0321-ats-companies
emrunternehmensberatung,emrunternehmensberatung.recruitee.com,2,Masterjx9-OpenPostings;kalil0321-ats-companies
encompasseventgroup,encompasseventgroup.recruitee.com,1,Masterjx9-OpenPostings
encontecgmbh,encontecgmbh.recruitee.com,1,Masterjx9-OpenPostings
encoway,encoway.recruitee.com,1,Masterjx9-OpenPostings
endeavor8,endeavor8.recruitee.com,1,Masterjx9-OpenPostings
endriswagnerundkollegengbr,endriswagnerundkollegengbr.recruitee.com,1,Masterjx9-OpenPostings
endterengineeringgmbh,endterengineeringgmbh.recruitee.com,1,Masterjx9-OpenPostings
enecoemobility,enecoemobility.recruitee.com,1,Masterjx9-OpenPostings
enercon,enercon.recruitee.com,1,Masterjx9-OpenPostings
energy21,energy21.recruitee.com,2,Masterjx9-OpenPostings;kalil0321-ats-companies
energyagency,energyagency.recruitee.com,1,Masterjx9-OpenPostings
energyhouse,energyhouse.recruitee.com,1,Masterjx9-OpenPostings
energyking,energyking.recruitee.com,1,Masterjx9-OpenPostings
enersee,enersee.recruitee.com,1,kalil0321-ats-companies
eneve,eneve.recruitee.com,2,Masterjx9-OpenPostings;kalil0321-ats-companies
engaige,engaige.recruitee.com,1,Masterjx9-OpenPostings
enjoygaming,enjoygaming.recruitee.com,2,Masterjx9-OpenPostings;kalil0321-ats-companies
ennatuurlijkbv,ennatuurlijkbv.recruitee.com,1,Masterjx9-OpenPostings
ennovationhub,ennovationhub.recruitee.com,1,Masterjx9-OpenPostings
enomyc,enomyc.recruitee.com,2,Masterjx9-OpenPostings;kalil0321-ats-companies
enseradesign,enseradesign.recruitee.com,2,Masterjx9-OpenPostings;kalil0321-ats-companies
enspired,enspired.recruitee.com,1,Masterjx9-OpenPostings
enstaparis,enstaparis.recruitee.com,1,Masterjx9-OpenPostings
ensup,ensup.recruitee.com,1,Masterjx9-OpenPostings
enterprise,enterprise.recruitee.com,2,Masterjx9-OpenPostings;kalil0321-ats-companies
enticonretail,enticonretail.recruitee.com,1,Masterjx9-OpenPostings
entyre,entyre.recruitee.com,1,Masterjx9-OpenPostings
entyreinc,entyreinc.recruitee.com,2,Masterjx9-OpenPostings;kalil0321-ats-companies
envipco,envipco.recruitee.com,2,Masterjx9-OpenPostings;kalil0321-ats-companies
epicfusion,epicfusion.recruitee.com,1,Masterjx9-OpenPostings
epilot,epilot.recruitee.com,1,Masterjx9-OpenPostings
equalsmoney,equalsmoney.recruitee.com,2,Masterjx9-OpenPostings;kalil0321-ats-companies
equito,equito.recruitee.com,1,kalil0321-ats-companies
equivity,equivity.recruitee.com,1,Masterjx9-OpenPostings
eraneos,eraneos.recruitee.com,1,Masterjx9-OpenPostings
eraneosiberia,eraneosiberia.recruitee.com,1,Masterjx9-OpenPostings
erichpommerinstitut,erichpommerinstitut.recruitee.com,1,Masterjx9-OpenPostings
erschaffedichneu,erschaffedichneu.recruitee.com,1,Masterjx9-OpenPostings
erstedigital,erstedigital.recruitee.com,2,Masterjx9-OpenPostings;kalil0321-ats-companies
eskandary,eskandary.recruitee.com,1,Masterjx9-OpenPostings
esns,esns.recruitee.com,1,Masterjx9-OpenPostings
espeo,espeo.recruitee.com,1,Masterjx9-OpenPostings
esportsworldcupfoundation,esportsworldcupfoundation.recruitee.com,1,Masterjx9-OpenPostings
eteachgroup,eteachgroup.recruitee.com,1,Masterjx9-OpenPostings
eternalsungroupbv,eternalsungroupbv.recruitee.com,1,Masterjx9-OpenPostings
ethonai,ethonai.recruitee.com,2,Masterjx9-OpenPostings;kalil0321-ats-companies
eticor,eticor.recruitee.com,1,Masterjx9-OpenPostings
etlheimfarthgruppe,etlheimfarthgruppe.recruitee.com,1,Masterjx9-OpenPostings
etterundpartner,etterundpartner.recruitee.com,1,Masterjx9-OpenPostings
etwenergietechnikgmbh,etwenergietechnikgmbh.recruitee.com,1,kalil0321-ats-companies
eurail,eurail.recruitee.com,1,Masterjx9-OpenPostings
euroeyes,euroeyes.recruitee.com,1,Masterjx9-OpenPostings
eurofinsenvironex,eurofinsenvironex.recruitee.com,1,Masterjx9-OpenPostings
europeanliberalforum,europeanliberalforum.recruitee.com,1,Masterjx9-OpenPostings
europizzaproducts,europizzaproducts.recruitee.com,2,Masterjx9-OpenPostings;kalil0321-ats-companies
eurosortsystems,eurosortsystems.recruitee.com,1,Masterjx9-OpenPostings
eurosparcareers,eurosparcareers.recruitee.com,2,Masterjx9-OpenPostings;kalil0321-ats-companies
eventix,eventix.recruitee.com,1,Masterjx9-OpenPostings
everdrop,everdrop.recruitee.com,1,Masterjx9-OpenPostings
eversmann,eversmann.recruitee.com,1,Masterjx9-OpenPostings
evidos,evidos.recruitee.com,1,Masterjx9-OpenPostings
evofenedex,evofenedex.recruitee.com,1,Masterjx9-OpenPostings
evolit,evolit.recruitee.com,1,Masterjx9-OpenPostings
evozon,evozon.recruitee.com,1,Masterjx9-OpenPostings
evreuxportesdenormandie,evreuxportesdenormandie.recruitee.com,1,Masterjx9-OpenPostings
ewald,ewald.recruitee.com,1,Masterjx9-OpenPostings
exbgroup,exbgroup.recruitee.com,1,kalil0321-ats-companies
excap,excap.recruitee.com,1,Masterjx9-OpenPostings
excelerated,excelerated.recruitee.com,1,Masterjx9-OpenPostings
exclamationlabs,exclamationlabs.recruitee.com,1,Masterjx9-OpenPostings
executivesentinels,executivesentinels.recruitee.com,1,kalil0321-ats-companies
exelab,exelab.recruitee.com,2,Masterjx9-OpenPostings;kalil0321-ats-companies
exeon,exeon.recruitee.com,2,Masterjx9-OpenPostings;kalil0321-ats-companies
exeonanalytics,exeonanalytics.recruitee.com,1,Masterjx9-OpenPostings
exigent,exigent.recruitee.com,1,outscal-openjobs
exner,exner.recruitee.com,1,Masterjx9-OpenPostings
exp1consulting,exp1consulting.recruitee.com,1,Masterjx9-OpenPostings
experiencegift,experiencegift.recruitee.com,2,Masterjx9-OpenPostings;kalil0321-ats-companies
experiencegift2,experiencegift2.recruitee.com,1,Masterjx9-OpenPostings
extrashop,extrashop.recruitee.com,2,Masterjx9-OpenPostings;kalil0321-ats-companies
eyesquare,eyesquare.recruitee.com,1,Masterjx9-OpenPostings
eyewatchsecuritygroupbv,eyewatchsecuritygroupbv.recruitee.com,2,Masterjx9-OpenPostings;kalil0321-ats-companies
fab4minds,fab4minds.recruitee.com,1,Masterjx9-OpenPostings
fabianbuenker,fabianbuenker.recruitee.com,1,Masterjx9-OpenPostings
fachstellemobbingundbelastigung,fachstellemobbingundbelastigung.recruitee.com,1,Masterjx9-OpenPostings
faktionbv1,faktionbv1.recruitee.com,2,Masterjx9-OpenPostings;kalil0321-ats-companies
falkberberich,falkberberich.recruitee.com,1,Masterjx9-OpenPostings
famly,famly.recruitee.com,2,Masterjx9-OpenPostings;kalil0321-ats-companies
farminsect,farminsect.recruitee.com,1,ches-ctrl-cheddar
farogruppe,farogruppe.recruitee.com,1,Masterjx9-OpenPostings
fashioncloudgmbh,fashioncloudgmbh.recruitee.com,1,kalil0321-ats-companies
fastems,fastems.recruitee.com,1,Masterjx9-OpenPostings
fastned,fastned.recruitee.com,4,Masterjx9-OpenPostings;ches-ctrl-cheddar;jd-intel-npm;kalil0321-ats-companies
favionline,favionline.recruitee.com,1,Masterjx9-OpenPostings
fayngmbh,fayngmbh.recruitee.com,1,Masterjx9-OpenPostings
federationfrancaisedathletisme,federationfrancaisedathletisme.recruitee.com,1,Masterjx9-OpenPostings
feedingsouthflorida,feedingsouthflorida.recruitee.com,1,Masterjx9-OpenPostings
ferillis,ferillis.recruitee.com,2,Masterjx9-OpenPostings;kalil0321-ats-companies
fermedelamotte,fermedelamotte.recruitee.com,1,Masterjx9-OpenPostings
ferpalinfrastructure,ferpalinfrastructure.recruitee.com,2,Masterjx9-OpenPostings;kalil0321-ats-companies
ferrarielectronicag,ferrarielectronicag.recruitee.com,1,Masterjx9-OpenPostings
ferryscanner,ferryscanner.recruitee.com,1,Masterjx9-OpenPostings
festgmbh,festgmbh.recruitee.com,1,Masterjx9-OpenPostings
fgn,fgn.recruitee.com,1,Masterjx9-OpenPostings
fhpsteuerberatungsgesellschaft,fhpsteuerberatungsgesellschaft.recruitee.com,1,Masterjx9-OpenPostings
fibrorundtischegmbh,fibrorundtischegmbh.recruitee.com,1,Masterjx9-OpenPostings
fidusheinenoord,fidusheinenoord.recruitee.com,1,Masterjx9-OpenPostings
fiedler,fiedler.recruitee.com,1,Masterjx9-OpenPostings
fieldbuddy,fieldbuddy.recruitee.com,2,Masterjx9-OpenPostings;kalil0321-ats-companies
filestage,filestage.recruitee.com,1,kalil0321-ats-companies
filmmakermarketing,filmmakermarketing.recruitee.com,1,Masterjx9-OpenPostings
financiallease,financiallease.recruitee.com,1,Masterjx9-OpenPostings
finbyte,finbyte.recruitee.com,1,Masterjx9-OpenPostings
finecobancaprivadakutxabank,finecobancaprivadakutxabank.recruitee.com,1,Masterjx9-OpenPostings
finnovasia,finnovasia.recruitee.com,1,Masterjx9-OpenPostings
finoverse,finoverse.recruitee.com,2,Masterjx9-OpenPostings;kalil0321-ats-companies
firstlady,firstlady.recruitee.com,1,Masterjx9-OpenPostings
fixico,fixico.recruitee.com,2,Masterjx9-OpenPostings;kalil0321-ats-companies
fizor,fizor.recruitee.com,1,Masterjx9-OpenPostings
fjernvarmefynkarriere,fjernvarmefynkarriere.recruitee.com,1,Masterjx9-OpenPostings
flexitgo,flexitgo.recruitee.com,2,Masterjx9-OpenPostings;kalil0321-ats-companies
flexlegal,flexlegal.recruitee.com,1,Masterjx9-OpenPostings
flexlegalltd,flexlegalltd.recruitee.com,1,Masterjx9-OpenPostings
flextrade,flextrade.recruitee.com,1,Masterjx9-OpenPostings
flinn,flinn.recruitee.com,2,Masterjx9-OpenPostings;kalil0321-ats-companies
floryn,floryn.recruitee.com,2,Masterjx9-OpenPostings;jd-intel-npm
flower,flower.recruitee.com,1,kalil0321-ats-companies
flowfactor,flowfactor.recruitee.com,1,Masterjx9-OpenPostings
fluxpartners,fluxpartners.recruitee.com,1,Masterjx9-OpenPostings
flyingbisons,flyingbisons.recruitee.com,2,Masterjx9-OpenPostings;kalil0321-ats-companies
flyingbisons1,flyingbisons1.recruitee.com,1,Masterjx9-OpenPostings
fmconsulting,fmconsulting.recruitee.com,1,Masterjx9-OpenPostings
fmrecruiting,fmrecruiting.recruitee.com,1,Masterjx9-OpenPostings
focusentertainment,focusentertainment.recruitee.com,3,Masterjx9-OpenPostings;kalil0321-ats-companies;outscal-openjobs
focushomeinteractive,focushomeinteractive.recruitee.com,2,Masterjx9-OpenPostings;outscal-openjobs
foerschnerundpartner,foerschnerundpartner.recruitee.com,1,Masterjx9-OpenPostings
foleon,foleon.recruitee.com,2,Masterjx9-OpenPostings;kalil0321-ats-companies
fonhr,fonhr.recruitee.com,1,Masterjx9-OpenPostings
fonky,fonky.recruitee.com,1,Masterjx9-OpenPostings
fonkysales,fonkysales.recruitee.com,1,Masterjx9-OpenPostings
fonq,fonq.recruitee.com,1,Masterjx9-OpenPostings
fonteynenburg,fonteynenburg.recruitee.com,1,kalil0321-ats-companies
foodji,foodji.recruitee.com,2,Masterjx9-OpenPostings;kalil0321-ats-companies
foodlabs,foodlabs.recruitee.com,1,Masterjx9-OpenPostings
forcyd,forcyd.recruitee.com,1,Masterjx9-OpenPostings
forensischcentrumteylingereind,forensischcentrumteylingereind.recruitee.com,1,Masterjx9-OpenPostings
formelio,formelio.recruitee.com,1,Masterjx9-OpenPostings
formelio1,formelio1.recruitee.com,1,Masterjx9-OpenPostings
formo,formo.recruitee.com,2,Masterjx9-OpenPostings;kalil0321-ats-companies
formofoodsgmbh,formofoodsgmbh.recruitee.com,1,kalil0321-ats-companies
formzeuggmbhcokg,formzeuggmbhcokg.recruitee.com,1,Masterjx9-OpenPostings
fortius,fortius.recruitee.com,2,Masterjx9-OpenPostings;kalil0321-ats-companies
forvismazars,forvismazars.recruitee.com,1,Masterjx9-OpenPostings
forwardearth,forwardearth.recruitee.com,1,kalil0321-ats-companies
foxelligroup,foxelligroup.recruitee.com,1,kalil0321-ats-companies
framcareers,framcareers.recruitee.com,1,Masterjx9-OpenPostings
framestore,framestore.recruitee.com,3,Masterjx9-OpenPostings;kalil0321-ats-companies;outscal-openjobs
francophoniecarrieres,francophoniecarrieres.recruitee.com,1,Masterjx9-OpenPostings
franzzielgmbh,franzzielgmbh.recruitee.com,2,Masterjx9-OpenPostings;kalil0321-ats-companies
frapak,frapak.recruitee.com,1,Masterjx9-OpenPostings
freeday,freeday.recruitee.com,1,Masterjx9-OpenPostings
freshfoodz,freshfoodz.recruitee.com,1,Masterjx9-OpenPostings
freshminds,freshminds.recruitee.com,1,kalil0321-ats-companies
fridayrecruitment,fridayrecruitment.recruitee.com,1,Masterjx9-OpenPostings
friedrichpicardgmbhcokg,friedrichpicardgmbhcokg.recruitee.com,1,Masterjx9-OpenPostings
frisbii,frisbii.recruitee.com,2,Masterjx9-OpenPostings;kalil0321-ats-companies
frisseblikken,frisseblikken.recruitee.com,1,Masterjx9-OpenPostings
frontierautoparts,frontierautoparts.recruitee.com,2,Masterjx9-OpenPostings;kalil0321-ats-companies
ftiandersch,ftiandersch.recruitee.com,1,Masterjx9-OpenPostings
fulcrum,fulcrum.recruitee.com,2,Masterjx9-OpenPostings;kalil0321-ats-companies
fuldwerk,fuldwerk.recruitee.com,1,Masterjx9-OpenPostings
fulfilio,fulfilio.recruitee.com,1,Masterjx9-OpenPostings
fullcreative,fullcreative.recruitee.com,2,Masterjx9-OpenPostings;kalil0321-ats-companies
fumo,fumo.recruitee.com,1,kalil0321-ats-companies
fundamentalhospitality,fundamentalhospitality.recruitee.com,2,Masterjx9-OpenPostings;kalil0321-ats-companies
fundamentum,fundamentum.recruitee.com,1,Masterjx9-OpenPostings
funex,funex.recruitee.com,2,Masterjx9-OpenPostings;kalil0321-ats-companies
funxtion,funxtion.recruitee.com,1,kalil0321-ats-companies
futurefeed,futurefeed.recruitee.com,1,Masterjx9-OpenPostings
futurewhiz,futurewhiz.recruitee.com,2,Masterjx9-OpenPostings;kalil0321-ats-companies
futureworks,futureworks.recruitee.com,2,Masterjx9-OpenPostings;outscal-openjobs
fxth,fxth.recruitee.com,1,kalil0321-ats-companies
g4s1,g4s1.recruitee.com,1,Masterjx9-OpenPostings
gaba,gaba.recruitee.com,1,Masterjx9-OpenPostings
gabson,gabson.recruitee.com,1,Masterjx9-OpenPostings
gac,gac.recruitee.com,1,Masterjx9-OpenPostings
gaevdental,gaevdental.recruitee.com,1,Masterjx9-OpenPostings
gain,gain.recruitee.com,2,Masterjx9-OpenPostings;kalil0321-ats-companies
gainpro,gainpro.recruitee.com,2,Masterjx9-OpenPostings;outscal-openjobs
gallaghereurope,gallaghereurope.recruitee.com,2,Masterjx9-OpenPostings;kalil0321-ats-companies
gamesglobal,gamesglobal.recruitee.com,1,outscal-openjobs
gardec,gardec.recruitee.com,1,Masterjx9-OpenPostings
gartengold,gartengold.recruitee.com,1,Masterjx9-OpenPostings
gateway,gateway.recruitee.com,1,Masterjx9-OpenPostings
gbmworks,gbmworks.recruitee.com,1,Masterjx9-OpenPostings
gca,gca.recruitee.com,1,Masterjx9-OpenPostings
gcbiotech,gcbiotech.recruitee.com,1,Masterjx9-OpenPostings
geissgruppe,geissgruppe.recruitee.com,1,kalil0321-ats-companies
gemcomedicalinc1,gemcomedicalinc1.recruitee.com,1,Masterjx9-OpenPostings
gemcorehealth,gemcorehealth.recruitee.com,2,Masterjx9-OpenPostings;kalil0321-ats-companies
gemeenteachtkarspelen,gemeenteachtkarspelen.recruitee.com,1,Masterjx9-OpenPostings
gemeentelansingerland,gemeentelansingerland.recruitee.com,1,Masterjx9-OpenPostings
gemeentemeierijstad,gemeentemeierijstad.recruitee.com,1,Masterjx9-OpenPostings
gemeentestaphorst,gemeentestaphorst.recruitee.com,1,Masterjx9-OpenPostings
gemeentetytsjerksteradiel,gemeentetytsjerksteradiel.recruitee.com,1,Masterjx9-OpenPostings
gemeindelilienthal,gemeindelilienthal.recruitee.com,1,Masterjx9-OpenPostings
gemusehandelhaggegmbh,gemusehandelhaggegmbh.recruitee.com,1,Masterjx9-OpenPostings
genelec1,genelec1.recruitee.com,1,Masterjx9-OpenPostings
genomescan,genomescan.recruitee.com,1,Masterjx9-OpenPostings
geodis,geodis.recruitee.com,1,Masterjx9-OpenPostings
geopostcodes,geopostcodes.recruitee.com,1,Masterjx9-OpenPostings
gerardbertrand,gerardbertrand.recruitee.com,1,Masterjx9-OpenPostings
gerezlogistikgmbh1,gerezlogistikgmbh1.recruitee.com,1,Masterjx9-OpenPostings
gerimedica,gerimedica.recruitee.com,1,Masterjx9-OpenPostings
getindata,getindata.recruitee.com,1,Masterjx9-OpenPostings
getnuvo,getnuvo.recruitee.com,1,Masterjx9-OpenPostings
getontop,getontop.recruitee.com,1,Masterjx9-OpenPostings
gevgroupltd,gevgroupltd.recruitee.com,2,Masterjx9-OpenPostings;kalil0321-ats-companies
gfbigmbh,gfbigmbh.recruitee.com,1,Masterjx9-OpenPostings
gglgroupe,gglgroupe.recruitee.com,1,Masterjx9-OpenPostings
ggz,ggz.recruitee.com,1,kalil0321-ats-companies
ggzbreburg,ggzbreburg.recruitee.com,1,Masterjx9-OpenPostings
ggzingeest,ggzingeest.recruitee.com,1,Masterjx9-OpenPostings
ggzoostbrabant,ggzoostbrabant.recruitee.com,1,Masterjx9-OpenPostings
ggzrivierduinen,ggzrivierduinen.recruitee.com,1,Masterjx9-OpenPostings
ginmon,ginmon.recruitee.com,2,Masterjx9-OpenPostings;kalil0321-ats-companies
giocoffee,giocoffee.recruitee.com,1,Masterjx9-OpenPostings
giovanniranadeutschlandgmbh,giovanniranadeutschlandgmbh.recruitee.com,1,kalil0321-ats-companies
giveth,giveth.recruitee.com,1,kalil0321-ats-companies
givingcompass,givingcompass.recruitee.com,1,Masterjx9-OpenPostings
glassix,glassix.recruitee.com,2,Masterjx9-OpenPostings;kalil0321-ats-companies
glencoremagdeburggmbh,glencoremagdeburggmbh.recruitee.com,1,Masterjx9-OpenPostings
globaldata,globaldata.recruitee.com,1,Masterjx9-OpenPostings
globaljetluxembourg,globaljetluxembourg.recruitee.com,1,Masterjx9-OpenPostings
globalsupportcompanybv,globalsupportcompanybv.recruitee.com,1,Masterjx9-OpenPostings
globalthinkgroup,globalthinkgroup.recruitee.com,1,Masterjx9-OpenPostings
globalwindservice,globalwindservice.recruitee.com,2,Masterjx9-OpenPostings;kalil0321-ats-companies
glpg,glpg.recruitee.com,1,Masterjx9-OpenPostings
gmk,gmk.recruitee.com,1,Masterjx9-OpenPostings
godelmannjobs,godelmannjobs.recruitee.com,1,Masterjx9-OpenPostings
goeckeumformtechnik,goeckeumformtechnik.recruitee.com,1,Masterjx9-OpenPostings
goedemiddag,goedemiddag.recruitee.com,2,Masterjx9-OpenPostings;kalil0321-ats-companies
goldmantax,goldmantax.recruitee.com,1,Masterjx9-OpenPostings
golmedgmbh,golmedgmbh.recruitee.com,1,Masterjx9-OpenPostings
gomedgmbh,gomedgmbh.recruitee.com,1,Masterjx9-OpenPostings
gong,gong.recruitee.com,1,Masterjx9-OpenPostings
goodrec,goodrec.recruitee.com,1,Masterjx9-OpenPostings
goodseedcommunitydevelopmentcorporation,goodseedcommunitydevelopmentcorporation.recruitee.com,1,kalil0321-ats-companies
goodturn,goodturn.recruitee.com,1,Masterjx9-OpenPostings
goodwall,goodwall.recruitee.com,2,Masterjx9-OpenPostings;kalil0321-ats-companies
gophotobv,gophotobv.recruitee.com,1,Masterjx9-OpenPostings
gpbullhound,gpbullhound.recruitee.com,1,Masterjx9-OpenPostings
gpv,gpv.recruitee.com,1,Masterjx9-OpenPostings
gpvchina,gpvchina.recruitee.com,2,Masterjx9-OpenPostings;kalil0321-ats-companies
gpvdenmark,gpvdenmark.recruitee.com,1,Masterjx9-OpenPostings
gpvestonia,gpvestonia.recruitee.com,1,Masterjx9-OpenPostings
gpvfinland,gpvfinland.recruitee.com,1,Masterjx9-OpenPostings
gpvgermany,gpvgermany.recruitee.com,1,Masterjx9-OpenPostings
gpvlanka,gpvlanka.recruitee.com,1,Masterjx9-OpenPostings
gpvslovakia,gpvslovakia.recruitee.com,1,Masterjx9-OpenPostings
gpvsweden,gpvsweden.recruitee.com,2,Masterjx9-OpenPostings;kalil0321-ats-companies
gpvswitzerland,gpvswitzerland.recruitee.com,1,Masterjx9-OpenPostings
gracechurch,gracechurch.recruitee.com,1,Masterjx9-OpenPostings
gracemedia,gracemedia.recruitee.com,2,Masterjx9-OpenPostings;kalil0321-ats-companies
grafischlyceumutrecht,grafischlyceumutrecht.recruitee.com,1,Masterjx9-OpenPostings
grantthorntonaustria,grantthorntonaustria.recruitee.com,1,Masterjx9-OpenPostings
grantthorntonbelgium,grantthorntonbelgium.recruitee.com,1,Masterjx9-OpenPostings
graphcms,graphcms.recruitee.com,2,Masterjx9-OpenPostings;kalil0321-ats-companies
gravity9,gravity9.recruitee.com,2,Masterjx9-OpenPostings;kalil0321-ats-companies
grb,grb.recruitee.com,1,kalil0321-ats-companies
greatminds,greatminds.recruitee.com,2,Masterjx9-OpenPostings;kalil0321-ats-companies
greeceg4s,greeceg4s.recruitee.com,1,Masterjx9-OpenPostings
greenchoice,greenchoice.recruitee.com,1,Masterjx9-OpenPostings
greener,greener.recruitee.com,1,Masterjx9-OpenPostings
greenfieldpartnersinc,greenfieldpartnersinc.recruitee.com,1,Masterjx9-OpenPostings
greenflux,greenflux.recruitee.com,1,Masterjx9-OpenPostings
greenpeace1,greenpeace1.recruitee.com,1,Masterjx9-OpenPostings
greenpeacebelgium,greenpeacebelgium.recruitee.com,1,Masterjx9-OpenPostings
greenpeacecee,greenpeacecee.recruitee.com,1,Masterjx9-OpenPostings
gremco,gremco.recruitee.com,1,Masterjx9-OpenPostings
greyparrotai,greyparrotai.recruitee.com,2,Masterjx9-OpenPostings;kalil0321-ats-companies
greyt,greyt.recruitee.com,1,Masterjx9-OpenPostings
gri,gri.recruitee.com,1,Masterjx9-OpenPostings
grid,grid.recruitee.com,3,Masterjx9-OpenPostings;kalil0321-ats-companies;outscal-openjobs
gridscale,gridscale.recruitee.com,2,Masterjx9-OpenPostings;kalil0321-ats-companies
griffinfundinginc,griffinfundinginc.recruitee.com,1,Masterjx9-OpenPostings
grip,grip.recruitee.com,1,Masterjx9-OpenPostings
gro,gro.recruitee.com,1,Masterjx9-OpenPostings
groenhart,groenhart.recruitee.com,1,Masterjx9-OpenPostings
groeptomheeren,groeptomheeren.recruitee.com,1,Masterjx9-OpenPostings
grossgartenconsulting,grossgartenconsulting.recruitee.com,1,Masterjx9-OpenPostings
groupeeuris,groupeeuris.recruitee.com,1,Masterjx9-OpenPostings
groupemarval,groupemarval.recruitee.com,1,Masterjx9-OpenPostings
groupsuerickxnv,groupsuerickxnv.recruitee.com,1,Masterjx9-OpenPostings
grow,grow.recruitee.com,1,Masterjx9-OpenPostings
growprogress,growprogress.recruitee.com,2,Masterjx9-OpenPostings;ches-ctrl-cheddar
grupoespiral,grupoespiral.recruitee.com,1,Masterjx9-OpenPostings
gs,gs.recruitee.com,1,Masterjx9-OpenPostings
gsbsolutions1,gsbsolutions1.recruitee.com,2,Masterjx9-OpenPostings;kalil0321-ats-companies
gtn,gtn.recruitee.com,2,Masterjx9-OpenPostings;kalil0321-ats-companies
gtowizard,gtowizard.recruitee.com,1,Masterjx9-OpenPostings
guarana,guarana.recruitee.com,2,Masterjx9-OpenPostings;kalil0321-ats-companies
guidion6,guidion6.recruitee.com,1,Masterjx9-OpenPostings
gustileder,gustileder.recruitee.com,2,Masterjx9-OpenPostings;kalil0321-ats-companies
h2r,h2r.recruitee.com,1,kalil0321-ats-companies
hagemansvastgoedonderhoud,hagemansvastgoedonderhoud.recruitee.com,1,Masterjx9-OpenPostings
hainmueller,hainmueller.recruitee.com,1,Masterjx9-OpenPostings
hakom,hakom.recruitee.com,1,Masterjx9-OpenPostings
halbersbacherhospitalitygroup,halbersbacherhospitalitygroup.recruitee.com,1,Masterjx9-OpenPostings
halodirobotics,halodirobotics.recruitee.com,1,Masterjx9-OpenPostings
hamburgcare,hamburgcare.recruitee.com,1,Masterjx9-OpenPostings
hamelin,hamelin.recruitee.com,2,Masterjx9-OpenPostings;kalil0321-ats-companies
hamma,hamma.recruitee.com,1,kalil0321-ats-companies
hammerlingserfass,hammerlingserfass.recruitee.com,1,Masterjx9-OpenPostings
hanabgermany,hanabgermany.recruitee.com,1,Masterjx9-OpenPostings
handpickedagenciesbv,handpickedagenciesbv.recruitee.com,1,Masterjx9-OpenPostings
happeo,happeo.recruitee.com,2,Masterjx9-OpenPostings;kalil0321-ats-companies
hardrockdigital,hardrockdigital.recruitee.com,2,Masterjx9-OpenPostings;kalil0321-ats-companies
hardthyperloop,hardthyperloop.recruitee.com,1,ches-ctrl-cheddar
hascoinvest,hascoinvest.recruitee.com,1,Masterjx9-OpenPostings
hatchtech,hatchtech.recruitee.com,1,Masterjx9-OpenPostings
hauptstadtfloss,hauptstadtfloss.recruitee.com,2,Masterjx9-OpenPostings;kalil0321-ats-companies
hauptstadtflossgmbh,hauptstadtflossgmbh.recruitee.com,1,Masterjx9-OpenPostings
hausassenmacher,hausassenmacher.recruitee.com,1,Masterjx9-OpenPostings
hausderbaecker,hausderbaecker.recruitee.com,1,Masterjx9-OpenPostings
hausfursicherheit,hausfursicherheit.recruitee.com,1,Masterjx9-OpenPostings
hausirislaugmbhcokg,hausirislaugmbhcokg.recruitee.com,1,Masterjx9-OpenPostings
hauteaviation,hauteaviation.recruitee.com,1,Masterjx9-OpenPostings
healthcarerecruiting,healthcarerecruiting.recruitee.com,1,kalil0321-ats-companies
healthiergeneration,healthiergeneration.recruitee.com,2,Masterjx9-OpenPostings;kalil0321-ats-companies
healthyworkers,healthyworkers.recruitee.com,1,Masterjx9-OpenPostings
heattransformers,heattransformers.recruitee.com,1,Masterjx9-OpenPostings
heembouw,heembouw.recruitee.com,1,Masterjx9-OpenPostings
heesenyachts,heesenyachts.recruitee.com,1,Masterjx9-OpenPostings
heidelbergcementbenelux,heidelbergcementbenelux.recruitee.com,1,Masterjx9-OpenPostings
heidelbergmaterialsbenelux,heidelbergmaterialsbenelux.recruitee.com,2,Masterjx9-OpenPostings;kalil0321-ats-companies
heilindelectronicseurope,heilindelectronicseurope.recruitee.com,1,Masterjx9-OpenPostings
heim,heim.recruitee.com,1,Masterjx9-OpenPostings
heinemannaustriagmbh,heinemannaustriagmbh.recruitee.com,1,Masterjx9-OpenPostings
helloprint,helloprint.recruitee.com,2,Masterjx9-OpenPostings;kalil0321-ats-companies
helmitehdas,helmitehdas.recruitee.com,1,Masterjx9-OpenPostings
helpag,helpag.recruitee.com,2,Masterjx9-OpenPostings;kalil0321-ats-companies
helsinkipartnersoy,helsinkipartnersoy.recruitee.com,1,Masterjx9-OpenPostings
hemagnova,hemagnova.recruitee.com,1,Masterjx9-OpenPostings
hemeriagroup,hemeriagroup.recruitee.com,1,Masterjx9-OpenPostings
hertek,hertek.recruitee.com,1,Masterjx9-OpenPostings
hetzner,hetzner.recruitee.com,1,Masterjx9-OpenPostings
heydayfm,heydayfm.recruitee.com,1,Masterjx9-OpenPostings
heyharper,heyharper.recruitee.com,2,Masterjx9-OpenPostings;kalil0321-ats-companies
hgg,hgg.recruitee.com,1,Masterjx9-OpenPostings
hginternational,hginternational.recruitee.com,2,Masterjx9-OpenPostings;kalil0321-ats-companies
hiddencity,hiddencity.recruitee.com,1,outscal-openjobs
hieroo,hieroo.recruitee.com,1,Masterjx9-OpenPostings
hiflow,hiflow.recruitee.com,1,Masterjx9-OpenPostings
highspiritshospitality,highspiritshospitality.recruitee.com,2,Masterjx9-OpenPostings;kalil0321-ats-companies
hightechgenesiscareers,hightechgenesiscareers.recruitee.com,1,Masterjx9-OpenPostings
hike2,hike2.recruitee.com,2,Masterjx9-OpenPostings;kalil0321-ats-companies
hilpertaktiengesellschaft,hilpertaktiengesellschaft.recruitee.com,1,Masterjx9-OpenPostings
hiltermannconsumentenfinancieringen,hiltermannconsumentenfinancieringen.recruitee.com,1,Masterjx9-OpenPostings
hintermhorizont,hintermhorizont.recruitee.com,1,Masterjx9-OpenPostings
hiring,hiring.recruitee.com,1,Masterjx9-OpenPostings
hittechmultin,hittechmultin.recruitee.com,2,Masterjx9-OpenPostings;kalil0321-ats-companies
hived,hived.recruitee.com,1,Masterjx9-OpenPostings
hkedv,hkedv.recruitee.com,1,Masterjx9-OpenPostings
hki,hki.recruitee.com,1,Masterjx9-OpenPostings
hmp,hmp.recruitee.com,2,Masterjx9-OpenPostings;kalil0321-ats-companies
hoekdak,hoekdak.recruitee.com,1,Masterjx9-OpenPostings
hoffmannproductions,hoffmannproductions.recruitee.com,1,Masterjx9-OpenPostings
holded,holded.recruitee.com,2,Masterjx9-OpenPostings;kalil0321-ats-companies
holepunch,holepunch.recruitee.com,2,Masterjx9-OpenPostings;kalil0321-ats-companies
hollandertechniek,hollandertechniek.recruitee.com,1,Masterjx9-OpenPostings
hollandia,hollandia.recruitee.com,1,Masterjx9-OpenPostings
holzlandbecker,holzlandbecker.recruitee.com,2,Masterjx9-OpenPostings;kalil0321-ats-companies
hometouch,hometouch.recruitee.com,2,Masterjx9-OpenPostings;kalil0321-ats-companies
homodea,homodea.recruitee.com,1,Masterjx9-OpenPostings
hopfenveredlungstjohann,hopfenveredlungstjohann.recruitee.com,1,Masterjx9-OpenPostings
hopkinsarchitects,hopkinsarchitects.recruitee.com,1,Masterjx9-OpenPostings
horizoncollege,horizoncollege.recruitee.com,1,Masterjx9-OpenPostings
hostaway,hostaway.recruitee.com,2,Masterjx9-OpenPostings;kalil0321-ats-companies
hotelantwerpen,hotelantwerpen.recruitee.com,1,Masterjx9-OpenPostings
hotelara,hotelara.recruitee.com,1,Masterjx9-OpenPostings
hotelarnhem,hotelarnhem.recruitee.com,1,Masterjx9-OpenPostings
hotelbarcarola,hotelbarcarola.recruitee.com,1,Masterjx9-OpenPostings
hotelberlinbrandenburg,hotelberlinbrandenburg.recruitee.com,1,Masterjx9-OpenPostings
hotelbrugge,hotelbrugge.recruitee.com,1,Masterjx9-OpenPostings
hotelbrusselsairport,hotelbrusselsairport.recruitee.com,1,Masterjx9-OpenPostings
hotelchamp,hotelchamp.recruitee.com,2,Masterjx9-OpenPostings;kalil0321-ats-companies
hotelcuijk,hotelcuijk.recruitee.com,1,Masterjx9-OpenPostings
hoteldebiltutrecht,hoteldebiltutrecht.recruitee.com,1,Masterjx9-OpenPostings
hoteldemolenhoek,hoteldemolenhoek.recruitee.com,1,Masterjx9-OpenPostings
hoteldenhaagwassenaar,hoteldenhaagwassenaar.recruitee.com,1,Masterjx9-OpenPostings
hoteldewittebergen,hoteldewittebergen.recruitee.com,1,Masterjx9-OpenPostings
hoteldrachten,hoteldrachten.recruitee.com,2,Masterjx9-OpenPostings;kalil0321-ats-companies
hotelgent,hotelgent.recruitee.com,1,Masterjx9-OpenPostings
hotelgilze,hotelgilze.recruitee.com,2,Masterjx9-OpenPostings;kalil0321-ats-companies
hotelgroningenhoogkerk,hotelgroningenhoogkerk.recruitee.com,1,Masterjx9-OpenPostings
hotelhardegarijp,hotelhardegarijp.recruitee.com,1,Masterjx9-OpenPostings
hotelhildesheim,hotelhildesheim.recruitee.com,2,Masterjx9-OpenPostings;kalil0321-ats-companies
hotelhoorn,hotelhoorn.recruitee.com,1,Masterjx9-OpenPostings
hotellelystad,hotellelystad.recruitee.com,1,Masterjx9-OpenPostings
hotelleusden,hotelleusden.recruitee.com,1,Masterjx9-OpenPostings
hotelmechelen,hotelmechelen.recruitee.com,1,Masterjx9-OpenPostings
hotelmelle,hotelmelle.recruitee.com,1,Masterjx9-OpenPostings
hotelmons,hotelmons.recruitee.com,1,Masterjx9-OpenPostings
hotelmunteamstadtwald,hotelmunteamstadtwald.recruitee.com,1,Masterjx9-OpenPostings
hotelnazareth,hotelnazareth.recruitee.com,1,Masterjx9-OpenPostings
hotelnijmegen,hotelnijmegen.recruitee.com,1,Masterjx9-OpenPostings
hotelprinceville,hotelprinceville.recruitee.com,1,Masterjx9-OpenPostings
hotelselys,hotelselys.recruitee.com,1,Masterjx9-OpenPostings
hotelsteinurmond,hotelsteinurmond.recruitee.com,1,Masterjx9-OpenPostings
hoteltexel,hoteltexel.recruitee.com,1,Masterjx9-OpenPostings
hoteltiel,hoteltiel.recruitee.com,1,Masterjx9-OpenPostings
hoteltwentyseven,hoteltwentyseven.recruitee.com,2,Masterjx9-OpenPostings;kalil0321-ats-companies
hoteludenveghel,hoteludenveghel.recruitee.com,1,Masterjx9-OpenPostings
hotelveenendaal,hotelveenendaal.recruitee.com,1,Masterjx9-OpenPostings
hotelverviers,hotelverviers.recruitee.com,1,Masterjx9-OpenPostings
hotelvught,hotelvught.recruitee.com,1,Masterjx9-OpenPostings
hotelwesterbroek,hotelwesterbroek.recruitee.com,1,Masterjx9-OpenPostings
hotelzaltbommel,hotelzaltbommel.recruitee.com,1,Masterjx9-OpenPostings
hotelzuidbroek,hotelzuidbroek.recruitee.com,1,Masterjx9-OpenPostings
housingforwardntx,housingforwardntx.recruitee.com,1,Masterjx9-OpenPostings
houthoff,houthoff.recruitee.com,1,Masterjx9-OpenPostings
hpo,hpo.recruitee.com,1,Masterjx9-OpenPostings
hqengineeringitalia,hqengineeringitalia.recruitee.com,1,Masterjx9-OpenPostings
hrjobmatcher,hrjobmatcher.recruitee.com,1,Masterjx9-OpenPostings
hrspecialist,hrspecialist.recruitee.com,1,Masterjx9-OpenPostings
hskschneider,hskschneider.recruitee.com,1,Masterjx9-OpenPostings
hsonlinemarketing,hsonlinemarketing.recruitee.com,1,Masterjx9-OpenPostings
htm,htm.recruitee.com,1,Masterjx9-OpenPostings
huaweicanada,huaweicanada.recruitee.com,2,Masterjx9-OpenPostings;kalil0321-ats-companies
hubertvesterautogroup,hubertvesterautogroup.recruitee.com,1,kalil0321-ats-companies
hudsonmanpower,hudsonmanpower.recruitee.com,2,Masterjx9-OpenPostings;kalil0321-ats-companies
hued,hued.recruitee.com,1,kalil0321-ats-companies
huetthalerkg,huetthalerkg.recruitee.com,1,Masterjx9-OpenPostings
huizingharvest,huizingharvest.recruitee.com,1,Masterjx9-OpenPostings
humhome,humhome.recruitee.com,2,Masterjx9-OpenPostings;kalil0321-ats-companies
huntsmen,huntsmen.recruitee.com,1,Masterjx9-OpenPostings
hur,hur.recruitee.com,1,Masterjx9-OpenPostings
huuuge,huuuge.recruitee.com,3,Masterjx9-OpenPostings;kalil0321-ats-companies;outscal-openjobs
hvg,hvg.recruitee.com,2,Masterjx9-OpenPostings;kalil0321-ats-companies
hyble,hyble.recruitee.com,2,Masterjx9-OpenPostings;kalil0321-ats-companies
hybrid,hybrid.recruitee.com,1,kalil0321-ats-companies
hycamitetcdtechnologiesltd,hycamitetcdtechnologiesltd.recruitee.com,1,Masterjx9-OpenPostings
hydriveengineeringgmbh,hydriveengineeringgmbh.recruitee.com,1,Masterjx9-OpenPostings
hygraph,hygraph.recruitee.com,2,Masterjx9-OpenPostings;kalil0321-ats-companies
hylinegroup,hylinegroup.recruitee.com,1,Masterjx9-OpenPostings
hypepartners,hypepartners.recruitee.com,2,Masterjx9-OpenPostings;kalil0321-ats-companies
hzt,hzt.recruitee.com,1,Masterjx9-OpenPostings
ib1,ib1.recruitee.com,1,Masterjx9-OpenPostings
ibew520,ibew520.recruitee.com,1,Masterjx9-OpenPostings
ibm,ibm.recruitee.com,1,kayden-vs-ats-finder
icewarp,icewarp.recruitee.com,1,Masterjx9-OpenPostings
ichoosr,ichoosr.recruitee.com,2,Masterjx9-OpenPostings;kalil0321-ats-companies
ickert,ickert.recruitee.com,1,Masterjx9-OpenPostings
icuitservices,icuitservices.recruitee.com,1,Masterjx9-OpenPostings
iddi,iddi.recruitee.com,2,Masterjx9-OpenPostings;kalil0321-ats-companies
iddi1,iddi1.recruitee.com,1,Masterjx9-OpenPostings
idealcabinets,idealcabinets.recruitee.com,1,Masterjx9-OpenPostings
ideaprogmbh,ideaprogmbh.recruitee.com,1,Masterjx9-OpenPostings
ideenionautomobilag,ideenionautomobilag.recruitee.com,1,Masterjx9-OpenPostings
idegogroup,idegogroup.recruitee.com,2,Masterjx9-OpenPostings;kalil0321-ats-companies
ifp,ifp.recruitee.com,1,Masterjx9-OpenPostings
igh,igh.recruitee.com,2,Masterjx9-OpenPostings;kalil0321-ats-companies
ikbenfrits,ikbenfrits.recruitee.com,1,Masterjx9-OpenPostings
ikpartners,ikpartners.recruitee.com,1,Masterjx9-OpenPostings
iliabeauty,iliabeauty.recruitee.com,3,Masterjx9-OpenPostings;jd-intel-npm;kalil0321-ats-companies
illinoisenergywindowsandsidinginc,illinoisenergywindowsandsidinginc.recruitee.com,1,kalil0321-ats-companies
illuvium,illuvium.recruitee.com,2,Masterjx9-OpenPostings;outscal-openjobs
imbema,imbema.recruitee.com,1,Masterjx9-OpenPostings
imbgmbh,imbgmbh.recruitee.com,1,Masterjx9-OpenPostings
imczug,imczug.recruitee.com,1,Masterjx9-OpenPostings
immersionspzoo,immersionspzoo.recruitee.com,1,outscal-openjobs
immoexperten,immoexperten.recruitee.com,1,Masterjx9-OpenPostings
imnoo,imnoo.recruitee.com,2,Masterjx9-OpenPostings;kalil0321-ats-companies
impactbrands,impactbrands.recruitee.com,2,Masterjx9-OpenPostings;kalil0321-ats-companies
impactevolve,impactevolve.recruitee.com,1,Masterjx9-OpenPostings
impactvaluationgroup,impactvaluationgroup.recruitee.com,2,Masterjx9-OpenPostings;kalil0321-ats-companies
impalaterminalsrotterdam,impalaterminalsrotterdam.recruitee.com,1,Masterjx9-OpenPostings
impulsakros,impulsakros.recruitee.com,1,Masterjx9-OpenPostings
incentivio,incentivio.recruitee.com,2,Masterjx9-OpenPostings;kalil0321-ats-companies
incentro,https://incentro.recruitee.com,1,jd-intel-npm
incisiongroupbv,incisiongroupbv.recruitee.com,1,Masterjx9-OpenPostings
inconed,inconed.recruitee.com,1,kalil0321-ats-companies
incoresolutions1,incoresolutions1.recruitee.com,1,Masterjx9-OpenPostings
independentstaffingservices,independentstaffingservices.recruitee.com,2,Masterjx9-OpenPostings;kalil0321-ats-companies
indevsoftware,indevsoftware.recruitee.com,1,Masterjx9-OpenPostings
indg,indg.recruitee.com,2,Masterjx9-OpenPostings;kalil0321-ats-companies
individuals,individuals.recruitee.com,1,kalil0321-ats-companies
ineg,ineg.recruitee.com,1,Masterjx9-OpenPostings
infeedo,infeedo.recruitee.com,1,outscal-openjobs
infomedics,infomedics.recruitee.com,1,Masterjx9-OpenPostings
infomedijidoo,infomedijidoo.recruitee.com,1,Masterjx9-OpenPostings
infoprolearning,infoprolearning.recruitee.com,2,Masterjx9-OpenPostings;kalil0321-ats-companies
informationfactory,informationfactory.recruitee.com,1,Masterjx9-OpenPostings
inforsht,inforsht.recruitee.com,2,Masterjx9-OpenPostings;kalil0321-ats-companies
inforsusa,inforsusa.recruitee.com,1,Masterjx9-OpenPostings
ingestro,ingestro.recruitee.com,2,Masterjx9-OpenPostings;kalil0321-ats-companies
inlandfisheriesireland,inlandfisheriesireland.recruitee.com,1,Masterjx9-OpenPostings
innercrowd,innercrowd.recruitee.com,1,Masterjx9-OpenPostings
innocentdrinks,innocentdrinks.recruitee.com,1,Masterjx9-OpenPostings
innodatainc,innodatainc.recruitee.com,1,Masterjx9-OpenPostings
innovadis,innovadis.recruitee.com,1,Masterjx9-OpenPostings
innovamarketinsights,innovamarketinsights.recruitee.com,2,Masterjx9-OpenPostings;kalil0321-ats-companies
innovationbooster,innovationbooster.recruitee.com,1,Masterjx9-OpenPostings
innovationroundtable,innovationroundtable.recruitee.com,1,Masterjx9-OpenPostings
innovativebeautygroup,innovativebeautygroup.recruitee.com,1,Masterjx9-OpenPostings
inovabusiness,inovabusiness.recruitee.com,1,Masterjx9-OpenPostings
inretail,inretail.recruitee.com,1,Masterjx9-OpenPostings
insait,insait.recruitee.com,1,Masterjx9-OpenPostings
insanitygroup,insanitygroup.recruitee.com,1,Masterjx9-OpenPostings
inshared,inshared.recruitee.com,1,Masterjx9-OpenPostings
instagrid,instagrid.recruitee.com,1,Masterjx9-OpenPostings
instahelp,instahelp.recruitee.com,1,Masterjx9-OpenPostings
instantsystem,instantsystem.recruitee.com,1,Masterjx9-OpenPostings
institutartline,institutartline.recruitee.com,1,Masterjx9-OpenPostings
institutminestelecom,institutminestelecom.recruitee.com,2,Masterjx9-OpenPostings;kalil0321-ats-companies
instruqt,instruqt.recruitee.com,1,Masterjx9-OpenPostings
intelic,intelic.recruitee.com,1,Masterjx9-OpenPostings
intent,intent.recruitee.com,2,Masterjx9-OpenPostings;kalil0321-ats-companies
intento,intento.recruitee.com,1,Masterjx9-OpenPostings
interbrandsmarketingdistributionsrl,interbrandsmarketingdistributionsrl.recruitee.com,1,Masterjx9-OpenPostings
interbrandsorbico,interbrandsorbico.recruitee.com,1,Masterjx9-OpenPostings
intercept2,intercept2.recruitee.com,1,Masterjx9-OpenPostings
interdambv,interdambv.recruitee.com,1,Masterjx9-OpenPostings
interforcenetworksbv,interforcenetworksbv.recruitee.com,1,Masterjx9-OpenPostings
intermategroupgmbh,intermategroupgmbh.recruitee.com,2,Masterjx9-OpenPostings;kalil0321-ats-companies
internationaledeutscheschulebrussel,internationaledeutscheschulebrussel.recruitee.com,2,Masterjx9-OpenPostings;kalil0321-ats-companies
internationalfoodconnectors,internationalfoodconnectors.recruitee.com,2,Masterjx9-OpenPostings;kalil0321-ats-companies
internetwerving,internetwerving.recruitee.com,1,Masterjx9-OpenPostings
interoeumea,interoeumea.recruitee.com,1,kalil0321-ats-companies
interothesniffers,interothesniffers.recruitee.com,1,kalil0321-ats-companies
interpool,interpool.recruitee.com,1,Masterjx9-OpenPostings
interprenet,interprenet.recruitee.com,1,Masterjx9-OpenPostings
intersnackdeutschlandse,intersnackdeutschlandse.recruitee.com,2,Masterjx9-OpenPostings;kalil0321-ats-companies
intersnackgroupgmbhcokg,intersnackgroupgmbhcokg.recruitee.com,1,Masterjx9-OpenPostings
intersnackitkg,intersnackitkg.recruitee.com,2,Masterjx9-OpenPostings;kalil0321-ats-companies
intersnacknederlandbv,intersnacknederlandbv.recruitee.com,2,Masterjx9-OpenPostings;kalil0321-ats-companies
intersnackprocurement,intersnackprocurement.recruitee.com,2,Masterjx9-OpenPostings;kalil0321-ats-companies
interstellargroup,interstellargroup.recruitee.com,1,Masterjx9-OpenPostings
intescia,intescia.recruitee.com,1,Masterjx9-OpenPostings
intigris,intigris.recruitee.com,1,Masterjx9-OpenPostings
intire,intire.recruitee.com,1,Masterjx9-OpenPostings
intouch,intouch.recruitee.com,1,Masterjx9-OpenPostings
intralot,intralot.recruitee.com,2,Masterjx9-OpenPostings;kalil0321-ats-companies
intuitionstaffing,intuitionstaffing.recruitee.com,2,Masterjx9-OpenPostings;kalil0321-ats-companies
invers,invers.recruitee.com,1,Masterjx9-OpenPostings
investmentpunk,investmentpunk.recruitee.com,1,Masterjx9-OpenPostings
investnl,investnl.recruitee.com,1,kalil0321-ats-companies
invitejobs,invitejobs.recruitee.com,1,Masterjx9-OpenPostings
invoicefinance,invoicefinance.recruitee.com,1,Masterjx9-OpenPostings
ipro,ipro.recruitee.com,1,Masterjx9-OpenPostings
iprofilegmbh,iprofilegmbh.recruitee.com,2,Masterjx9-OpenPostings;kalil0321-ats-companies
iqifi,iqifi.recruitee.com,1,Masterjx9-OpenPostings
irisvanherpen,irisvanherpen.recruitee.com,2,Masterjx9-OpenPostings;kalil0321-ats-companies
isabellapatisserie,isabellapatisserie.recruitee.com,1,Masterjx9-OpenPostings
isc,isc.recruitee.com,2,Masterjx9-OpenPostings;kalil0321-ats-companies
isdglobal,isdglobal.recruitee.com,2,Masterjx9-OpenPostings;kalil0321-ats-companies
isken,isken.recruitee.com,1,Masterjx9-OpenPostings
ism,ism.recruitee.com,1,kalil0321-ats-companies
italconsult,italconsult.recruitee.com,2,Masterjx9-OpenPostings;kalil0321-ats-companies
itsme,itsme.recruitee.com,1,Masterjx9-OpenPostings
itviec,itviec.recruitee.com,1,Masterjx9-OpenPostings
itxuklimited,itxuklimited.recruitee.com,1,kalil0321-ats-companies
ivypartners,ivypartners.recruitee.com,1,Masterjx9-OpenPostings
iwe,iwe.recruitee.com,2,Masterjx9-OpenPostings;kalil0321-ats-companies
ixonbv,ixonbv.recruitee.com,1,Masterjx9-OpenPostings
jafariconsulting,jafariconsulting.recruitee.com,1,Masterjx9-OpenPostings
janegoodall,janegoodall.recruitee.com,1,Masterjx9-OpenPostings
javelo1,javelo1.recruitee.com,1,Masterjx9-OpenPostings
jcdecauxnederland,jcdecauxnederland.recruitee.com,1,Masterjx9-OpenPostings
jdanielle,jdanielle.recruitee.com,1,Masterjx9-OpenPostings
jedowski,jedowski.recruitee.com,1,Masterjx9-OpenPostings
jeffjill,jeffjill.recruitee.com,1,Masterjx9-OpenPostings
jensrabe,jensrabe.recruitee.com,1,Masterjx9-OpenPostings
jeranexbp,jeranexbp.recruitee.com,2,Masterjx9-OpenPostings;kalil0321-ats-companies
jetrails,jetrails.recruitee.com,2,Masterjx9-OpenPostings;kalil0321-ats-companies
jimmytechnologies,jimmytechnologies.recruitee.com,1,Masterjx9-OpenPostings
jobmatix,jobmatix.recruitee.com,1,Masterjx9-OpenPostings
jobninobv,jobninobv.recruitee.com,1,Masterjx9-OpenPostings
jobs.aalberts-st.com,https://jobs.aalberts-st.com.recruitee.com,1,kalil0321-ats-companies
jobs.atiba.com,https://jobs.atiba.com.recruitee.com,1,kalil0321-ats-companies
jobs.knuddels.de,https://jobs.knuddels.de.recruitee.com,1,kalil0321-ats-companies
jobs.livedepartment.com,https://jobs.livedepartment.com.recruitee.com,1,kalil0321-ats-companies
jobs.onlinepaymentplatform.com,https://jobs.onlinepaymentplatform.com.recruitee.com,1,kalil0321-ats-companies
jobs.yellowstonelocal.com,https://jobs.yellowstonelocal.com.recruitee.com,1,kalil0321-ats-companies
jobsatibg,jobsatibg.recruitee.com,1,Masterjx9-OpenPostings
jobsatlanticlabsfoodlabs,jobsatlanticlabsfoodlabs.recruitee.com,1,Masterjx9-OpenPostings
jobsatlanticvcfoodlabs,jobsatlanticvcfoodlabs.recruitee.com,2,Masterjx9-OpenPostings;kalil0321-ats-companies
jobsdeerns,jobsdeerns.recruitee.com,1,Masterjx9-OpenPostings
jobsdrlauterbachklinik,jobsdrlauterbachklinik.recruitee.com,1,Masterjx9-OpenPostings
jobse,jobse.recruitee.com,1,Masterjx9-OpenPostings
jobsetl,jobsetl.recruitee.com,1,Masterjx9-OpenPostings
jobsger,jobsger.recruitee.com,1,Masterjx9-OpenPostings
jobshalltabakwaren,jobshalltabakwaren.recruitee.com,1,Masterjx9-OpenPostings
jobsmistertemp,jobsmistertemp.recruitee.com,1,Masterjx9-OpenPostings
jobspeakcoaching,jobspeakcoaching.recruitee.com,1,Masterjx9-OpenPostings
jobstailormadecatering,jobstailormadecatering.recruitee.com,1,Masterjx9-OpenPostings
jobtome,jobtome.recruitee.com,1,Masterjx9-OpenPostings
johancruyfffoundation,johancruyfffoundation.recruitee.com,1,Masterjx9-OpenPostings
johnhowardsocietyofokanagankootenay,johnhowardsocietyofokanagankootenay.recruitee.com,1,kalil0321-ats-companies
jorgwaldhoffelektroinstallationundservice,jorgwaldhoffelektroinstallationundservice.recruitee.com,1,Masterjx9-OpenPostings
josefschnellunternehmensgruppe,josefschnellunternehmensgruppe.recruitee.com,1,Masterjx9-OpenPostings
jpweltersgorgensgmbhcobekleidungskg,jpweltersgorgensgmbhcobekleidungskg.recruitee.com,2,Masterjx9-OpenPostings;kalil0321-ats-companies
juliusbergerinternationalgmbh,juliusbergerinternationalgmbh.recruitee.com,1,Masterjx9-OpenPostings
jump,jump.recruitee.com,2,Masterjx9-OpenPostings;kalil0321-ats-companies
jumpfactor,jumpfactor.recruitee.com,1,Masterjx9-OpenPostings
jumpseller,jumpseller.recruitee.com,1,Masterjx9-OpenPostings
junto,junto.recruitee.com,1,Masterjx9-OpenPostings
junttanoy,junttanoy.recruitee.com,1,Masterjx9-OpenPostings
justrussel,justrussel.recruitee.com,1,Masterjx9-OpenPostings
juustoporttioy,juustoporttioy.recruitee.com,1,Masterjx9-OpenPostings
juvisepharmaceuticals,juvisepharmaceuticals.recruitee.com,1,Masterjx9-OpenPostings
kaebschpartner,kaebschpartner.recruitee.com,1,Masterjx9-OpenPostings
kairosfellowship,kairosfellowship.recruitee.com,1,Masterjx9-OpenPostings
kaizo,kaizo.recruitee.com,1,Masterjx9-OpenPostings
kalibrate,kalibrate.recruitee.com,1,Masterjx9-OpenPostings
kaliop,kaliop.recruitee.com,1,Masterjx9-OpenPostings
kallebaecker,kallebaecker.recruitee.com,1,Masterjx9-OpenPostings
kampfsportakademiechemnitz,kampfsportakademiechemnitz.recruitee.com,1,Masterjx9-OpenPostings
kampfsportgmbh,kampfsportgmbh.recruitee.com,1,Masterjx9-OpenPostings
kampfsporttrainer,kampfsporttrainer.recruitee.com,1,Masterjx9-OpenPostings
kandinsky,kandinsky.recruitee.com,1,Masterjx9-OpenPostings
kansenbijjansen.be,https://kansenbijjansen.be.recruitee.com,1,kalil0321-ats-companies
kaptenandson,https://kaptenandson.recruitee.com,1,kalil0321-ats-companies
karaktertraprenovaties,karaktertraprenovaties.recruitee.com,1,Masterjx9-OpenPostings
karriere,karriere.recruitee.com,1,Masterjx9-OpenPostings
karrierebeimunsch,karrierebeimunsch.recruitee.com,1,Masterjx9-OpenPostings
karriereblaugold,karriereblaugold.recruitee.com,1,Masterjx9-OpenPostings
karriereboeckelsbestede,karriereboeckelsbestede.recruitee.com,1,Masterjx9-OpenPostings
karrierefmrecruiting,karrierefmrecruiting.recruitee.com,1,Masterjx9-OpenPostings
karrierehall,karrierehall.recruitee.com,1,Masterjx9-OpenPostings
karrierepapiersprick,karrierepapiersprick.recruitee.com,1,Masterjx9-OpenPostings
karriererheinzeitung,karriererheinzeitung.recruitee.com,1,Masterjx9-OpenPostings
kasprowicz,kasprowicz.recruitee.com,1,Masterjx9-OpenPostings
kaupunkiliikenne,kaupunkiliikenne.recruitee.com,2,Masterjx9-OpenPostings;kalil0321-ats-companies
kayflygmbh,kayflygmbh.recruitee.com,1,Masterjx9-OpenPostings
kayrros1,kayrros1.recruitee.com,3,Masterjx9-OpenPostings;ches-ctrl-cheddar;kalil0321-ats-companies
kb,kb.recruitee.com,1,Masterjx9-OpenPostings
kbonnabfallwirtschaftsgmbhcokg,kbonnabfallwirtschaftsgmbhcokg.recruitee.com,1,Masterjx9-OpenPostings
kcoverseaseducation,kcoverseaseducation.recruitee.com,2,Masterjx9-OpenPostings;kalil0321-ats-companies
kdci1,kdci1.recruitee.com,1,Masterjx9-OpenPostings
kellerdigital,kellerdigital.recruitee.com,1,Masterjx9-OpenPostings
kesslerhirsch,kesslerhirsch.recruitee.com,1,Masterjx9-OpenPostings
keunecareers,keunecareers.recruitee.com,2,Masterjx9-OpenPostings;kalil0321-ats-companies
keunehaircosmetics,keunehaircosmetics.recruitee.com,1,Masterjx9-OpenPostings
keyencecanadainc,keyencecanadainc.recruitee.com,2,Masterjx9-OpenPostings;kalil0321-ats-companies
kfzteile24,kfzteile24.recruitee.com,1,Masterjx9-OpenPostings
khonraad,khonraad.recruitee.com,1,Masterjx9-OpenPostings
kiddydome,kiddydome.recruitee.com,1,Masterjx9-OpenPostings
kieszon,kieszon.recruitee.com,1,Masterjx9-OpenPostings
kigroup,kigroup.recruitee.com,1,Masterjx9-OpenPostings
kikomilano,kikomilano.recruitee.com,1,Masterjx9-OpenPostings
kimplusdelta,kimplusdelta.recruitee.com,1,Masterjx9-OpenPostings
kinderkompass24gmbh,kinderkompass24gmbh.recruitee.com,1,Masterjx9-OpenPostings
kingkongclubgmbh,kingkongclubgmbh.recruitee.com,1,Masterjx9-OpenPostings
kinneirdufort,kinneirdufort.recruitee.com,1,Masterjx9-OpenPostings
kirjavalitysoy,kirjavalitysoy.recruitee.com,1,Masterjx9-OpenPostings
kitar,kitar.recruitee.com,1,Masterjx9-OpenPostings
kjldtgfh,kjldtgfh.recruitee.com,1,Masterjx9-OpenPostings
klantcontactdiensten,klantcontactdiensten.recruitee.com,1,Masterjx9-OpenPostings
klompbv,klompbv.recruitee.com,1,Masterjx9-OpenPostings
klshsteuerberatungsgesellschaft,klshsteuerberatungsgesellschaft.recruitee.com,1,Masterjx9-OpenPostings
klymagmbh1,klymagmbh1.recruitee.com,1,Masterjx9-OpenPostings
kodify,kodify.recruitee.com,3,Masterjx9-OpenPostings;kalil0321-ats-companies;the-cockroaches-remote-jobs
kodland,kodland.recruitee.com,1,kalil0321-ats-companies
koklinikgmbh,koklinikgmbh.recruitee.com,1,Masterjx9-OpenPostings
kolbkarriere,kolbkarriere.recruitee.com,1,Masterjx9-OpenPostings
kolpingschulenfellbach,kolpingschulenfellbach.recruitee.com,1,Masterjx9-OpenPostings
konicaminolta,konicaminolta.recruitee.com,1,Masterjx9-OpenPostings
koninklijkegazelle,koninklijkegazelle.recruitee.com,1,Masterjx9-OpenPostings
koninklijktheatercarre,koninklijktheatercarre.recruitee.com,1,Masterjx9-OpenPostings
korfinancial,korfinancial.recruitee.com,1,Masterjx9-OpenPostings
korton,korton.recruitee.com,1,Masterjx9-OpenPostings
kpsnacks,kpsnacks.recruitee.com,2,Masterjx9-OpenPostings;kalil0321-ats-companies
kpsteuerberatung,kpsteuerberatung.recruitee.com,1,Masterjx9-OpenPostings
kraaijeveldgroentenenfruit,kraaijeveldgroentenenfruit.recruitee.com,1,Masterjx9-OpenPostings
krasemann,krasemann.recruitee.com,1,Masterjx9-OpenPostings
kravet,kravet.recruitee.com,2,Masterjx9-OpenPostings;kalil0321-ats-companies
kriegersteuerberatungsgesellschaft,kriegersteuerberatungsgesellschaft.recruitee.com,1,Masterjx9-OpenPostings
kriegonline,kriegonline.recruitee.com,1,kalil0321-ats-companies
krikri,krikri.recruitee.com,1,Masterjx9-OpenPostings
krila,krila.recruitee.com,1,Masterjx9-OpenPostings
kring,kring.recruitee.com,2,Masterjx9-OpenPostings;kalil0321-ats-companies
kriptomat,kriptomat.recruitee.com,2,Masterjx9-OpenPostings;kalil0321-ats-companies
krumbholzkonigpartnermbbsteuerberater,krumbholzkonigpartnermbbsteuerberater.recruitee.com,2,Masterjx9-OpenPostings;kalil0321-ats-companies
ksverlichting,ksverlichting.recruitee.com,1,Masterjx9-OpenPostings
kti,kti.recruitee.com,2,Masterjx9-OpenPostings;kalil0321-ats-companies
kuglergmbh,kuglergmbh.recruitee.com,1,Masterjx9-OpenPostings
kuoksingaporelimited,kuoksingaporelimited.recruitee.com,2,Masterjx9-OpenPostings;kalil0321-ats-companies
kwadraad,kwadraad.recruitee.com,1,Masterjx9-OpenPostings
kws,kws.recruitee.com,1,Masterjx9-OpenPostings
kwskarriere,kwskarriere.recruitee.com,1,Masterjx9-OpenPostings
l3ggroupe,l3ggroupe.recruitee.com,1,Masterjx9-OpenPostings
labordeearles,labordeearles.recruitee.com,2,Masterjx9-OpenPostings;kalil0321-ats-companies
lagarderetravelretail,lagarderetravelretail.recruitee.com,1,Masterjx9-OpenPostings
lamanufacturerh,lamanufacturerh.recruitee.com,1,Masterjx9-OpenPostings
lammhr,lammhr.recruitee.com,1,Masterjx9-OpenPostings
lamor,lamor.recruitee.com,1,Masterjx9-OpenPostings
landacquisitiondotcom,landacquisitiondotcom.recruitee.com,1,Masterjx9-OpenPostings
landbaeckereigrube,landbaeckereigrube.recruitee.com,1,Masterjx9-OpenPostings
landbot,landbot.recruitee.com,2,Masterjx9-OpenPostings;kalil0321-ats-companies
landhauseggert,landhauseggert.recruitee.com,1,Masterjx9-OpenPostings
landlifecompany,landlifecompany.recruitee.com,1,Masterjx9-OpenPostings
landslidepolitical,landslidepolitical.recruitee.com,1,Masterjx9-OpenPostings
laserparts,laserparts.recruitee.com,1,Masterjx9-OpenPostings
lassnerkarriere,lassnerkarriere.recruitee.com,1,Masterjx9-OpenPostings
laveste,laveste.recruitee.com,1,kalil0321-ats-companies
lawadvisor,lawadvisor.recruitee.com,1,Masterjx9-OpenPostings
lbb,lbb.recruitee.com,1,Masterjx9-OpenPostings
leadershippathway,leadershippathway.recruitee.com,1,kalil0321-ats-companies
leadxpro,leadxpro.recruitee.com,1,Masterjx9-OpenPostings
leaped,leaped.recruitee.com,1,Masterjx9-OpenPostings
learnbydoinginc,learnbydoinginc.recruitee.com,2,Masterjx9-OpenPostings;kalil0321-ats-companies
learned,learned.recruitee.com,2,Masterjx9-OpenPostings;kalil0321-ats-companies
leaseabike,leaseabike.recruitee.com,2,Masterjx9-OpenPostings;kalil0321-ats-companies
leeruniek,leeruniek.recruitee.com,1,Masterjx9-OpenPostings
lefebvresdu,lefebvresdu.recruitee.com,1,kalil0321-ats-companies
legalfly,legalfly.recruitee.com,2,Masterjx9-OpenPostings;kalil0321-ats-companies
legalstudents,legalstudents.recruitee.com,1,Masterjx9-OpenPostings
legionelladossierjobs,legionelladossierjobs.recruitee.com,1,Masterjx9-OpenPostings
leha,leha.recruitee.com,1,Masterjx9-OpenPostings
leibleinundkollegen,leibleinundkollegen.recruitee.com,1,Masterjx9-OpenPostings
lekkerlandnederlandbv,lekkerlandnederlandbv.recruitee.com,1,Masterjx9-OpenPostings
lemonwayjobcareers,lemonwayjobcareers.recruitee.com,2,Masterjx9-OpenPostings;kalil0321-ats-companies
lendo,lendo.recruitee.com,1,Masterjx9-OpenPostings
lenskartcareers,lenskartcareers.recruitee.com,1,Masterjx9-OpenPostings
leoderbacker,leoderbacker.recruitee.com,1,Masterjx9-OpenPostings
leoderbaecker,leoderbaecker.recruitee.com,1,kalil0321-ats-companies
lernlinkgmbh,lernlinkgmbh.recruitee.com,1,Masterjx9-OpenPostings
lesbonsprofils,lesbonsprofils.recruitee.com,1,Masterjx9-OpenPostings
lessonup,lessonup.recruitee.com,1,Masterjx9-OpenPostings
levenenzorg,levenenzorg.recruitee.com,1,Masterjx9-OpenPostings
levieuxmenuisiers,levieuxmenuisiers.recruitee.com,1,Masterjx9-OpenPostings
leydenjar,leydenjar.recruitee.com,3,Masterjx9-OpenPostings;ches-ctrl-cheddar;kalil0321-ats-companies
leydenlabs,leydenlabs.recruitee.com,1,Masterjx9-OpenPostings
lfeddersenbaugesellschaftmbh,lfeddersenbaugesellschaftmbh.recruitee.com,1,Masterjx9-OpenPostings
lg2,lg2.recruitee.com,1,Masterjx9-OpenPostings
lichtblickemobility,lichtblickemobility.recruitee.com,1,Masterjx9-OpenPostings
liebscherbracht,liebscherbracht.recruitee.com,1,Masterjx9-OpenPostings
liedetectors,liedetectors.recruitee.com,1,Masterjx9-OpenPostings
lifeoutdoorliving,lifeoutdoorliving.recruitee.com,1,Masterjx9-OpenPostings
lightrockllp,lightrockllp.recruitee.com,1,Masterjx9-OpenPostings
limagrainingredients,limagrainingredients.recruitee.com,1,Masterjx9-OpenPostings
limeflight,limeflight.recruitee.com,1,Masterjx9-OpenPostings
lincolnksa,lincolnksa.recruitee.com,1,Masterjx9-OpenPostings
lindemannmetalrecycling,lindemannmetalrecycling.recruitee.com,1,Masterjx9-OpenPostings
linkurious,linkurious.recruitee.com,1,Masterjx9-OpenPostings
lionelbruder,lionelbruder.recruitee.com,1,Masterjx9-OpenPostings
lionleadrealestate,lionleadrealestate.recruitee.com,1,Masterjx9-OpenPostings
lippepersonal,lippepersonal.recruitee.com,2,Masterjx9-OpenPostings;kalil0321-ats-companies
lister,lister.recruitee.com,1,Masterjx9-OpenPostings
litit,litit.recruitee.com,2,Masterjx9-OpenPostings;kalil0321-ats-companies
liveaboard,liveaboard.recruitee.com,1,Masterjx9-OpenPostings
livedepartmentcrewsupportgmbh,livedepartmentcrewsupportgmbh.recruitee.com,1,Masterjx9-OpenPostings
livesport,livesport.recruitee.com,1,Masterjx9-OpenPostings
livestorm,livestorm.recruitee.com,2,Masterjx9-OpenPostings;kalil0321-ats-companies
livezoku,livezoku.recruitee.com,3,Masterjx9-OpenPostings;jd-intel-npm;kalil0321-ats-companies
livio,livio.recruitee.com,1,Masterjx9-OpenPostings
lleverage,lleverage.recruitee.com,1,kalil0321-ats-companies
llinformatics1,llinformatics1.recruitee.com,1,Masterjx9-OpenPostings
lms365,lms365.recruitee.com,1,Masterjx9-OpenPostings
loadingsystems,loadingsystems.recruitee.com,1,Masterjx9-OpenPostings
loavies,loavies.recruitee.com,2,Masterjx9-OpenPostings;kalil0321-ats-companies
lockamp,lockamp.recruitee.com,1,Masterjx9-OpenPostings
locusbiosciences,locusbiosciences.recruitee.com,1,Masterjx9-OpenPostings
loftfilm,loftfilm.recruitee.com,1,Masterjx9-OpenPostings
logex,logex.recruitee.com,2,Masterjx9-OpenPostings;kalil0321-ats-companies
logobrand,logobrand.recruitee.com,1,Masterjx9-OpenPostings
loisium,loisium.recruitee.com,1,Masterjx9-OpenPostings
lomography,lomography.recruitee.com,2,Masterjx9-OpenPostings;kalil0321-ats-companies
londiscareers,londiscareers.recruitee.com,2,Masterjx9-OpenPostings;kalil0321-ats-companies
lorenzkunststofftechnik,lorenzkunststofftechnik.recruitee.com,1,Masterjx9-OpenPostings
lotterobjekt,lotterobjekt.recruitee.com,1,Masterjx9-OpenPostings
lovebetter,lovebetter.recruitee.com,1,Masterjx9-OpenPostings
loyaltykey,loyaltykey.recruitee.com,1,Masterjx9-OpenPostings
lss,lss.recruitee.com,1,kalil0321-ats-companies
ltn,ltn.recruitee.com,1,kalil0321-ats-companies
lucidgames,lucidgames.recruitee.com,2,Masterjx9-OpenPostings;outscal-openjobs
lucidrealitylabs,lucidrealitylabs.recruitee.com,2,Masterjx9-OpenPostings;outscal-openjobs
lumc,lumc.recruitee.com,1,Masterjx9-OpenPostings
luminus,luminus.recruitee.com,1,Masterjx9-OpenPostings
luminussolutions,luminussolutions.recruitee.com,1,Masterjx9-OpenPostings
luscii,luscii.recruitee.com,1,Masterjx9-OpenPostings
luzmo,luzmo.recruitee.com,3,Masterjx9-OpenPostings;jd-intel-npm;kalil0321-ats-companies
lvhglobal,lvhglobal.recruitee.com,2,Masterjx9-OpenPostings;kalil0321-ats-companies
m,m.recruitee.com,1,Masterjx9-OpenPostings
m2,m2.recruitee.com,1,Masterjx9-OpenPostings
m3immobilien,m3immobilien.recruitee.com,1,Masterjx9-OpenPostings
maartenskliniek,maartenskliniek.recruitee.com,1,Masterjx9-OpenPostings
maastrichtaachenairport,maastrichtaachenairport.recruitee.com,1,Masterjx9-OpenPostings
macecareers,macecareers.recruitee.com,2,Masterjx9-OpenPostings;kalil0321-ats-companies
machinelearningreply,machinelearningreply.recruitee.com,2,Masterjx9-OpenPostings;kalil0321-ats-companies
maco,maco.recruitee.com,1,Masterjx9-OpenPostings
mactwinsecurity,mactwinsecurity.recruitee.com,1,Masterjx9-OpenPostings
madebytalents,madebytalents.recruitee.com,1,Masterjx9-OpenPostings
madewithlove,madewithlove.recruitee.com,1,Masterjx9-OpenPostings
madsacklogistik,madsacklogistik.recruitee.com,1,Masterjx9-OpenPostings
maerkischerevision,maerkischerevision.recruitee.com,1,Masterjx9-OpenPostings
maerskaircrew,maerskaircrew.recruitee.com,1,Masterjx9-OpenPostings
magneds,magneds.recruitee.com,1,Masterjx9-OpenPostings
maierheiztechnikgmbh,maierheiztechnikgmbh.recruitee.com,2,Masterjx9-OpenPostings;kalil0321-ats-companies
mailerlite,mailerlite.recruitee.com,2,Masterjx9-OpenPostings;kalil0321-ats-companies
mailerlite1,mailerlite1.recruitee.com,1,Masterjx9-OpenPostings
mainstream,mainstream.recruitee.com,2,Masterjx9-OpenPostings;kalil0321-ats-companies
make,make.recruitee.com,3,Masterjx9-OpenPostings;jd-intel-npm;kalil0321-ats-companies
makeitmatta,makeitmatta.recruitee.com,1,Masterjx9-OpenPostings
makersitegmbh,makersitegmbh.recruitee.com,3,Masterjx9-OpenPostings;ches-ctrl-cheddar;kalil0321-ats-companies
mangopay,mangopay.recruitee.com,1,outscal-openjobs
manhattanspecialtycare,manhattanspecialtycare.recruitee.com,1,Masterjx9-OpenPostings
manikonailsgmbh,manikonailsgmbh.recruitee.com,1,Masterjx9-OpenPostings
manometric,manometric.recruitee.com,1,Masterjx9-OpenPostings
manrolandgoss,manrolandgoss.recruitee.com,2,Masterjx9-OpenPostings;kalil0321-ats-companies
marketingmba,marketingmba.recruitee.com,1,Masterjx9-OpenPostings
marketnode,marketnode.recruitee.com,1,Masterjx9-OpenPostings
marksandspencer,https://marksandspencer.recruitee.com,1,kalil0321-ats-companies
marktlink,marktlink.recruitee.com,1,Masterjx9-OpenPostings
marleenkookt,marleenkookt.recruitee.com,1,Masterjx9-OpenPostings
martinmathysnv,martinmathysnv.recruitee.com,1,Masterjx9-OpenPostings
marvu,marvu.recruitee.com,1,kalil0321-ats-companies
maschinenraum,maschinenraum.recruitee.com,2,Masterjx9-OpenPostings;kalil0321-ats-companies
massimodutti,massimodutti.recruitee.com,1,Masterjx9-OpenPostings
massimogelato,massimogelato.recruitee.com,1,kalil0321-ats-companies
masterenglish,masterenglish.recruitee.com,2,Masterjx9-OpenPostings;kalil0321-ats-companies
masttrucking,masttrucking.recruitee.com,1,kalil0321-ats-companies
matera,matera.recruitee.com,2,Masterjx9-OpenPostings;kalil0321-ats-companies
mathrix,mathrix.recruitee.com,2,Masterjx9-OpenPostings;kalil0321-ats-companies
matresearch,matresearch.recruitee.com,1,Masterjx9-OpenPostings
matt,matt.recruitee.com,1,Masterjx9-OpenPostings
mavienextgmbh,mavienextgmbh.recruitee.com,1,Masterjx9-OpenPostings
maxgrip,maxgrip.recruitee.com,2,Masterjx9-OpenPostings;kalil0321-ats-companies
maximizd1,maximizd1.recruitee.com,1,Masterjx9-OpenPostings
mazars,mazars.recruitee.com,1,Masterjx9-OpenPostings
mazars1,mazars1.recruitee.com,1,Masterjx9-OpenPostings
mbagroup,mbagroup.recruitee.com,1,Masterjx9-OpenPostings
mbdsteuern,mbdsteuern.recruitee.com,2,Masterjx9-OpenPostings;kalil0321-ats-companies
mbio,mbio.recruitee.com,2,Masterjx9-OpenPostings;kalil0321-ats-companies
mbw,mbw.recruitee.com,2,Masterjx9-OpenPostings;kalil0321-ats-companies
mcb,mcb.recruitee.com,1,Masterjx9-OpenPostings
mcdglobalhealth,mcdglobalhealth.recruitee.com,2,Masterjx9-OpenPostings;kalil0321-ats-companies
mcdugaldsteele,mcdugaldsteele.recruitee.com,2,Masterjx9-OpenPostings;kalil0321-ats-companies
mclaren,mclaren.recruitee.com,1,Masterjx9-OpenPostings
mconomy,mconomy.recruitee.com,1,Masterjx9-OpenPostings
mdlbeast,mdlbeast.recruitee.com,2,Masterjx9-OpenPostings;kalil0321-ats-companies
mec,mec.recruitee.com,1,Masterjx9-OpenPostings
medecinssansfrontieressuisse,medecinssansfrontieressuisse.recruitee.com,1,Masterjx9-OpenPostings
medecinssansfrontiereswaca,medecinssansfrontiereswaca.recruitee.com,1,Masterjx9-OpenPostings
medialo,medialo.recruitee.com,1,Masterjx9-OpenPostings
medica,medica.recruitee.com,1,Masterjx9-OpenPostings
medikamentediegrenze,medikamentediegrenze.recruitee.com,1,Masterjx9-OpenPostings
mediplast,mediplast.recruitee.com,1,Masterjx9-OpenPostings
medischekliniekvelsen,medischekliniekvelsen.recruitee.com,1,Masterjx9-OpenPostings
medmehealth,medmehealth.recruitee.com,2,Masterjx9-OpenPostings;kalil0321-ats-companies
medmij,medmij.recruitee.com,1,Masterjx9-OpenPostings
medspapartnersinc,medspapartnersinc.recruitee.com,1,kalil0321-ats-companies
meerlanden,meerlanden.recruitee.com,1,Masterjx9-OpenPostings
meerotterdamrijnmond,meerotterdamrijnmond.recruitee.com,1,Masterjx9-OpenPostings
meesenburg,meesenburg.recruitee.com,1,Masterjx9-OpenPostings
megagroupinternational,megagroupinternational.recruitee.com,1,Masterjx9-OpenPostings
megagrouptrade,megagrouptrade.recruitee.com,1,Masterjx9-OpenPostings
megaparticleinc,megaparticleinc.recruitee.com,1,outscal-openjobs
mehrgeschaeft,mehrgeschaeft.recruitee.com,1,Masterjx9-OpenPostings
meiarchitectsplanners,meiarchitectsplanners.recruitee.com,1,Masterjx9-OpenPostings
meinmakler,meinmakler.recruitee.com,1,Masterjx9-OpenPostings
meliorate,meliorate.recruitee.com,1,Masterjx9-OpenPostings
meliorategmbh1,meliorategmbh1.recruitee.com,1,Masterjx9-OpenPostings
melitaltd,melitaltd.recruitee.com,1,Masterjx9-OpenPostings
meltandmarble,meltandmarble.recruitee.com,2,Masterjx9-OpenPostings;ches-ctrl-cheddar
memberboost,memberboost.recruitee.com,1,Masterjx9-OpenPostings
memberspotgmbh,memberspotgmbh.recruitee.com,1,Masterjx9-OpenPostings
mercesbv,mercesbv.recruitee.com,1,Masterjx9-OpenPostings
merford,merford.recruitee.com,1,Masterjx9-OpenPostings
meridiam,meridiam.recruitee.com,1,Masterjx9-OpenPostings
merkur,merkur.recruitee.com,1,kalil0321-ats-companies
meshmerize,meshmerize.recruitee.com,1,Masterjx9-OpenPostings
mesoneer,mesoneer.recruitee.com,1,Masterjx9-OpenPostings
mesosolutions,mesosolutions.recruitee.com,1,ches-ctrl-cheddar
metaprintbv,metaprintbv.recruitee.com,1,Masterjx9-OpenPostings
metrika,metrika.recruitee.com,1,Masterjx9-OpenPostings
metrocaring,metrocaring.recruitee.com,1,Masterjx9-OpenPostings
metrodallashomelessalliance,metrodallashomelessalliance.recruitee.com,1,Masterjx9-OpenPostings
metyisag,metyisag.recruitee.com,2,Masterjx9-OpenPostings;kalil0321-ats-companies
metzgereischafergmbh,metzgereischafergmbh.recruitee.com,1,Masterjx9-OpenPostings
mgid,mgid.recruitee.com,1,Masterjx9-OpenPostings
mhiecpd,mhiecpd.recruitee.com,1,kalil0321-ats-companies
miaplatform,miaplatform.recruitee.com,1,kalil0321-ats-companies
miceoperations,miceoperations.recruitee.com,1,Masterjx9-OpenPostings
michelscom,michelscom.recruitee.com,1,Masterjx9-OpenPostings
microampsolutions,microampsolutions.recruitee.com,1,Masterjx9-OpenPostings
miebachconsulting,miebachconsulting.recruitee.com,2,Masterjx9-OpenPostings;kalil0321-ats-companies
miepbv,miepbv.recruitee.com,1,Masterjx9-OpenPostings
mikroyazilim,mikroyazilim.recruitee.com,2,Masterjx9-OpenPostings;kalil0321-ats-companies
miladeus,miladeus.recruitee.com,1,Masterjx9-OpenPostings
milcafeagmbh,milcafeagmbh.recruitee.com,1,Masterjx9-OpenPostings
mimiruth,mimiruth.recruitee.com,2,Masterjx9-OpenPostings;kalil0321-ats-companies
mimo,mimo.recruitee.com,1,Masterjx9-OpenPostings
mindbeat,mindbeat.recruitee.com,1,Masterjx9-OpenPostings
mindmultiplan,mindmultiplan.recruitee.com,1,Masterjx9-OpenPostings
mindpal,mindpal.recruitee.com,1,Masterjx9-OpenPostings
minimalist,minimalist.recruitee.com,1,Masterjx9-OpenPostings
mirka,mirka.recruitee.com,2,Masterjx9-OpenPostings;kalil0321-ats-companies
missionmitglieder,missionmitglieder.recruitee.com,1,Masterjx9-OpenPostings
mitsogo,mitsogo.recruitee.com,1,outscal-openjobs
mitsuiprimeace,mitsuiprimeace.recruitee.com,1,Masterjx9-OpenPostings
mkggobel,mkggobel.recruitee.com,1,Masterjx9-OpenPostings
mkh,mkh.recruitee.com,1,Masterjx9-OpenPostings
mmkotkamills,mmkotkamills.recruitee.com,1,Masterjx9-OpenPostings
mnhi,mnhi.recruitee.com,1,Masterjx9-OpenPostings
mobiapps,mobiapps.recruitee.com,1,Masterjx9-OpenPostings
mobietrain,mobietrain.recruitee.com,2,Masterjx9-OpenPostings;kalil0321-ats-companies
mobileemanagementadvies,mobileemanagementadvies.recruitee.com,1,Masterjx9-OpenPostings
mobilexpense,mobilexpense.recruitee.com,2,Masterjx9-OpenPostings;kalil0321-ats-companies
mobilityplus,mobilityplus.recruitee.com,1,Masterjx9-OpenPostings
mobipium2,mobipium2.recruitee.com,1,Masterjx9-OpenPostings
moby,moby.recruitee.com,1,Masterjx9-OpenPostings
modernsynthesis,modernsynthesis.recruitee.com,1,ches-ctrl-cheddar
modint,modint.recruitee.com,1,Masterjx9-OpenPostings
modulussa,modulussa.recruitee.com,1,Masterjx9-OpenPostings
moju,moju.recruitee.com,2,Masterjx9-OpenPostings;kalil0321-ats-companies
molenqindustrialservices,molenqindustrialservices.recruitee.com,1,Masterjx9-OpenPostings
molymet,molymet.recruitee.com,2,Masterjx9-OpenPostings;kalil0321-ats-companies
momentumdata,momentumdata.recruitee.com,2,Masterjx9-OpenPostings;kalil0321-ats-companies
momomedicalbv,momomedicalbv.recruitee.com,2,Masterjx9-OpenPostings;kalil0321-ats-companies
mondaymerch,mondaymerch.recruitee.com,1,Masterjx9-OpenPostings
moneyhash,moneyhash.recruitee.com,2,Masterjx9-OpenPostings;kalil0321-ats-companies
monizze,monizze.recruitee.com,2,Masterjx9-OpenPostings;kalil0321-ats-companies
monmarchefr,monmarchefr.recruitee.com,1,Masterjx9-OpenPostings
monsterscore,monsterscore.recruitee.com,1,Masterjx9-OpenPostings
montrieurs,montrieurs.recruitee.com,1,Masterjx9-OpenPostings
moosmann,moosmann.recruitee.com,1,Masterjx9-OpenPostings
morentz,morentz.recruitee.com,1,Masterjx9-OpenPostings
morgananederland,morgananederland.recruitee.com,1,Masterjx9-OpenPostings
mosquitopestauthority,mosquitopestauthority.recruitee.com,1,kalil0321-ats-companies
moteldennenhof,moteldennenhof.recruitee.com,1,Masterjx9-OpenPostings
mott,mott.recruitee.com,1,Masterjx9-OpenPostings
movares,movares.recruitee.com,1,Masterjx9-OpenPostings
moveup,moveup.recruitee.com,1,Masterjx9-OpenPostings
moweryschoenfeldllc,moweryschoenfeldllc.recruitee.com,2,Masterjx9-OpenPostings;kalil0321-ats-companies
mrmarinegroup,mrmarinegroup.recruitee.com,1,Masterjx9-OpenPostings
mrpjobs,mrpjobs.recruitee.com,1,Masterjx9-OpenPostings
msf,msf.recruitee.com,1,Masterjx9-OpenPostings
msfamman,msfamman.recruitee.com,1,Masterjx9-OpenPostings
msfmenaamman,msfmenaamman.recruitee.com,2,Masterjx9-OpenPostings;kalil0321-ats-companies
mstgroep,mstgroep.recruitee.com,1,Masterjx9-OpenPostings
mudwtr,mudwtr.recruitee.com,1,Masterjx9-OpenPostings
muellerprien,muellerprien.recruitee.com,1,kalil0321-ats-companies
muellerundkollegen,muellerundkollegen.recruitee.com,1,Masterjx9-OpenPostings
mullerbaugmbh,mullerbaugmbh.recruitee.com,1,Masterjx9-OpenPostings
multiminds,multiminds.recruitee.com,1,Masterjx9-OpenPostings
multiplan,multiplan.recruitee.com,1,Masterjx9-OpenPostings
multitankcard,multitankcard.recruitee.com,1,kalil0321-ats-companies
mumc,mumc.recruitee.com,1,Masterjx9-OpenPostings
mutasvzw,mutasvzw.recruitee.com,1,Masterjx9-OpenPostings
muto,muto.recruitee.com,1,Masterjx9-OpenPostings
muttifreutsich,muttifreutsich.recruitee.com,1,Masterjx9-OpenPostings
mvstudio,mvstudio.recruitee.com,1,Masterjx9-OpenPostings
mycashcollector,mycashcollector.recruitee.com,1,Masterjx9-OpenPostings
myflexbox,myflexbox.recruitee.com,2,Masterjx9-OpenPostings;kalil0321-ats-companies
myr,myr.recruitee.com,1,outscal-openjobs
myrunway,myrunway.recruitee.com,1,kalil0321-ats-companies
n2jsoft,n2jsoft.recruitee.com,1,Masterjx9-OpenPostings
nacardesign,nacardesign.recruitee.com,1,Masterjx9-OpenPostings
nachburag,nachburag.recruitee.com,1,Masterjx9-OpenPostings
namecheap,namecheap.recruitee.com,1,Masterjx9-OpenPostings
nanameue,nanameue.recruitee.com,2,Masterjx9-OpenPostings;kalil0321-ats-companies
natilik,natilik.recruitee.com,2,Masterjx9-OpenPostings;kalil0321-ats-companies
nationaalgroenfonds,nationaalgroenfonds.recruitee.com,1,Masterjx9-OpenPostings
nationalsustainableagriculturecoalition,nationalsustainableagriculturecoalition.recruitee.com,1,Masterjx9-OpenPostings
nativemovement,nativemovement.recruitee.com,1,Masterjx9-OpenPostings
natuvion,natuvion.recruitee.com,2,Masterjx9-OpenPostings;kalil0321-ats-companies
navinfoeurope,navinfoeurope.recruitee.com,2,Masterjx9-OpenPostings;kalil0321-ats-companies
nawirigroup,nawirigroup.recruitee.com,2,Masterjx9-OpenPostings;kalil0321-ats-companies
necstgen,necstgen.recruitee.com,1,Masterjx9-OpenPostings
nedcargo1,nedcargo1.recruitee.com,1,Masterjx9-OpenPostings
nemenergy,nemenergy.recruitee.com,2,Masterjx9-OpenPostings;kalil0321-ats-companies
nemo,nemo.recruitee.com,2,Masterjx9-OpenPostings;kalil0321-ats-companies
nencofoodgroup,nencofoodgroup.recruitee.com,2,Masterjx9-OpenPostings;kalil0321-ats-companies
neoday,neoday.recruitee.com,1,Masterjx9-OpenPostings
neokanzlei,neokanzlei.recruitee.com,1,Masterjx9-OpenPostings
neossdi,neossdi.recruitee.com,1,Masterjx9-OpenPostings
neovagroup,neovagroup.recruitee.com,1,Masterjx9-OpenPostings
nepgermany,nepgermany.recruitee.com,2,Masterjx9-OpenPostings;kalil0321-ats-companies
neptunesoftware,neptunesoftware.recruitee.com,1,ches-ctrl-cheddar
netconomy,netconomy.recruitee.com,1,Masterjx9-OpenPostings
netdata,netdata.recruitee.com,1,kalil0321-ats-companies
netural,netural.recruitee.com,2,Masterjx9-OpenPostings;kalil0321-ats-companies
netwisesa,netwisesa.recruitee.com,1,Masterjx9-OpenPostings
netzbest,netzbest.recruitee.com,1,Masterjx9-OpenPostings
newelec,newelec.recruitee.com,1,Masterjx9-OpenPostings
newfysic,newfysic.recruitee.com,1,Masterjx9-OpenPostings
newion,newion.recruitee.com,1,Masterjx9-OpenPostings
newlawbusinessmodel,newlawbusinessmodel.recruitee.com,2,Masterjx9-OpenPostings;kalil0321-ats-companies
newpharmagroup,newpharmagroup.recruitee.com,2,Masterjx9-OpenPostings;kalil0321-ats-companies
newrest,newrest.recruitee.com,2,Masterjx9-OpenPostings;kalil0321-ats-companies
newsflare,newsflare.recruitee.com,1,Masterjx9-OpenPostings
newspringnetwork,newspringnetwork.recruitee.com,1,Masterjx9-OpenPostings
newyorkpizza2,newyorkpizza2.recruitee.com,1,Masterjx9-OpenPostings
nexenio,nexenio.recruitee.com,2,Masterjx9-OpenPostings;kalil0321-ats-companies
nexioprojects1,nexioprojects1.recruitee.com,2,Masterjx9-OpenPostings;kalil0321-ats-companies
nextaillabs,nextaillabs.recruitee.com,3,Masterjx9-OpenPostings;kalil0321-ats-companies;the-cockroaches-remote-jobs
nextenergy,nextenergy.recruitee.com,1,Masterjx9-OpenPostings
ng,ng.recruitee.com,1,Masterjx9-OpenPostings
nicsystemhausgmbh,nicsystemhausgmbh.recruitee.com,1,Masterjx9-OpenPostings
nictiz,nictiz.recruitee.com,1,Masterjx9-OpenPostings
niederrheingold,niederrheingold.recruitee.com,2,Masterjx9-OpenPostings;kalil0321-ats-companies
nieuweitbaan,nieuweitbaan.recruitee.com,1,Masterjx9-OpenPostings
nikin,nikin.recruitee.com,1,Masterjx9-OpenPostings
nikkelenelektrotechniekbv,nikkelenelektrotechniekbv.recruitee.com,1,Masterjx9-OpenPostings
nimaijob,nimaijob.recruitee.com,1,Masterjx9-OpenPostings
ninjasinpyjamas,ninjasinpyjamas.recruitee.com,2,Masterjx9-OpenPostings;kalil0321-ats-companies
nioz,nioz.recruitee.com,1,Masterjx9-OpenPostings
nira,nira.recruitee.com,1,ches-ctrl-cheddar
nl.werkenbijcopaco.com,https://nl.werkenbijcopaco.com.recruitee.com,1,kalil0321-ats-companies
nlc,nlc.recruitee.com,2,Masterjx9-OpenPostings;kalil0321-ats-companies
nlmentalcaregroup,nlmentalcaregroup.recruitee.com,1,Masterjx9-OpenPostings
nmbrs,nmbrs.recruitee.com,2,Masterjx9-OpenPostings;jd-intel-npm
noackconsulting,noackconsulting.recruitee.com,1,Masterjx9-OpenPostings
nodeworthy,nodeworthy.recruitee.com,2,Masterjx9-OpenPostings;kalil0321-ats-companies
noldus,noldus.recruitee.com,1,Masterjx9-OpenPostings
nomitri,nomitri.recruitee.com,1,Masterjx9-OpenPostings
noobz,noobz.recruitee.com,1,outscal-openjobs
nordsonne,nordsonne.recruitee.com,1,Masterjx9-OpenPostings
norinchukin,norinchukin.recruitee.com,1,Masterjx9-OpenPostings
normecfcnl,normecfcnl.recruitee.com,2,Masterjx9-OpenPostings;kalil0321-ats-companies
normecgroup,normecgroup.recruitee.com,1,Masterjx9-OpenPostings
normechcbe,normechcbe.recruitee.com,1,kalil0321-ats-companies
nortex,nortex.recruitee.com,1,Masterjx9-OpenPostings
novacard,novacard.recruitee.com,2,Masterjx9-OpenPostings;kalil0321-ats-companies
novakidteachers,novakidteachers.recruitee.com,2,Masterjx9-OpenPostings;kalil0321-ats-companies
novareperta,novareperta.recruitee.com,1,Masterjx9-OpenPostings
novasphere,novasphere.recruitee.com,1,kalil0321-ats-companies
novityrecrute,novityrecrute.recruitee.com,1,Masterjx9-OpenPostings
novritschtrading,novritschtrading.recruitee.com,1,Masterjx9-OpenPostings
novutech,novutech.recruitee.com,2,Masterjx9-OpenPostings;kalil0321-ats-companies
nowatch,nowatch.recruitee.com,1,Masterjx9-OpenPostings
nozrecrute,nozrecrute.recruitee.com,1,Masterjx9-OpenPostings
nrb,nrb.recruitee.com,1,kalil0321-ats-companies
nsecure,nsecure.recruitee.com,1,Masterjx9-OpenPostings
nterra,nterra.recruitee.com,1,Masterjx9-OpenPostings
nthermllc,nthermllc.recruitee.com,2,Masterjx9-OpenPostings;kalil0321-ats-companies
ntm,ntm.recruitee.com,1,Masterjx9-OpenPostings
nts,nts.recruitee.com,2,Masterjx9-OpenPostings;kalil0321-ats-companies
nucsai,nucsai.recruitee.com,2,Masterjx9-OpenPostings;kalil0321-ats-companies
nussbaumer,nussbaumer.recruitee.com,2,Masterjx9-OpenPostings;kalil0321-ats-companies
nutsgroep,nutsgroep.recruitee.com,2,Masterjx9-OpenPostings;kalil0321-ats-companies
nuuvem,nuuvem.recruitee.com,1,Masterjx9-OpenPostings
nvb,nvb.recruitee.com,1,Masterjx9-OpenPostings
nvjuva,nvjuva.recruitee.com,1,kalil0321-ats-companies
nvm,nvm.recruitee.com,1,Masterjx9-OpenPostings
nwbbank,nwbbank.recruitee.com,1,Masterjx9-OpenPostings
nwsgmbh,nwsgmbh.recruitee.com,1,Masterjx9-OpenPostings
nxai,nxai.recruitee.com,1,Masterjx9-OpenPostings
nxfiltration,nxfiltration.recruitee.com,1,Masterjx9-OpenPostings
nxtlvl,nxtlvl.recruitee.com,1,outscal-openjobs
nysingh,nysingh.recruitee.com,1,Masterjx9-OpenPostings
o2h,o2h.recruitee.com,2,Masterjx9-OpenPostings;kalil0321-ats-companies
o2o,o2o.recruitee.com,1,Masterjx9-OpenPostings
oakbrother,oakbrother.recruitee.com,1,Masterjx9-OpenPostings
oba,oba.recruitee.com,1,Masterjx9-OpenPostings
obilet,obilet.recruitee.com,1,Masterjx9-OpenPostings
oboagency,oboagency.recruitee.com,1,Masterjx9-OpenPostings
oceanbottle,oceanbottle.recruitee.com,2,Masterjx9-OpenPostings;kalil0321-ats-companies
oceansofenergy,oceansofenergy.recruitee.com,2,Masterjx9-OpenPostings;kalil0321-ats-companies
ockto,ockto.recruitee.com,2,Masterjx9-OpenPostings;kalil0321-ats-companies
octiva,octiva.recruitee.com,2,Masterjx9-OpenPostings;kalil0321-ats-companies
ocuk,ocuk.recruitee.com,1,Masterjx9-OpenPostings
odcakron,odcakron.recruitee.com,1,Masterjx9-OpenPostings
odion,odion.recruitee.com,1,Masterjx9-OpenPostings
odnzkg,odnzkg.recruitee.com,1,Masterjx9-OpenPostings
odsolutions,odsolutions.recruitee.com,1,Masterjx9-OpenPostings
odysseyhotelgroup,odysseyhotelgroup.recruitee.com,2,Masterjx9-OpenPostings;kalil0321-ats-companies
odysseyschoolofdenver,odysseyschoolofdenver.recruitee.com,1,Masterjx9-OpenPostings
oead,oead.recruitee.com,1,Masterjx9-OpenPostings
oeadstudenthousing,oeadstudenthousing.recruitee.com,1,Masterjx9-OpenPostings
oejab,oejab.recruitee.com,1,Masterjx9-OpenPostings
oelerkingbroeckerhamann,oelerkingbroeckerhamann.recruitee.com,1,Masterjx9-OpenPostings
oerol,oerol.recruitee.com,1,Masterjx9-OpenPostings
ogcglobal,ogcglobal.recruitee.com,2,Masterjx9-OpenPostings;kalil0321-ats-companies
ogdictdiensten,ogdictdiensten.recruitee.com,1,Masterjx9-OpenPostings
oil,oil.recruitee.com,1,kalil0321-ats-companies
okeedo,okeedo.recruitee.com,1,Masterjx9-OpenPostings
ola,ola.recruitee.com,1,cswala-awesome-career-pages
oldael,oldael.recruitee.com,1,Masterjx9-OpenPostings
olenex,olenex.recruitee.com,1,Masterjx9-OpenPostings
olsamgroup,olsamgroup.recruitee.com,2,Masterjx9-OpenPostings;kalil0321-ats-companies
omeris,omeris.recruitee.com,2,Masterjx9-OpenPostings;kalil0321-ats-companies
omniconsultcorp,omniconsultcorp.recruitee.com,2,Masterjx9-OpenPostings;kalil0321-ats-companies
omroepbrabant,omroepbrabant.recruitee.com,1,Masterjx9-OpenPostings
omroepgelderland,omroepgelderland.recruitee.com,1,Masterjx9-OpenPostings
omrt,omrt.recruitee.com,1,Masterjx9-OpenPostings
omybag,omybag.recruitee.com,2,Masterjx9-OpenPostings;kalil0321-ats-companies
on2it,on2it.recruitee.com,1,Masterjx9-OpenPostings
onedyas,onedyas.recruitee.com,1,Masterjx9-OpenPostings
onemobility,onemobility.recruitee.com,1,Masterjx9-OpenPostings
onestoptransformation,onestoptransformation.recruitee.com,1,Masterjx9-OpenPostings
oneventproductionco,oneventproductionco.recruitee.com,1,Masterjx9-OpenPostings
onevisionresources,onevisionresources.recruitee.com,1,Masterjx9-OpenPostings
oneworks,oneworks.recruitee.com,1,Masterjx9-OpenPostings
onlinedialog,onlinedialog.recruitee.com,2,Masterjx9-OpenPostings;kalil0321-ats-companies
onlinedialogue,onlinedialogue.recruitee.com,1,Masterjx9-OpenPostings
onramper,onramper.recruitee.com,1,Masterjx9-OpenPostings
onstweedethuis,onstweedethuis.recruitee.com,1,Masterjx9-OpenPostings
ontarget,ontarget.recruitee.com,1,kalil0321-ats-companies
openclaims,openclaims.recruitee.com,1,Masterjx9-OpenPostings
opencorporates,opencorporates.recruitee.com,1,Masterjx9-OpenPostings
openfiberkentucky,openfiberkentucky.recruitee.com,1,Masterjx9-OpenPostings
opengovernmentproducts,opengovernmentproducts.recruitee.com,1,Masterjx9-OpenPostings
openmind,https://openmind.recruitee.com,1,jd-intel-npm
opennl,opennl.recruitee.com,1,Masterjx9-OpenPostings
openrole,openrole.recruitee.com,1,kalil0321-ats-companies
opentag,opentag.recruitee.com,1,Masterjx9-OpenPostings
openvpn,openvpn.recruitee.com,1,Masterjx9-OpenPostings
opesus,opesus.recruitee.com,1,Masterjx9-OpenPostings
opplebv,opplebv.recruitee.com,2,Masterjx9-OpenPostings;kalil0321-ats-companies
opsbrasil,opsbrasil.recruitee.com,1,Masterjx9-OpenPostings
optics11,optics11.recruitee.com,2,Masterjx9-OpenPostings;jd-intel-npm
optics11life,optics11life.recruitee.com,1,Masterjx9-OpenPostings
optios,optios.recruitee.com,1,Masterjx9-OpenPostings
optiweb,optiweb.recruitee.com,1,Masterjx9-OpenPostings
opus,opus.recruitee.com,2,Masterjx9-OpenPostings;kalil0321-ats-companies
orangeburkina,orangeburkina.recruitee.com,1,Masterjx9-OpenPostings
orangevalley,orangevalley.recruitee.com,1,Masterjx9-OpenPostings
orangeworks,orangeworks.recruitee.com,1,Masterjx9-OpenPostings
orbem,orbem.recruitee.com,2,Masterjx9-OpenPostings;kalil0321-ats-companies
orbisk,orbisk.recruitee.com,2,Masterjx9-OpenPostings;ches-ctrl-cheddar
origin,origin.recruitee.com,1,Masterjx9-OpenPostings
ormitbelgium,ormitbelgium.recruitee.com,1,Masterjx9-OpenPostings
osalas,osalas.recruitee.com,1,Masterjx9-OpenPostings
osalasgmbh,osalasgmbh.recruitee.com,1,Masterjx9-OpenPostings
oscalabv,oscalabv.recruitee.com,1,kalil0321-ats-companies
otovo,otovo.recruitee.com,1,Masterjx9-OpenPostings
otsukapharmagmbh,otsukapharmagmbh.recruitee.com,1,Masterjx9-OpenPostings
ottawasafetycouncil,ottawasafetycouncil.recruitee.com,2,Masterjx9-OpenPostings;kalil0321-ats-companies
ouderenmondzorgpraktijk,ouderenmondzorgpraktijk.recruitee.com,1,Masterjx9-OpenPostings
outboundoperators,outboundoperators.recruitee.com,1,kalil0321-ats-companies
overheidzzp,overheidzzp.recruitee.com,1,Masterjx9-OpenPostings
oxygenconservation,oxygenconservation.recruitee.com,1,Masterjx9-OpenPostings
oxygenhouse,oxygenhouse.recruitee.com,1,Masterjx9-OpenPostings
p1group,p1group.recruitee.com,1,Masterjx9-OpenPostings
p1travel,p1travel.recruitee.com,1,Masterjx9-OpenPostings
p3agency,p3agency.recruitee.com,1,Masterjx9-OpenPostings
paardekooper,paardekooper.recruitee.com,1,Masterjx9-OpenPostings
pacifico,pacifico.recruitee.com,2,Masterjx9-OpenPostings;kalil0321-ats-companies
pacificoenergy,pacificoenergy.recruitee.com,2,Masterjx9-OpenPostings;kalil0321-ats-companies
pacmed,pacmed.recruitee.com,2,Masterjx9-OpenPostings;kalil0321-ats-companies
pag,pag.recruitee.com,1,Masterjx9-OpenPostings
pagsurveillance,pagsurveillance.recruitee.com,1,Masterjx9-OpenPostings
paiqo,paiqo.recruitee.com,1,kalil0321-ats-companies
palazzohospitality,palazzohospitality.recruitee.com,2,Masterjx9-OpenPostings;kalil0321-ats-companies
palazzoversacedubai,palazzoversacedubai.recruitee.com,2,Masterjx9-OpenPostings;kalil0321-ats-companies
palebluedotrecruitment,palebluedotrecruitment.recruitee.com,1,Masterjx9-OpenPostings
panoramaresortspa,panoramaresortspa.recruitee.com,1,Masterjx9-OpenPostings
panteiabv,panteiabv.recruitee.com,1,Masterjx9-OpenPostings
paragongermany,paragongermany.recruitee.com,1,Masterjx9-OpenPostings
paragonpartners,paragonpartners.recruitee.com,1,Masterjx9-OpenPostings
paralucent,paralucent.recruitee.com,1,Masterjx9-OpenPostings
parasut,parasut.recruitee.com,1,Masterjx9-OpenPostings
parent,parent.recruitee.com,2,Masterjx9-OpenPostings;kalil0321-ats-companies
parfumado,parfumado.recruitee.com,2,Masterjx9-OpenPostings;kalil0321-ats-companies
parkwind,parkwind.recruitee.com,1,Masterjx9-OpenPostings
partejobs,partejobs.recruitee.com,1,Masterjx9-OpenPostings
partof,partof.recruitee.com,1,Masterjx9-OpenPostings
pasco,pasco.recruitee.com,1,Masterjx9-OpenPostings
passionfroot,passionfroot.recruitee.com,1,Masterjx9-OpenPostings
patientsky,patientsky.recruitee.com,1,Masterjx9-OpenPostings
patriarcadeveloppement,patriarcadeveloppement.recruitee.com,1,Masterjx9-OpenPostings
payter,payter.recruitee.com,1,Masterjx9-OpenPostings
pbwebmedia,pbwebmedia.recruitee.com,1,Masterjx9-OpenPostings
pdkarriere,pdkarriere.recruitee.com,2,Masterjx9-OpenPostings;kalil0321-ats-companies
peddler,peddler.recruitee.com,1,Masterjx9-OpenPostings
pegime,pegime.recruitee.com,1,Masterjx9-OpenPostings
pelsrijcken,pelsrijcken.recruitee.com,1,Masterjx9-OpenPostings
peopleand,peopleand.recruitee.com,1,Masterjx9-OpenPostings
peopleforpeople,peopleforpeople.recruitee.com,1,Masterjx9-OpenPostings
perfectsupplier,perfectsupplier.recruitee.com,1,Masterjx9-OpenPostings
performancemanagement,performancemanagement.recruitee.com,1,kalil0321-ats-companies
peripass,peripass.recruitee.com,2,Masterjx9-OpenPostings;kalil0321-ats-companies
personeelszaken,personeelszaken.recruitee.com,1,Masterjx9-OpenPostings
perspectief,perspectief.recruitee.com,1,Masterjx9-OpenPostings
perthyn,perthyn.recruitee.com,1,Masterjx9-OpenPostings
petalmd,petalmd.recruitee.com,2,Masterjx9-OpenPostings;ches-ctrl-cheddar
petcitygroup,petcitygroup.recruitee.com,2,Masterjx9-OpenPostings;kalil0321-ats-companies
peterson,peterson.recruitee.com,2,Masterjx9-OpenPostings;kalil0321-ats-companies
petrielectric,petrielectric.recruitee.com,1,Masterjx9-OpenPostings
pevo,pevo.recruitee.com,1,Masterjx9-OpenPostings
pexin,pexin.recruitee.com,1,Masterjx9-OpenPostings
pezygroup,pezygroup.recruitee.com,1,Masterjx9-OpenPostings
pflegedienstkremer,pflegedienstkremer.recruitee.com,1,kalil0321-ats-companies
physioteamfulda,physioteamfulda.recruitee.com,1,Masterjx9-OpenPostings
physiotherapieschaumannwespe,physiotherapieschaumannwespe.recruitee.com,1,Masterjx9-OpenPostings
piagroupnetherlands,piagroupnetherlands.recruitee.com,1,kalil0321-ats-companies
picard,picard.recruitee.com,1,Masterjx9-OpenPostings
picqer,picqer.recruitee.com,1,Masterjx9-OpenPostings
pineapple,pineapple.recruitee.com,1,Masterjx9-OpenPostings
pitecag,pitecag.recruitee.com,1,Masterjx9-OpenPostings
pivotandedge,pivotandedge.recruitee.com,1,Masterjx9-OpenPostings
pixalione,pixalione.recruitee.com,1,Masterjx9-OpenPostings
pixelmechanics,pixelmechanics.recruitee.com,1,Masterjx9-OpenPostings
pixelpool,pixelpool.recruitee.com,2,Masterjx9-OpenPostings;outscal-openjobs
pizzabeppe,pizzabeppe.recruitee.com,1,Masterjx9-OpenPostings
planatol,planatol.recruitee.com,1,Masterjx9-OpenPostings
planeground,planeground.recruitee.com,2,Masterjx9-OpenPostings;kalil0321-ats-companies
planethomegroupgmbh,planethomegroupgmbh.recruitee.com,1,Masterjx9-OpenPostings
plantix,plantix.recruitee.com,3,Masterjx9-OpenPostings;ches-ctrl-cheddar;kalil0321-ats-companies
plantlab,plantlab.recruitee.com,1,ches-ctrl-cheddar
plastergroup1,plastergroup1.recruitee.com,1,Masterjx9-OpenPostings
playrix,playrix.recruitee.com,1,kalil0321-ats-companies
playsoncareers,playsoncareers.recruitee.com,1,outscal-openjobs
playtestcloud,playtestcloud.recruitee.com,2,Masterjx9-OpenPostings;outscal-openjobs
plenetude,plenetude.recruitee.com,1,Masterjx9-OpenPostings
plesner,plesner.recruitee.com,1,Masterjx9-OpenPostings
ploegkozijnenbv,ploegkozijnenbv.recruitee.com,1,kalil0321-ats-companies
pluecker,pluecker.recruitee.com,1,Masterjx9-OpenPostings
plukonfoodgroupspain,plukonfoodgroupspain.recruitee.com,1,kalil0321-ats-companies
plusadvise,plusadvise.recruitee.com,1,Masterjx9-OpenPostings
pmpg,pmpg.recruitee.com,2,Masterjx9-OpenPostings;kalil0321-ats-companies
pockee,pockee.recruitee.com,1,Masterjx9-OpenPostings
polandxebia,polandxebia.recruitee.com,1,Masterjx9-OpenPostings
polaroid,polaroid.recruitee.com,1,Masterjx9-OpenPostings
policyengineer,policyengineer.recruitee.com,1,kalil0321-ats-companies
polytek,polytek.recruitee.com,1,Masterjx9-OpenPostings
popcorngrowth,popcorngrowth.recruitee.com,2,Masterjx9-OpenPostings;kalil0321-ats-companies
poppy,poppy.recruitee.com,1,Masterjx9-OpenPostings
portalp,portalp.recruitee.com,1,Masterjx9-OpenPostings
posadmaxwangenerationenergy,posadmaxwangenerationenergy.recruitee.com,2,Masterjx9-OpenPostings;kalil0321-ats-companies
power2x,power2x.recruitee.com,1,Masterjx9-OpenPostings
powerrental,powerrental.recruitee.com,1,Masterjx9-OpenPostings
pragmaticcoders,pragmaticcoders.recruitee.com,1,Masterjx9-OpenPostings
precedence,precedence.recruitee.com,1,Masterjx9-OpenPostings
precoroinc,precoroinc.recruitee.com,2,Masterjx9-OpenPostings;kalil0321-ats-companies
premiersystems1,premiersystems1.recruitee.com,1,kalil0321-ats-companies
prenosis,prenosis.recruitee.com,1,Masterjx9-OpenPostings
pricebeam,pricebeam.recruitee.com,1,Masterjx9-OpenPostings
pridelogic,pridelogic.recruitee.com,1,Masterjx9-OpenPostings
priestley,priestley.recruitee.com,1,Masterjx9-OpenPostings
prijsvrijvakanties,prijsvrijvakanties.recruitee.com,1,Masterjx9-OpenPostings
primagaz1,primagaz1.recruitee.com,1,Masterjx9-OpenPostings
primatec,primatec.recruitee.com,1,kalil0321-ats-companies
primegateconsultinggmbh,primegateconsultinggmbh.recruitee.com,1,kalil0321-ats-companies
primeworks,primeworks.recruitee.com,2,Masterjx9-OpenPostings;kalil0321-ats-companies
primo,primo.recruitee.com,1,Masterjx9-OpenPostings
primomarine,primomarine.recruitee.com,1,Masterjx9-OpenPostings
prinsenstichting,prinsenstichting.recruitee.com,1,Masterjx9-OpenPostings
printenbind,printenbind.recruitee.com,1,Masterjx9-OpenPostings
pro4dynamixgmbh,pro4dynamixgmbh.recruitee.com,2,Masterjx9-OpenPostings;kalil0321-ats-companies
processit,processit.recruitee.com,1,Masterjx9-OpenPostings
prodigigroup,prodigigroup.recruitee.com,1,Masterjx9-OpenPostings
profitap,profitap.recruitee.com,1,Masterjx9-OpenPostings
proforto,proforto.recruitee.com,1,Masterjx9-OpenPostings
profuomo,profuomo.recruitee.com,1,Masterjx9-OpenPostings
progression1,progression1.recruitee.com,1,Masterjx9-OpenPostings
progressionit,progressionit.recruitee.com,1,Masterjx9-OpenPostings
proindividuum,proindividuum.recruitee.com,1,Masterjx9-OpenPostings
projectivegroup,projectivegroup.recruitee.com,2,Masterjx9-OpenPostings;kalil0321-ats-companies
projecty,projecty.recruitee.com,1,Masterjx9-OpenPostings
promaton,promaton.recruitee.com,1,Masterjx9-OpenPostings
prontofulfillmentllc,prontofulfillmentllc.recruitee.com,1,kalil0321-ats-companies
propel,propel.recruitee.com,1,outscal-openjobs
properfood,properfood.recruitee.com,2,Masterjx9-OpenPostings;kalil0321-ats-companies
propertyone,propertyone.recruitee.com,1,Masterjx9-OpenPostings
prosypackaginggmbh,prosypackaginggmbh.recruitee.com,1,Masterjx9-OpenPostings
protectdemocracy,protectdemocracy.recruitee.com,2,Masterjx9-OpenPostings;ches-ctrl-cheddar
protestantstheologischeuniversiteit,protestantstheologischeuniversiteit.recruitee.com,1,Masterjx9-OpenPostings
protexthesecuritycompany,protexthesecuritycompany.recruitee.com,1,Masterjx9-OpenPostings
protiviti,protiviti.recruitee.com,1,Masterjx9-OpenPostings
provalliance1,provalliance1.recruitee.com,1,Masterjx9-OpenPostings
provement,provement.recruitee.com,1,Masterjx9-OpenPostings
proventia,proventia.recruitee.com,1,Masterjx9-OpenPostings
provisioniam,provisioniam.recruitee.com,1,Masterjx9-OpenPostings
proximusnxt,proximusnxt.recruitee.com,1,Masterjx9-OpenPostings
proxsys,proxsys.recruitee.com,1,Masterjx9-OpenPostings
prtt,prtt.recruitee.com,1,Masterjx9-OpenPostings
psaprofessional,psaprofessional.recruitee.com,1,Masterjx9-OpenPostings
psg2,psg2.recruitee.com,1,Masterjx9-OpenPostings
psv,psv.recruitee.com,1,Masterjx9-OpenPostings
pszelectronicgmbh,pszelectronicgmbh.recruitee.com,2,Masterjx9-OpenPostings;kalil0321-ats-companies
pubnativegmbh,pubnativegmbh.recruitee.com,1,Masterjx9-OpenPostings
pugpig,pugpig.recruitee.com,1,Masterjx9-OpenPostings
puhlgmbhcokg,puhlgmbhcokg.recruitee.com,1,Masterjx9-OpenPostings
pum,pum.recruitee.com,1,Masterjx9-OpenPostings
pur,pur.recruitee.com,3,Masterjx9-OpenPostings;ches-ctrl-cheddar;kalil0321-ats-companies
purazell,purazell.recruitee.com,1,Masterjx9-OpenPostings
puregymswiss,puregymswiss.recruitee.com,2,Masterjx9-OpenPostings;kalil0321-ats-companies
purna,purna.recruitee.com,1,Masterjx9-OpenPostings
purprojet,purprojet.recruitee.com,1,Masterjx9-OpenPostings
pvcase,pvcase.recruitee.com,1,Masterjx9-OpenPostings
pwcgmbh,pwcgmbh.recruitee.com,1,Masterjx9-OpenPostings
pwnlisbon,pwnlisbon.recruitee.com,1,Masterjx9-OpenPostings
pwrpackinternational,pwrpackinternational.recruitee.com,2,Masterjx9-OpenPostings;kalil0321-ats-companies
pysae,pysae.recruitee.com,1,Masterjx9-OpenPostings
qa,qa.recruitee.com,2,Masterjx9-OpenPostings;kalil0321-ats-companies
qaamgo,qaamgo.recruitee.com,1,Masterjx9-OpenPostings
qatium,qatium.recruitee.com,1,the-cockroaches-remote-jobs
qfact,qfact.recruitee.com,1,Masterjx9-OpenPostings
qfc,qfc.recruitee.com,1,Masterjx9-OpenPostings
qfin,qfin.recruitee.com,1,Masterjx9-OpenPostings
qinx,qinx.recruitee.com,1,Masterjx9-OpenPostings
qlfbrands,qlfbrands.recruitee.com,1,Masterjx9-OpenPostings
qoria,qoria.recruitee.com,1,Masterjx9-OpenPostings
qps,qps.recruitee.com,1,Masterjx9-OpenPostings
qts,qts.recruitee.com,1,Masterjx9-OpenPostings
quadsolutions,quadsolutions.recruitee.com,1,Masterjx9-OpenPostings
qualifio1,qualifio1.recruitee.com,1,Masterjx9-OpenPostings
qualifyzegmbh,qualifyzegmbh.recruitee.com,2,Masterjx9-OpenPostings;kalil0321-ats-companies
qualinx,qualinx.recruitee.com,1,Masterjx9-OpenPostings
quality,quality.recruitee.com,1,Masterjx9-OpenPostings
quanteo,quanteo.recruitee.com,1,Masterjx9-OpenPostings
quantumsystemsgmbh,quantumsystemsgmbh.recruitee.com,1,Masterjx9-OpenPostings
quatra,quatra.recruitee.com,2,Masterjx9-OpenPostings;kalil0321-ats-companies
quinaptis,quinaptis.recruitee.com,1,Masterjx9-OpenPostings
quint,quint.recruitee.com,1,Masterjx9-OpenPostings
quirlsberg,quirlsberg.recruitee.com,1,Masterjx9-OpenPostings
qustodio,qustodio.recruitee.com,1,Masterjx9-OpenPostings
racketcenternulochgmbhcokg,racketcenternulochgmbhcokg.recruitee.com,1,Masterjx9-OpenPostings
radiologischeallianz,radiologischeallianz.recruitee.com,1,Masterjx9-OpenPostings
radishlab,radishlab.recruitee.com,2,Masterjx9-OpenPostings;ches-ctrl-cheddar
radix,radix.recruitee.com,1,Masterjx9-OpenPostings
railinnovatorsgroup,railinnovatorsgroup.recruitee.com,1,Masterjx9-OpenPostings
raketech,raketech.recruitee.com,2,Masterjx9-OpenPostings;kalil0321-ats-companies
ralphhv,ralphhv.recruitee.com,1,Masterjx9-OpenPostings
randoripro,randoripro.recruitee.com,1,Masterjx9-OpenPostings
raphaelstichting,raphaelstichting.recruitee.com,1,Masterjx9-OpenPostings
rareparts,rareparts.recruitee.com,1,Masterjx9-OpenPostings
ratpsmartsystems,ratpsmartsystems.recruitee.com,1,Masterjx9-OpenPostings
ravo,ravo.recruitee.com,1,kalil0321-ats-companies
rbcprojectsbv,rbcprojectsbv.recruitee.com,1,Masterjx9-OpenPostings
rbfsteuerberater,rbfsteuerberater.recruitee.com,1,Masterjx9-OpenPostings
rbr,rbr.recruitee.com,1,Masterjx9-OpenPostings
rcube,rcube.recruitee.com,1,Masterjx9-OpenPostings
realitygames,realitygames.recruitee.com,1,outscal-openjobs
realtydotcom,realtydotcom.recruitee.com,1,Masterjx9-OpenPostings
rebelmouse,rebelmouse.recruitee.com,1,Masterjx9-OpenPostings
rebs,rebs.recruitee.com,1,Masterjx9-OpenPostings
rebuy,rebuy.recruitee.com,1,Masterjx9-OpenPostings
recaregmbh,recaregmbh.recruitee.com,2,Masterjx9-OpenPostings;kalil0321-ats-companies
recharge,recharge.recruitee.com,1,Masterjx9-OpenPostings
reco,reco.recruitee.com,1,Masterjx9-OpenPostings
recruitaero,recruitaero.recruitee.com,1,Masterjx9-OpenPostings
recruitingfabrik,recruitingfabrik.recruitee.com,1,Masterjx9-OpenPostings
recruitsa,recruitsa.recruitee.com,1,Masterjx9-OpenPostings
recrutementmondialtissus,recrutementmondialtissus.recruitee.com,1,Masterjx9-OpenPostings
redhorsemountainranch,redhorsemountainranch.recruitee.com,1,Masterjx9-OpenPostings
redsky,redsky.recruitee.com,2,Masterjx9-OpenPostings;kalil0321-ats-companies
reflectorentertainment,reflectorentertainment.recruitee.com,1,outscal-openjobs
reframe,reframe.recruitee.com,2,Masterjx9-OpenPostings;ches-ctrl-cheddar
regionaljetcenter,regionaljetcenter.recruitee.com,1,Masterjx9-OpenPostings
reifenbornemanngmbh,reifenbornemanngmbh.recruitee.com,1,Masterjx9-OpenPostings
reinaerde,reinaerde.recruitee.com,1,Masterjx9-OpenPostings
reinischgmbh,reinischgmbh.recruitee.com,1,Masterjx9-OpenPostings
reisewitzkarriere,reisewitzkarriere.recruitee.com,1,Masterjx9-OpenPostings
reiztech,reiztech.recruitee.com,2,Masterjx9-OpenPostings;kalil0321-ats-companies
relevancedigitalagency,relevancedigitalagency.recruitee.com,1,Masterjx9-OpenPostings
reloadnow,reloadnow.recruitee.com,1,Masterjx9-OpenPostings
rentalgroup,rentalgroup.recruitee.com,1,Masterjx9-OpenPostings
resalepartners,resalepartners.recruitee.com,1,Masterjx9-OpenPostings
resatohydrogentechnology,resatohydrogentechnology.recruitee.com,1,kalil0321-ats-companies
reshift,reshift.recruitee.com,1,Masterjx9-OpenPostings
resorti,resorti.recruitee.com,1,Masterjx9-OpenPostings
resourcefultalentgroup,resourcefultalentgroup.recruitee.com,2,Masterjx9-OpenPostings;kalil0321-ats-companies
restaurantrodeoeindhoven,restaurantrodeoeindhoven.recruitee.com,1,Masterjx9-OpenPostings
resumedia,resumedia.recruitee.com,1,Masterjx9-OpenPostings
retailsolutions,retailsolutions.recruitee.com,1,Masterjx9-OpenPostings
revelator,revelator.recruitee.com,2,Masterjx9-OpenPostings;kalil0321-ats-companies
revenueenterprises,revenueenterprises.recruitee.com,1,Masterjx9-OpenPostings
rheonlabs,rheonlabs.recruitee.com,1,Masterjx9-OpenPostings
rhpartners,rhpartners.recruitee.com,1,Masterjx9-OpenPostings
rhunternehmerwissengmbh,rhunternehmerwissengmbh.recruitee.com,1,Masterjx9-OpenPostings
ridbv,ridbv.recruitee.com,1,Masterjx9-OpenPostings
riderlevettbucknall,riderlevettbucknall.recruitee.com,1,Masterjx9-OpenPostings
riedmair,riedmair.recruitee.com,1,Masterjx9-OpenPostings
rift,rift.recruitee.com,1,Masterjx9-OpenPostings
rimutee,rimutee.recruitee.com,1,Masterjx9-OpenPostings
riozorg,riozorg.recruitee.com,1,Masterjx9-OpenPostings
ripencc,ripencc.recruitee.com,1,Masterjx9-OpenPostings
riscure,riscure.recruitee.com,1,kalil0321-ats-companies
riverflex,riverflex.recruitee.com,2,Masterjx9-OpenPostings;kalil0321-ats-companies
riveseteaux,riveseteaux.recruitee.com,1,Masterjx9-OpenPostings
rivierduinen,rivierduinen.recruitee.com,1,Masterjx9-OpenPostings
rkpt,rkpt.recruitee.com,1,kalil0321-ats-companies
rmember,rmember.recruitee.com,1,Masterjx9-OpenPostings
roamlerbv1,roamlerbv1.recruitee.com,1,Masterjx9-OpenPostings
roamlercareers,roamlercareers.recruitee.com,1,Masterjx9-OpenPostings
robinradar,robinradar.recruitee.com,1,Masterjx9-OpenPostings
roccamore,roccamore.recruitee.com,1,Masterjx9-OpenPostings
rocketsourcers,rocketsourcers.recruitee.com,1,Masterjx9-OpenPostings
rocketwerkz,rocketwerkz.recruitee.com,2,Masterjx9-OpenPostings;outscal-openjobs
rockfeather,rockfeather.recruitee.com,1,Masterjx9-OpenPostings
rockstarexecs,rockstarexecs.recruitee.com,1,Masterjx9-OpenPostings
rocsys,rocsys.recruitee.com,2,Masterjx9-OpenPostings;ches-ctrl-cheddar
roeger,roeger.recruitee.com,1,Masterjx9-OpenPostings
romass,romass.recruitee.com,1,Masterjx9-OpenPostings
roomle,roomle.recruitee.com,1,Masterjx9-OpenPostings
rooysewissel,rooysewissel.recruitee.com,1,Masterjx9-OpenPostings
ros,ros.recruitee.com,1,Masterjx9-OpenPostings
rosebelgoldmines,rosebelgoldmines.recruitee.com,1,Masterjx9-OpenPostings
rosemanlabs,rosemanlabs.recruitee.com,1,Masterjx9-OpenPostings
rosenschonpartner,rosenschonpartner.recruitee.com,1,Masterjx9-OpenPostings
rosval,rosval.recruitee.com,1,Masterjx9-OpenPostings
rotaryindustry,rotaryindustry.recruitee.com,1,Masterjx9-OpenPostings
roucoucou,roucoucou.recruitee.com,1,Masterjx9-OpenPostings
roularta,roularta.recruitee.com,1,Masterjx9-OpenPostings
routesin1,routesin1.recruitee.com,1,Masterjx9-OpenPostings
rovc,rovc.recruitee.com,1,Masterjx9-OpenPostings
rovcfreelance,rovcfreelance.recruitee.com,1,Masterjx9-OpenPostings
roxhealth,roxhealth.recruitee.com,1,Masterjx9-OpenPostings
royallemkes,royallemkes.recruitee.com,1,Masterjx9-OpenPostings
royalvaassen,royalvaassen.recruitee.com,1,Masterjx9-OpenPostings
rpa,rpa.recruitee.com,1,kalil0321-ats-companies
rsbschmitzbergendachgmbh,rsbschmitzbergendachgmbh.recruitee.com,1,Masterjx9-OpenPostings
rsmaustriaconsultinggmbh,rsmaustriaconsultinggmbh.recruitee.com,1,Masterjx9-OpenPostings
rtl,rtl.recruitee.com,1,kalil0321-ats-companies
rubyberlinhrconsulting,rubyberlinhrconsulting.recruitee.com,1,Masterjx9-OpenPostings
rubygamestudio,rubygamestudio.recruitee.com,1,outscal-openjobs
rudolfweber,rudolfweber.recruitee.com,1,Masterjx9-OpenPostings
rupfindustries,rupfindustries.recruitee.com,1,Masterjx9-OpenPostings
rvsclean,rvsclean.recruitee.com,1,Masterjx9-OpenPostings
rvsfinish,rvsfinish.recruitee.com,1,Masterjx9-OpenPostings
rwc,rwc.recruitee.com,1,Masterjx9-OpenPostings
rwdsystemreinigunggmbh,rwdsystemreinigunggmbh.recruitee.com,1,Masterjx9-OpenPostings
rwg,rwg.recruitee.com,2,Masterjx9-OpenPostings;kalil0321-ats-companies
s4d,s4d.recruitee.com,1,Masterjx9-OpenPostings
saaslabs,saaslabs.recruitee.com,1,outscal-openjobs
safesize,safesize.recruitee.com,2,Masterjx9-OpenPostings;kalil0321-ats-companies
safetica,safetica.recruitee.com,1,Masterjx9-OpenPostings
saffier,saffier.recruitee.com,1,Masterjx9-OpenPostings
sagittamed,sagittamed.recruitee.com,1,Masterjx9-OpenPostings
sahl,sahl.recruitee.com,2,Masterjx9-OpenPostings;kalil0321-ats-companies
salesforce,salesforce.recruitee.com,1,kayden-vs-ats-finder
salmanamedicalbeautygmbh,salmanamedicalbeautygmbh.recruitee.com,1,Masterjx9-OpenPostings
saltsquare,saltsquare.recruitee.com,1,Masterjx9-OpenPostings
salzbacker,salzbacker.recruitee.com,1,kalil0321-ats-companies
salzburgglobalseminar,salzburgglobalseminar.recruitee.com,2,Masterjx9-OpenPostings;kalil0321-ats-companies
samy1,samy1.recruitee.com,1,Masterjx9-OpenPostings
sanfrancisco,sanfrancisco.recruitee.com,1,Masterjx9-OpenPostings
sanitaereledelmann,sanitaereledelmann.recruitee.com,1,Masterjx9-OpenPostings
santanaconsulting,santanaconsulting.recruitee.com,1,Masterjx9-OpenPostings
santanagroup,santanagroup.recruitee.com,1,Masterjx9-OpenPostings
saphe,saphe.recruitee.com,1,Masterjx9-OpenPostings
sapiro,sapiro.recruitee.com,1,Masterjx9-OpenPostings
saubercaservicegmbh,saubercaservicegmbh.recruitee.com,1,Masterjx9-OpenPostings
saudigeophysical,saudigeophysical.recruitee.com,1,Masterjx9-OpenPostings
sautermetallbau,sautermetallbau.recruitee.com,1,Masterjx9-OpenPostings
savantzorg,savantzorg.recruitee.com,1,Masterjx9-OpenPostings
sbessteuer,sbessteuer.recruitee.com,1,Masterjx9-OpenPostings
scalygmbh,scalygmbh.recruitee.com,1,Masterjx9-OpenPostings
schaefergmbh,schaefergmbh.recruitee.com,1,Masterjx9-OpenPostings
schambeckgroup,schambeckgroup.recruitee.com,1,Masterjx9-OpenPostings
schemam,schemam.recruitee.com,1,Masterjx9-OpenPostings
schemamgmbh3,schemamgmbh3.recruitee.com,1,Masterjx9-OpenPostings
schenk,schenk.recruitee.com,1,Masterjx9-OpenPostings
schenktanktransport,schenktanktransport.recruitee.com,1,Masterjx9-OpenPostings
scheunpflugwirpflegen,scheunpflugwirpflegen.recruitee.com,1,Masterjx9-OpenPostings
schimmerpartner,schimmerpartner.recruitee.com,1,Masterjx9-OpenPostings
schlemmbachcoachinggmbh,schlemmbachcoachinggmbh.recruitee.com,1,Masterjx9-OpenPostings
schliebach,schliebach.recruitee.com,1,Masterjx9-OpenPostings
schmalenberg,schmalenberg.recruitee.com,1,Masterjx9-OpenPostings
schmittkanzlei,schmittkanzlei.recruitee.com,1,Masterjx9-OpenPostings
schneidermarketing,schneidermarketing.recruitee.com,1,Masterjx9-OpenPostings
scholarshipowl,scholarshipowl.recruitee.com,1,Masterjx9-OpenPostings
schrittmacher,schrittmacher.recruitee.com,1,Masterjx9-OpenPostings
schulzmarkenfamilie,schulzmarkenfamilie.recruitee.com,1,Masterjx9-OpenPostings
schweinertperters,schweinertperters.recruitee.com,1,Masterjx9-OpenPostings
schweinertpeters,schweinertpeters.recruitee.com,1,Masterjx9-OpenPostings
scioteq,scioteq.recruitee.com,2,Masterjx9-OpenPostings;kalil0321-ats-companies
scodelft,scodelft.recruitee.com,1,Masterjx9-OpenPostings
scorewarrior,scorewarrior.recruitee.com,1,outscal-openjobs
scrappbook,scrappbook.recruitee.com,1,Masterjx9-OpenPostings
scrumsdotcom,scrumsdotcom.recruitee.com,2,Masterjx9-OpenPostings;kalil0321-ats-companies
scrumventures,scrumventures.recruitee.com,2,Masterjx9-OpenPostings;kalil0321-ats-companies
sdp,sdp.recruitee.com,1,Masterjx9-OpenPostings
seabournegroup,seabournegroup.recruitee.com,1,Masterjx9-OpenPostings
seafarnv,seafarnv.recruitee.com,1,Masterjx9-OpenPostings
sealandairetechnologies,sealandairetechnologies.recruitee.com,1,Masterjx9-OpenPostings
securifybv,securifybv.recruitee.com,1,Masterjx9-OpenPostings
sedfund,sedfund.recruitee.com,1,Masterjx9-OpenPostings
seederdeboer,seederdeboer.recruitee.com,1,Masterjx9-OpenPostings
seenons,seenons.recruitee.com,1,Masterjx9-OpenPostings
seilbahnkarriere,seilbahnkarriere.recruitee.com,1,Masterjx9-OpenPostings
selinafinance,selinafinance.recruitee.com,1,Masterjx9-OpenPostings
sellsior,sellsior.recruitee.com,1,Masterjx9-OpenPostings
sellsy,sellsy.recruitee.com,1,Masterjx9-OpenPostings
semag,semag.recruitee.com,1,Masterjx9-OpenPostings
sendai,sendai.recruitee.com,1,Masterjx9-OpenPostings
sendcloud,https://sendcloud.recruitee.com,1,jd-intel-npm
seneosgmbh,seneosgmbh.recruitee.com,1,Masterjx9-OpenPostings
seniorenwohnheimweststrasse,seniorenwohnheimweststrasse.recruitee.com,1,Masterjx9-OpenPostings
sennasearch,sennasearch.recruitee.com,1,Masterjx9-OpenPostings
sense,sense.recruitee.com,1,outscal-openjobs
sensysgatsogroup,sensysgatsogroup.recruitee.com,1,Masterjx9-OpenPostings
sequra,sequra.recruitee.com,2,Masterjx9-OpenPostings;kalil0321-ats-companies
sereni,sereni.recruitee.com,1,Masterjx9-OpenPostings
servicesecovistainc,servicesecovistainc.recruitee.com,1,Masterjx9-OpenPostings
sevensons,sevensons.recruitee.com,1,kalil0321-ats-companies
sevensonsllc,sevensonsllc.recruitee.com,1,Masterjx9-OpenPostings
sezo,sezo.recruitee.com,1,Masterjx9-OpenPostings
sfors,sfors.recruitee.com,1,Masterjx9-OpenPostings
sgbsmitgroup,sgbsmitgroup.recruitee.com,1,kalil0321-ats-companies
shalestone,shalestone.recruitee.com,1,Masterjx9-OpenPostings
shapeprocessautomation,shapeprocessautomation.recruitee.com,1,Masterjx9-OpenPostings
share,share.recruitee.com,1,Masterjx9-OpenPostings
sharecompany1,sharecompany1.recruitee.com,1,Masterjx9-OpenPostings
sharecompanygroup,sharecompanygroup.recruitee.com,2,Masterjx9-OpenPostings;kalil0321-ats-companies
sharecrf,sharecrf.recruitee.com,1,Masterjx9-OpenPostings
shawarmaguys,shawarmaguys.recruitee.com,1,Masterjx9-OpenPostings
shipitmultimodallogistics,shipitmultimodallogistics.recruitee.com,2,Masterjx9-OpenPostings;kalil0321-ats-companies
shippingtechnology,shippingtechnology.recruitee.com,1,kalil0321-ats-companies
shopfriend,shopfriend.recruitee.com,1,Masterjx9-OpenPostings
shopmanufaktur,shopmanufaktur.recruitee.com,1,Masterjx9-OpenPostings
shopwareag,shopwareag.recruitee.com,2,Masterjx9-OpenPostings;kalil0321-ats-companies
shortpoint,shortpoint.recruitee.com,1,Masterjx9-OpenPostings
shortpoint1,shortpoint1.recruitee.com,1,Masterjx9-OpenPostings
shvenergy,shvenergy.recruitee.com,1,Masterjx9-OpenPostings
shypple,shypple.recruitee.com,3,Masterjx9-OpenPostings;jd-intel-npm;kalil0321-ats-companies
sichtbarerwerden,sichtbarerwerden.recruitee.com,1,Masterjx9-OpenPostings
sidelineswap,sidelineswap.recruitee.com,2,Masterjx9-OpenPostings;kalil0321-ats-companies
signhost,signhost.recruitee.com,1,Masterjx9-OpenPostings
signifly,signifly.recruitee.com,1,Masterjx9-OpenPostings
signode,signode.recruitee.com,2,Masterjx9-OpenPostings;kalil0321-ats-companies
siiliauto,siiliauto.recruitee.com,1,Masterjx9-OpenPostings
siilisolutions,siilisolutions.recruitee.com,1,Masterjx9-OpenPostings
silverein,silverein.recruitee.com,1,Masterjx9-OpenPostings
silverpeakllp,silverpeakllp.recruitee.com,1,Masterjx9-OpenPostings
sini,sini.recruitee.com,1,Masterjx9-OpenPostings
sinnexinnenausbaugmbh,sinnexinnenausbaugmbh.recruitee.com,1,Masterjx9-OpenPostings
sioux,sioux.recruitee.com,2,Masterjx9-OpenPostings;kalil0321-ats-companies
siouxvn,siouxvn.recruitee.com,1,Masterjx9-OpenPostings
sirclecollection,https://sirclecollection.recruitee.com,1,kalil0321-ats-companies
siteckarriere,siteckarriere.recruitee.com,1,Masterjx9-OpenPostings
siwaresystems,siwaresystems.recruitee.com,2,Masterjx9-OpenPostings;kalil0321-ats-companies
skfberlin,skfberlin.recruitee.com,2,Masterjx9-OpenPostings;kalil0321-ats-companies
skgroup,skgroup.recruitee.com,1,Masterjx9-OpenPostings
skinvision1,skinvision1.recruitee.com,2,Masterjx9-OpenPostings;kalil0321-ats-companies
skipr,skipr.recruitee.com,2,Masterjx9-OpenPostings;kalil0321-ats-companies
skkarriere,skkarriere.recruitee.com,1,kalil0321-ats-companies
skmgroup,skmgroup.recruitee.com,1,Masterjx9-OpenPostings
skovik,skovik.recruitee.com,1,Masterjx9-OpenPostings
skygeo,skygeo.recruitee.com,2,Masterjx9-OpenPostings;kalil0321-ats-companies
skylift,skylift.recruitee.com,1,Masterjx9-OpenPostings
skytree,skytree.recruitee.com,2,Masterjx9-OpenPostings;kalil0321-ats-companies
sleep21,sleep21.recruitee.com,1,Masterjx9-OpenPostings
smartcenter1,smartcenter1.recruitee.com,1,kalil0321-ats-companies
smarthr,smarthr.recruitee.com,1,kalil0321-ats-companies
smartphonehoesjesnl,smartphonehoesjesnl.recruitee.com,1,Masterjx9-OpenPostings
smartprotection,smartprotection.recruitee.com,1,Masterjx9-OpenPostings
smartrecruiting,smartrecruiting.recruitee.com,1,Masterjx9-OpenPostings
smartsupp,smartsupp.recruitee.com,2,Masterjx9-OpenPostings;kalil0321-ats-companies
smedleygroup,smedleygroup.recruitee.com,2,Masterjx9-OpenPostings;kalil0321-ats-companies
smiler,smiler.recruitee.com,1,Masterjx9-OpenPostings
smoothsailing,smoothsailing.recruitee.com,1,Masterjx9-OpenPostings
snapcab,snapcab.recruitee.com,1,Masterjx9-OpenPostings
snapeda,snapeda.recruitee.com,1,Masterjx9-OpenPostings
snapmagic,snapmagic.recruitee.com,1,Masterjx9-OpenPostings
snapp,snapp.recruitee.com,2,Masterjx9-OpenPostings;kalil0321-ats-companies
snappet,snappet.recruitee.com,2,Masterjx9-OpenPostings;kalil0321-ats-companies
snapsoft,snapsoft.recruitee.com,1,kalil0321-ats-companies
sobinco,sobinco.recruitee.com,1,Masterjx9-OpenPostings
socialco,socialco.recruitee.com,1,Masterjx9-OpenPostings
socialfind,socialfind.recruitee.com,1,Masterjx9-OpenPostings
societycollege,societycollege.recruitee.com,1,Masterjx9-OpenPostings
softgames,softgames.recruitee.com,2,Masterjx9-OpenPostings;kalil0321-ats-companies
solarisandmoregmbh,solarisandmoregmbh.recruitee.com,1,Masterjx9-OpenPostings
solarplazainternationalbv,solarplazainternationalbv.recruitee.com,1,Masterjx9-OpenPostings
solease,solease.recruitee.com,1,Masterjx9-OpenPostings
solidstake,solidstake.recruitee.com,1,kalil0321-ats-companies
solrecogmbh,solrecogmbh.recruitee.com,1,Masterjx9-OpenPostings
solvinity,solvinity.recruitee.com,1,Masterjx9-OpenPostings
somniosoftware,somniosoftware.recruitee.com,2,Masterjx9-OpenPostings;kalil0321-ats-companies
soprana,soprana.recruitee.com,1,Masterjx9-OpenPostings
sopranapersonell,sopranapersonell.recruitee.com,1,Masterjx9-OpenPostings
sopro,sopro.recruitee.com,1,Masterjx9-OpenPostings
soravia,soravia.recruitee.com,1,Masterjx9-OpenPostings
sorgente,sorgente.recruitee.com,1,Masterjx9-OpenPostings
sossoftware,sossoftware.recruitee.com,1,Masterjx9-OpenPostings
soundboks,soundboks.recruitee.com,1,Masterjx9-OpenPostings
soundcareers,soundcareers.recruitee.com,1,Masterjx9-OpenPostings
source,source.recruitee.com,1,Masterjx9-OpenPostings
sovak3,sovak3.recruitee.com,1,Masterjx9-OpenPostings
sovtech,https://sovtech.recruitee.com,1,jd-intel-npm
sozialgruppekasselev,sozialgruppekasselev.recruitee.com,1,Masterjx9-OpenPostings
sparcareers,sparcareers.recruitee.com,2,Masterjx9-OpenPostings;kalil0321-ats-companies
sparkfactory,sparkfactory.recruitee.com,1,Masterjx9-OpenPostings
sparkoptimus,sparkoptimus.recruitee.com,1,Masterjx9-OpenPostings
specialisterne,specialisterne.recruitee.com,1,Masterjx9-OpenPostings
specitecsa,specitecsa.recruitee.com,1,Masterjx9-OpenPostings
spectoaerospace,spectoaerospace.recruitee.com,1,Masterjx9-OpenPostings
spectrumam,spectrumam.recruitee.com,2,Masterjx9-OpenPostings;kalil0321-ats-companies
spedination,spedination.recruitee.com,1,Masterjx9-OpenPostings
speditionmaier,speditionmaier.recruitee.com,1,Masterjx9-OpenPostings
speedlinehub,speedlinehub.recruitee.com,1,kalil0321-ats-companies
spinninrecordsandwmgbenelux,spinninrecordsandwmgbenelux.recruitee.com,1,Masterjx9-OpenPostings
spirolindustriesltd,spirolindustriesltd.recruitee.com,1,Masterjx9-OpenPostings
spletnik,spletnik.recruitee.com,1,Masterjx9-OpenPostings
spocket,spocket.recruitee.com,2,Masterjx9-OpenPostings;outscal-openjobs
spoke,spoke.recruitee.com,1,kalil0321-ats-companies
spontexlogisticsgmbh,spontexlogisticsgmbh.recruitee.com,1,Masterjx9-OpenPostings
sportakademiebaumann,sportakademiebaumann.recruitee.com,1,Masterjx9-OpenPostings
sportparkgruppe,sportparkgruppe.recruitee.com,1,Masterjx9-OpenPostings
sportschuledefconleipzig,sportschuledefconleipzig.recruitee.com,1,Masterjx9-OpenPostings
spotlab,spotlab.recruitee.com,2,Masterjx9-OpenPostings;kalil0321-ats-companies
spotzer,spotzer.recruitee.com,1,Masterjx9-OpenPostings
spreadgroup,spreadgroup.recruitee.com,1,kalil0321-ats-companies
spro,spro.recruitee.com,1,kalil0321-ats-companies
sqe,sqe.recruitee.com,1,kalil0321-ats-companies
squeezestudio,squeezestudio.recruitee.com,2,Masterjx9-OpenPostings;outscal-openjobs
squla,squla.recruitee.com,1,Masterjx9-OpenPostings
srahiring,srahiring.recruitee.com,2,Masterjx9-OpenPostings;kalil0321-ats-companies
sri,sri.recruitee.com,1,Masterjx9-OpenPostings
srsaudit,srsaudit.recruitee.com,1,Masterjx9-OpenPostings
sspcs,sspcs.recruitee.com,2,Masterjx9-OpenPostings;kalil0321-ats-companies
stablr,stablr.recruitee.com,1,Masterjx9-OpenPostings
stadtverwaltungdorsten,stadtverwaltungdorsten.recruitee.com,1,Masterjx9-OpenPostings
stadtwerkeesslingen,stadtwerkeesslingen.recruitee.com,1,Masterjx9-OpenPostings
stagebijvandervalk,stagebijvandervalk.recruitee.com,1,Masterjx9-OpenPostings
starr,starr.recruitee.com,2,Masterjx9-OpenPostings;kalil0321-ats-companies
stasinc,stasinc.recruitee.com,1,Masterjx9-OpenPostings
statuscag,statuscag.recruitee.com,1,Masterjx9-OpenPostings
staxxer,staxxer.recruitee.com,1,Masterjx9-OpenPostings
stayery,stayery.recruitee.com,2,Masterjx9-OpenPostings;kalil0321-ats-companies
stbingenieure,stbingenieure.recruitee.com,1,kalil0321-ats-companies
stealthstartup,stealthstartup.recruitee.com,2,Masterjx9-OpenPostings;outscal-openjobs
steelsealgermany,steelsealgermany.recruitee.com,1,Masterjx9-OpenPostings
stefphilips,stefphilips.recruitee.com,1,Masterjx9-OpenPostings
steinemann,steinemann.recruitee.com,2,Masterjx9-OpenPostings;kalil0321-ats-companies
stereolabs1,stereolabs1.recruitee.com,1,Masterjx9-OpenPostings
sterkinmatches,sterkinmatches.recruitee.com,1,Masterjx9-OpenPostings
sterlingfabricationtechnology,sterlingfabricationtechnology.recruitee.com,2,Masterjx9-OpenPostings;kalil0321-ats-companies
steudatsteuerberatungsgesellschaftmbh,steudatsteuerberatungsgesellschaftmbh.recruitee.com,1,Masterjx9-OpenPostings
steuerberaterkrausedittmar,steuerberaterkrausedittmar.recruitee.com,1,Masterjx9-OpenPostings
stibbebv,stibbebv.recruitee.com,1,Masterjx9-OpenPostings
stichtingdeopbouw1,stichtingdeopbouw1.recruitee.com,1,Masterjx9-OpenPostings
stichtingpergamijn,stichtingpergamijn.recruitee.com,1,Masterjx9-OpenPostings
stichtingsprank,stichtingsprank.recruitee.com,1,Masterjx9-OpenPostings
stichtingupvtextiel,stichtingupvtextiel.recruitee.com,1,Masterjx9-OpenPostings
stichtingwaarborgfondsvoordezorgsector,stichtingwaarborgfondsvoordezorgsector.recruitee.com,1,Masterjx9-OpenPostings
stichtingwassenaarsezorgverlening,stichtingwassenaarsezorgverlening.recruitee.com,1,Masterjx9-OpenPostings
stiftungmariaebene,stiftungmariaebene.recruitee.com,1,Masterjx9-OpenPostings
stimmt,stimmt.recruitee.com,1,Masterjx9-OpenPostings
stirlingtx,stirlingtx.recruitee.com,2,Masterjx9-OpenPostings;kalil0321-ats-companies
stjansdal,stjansdal.recruitee.com,1,Masterjx9-OpenPostings
storiaoy,storiaoy.recruitee.com,1,Masterjx9-OpenPostings
stpaulsschool,stpaulsschool.recruitee.com,1,Masterjx9-OpenPostings
straiv,straiv.recruitee.com,1,Masterjx9-OpenPostings
strata,strata.recruitee.com,1,Masterjx9-OpenPostings
strategyeng,strategyeng.recruitee.com,2,Masterjx9-OpenPostings;kalil0321-ats-companies
strautmannhydraulik,strautmannhydraulik.recruitee.com,1,Masterjx9-OpenPostings
strictbv,strictbv.recruitee.com,1,Masterjx9-OpenPostings
strix1,strix1.recruitee.com,1,Masterjx9-OpenPostings
studentmedicover,studentmedicover.recruitee.com,2,Masterjx9-OpenPostings;kalil0321-ats-companies
studentworks,studentworks.recruitee.com,1,Masterjx9-OpenPostings
studiodott,studiodott.recruitee.com,1,Masterjx9-OpenPostings
successday,successday.recruitee.com,1,Masterjx9-OpenPostings
sudstarkegmbh,sudstarkegmbh.recruitee.com,1,Masterjx9-OpenPostings
sulavaoy,sulavaoy.recruitee.com,1,Masterjx9-OpenPostings
summit,summit.recruitee.com,2,Masterjx9-OpenPostings;kalil0321-ats-companies
summitchangemakers,summitchangemakers.recruitee.com,1,Masterjx9-OpenPostings
sunlab,sunlab.recruitee.com,1,Masterjx9-OpenPostings
sunrock,sunrock.recruitee.com,2,Masterjx9-OpenPostings;kalil0321-ats-companies
sunroom,sunroom.recruitee.com,1,Masterjx9-OpenPostings
sunshower,sunshower.recruitee.com,1,Masterjx9-OpenPostings
suorabroadcastoy,suorabroadcastoy.recruitee.com,1,Masterjx9-OpenPostings
superfastit,superfastit.recruitee.com,1,Masterjx9-OpenPostings
superformula,superformula.recruitee.com,1,Masterjx9-OpenPostings
superlinear,superlinear.recruitee.com,1,Masterjx9-OpenPostings
superlist,superlist.recruitee.com,2,Masterjx9-OpenPostings;kalil0321-ats-companies
supersummary,supersummary.recruitee.com,2,Masterjx9-OpenPostings;kalil0321-ats-companies
supplyvalue1,supplyvalue1.recruitee.com,1,Masterjx9-OpenPostings
supremesportshospitality,supremesportshospitality.recruitee.com,2,Masterjx9-OpenPostings;kalil0321-ats-companies
sureal,sureal.recruitee.com,1,Masterjx9-OpenPostings
surfer,surfer.recruitee.com,1,Masterjx9-OpenPostings
surfly,surfly.recruitee.com,2,Masterjx9-OpenPostings;kalil0321-ats-companies
sustainablecomfort,sustainablecomfort.recruitee.com,2,Masterjx9-OpenPostings;kalil0321-ats-companies
sutterlocalmedia,sutterlocalmedia.recruitee.com,1,Masterjx9-OpenPostings
suttons,suttons.recruitee.com,2,Masterjx9-OpenPostings;kalil0321-ats-companies
sverigesakassor,sverigesakassor.recruitee.com,1,Masterjx9-OpenPostings
swabianinstruments,swabianinstruments.recruitee.com,2,Masterjx9-OpenPostings;kalil0321-ats-companies
swapsupport,swapsupport.recruitee.com,1,Masterjx9-OpenPostings
swdigitaltaxgmbh,swdigitaltaxgmbh.recruitee.com,1,Masterjx9-OpenPostings
swh,swh.recruitee.com,1,Masterjx9-OpenPostings
swhgroup,swhgroup.recruitee.com,1,Masterjx9-OpenPostings
swisschange,swisschange.recruitee.com,1,Masterjx9-OpenPostings
swisselect,swisselect.recruitee.com,2,Masterjx9-OpenPostings;kalil0321-ats-companies
swisselectag,swisselectag.recruitee.com,1,Masterjx9-OpenPostings
switchfully,switchfully.recruitee.com,1,Masterjx9-OpenPostings
switchojob,switchojob.recruitee.com,2,Masterjx9-OpenPostings;kalil0321-ats-companies
switzerland,switzerland.recruitee.com,1,Masterjx9-OpenPostings
swlog,swlog.recruitee.com,1,Masterjx9-OpenPostings
swordservices,swordservices.recruitee.com,1,Masterjx9-OpenPostings
swordtech,swordtech.recruitee.com,2,Masterjx9-OpenPostings;kalil0321-ats-companies
swordtechnologies,swordtechnologies.recruitee.com,2,Masterjx9-OpenPostings;kalil0321-ats-companies
sympa,sympa.recruitee.com,2,Masterjx9-OpenPostings;ever-jobs-ever-jobs
symvaro,symvaro.recruitee.com,1,Masterjx9-OpenPostings
synapseanalytics,synapseanalytics.recruitee.com,2,Masterjx9-OpenPostings;kalil0321-ats-companies
synechron,synechron.recruitee.com,1,Masterjx9-OpenPostings
synergy,synergy.recruitee.com,1,Masterjx9-OpenPostings
syngenta,syngenta.recruitee.com,1,kalil0321-ats-companies
synspective,synspective.recruitee.com,1,Masterjx9-OpenPostings
syrve,syrve.recruitee.com,1,Masterjx9-OpenPostings
tab,tab.recruitee.com,1,Masterjx9-OpenPostings
tabelgruppe,tabelgruppe.recruitee.com,2,Masterjx9-OpenPostings;kalil0321-ats-companies
tabelpersonal,tabelpersonal.recruitee.com,1,Masterjx9-OpenPostings
tacobellnederland,tacobellnederland.recruitee.com,1,Masterjx9-OpenPostings
tagaviation3,tagaviation3.recruitee.com,1,Masterjx9-OpenPostings
talenco,talenco.recruitee.com,1,Masterjx9-OpenPostings
talentheroesclientats,talentheroesclientats.recruitee.com,1,kalil0321-ats-companies
talenthub,talenthub.recruitee.com,1,Masterjx9-OpenPostings
talentsam,talentsam.recruitee.com,1,Masterjx9-OpenPostings
talk360,talk360.recruitee.com,1,Masterjx9-OpenPostings
talkieai,talkieai.recruitee.com,2,Masterjx9-OpenPostings;kalil0321-ats-companies
talland,talland.recruitee.com,1,Masterjx9-OpenPostings
tamarindintelligence,tamarindintelligence.recruitee.com,1,Masterjx9-OpenPostings
tampnet,tampnet.recruitee.com,2,Masterjx9-OpenPostings;kalil0321-ats-companies
tappeconsulting,tappeconsulting.recruitee.com,1,Masterjx9-OpenPostings
taprootfoundation,taprootfoundation.recruitee.com,1,Masterjx9-OpenPostings
taroko,taroko.recruitee.com,1,kalil0321-ats-companies
taskus,taskus.recruitee.com,1,kalil0321-ats-companies
tbibankgr,tbibankgr.recruitee.com,1,Masterjx9-OpenPostings
tbibankro,tbibankro.recruitee.com,2,Masterjx9-OpenPostings;kalil0321-ats-companies
tdfitnessperformance,tdfitnessperformance.recruitee.com,1,kalil0321-ats-companies
teagueelectric,teagueelectric.recruitee.com,1,Masterjx9-OpenPostings
teamflexsolutionsgmbh,teamflexsolutionsgmbh.recruitee.com,1,Masterjx9-OpenPostings
teamfortheplanet1,teamfortheplanet1.recruitee.com,2,Masterjx9-OpenPostings;kalil0321-ats-companies
tecclegroup,tecclegroup.recruitee.com,1,kalil0321-ats-companies
techbizglobal,techbizglobal.recruitee.com,2,Masterjx9-OpenPostings;kalil0321-ats-companies
technicaelectronics,technicaelectronics.recruitee.com,2,Masterjx9-OpenPostings;kalil0321-ats-companies
technicaengineeringgmbh,technicaengineeringgmbh.recruitee.com,3,Masterjx9-OpenPostings;jd-intel-npm;kalil0321-ats-companies
technicaengineeringspain,technicaengineeringspain.recruitee.com,1,Masterjx9-OpenPostings
technomar,technomar.recruitee.com,2,Masterjx9-OpenPostings;kalil0321-ats-companies
tecosim,tecosim.recruitee.com,1,kalil0321-ats-companies
teeturtle,teeturtle.recruitee.com,1,Masterjx9-OpenPostings
telindus,telindus.recruitee.com,1,Masterjx9-OpenPostings
tellent,tellent.recruitee.com,1,ches-ctrl-cheddar
telstarmediagroep,telstarmediagroep.recruitee.com,1,Masterjx9-OpenPostings
temicongmbh,temicongmbh.recruitee.com,1,Masterjx9-OpenPostings
tensortechnologies,tensortechnologies.recruitee.com,2,Masterjx9-OpenPostings;kalil0321-ats-companies
tensquaregames,tensquaregames.recruitee.com,2,Masterjx9-OpenPostings;outscal-openjobs
tenteinternationalgmbh,tenteinternationalgmbh.recruitee.com,1,Masterjx9-OpenPostings
tepass,tepass.recruitee.com,1,kalil0321-ats-companies
tereos,tereos.recruitee.com,2,Masterjx9-OpenPostings;kalil0321-ats-companies
terra,terra.recruitee.com,1,outscal-openjobs
terraessencegermany,terraessencegermany.recruitee.com,1,Masterjx9-OpenPostings
tes,tes.recruitee.com,2,Masterjx9-OpenPostings;kalil0321-ats-companies
tessan1,tessan1.recruitee.com,2,Masterjx9-OpenPostings;kalil0321-ats-companies
test1234,test1234.recruitee.com,1,Masterjx9-OpenPostings
testerwork,testerwork.recruitee.com,1,Masterjx9-OpenPostings
testunternehmen,testunternehmen.recruitee.com,1,Masterjx9-OpenPostings
tether,tether.recruitee.com,2,Masterjx9-OpenPostings;kalil0321-ats-companies
tetrixtechniek,tetrixtechniek.recruitee.com,2,Masterjx9-OpenPostings;kalil0321-ats-companies
textexpander,textexpander.recruitee.com,1,Masterjx9-OpenPostings
textmagic,textmagic.recruitee.com,2,Masterjx9-OpenPostings;kalil0321-ats-companies
tfhhollandgroup,tfhhollandgroup.recruitee.com,1,Masterjx9-OpenPostings
tfpfertilitygroup,tfpfertilitygroup.recruitee.com,2,Masterjx9-OpenPostings;kalil0321-ats-companies
tgs,tgs.recruitee.com,3,Masterjx9-OpenPostings;kalil0321-ats-companies;outscal-openjobs
theaterhotelalmelo,theaterhotelalmelo.recruitee.com,1,Masterjx9-OpenPostings
theaterhotelroermond,theaterhotelroermond.recruitee.com,1,Masterjx9-OpenPostings
thebellezzagroup,thebellezzagroup.recruitee.com,1,Masterjx9-OpenPostings
thecandocompany,thecandocompany.recruitee.com,1,Masterjx9-OpenPostings
thecareercentrett,thecareercentrett.recruitee.com,1,Masterjx9-OpenPostings
thecareersteam,thecareersteam.recruitee.com,1,Masterjx9-OpenPostings
theccd,theccd.recruitee.com,1,Masterjx9-OpenPostings
thechinasearch,thechinasearch.recruitee.com,1,Masterjx9-OpenPostings
thecodest,thecodest.recruitee.com,2,Masterjx9-OpenPostings;kalil0321-ats-companies
theconfigteamcareers,theconfigteamcareers.recruitee.com,2,Masterjx9-OpenPostings;kalil0321-ats-companies
theconsultusinternationalgroup,theconsultusinternationalgroup.recruitee.com,2,Masterjx9-OpenPostings;kalil0321-ats-companies
theentouragegroup,theentouragegroup.recruitee.com,2,Masterjx9-OpenPostings;kalil0321-ats-companies
thefertilitypartnership,thefertilitypartnership.recruitee.com,1,Masterjx9-OpenPostings
thegarlandcompany,thegarlandcompany.recruitee.com,1,Masterjx9-OpenPostings
thehospitalityrecruiters,thehospitalityrecruiters.recruitee.com,2,Masterjx9-OpenPostings;kalil0321-ats-companies
thehoteltaskforce,thehoteltaskforce.recruitee.com,2,Masterjx9-OpenPostings;kalil0321-ats-companies
theinnercircle,theinnercircle.recruitee.com,1,Masterjx9-OpenPostings
thejulyhotels,thejulyhotels.recruitee.com,2,Masterjx9-OpenPostings;kalil0321-ats-companies
thelandbankinggroup,thelandbankinggroup.recruitee.com,1,ches-ctrl-cheddar
themortgagetalentnetwork,themortgagetalentnetwork.recruitee.com,1,Masterjx9-OpenPostings
theoporstgmbh,theoporstgmbh.recruitee.com,1,Masterjx9-OpenPostings
theoutsourcepro,theoutsourcepro.recruitee.com,1,Masterjx9-OpenPostings
theparttimefinancepeople,theparttimefinancepeople.recruitee.com,1,Masterjx9-OpenPostings
thepeoplebrandingcompany,thepeoplebrandingcompany.recruitee.com,2,Masterjx9-OpenPostings;kalil0321-ats-companies
thepottershouseone1,thepottershouseone1.recruitee.com,2,Masterjx9-OpenPostings;kalil0321-ats-companies
theras,theras.recruitee.com,1,Masterjx9-OpenPostings
therasgroupcom,therasgroupcom.recruitee.com,1,Masterjx9-OpenPostings
thermotraffichollandbv,thermotraffichollandbv.recruitee.com,1,Masterjx9-OpenPostings
thesalescentre,thesalescentre.recruitee.com,1,Masterjx9-OpenPostings
thesjefgroup,thesjefgroup.recruitee.com,1,Masterjx9-OpenPostings
thesupernicepeople,thesupernicepeople.recruitee.com,1,Masterjx9-OpenPostings
thetalentinstitute,thetalentinstitute.recruitee.com,1,Masterjx9-OpenPostings
thetotalgroupofcompanies,thetotalgroupofcompanies.recruitee.com,1,Masterjx9-OpenPostings
thiemt,thiemt.recruitee.com,2,Masterjx9-OpenPostings;kalil0321-ats-companies
thinkwise,thinkwise.recruitee.com,1,Masterjx9-OpenPostings
thirdway,thirdway.recruitee.com,2,Masterjx9-OpenPostings;kalil0321-ats-companies
thollembeek,thollembeek.recruitee.com,1,Masterjx9-OpenPostings
thorensenergies,thorensenergies.recruitee.com,1,Masterjx9-OpenPostings
thorizon,thorizon.recruitee.com,1,kalil0321-ats-companies
thryvehealth,thryvehealth.recruitee.com,2,Masterjx9-OpenPostings;kalil0321-ats-companies
thyssenkruppstairlifts,thyssenkruppstairlifts.recruitee.com,1,Masterjx9-OpenPostings
tidiocareer,tidiocareer.recruitee.com,2,Masterjx9-OpenPostings;kalil0321-ats-companies
tier1asset,tier1asset.recruitee.com,1,Masterjx9-OpenPostings
tierklinikoberhaching,tierklinikoberhaching.recruitee.com,1,Masterjx9-OpenPostings
timecount,timecount.recruitee.com,1,Masterjx9-OpenPostings
timedoctor,timedoctor.recruitee.com,2,Masterjx9-OpenPostings;kalil0321-ats-companies
timeoutstiftungggmbh,timeoutstiftungggmbh.recruitee.com,1,Masterjx9-OpenPostings
tinybeans,tinybeans.recruitee.com,2,Masterjx9-OpenPostings;kalil0321-ats-companies
tisgmbh,tisgmbh.recruitee.com,1,Masterjx9-OpenPostings
titanwindenergygroup,titanwindenergygroup.recruitee.com,1,Masterjx9-OpenPostings
tiugotech,tiugotech.recruitee.com,2,Masterjx9-OpenPostings;kalil0321-ats-companies
tkelevator,tkelevator.recruitee.com,1,Masterjx9-OpenPostings
tkhomesolutions,tkhomesolutions.recruitee.com,2,Masterjx9-OpenPostings;kalil0321-ats-companies
tkhs,tkhs.recruitee.com,1,Masterjx9-OpenPostings
tlrbv,tlrbv.recruitee.com,1,Masterjx9-OpenPostings
tnp,tnp.recruitee.com,1,Masterjx9-OpenPostings
toku,toku.recruitee.com,1,Masterjx9-OpenPostings
tolympgmbh,tolympgmbh.recruitee.com,1,Masterjx9-OpenPostings
tomorrowseducation,tomorrowseducation.recruitee.com,1,ches-ctrl-cheddar
topchrono,topchrono.recruitee.com,1,Masterjx9-OpenPostings
topicsoftwaredevelopment,topicsoftwaredevelopment.recruitee.com,2,Masterjx9-OpenPostings;kalil0321-ats-companies
toppy,toppy.recruitee.com,1,Masterjx9-OpenPostings
tornatoroyj,tornatoroyj.recruitee.com,1,Masterjx9-OpenPostings
traceair,traceair.recruitee.com,1,Masterjx9-OpenPostings
trackman,trackman.recruitee.com,3,Masterjx9-OpenPostings;jd-intel-npm;outscal-openjobs
tradinorganic,tradinorganic.recruitee.com,1,Masterjx9-OpenPostings
tradinorganicagriculture,tradinorganicagriculture.recruitee.com,1,Masterjx9-OpenPostings
trafilea,trafilea.recruitee.com,2,Masterjx9-OpenPostings;kalil0321-ats-companies
trafineo,trafineo.recruitee.com,1,Masterjx9-OpenPostings
transavia,transavia.recruitee.com,1,Masterjx9-OpenPostings
transferz,transferz.recruitee.com,1,Masterjx9-OpenPostings
translations,translations.recruitee.com,1,kalil0321-ats-companies
transmission,transmission.recruitee.com,1,kalil0321-ats-companies
transperfect,transperfect.recruitee.com,2,Masterjx9-OpenPostings;kalil0321-ats-companies
traxylinc,traxylinc.recruitee.com,1,Masterjx9-OpenPostings
treasuryspring,treasuryspring.recruitee.com,1,kalil0321-ats-companies
treenation,treenation.recruitee.com,1,Masterjx9-OpenPostings
treuge,treuge.recruitee.com,1,Masterjx9-OpenPostings
triangulargroup,triangulargroup.recruitee.com,1,Masterjx9-OpenPostings
trilateralresearch,trilateralresearch.recruitee.com,1,Masterjx9-OpenPostings
trimetis,trimetis.recruitee.com,2,Masterjx9-OpenPostings;kalil0321-ats-companies
trinamiek,trinamiek.recruitee.com,1,Masterjx9-OpenPostings
triplejump,triplejump.recruitee.com,2,Masterjx9-OpenPostings;kalil0321-ats-companies
triscarigebaudereinigung,triscarigebaudereinigung.recruitee.com,1,Masterjx9-OpenPostings
tritilitylimited,tritilitylimited.recruitee.com,1,Masterjx9-OpenPostings
trivire,trivire.recruitee.com,1,Masterjx9-OpenPostings
tropos,tropos.recruitee.com,2,Masterjx9-OpenPostings;kalil0321-ats-companies
trp,trp.recruitee.com,1,kalil0321-ats-companies
truckland,truckland.recruitee.com,1,Masterjx9-OpenPostings
trunkrs,trunkrs.recruitee.com,1,ches-ctrl-cheddar
trustedshops,trustedshops.recruitee.com,2,Masterjx9-OpenPostings;kalil0321-ats-companies
trustero,trustero.recruitee.com,1,Masterjx9-OpenPostings
trustfactory,trustfactory.recruitee.com,2,Masterjx9-OpenPostings;kalil0321-ats-companies
trustflight,trustflight.recruitee.com,1,Masterjx9-OpenPostings
tsetinissoftware,tsetinissoftware.recruitee.com,1,Masterjx9-OpenPostings
tsetsoftware,tsetsoftware.recruitee.com,2,Masterjx9-OpenPostings;kalil0321-ats-companies
tuh,tuh.recruitee.com,1,kalil0321-ats-companies
tunymedia,tunymedia.recruitee.com,1,Masterjx9-OpenPostings
tutordoctorfv,tutordoctorfv.recruitee.com,1,Masterjx9-OpenPostings
tweedekamer,tweedekamer.recruitee.com,1,Masterjx9-OpenPostings
twipe,twipe.recruitee.com,1,Masterjx9-OpenPostings
twisto,twisto.recruitee.com,2,Masterjx9-OpenPostings;kalil0321-ats-companies
twynstragudde,twynstragudde.recruitee.com,1,Masterjx9-OpenPostings
tylko,tylko.recruitee.com,2,Masterjx9-OpenPostings;kalil0321-ats-companies
tysers,tysers.recruitee.com,1,Masterjx9-OpenPostings
tytantechnologiesgmbh,tytantechnologiesgmbh.recruitee.com,1,kalil0321-ats-companies
u2i,u2i.recruitee.com,1,Masterjx9-OpenPostings
ubqmaterials,ubqmaterials.recruitee.com,1,Masterjx9-OpenPostings
ubuntusport,ubuntusport.recruitee.com,1,Masterjx9-OpenPostings
ueni,ueni.recruitee.com,1,Masterjx9-OpenPostings
ugoo,ugoo.recruitee.com,1,Masterjx9-OpenPostings
uhlenhaus,uhlenhaus.recruitee.com,1,Masterjx9-OpenPostings
uhlenhausgruppe1,uhlenhausgruppe1.recruitee.com,1,Masterjx9-OpenPostings
uitp,uitp.recruitee.com,1,Masterjx9-OpenPostings
ullrichkollegen,ullrichkollegen.recruitee.com,1,Masterjx9-OpenPostings
ultimategymaugsburg,ultimategymaugsburg.recruitee.com,1,Masterjx9-OpenPostings
umane,umane.recruitee.com,1,Masterjx9-OpenPostings
umbreit,umbreit.recruitee.com,2,Masterjx9-OpenPostings;kalil0321-ats-companies
umob,umob.recruitee.com,1,Masterjx9-OpenPostings
umsatzio,umsatzio.recruitee.com,1,Masterjx9-OpenPostings
unaferm,unaferm.recruitee.com,1,Masterjx9-OpenPostings
uneedgmbh,uneedgmbh.recruitee.com,1,Masterjx9-OpenPostings
uniondexperts,uniondexperts.recruitee.com,1,Masterjx9-OpenPostings
uniprometdoocacak,uniprometdoocacak.recruitee.com,1,Masterjx9-OpenPostings
unitedalsaqergroup,unitedalsaqergroup.recruitee.com,2,Masterjx9-OpenPostings;kalil0321-ats-companies
unitycommunications,unitycommunications.recruitee.com,1,kalil0321-ats-companies
universegroup,universegroup.recruitee.com,3,Masterjx9-OpenPostings;kalil0321-ats-companies;outscal-openjobs
unnunitednewsnetworkgmbh,unnunitednewsnetworkgmbh.recruitee.com,1,Masterjx9-OpenPostings
unstop,unstop.recruitee.com,1,kayden-vs-ats-finder
unstudio,unstudio.recruitee.com,1,Masterjx9-OpenPostings
unthaetechnologygmbh,unthaetechnologygmbh.recruitee.com,1,Masterjx9-OpenPostings
unwatch,unwatch.recruitee.com,2,Masterjx9-OpenPostings;kalil0321-ats-companies
up42gmbh,up42gmbh.recruitee.com,2,Masterjx9-OpenPostings;kalil0321-ats-companies
upcarwash,upcarwash.recruitee.com,1,Masterjx9-OpenPostings
upside,upside.recruitee.com,2,Masterjx9-OpenPostings;kalil0321-ats-companies
upslide,upslide.recruitee.com,2,Masterjx9-OpenPostings;kalil0321-ats-companies
upstageai,upstageai.recruitee.com,1,Masterjx9-OpenPostings
uptimedevelopment,uptimedevelopment.recruitee.com,1,Masterjx9-OpenPostings
urbanarrow,urbanarrow.recruitee.com,2,Masterjx9-OpenPostings;kalil0321-ats-companies
urbaplan,urbaplan.recruitee.com,1,Masterjx9-OpenPostings
utc,utc.recruitee.com,1,Masterjx9-OpenPostings
utilityprofit,utilityprofit.recruitee.com,1,Masterjx9-OpenPostings
utrustinsuranceagencyllc,utrustinsuranceagencyllc.recruitee.com,2,Masterjx9-OpenPostings;kalil0321-ats-companies
uturn,uturn.recruitee.com,1,Masterjx9-OpenPostings
uxstudio,uxstudio.recruitee.com,1,Masterjx9-OpenPostings
vacancies,vacancies.recruitee.com,1,Masterjx9-OpenPostings
vacaturesclbeheer,vacaturesclbeheer.recruitee.com,1,Masterjx9-OpenPostings
vacaturesvandervalk,vacaturesvandervalk.recruitee.com,2,Masterjx9-OpenPostings;kalil0321-ats-companies
vacatureswerkgeluk,vacatureswerkgeluk.recruitee.com,1,Masterjx9-OpenPostings
valeuriad,valeuriad.recruitee.com,1,kalil0321-ats-companies
valleifinancegroup,valleifinancegroup.recruitee.com,2,Masterjx9-OpenPostings;kalil0321-ats-companies
valsight,valsight.recruitee.com,1,Masterjx9-OpenPostings
value5,value5.recruitee.com,1,Masterjx9-OpenPostings
valueblue,valueblue.recruitee.com,1,Masterjx9-OpenPostings
valuezon,valuezon.recruitee.com,1,Masterjx9-OpenPostings
valveandmeter,valveandmeter.recruitee.com,1,kalil0321-ats-companies
vamatbv,vamatbv.recruitee.com,2,Masterjx9-OpenPostings;kalil0321-ats-companies
vanbeestbv,vanbeestbv.recruitee.com,2,Masterjx9-OpenPostings;kalil0321-ats-companies
vandebron,vandebron.recruitee.com,2,Masterjx9-OpenPostings;jd-intel-npm
vandelanotte,vandelanotte.recruitee.com,1,Masterjx9-OpenPostings
vandenheuvellogistiek,vandenheuvellogistiek.recruitee.com,1,Masterjx9-OpenPostings
vandervalkamsterdam,vandervalkamsterdam.recruitee.com,1,Masterjx9-OpenPostings
vandervalkbeveren,vandervalkbeveren.recruitee.com,1,Masterjx9-OpenPostings
vandervalkdeutschland,vandervalkdeutschland.recruitee.com,1,Masterjx9-OpenPostings
vandervalkdienstencentrum,vandervalkdienstencentrum.recruitee.com,1,Masterjx9-OpenPostings
vandervalkhotelbreukelen,vandervalkhotelbreukelen.recruitee.com,1,Masterjx9-OpenPostings
vandervalkhoteleindhoven,vandervalkhoteleindhoven.recruitee.com,1,Masterjx9-OpenPostings
vandervalkhotelvenlo,vandervalkhotelvenlo.recruitee.com,1,Masterjx9-OpenPostings
vandervalkinternational,vandervalkinternational.recruitee.com,1,Masterjx9-OpenPostings
vandervalkluxembourg,vandervalkluxembourg.recruitee.com,1,Masterjx9-OpenPostings
vandervalkplazaresortbonaire,vandervalkplazaresortbonaire.recruitee.com,2,Masterjx9-OpenPostings;kalil0321-ats-companies
vandervalkroermond,vandervalkroermond.recruitee.com,1,Masterjx9-OpenPostings
vandervenautos,vandervenautos.recruitee.com,1,Masterjx9-OpenPostings
vandevelde,vandevelde.recruitee.com,1,Masterjx9-OpenPostings
vangelder,vangelder.recruitee.com,1,Masterjx9-OpenPostings
vanhoekdakbedekkingen,vanhoekdakbedekkingen.recruitee.com,1,Masterjx9-OpenPostings
vanmossel,vanmossel.recruitee.com,1,Masterjx9-OpenPostings
vanmosselgroep,vanmosselgroep.recruitee.com,1,Masterjx9-OpenPostings
varef,varef.recruitee.com,1,Masterjx9-OpenPostings
variondgruppe,variondgruppe.recruitee.com,1,Masterjx9-OpenPostings
vbkvacatures,vbkvacatures.recruitee.com,1,Masterjx9-OpenPostings
vbtgroep,vbtgroep.recruitee.com,1,Masterjx9-OpenPostings
vdkgroep,vdkgroep.recruitee.com,2,Masterjx9-OpenPostings;kalil0321-ats-companies
veaxo,veaxo.recruitee.com,2,Masterjx9-OpenPostings;kalil0321-ats-companies
vechtenijssel,vechtenijssel.recruitee.com,1,Masterjx9-OpenPostings
veloretti,veloretti.recruitee.com,1,Masterjx9-OpenPostings
veneficusbv,veneficusbv.recruitee.com,1,kalil0321-ats-companies
ventiontechnologies,ventiontechnologies.recruitee.com,1,Masterjx9-OpenPostings
venuescanner,venuescanner.recruitee.com,2,Masterjx9-OpenPostings;kalil0321-ats-companies
veocareers,veocareers.recruitee.com,2,Masterjx9-OpenPostings;kalil0321-ats-companies
veratronag,veratronag.recruitee.com,2,Masterjx9-OpenPostings;kalil0321-ats-companies
verbundhaushaltshilfe,verbundhaushaltshilfe.recruitee.com,1,Masterjx9-OpenPostings
verkaufenmitwerten,verkaufenmitwerten.recruitee.com,1,Masterjx9-OpenPostings
verkaufspsychologie,verkaufspsychologie.recruitee.com,1,Masterjx9-OpenPostings
vermantautomotivegroup,vermantautomotivegroup.recruitee.com,1,Masterjx9-OpenPostings
vermetten,vermetten.recruitee.com,1,Masterjx9-OpenPostings
vertigis,vertigis.recruitee.com,1,Masterjx9-OpenPostings
vervegroup,vervegroup.recruitee.com,3,Masterjx9-OpenPostings;ches-ctrl-cheddar;kalil0321-ats-companies
vervoerregio,vervoerregio.recruitee.com,1,Masterjx9-OpenPostings
vesper,vesper.recruitee.com,2,Masterjx9-OpenPostings;kalil0321-ats-companies
viaamsterdam,viaamsterdam.recruitee.com,1,Masterjx9-OpenPostings
vianenflowers,vianenflowers.recruitee.com,1,Masterjx9-OpenPostings
vibes,vibes.recruitee.com,2,Masterjx9-OpenPostings;outscal-openjobs
vicentra,vicentra.recruitee.com,1,kalil0321-ats-companies
vicompany,vicompany.recruitee.com,1,Masterjx9-OpenPostings
vicotx,vicotx.recruitee.com,1,kalil0321-ats-companies
victussales,victussales.recruitee.com,1,Masterjx9-OpenPostings
viderity,viderity.recruitee.com,1,Masterjx9-OpenPostings
vidiq,vidiq.recruitee.com,1,Masterjx9-OpenPostings
viepeople,viepeople.recruitee.com,1,Masterjx9-OpenPostings
vigere,vigere.recruitee.com,1,Masterjx9-OpenPostings
vijverberg,vijverberg.recruitee.com,1,Masterjx9-OpenPostings
vikingmalt,vikingmalt.recruitee.com,1,Masterjx9-OpenPostings
vilgain,vilgain.recruitee.com,2,Masterjx9-OpenPostings;kalil0321-ats-companies
villagetalkies,villagetalkies.recruitee.com,1,outscal-openjobs
villaprovidenceshediacinc,villaprovidenceshediacinc.recruitee.com,2,Masterjx9-OpenPostings;kalil0321-ats-companies
villari,villari.recruitee.com,1,Masterjx9-OpenPostings
vincenttv,vincenttv.recruitee.com,1,Masterjx9-OpenPostings
vineyardusa,vineyardusa.recruitee.com,2,Masterjx9-OpenPostings;kalil0321-ats-companies
vionfoodgroup,vionfoodgroup.recruitee.com,2,Masterjx9-OpenPostings;kalil0321-ats-companies
viroclinicsddl,viroclinicsddl.recruitee.com,1,Masterjx9-OpenPostings
virtual7jobs,virtual7jobs.recruitee.com,1,kalil0321-ats-companies
virtualidentity,virtualidentity.recruitee.com,1,Masterjx9-OpenPostings
virtualresource,virtualresource.recruitee.com,2,Masterjx9-OpenPostings;kalil0321-ats-companies
viryaenergy,viryaenergy.recruitee.com,1,Masterjx9-OpenPostings
viryah2,viryah2.recruitee.com,2,Masterjx9-OpenPostings;kalil0321-ats-companies
visaandeschelde,visaandeschelde.recruitee.com,1,Masterjx9-OpenPostings
visionariesclub,visionariesclub.recruitee.com,1,kalil0321-ats-companies
vitaforst,vitaforst.recruitee.com,1,Masterjx9-OpenPostings
vitaminstore,vitaminstore.recruitee.com,1,Masterjx9-OpenPostings
viterramagdeburggmbh,viterramagdeburggmbh.recruitee.com,1,Masterjx9-OpenPostings
vitestro,vitestro.recruitee.com,2,Masterjx9-OpenPostings;kalil0321-ats-companies
vlt,vlt.recruitee.com,1,kalil0321-ats-companies
voltaira,voltaira.recruitee.com,1,Masterjx9-OpenPostings
voltairegroup,voltairegroup.recruitee.com,1,Masterjx9-OpenPostings
voortman,voortman.recruitee.com,1,Masterjx9-OpenPostings
vorreiter,vorreiter.recruitee.com,1,Masterjx9-OpenPostings
vrtlinzbachloecherbachundpartner,vrtlinzbachloecherbachundpartner.recruitee.com,2,Masterjx9-OpenPostings;kalil0321-ats-companies
vrzw,vrzw.recruitee.com,1,Masterjx9-OpenPostings
vsparticle,vsparticle.recruitee.com,2,Masterjx9-OpenPostings;kalil0321-ats-companies
vuonogroup,vuonogroup.recruitee.com,1,Masterjx9-OpenPostings
w3sdigital,w3sdigital.recruitee.com,1,Masterjx9-OpenPostings
waat,waat.recruitee.com,1,Masterjx9-OpenPostings
wacomeurope,wacomeurope.recruitee.com,1,Masterjx9-OpenPostings
wakuli,wakuli.recruitee.com,1,Masterjx9-OpenPostings
walibiholland,walibiholland.recruitee.com,1,Masterjx9-OpenPostings
wallarm,wallarm.recruitee.com,2,Masterjx9-OpenPostings;kalil0321-ats-companies
walliance,walliance.recruitee.com,1,Masterjx9-OpenPostings
wallramwerkzeugtechnikgmbh,wallramwerkzeugtechnikgmbh.recruitee.com,1,Masterjx9-OpenPostings
wandelwerker,wandelwerker.recruitee.com,1,Masterjx9-OpenPostings
wannabeatonytoo,wannabeatonytoo.recruitee.com,1,Masterjx9-OpenPostings
wanzl,wanzl.recruitee.com,1,Masterjx9-OpenPostings
waracle,waracle.recruitee.com,1,Masterjx9-OpenPostings
warande,warande.recruitee.com,1,Masterjx9-OpenPostings
warmtefonds,warmtefonds.recruitee.com,1,Masterjx9-OpenPostings
wasabit,wasabit.recruitee.com,2,Masterjx9-OpenPostings;kalil0321-ats-companies
wassonece,wassonece.recruitee.com,1,kalil0321-ats-companies
watchvice,watchvice.recruitee.com,2,Masterjx9-OpenPostings;kalil0321-ats-companies
waterslakecapital,waterslakecapital.recruitee.com,1,kalil0321-ats-companies
waynedoor,waynedoor.recruitee.com,1,Masterjx9-OpenPostings
wcc1,wcc1.recruitee.com,1,Masterjx9-OpenPostings
wcccareers,wcccareers.recruitee.com,1,Masterjx9-OpenPostings
wearebit,wearebit.recruitee.com,2,Masterjx9-OpenPostings;kalil0321-ats-companies
webbtraders,webbtraders.recruitee.com,2,Masterjx9-OpenPostings;kalil0321-ats-companies
weberravensburg,weberravensburg.recruitee.com,1,Masterjx9-OpenPostings
webqam,webqam.recruitee.com,1,Masterjx9-OpenPostings
weeztix,weeztix.recruitee.com,1,Masterjx9-OpenPostings
wegnerstahrpartner,wegnerstahrpartner.recruitee.com,1,Masterjx9-OpenPostings
welcomemonchasseurimmo,welcomemonchasseurimmo.recruitee.com,1,Masterjx9-OpenPostings
wellis,wellis.recruitee.com,2,Masterjx9-OpenPostings;kalil0321-ats-companies
wellsterhealthtechgroup,wellsterhealthtechgroup.recruitee.com,2,Masterjx9-OpenPostings;kalil0321-ats-companies
welovetaxes,welovetaxes.recruitee.com,1,Masterjx9-OpenPostings
welwonen,welwonen.recruitee.com,1,Masterjx9-OpenPostings
werdezusteller,werdezusteller.recruitee.com,1,Masterjx9-OpenPostings
wereldvanvermaat,wereldvanvermaat.recruitee.com,1,Masterjx9-OpenPostings
werk2030,werk2030.recruitee.com,1,Masterjx9-OpenPostings
werkbijdeopbouw,werkbijdeopbouw.recruitee.com,2,Masterjx9-OpenPostings;kalil0321-ats-companies
werkenbij,werkenbij.recruitee.com,1,Masterjx9-OpenPostings
werkenbijace,werkenbijace.recruitee.com,2,Masterjx9-OpenPostings;kalil0321-ats-companies
werkenbijalanluca,werkenbijalanluca.recruitee.com,1,Masterjx9-OpenPostings
werkenbijamarosa,werkenbijamarosa.recruitee.com,1,Masterjx9-OpenPostings
werkenbijattentzorgenbehandeling,werkenbijattentzorgenbehandeling.recruitee.com,1,Masterjx9-OpenPostings
werkenbijbluecurrent,werkenbijbluecurrent.recruitee.com,1,Masterjx9-OpenPostings
werkenbijbrainwash,werkenbijbrainwash.recruitee.com,1,Masterjx9-OpenPostings
werkenbijbrandnewday,werkenbijbrandnewday.recruitee.com,1,Masterjx9-OpenPostings
werkenbijbufabflos,werkenbijbufabflos.recruitee.com,1,Masterjx9-OpenPostings
werkenbijcmotions,werkenbijcmotions.recruitee.com,1,Masterjx9-OpenPostings
werkenbijcontestyachts,werkenbijcontestyachts.recruitee.com,1,Masterjx9-OpenPostings
werkenbijcremer,werkenbijcremer.recruitee.com,1,Masterjx9-OpenPostings
werkenbijdeafm,werkenbijdeafm.recruitee.com,1,Masterjx9-OpenPostings
werkenbijdebeyart,werkenbijdebeyart.recruitee.com,1,Masterjx9-OpenPostings
werkenbijdecantharel,werkenbijdecantharel.recruitee.com,1,Masterjx9-OpenPostings
werkenbijduyvenvoorde,werkenbijduyvenvoorde.recruitee.com,1,Masterjx9-OpenPostings
werkenbijebn,werkenbijebn.recruitee.com,1,Masterjx9-OpenPostings
werkenbijedco,werkenbijedco.recruitee.com,1,Masterjx9-OpenPostings
werkenbijespritict,werkenbijespritict.recruitee.com,1,Masterjx9-OpenPostings
werkenbijexcluton,werkenbijexcluton.recruitee.com,1,Masterjx9-OpenPostings
werkenbijfivoor,werkenbijfivoor.recruitee.com,1,Masterjx9-OpenPostings
werkenbijflagshipamsterdam,werkenbijflagshipamsterdam.recruitee.com,2,Masterjx9-OpenPostings;kalil0321-ats-companies
werkenbijfocussolutions,werkenbijfocussolutions.recruitee.com,1,Masterjx9-OpenPostings
werkenbijhebo,werkenbijhebo.recruitee.com,1,Masterjx9-OpenPostings
werkenbijhetmkb,werkenbijhetmkb.recruitee.com,1,Masterjx9-OpenPostings
werkenbijhiltermann,werkenbijhiltermann.recruitee.com,1,Masterjx9-OpenPostings
werkenbijhuizerosa,werkenbijhuizerosa.recruitee.com,1,Masterjx9-OpenPostings
werkenbijinteractie,werkenbijinteractie.recruitee.com,1,Masterjx9-OpenPostings
werkenbijintercept,werkenbijintercept.recruitee.com,1,Masterjx9-OpenPostings
werkenbijkabouterhuis,werkenbijkabouterhuis.recruitee.com,1,Masterjx9-OpenPostings
werkenbijkcs,werkenbijkcs.recruitee.com,1,Masterjx9-OpenPostings
werkenbijkenc,werkenbijkenc.recruitee.com,1,Masterjx9-OpenPostings
werkenbijklimaatroute,werkenbijklimaatroute.recruitee.com,1,Masterjx9-OpenPostings
werkenbijlantech,werkenbijlantech.recruitee.com,1,Masterjx9-OpenPostings
werkenbijmaxaro,werkenbijmaxaro.recruitee.com,1,Masterjx9-OpenPostings
werkenbijnedcargo,werkenbijnedcargo.recruitee.com,1,Masterjx9-OpenPostings
werkenbijnlr,werkenbijnlr.recruitee.com,2,Masterjx9-OpenPostings;kalil0321-ats-companies
werkenbijons,werkenbijons.recruitee.com,1,Masterjx9-OpenPostings
werkenbijoptimizers,werkenbijoptimizers.recruitee.com,1,Masterjx9-OpenPostings
werkenbijorangevalley,werkenbijorangevalley.recruitee.com,1,Masterjx9-OpenPostings
werkenbijorisha,werkenbijorisha.recruitee.com,1,Masterjx9-OpenPostings
werkenbijovsoftware,werkenbijovsoftware.recruitee.com,1,Masterjx9-OpenPostings
werkenbijp1,werkenbijp1.recruitee.com,1,Masterjx9-OpenPostings
werkenbijp1amsterdam,werkenbijp1amsterdam.recruitee.com,1,Masterjx9-OpenPostings
werkenbijpijnackernootdorp,werkenbijpijnackernootdorp.recruitee.com,1,Masterjx9-OpenPostings
werkenbijpinkelephant,werkenbijpinkelephant.recruitee.com,1,Masterjx9-OpenPostings
werkenbijpsyned,werkenbijpsyned.recruitee.com,2,Masterjx9-OpenPostings;kalil0321-ats-companies
werkenbijrastergroep,werkenbijrastergroep.recruitee.com,1,Masterjx9-OpenPostings
werkenbijreisbalans,werkenbijreisbalans.recruitee.com,1,Masterjx9-OpenPostings
werkenbijrolanrobotics,werkenbijrolanrobotics.recruitee.com,1,Masterjx9-OpenPostings
werkenbijrs,werkenbijrs.recruitee.com,1,Masterjx9-OpenPostings
werkenbijsalco,werkenbijsalco.recruitee.com,1,Masterjx9-OpenPostings
werkenbijseabournelogistics,werkenbijseabournelogistics.recruitee.com,1,Masterjx9-OpenPostings
werkenbijsro,werkenbijsro.recruitee.com,1,Masterjx9-OpenPostings
werkenbijtrip,werkenbijtrip.recruitee.com,1,Masterjx9-OpenPostings
werkenbijvanberlo,werkenbijvanberlo.recruitee.com,1,Masterjx9-OpenPostings
werkenbijvanderkooijbesters,werkenbijvanderkooijbesters.recruitee.com,1,Masterjx9-OpenPostings
werkenbijvanwanrooij,werkenbijvanwanrooij.recruitee.com,1,Masterjx9-OpenPostings
werkenbijvigogroep,werkenbijvigogroep.recruitee.com,2,Masterjx9-OpenPostings;kalil0321-ats-companies
werkenbijvnoncwmkb,werkenbijvnoncwmkb.recruitee.com,1,Masterjx9-OpenPostings
werkenbijxonar,werkenbijxonar.recruitee.com,1,Masterjx9-OpenPostings
werkenbijyouvia,werkenbijyouvia.recruitee.com,2,Masterjx9-OpenPostings;kalil0321-ats-companies
werkeninhaaglanden,werkeninhaaglanden.recruitee.com,1,Masterjx9-OpenPostings
werkeninleisure,werkeninleisure.recruitee.com,1,Masterjx9-OpenPostings
werkeninsuriname,werkeninsuriname.recruitee.com,1,Masterjx9-OpenPostings
werraenergie,werraenergie.recruitee.com,1,Masterjx9-OpenPostings
wertconceptinvestmentgroupgmbh,wertconceptinvestmentgroupgmbh.recruitee.com,1,kalil0321-ats-companies
wesoftyou2,wesoftyou2.recruitee.com,1,kalil0321-ats-companies
westerhorstmann,westerhorstmann.recruitee.com,2,Masterjx9-OpenPostings;kalil0321-ats-companies
wewow,wewow.recruitee.com,2,Masterjx9-OpenPostings;kalil0321-ats-companies
wgalegacypropertymanagement,wgalegacypropertymanagement.recruitee.com,1,Masterjx9-OpenPostings
what,what.recruitee.com,1,Masterjx9-OpenPostings
whiffle,whiffle.recruitee.com,2,Masterjx9-OpenPostings;kalil0321-ats-companies
whitecoatglobal1,whitecoatglobal1.recruitee.com,2,Masterjx9-OpenPostings;kalil0321-ats-companies
whitevision,whitevision.recruitee.com,1,Masterjx9-OpenPostings
whofoundation,whofoundation.recruitee.com,1,Masterjx9-OpenPostings
whoon,whoon.recruitee.com,1,Masterjx9-OpenPostings
wibra,wibra.recruitee.com,1,Masterjx9-OpenPostings
wiiw,wiiw.recruitee.com,2,Masterjx9-OpenPostings;kalil0321-ats-companies
wilcoxflegel,wilcoxflegel.recruitee.com,2,Masterjx9-OpenPostings;kalil0321-ats-companies
wilhelmmayerbaugmbh,wilhelmmayerbaugmbh.recruitee.com,1,Masterjx9-OpenPostings
wilhelmmullergmbh,wilhelmmullergmbh.recruitee.com,1,Masterjx9-OpenPostings
willerby,willerby.recruitee.com,1,kalil0321-ats-companies
williamsburgcharterhighschool,williamsburgcharterhighschool.recruitee.com,1,Masterjx9-OpenPostings
willibrord,willibrord.recruitee.com,1,kalil0321-ats-companies
wimexgruppe,wimexgruppe.recruitee.com,1,Masterjx9-OpenPostings
wingtsunakademieheidelberg,wingtsunakademieheidelberg.recruitee.com,1,Masterjx9-OpenPostings
winparts,winparts.recruitee.com,1,Masterjx9-OpenPostings
winterhoffedelstahl,winterhoffedelstahl.recruitee.com,1,Masterjx9-OpenPostings
wisemen,wisemen.recruitee.com,1,Masterjx9-OpenPostings
wiseworthcanadaindustries,wiseworthcanadaindustries.recruitee.com,1,Masterjx9-OpenPostings
withu,withu.recruitee.com,1,Masterjx9-OpenPostings
withwise,withwise.recruitee.com,1,Masterjx9-OpenPostings
withzeal,withzeal.recruitee.com,1,Masterjx9-OpenPostings
wizdaa,wizdaa.recruitee.com,2,Masterjx9-OpenPostings;kalil0321-ats-companies
wjgruppe,wjgruppe.recruitee.com,1,Masterjx9-OpenPostings
wmreplyjobs,wmreplyjobs.recruitee.com,1,Masterjx9-OpenPostings
wohlbehagen,wohlbehagen.recruitee.com,2,Masterjx9-OpenPostings;kalil0321-ats-companies
wolfpackit,wolfpackit.recruitee.com,1,Masterjx9-OpenPostings
wolthersbrotkate,wolthersbrotkate.recruitee.com,1,Masterjx9-OpenPostings
wolves,wolves.recruitee.com,1,Masterjx9-OpenPostings
wonderkind,wonderkind.recruitee.com,1,outscal-openjobs
woodstonpersonnel,woodstonpersonnel.recruitee.com,1,Masterjx9-OpenPostings
wooncompas,wooncompas.recruitee.com,1,Masterjx9-OpenPostings
woonpartners,woonpartners.recruitee.com,1,Masterjx9-OpenPostings
woonplusschiedam,woonplusschiedam.recruitee.com,1,Masterjx9-OpenPostings
woonzorgnederland,woonzorgnederland.recruitee.com,1,Masterjx9-OpenPostings
wordbank,wordbank.recruitee.com,2,Masterjx9-OpenPostings;kalil0321-ats-companies
wordbankllc,wordbankllc.recruitee.com,1,Masterjx9-OpenPostings
work4inventum,work4inventum.recruitee.com,1,Masterjx9-OpenPostings
workingthedots,workingthedots.recruitee.com,1,Masterjx9-OpenPostings
worldhotels,worldhotels.recruitee.com,1,Masterjx9-OpenPostings
worldofdelights,worldofdelights.recruitee.com,1,Masterjx9-OpenPostings
wortell,wortell.recruitee.com,1,Masterjx9-OpenPostings
wphaton,wphaton.recruitee.com,1,Masterjx9-OpenPostings
wsdmv,wsdmv.recruitee.com,1,Masterjx9-OpenPostings
wtgroup,wtgroup.recruitee.com,1,Masterjx9-OpenPostings
wuesthof,wuesthof.recruitee.com,1,Masterjx9-OpenPostings
wunderbricks,wunderbricks.recruitee.com,1,Masterjx9-OpenPostings
wundermart,wundermart.recruitee.com,1,Masterjx9-OpenPostings
wurttembergerwohnkonzeptegmbh,wurttembergerwohnkonzeptegmbh.recruitee.com,1,kalil0321-ats-companies
wusthof,wusthof.recruitee.com,2,Masterjx9-OpenPostings;kalil0321-ats-companies
wwd,wwd.recruitee.com,1,Masterjx9-OpenPostings
wwswirtzwalterschmitzgmbh,wwswirtzwalterschmitzgmbh.recruitee.com,2,Masterjx9-OpenPostings;kalil0321-ats-companies
xalholdinggmbh,xalholdinggmbh.recruitee.com,1,Masterjx9-OpenPostings
xalution,xalution.recruitee.com,1,Masterjx9-OpenPostings
xccelerated,xccelerated.recruitee.com,1,kalil0321-ats-companies
xchange,xchange.recruitee.com,1,Masterjx9-OpenPostings
xebiacareers,xebiacareers.recruitee.com,2,Masterjx9-OpenPostings;kalil0321-ats-companies
xebiapoland,xebiapoland.recruitee.com,2,Masterjx9-OpenPostings;kalil0321-ats-companies
xfive,xfive.recruitee.com,1,Masterjx9-OpenPostings
xiaorestaurant,xiaorestaurant.recruitee.com,1,kalil0321-ats-companies
xite,xite.recruitee.com,1,Masterjx9-OpenPostings
xmco,xmco.recruitee.com,1,kalil0321-ats-companies
xneelo,xneelo.recruitee.com,1,Masterjx9-OpenPostings
xogene,xogene.recruitee.com,1,Masterjx9-OpenPostings
xxx,xxx.recruitee.com,1,kalil0321-ats-companies
xylos,xylos.recruitee.com,1,kalil0321-ats-companies
yays,yays.recruitee.com,1,ches-ctrl-cheddar
yearthacademy,yearthacademy.recruitee.com,1,Masterjx9-OpenPostings
yellowcircle,yellowcircle.recruitee.com,1,Masterjx9-OpenPostings
ynd,ynd.recruitee.com,1,Masterjx9-OpenPostings
ynd1,ynd1.recruitee.com,1,Masterjx9-OpenPostings
yolii,yolii.recruitee.com,1,Masterjx9-OpenPostings
yopeso,yopeso.recruitee.com,1,Masterjx9-OpenPostings
youdigital,youdigital.recruitee.com,1,Masterjx9-OpenPostings
youngandlaramore,youngandlaramore.recruitee.com,2,Masterjx9-OpenPostings;kalil0321-ats-companies
youngcolfield,youngcolfield.recruitee.com,1,Masterjx9-OpenPostings
younggroup,younggroup.recruitee.com,1,Masterjx9-OpenPostings
youngones,youngones.recruitee.com,1,Masterjx9-OpenPostings
youngtalents,youngtalents.recruitee.com,1,Masterjx9-OpenPostings
yource,yource.recruitee.com,1,Masterjx9-OpenPostings
youwe,https://youwe.recruitee.com,1,jd-intel-npm
ypto,ypto.recruitee.com,2,Masterjx9-OpenPostings;kalil0321-ats-companies
zackdfilms,zackdfilms.recruitee.com,2,Masterjx9-OpenPostings;kalil0321-ats-companies
zadragruppe,zadragruppe.recruitee.com,1,Masterjx9-OpenPostings
zahnarztpraxisdrgoergner,zahnarztpraxisdrgoergner.recruitee.com,1,Masterjx9-OpenPostings
zapnussloch,zapnussloch.recruitee.com,1,Masterjx9-OpenPostings
zara,zara.recruitee.com,1,Masterjx9-OpenPostings
zarahome,zarahome.recruitee.com,1,Masterjx9-OpenPostings
zdhcfoundation,zdhcfoundation.recruitee.com,2,Masterjx9-OpenPostings;kalil0321-ats-companies
zeelandialtd,zeelandialtd.recruitee.com,1,Masterjx9-OpenPostings
zeitgeist,zeitgeist.recruitee.com,1,Masterjx9-OpenPostings
zelh,zelh.recruitee.com,2,Masterjx9-OpenPostings;kalil0321-ats-companies
zenozorg,zenozorg.recruitee.com,1,Masterjx9-OpenPostings
zensai,zensai.recruitee.com,2,Masterjx9-OpenPostings;kalil0321-ats-companies
zentuvo,zentuvo.recruitee.com,1,Masterjx9-OpenPostings
zeotap,zeotap.recruitee.com,1,kalil0321-ats-companies
zerodoubtclub,zerodoubtclub.recruitee.com,1,Masterjx9-OpenPostings
zerofriction,zerofriction.recruitee.com,1,Masterjx9-OpenPostings
zerofy,zerofy.recruitee.com,2,Masterjx9-OpenPostings;kalil0321-ats-companies
zeromotorcycles,zeromotorcycles.recruitee.com,1,Masterjx9-OpenPostings
zetax,zetax.recruitee.com,1,Masterjx9-OpenPostings
ziaconsulting,ziaconsulting.recruitee.com,1,Masterjx9-OpenPostings
zichtadviseurs,zichtadviseurs.recruitee.com,1,Masterjx9-OpenPostings
zideris,zideris.recruitee.com,1,Masterjx9-OpenPostings
ziflow,ziflow.recruitee.com,2,Masterjx9-OpenPostings;kalil0321-ats-companies
zilverzorg,zilverzorg.recruitee.com,1,Masterjx9-OpenPostings
zinssermuehle,zinssermuehle.recruitee.com,1,Masterjx9-OpenPostings
zintri,zintri.recruitee.com,1,Masterjx9-OpenPostings
zira,zira.recruitee.com,1,Masterjx9-OpenPostings
zonnehuisgroepamstelland,zonnehuisgroepamstelland.recruitee.com,1,Masterjx9-OpenPostings
zorgcentrameerlanden,zorgcentrameerlanden.recruitee.com,1,Masterjx9-OpenPostings
zozijn,zozijn.recruitee.com,1,Masterjx9-OpenPostings
zteam,zteam.recruitee.com,1,Masterjx9-OpenPostings
