slug,url,n_sources,sources
10pearls,careers.smartrecruiters.com/10pearls,1,kalil0321-ats-companies
10times,jobs.smartrecruiters.com/10times,1,outscal-openjobs
1871,careers.smartrecruiters.com/1871,1,kalil0321-ats-companies
1huddle,careers.smartrecruiters.com/1huddle,1,kalil0321-ats-companies
1stopbedrooms,careers.smartrecruiters.com/1stopbedrooms,1,kalil0321-ats-companies
2workonline1,careers.smartrecruiters.com/2workonline1,1,kalil0321-ats-companies
315,careers.smartrecruiters.com/315,1,kalil0321-ats-companies
315logisticsllc,careers.smartrecruiters.com/315logisticsllc,1,kalil0321-ats-companies
360learning,careers.smartrecruiters.com/360learning,1,kalil0321-ats-companies
3hpartners,careers.smartrecruiters.com/3hpartners,1,kalil0321-ats-companies
3pillarglobal,careers.smartrecruiters.com/3pillarglobal,1,kalil0321-ats-companies
3sightservicesltd,careers.smartrecruiters.com/3sightservicesltd,1,kalil0321-ats-companies
47degrees,careers.smartrecruiters.com/47degrees,1,kalil0321-ats-companies
500startups,careers.smartrecruiters.com/500startups,1,kalil0321-ats-companies
90seconds,careers.smartrecruiters.com/90seconds,1,kalil0321-ats-companies
9estrhandymanservices,careers.smartrecruiters.com/9estrhandymanservices,1,kalil0321-ats-companies
a21,careers.smartrecruiters.com/a21,1,kalil0321-ats-companies
a44games,jobs.smartrecruiters.com/a44games,1,outscal-openjobs
aapc,careers.smartrecruiters.com/aapc,1,kalil0321-ats-companies
abbvie,careers.smartrecruiters.com/abbvie,1,kalil0321-ats-companies
abc,careers.smartrecruiters.com/abc,1,kalil0321-ats-companies
abercrombieandfitchco,careers.smartrecruiters.com/abercrombieandfitchco,1,kalil0321-ats-companies
abgames,jobs.smartrecruiters.com/abgames,1,outscal-openjobs
aboutobjects,careers.smartrecruiters.com/aboutobjects,1,kalil0321-ats-companies
aboutyougmbh,careers.smartrecruiters.com/aboutyougmbh,1,kalil0321-ats-companies
abstrabittechnologiespvtltd,careers.smartrecruiters.com/abstrabittechnologiespvtltd,1,kalil0321-ats-companies
abudhabiairports,careers.smartrecruiters.com/abudhabiairports,1,kalil0321-ats-companies
abuserefugeorg,careers.smartrecruiters.com/abuserefugeorg,1,kalil0321-ats-companies
accellearning,careers.smartrecruiters.com/accellearning,1,kalil0321-ats-companies
Accenture,https://jobs.smartrecruiters.com/Accenture,2,kalil0321-ats-companies;nandish02-portfolio
accenturefederalservices,careers.smartrecruiters.com/accenturefederalservices,1,kalil0321-ats-companies
access,careers.smartrecruiters.com/access,1,kalil0321-ats-companies
accionlabs2,careers.smartrecruiters.com/accionlabs2,1,kalil0321-ats-companies
accor,jobs.smartrecruiters.com/accor,1,outscal-openjobs
accord,careers.smartrecruiters.com/accord,1,kalil0321-ats-companies
accoy,careers.smartrecruiters.com/accoy,1,kalil0321-ats-companies
accuratebackground,jobs.smartrecruiters.com/accuratebackground,1,outscal-openjobs
achieve1,careers.smartrecruiters.com/achieve1,1,kalil0321-ats-companies
acigroup,careers.smartrecruiters.com/acigroup,1,kalil0321-ats-companies
acldigital,jobs.smartrecruiters.com/acldigital,1,outscal-openjobs
aclu,careers.smartrecruiters.com/aclu,1,kalil0321-ats-companies
acmefreight,careers.smartrecruiters.com/acmefreight,1,kalil0321-ats-companies
action1,careers.smartrecruiters.com/action1,1,kalil0321-ats-companies
actionagainsthunger,careers.smartrecruiters.com/actionagainsthunger,1,kalil0321-ats-companies
activetheory,careers.smartrecruiters.com/activetheory,1,kalil0321-ats-companies
acumatica,careers.smartrecruiters.com/acumatica,1,kalil0321-ats-companies
acumen,careers.smartrecruiters.com/acumen,1,kalil0321-ats-companies
acumentechnology,careers.smartrecruiters.com/acumentechnology,1,kalil0321-ats-companies
addepto,careers.smartrecruiters.com/addepto,1,kalil0321-ats-companies
adg555,careers.smartrecruiters.com/adg555,1,kalil0321-ats-companies
adglobe,careers.smartrecruiters.com/adglobe,1,kalil0321-ats-companies
adirafinance,careers.smartrecruiters.com/adirafinance,1,kalil0321-ats-companies
adiresourcing,jobs.smartrecruiters.com/adiresourcing,1,outscal-openjobs
adl,careers.smartrecruiters.com/adl,1,kalil0321-ats-companies
adobe1,careers.smartrecruiters.com/adobe1,1,kalil0321-ats-companies
adpushup,jobs.smartrecruiters.com/adpushup,1,outscal-openjobs
advantagesolutions,jobs.smartrecruiters.com/advantagesolutions,1,outscal-openjobs
advantmed,careers.smartrecruiters.com/advantmed,1,kalil0321-ats-companies
advidi,careers.smartrecruiters.com/advidi,1,kalil0321-ats-companies
advotics,careers.smartrecruiters.com/advotics,1,kalil0321-ats-companies
Adyen,https://jobs.smartrecruiters.com/Adyen,2,kalil0321-ats-companies;nandish02-portfolio
aecom2,careers.smartrecruiters.com/aecom2,1,kalil0321-ats-companies
aegis,careers.smartrecruiters.com/aegis,1,kalil0321-ats-companies
aeratechnology,careers.smartrecruiters.com/aeratechnology,1,kalil0321-ats-companies
aerotekcommercialstaffing,careers.smartrecruiters.com/aerotekcommercialstaffing,1,kalil0321-ats-companies
aerovect,careers.smartrecruiters.com/aerovect,1,kalil0321-ats-companies
affinity,careers.smartrecruiters.com/affinity,1,kalil0321-ats-companies
afry,careers.smartrecruiters.com/afry,2,kalil0321-ats-companies;outscal-openjobs
afw,careers.smartrecruiters.com/afw,1,kalil0321-ats-companies
ag1,careers.smartrecruiters.com/ag1,1,kalil0321-ats-companies
agency,careers.smartrecruiters.com/agency,1,kalil0321-ats-companies
agency09,jobs.smartrecruiters.com/agency09,1,outscal-openjobs
aggio,careers.smartrecruiters.com/aggio,1,kalil0321-ats-companies
agiledefense,careers.smartrecruiters.com/agiledefense,1,kalil0321-ats-companies
agileengine,jobs.smartrecruiters.com/agileengine,1,outscal-openjobs
agilelogisticsllc2,careers.smartrecruiters.com/agilelogisticsllc2,1,kalil0321-ats-companies
agora,careers.smartrecruiters.com/agora,1,kalil0321-ats-companies
agtechnologies1,careers.smartrecruiters.com/agtechnologies1,2,jd-intel-npm;kalil0321-ats-companies
ahrcnyc1,careers.smartrecruiters.com/ahrcnyc1,1,kalil0321-ats-companies
aihr,careers.smartrecruiters.com/aihr,1,kalil0321-ats-companies
aikidosecurity,careers.smartrecruiters.com/aikidosecurity,1,kalil0321-ats-companies
airbnb,careers.smartrecruiters.com/airbnb,1,kalil0321-ats-companies
aireko,careers.smartrecruiters.com/aireko,1,kalil0321-ats-companies
airlabinc,careers.smartrecruiters.com/airlabinc,2,kalil0321-ats-companies;outscal-openjobs
airnewzealand,careers.smartrecruiters.com/airnewzealand,1,kalil0321-ats-companies
airtm,careers.smartrecruiters.com/airtm,1,kalil0321-ats-companies
airwallex,careers.smartrecruiters.com/airwallex,1,kalil0321-ats-companies
ajax,careers.smartrecruiters.com/ajax,1,kalil0321-ats-companies
ajbell1,careers.smartrecruiters.com/ajbell1,1,kalil0321-ats-companies
ajnainfotech,careers.smartrecruiters.com/ajnainfotech,1,kalil0321-ats-companies
ajua,careers.smartrecruiters.com/ajua,1,kalil0321-ats-companies
akanewmedia,careers.smartrecruiters.com/akanewmedia,1,kalil0321-ats-companies
akbank,careers.smartrecruiters.com/akbank,1,kalil0321-ats-companies
akesafetyequipment,careers.smartrecruiters.com/akesafetyequipment,1,kalil0321-ats-companies
Akuo,careers.smartrecruiters.com/Akuo,1,ches-ctrl-cheddar
al-goodbody,careers.smartrecruiters.com/al-goodbody,1,kalil0321-ats-companies
alarmcom,careers.smartrecruiters.com/alarmcom,1,kalil0321-ats-companies
albertsonscompanies,careers.smartrecruiters.com/albertsonscompanies,1,kalil0321-ats-companies
alcumus,careers.smartrecruiters.com/alcumus,1,kalil0321-ats-companies
aldistores,careers.smartrecruiters.com/aldistores,1,kalil0321-ats-companies
Alegrium1,careers.smartrecruiters.com/Alegrium1,1,outscal-openjobs
algolia,careers.smartrecruiters.com/algolia,1,kalil0321-ats-companies
algomarketing,careers.smartrecruiters.com/algomarketing,1,kalil0321-ats-companies
alixpartners,careers.smartrecruiters.com/alixpartners,1,kalil0321-ats-companies
allcaretherapies,careers.smartrecruiters.com/allcaretherapies,1,kalil0321-ats-companies
allegiantair,careers.smartrecruiters.com/allegiantair,1,kalil0321-ats-companies
allegisglobalsolutions,careers.smartrecruiters.com/allegisglobalsolutions,1,kalil0321-ats-companies
allenlundcompany,careers.smartrecruiters.com/allenlundcompany,1,kalil0321-ats-companies
alliance,careers.smartrecruiters.com/alliance,1,kalil0321-ats-companies
alliancesolutionsgroup,careers.smartrecruiters.com/alliancesolutionsgroup,1,kalil0321-ats-companies
alliedfeatherdown,careers.smartrecruiters.com/alliedfeatherdown,1,kalil0321-ats-companies
allieduniversal2,careers.smartrecruiters.com/allieduniversal2,1,kalil0321-ats-companies
allium,careers.smartrecruiters.com/allium,1,kalil0321-ats-companies
allnativegroup,careers.smartrecruiters.com/allnativegroup,1,kalil0321-ats-companies
Allstate,https://jobs.smartrecruiters.com/Allstate,1,nandish02-portfolio
almedia,careers.smartrecruiters.com/almedia,1,kalil0321-ats-companies
alooba,careers.smartrecruiters.com/alooba,1,kalil0321-ats-companies
alphabeinsightinc,careers.smartrecruiters.com/alphabeinsightinc,1,kalil0321-ats-companies
alphamedia,jobs.smartrecruiters.com/alphamedia,1,outscal-openjobs
alphasights,careers.smartrecruiters.com/alphasights,1,kalil0321-ats-companies
AlphaTechnologiesUSAInc,careers.smartrecruiters.com/AlphaTechnologiesUSAInc,1,ches-ctrl-cheddar
alpinehomeair,careers.smartrecruiters.com/alpinehomeair,1,kalil0321-ats-companies
alsgroup,careers.smartrecruiters.com/alsgroup,1,kalil0321-ats-companies
alten,careers.smartrecruiters.com/alten,3,jd-intel-npm;kalil0321-ats-companies;outscal-openjobs
altisource,careers.smartrecruiters.com/altisource,1,kalil0321-ats-companies
altitudelogisticsservicesllc,careers.smartrecruiters.com/altitudelogisticsservicesllc,1,kalil0321-ats-companies
altronixcorp,careers.smartrecruiters.com/altronixcorp,1,kalil0321-ats-companies
alumil,careers.smartrecruiters.com/alumil,1,kalil0321-ats-companies
amagi,careers.smartrecruiters.com/amagi,1,kalil0321-ats-companies
amalitech,careers.smartrecruiters.com/amalitech,1,kalil0321-ats-companies
amartha,careers.smartrecruiters.com/amartha,1,kalil0321-ats-companies
amazon,careers.smartrecruiters.com/amazon,1,kalil0321-ats-companies
ambition,careers.smartrecruiters.com/ambition,1,kalil0321-ats-companies
amdocs,careers.smartrecruiters.com/amdocs,1,kalil0321-ats-companies
amdtschoolofcreativity,careers.smartrecruiters.com/amdtschoolofcreativity,1,kalil0321-ats-companies
americanaddictioncenters,careers.smartrecruiters.com/americanaddictioncenters,1,kalil0321-ats-companies
americanbarfoundation,careers.smartrecruiters.com/americanbarfoundation,1,kalil0321-ats-companies
americantitleserviceagency,careers.smartrecruiters.com/americantitleserviceagency,1,kalil0321-ats-companies
americanveterinarygroup,careers.smartrecruiters.com/americanveterinarygroup,1,kalil0321-ats-companies
ampdenergy,careers.smartrecruiters.com/ampdenergy,1,kalil0321-ats-companies
ampleinsightinc,careers.smartrecruiters.com/ampleinsightinc,1,kalil0321-ats-companies
amplify,careers.smartrecruiters.com/amplify,1,kalil0321-ats-companies
amrefhealthafrica4,careers.smartrecruiters.com/amrefhealthafrica4,1,kalil0321-ats-companies
AmvaDev1,careers.smartrecruiters.com/AmvaDev1,1,outscal-openjobs
analysysmason1,careers.smartrecruiters.com/analysysmason1,1,kalil0321-ats-companies
analyticpartners,careers.smartrecruiters.com/analyticpartners,1,kalil0321-ats-companies
anaplan,careers.smartrecruiters.com/anaplan,1,kalil0321-ats-companies
anastasiabeverlyhills,careers.smartrecruiters.com/anastasiabeverlyhills,1,kalil0321-ats-companies
anavationllc,careers.smartrecruiters.com/anavationllc,1,kalil0321-ats-companies
andersencorp,careers.smartrecruiters.com/andersencorp,1,kalil0321-ats-companies
anexinet1,careers.smartrecruiters.com/anexinet1,1,kalil0321-ats-companies
angellist,careers.smartrecruiters.com/angellist,1,kalil0321-ats-companies
angloamericandebeersgroup,careers.smartrecruiters.com/angloamericandebeersgroup,1,kalil0321-ats-companies
anjariumbiosciences,careers.smartrecruiters.com/anjariumbiosciences,1,kalil0321-ats-companies
annikinc,careers.smartrecruiters.com/annikinc,1,kalil0321-ats-companies
antenna,careers.smartrecruiters.com/antenna,1,kalil0321-ats-companies
anton,careers.smartrecruiters.com/anton,1,kalil0321-ats-companies
anything,careers.smartrecruiters.com/anything,1,kalil0321-ats-companies
Aon,https://jobs.smartrecruiters.com/Aon,1,nandish02-portfolio
aoslogisticsllc,careers.smartrecruiters.com/aoslogisticsllc,1,kalil0321-ats-companies
apexcareerservices,careers.smartrecruiters.com/apexcareerservices,1,kalil0321-ats-companies
apexinformatics,careers.smartrecruiters.com/apexinformatics,1,kalil0321-ats-companies
apogempersonnelltd,careers.smartrecruiters.com/apogempersonnelltd,1,kalil0321-ats-companies
apollotyres,careers.smartrecruiters.com/apollotyres,1,kalil0321-ats-companies
appen,careers.smartrecruiters.com/appen,1,kalil0321-ats-companies
appen2,careers.smartrecruiters.com/appen2,1,kalil0321-ats-companies
appian,careers.smartrecruiters.com/appian,1,kalil0321-ats-companies
appier,careers.smartrecruiters.com/appier,1,kalil0321-ats-companies
applaudostudios,careers.smartrecruiters.com/applaudostudios,1,kalil0321-ats-companies
applepiecapital,careers.smartrecruiters.com/applepiecapital,1,kalil0321-ats-companies
applicantz,jobs.smartrecruiters.com/applicantz,1,outscal-openjobs
applusidiada1,careers.smartrecruiters.com/applusidiada1,1,kalil0321-ats-companies
appviewx,careers.smartrecruiters.com/appviewx,1,kalil0321-ats-companies
apresnail,careers.smartrecruiters.com/apresnail,1,kalil0321-ats-companies
aptresources,careers.smartrecruiters.com/aptresources,1,kalil0321-ats-companies
arc,careers.smartrecruiters.com/arc,1,kalil0321-ats-companies
arcadis,careers.smartrecruiters.com/arcadis,1,kalil0321-ats-companies
arcelormittal,careers.smartrecruiters.com/arcelormittal,1,kalil0321-ats-companies
archirodongroup,careers.smartrecruiters.com/archirodongroup,1,kalil0321-ats-companies
argent,careers.smartrecruiters.com/argent,1,kalil0321-ats-companies
arhs,careers.smartrecruiters.com/arhs,2,kalil0321-ats-companies;outscal-openjobs
aristamd,careers.smartrecruiters.com/aristamd,1,kalil0321-ats-companies
aristanetworks,careers.smartrecruiters.com/aristanetworks,3,jd-intel-npm;kalil0321-ats-companies;outscal-openjobs
aristinauab,careers.smartrecruiters.com/aristinauab,1,kalil0321-ats-companies
Arkavis,careers.smartrecruiters.com/Arkavis,1,outscal-openjobs
armis,careers.smartrecruiters.com/armis,1,kalil0321-ats-companies
array,careers.smartrecruiters.com/array,1,kalil0321-ats-companies
Arrible,careers.smartrecruiters.com/Arrible,1,outscal-openjobs
artemis,careers.smartrecruiters.com/artemis,1,kalil0321-ats-companies
arthrex,jobs.smartrecruiters.com/arthrex,1,outscal-openjobs
artsalliancemedia,careers.smartrecruiters.com/artsalliancemedia,1,kalil0321-ats-companies
asahi1,careers.smartrecruiters.com/asahi1,1,kalil0321-ats-companies
Asana1,https://jobs.smartrecruiters.com/Asana1,1,nandish02-portfolio
ascent,careers.smartrecruiters.com/ascent,1,kalil0321-ats-companies
ashoka,careers.smartrecruiters.com/ashoka,1,kalil0321-ats-companies
asi,careers.smartrecruiters.com/asi,1,kalil0321-ats-companies
askable,careers.smartrecruiters.com/askable,1,kalil0321-ats-companies
aslconsulting,careers.smartrecruiters.com/aslconsulting,1,kalil0321-ats-companies
asm,careers.smartrecruiters.com/asm,1,kalil0321-ats-companies
asos,careers.smartrecruiters.com/asos,1,kalil0321-ats-companies
assent,careers.smartrecruiters.com/assent,1,kalil0321-ats-companies
assistsoftware,jobs.smartrecruiters.com/assistsoftware,1,outscal-openjobs
assystem,careers.smartrecruiters.com/assystem,2,kalil0321-ats-companies;outscal-openjobs
astellas,careers.smartrecruiters.com/astellas,1,kalil0321-ats-companies
asterdmhealthcare,careers.smartrecruiters.com/asterdmhealthcare,1,kalil0321-ats-companies
asuresoftware,careers.smartrecruiters.com/asuresoftware,1,kalil0321-ats-companies
ateam,careers.smartrecruiters.com/ateam,1,kalil0321-ats-companies
athos,careers.smartrecruiters.com/athos,1,kalil0321-ats-companies
atialtd,careers.smartrecruiters.com/atialtd,1,kalil0321-ats-companies
atibusinessgroup,careers.smartrecruiters.com/atibusinessgroup,1,kalil0321-ats-companies
atidantechnologies,jobs.smartrecruiters.com/atidantechnologies,1,outscal-openjobs
atiinc,careers.smartrecruiters.com/atiinc,1,kalil0321-ats-companies
atlanticmedia,careers.smartrecruiters.com/atlanticmedia,1,kalil0321-ats-companies
atlas,careers.smartrecruiters.com/atlas,1,kalil0321-ats-companies
Atlassian,https://jobs.smartrecruiters.com/Atlassian,1,nandish02-portfolio
Atlassian1,https://jobs.smartrecruiters.com/Atlassian1,1,nandish02-portfolio
atpco1,careers.smartrecruiters.com/atpco1,1,kalil0321-ats-companies
audaciasolutions,careers.smartrecruiters.com/audaciasolutions,1,kalil0321-ats-companies
augsburguniversity-minneapolismn,careers.smartrecruiters.com/augsburguniversity-minneapolismn,1,kalil0321-ats-companies
aumlogistiksllc,careers.smartrecruiters.com/aumlogistiksllc,1,kalil0321-ats-companies
aumovio,careers.smartrecruiters.com/aumovio,1,kalil0321-ats-companies
auroradairies,careers.smartrecruiters.com/auroradairies,1,kalil0321-ats-companies
australianhealthcareassociates,careers.smartrecruiters.com/australianhealthcareassociates,1,kalil0321-ats-companies
authenticbrandsgroup,careers.smartrecruiters.com/authenticbrandsgroup,1,kalil0321-ats-companies
auto1,careers.smartrecruiters.com/auto1,1,kalil0321-ats-companies
automox,careers.smartrecruiters.com/automox,1,kalil0321-ats-companies
ava1,careers.smartrecruiters.com/ava1,1,kalil0321-ats-companies
avacendinc,jobs.smartrecruiters.com/avacendinc,1,outscal-openjobs
avaenergy,careers.smartrecruiters.com/avaenergy,1,kalil0321-ats-companies
avaloq1,careers.smartrecruiters.com/avaloq1,1,kalil0321-ats-companies
avance,careers.smartrecruiters.com/avance,1,kalil0321-ats-companies
avanquest,careers.smartrecruiters.com/avanquest,1,kalil0321-ats-companies
avero,careers.smartrecruiters.com/avero,1,kalil0321-ats-companies
averydennison,careers.smartrecruiters.com/averydennison,2,jd-intel-npm;kalil0321-ats-companies
aviladental,careers.smartrecruiters.com/aviladental,1,kalil0321-ats-companies
avioconsulting,careers.smartrecruiters.com/avioconsulting,1,kalil0321-ats-companies
aviture,careers.smartrecruiters.com/aviture,1,kalil0321-ats-companies
avomind,careers.smartrecruiters.com/avomind,1,kalil0321-ats-companies
AxelSpringerNewsMediaNational,careers.smartrecruiters.com/AxelSpringerNewsMediaNational,1,outscal-openjobs
axiado,careers.smartrecruiters.com/axiado,1,kalil0321-ats-companies
axicom,careers.smartrecruiters.com/axicom,1,kalil0321-ats-companies
axiom,careers.smartrecruiters.com/axiom,1,kalil0321-ats-companies
axway,careers.smartrecruiters.com/axway,1,kalil0321-ats-companies
babblecloud,careers.smartrecruiters.com/babblecloud,1,kalil0321-ats-companies
babilgames,jobs.smartrecruiters.com/babilgames,1,outscal-openjobs
babylist,careers.smartrecruiters.com/babylist,1,kalil0321-ats-companies
bairdassociates,careers.smartrecruiters.com/bairdassociates,1,kalil0321-ats-companies
bamko,careers.smartrecruiters.com/bamko,1,kalil0321-ats-companies
bananajobs,careers.smartrecruiters.com/bananajobs,1,kalil0321-ats-companies
bankabc,careers.smartrecruiters.com/bankabc,1,kalil0321-ats-companies
bankofchinaluxembourg,careers.smartrecruiters.com/bankofchinaluxembourg,1,kalil0321-ats-companies
barbaricum,careers.smartrecruiters.com/barbaricum,1,kalil0321-ats-companies
barkley,careers.smartrecruiters.com/barkley,1,kalil0321-ats-companies
barnes,careers.smartrecruiters.com/barnes,1,kalil0321-ats-companies
barrickgoldcorporation,careers.smartrecruiters.com/barrickgoldcorporation,1,kalil0321-ats-companies
basetwo,careers.smartrecruiters.com/basetwo,1,kalil0321-ats-companies
bathplanet,careers.smartrecruiters.com/bathplanet,1,kalil0321-ats-companies
baton,careers.smartrecruiters.com/baton,1,kalil0321-ats-companies
BaxEnergy,careers.smartrecruiters.com/BaxEnergy,1,outscal-openjobs
bazaarvoice,careers.smartrecruiters.com/bazaarvoice,1,kalil0321-ats-companies
bba,careers.smartrecruiters.com/bba,1,kalil0321-ats-companies
bcforward,jobs.smartrecruiters.com/bcforward,1,outscal-openjobs
bcforward3,careers.smartrecruiters.com/bcforward3,1,kalil0321-ats-companies
bcs,careers.smartrecruiters.com/bcs,1,kalil0321-ats-companies
bctechpro,careers.smartrecruiters.com/bctechpro,1,kalil0321-ats-companies
beatport,careers.smartrecruiters.com/beatport,1,kalil0321-ats-companies
bectondickinson2,careers.smartrecruiters.com/bectondickinson2,1,kalil0321-ats-companies
bedegaming,careers.smartrecruiters.com/bedegaming,1,kalil0321-ats-companies
behavioralhealthworks,careers.smartrecruiters.com/behavioralhealthworks,1,kalil0321-ats-companies
believe,jobs.smartrecruiters.com/believe,1,outscal-openjobs
berrystreet,careers.smartrecruiters.com/berrystreet,1,kalil0321-ats-companies
besix,careers.smartrecruiters.com/besix,1,kalil0321-ats-companies
bestbuy2,careers.smartrecruiters.com/bestbuy2,1,kalil0321-ats-companies
bestech,careers.smartrecruiters.com/bestech,1,kalil0321-ats-companies
bet3651,careers.smartrecruiters.com/bet3651,1,kalil0321-ats-companies
BetaCraftTechnologies,careers.smartrecruiters.com/BetaCraftTechnologies,1,outscal-openjobs
betsol,careers.smartrecruiters.com/betsol,1,kalil0321-ats-companies
better,careers.smartrecruiters.com/better,1,kalil0321-ats-companies
betterhelp,careers.smartrecruiters.com/betterhelp,1,kalil0321-ats-companies
beyondbankaustralia,careers.smartrecruiters.com/beyondbankaustralia,1,kalil0321-ats-companies
beyondinc,jobs.smartrecruiters.com/beyondinc,1,outscal-openjobs
beyondsoft,careers.smartrecruiters.com/beyondsoft,1,kalil0321-ats-companies
beyondtrust,careers.smartrecruiters.com/beyondtrust,1,kalil0321-ats-companies
bhft,careers.smartrecruiters.com/bhft,1,kalil0321-ats-companies
bigblue,careers.smartrecruiters.com/bigblue,1,kalil0321-ats-companies
bigtincan,careers.smartrecruiters.com/bigtincan,1,kalil0321-ats-companies
Billetto,jobs.smartrecruiters.com/Billetto,1,ches-ctrl-cheddar
bilue,careers.smartrecruiters.com/bilue,1,kalil0321-ats-companies
binance,careers.smartrecruiters.com/binance,1,kalil0321-ats-companies
biogen,careers.smartrecruiters.com/biogen,1,kalil0321-ats-companies
biorad,careers.smartrecruiters.com/biorad,1,kalil0321-ats-companies
bit,careers.smartrecruiters.com/bit,1,kalil0321-ats-companies
bitbean,careers.smartrecruiters.com/bitbean,1,kalil0321-ats-companies
bitdefender,careers.smartrecruiters.com/bitdefender,1,kalil0321-ats-companies
Bitlane,careers.smartrecruiters.com/Bitlane,1,outscal-openjobs
bitovi,careers.smartrecruiters.com/bitovi,1,kalil0321-ats-companies
bizlibrary,careers.smartrecruiters.com/bizlibrary,1,kalil0321-ats-companies
blackapplesolutionsltd1,careers.smartrecruiters.com/blackapplesolutionsltd1,1,kalil0321-ats-companies
blackhawknetwork,careers.smartrecruiters.com/blackhawknetwork,1,kalil0321-ats-companies
blackkitestudios,jobs.smartrecruiters.com/blackkitestudios,1,outscal-openjobs
bland,careers.smartrecruiters.com/bland,1,kalil0321-ats-companies
blast,careers.smartrecruiters.com/blast,1,kalil0321-ats-companies
blend360,careers.smartrecruiters.com/blend360,2,kalil0321-ats-companies;outscal-openjobs
Block,https://jobs.smartrecruiters.com/Block,1,nandish02-portfolio
Blockville,careers.smartrecruiters.com/Blockville,1,outscal-openjobs
blocresources,jobs.smartrecruiters.com/blocresources,1,outscal-openjobs
bloom,careers.smartrecruiters.com/bloom,1,kalil0321-ats-companies
bloomberg,careers.smartrecruiters.com/bloomberg,1,kalil0321-ats-companies
bloomreach,careers.smartrecruiters.com/bloomreach,1,kalil0321-ats-companies
blue,careers.smartrecruiters.com/blue,1,kalil0321-ats-companies
blueally,careers.smartrecruiters.com/blueally,1,kalil0321-ats-companies
bluecardinalinc,careers.smartrecruiters.com/bluecardinalinc,1,kalil0321-ats-companies
bluecatnetworks,careers.smartrecruiters.com/bluecatnetworks,1,kalil0321-ats-companies
blueislestudios,jobs.smartrecruiters.com/blueislestudios,1,outscal-openjobs
blueoptima,careers.smartrecruiters.com/blueoptima,1,kalil0321-ats-companies
bluescope,careers.smartrecruiters.com/bluescope,1,kalil0321-ats-companies
blueskyinnovators,careers.smartrecruiters.com/blueskyinnovators,1,kalil0321-ats-companies
BlueWireSoftware,careers.smartrecruiters.com/BlueWireSoftware,1,outscal-openjobs
bommaritoperformancesystems,careers.smartrecruiters.com/bommaritoperformancesystems,1,kalil0321-ats-companies
bonialinternationalgmbh,careers.smartrecruiters.com/bonialinternationalgmbh,1,kalil0321-ats-companies
bookerdimaio,careers.smartrecruiters.com/bookerdimaio,2,kalil0321-ats-companies;outscal-openjobs
Booking,https://jobs.smartrecruiters.com/Booking,1,nandish02-portfolio
BookingCom,https://jobs.smartrecruiters.com/BookingCom,1,nandish02-portfolio
bookmyshow,careers.smartrecruiters.com/bookmyshow,1,kalil0321-ats-companies
bootloaderstudio,jobs.smartrecruiters.com/bootloaderstudio,1,outscal-openjobs
Bosch,https://jobs.smartrecruiters.com/Bosch,1,nandish02-portfolio
bosch-homecomfort,careers.smartrecruiters.com/bosch-homecomfort,1,kalil0321-ats-companies
boschgroup,jobs.smartrecruiters.com/boschgroup,2,jd-intel-npm;outscal-openjobs
boskalis,careers.smartrecruiters.com/boskalis,1,kalil0321-ats-companies
bottomlinetechnologies,careers.smartrecruiters.com/bottomlinetechnologies,1,kalil0321-ats-companies
boundless,careers.smartrecruiters.com/boundless,1,kalil0321-ats-companies
bp3,careers.smartrecruiters.com/bp3,1,kalil0321-ats-companies
brabners,careers.smartrecruiters.com/brabners,1,kalil0321-ats-companies
BRAINHUNTER,careers.smartrecruiters.com/BRAINHUNTER,1,outscal-openjobs
brainlab,careers.smartrecruiters.com/brainlab,1,kalil0321-ats-companies
brainly,careers.smartrecruiters.com/brainly,1,kalil0321-ats-companies
brainpop,careers.smartrecruiters.com/brainpop,1,kalil0321-ats-companies
braintrust,careers.smartrecruiters.com/braintrust,1,kalil0321-ats-companies
brainwonders,careers.smartrecruiters.com/brainwonders,1,kalil0321-ats-companies
brakesplus,careers.smartrecruiters.com/brakesplus,1,kalil0321-ats-companies
brandbastion,careers.smartrecruiters.com/brandbastion,1,kalil0321-ats-companies
bravo,careers.smartrecruiters.com/bravo,1,kalil0321-ats-companies
bridgeable,careers.smartrecruiters.com/bridgeable,1,kalil0321-ats-companies
bridgeu1,careers.smartrecruiters.com/bridgeu1,1,kalil0321-ats-companies
bridgit,careers.smartrecruiters.com/bridgit,1,kalil0321-ats-companies
brightline,careers.smartrecruiters.com/brightline,1,kalil0321-ats-companies
brightmetro,careers.smartrecruiters.com/brightmetro,1,kalil0321-ats-companies
brightonjones,careers.smartrecruiters.com/brightonjones,1,kalil0321-ats-companies
brightspeed,careers.smartrecruiters.com/brightspeed,2,ches-ctrl-cheddar;kalil0321-ats-companies
brij,careers.smartrecruiters.com/brij,1,kalil0321-ats-companies
brilliantearth,careers.smartrecruiters.com/brilliantearth,1,kalil0321-ats-companies
brillio2,careers.smartrecruiters.com/brillio2,1,kalil0321-ats-companies
bringleexcellence,careers.smartrecruiters.com/bringleexcellence,1,kalil0321-ats-companies
brinqa,careers.smartrecruiters.com/brinqa,1,kalil0321-ats-companies
bristlecone,careers.smartrecruiters.com/bristlecone,1,kalil0321-ats-companies
bristollabs,careers.smartrecruiters.com/bristollabs,1,kalil0321-ats-companies
broadpointfederalinc,careers.smartrecruiters.com/broadpointfederalinc,1,kalil0321-ats-companies
broadsign,careers.smartrecruiters.com/broadsign,1,kalil0321-ats-companies
brooklinen,careers.smartrecruiters.com/brooklinen,1,kalil0321-ats-companies
brunel,careers.smartrecruiters.com/brunel,1,kalil0321-ats-companies
brycetech,careers.smartrecruiters.com/brycetech,1,kalil0321-ats-companies
bsc,careers.smartrecruiters.com/bsc,1,kalil0321-ats-companies
btranz,careers.smartrecruiters.com/btranz,1,kalil0321-ats-companies
buchinternationalhospital,careers.smartrecruiters.com/buchinternationalhospital,1,kalil0321-ats-companies
bucketlist,careers.smartrecruiters.com/bucketlist,1,kalil0321-ats-companies
buckeyebroadband,jobs.smartrecruiters.com/buckeyebroadband,1,outscal-openjobs
buildit,careers.smartrecruiters.com/buildit,1,kalil0321-ats-companies
BuildstaffInc,careers.smartrecruiters.com/BuildstaffInc,1,outscal-openjobs
bullseyestrategy,careers.smartrecruiters.com/bullseyestrategy,1,kalil0321-ats-companies
burnettsearch,careers.smartrecruiters.com/burnettsearch,1,kalil0321-ats-companies
burnmanufacturing,careers.smartrecruiters.com/burnmanufacturing,1,kalil0321-ats-companies
BurwoodGroupInc,careers.smartrecruiters.com/BurwoodGroupInc,1,ches-ctrl-cheddar
businesswire,careers.smartrecruiters.com/businesswire,2,jd-intel-npm;kalil0321-ats-companies
buspatrol,careers.smartrecruiters.com/buspatrol,1,kalil0321-ats-companies
buzzfeed,careers.smartrecruiters.com/buzzfeed,1,kalil0321-ats-companies
bytedance,jobs.smartrecruiters.com/bytedance,1,outscal-openjobs
c1,careers.smartrecruiters.com/c1,1,kalil0321-ats-companies
cache,careers.smartrecruiters.com/cache,1,kalil0321-ats-companies
caci,jobs.smartrecruiters.com/caci,1,outscal-openjobs
calcium,careers.smartrecruiters.com/calcium,1,kalil0321-ats-companies
calendly,careers.smartrecruiters.com/calendly,1,kalil0321-ats-companies
californiaiso,careers.smartrecruiters.com/californiaiso,1,kalil0321-ats-companies
callminer,careers.smartrecruiters.com/callminer,1,kalil0321-ats-companies
callsign,careers.smartrecruiters.com/callsign,1,kalil0321-ats-companies
calvarychurch,careers.smartrecruiters.com/calvarychurch,1,kalil0321-ats-companies
cancersupportcommunity,careers.smartrecruiters.com/cancersupportcommunity,1,kalil0321-ats-companies
candidly,careers.smartrecruiters.com/candidly,1,kalil0321-ats-companies
canonical,careers.smartrecruiters.com/canonical,1,kalil0321-ats-companies
canva,careers.smartrecruiters.com/canva,4,ches-ctrl-cheddar;kalil0321-ats-companies;kayden-vs-ats-finder;outscal-openjobs
capitalshipping,careers.smartrecruiters.com/capitalshipping,1,kalil0321-ats-companies
captechconsulting,careers.smartrecruiters.com/captechconsulting,1,kalil0321-ats-companies
caravelo,careers.smartrecruiters.com/caravelo,1,kalil0321-ats-companies
carbonhealth,careers.smartrecruiters.com/carbonhealth,1,kalil0321-ats-companies
caredxinc,careers.smartrecruiters.com/caredxinc,1,kalil0321-ats-companies
careerteam,careers.smartrecruiters.com/careerteam,1,kalil0321-ats-companies
careforthehomeless,careers.smartrecruiters.com/careforthehomeless,1,kalil0321-ats-companies
cargurus,careers.smartrecruiters.com/cargurus,1,kalil0321-ats-companies
carilionclinic,careers.smartrecruiters.com/carilionclinic,1,kalil0321-ats-companies
carousellgroup,careers.smartrecruiters.com/carousellgroup,1,kalil0321-ats-companies
Carrier,https://jobs.smartrecruiters.com/Carrier,1,nandish02-portfolio
cars24,careers.smartrecruiters.com/cars24,2,kalil0321-ats-companies;kayden-vs-ats-finder
cartrawler,careers.smartrecruiters.com/cartrawler,1,kalil0321-ats-companies
cas,careers.smartrecruiters.com/cas,1,kalil0321-ats-companies
castelluccihospitalitygroup,careers.smartrecruiters.com/castelluccihospitalitygroup,1,kalil0321-ats-companies
castlegroup,careers.smartrecruiters.com/castlegroup,1,kalil0321-ats-companies
catasyshealth,careers.smartrecruiters.com/catasyshealth,1,kalil0321-ats-companies
catchafire,careers.smartrecruiters.com/catchafire,1,kalil0321-ats-companies
catercow,careers.smartrecruiters.com/catercow,1,kalil0321-ats-companies
caterpillarinc,jobs.smartrecruiters.com/caterpillarinc,1,outscal-openjobs
CatholicCharitiesOfTheArchdioceseOfGalveston-Houston,careers.smartrecruiters.com/CatholicCharitiesOfTheArchdioceseOfGalveston-Houston,1,andreasasprou-ats-finder
cdac,careers.smartrecruiters.com/cdac,1,kalil0321-ats-companies
cdprojektred,careers.smartrecruiters.com/cdprojektred,2,kalil0321-ats-companies;outscal-openjobs
ceg,careers.smartrecruiters.com/ceg,1,kalil0321-ats-companies
centmlogisticsllc,careers.smartrecruiters.com/centmlogisticsllc,1,kalil0321-ats-companies
centra,careers.smartrecruiters.com/centra,1,kalil0321-ats-companies
centretechnologies,careers.smartrecruiters.com/centretechnologies,1,kalil0321-ats-companies
centro,careers.smartrecruiters.com/centro,1,kalil0321-ats-companies
centuria,careers.smartrecruiters.com/centuria,1,kalil0321-ats-companies
centuriacorporation,careers.smartrecruiters.com/centuriacorporation,1,kalil0321-ats-companies
cermaticom,careers.smartrecruiters.com/cermaticom,1,kalil0321-ats-companies
certn,careers.smartrecruiters.com/certn,1,kalil0321-ats-companies
cesar,careers.smartrecruiters.com/cesar,1,kalil0321-ats-companies
cfmontreal,careers.smartrecruiters.com/cfmontreal,1,kalil0321-ats-companies
cfr,careers.smartrecruiters.com/cfr,1,kalil0321-ats-companies
cglife,careers.smartrecruiters.com/cglife,1,kalil0321-ats-companies
chadjoneslaw,careers.smartrecruiters.com/chadjoneslaw,1,kalil0321-ats-companies
channelfactory,careers.smartrecruiters.com/channelfactory,1,kalil0321-ats-companies
channelpartners,careers.smartrecruiters.com/channelpartners,1,kalil0321-ats-companies
chapter2,careers.smartrecruiters.com/chapter2,1,kalil0321-ats-companies
chathamfinancial,careers.smartrecruiters.com/chathamfinancial,1,kalil0321-ats-companies
chathamhouse,careers.smartrecruiters.com/chathamhouse,1,kalil0321-ats-companies
chiefoutsiders,careers.smartrecruiters.com/chiefoutsiders,1,kalil0321-ats-companies
chilipiper,careers.smartrecruiters.com/chilipiper,1,kalil0321-ats-companies
chimeratechnologies,jobs.smartrecruiters.com/chimeratechnologies,1,outscal-openjobs
choice,careers.smartrecruiters.com/choice,1,kalil0321-ats-companies
chownow,careers.smartrecruiters.com/chownow,1,kalil0321-ats-companies
cic,careers.smartrecruiters.com/cic,1,kalil0321-ats-companies
cielo2,careers.smartrecruiters.com/cielo2,1,kalil0321-ats-companies
cieloprojects,careers.smartrecruiters.com/cieloprojects,1,kalil0321-ats-companies
cigames,careers.smartrecruiters.com/cigames,1,kalil0321-ats-companies
cima2,careers.smartrecruiters.com/cima2,1,kalil0321-ats-companies
cimgroup,careers.smartrecruiters.com/cimgroup,1,kalil0321-ats-companies
cint,careers.smartrecruiters.com/cint,1,kalil0321-ats-companies
circlelinkhealth,careers.smartrecruiters.com/circlelinkhealth,1,kalil0321-ats-companies
cirrusassetmanagement,careers.smartrecruiters.com/cirrusassetmanagement,1,kalil0321-ats-companies
cisabroad,careers.smartrecruiters.com/cisabroad,1,kalil0321-ats-companies
Cisco1,https://jobs.smartrecruiters.com/Cisco1,1,nandish02-portfolio
cision,careers.smartrecruiters.com/cision,1,kalil0321-ats-companies
citi,careers.smartrecruiters.com/citi,1,kalil0321-ats-companies
citiustech,careers.smartrecruiters.com/citiustech,1,kalil0321-ats-companies
citizens,careers.smartrecruiters.com/citizens,1,kalil0321-ats-companies
citrusgloballtd,careers.smartrecruiters.com/citrusgloballtd,1,kalil0321-ats-companies
cityandcountyofsanfrancisco1,careers.smartrecruiters.com/cityandcountyofsanfrancisco1,2,jd-intel-npm;kalil0321-ats-companies
cityofalabaster,careers.smartrecruiters.com/cityofalabaster,1,kalil0321-ats-companies
cityofamericus,careers.smartrecruiters.com/cityofamericus,1,kalil0321-ats-companies
cityofcampbellriver,careers.smartrecruiters.com/cityofcampbellriver,1,kalil0321-ats-companies
cityofphiladelphia,careers.smartrecruiters.com/cityofphiladelphia,2,kalil0321-ats-companies;outscal-openjobs
cityofstirling,careers.smartrecruiters.com/cityofstirling,1,kalil0321-ats-companies
citystateentertainmentllc,careers.smartrecruiters.com/citystateentertainmentllc,1,outscal-openjobs
claraanalytics,careers.smartrecruiters.com/claraanalytics,1,kalil0321-ats-companies
classpass,careers.smartrecruiters.com/classpass,1,kalil0321-ats-companies
classyllama,careers.smartrecruiters.com/classyllama,1,kalil0321-ats-companies
cleanchoiceenergy,careers.smartrecruiters.com/cleanchoiceenergy,1,kalil0321-ats-companies
cleantechgroup,careers.smartrecruiters.com/cleantechgroup,1,kalil0321-ats-companies
clearjunction,careers.smartrecruiters.com/clearjunction,1,kalil0321-ats-companies
ClearPointRecruitment,careers.smartrecruiters.com/ClearPointRecruitment,1,outscal-openjobs
clearsource,careers.smartrecruiters.com/clearsource,1,kalil0321-ats-companies
clearstar,careers.smartrecruiters.com/clearstar,1,kalil0321-ats-companies
clearview1,careers.smartrecruiters.com/clearview1,1,kalil0321-ats-companies
clerky,careers.smartrecruiters.com/clerky,1,kalil0321-ats-companies
clientengagementacademy,careers.smartrecruiters.com/clientengagementacademy,1,kalil0321-ats-companies
climatemakersinc,careers.smartrecruiters.com/climatemakersinc,1,kalil0321-ats-companies
climatiq,careers.smartrecruiters.com/climatiq,1,kalil0321-ats-companies
clinicaromero,careers.smartrecruiters.com/clinicaromero,1,kalil0321-ats-companies
closetamerica,careers.smartrecruiters.com/closetamerica,1,kalil0321-ats-companies
cloudfactory,careers.smartrecruiters.com/cloudfactory,1,kalil0321-ats-companies
cloudflare,careers.smartrecruiters.com/cloudflare,1,kalil0321-ats-companies
cloudmoyo,careers.smartrecruiters.com/cloudmoyo,1,kalil0321-ats-companies
cloudnexacom,careers.smartrecruiters.com/cloudnexacom,1,kalil0321-ats-companies
clubmonaco,careers.smartrecruiters.com/clubmonaco,1,kalil0321-ats-companies
coalfire,careers.smartrecruiters.com/coalfire,1,kalil0321-ats-companies
coast,careers.smartrecruiters.com/coast,1,kalil0321-ats-companies
codebusters,careers.smartrecruiters.com/codebusters,1,kalil0321-ats-companies
coderio,careers.smartrecruiters.com/coderio,1,kalil0321-ats-companies
codersdatallc,careers.smartrecruiters.com/codersdatallc,1,kalil0321-ats-companies
coenterprisellc,careers.smartrecruiters.com/coenterprisellc,1,kalil0321-ats-companies
coface,careers.smartrecruiters.com/coface,1,kalil0321-ats-companies
coffmanengineersinc,careers.smartrecruiters.com/coffmanengineersinc,1,kalil0321-ats-companies
cogentdatasolutionsllc,careers.smartrecruiters.com/cogentdatasolutionsllc,1,kalil0321-ats-companies
coheretechnology,careers.smartrecruiters.com/coheretechnology,1,kalil0321-ats-companies
coinjar,careers.smartrecruiters.com/coinjar,1,kalil0321-ats-companies
colafeminalogisticsllc,careers.smartrecruiters.com/colafeminalogisticsllc,1,kalil0321-ats-companies
collabera2,careers.smartrecruiters.com/collabera2,1,kalil0321-ats-companies
comcastcareercenter,careers.smartrecruiters.com/comcastcareercenter,1,kalil0321-ats-companies
comcastcorporation,jobs.smartrecruiters.com/comcastcorporation,1,outscal-openjobs
command,careers.smartrecruiters.com/command,1,kalil0321-ats-companies
communicatehealthinc,careers.smartrecruiters.com/communicatehealthinc,1,kalil0321-ats-companies
communitysolutions,careers.smartrecruiters.com/communitysolutions,1,kalil0321-ats-companies
comoto,careers.smartrecruiters.com/comoto,1,kalil0321-ats-companies
company3,careers.smartrecruiters.com/company3,1,kalil0321-ats-companies
CompanyName,careers.smartrecruiters.com/CompanyName,1,andreasasprou-ats-finder
compassx,careers.smartrecruiters.com/compassx,1,kalil0321-ats-companies
complete,careers.smartrecruiters.com/complete,1,kalil0321-ats-companies
compliancygroupllc,careers.smartrecruiters.com/compliancygroupllc,1,kalil0321-ats-companies
composely,careers.smartrecruiters.com/composely,1,kalil0321-ats-companies
concorde,careers.smartrecruiters.com/concorde,1,kalil0321-ats-companies
concourse,careers.smartrecruiters.com/concourse,1,kalil0321-ats-companies
confidential25,careers.smartrecruiters.com/confidential25,1,kalil0321-ats-companies
consensys,careers.smartrecruiters.com/consensys,1,kalil0321-ats-companies
constantcontact,careers.smartrecruiters.com/constantcontact,1,kalil0321-ats-companies
consumerreports,careers.smartrecruiters.com/consumerreports,1,kalil0321-ats-companies
contactually,careers.smartrecruiters.com/contactually,1,kalil0321-ats-companies
contec1,careers.smartrecruiters.com/contec1,1,kalil0321-ats-companies
contechsconsultinglimited,careers.smartrecruiters.com/contechsconsultinglimited,1,kalil0321-ats-companies
continental,careers.smartrecruiters.com/continental,2,kalil0321-ats-companies;outscal-openjobs
convene,careers.smartrecruiters.com/convene,1,kalil0321-ats-companies
convey,careers.smartrecruiters.com/convey,1,kalil0321-ats-companies
conxtech,careers.smartrecruiters.com/conxtech,1,kalil0321-ats-companies
cookspestcontrolinc1,careers.smartrecruiters.com/cookspestcontrolinc1,1,kalil0321-ats-companies
cooperautogroup,careers.smartrecruiters.com/cooperautogroup,1,kalil0321-ats-companies
corebts,careers.smartrecruiters.com/corebts,1,kalil0321-ats-companies
corneralliance,careers.smartrecruiters.com/corneralliance,1,kalil0321-ats-companies
cornerstonebuildingbrandscareers,careers.smartrecruiters.com/cornerstonebuildingbrandscareers,1,kalil0321-ats-companies
cornerstonehradvantagellc,careers.smartrecruiters.com/cornerstonehradvantagellc,1,kalil0321-ats-companies
cos,careers.smartrecruiters.com/cos,1,kalil0321-ats-companies
coursecareers,careers.smartrecruiters.com/coursecareers,1,kalil0321-ats-companies
coxenterprises2,careers.smartrecruiters.com/coxenterprises2,1,kalil0321-ats-companies
coyarestaurant,careers.smartrecruiters.com/coyarestaurant,1,kalil0321-ats-companies
cp,careers.smartrecruiters.com/cp,1,kalil0321-ats-companies
cpc,careers.smartrecruiters.com/cpc,1,kalil0321-ats-companies
cpmireland,careers.smartrecruiters.com/cpmireland,1,kalil0321-ats-companies
cqc,careers.smartrecruiters.com/cqc,1,kalil0321-ats-companies
cqfluency,careers.smartrecruiters.com/cqfluency,1,kalil0321-ats-companies
crayon,careers.smartrecruiters.com/crayon,1,kalil0321-ats-companies
crayondata,careers.smartrecruiters.com/crayondata,1,kalil0321-ats-companies
crb,careers.smartrecruiters.com/crb,1,kalil0321-ats-companies
creative,careers.smartrecruiters.com/creative,1,kalil0321-ats-companies
creativecoveinc,jobs.smartrecruiters.com/creativecoveinc,1,outscal-openjobs
creditkarma,careers.smartrecruiters.com/creditkarma,1,kalil0321-ats-companies
crewbloom,careers.smartrecruiters.com/crewbloom,1,kalil0321-ats-companies
crico,careers.smartrecruiters.com/crico,1,kalil0321-ats-companies
cricut,careers.smartrecruiters.com/cricut,1,kalil0321-ats-companies
cronofy,careers.smartrecruiters.com/cronofy,1,kalil0321-ats-companies
crossbordertalents,careers.smartrecruiters.com/crossbordertalents,1,kalil0321-ats-companies
crossfuze,careers.smartrecruiters.com/crossfuze,1,kalil0321-ats-companies
crossmark1,careers.smartrecruiters.com/crossmark1,1,kalil0321-ats-companies
crossriverbank,careers.smartrecruiters.com/crossriverbank,1,kalil0321-ats-companies
crossroadstechnologiesinc,careers.smartrecruiters.com/crossroadstechnologiesinc,1,kalil0321-ats-companies
croverltd,careers.smartrecruiters.com/croverltd,1,kalil0321-ats-companies
crowellmoring,careers.smartrecruiters.com/crowellmoring,1,kalil0321-ats-companies
crownagentsbank,careers.smartrecruiters.com/crownagentsbank,1,kalil0321-ats-companies
crs,careers.smartrecruiters.com/crs,1,kalil0321-ats-companies
cruiseplanners,careers.smartrecruiters.com/cruiseplanners,1,kalil0321-ats-companies
crunchfitness,careers.smartrecruiters.com/crunchfitness,1,kalil0321-ats-companies
crytek,careers.smartrecruiters.com/crytek,1,kalil0321-ats-companies
csc,careers.smartrecruiters.com/csc,1,kalil0321-ats-companies
css,careers.smartrecruiters.com/css,1,kalil0321-ats-companies
cti,careers.smartrecruiters.com/cti,1,kalil0321-ats-companies
culinagroup1,careers.smartrecruiters.com/culinagroup1,1,kalil0321-ats-companies
cultureamp,careers.smartrecruiters.com/cultureamp,1,kalil0321-ats-companies
cumberlandfarms,careers.smartrecruiters.com/cumberlandfarms,1,kalil0321-ats-companies
curbwaste,careers.smartrecruiters.com/curbwaste,1,kalil0321-ats-companies
cuscal1,careers.smartrecruiters.com/cuscal1,1,kalil0321-ats-companies
cusointernational,careers.smartrecruiters.com/cusointernational,1,kalil0321-ats-companies
cvhcare,careers.smartrecruiters.com/cvhcare,1,kalil0321-ats-companies
cybervadis,careers.smartrecruiters.com/cybervadis,1,kalil0321-ats-companies
cyborgmobile,careers.smartrecruiters.com/cyborgmobile,1,kalil0321-ats-companies
cydcor,careers.smartrecruiters.com/cydcor,1,kalil0321-ats-companies
CygnusProfessionalsInc2,careers.smartrecruiters.com/CygnusProfessionalsInc2,2,andreasasprou-ats-finder;kalil0321-ats-companies
dailymotion,careers.smartrecruiters.com/dailymotion,2,kalil0321-ats-companies;kayden-vs-ats-finder
dalstrong,careers.smartrecruiters.com/dalstrong,1,kalil0321-ats-companies
damac,careers.smartrecruiters.com/damac,1,kalil0321-ats-companies
dangote,careers.smartrecruiters.com/dangote,1,kalil0321-ats-companies
darumacorporation,careers.smartrecruiters.com/darumacorporation,1,kalil0321-ats-companies
dascena,careers.smartrecruiters.com/dascena,1,kalil0321-ats-companies
dashlane,careers.smartrecruiters.com/dashlane,1,kalil0321-ats-companies
databricks,careers.smartrecruiters.com/databricks,1,kalil0321-ats-companies
datacom1,careers.smartrecruiters.com/datacom1,1,kalil0321-ats-companies
dataiku,careers.smartrecruiters.com/dataiku,2,kalil0321-ats-companies;outscal-openjobs
dataintellect,careers.smartrecruiters.com/dataintellect,1,kalil0321-ats-companies
datamarkinc,careers.smartrecruiters.com/datamarkinc,1,kalil0321-ats-companies
DataRobot,https://jobs.smartrecruiters.com/DataRobot,1,nandish02-portfolio
datastaffinc,jobs.smartrecruiters.com/datastaffinc,1,outscal-openjobs
datasysconsultingsoftwareinc1,careers.smartrecruiters.com/datasysconsultingsoftwareinc1,1,kalil0321-ats-companies
datatobiz,jobs.smartrecruiters.com/datatobiz,1,outscal-openjobs
datawords,careers.smartrecruiters.com/datawords,1,kalil0321-ats-companies
datazymes,careers.smartrecruiters.com/datazymes,1,kalil0321-ats-companies
dave,careers.smartrecruiters.com/dave,1,kalil0321-ats-companies
daversapartners,careers.smartrecruiters.com/daversapartners,1,kalil0321-ats-companies
davidsuzukifoundation,careers.smartrecruiters.com/davidsuzukifoundation,1,kalil0321-ats-companies
davies,careers.smartrecruiters.com/davies,1,kalil0321-ats-companies
dawndeliveryinc,careers.smartrecruiters.com/dawndeliveryinc,1,kalil0321-ats-companies
daxko1,careers.smartrecruiters.com/daxko1,2,kalil0321-ats-companies;outscal-openjobs
daylight,careers.smartrecruiters.com/daylight,1,kalil0321-ats-companies
dcigroup,careers.smartrecruiters.com/dcigroup,1,kalil0321-ats-companies
decentralizedmasters,careers.smartrecruiters.com/decentralizedmasters,1,kalil0321-ats-companies
deepspin,careers.smartrecruiters.com/deepspin,1,kalil0321-ats-companies
dehazelabs,careers.smartrecruiters.com/dehazelabs,1,kalil0321-ats-companies
deleonrealty,careers.smartrecruiters.com/deleonrealty,1,kalil0321-ats-companies
deleteme,careers.smartrecruiters.com/deleteme,1,kalil0321-ats-companies
deliveroo,careers.smartrecruiters.com/deliveroo,1,kalil0321-ats-companies
deliveryhero,careers.smartrecruiters.com/deliveryhero,1,kalil0321-ats-companies
dellfortechnologies,careers.smartrecruiters.com/dellfortechnologies,1,kalil0321-ats-companies
Deloitte,https://jobs.smartrecruiters.com/Deloitte,1,nandish02-portfolio
deloitte6,careers.smartrecruiters.com/deloitte6,1,kalil0321-ats-companies
deloitteeastafrica,careers.smartrecruiters.com/deloitteeastafrica,1,kalil0321-ats-companies
deloittenordic,careers.smartrecruiters.com/deloittenordic,1,kalil0321-ats-companies
deloittenz,careers.smartrecruiters.com/deloittenz,1,kalil0321-ats-companies
delphi,careers.smartrecruiters.com/delphi,1,kalil0321-ats-companies
delta,careers.smartrecruiters.com/delta,1,kalil0321-ats-companies
delta-tgroup,careers.smartrecruiters.com/delta-tgroup,1,kalil0321-ats-companies
DeltaElectronics,https://jobs.smartrecruiters.com/DeltaElectronics,1,jd-intel-npm
deltatgroup,careers.smartrecruiters.com/deltatgroup,1,kalil0321-ats-companies
demandbase,careers.smartrecruiters.com/demandbase,1,kalil0321-ats-companies
demanddrive,careers.smartrecruiters.com/demanddrive,1,kalil0321-ats-companies
demo,careers.smartrecruiters.com/demo,1,kalil0321-ats-companies
demystdata,careers.smartrecruiters.com/demystdata,1,kalil0321-ats-companies
dentsu,careers.smartrecruiters.com/dentsu,2,kalil0321-ats-companies;outscal-openjobs
deposco,careers.smartrecruiters.com/deposco,1,kalil0321-ats-companies
derextechnologiesinc,careers.smartrecruiters.com/derextechnologiesinc,1,kalil0321-ats-companies
despegar,careers.smartrecruiters.com/despegar,1,kalil0321-ats-companies
deutschebank,careers.smartrecruiters.com/deutschebank,1,kalil0321-ats-companies
deutschetelekomitsolutions,careers.smartrecruiters.com/deutschetelekomitsolutions,1,kalil0321-ats-companies
deutschetelekomitsolutionsslovakia,careers.smartrecruiters.com/deutschetelekomitsolutionsslovakia,1,kalil0321-ats-companies
dev2,careers.smartrecruiters.com/dev2,1,kalil0321-ats-companies
devoteam,careers.smartrecruiters.com/devoteam,2,kalil0321-ats-companies;outscal-openjobs
devpro,careers.smartrecruiters.com/devpro,1,kalil0321-ats-companies
devsinc17,careers.smartrecruiters.com/devsinc17,1,kalil0321-ats-companies
devsu,careers.smartrecruiters.com/devsu,1,kalil0321-ats-companies
dexcom,careers.smartrecruiters.com/dexcom,1,kalil0321-ats-companies
dexterra,careers.smartrecruiters.com/dexterra,1,kalil0321-ats-companies
dhigroupinc,careers.smartrecruiters.com/dhigroupinc,1,kalil0321-ats-companies
digitaldividedata,careers.smartrecruiters.com/digitaldividedata,1,kalil0321-ats-companies
digitalgenius,careers.smartrecruiters.com/digitalgenius,1,kalil0321-ats-companies
digitalinfuzion,careers.smartrecruiters.com/digitalinfuzion,1,kalil0321-ats-companies
digitalvirgo,careers.smartrecruiters.com/digitalvirgo,1,kalil0321-ats-companies
directagents,careers.smartrecruiters.com/directagents,1,kalil0321-ats-companies
disabilityallies,careers.smartrecruiters.com/disabilityallies,1,kalil0321-ats-companies
discord,careers.smartrecruiters.com/discord,1,kalil0321-ats-companies
distantjob,careers.smartrecruiters.com/distantjob,1,kalil0321-ats-companies
distributedspectrum,careers.smartrecruiters.com/distributedspectrum,1,kalil0321-ats-companies
disys,careers.smartrecruiters.com/disys,1,kalil0321-ats-companies
divensi1,careers.smartrecruiters.com/divensi1,2,kalil0321-ats-companies;outscal-openjobs
dlsengineering,careers.smartrecruiters.com/dlsengineering,1,kalil0321-ats-companies
dncapital,careers.smartrecruiters.com/dncapital,1,kalil0321-ats-companies
docplanner,careers.smartrecruiters.com/docplanner,1,kalil0321-ats-companies
docs,careers.smartrecruiters.com/docs,1,kalil0321-ats-companies
DocuSign,https://jobs.smartrecruiters.com/DocuSign,2,nandish02-portfolio;outscal-openjobs
dohertyinc,careers.smartrecruiters.com/dohertyinc,1,kalil0321-ats-companies
dolby,careers.smartrecruiters.com/dolby,1,kalil0321-ats-companies
dollarshaveclub,careers.smartrecruiters.com/dollarshaveclub,1,kalil0321-ats-companies
dollskill,careers.smartrecruiters.com/dollskill,1,kalil0321-ats-companies
dominos,careers.smartrecruiters.com/dominos,1,kalil0321-ats-companies
DonaldsonCompanyInc,https://jobs.smartrecruiters.com/DonaldsonCompanyInc,1,nandish02-portfolio
dontnod,careers.smartrecruiters.com/dontnod,2,kalil0321-ats-companies;outscal-openjobs
doranjones,careers.smartrecruiters.com/doranjones,1,kalil0321-ats-companies
DOTSOFTSA,careers.smartrecruiters.com/DOTSOFTSA,1,outscal-openjobs
downtoearth,careers.smartrecruiters.com/downtoearth,1,kalil0321-ats-companies
dpdgroupuk1,careers.smartrecruiters.com/dpdgroupuk1,1,kalil0321-ats-companies
dpworld,careers.smartrecruiters.com/dpworld,1,kalil0321-ats-companies
dresdenpartners,careers.smartrecruiters.com/dresdenpartners,1,kalil0321-ats-companies
drfirst,careers.smartrecruiters.com/drfirst,1,kalil0321-ats-companies
drivenmotorjobslimited,careers.smartrecruiters.com/drivenmotorjobslimited,1,kalil0321-ats-companies
droneshield,careers.smartrecruiters.com/droneshield,1,kalil0321-ats-companies
dropbox,careers.smartrecruiters.com/dropbox,1,kalil0321-ats-companies
Dropbox1,https://jobs.smartrecruiters.com/Dropbox1,1,nandish02-portfolio
DropboxInc,https://jobs.smartrecruiters.com/DropboxInc,1,nandish02-portfolio
dropenterprisesllc,careers.smartrecruiters.com/dropenterprisesllc,1,kalil0321-ats-companies
dropoffinc,careers.smartrecruiters.com/dropoffinc,1,kalil0321-ats-companies
drpanda,jobs.smartrecruiters.com/drpanda,1,outscal-openjobs
drreddyslaboratorieslimited,careers.smartrecruiters.com/drreddyslaboratorieslimited,1,kalil0321-ats-companies
drtstrategies,careers.smartrecruiters.com/drtstrategies,1,kalil0321-ats-companies
dss,careers.smartrecruiters.com/dss,1,kalil0321-ats-companies
dudek,careers.smartrecruiters.com/dudek,1,kalil0321-ats-companies
duelit,careers.smartrecruiters.com/duelit,1,kalil0321-ats-companies
dulcedo,careers.smartrecruiters.com/dulcedo,1,kalil0321-ats-companies
duncanprofessionalslimitedtaredwood,careers.smartrecruiters.com/duncanprofessionalslimitedtaredwood,1,kalil0321-ats-companies
dunetechnologyltd,careers.smartrecruiters.com/dunetechnologyltd,1,kalil0321-ats-companies
dungarvin,careers.smartrecruiters.com/dungarvin,2,kalil0321-ats-companies;outscal-openjobs
dunnhumby,careers.smartrecruiters.com/dunnhumby,1,kalil0321-ats-companies
duolingo,careers.smartrecruiters.com/duolingo,1,kalil0321-ats-companies
dvt,careers.smartrecruiters.com/dvt,1,kalil0321-ats-companies
dxmindsinnovationlabspvtltd,jobs.smartrecruiters.com/dxmindsinnovationlabspvtltd,1,outscal-openjobs
dynamicsolutioninnovators,careers.smartrecruiters.com/dynamicsolutioninnovators,1,kalil0321-ats-companies
dynamisinc,careers.smartrecruiters.com/dynamisinc,1,kalil0321-ats-companies
dynatrace,careers.smartrecruiters.com/dynatrace,1,ches-ctrl-cheddar
e2,careers.smartrecruiters.com/e2,1,kalil0321-ats-companies
e4opsllc,careers.smartrecruiters.com/e4opsllc,1,kalil0321-ats-companies
eacproductdevelopmentsolutions,careers.smartrecruiters.com/eacproductdevelopmentsolutions,1,kalil0321-ats-companies
earlycode,careers.smartrecruiters.com/earlycode,1,kalil0321-ats-companies
earthcam,careers.smartrecruiters.com/earthcam,1,kalil0321-ats-companies
earthlinktele,careers.smartrecruiters.com/earthlinktele,1,kalil0321-ats-companies
eastbankclub,careers.smartrecruiters.com/eastbankclub,1,kalil0321-ats-companies
eastpennmanufacturing,careers.smartrecruiters.com/eastpennmanufacturing,1,kalil0321-ats-companies
eataly,careers.smartrecruiters.com/eataly,1,kalil0321-ats-companies
echo,careers.smartrecruiters.com/echo,1,kalil0321-ats-companies
echo360inc,careers.smartrecruiters.com/echo360inc,1,kalil0321-ats-companies
echoinggreen,careers.smartrecruiters.com/echoinggreen,1,kalil0321-ats-companies
ecija,careers.smartrecruiters.com/ecija,1,kalil0321-ats-companies
eclipsetrading,careers.smartrecruiters.com/eclipsetrading,1,kalil0321-ats-companies
ecovadis,careers.smartrecruiters.com/ecovadis,2,ches-ctrl-cheddar;kalil0321-ats-companies
edesk,careers.smartrecruiters.com/edesk,1,kalil0321-ats-companies
edgewaterbehavioralhealthservices,careers.smartrecruiters.com/edgewaterbehavioralhealthservices,1,kalil0321-ats-companies
edmentum,careers.smartrecruiters.com/edmentum,1,kalil0321-ats-companies
educationatwork,careers.smartrecruiters.com/educationatwork,1,kalil0321-ats-companies
efood,careers.smartrecruiters.com/efood,1,kalil0321-ats-companies
ehcc,careers.smartrecruiters.com/ehcc,1,kalil0321-ats-companies
einsite,careers.smartrecruiters.com/einsite,1,kalil0321-ats-companies
ekimetrics,careers.smartrecruiters.com/ekimetrics,1,kalil0321-ats-companies
ekosystem,jobs.smartrecruiters.com/ekosystem,1,outscal-openjobs
ekovolt,careers.smartrecruiters.com/ekovolt,1,kalil0321-ats-companies
ekster,careers.smartrecruiters.com/ekster,1,kalil0321-ats-companies
elevate,careers.smartrecruiters.com/elevate,1,kalil0321-ats-companies
elevatedintegratedconsultants,careers.smartrecruiters.com/elevatedintegratedconsultants,1,kalil0321-ats-companies
elevatek-12,jobs.smartrecruiters.com/elevatek-12,1,outscal-openjobs
eli,careers.smartrecruiters.com/eli,1,kalil0321-ats-companies
elizabethglaserpediatricaidsfoundation3,careers.smartrecruiters.com/elizabethglaserpediatricaidsfoundation3,1,kalil0321-ats-companies
em,careers.smartrecruiters.com/em,1,kalil0321-ats-companies
emberlab,careers.smartrecruiters.com/emberlab,1,kalil0321-ats-companies
embraer,careers.smartrecruiters.com/embraer,1,kalil0321-ats-companies
emcocorporation,careers.smartrecruiters.com/emcocorporation,1,kalil0321-ats-companies
emittechnologiesinc,careers.smartrecruiters.com/emittechnologiesinc,1,kalil0321-ats-companies
employers,careers.smartrecruiters.com/employers,1,kalil0321-ats-companies
employmenthero,careers.smartrecruiters.com/employmenthero,1,kalil0321-ats-companies
endava,careers.smartrecruiters.com/endava,2,kalil0321-ats-companies;outscal-openjobs
endpointclinical,careers.smartrecruiters.com/endpointclinical,1,kalil0321-ats-companies
endpointsnews,careers.smartrecruiters.com/endpointsnews,1,kalil0321-ats-companies
endsight,careers.smartrecruiters.com/endsight,1,kalil0321-ats-companies
energycapitalpower,careers.smartrecruiters.com/energycapitalpower,1,kalil0321-ats-companies
enfra,careers.smartrecruiters.com/enfra,1,kalil0321-ats-companies
enghouse,careers.smartrecruiters.com/enghouse,1,kalil0321-ats-companies
enkoeducation,careers.smartrecruiters.com/enkoeducation,1,kalil0321-ats-companies
enode,careers.smartrecruiters.com/enode,1,kalil0321-ats-companies
ensco,careers.smartrecruiters.com/ensco,1,kalil0321-ats-companies
Entain,https://jobs.smartrecruiters.com/Entain,1,jd-intel-npm
entcreditunion1,careers.smartrecruiters.com/entcreditunion1,1,kalil0321-ats-companies
entefy,careers.smartrecruiters.com/entefy,1,kalil0321-ats-companies
EnterpriseSolutionInc,careers.smartrecruiters.com/EnterpriseSolutionInc,2,andreasasprou-ats-finder;kalil0321-ats-companies
entertainmentbenefitsgroup,careers.smartrecruiters.com/entertainmentbenefitsgroup,1,kalil0321-ats-companies
envisionhorizons,careers.smartrecruiters.com/envisionhorizons,1,kalil0321-ats-companies
epicgames,careers.smartrecruiters.com/epicgames,1,kalil0321-ats-companies
epochgames,careers.smartrecruiters.com/epochgames,2,kalil0321-ats-companies;outscal-openjobs
epsilon3,careers.smartrecruiters.com/epsilon3,1,kalil0321-ats-companies
epsor,careers.smartrecruiters.com/epsor,1,kalil0321-ats-companies
epworth,careers.smartrecruiters.com/epworth,1,kalil0321-ats-companies
equalexperts,careers.smartrecruiters.com/equalexperts,1,kalil0321-ats-companies
equinox,careers.smartrecruiters.com/equinox,1,kalil0321-ats-companies
equityresidential,careers.smartrecruiters.com/equityresidential,1,kalil0321-ats-companies
equus,careers.smartrecruiters.com/equus,1,kalil0321-ats-companies
era,careers.smartrecruiters.com/era,1,kalil0321-ats-companies
ericsson,careers.smartrecruiters.com/ericsson,1,kalil0321-ats-companies
ers,careers.smartrecruiters.com/ers,1,kalil0321-ats-companies
esourcecorp,careers.smartrecruiters.com/esourcecorp,1,kalil0321-ats-companies
espace,careers.smartrecruiters.com/espace,1,kalil0321-ats-companies
espressifsystems,jobs.smartrecruiters.com/espressifsystems,1,outscal-openjobs
essendant,careers.smartrecruiters.com/essendant,1,kalil0321-ats-companies
essilorluxottica,jobs.smartrecruiters.com/essilorluxottica,1,outscal-openjobs
esurance,careers.smartrecruiters.com/esurance,1,kalil0321-ats-companies
esvdigital,careers.smartrecruiters.com/esvdigital,1,kalil0321-ats-companies
ethereumfoundation,careers.smartrecruiters.com/ethereumfoundation,1,kalil0321-ats-companies
etsy2,careers.smartrecruiters.com/etsy2,1,ches-ctrl-cheddar
EttainGroup,careers.smartrecruiters.com/EttainGroup,1,outscal-openjobs
eurofins,careers.smartrecruiters.com/eurofins,1,kalil0321-ats-companies
eutalents,careers.smartrecruiters.com/eutalents,1,kalil0321-ats-companies
evelynpartners,careers.smartrecruiters.com/evelynpartners,1,kalil0321-ats-companies
eventscapeinc,careers.smartrecruiters.com/eventscapeinc,1,kalil0321-ats-companies
eversana1,careers.smartrecruiters.com/eversana1,1,kalil0321-ats-companies
evertz,careers.smartrecruiters.com/evertz,1,kalil0321-ats-companies
evidation,careers.smartrecruiters.com/evidation,1,kalil0321-ats-companies
evidenceaction,careers.smartrecruiters.com/evidenceaction,1,kalil0321-ats-companies
evisit,careers.smartrecruiters.com/evisit,1,kalil0321-ats-companies
evolution,careers.smartrecruiters.com/evolution,2,kalil0321-ats-companies;outscal-openjobs
evolutioniq,careers.smartrecruiters.com/evolutioniq,1,kalil0321-ats-companies
evolutionrecruitmentsolutions,careers.smartrecruiters.com/evolutionrecruitmentsolutions,1,kalil0321-ats-companies
evooq,careers.smartrecruiters.com/evooq,1,kalil0321-ats-companies
evsinc,jobs.smartrecruiters.com/evsinc,1,outscal-openjobs
ewargames,jobs.smartrecruiters.com/ewargames,1,outscal-openjobs
excel,careers.smartrecruiters.com/excel,1,kalil0321-ats-companies
excylinc,careers.smartrecruiters.com/excylinc,1,kalil0321-ats-companies
exegy,careers.smartrecruiters.com/exegy,1,kalil0321-ats-companies
exinity,careers.smartrecruiters.com/exinity,1,kalil0321-ats-companies
exotel,careers.smartrecruiters.com/exotel,1,kalil0321-ats-companies
exp,careers.smartrecruiters.com/exp,1,kalil0321-ats-companies
exparteinc,careers.smartrecruiters.com/exparteinc,1,kalil0321-ats-companies
expeditors,careers.smartrecruiters.com/expeditors,1,kalil0321-ats-companies
expend,careers.smartrecruiters.com/expend,1,kalil0321-ats-companies
experian,careers.smartrecruiters.com/experian,2,kalil0321-ats-companies;outscal-openjobs
experientgroup,careers.smartrecruiters.com/experientgroup,1,kalil0321-ats-companies
experthiring,jobs.smartrecruiters.com/experthiring,1,outscal-openjobs
expertnetwork,careers.smartrecruiters.com/expertnetwork,1,kalil0321-ats-companies
exponentiaai,jobs.smartrecruiters.com/exponentiaai,1,outscal-openjobs
expresstransitllc,careers.smartrecruiters.com/expresstransitllc,1,kalil0321-ats-companies
exsilio,careers.smartrecruiters.com/exsilio,1,kalil0321-ats-companies
extremenetworks,careers.smartrecruiters.com/extremenetworks,1,kalil0321-ats-companies
extremereach,careers.smartrecruiters.com/extremereach,1,kalil0321-ats-companies
EY,https://jobs.smartrecruiters.com/EY,1,nandish02-portfolio
ezrecruiting,careers.smartrecruiters.com/ezrecruiting,1,kalil0321-ats-companies
fabergent,careers.smartrecruiters.com/fabergent,1,kalil0321-ats-companies
fairandjustprosecution,careers.smartrecruiters.com/fairandjustprosecution,1,kalil0321-ats-companies
fairmarkit,careers.smartrecruiters.com/fairmarkit,1,kalil0321-ats-companies
fanniemae,careers.smartrecruiters.com/fanniemae,1,kalil0321-ats-companies
fareshare,careers.smartrecruiters.com/fareshare,1,kalil0321-ats-companies
farfetch,careers.smartrecruiters.com/farfetch,1,kalil0321-ats-companies
farmboyinc,careers.smartrecruiters.com/farmboyinc,1,kalil0321-ats-companies
fartherfinance,careers.smartrecruiters.com/fartherfinance,1,kalil0321-ats-companies
fashionnova,careers.smartrecruiters.com/fashionnova,1,kalil0321-ats-companies
fastmarkets,careers.smartrecruiters.com/fastmarkets,1,kalil0321-ats-companies
fastsigns,careers.smartrecruiters.com/fastsigns,1,kalil0321-ats-companies
fdmuk,careers.smartrecruiters.com/fdmuk,1,kalil0321-ats-companies
federalsoftsystemsinc,jobs.smartrecruiters.com/federalsoftsystemsinc,1,outscal-openjobs
ferrellgas,careers.smartrecruiters.com/ferrellgas,1,kalil0321-ats-companies
fieldnation,careers.smartrecruiters.com/fieldnation,1,kalil0321-ats-companies
filmhub,careers.smartrecruiters.com/filmhub,1,kalil0321-ats-companies
filmless,careers.smartrecruiters.com/filmless,2,kalil0321-ats-companies;outscal-openjobs
finmo,careers.smartrecruiters.com/finmo,2,kalil0321-ats-companies;outscal-openjobs
firegangdentalmarketing,careers.smartrecruiters.com/firegangdentalmarketing,1,kalil0321-ats-companies
FireHoseGames,careers.smartrecruiters.com/FireHoseGames,1,outscal-openjobs
firespring,careers.smartrecruiters.com/firespring,1,kalil0321-ats-companies
firstadvantage,careers.smartrecruiters.com/firstadvantage,1,kalil0321-ats-companies
firstdrivelogisticsinc,careers.smartrecruiters.com/firstdrivelogisticsinc,1,kalil0321-ats-companies
firstfocus,careers.smartrecruiters.com/firstfocus,1,kalil0321-ats-companies
firstround,careers.smartrecruiters.com/firstround,1,kalil0321-ats-companies
flaanaa,jobs.smartrecruiters.com/flaanaa,1,outscal-openjobs
flexcollegeprep,careers.smartrecruiters.com/flexcollegeprep,1,kalil0321-ats-companies
flexport,careers.smartrecruiters.com/flexport,1,kalil0321-ats-companies
flightgroup,careers.smartrecruiters.com/flightgroup,1,kalil0321-ats-companies
flink,careers.smartrecruiters.com/flink,1,kalil0321-ats-companies
flintcorp1,careers.smartrecruiters.com/flintcorp1,1,kalil0321-ats-companies
flipkart,careers.smartrecruiters.com/flipkart,1,kalil0321-ats-companies
florence,careers.smartrecruiters.com/florence,1,kalil0321-ats-companies
flowdesk,careers.smartrecruiters.com/flowdesk,1,kalil0321-ats-companies
fluentbe,careers.smartrecruiters.com/fluentbe,1,kalil0321-ats-companies
flynncompanies,careers.smartrecruiters.com/flynncompanies,1,kalil0321-ats-companies
flywheel,careers.smartrecruiters.com/flywheel,1,kalil0321-ats-companies
flywire1,careers.smartrecruiters.com/flywire1,1,kalil0321-ats-companies
fmgsuite,careers.smartrecruiters.com/fmgsuite,1,kalil0321-ats-companies
fmi,careers.smartrecruiters.com/fmi,1,kalil0321-ats-companies
focuskpi,careers.smartrecruiters.com/focuskpi,1,kalil0321-ats-companies
focuslogisticsinc,careers.smartrecruiters.com/focuslogisticsinc,1,kalil0321-ats-companies
fonemed,careers.smartrecruiters.com/fonemed,1,kalil0321-ats-companies
foodconceptsplc2,careers.smartrecruiters.com/foodconceptsplc2,1,kalil0321-ats-companies
footballradar,careers.smartrecruiters.com/footballradar,1,kalil0321-ats-companies
foothillventures,careers.smartrecruiters.com/foothillventures,1,kalil0321-ats-companies
footprint,careers.smartrecruiters.com/footprint,1,kalil0321-ats-companies
forafinancial,careers.smartrecruiters.com/forafinancial,1,kalil0321-ats-companies
forager,careers.smartrecruiters.com/forager,1,kalil0321-ats-companies
forbesadvisor,careers.smartrecruiters.com/forbesadvisor,1,kalil0321-ats-companies
ford,careers.smartrecruiters.com/ford,1,kalil0321-ats-companies
formlabs,careers.smartrecruiters.com/formlabs,1,kalil0321-ats-companies
forter,careers.smartrecruiters.com/forter,1,kalil0321-ats-companies
forthright,careers.smartrecruiters.com/forthright,1,kalil0321-ats-companies
forthrightstrategiesllc,careers.smartrecruiters.com/forthrightstrategiesllc,1,kalil0321-ats-companies
fortunebrands,careers.smartrecruiters.com/fortunebrands,1,kalil0321-ats-companies
forward,careers.smartrecruiters.com/forward,1,kalil0321-ats-companies
forwardlogistixpartnersinc,careers.smartrecruiters.com/forwardlogistixpartnersinc,1,kalil0321-ats-companies
fosadconsulting,careers.smartrecruiters.com/fosadconsulting,1,kalil0321-ats-companies
foundationforfoodagriculture,careers.smartrecruiters.com/foundationforfoodagriculture,1,kalil0321-ats-companies
foundationrecruitment,careers.smartrecruiters.com/foundationrecruitment,1,kalil0321-ats-companies
fourseasonshotelsandresorts,jobs.smartrecruiters.com/fourseasonshotelsandresorts,1,outscal-openjobs
fractalanalytics,careers.smartrecruiters.com/fractalanalytics,1,kalil0321-ats-companies
fracturedbyte,jobs.smartrecruiters.com/fracturedbyte,1,outscal-openjobs
frasersgroup,careers.smartrecruiters.com/frasersgroup,1,kalil0321-ats-companies
freebandztouring,careers.smartrecruiters.com/freebandztouring,1,kalil0321-ats-companies
freethink,careers.smartrecruiters.com/freethink,1,kalil0321-ats-companies
fremontbank,careers.smartrecruiters.com/fremontbank,1,kalil0321-ats-companies
fremontgroup,careers.smartrecruiters.com/fremontgroup,1,kalil0321-ats-companies
freshboxmediapvtltd,jobs.smartrecruiters.com/freshboxmediapvtltd,1,outscal-openjobs
freshconsulting,careers.smartrecruiters.com/freshconsulting,1,kalil0321-ats-companies
freshland,careers.smartrecruiters.com/freshland,1,kalil0321-ats-companies
freshprints,careers.smartrecruiters.com/freshprints,1,kalil0321-ats-companies
Freshworks,careers.smartrecruiters.com/Freshworks,5,Kajaasfaq-Company-list-Chennai;ches-ctrl-cheddar;kalil0321-ats-companies;kayden-vs-ats-finder;outscal-openjobs
frontlineinc,careers.smartrecruiters.com/frontlineinc,1,kalil0321-ats-companies
frpadvisory,careers.smartrecruiters.com/frpadvisory,1,kalil0321-ats-companies
fsrllc,careers.smartrecruiters.com/fsrllc,1,kalil0321-ats-companies
fulcrum,careers.smartrecruiters.com/fulcrum,1,kalil0321-ats-companies
FundamentallyGames,careers.smartrecruiters.com/FundamentallyGames,1,outscal-openjobs
fundapps,careers.smartrecruiters.com/fundapps,1,kalil0321-ats-companies
FunGuyStudioPhilippinesInc,careers.smartrecruiters.com/FunGuyStudioPhilippinesInc,1,outscal-openjobs
futransolutions,jobs.smartrecruiters.com/futransolutions,1,outscal-openjobs
future,careers.smartrecruiters.com/future,1,kalil0321-ats-companies
futuregroup,careers.smartrecruiters.com/futuregroup,1,kalil0321-ats-companies
futuremug,jobs.smartrecruiters.com/futuremug,1,outscal-openjobs
futurewavesystems,careers.smartrecruiters.com/futurewavesystems,1,kalil0321-ats-companies
FuturumTechnologyLtd,careers.smartrecruiters.com/FuturumTechnologyLtd,1,outscal-openjobs
fyxer,careers.smartrecruiters.com/fyxer,1,kalil0321-ats-companies
g2,careers.smartrecruiters.com/g2,1,kalil0321-ats-companies
galaxesolutions,jobs.smartrecruiters.com/galaxesolutions,1,outscal-openjobs
Game5Mobile,careers.smartrecruiters.com/Game5Mobile,1,outscal-openjobs
gamecloudtechnologiespvtltd,jobs.smartrecruiters.com/gamecloudtechnologiespvtltd,1,outscal-openjobs
gamedistrict,careers.smartrecruiters.com/gamedistrict,1,kalil0321-ats-companies
Gameloft,careers.smartrecruiters.com/Gameloft,1,outscal-openjobs
gamesforlove,careers.smartrecruiters.com/gamesforlove,2,kalil0321-ats-companies;outscal-openjobs
ganintegrity,careers.smartrecruiters.com/ganintegrity,1,kalil0321-ats-companies
gap2,careers.smartrecruiters.com/gap2,1,kalil0321-ats-companies
garrettadvancingmotion,careers.smartrecruiters.com/garrettadvancingmotion,1,kalil0321-ats-companies
gauntlet,careers.smartrecruiters.com/gauntlet,1,kalil0321-ats-companies
gbg,careers.smartrecruiters.com/gbg,1,kalil0321-ats-companies
gbnassociateslimited,careers.smartrecruiters.com/gbnassociateslimited,1,kalil0321-ats-companies
gbta,careers.smartrecruiters.com/gbta,1,kalil0321-ats-companies
gbvltd,careers.smartrecruiters.com/gbvltd,1,kalil0321-ats-companies
gcore,careers.smartrecruiters.com/gcore,1,kalil0321-ats-companies
gdmsi,careers.smartrecruiters.com/gdmsi,1,kalil0321-ats-companies
gdresourcesllc,careers.smartrecruiters.com/gdresourcesllc,1,kalil0321-ats-companies
gearinc,jobs.smartrecruiters.com/gearinc,1,outscal-openjobs
gecko,careers.smartrecruiters.com/gecko,1,kalil0321-ats-companies
geico,jobs.smartrecruiters.com/geico,1,outscal-openjobs
gemini,careers.smartrecruiters.com/gemini,1,kalil0321-ats-companies
gemtechnologies,careers.smartrecruiters.com/gemtechnologies,1,kalil0321-ats-companies
gen4dental,careers.smartrecruiters.com/gen4dental,1,kalil0321-ats-companies
genea,careers.smartrecruiters.com/genea,2,kalil0321-ats-companies;outscal-openjobs
GeneraGames1,careers.smartrecruiters.com/GeneraGames1,1,outscal-openjobs
generalassembly,careers.smartrecruiters.com/generalassembly,1,kalil0321-ats-companies
genesisrecruiting,careers.smartrecruiters.com/genesisrecruiting,1,kalil0321-ats-companies
geosoftware,careers.smartrecruiters.com/geosoftware,1,kalil0321-ats-companies
gerresheimer,careers.smartrecruiters.com/gerresheimer,1,kalil0321-ats-companies
gess,careers.smartrecruiters.com/gess,1,kalil0321-ats-companies
getlabs,careers.smartrecruiters.com/getlabs,1,kalil0321-ats-companies
getresponse,careers.smartrecruiters.com/getresponse,1,kalil0321-ats-companies
getsportsenterprisesllc,careers.smartrecruiters.com/getsportsenterprisesllc,1,kalil0321-ats-companies
geyendelcampo,careers.smartrecruiters.com/geyendelcampo,1,kalil0321-ats-companies
ggwp,careers.smartrecruiters.com/ggwp,1,kalil0321-ats-companies
ghobashgroup,careers.smartrecruiters.com/ghobashgroup,1,kalil0321-ats-companies
GIANTSSoftwareGmbH,careers.smartrecruiters.com/GIANTSSoftwareGmbH,1,outscal-openjobs
gig,careers.smartrecruiters.com/gig,1,kalil0321-ats-companies
gilberttobin,careers.smartrecruiters.com/gilberttobin,1,kalil0321-ats-companies
ginastechjobs,careers.smartrecruiters.com/ginastechjobs,1,kalil0321-ats-companies
girlsontherun,careers.smartrecruiters.com/girlsontherun,1,kalil0321-ats-companies
GitLab1,https://jobs.smartrecruiters.com/GitLab1,1,nandish02-portfolio
gkinternationalgroup,careers.smartrecruiters.com/gkinternationalgroup,1,kalil0321-ats-companies
glassdoor,careers.smartrecruiters.com/glassdoor,1,kalil0321-ats-companies
glide,careers.smartrecruiters.com/glide,1,kalil0321-ats-companies
globeair,careers.smartrecruiters.com/globeair,1,kalil0321-ats-companies
gloify,jobs.smartrecruiters.com/gloify,1,outscal-openjobs
glopal,careers.smartrecruiters.com/glopal,1,kalil0321-ats-companies
GluckGames,careers.smartrecruiters.com/GluckGames,1,outscal-openjobs
GMSServices,careers.smartrecruiters.com/GMSServices,1,outscal-openjobs
gnc,careers.smartrecruiters.com/gnc,1,kalil0321-ats-companies
gnosis,careers.smartrecruiters.com/gnosis,1,kalil0321-ats-companies
godaddy,careers.smartrecruiters.com/godaddy,1,kalil0321-ats-companies
gogeo,careers.smartrecruiters.com/gogeo,1,kalil0321-ats-companies
goguardian,careers.smartrecruiters.com/goguardian,1,kalil0321-ats-companies
goldstarlogistics,careers.smartrecruiters.com/goldstarlogistics,1,kalil0321-ats-companies
goldstonepartners,careers.smartrecruiters.com/goldstonepartners,1,kalil0321-ats-companies
goodlord,careers.smartrecruiters.com/goodlord,1,kalil0321-ats-companies
GoodRx,https://jobs.smartrecruiters.com/GoodRx,1,nandish02-portfolio
gopuff,careers.smartrecruiters.com/gopuff,1,kalil0321-ats-companies
gorgias,careers.smartrecruiters.com/gorgias,1,kalil0321-ats-companies
gousto1,careers.smartrecruiters.com/gousto1,1,kalil0321-ats-companies
govini,jobs.smartrecruiters.com/govini,1,outscal-openjobs
gpfs,careers.smartrecruiters.com/gpfs,1,kalil0321-ats-companies
grab,careers.smartrecruiters.com/grab,2,kalil0321-ats-companies;outscal-openjobs
grandfoodinc,careers.smartrecruiters.com/grandfoodinc,1,kalil0321-ats-companies
granicus,careers.smartrecruiters.com/granicus,1,kalil0321-ats-companies
grassvalley,careers.smartrecruiters.com/grassvalley,1,kalil0321-ats-companies
grayscale,careers.smartrecruiters.com/grayscale,1,kalil0321-ats-companies
grazittiinteractive,careers.smartrecruiters.com/grazittiinteractive,1,kalil0321-ats-companies
greencrosspetwellnesscompany,careers.smartrecruiters.com/greencrosspetwellnesscompany,1,kalil0321-ats-companies
greenearth,careers.smartrecruiters.com/greenearth,1,kalil0321-ats-companies
greeneking,careers.smartrecruiters.com/greeneking,1,kalil0321-ats-companies
greenpeace,careers.smartrecruiters.com/greenpeace,1,kalil0321-ats-companies
greenthumbindustries,careers.smartrecruiters.com/greenthumbindustries,1,kalil0321-ats-companies
gresham,careers.smartrecruiters.com/gresham,1,kalil0321-ats-companies
griffithuniversity,careers.smartrecruiters.com/griffithuniversity,1,kalil0321-ats-companies
grist,careers.smartrecruiters.com/grist,1,kalil0321-ats-companies
groupon,careers.smartrecruiters.com/groupon,1,kalil0321-ats-companies
growe,careers.smartrecruiters.com/growe,1,kalil0321-ats-companies
growthday,careers.smartrecruiters.com/growthday,1,kalil0321-ats-companies
grupobimbo,careers.smartrecruiters.com/grupobimbo,1,kalil0321-ats-companies
gtech,careers.smartrecruiters.com/gtech,1,kalil0321-ats-companies
gtgslogisticsllc,careers.smartrecruiters.com/gtgslogisticsllc,1,kalil0321-ats-companies
guardanthealth,careers.smartrecruiters.com/guardanthealth,1,kalil0321-ats-companies
guidehealth,careers.smartrecruiters.com/guidehealth,1,kalil0321-ats-companies
guideit,careers.smartrecruiters.com/guideit,1,kalil0321-ats-companies
guzmanygomez,careers.smartrecruiters.com/guzmanygomez,1,kalil0321-ats-companies
gympass,careers.smartrecruiters.com/gympass,1,kalil0321-ats-companies
h1,careers.smartrecruiters.com/h1,1,kalil0321-ats-companies
hackajob,careers.smartrecruiters.com/hackajob,2,kalil0321-ats-companies;outscal-openjobs
hackerrank,careers.smartrecruiters.com/hackerrank,2,kalil0321-ats-companies;outscal-openjobs
hadronts,careers.smartrecruiters.com/hadronts,1,kalil0321-ats-companies
hanagroup,careers.smartrecruiters.com/hanagroup,1,kalil0321-ats-companies
hangar,careers.smartrecruiters.com/hangar,1,kalil0321-ats-companies
hannainterpretingservicesllc,careers.smartrecruiters.com/hannainterpretingservicesllc,1,kalil0321-ats-companies
happyfuncorp1,careers.smartrecruiters.com/happyfuncorp1,1,kalil0321-ats-companies
harbingergroup,jobs.smartrecruiters.com/harbingergroup,1,outscal-openjobs
hardballgames,jobs.smartrecruiters.com/hardballgames,1,outscal-openjobs
harlemchildrenszone,careers.smartrecruiters.com/harlemchildrenszone,1,kalil0321-ats-companies
harnham,careers.smartrecruiters.com/harnham,1,kalil0321-ats-companies
haroldjean-louisinc,careers.smartrecruiters.com/haroldjean-louisinc,1,kalil0321-ats-companies
harpethvalleyutilitiesdistrict,careers.smartrecruiters.com/harpethvalleyutilitiesdistrict,1,kalil0321-ats-companies
hasbro,careers.smartrecruiters.com/hasbro,1,kalil0321-ats-companies
hashtagtalent,careers.smartrecruiters.com/hashtagtalent,1,kalil0321-ats-companies
hassellservices,careers.smartrecruiters.com/hassellservices,1,kalil0321-ats-companies
hatch,careers.smartrecruiters.com/hatch,1,kalil0321-ats-companies
headway,careers.smartrecruiters.com/headway,1,kalil0321-ats-companies
healthcare,careers.smartrecruiters.com/healthcare,1,kalil0321-ats-companies
healthedge,careers.smartrecruiters.com/healthedge,1,kalil0321-ats-companies
healthix,careers.smartrecruiters.com/healthix,1,kalil0321-ats-companies
hearcom,careers.smartrecruiters.com/hearcom,1,kalil0321-ats-companies
HeartMachine,careers.smartrecruiters.com/HeartMachine,1,outscal-openjobs
hecparisinqatar,careers.smartrecruiters.com/hecparisinqatar,1,kalil0321-ats-companies
hedrickgardnerkincheloegarofalollc,careers.smartrecruiters.com/hedrickgardnerkincheloegarofalollc,1,kalil0321-ats-companies
heimstaden,careers.smartrecruiters.com/heimstaden,1,kalil0321-ats-companies
helelogisticsllc,careers.smartrecruiters.com/helelogisticsllc,1,kalil0321-ats-companies
heliumseo,careers.smartrecruiters.com/heliumseo,1,kalil0321-ats-companies
hella,careers.smartrecruiters.com/hella,1,kalil0321-ats-companies
hellokindred,careers.smartrecruiters.com/hellokindred,1,kalil0321-ats-companies
herbalife,careers.smartrecruiters.com/herbalife,1,kalil0321-ats-companies
hermanscott,careers.smartrecruiters.com/hermanscott,1,kalil0321-ats-companies
Heroku,https://jobs.smartrecruiters.com/Heroku,1,nandish02-portfolio
hetonghuishekuruto,careers.smartrecruiters.com/hetonghuishekuruto,1,kalil0321-ats-companies
hexagroup,careers.smartrecruiters.com/hexagroup,1,kalil0321-ats-companies
heydata,careers.smartrecruiters.com/heydata,1,kalil0321-ats-companies
highbeam,careers.smartrecruiters.com/highbeam,1,kalil0321-ats-companies
hillstonerestaurantgroup,careers.smartrecruiters.com/hillstonerestaurantgroup,1,kalil0321-ats-companies
himss,careers.smartrecruiters.com/himss,1,kalil0321-ats-companies
hines,careers.smartrecruiters.com/hines,1,kalil0321-ats-companies
hireioinc,careers.smartrecruiters.com/hireioinc,1,kalil0321-ats-companies
hireright1,careers.smartrecruiters.com/hireright1,1,kalil0321-ats-companies
hireventures,careers.smartrecruiters.com/hireventures,1,kalil0321-ats-companies
hirotecamerica,careers.smartrecruiters.com/hirotecamerica,1,kalil0321-ats-companies
HitachiSolutions,careers.smartrecruiters.com/HitachiSolutions,3,andreasasprou-ats-finder;kalil0321-ats-companies;outscal-openjobs
Hive1,careers.smartrecruiters.com/Hive1,1,outscal-openjobs
hivelogisticsinc,careers.smartrecruiters.com/hivelogisticsinc,1,kalil0321-ats-companies
hiwave,careers.smartrecruiters.com/hiwave,1,kalil0321-ats-companies
holyshipllc,careers.smartrecruiters.com/holyshipllc,1,kalil0321-ats-companies
home,careers.smartrecruiters.com/home,1,kalil0321-ats-companies
homebase,careers.smartrecruiters.com/homebase,1,kalil0321-ats-companies
homeinsteadcare,careers.smartrecruiters.com/homeinsteadcare,1,kalil0321-ats-companies
honeywell,careers.smartrecruiters.com/honeywell,1,kalil0321-ats-companies
hookbang,careers.smartrecruiters.com/hookbang,1,kalil0321-ats-companies
Hootsuite,https://jobs.smartrecruiters.com/Hootsuite,1,jd-intel-npm
hopeservices,careers.smartrecruiters.com/hopeservices,1,kalil0321-ats-companies
hophr,careers.smartrecruiters.com/hophr,1,kalil0321-ats-companies
hopper,careers.smartrecruiters.com/hopper,1,kalil0321-ats-companies
horizon,careers.smartrecruiters.com/horizon,1,kalil0321-ats-companies
houseofcommonscanadachambredescommunescanada,careers.smartrecruiters.com/houseofcommonscanadachambredescommunescanada,1,kalil0321-ats-companies
houseofkaizen,careers.smartrecruiters.com/houseofkaizen,1,kalil0321-ats-companies
howardhannarealestateservices,jobs.smartrecruiters.com/howardhannarealestateservices,1,outscal-openjobs
hoyoverse,careers.smartrecruiters.com/hoyoverse,2,kalil0321-ats-companies;outscal-openjobs
hrconnectlimited,careers.smartrecruiters.com/hrconnectlimited,1,kalil0321-ats-companies
hrforce,careers.smartrecruiters.com/hrforce,1,kalil0321-ats-companies
hs,careers.smartrecruiters.com/hs,1,kalil0321-ats-companies
hsmc1,careers.smartrecruiters.com/hsmc1,1,kalil0321-ats-companies
hsssoft,careers.smartrecruiters.com/hsssoft,1,kalil0321-ats-companies
hti,careers.smartrecruiters.com/hti,1,kalil0321-ats-companies
huaweitechnologies2,careers.smartrecruiters.com/huaweitechnologies2,1,kalil0321-ats-companies
hubspot,careers.smartrecruiters.com/hubspot,1,kalil0321-ats-companies
HubSpot1,https://jobs.smartrecruiters.com/HubSpot1,1,nandish02-portfolio
huckberry,careers.smartrecruiters.com/huckberry,1,kalil0321-ats-companies
hudl,careers.smartrecruiters.com/hudl,1,kalil0321-ats-companies
hugeapemedia,careers.smartrecruiters.com/hugeapemedia,1,kalil0321-ats-companies
humecitycouncil,careers.smartrecruiters.com/humecitycouncil,1,kalil0321-ats-companies
hydrogenresearchinstitute,careers.smartrecruiters.com/hydrogenresearchinstitute,1,kalil0321-ats-companies
ib,careers.smartrecruiters.com/ib,1,kalil0321-ats-companies
icapitalnetwork,careers.smartrecruiters.com/icapitalnetwork,1,kalil0321-ats-companies
icertis,careers.smartrecruiters.com/icertis,1,kalil0321-ats-companies
ideaentity,careers.smartrecruiters.com/ideaentity,1,kalil0321-ats-companies
idiq,careers.smartrecruiters.com/idiq,1,kalil0321-ats-companies
idsinternational,careers.smartrecruiters.com/idsinternational,1,kalil0321-ats-companies
ienergizeritservicespvtltd,careers.smartrecruiters.com/ienergizeritservicespvtltd,1,kalil0321-ats-companies
ifs1,careers.smartrecruiters.com/ifs1,2,jd-intel-npm;kalil0321-ats-companies
igenius,careers.smartrecruiters.com/igenius,1,kalil0321-ats-companies
iherb,careers.smartrecruiters.com/iherb,1,kalil0321-ats-companies
ijm,careers.smartrecruiters.com/ijm,1,kalil0321-ats-companies
ikanoretail,careers.smartrecruiters.com/ikanoretail,1,kalil0321-ats-companies
ikea-alhomaizilimited,careers.smartrecruiters.com/ikea-alhomaizilimited,1,kalil0321-ats-companies
ikeaalhomaizilimited,careers.smartrecruiters.com/ikeaalhomaizilimited,1,kalil0321-ats-companies
imarketglobalinc,careers.smartrecruiters.com/imarketglobalinc,1,kalil0321-ats-companies
imasoft,careers.smartrecruiters.com/imasoft,1,kalil0321-ats-companies
impact,careers.smartrecruiters.com/impact,1,kalil0321-ats-companies
impactassets,careers.smartrecruiters.com/impactassets,1,kalil0321-ats-companies
implifyinc,careers.smartrecruiters.com/implifyinc,1,kalil0321-ats-companies
imprintprojects,careers.smartrecruiters.com/imprintprojects,1,kalil0321-ats-companies
improvado,careers.smartrecruiters.com/improvado,1,kalil0321-ats-companies
impulse,careers.smartrecruiters.com/impulse,1,kalil0321-ats-companies
indebted,careers.smartrecruiters.com/indebted,1,kalil0321-ats-companies
independentfoodcompany,careers.smartrecruiters.com/independentfoodcompany,1,kalil0321-ats-companies
independentsoftware,careers.smartrecruiters.com/independentsoftware,1,kalil0321-ats-companies
indg,careers.smartrecruiters.com/indg,1,kalil0321-ats-companies
indianauniversityfoundation,careers.smartrecruiters.com/indianauniversityfoundation,1,kalil0321-ats-companies
indigobooksmusic,careers.smartrecruiters.com/indigobooksmusic,1,kalil0321-ats-companies
indsoftinc,careers.smartrecruiters.com/indsoftinc,1,kalil0321-ats-companies
inetum2,careers.smartrecruiters.com/inetum2,1,kalil0321-ats-companies
infinitive,careers.smartrecruiters.com/infinitive,1,kalil0321-ats-companies
infinitylogisticssolutions,careers.smartrecruiters.com/infinitylogisticssolutions,1,kalil0321-ats-companies
influ2,careers.smartrecruiters.com/influ2,1,kalil0321-ats-companies
InfojiniInc1,careers.smartrecruiters.com/InfojiniInc1,1,andreasasprou-ats-finder
InformaGroupPlc,careers.smartrecruiters.com/InformaGroupPlc,4,ches-ctrl-cheddar;jd-intel-npm;kalil0321-ats-companies;outscal-openjobs
informicasolutions,jobs.smartrecruiters.com/informicasolutions,1,outscal-openjobs
InfotechSpectrum3,careers.smartrecruiters.com/InfotechSpectrum3,1,andreasasprou-ats-finder
infracloud,careers.smartrecruiters.com/infracloud,1,kalil0321-ats-companies
infrrd,careers.smartrecruiters.com/infrrd,1,kalil0321-ats-companies
ingeniusprep,careers.smartrecruiters.com/ingeniusprep,1,kalil0321-ats-companies
ingramcontentgroup1,careers.smartrecruiters.com/ingramcontentgroup1,1,kalil0321-ats-companies
inlandempirepaperco,careers.smartrecruiters.com/inlandempirepaperco,1,kalil0321-ats-companies
inmobi,careers.smartrecruiters.com/inmobi,1,kalil0321-ats-companies
innovapptive,careers.smartrecruiters.com/innovapptive,1,kalil0321-ats-companies
innovecs,jobs.smartrecruiters.com/innovecs,1,outscal-openjobs
insead,careers.smartrecruiters.com/insead,1,kalil0321-ats-companies
insider,careers.smartrecruiters.com/insider,1,kalil0321-ats-companies
Insightsoftware,careers.smartrecruiters.com/Insightsoftware,3,ches-ctrl-cheddar;kalil0321-ats-companies;outscal-openjobs
inspirelogisticsllc,careers.smartrecruiters.com/inspirelogisticsllc,1,kalil0321-ats-companies
instabase,careers.smartrecruiters.com/instabase,1,kalil0321-ats-companies
instacart,careers.smartrecruiters.com/instacart,1,kalil0321-ats-companies
instructure,careers.smartrecruiters.com/instructure,1,kalil0321-ats-companies
integra,careers.smartrecruiters.com/integra,1,kalil0321-ats-companies
integratedresourcesinc,careers.smartrecruiters.com/integratedresourcesinc,1,kalil0321-ats-companies
integriteeag,careers.smartrecruiters.com/integriteeag,1,kalil0321-ats-companies
Intelerad,careers.smartrecruiters.com/Intelerad,1,outscal-openjobs
intellecteu,careers.smartrecruiters.com/intellecteu,1,kalil0321-ats-companies
intelligencebank,careers.smartrecruiters.com/intelligencebank,1,kalil0321-ats-companies
IntellykINC,careers.smartrecruiters.com/IntellykINC,2,andreasasprou-ats-finder;kalil0321-ats-companies
interaction,careers.smartrecruiters.com/interaction,1,kalil0321-ats-companies
interactivestrategies,careers.smartrecruiters.com/interactivestrategies,1,kalil0321-ats-companies
intercloud,careers.smartrecruiters.com/intercloud,1,kalil0321-ats-companies
IntergalacticGamingLtd,careers.smartrecruiters.com/IntergalacticGamingLtd,1,outscal-openjobs
internationalsosgovernmentmedicalservices,careers.smartrecruiters.com/internationalsosgovernmentmedicalservices,1,kalil0321-ats-companies
internations,careers.smartrecruiters.com/internations,1,kalil0321-ats-companies
intersourcesinc,jobs.smartrecruiters.com/intersourcesinc,1,outscal-openjobs
intertek,careers.smartrecruiters.com/intertek,1,kalil0321-ats-companies
interviewkickstart,careers.smartrecruiters.com/interviewkickstart,2,kalil0321-ats-companies;outscal-openjobs
interviewmocha,careers.smartrecruiters.com/interviewmocha,1,kayden-vs-ats-finder
interworks,careers.smartrecruiters.com/interworks,1,kalil0321-ats-companies
intouchinsight,careers.smartrecruiters.com/intouchinsight,1,kalil0321-ats-companies
intrepidstudios,jobs.smartrecruiters.com/intrepidstudios,1,outscal-openjobs
intuit2,careers.smartrecruiters.com/intuit2,1,kalil0321-ats-companies
intuitive,careers.smartrecruiters.com/intuitive,1,kalil0321-ats-companies
inventureacademy,careers.smartrecruiters.com/inventureacademy,1,kalil0321-ats-companies
invitahealthcaretechnologies,careers.smartrecruiters.com/invitahealthcaretechnologies,1,kalil0321-ats-companies
inxiteout,jobs.smartrecruiters.com/inxiteout,1,outscal-openjobs
iodigital,jobs.smartrecruiters.com/iodigital,1,outscal-openjobs
IOTAGROUP,careers.smartrecruiters.com/IOTAGROUP,1,kalil0321-ats-companies
ipipeline,careers.smartrecruiters.com/ipipeline,1,kalil0321-ats-companies
ipromo,careers.smartrecruiters.com/ipromo,1,kalil0321-ats-companies
ipsos,careers.smartrecruiters.com/ipsos,1,kalil0321-ats-companies
ircagroup,careers.smartrecruiters.com/ircagroup,1,kalil0321-ats-companies
irisworldwide,careers.smartrecruiters.com/irisworldwide,1,kalil0321-ats-companies
IronbellyStudios,careers.smartrecruiters.com/IronbellyStudios,1,outscal-openjobs
Ironclad,https://jobs.smartrecruiters.com/Ironclad,1,nandish02-portfolio
IroncladApp,https://jobs.smartrecruiters.com/IroncladApp,1,nandish02-portfolio
ironcumberlandllc,careers.smartrecruiters.com/ironcumberlandllc,1,kalil0321-ats-companies
is,careers.smartrecruiters.com/is,1,kalil0321-ats-companies
isc,careers.smartrecruiters.com/isc,1,kalil0321-ats-companies
isc2,careers.smartrecruiters.com/isc2,1,kalil0321-ats-companies
ischool,careers.smartrecruiters.com/ischool,1,kalil0321-ats-companies
islandsbanki,careers.smartrecruiters.com/islandsbanki,1,kalil0321-ats-companies
ispaceinc,careers.smartrecruiters.com/ispaceinc,1,kalil0321-ats-companies
isptech,careers.smartrecruiters.com/isptech,1,kalil0321-ats-companies
it1,careers.smartrecruiters.com/it1,1,kalil0321-ats-companies
itg,careers.smartrecruiters.com/itg,1,kalil0321-ats-companies
itsprettyhair,careers.smartrecruiters.com/itsprettyhair,1,kalil0321-ats-companies
itx,careers.smartrecruiters.com/itx,1,kalil0321-ats-companies
ixigo,careers.smartrecruiters.com/ixigo,1,kayden-vs-ats-finder
j4,careers.smartrecruiters.com/j4,1,kalil0321-ats-companies
jackietalmodecor,careers.smartrecruiters.com/jackietalmodecor,1,kalil0321-ats-companies
jacklinksproteinsnacks,careers.smartrecruiters.com/jacklinksproteinsnacks,1,kalil0321-ats-companies
JACOBSDOUWEEGBERTS,https://jobs.smartrecruiters.com/JACOBSDOUWEEGBERTS,1,jd-intel-npm
jacqbennettconsulting,careers.smartrecruiters.com/jacqbennettconsulting,1,kalil0321-ats-companies
jadeglobal,jobs.smartrecruiters.com/jadeglobal,1,outscal-openjobs
jammedia,jobs.smartrecruiters.com/jammedia,1,outscal-openjobs
janeasystems,careers.smartrecruiters.com/janeasystems,1,kalil0321-ats-companies
jaypeakresort,careers.smartrecruiters.com/jaypeakresort,1,kalil0321-ats-companies
jbconsulting,careers.smartrecruiters.com/jbconsulting,1,kalil0321-ats-companies
jbidigital,careers.smartrecruiters.com/jbidigital,1,kalil0321-ats-companies
jbnlogisticsllc,careers.smartrecruiters.com/jbnlogisticsllc,1,kalil0321-ats-companies
jeffreymconsulting,careers.smartrecruiters.com/jeffreymconsulting,1,kalil0321-ats-companies
Jellyfish1,careers.smartrecruiters.com/Jellyfish1,1,outscal-openjobs
jellysmack,careers.smartrecruiters.com/jellysmack,1,kalil0321-ats-companies
jetfuelagency,careers.smartrecruiters.com/jetfuelagency,1,kalil0321-ats-companies
jitterbit,careers.smartrecruiters.com/jitterbit,1,andreasasprou-ats-finder
jlstradingco,careers.smartrecruiters.com/jlstradingco,1,kalil0321-ats-companies
jmaclending,careers.smartrecruiters.com/jmaclending,1,kalil0321-ats-companies
jmparcelservicellc,careers.smartrecruiters.com/jmparcelservicellc,1,kalil0321-ats-companies
jmrecruiting,careers.smartrecruiters.com/jmrecruiting,1,kalil0321-ats-companies
jobandtalent,careers.smartrecruiters.com/jobandtalent,1,kalil0321-ats-companies
jobboard,careers.smartrecruiters.com/jobboard,1,kalil0321-ats-companies
jobnath,careers.smartrecruiters.com/jobnath,1,kalil0321-ats-companies
jobsforhumanity,careers.smartrecruiters.com/jobsforhumanity,1,kalil0321-ats-companies
johnsnowlabs,careers.smartrecruiters.com/johnsnowlabs,1,kalil0321-ats-companies
josefspharmacy,careers.smartrecruiters.com/josefspharmacy,1,kalil0321-ats-companies
joveosandbox,careers.smartrecruiters.com/joveosandbox,1,kalil0321-ats-companies
jsheldllc,careers.smartrecruiters.com/jsheldllc,2,kalil0321-ats-companies;outscal-openjobs
juicebox,careers.smartrecruiters.com/juicebox,1,kalil0321-ats-companies
jumia4,careers.smartrecruiters.com/jumia4,1,kalil0321-ats-companies
jumio,careers.smartrecruiters.com/jumio,1,kalil0321-ats-companies
jumpcloud,careers.smartrecruiters.com/jumpcloud,1,kalil0321-ats-companies
jungleegames,careers.smartrecruiters.com/jungleegames,1,kalil0321-ats-companies
junglescout,careers.smartrecruiters.com/junglescout,1,kalil0321-ats-companies
junior,careers.smartrecruiters.com/junior,1,kalil0321-ats-companies
junioradventuresgroup,careers.smartrecruiters.com/junioradventuresgroup,1,kalil0321-ats-companies
justwatch,careers.smartrecruiters.com/justwatch,1,kalil0321-ats-companies
justworks,careers.smartrecruiters.com/justworks,1,kalil0321-ats-companies
jysk,careers.smartrecruiters.com/jysk,1,kalil0321-ats-companies
K-group1,careers.smartrecruiters.com/K-group1,1,outscal-openjobs
k2groupinc,careers.smartrecruiters.com/k2groupinc,1,kalil0321-ats-companies
k2partnering,careers.smartrecruiters.com/k2partnering,1,kalil0321-ats-companies
kabam,careers.smartrecruiters.com/kabam,1,kalil0321-ats-companies
kaiyo,careers.smartrecruiters.com/kaiyo,1,kalil0321-ats-companies
kanadeviainova,careers.smartrecruiters.com/kanadeviainova,1,kalil0321-ats-companies
kanoapps,careers.smartrecruiters.com/kanoapps,1,kalil0321-ats-companies
kantegroup,jobs.smartrecruiters.com/kantegroup,1,outscal-openjobs
kargo,careers.smartrecruiters.com/kargo,1,kalil0321-ats-companies
kaskada,careers.smartrecruiters.com/kaskada,1,kalil0321-ats-companies
keenansestateagentslimited,careers.smartrecruiters.com/keenansestateagentslimited,1,kalil0321-ats-companies
keenfinity,careers.smartrecruiters.com/keenfinity,1,kalil0321-ats-companies
keenlogic,careers.smartrecruiters.com/keenlogic,1,kalil0321-ats-companies
keepsafe,careers.smartrecruiters.com/keepsafe,1,kalil0321-ats-companies
kegmaninc,careers.smartrecruiters.com/kegmaninc,1,kalil0321-ats-companies
kellen,careers.smartrecruiters.com/kellen,1,kalil0321-ats-companies
kensingtontours,careers.smartrecruiters.com/kensingtontours,1,kalil0321-ats-companies
kenvue,jobs.smartrecruiters.com/kenvue,1,outscal-openjobs
keplercheuvreux,careers.smartrecruiters.com/keplercheuvreux,1,kalil0321-ats-companies
keylentinc,jobs.smartrecruiters.com/keylentinc,1,outscal-openjobs
KeywordsAustralia,careers.smartrecruiters.com/KeywordsAustralia,1,outscal-openjobs
KeywordsStudios,careers.smartrecruiters.com/KeywordsStudios,1,kalil0321-ats-companies
kgstechnologygroupinc,careers.smartrecruiters.com/kgstechnologygroupinc,1,kalil0321-ats-companies
kickmaker,careers.smartrecruiters.com/kickmaker,1,kalil0321-ats-companies
kimmelassociates,careers.smartrecruiters.com/kimmelassociates,1,kalil0321-ats-companies
kimohatechnologies,careers.smartrecruiters.com/kimohatechnologies,1,kalil0321-ats-companies
kingfisher2,careers.smartrecruiters.com/kingfisher2,1,kalil0321-ats-companies
kinsta,careers.smartrecruiters.com/kinsta,1,kalil0321-ats-companies
kipp,careers.smartrecruiters.com/kipp,1,kalil0321-ats-companies
kiscoseniorliving,careers.smartrecruiters.com/kiscoseniorliving,1,kalil0321-ats-companies
kitopi,careers.smartrecruiters.com/kitopi,1,kalil0321-ats-companies
kivaorg,careers.smartrecruiters.com/kivaorg,1,kalil0321-ats-companies
kixeye,careers.smartrecruiters.com/kixeye,1,kalil0321-ats-companies
klap6,careers.smartrecruiters.com/klap6,1,kalil0321-ats-companies
Klarna,https://jobs.smartrecruiters.com/Klarna,1,nandish02-portfolio
klick1,careers.smartrecruiters.com/klick1,1,kalil0321-ats-companies
kmstechnology1,careers.smartrecruiters.com/kmstechnology1,1,kalil0321-ats-companies
knack,careers.smartrecruiters.com/knack,1,kalil0321-ats-companies
KnackStudios,careers.smartrecruiters.com/KnackStudios,1,outscal-openjobs
knobelsdorffenterprises,careers.smartrecruiters.com/knobelsdorffenterprises,1,kalil0321-ats-companies
knowhirematch,careers.smartrecruiters.com/knowhirematch,1,kalil0321-ats-companies
kobiton,careers.smartrecruiters.com/kobiton,1,kalil0321-ats-companies
kodo,jobs.smartrecruiters.com/kodo,1,outscal-openjobs
koko,careers.smartrecruiters.com/koko,1,kalil0321-ats-companies
kombo,careers.smartrecruiters.com/kombo,1,kalil0321-ats-companies
konecranes,jobs.smartrecruiters.com/konecranes,1,outscal-openjobs
konradgroup,careers.smartrecruiters.com/konradgroup,1,kalil0321-ats-companies
kordamentha,careers.smartrecruiters.com/kordamentha,1,kalil0321-ats-companies
kovaico,jobs.smartrecruiters.com/kovaico,1,outscal-openjobs
kpffconsultingengineers,careers.smartrecruiters.com/kpffconsultingengineers,1,kalil0321-ats-companies
KPMG,https://jobs.smartrecruiters.com/KPMG,1,nandish02-portfolio
kpmgaustralia1,careers.smartrecruiters.com/kpmgaustralia1,1,kalil0321-ats-companies
kpn,careers.smartrecruiters.com/kpn,1,kalil0321-ats-companies
kqed,careers.smartrecruiters.com/kqed,1,kalil0321-ats-companies
kquestllc,careers.smartrecruiters.com/kquestllc,1,kalil0321-ats-companies
kredx,careers.smartrecruiters.com/kredx,1,kalil0321-ats-companies
krgtechnologyinc,careers.smartrecruiters.com/krgtechnologyinc,1,kalil0321-ats-companies
kronospan,jobs.smartrecruiters.com/kronospan,1,outscal-openjobs
kruzeconsulting,careers.smartrecruiters.com/kruzeconsulting,1,kalil0321-ats-companies
KSIAutoParts,careers.smartrecruiters.com/KSIAutoParts,1,andreasasprou-ats-finder
kubapay,careers.smartrecruiters.com/kubapay,1,kalil0321-ats-companies
kubra,careers.smartrecruiters.com/kubra,1,kalil0321-ats-companies
kuda,careers.smartrecruiters.com/kuda,1,kalil0321-ats-companies
kuehne-nagel,careers.smartrecruiters.com/kuehne-nagel,1,kalil0321-ats-companies
kurtgeiger,careers.smartrecruiters.com/kurtgeiger,1,kalil0321-ats-companies
kvh,careers.smartrecruiters.com/kvh,1,kalil0321-ats-companies
kyivstar,careers.smartrecruiters.com/kyivstar,1,kalil0321-ats-companies
kynectexpressllc,careers.smartrecruiters.com/kynectexpressllc,1,kalil0321-ats-companies
labanswer,careers.smartrecruiters.com/labanswer,1,kalil0321-ats-companies
laborfinders,careers.smartrecruiters.com/laborfinders,1,kalil0321-ats-companies
labour247limited,careers.smartrecruiters.com/labour247limited,1,kalil0321-ats-companies
lacedaemondistributionsllc,careers.smartrecruiters.com/lacedaemondistributionsllc,1,kalil0321-ats-companies
laclippers,careers.smartrecruiters.com/laclippers,1,kalil0321-ats-companies
lakeshore,careers.smartrecruiters.com/lakeshore,1,kalil0321-ats-companies
lalamove,careers.smartrecruiters.com/lalamove,1,kalil0321-ats-companies
lambda,careers.smartrecruiters.com/lambda,1,kalil0321-ats-companies
lamresearch,careers.smartrecruiters.com/lamresearch,1,kalil0321-ats-companies
landmarkhospitality,careers.smartrecruiters.com/landmarkhospitality,1,kalil0321-ats-companies
landpoint,careers.smartrecruiters.com/landpoint,1,kalil0321-ats-companies
landscapesolutions,careers.smartrecruiters.com/landscapesolutions,1,kalil0321-ats-companies
languagewire,careers.smartrecruiters.com/languagewire,1,kalil0321-ats-companies
larvol,careers.smartrecruiters.com/larvol,1,kalil0321-ats-companies
lasangroup,careers.smartrecruiters.com/lasangroup,1,kalil0321-ats-companies
latch,careers.smartrecruiters.com/latch,1,kalil0321-ats-companies
later,careers.smartrecruiters.com/later,1,kalil0321-ats-companies
leadingeducators,careers.smartrecruiters.com/leadingeducators,1,kalil0321-ats-companies
leantaas,careers.smartrecruiters.com/leantaas,1,kalil0321-ats-companies
leap,careers.smartrecruiters.com/leap,1,kalil0321-ats-companies
leapwork,careers.smartrecruiters.com/leapwork,1,kalil0321-ats-companies
learnosity,careers.smartrecruiters.com/learnosity,1,kalil0321-ats-companies
lecollectionist,jobs.smartrecruiters.com/lecollectionist,1,outscal-openjobs
legacyengineering,careers.smartrecruiters.com/legacyengineering,1,kalil0321-ats-companies
LegalAndGeneral,jobs.smartrecruiters.com/LegalAndGeneral,1,ches-ctrl-cheddar
legalmatch,careers.smartrecruiters.com/legalmatch,1,kalil0321-ats-companies
lemonio,careers.smartrecruiters.com/lemonio,1,kalil0321-ats-companies
lendha,careers.smartrecruiters.com/lendha,1,kalil0321-ats-companies
lendigroup1,careers.smartrecruiters.com/lendigroup1,1,kalil0321-ats-companies
lendingkart,careers.smartrecruiters.com/lendingkart,1,kayden-vs-ats-finder
lendingtree,careers.smartrecruiters.com/lendingtree,1,kalil0321-ats-companies
lengow,careers.smartrecruiters.com/lengow,1,kalil0321-ats-companies
Lennox,https://jobs.smartrecruiters.com/Lennox,1,nandish02-portfolio
letsgetchecked,jobs.smartrecruiters.com/letsgetchecked,1,outscal-openjobs
levee,careers.smartrecruiters.com/levee,1,kalil0321-ats-companies
level,careers.smartrecruiters.com/level,1,kalil0321-ats-companies
levelall,jobs.smartrecruiters.com/levelall,1,outscal-openjobs
levelset,careers.smartrecruiters.com/levelset,1,kalil0321-ats-companies
levelup,careers.smartrecruiters.com/levelup,1,kalil0321-ats-companies
levio,careers.smartrecruiters.com/levio,1,kalil0321-ats-companies
lextorahlds,careers.smartrecruiters.com/lextorahlds,1,kalil0321-ats-companies
lgcgroup,careers.smartrecruiters.com/lgcgroup,1,kalil0321-ats-companies
lgihomes,careers.smartrecruiters.com/lgihomes,1,kalil0321-ats-companies
lhclogisticsllc,careers.smartrecruiters.com/lhclogisticsllc,1,kalil0321-ats-companies
libertymutual,careers.smartrecruiters.com/libertymutual,1,kalil0321-ats-companies
lieberman,careers.smartrecruiters.com/lieberman,1,kalil0321-ats-companies
lifelinescreening,careers.smartrecruiters.com/lifelinescreening,1,kalil0321-ats-companies
liftedanupworkcompany,careers.smartrecruiters.com/liftedanupworkcompany,1,kalil0321-ats-companies
liftoffdeliveryllc,careers.smartrecruiters.com/liftoffdeliveryllc,1,kalil0321-ats-companies
lightwonder,careers.smartrecruiters.com/lightwonder,2,kalil0321-ats-companies;outscal-openjobs
lightyear,careers.smartrecruiters.com/lightyear,1,kalil0321-ats-companies
likewise,careers.smartrecruiters.com/likewise,1,kalil0321-ats-companies
lincolndigitalgroup,jobs.smartrecruiters.com/lincolndigitalgroup,1,outscal-openjobs
lineaenergy,careers.smartrecruiters.com/lineaenergy,1,kalil0321-ats-companies
lineleap,careers.smartrecruiters.com/lineleap,1,kalil0321-ats-companies
linenchest,careers.smartrecruiters.com/linenchest,1,kalil0321-ats-companies
ling,careers.smartrecruiters.com/ling,1,kalil0321-ats-companies
lingatech,careers.smartrecruiters.com/lingatech,1,kalil0321-ats-companies
lingoace,careers.smartrecruiters.com/lingoace,1,kalil0321-ats-companies
linkedin3,careers.smartrecruiters.com/linkedin3,3,jd-intel-npm;kalil0321-ats-companies;outscal-openjobs
linuxbeansolutionpvtltd,careers.smartrecruiters.com/linuxbeansolutionpvtltd,1,kalil0321-ats-companies
literably,careers.smartrecruiters.com/literably,1,kalil0321-ats-companies
liveperson,careers.smartrecruiters.com/liveperson,1,kalil0321-ats-companies
livinggoods,careers.smartrecruiters.com/livinggoods,1,kalil0321-ats-companies
livo,careers.smartrecruiters.com/livo,1,kalil0321-ats-companies
llnl,careers.smartrecruiters.com/llnl,2,kalil0321-ats-companies;outscal-openjobs
loccitane,careers.smartrecruiters.com/loccitane,1,kalil0321-ats-companies
locumtenenscom,jobs.smartrecruiters.com/locumtenenscom,1,outscal-openjobs
lodestar,careers.smartrecruiters.com/lodestar,1,kalil0321-ats-companies
loft,careers.smartrecruiters.com/loft,1,kalil0321-ats-companies
loft17visuals,jobs.smartrecruiters.com/loft17visuals,1,outscal-openjobs
loginext,careers.smartrecruiters.com/loginext,1,kalil0321-ats-companies
LogisoftTechnologiesInc2,careers.smartrecruiters.com/LogisoftTechnologiesInc2,1,andreasasprou-ats-finder
LogisoftTechnologiesInc2.,careers.smartrecruiters.com/LogisoftTechnologiesInc2.,1,andreasasprou-ats-finder
lokal,careers.smartrecruiters.com/lokal,1,kayden-vs-ats-finder
longbridgefinancial,careers.smartrecruiters.com/longbridgefinancial,1,kalil0321-ats-companies
lonza,jobs.smartrecruiters.com/lonza,1,outscal-openjobs
loopme,careers.smartrecruiters.com/loopme,1,kalil0321-ats-companies
lopezassociates,careers.smartrecruiters.com/lopezassociates,1,kalil0321-ats-companies
loral,jobs.smartrecruiters.com/loral,1,outscal-openjobs
lottiefiles,jobs.smartrecruiters.com/lottiefiles,1,outscal-openjobs
louisdreyfuscompany,careers.smartrecruiters.com/louisdreyfuscompany,1,kalil0321-ats-companies
ltv,careers.smartrecruiters.com/ltv,1,kalil0321-ats-companies
lucidsoftware,careers.smartrecruiters.com/lucidsoftware,1,kalil0321-ats-companies
lumengames,jobs.smartrecruiters.com/lumengames,1,outscal-openjobs
lupinpharmaceuticals,careers.smartrecruiters.com/lupinpharmaceuticals,1,kalil0321-ats-companies
luxemediallc,careers.smartrecruiters.com/luxemediallc,1,kalil0321-ats-companies
luxuryescapes,careers.smartrecruiters.com/luxuryescapes,1,kalil0321-ats-companies
luxus,careers.smartrecruiters.com/luxus,1,kalil0321-ats-companies
luxyhair,careers.smartrecruiters.com/luxyhair,1,kalil0321-ats-companies
lyft,careers.smartrecruiters.com/lyft,1,kalil0321-ats-companies
lynchconsultantsllc,careers.smartrecruiters.com/lynchconsultantsllc,1,kalil0321-ats-companies
lynxpathlogistics,careers.smartrecruiters.com/lynxpathlogistics,1,kalil0321-ats-companies
lyst,careers.smartrecruiters.com/lyst,1,kalil0321-ats-companies
lyte,careers.smartrecruiters.com/lyte,1,kalil0321-ats-companies
m13,careers.smartrecruiters.com/m13,1,kalil0321-ats-companies
m3,careers.smartrecruiters.com/m3,1,kalil0321-ats-companies
m3usa,careers.smartrecruiters.com/m3usa,1,kalil0321-ats-companies
m9solutions,careers.smartrecruiters.com/m9solutions,1,kalil0321-ats-companies
mable,careers.smartrecruiters.com/mable,1,kalil0321-ats-companies
mach,careers.smartrecruiters.com/mach,1,kalil0321-ats-companies
machineyardcomng,careers.smartrecruiters.com/machineyardcomng,1,kalil0321-ats-companies
MACSEYE,careers.smartrecruiters.com/MACSEYE,1,kalil0321-ats-companies
mactayconsulting,careers.smartrecruiters.com/mactayconsulting,1,kalil0321-ats-companies
macys,careers.smartrecruiters.com/macys,1,kalil0321-ats-companies
madhive,careers.smartrecruiters.com/madhive,1,kalil0321-ats-companies
madilosrl,careers.smartrecruiters.com/madilosrl,1,kalil0321-ats-companies
madisonaveconsulting,careers.smartrecruiters.com/madisonaveconsulting,1,kalil0321-ats-companies
magellanpartners,careers.smartrecruiters.com/magellanpartners,1,kalil0321-ats-companies
magicears,careers.smartrecruiters.com/magicears,1,kalil0321-ats-companies
maglevaeroinc,careers.smartrecruiters.com/maglevaeroinc,1,kalil0321-ats-companies
magnolia,careers.smartrecruiters.com/magnolia,1,kalil0321-ats-companies
mainspringenergy,careers.smartrecruiters.com/mainspringenergy,1,kalil0321-ats-companies
malwarebytes,careers.smartrecruiters.com/malwarebytes,1,kalil0321-ats-companies
mamamoney,careers.smartrecruiters.com/mamamoney,1,kalil0321-ats-companies
mambaby,careers.smartrecruiters.com/mambaby,1,kalil0321-ats-companies
manifest,careers.smartrecruiters.com/manifest,1,kalil0321-ats-companies
manilarecruitment,careers.smartrecruiters.com/manilarecruitment,1,kalil0321-ats-companies
maps,careers.smartrecruiters.com/maps,1,kalil0321-ats-companies
marex,careers.smartrecruiters.com/marex,1,kalil0321-ats-companies
marinerpartnersinc,careers.smartrecruiters.com/marinerpartnersinc,1,kalil0321-ats-companies
marinerschurch,careers.smartrecruiters.com/marinerschurch,1,kalil0321-ats-companies
marketbridge,careers.smartrecruiters.com/marketbridge,1,kalil0321-ats-companies
marketforce,careers.smartrecruiters.com/marketforce,1,kalil0321-ats-companies
marlabsinc1,careers.smartrecruiters.com/marlabsinc1,1,kalil0321-ats-companies
masdar,careers.smartrecruiters.com/masdar,1,kalil0321-ats-companies
masholdings,careers.smartrecruiters.com/masholdings,1,kalil0321-ats-companies
masimo,careers.smartrecruiters.com/masimo,1,kalil0321-ats-companies
massiverocket,careers.smartrecruiters.com/massiverocket,1,kalil0321-ats-companies
masterbrandcabinetsllc,careers.smartrecruiters.com/masterbrandcabinetsllc,1,kalil0321-ats-companies
mastercard,careers.smartrecruiters.com/mastercard,1,kalil0321-ats-companies
masterclass,careers.smartrecruiters.com/masterclass,1,kalil0321-ats-companies
mathematica,careers.smartrecruiters.com/mathematica,1,kalil0321-ats-companies
matrixresources1,careers.smartrecruiters.com/matrixresources1,1,kalil0321-ats-companies
mattelinc,careers.smartrecruiters.com/mattelinc,2,kalil0321-ats-companies;outscal-openjobs
matteprojects,careers.smartrecruiters.com/matteprojects,1,kalil0321-ats-companies
mauriceblackburnlawyers1,careers.smartrecruiters.com/mauriceblackburnlawyers1,1,kalil0321-ats-companies
maxima,careers.smartrecruiters.com/maxima,1,kalil0321-ats-companies
maximus,careers.smartrecruiters.com/maximus,1,kalil0321-ats-companies
maxmarafashiongroup,careers.smartrecruiters.com/maxmarafashiongroup,1,kalil0321-ats-companies
mbacsi,careers.smartrecruiters.com/mbacsi,1,kalil0321-ats-companies
mccloskeypartners,careers.smartrecruiters.com/mccloskeypartners,1,kalil0321-ats-companies
mcdonaldscanada,careers.smartrecruiters.com/mcdonaldscanada,1,kalil0321-ats-companies
mcdonaldscorporation,careers.smartrecruiters.com/mcdonaldscorporation,2,kalil0321-ats-companies;outscal-openjobs
mcfadyendigital,careers.smartrecruiters.com/mcfadyendigital,1,kalil0321-ats-companies
mcg1,careers.smartrecruiters.com/mcg1,1,kalil0321-ats-companies
mcgeeairservices,careers.smartrecruiters.com/mcgeeairservices,1,kalil0321-ats-companies
mci,careers.smartrecruiters.com/mci,1,kalil0321-ats-companies
McKesson,https://jobs.smartrecruiters.com/McKesson,1,nandish02-portfolio
mckesson4,careers.smartrecruiters.com/mckesson4,1,kalil0321-ats-companies
McKinsey,https://jobs.smartrecruiters.com/McKinsey,1,nandish02-portfolio
mco,careers.smartrecruiters.com/mco,1,kalil0321-ats-companies
mcwaneinc,careers.smartrecruiters.com/mcwaneinc,1,kalil0321-ats-companies
mdn,careers.smartrecruiters.com/mdn,1,kalil0321-ats-companies
mealsuite,careers.smartrecruiters.com/mealsuite,1,kalil0321-ats-companies
medhealth3,careers.smartrecruiters.com/medhealth3,1,kalil0321-ats-companies
mediabrands,careers.smartrecruiters.com/mediabrands,1,kalil0321-ats-companies
mediatrust,careers.smartrecruiters.com/mediatrust,1,kalil0321-ats-companies
medicalguardian,careers.smartrecruiters.com/medicalguardian,1,kalil0321-ats-companies
medmark,careers.smartrecruiters.com/medmark,1,kalil0321-ats-companies
medmix,careers.smartrecruiters.com/medmix,1,kalil0321-ats-companies
medsien,careers.smartrecruiters.com/medsien,1,kalil0321-ats-companies
medtelligent,careers.smartrecruiters.com/medtelligent,1,kalil0321-ats-companies
medtrainer,careers.smartrecruiters.com/medtrainer,1,kalil0321-ats-companies
medvacon,careers.smartrecruiters.com/medvacon,1,kalil0321-ats-companies
meesho,careers.smartrecruiters.com/meesho,1,kalil0321-ats-companies
meetingtomorrow,careers.smartrecruiters.com/meetingtomorrow,1,kalil0321-ats-companies
mejuri,careers.smartrecruiters.com/mejuri,1,kalil0321-ats-companies
mercadolibre,careers.smartrecruiters.com/mercadolibre,1,kalil0321-ats-companies
merceradvisors,careers.smartrecruiters.com/merceradvisors,1,kalil0321-ats-companies
mercermettl,careers.smartrecruiters.com/mercermettl,1,kayden-vs-ats-finder
mercury,careers.smartrecruiters.com/mercury,1,kalil0321-ats-companies
mercuryinsurance,careers.smartrecruiters.com/mercuryinsurance,1,kalil0321-ats-companies
mercurylogisticsgroup,careers.smartrecruiters.com/mercurylogisticsgroup,1,kalil0321-ats-companies
meritsolutions,careers.smartrecruiters.com/meritsolutions,1,kalil0321-ats-companies
messagegearsllc,careers.smartrecruiters.com/messagegearsllc,1,kalil0321-ats-companies
meta1,careers.smartrecruiters.com/meta1,1,kalil0321-ats-companies
META4,careers.smartrecruiters.com/META4,1,outscal-openjobs
metaoption,careers.smartrecruiters.com/metaoption,1,kalil0321-ats-companies
MetasysTechnologiesInc1,careers.smartrecruiters.com/MetasysTechnologiesInc1,1,andreasasprou-ats-finder
metaview,careers.smartrecruiters.com/metaview,1,kalil0321-ats-companies
metgroup,careers.smartrecruiters.com/metgroup,1,kalil0321-ats-companies
metro,careers.smartrecruiters.com/metro,1,kalil0321-ats-companies
metromakro,careers.smartrecruiters.com/metromakro,1,kalil0321-ats-companies
metronome,careers.smartrecruiters.com/metronome,1,kalil0321-ats-companies
mgmresortsinternational,jobs.smartrecruiters.com/mgmresortsinternational,1,outscal-openjobs
microcodersllc,careers.smartrecruiters.com/microcodersllc,1,kalil0321-ats-companies
micron,careers.smartrecruiters.com/micron,1,kalil0321-ats-companies
microsoft,careers.smartrecruiters.com/microsoft,1,kalil0321-ats-companies
Microsoft1,https://jobs.smartrecruiters.com/Microsoft1,1,nandish02-portfolio
microsoftc1,careers.smartrecruiters.com/microsoftc1,1,kalil0321-ats-companies
midwestspecialservices,careers.smartrecruiters.com/midwestspecialservices,1,kalil0321-ats-companies
mikefreemanchevroletinc,careers.smartrecruiters.com/mikefreemanchevroletinc,1,kalil0321-ats-companies
miltoncat,careers.smartrecruiters.com/miltoncat,1,kalil0321-ats-companies
milumexpressllc,careers.smartrecruiters.com/milumexpressllc,1,kalil0321-ats-companies
mindlance2,careers.smartrecruiters.com/mindlance2,1,kalil0321-ats-companies
mindtickle,careers.smartrecruiters.com/mindtickle,1,kalil0321-ats-companies
minorinternational,careers.smartrecruiters.com/minorinternational,2,jd-intel-npm;kalil0321-ats-companies
minted,careers.smartrecruiters.com/minted,1,kalil0321-ats-companies
MiracleSoftwareSystem1,careers.smartrecruiters.com/MiracleSoftwareSystem1,1,outscal-openjobs
mirage,careers.smartrecruiters.com/mirage,1,kalil0321-ats-companies
mirantis,careers.smartrecruiters.com/mirantis,1,kalil0321-ats-companies
miratech1,careers.smartrecruiters.com/miratech1,2,kalil0321-ats-companies;outscal-openjobs
missionboxsolutions,jobs.smartrecruiters.com/missionboxsolutions,1,outscal-openjobs
missionsinc,careers.smartrecruiters.com/missionsinc,1,kalil0321-ats-companies
mithril,careers.smartrecruiters.com/mithril,1,kalil0321-ats-companies
mitratech,careers.smartrecruiters.com/mitratech,2,kalil0321-ats-companies;outscal-openjobs
mitresource,careers.smartrecruiters.com/mitresource,1,kalil0321-ats-companies
MixMob,careers.smartrecruiters.com/MixMob,1,outscal-openjobs
mkopa,careers.smartrecruiters.com/mkopa,1,kalil0321-ats-companies
mnrsolutionspvtltd,jobs.smartrecruiters.com/mnrsolutionspvtltd,1,outscal-openjobs
mobilityware,careers.smartrecruiters.com/mobilityware,1,kalil0321-ats-companies
modeln,careers.smartrecruiters.com/modeln,1,kalil0321-ats-companies
moderngeographictechnologiescorp,careers.smartrecruiters.com/moderngeographictechnologiescorp,1,kalil0321-ats-companies
molestreet,careers.smartrecruiters.com/molestreet,1,kalil0321-ats-companies
momentumfinancialservicesgroup,careers.smartrecruiters.com/momentumfinancialservicesgroup,1,kalil0321-ats-companies
moneythink,careers.smartrecruiters.com/moneythink,1,kalil0321-ats-companies
monroinc,careers.smartrecruiters.com/monroinc,1,kalil0321-ats-companies
monterail,careers.smartrecruiters.com/monterail,1,kalil0321-ats-companies
montrealassociates,careers.smartrecruiters.com/montrealassociates,1,kalil0321-ats-companies
moonpig,careers.smartrecruiters.com/moonpig,1,kalil0321-ats-companies
morganstanley,careers.smartrecruiters.com/morganstanley,1,kalil0321-ats-companies
morganswonderlandcamp,careers.smartrecruiters.com/morganswonderlandcamp,1,kalil0321-ats-companies
morotech,careers.smartrecruiters.com/morotech,1,kalil0321-ats-companies
mos,careers.smartrecruiters.com/mos,1,kalil0321-ats-companies
mosaic,careers.smartrecruiters.com/mosaic,1,kalil0321-ats-companies
mottmacdonald,jobs.smartrecruiters.com/mottmacdonald,1,outscal-openjobs
mountfitchetgroup,careers.smartrecruiters.com/mountfitchetgroup,1,kalil0321-ats-companies
movingpicturecompany,careers.smartrecruiters.com/movingpicturecompany,2,kalil0321-ats-companies;outscal-openjobs
MovingWallsIndiaPvtLtd,careers.smartrecruiters.com/MovingWallsIndiaPvtLtd,1,outscal-openjobs
moxie,careers.smartrecruiters.com/moxie,1,kalil0321-ats-companies
mpowerdirect,careers.smartrecruiters.com/mpowerdirect,1,kalil0321-ats-companies
mpowerfinancing,jobs.smartrecruiters.com/mpowerfinancing,1,outscal-openjobs
mrapple,careers.smartrecruiters.com/mrapple,1,kalil0321-ats-companies
msc-mediterraneanshippingcompany,careers.smartrecruiters.com/msc-mediterraneanshippingcompany,1,kalil0321-ats-companies
msm,careers.smartrecruiters.com/msm,1,kalil0321-ats-companies
msxinternational,careers.smartrecruiters.com/msxinternational,1,kalil0321-ats-companies
mta,careers.smartrecruiters.com/mta,1,kalil0321-ats-companies
muchprosperitytradinginternationalinc,careers.smartrecruiters.com/muchprosperitytradinginternationalinc,1,kalil0321-ats-companies
multiplicatalent,careers.smartrecruiters.com/multiplicatalent,1,kalil0321-ats-companies
munsonhealthcare1,careers.smartrecruiters.com/munsonhealthcare1,1,kalil0321-ats-companies
mynrma,careers.smartrecruiters.com/mynrma,1,kalil0321-ats-companies
myteam,careers.smartrecruiters.com/myteam,1,kalil0321-ats-companies
mytime,careers.smartrecruiters.com/mytime,1,kalil0321-ats-companies
mytutor,careers.smartrecruiters.com/mytutor,1,kalil0321-ats-companies
n1,careers.smartrecruiters.com/n1,1,kalil0321-ats-companies
n4,careers.smartrecruiters.com/n4,1,kalil0321-ats-companies
nagarro1,careers.smartrecruiters.com/nagarro1,2,kalil0321-ats-companies;outscal-openjobs
namely,jobs.smartrecruiters.com/namely,1,outscal-openjobs
namshi,careers.smartrecruiters.com/namshi,1,kalil0321-ats-companies
napier,careers.smartrecruiters.com/napier,1,kalil0321-ats-companies
narvar,careers.smartrecruiters.com/narvar,1,kalil0321-ats-companies
naseba,careers.smartrecruiters.com/naseba,1,kalil0321-ats-companies
natera,careers.smartrecruiters.com/natera,1,kalil0321-ats-companies
nationaldebtrelief,careers.smartrecruiters.com/nationaldebtrelief,1,kalil0321-ats-companies
nationalvision1,careers.smartrecruiters.com/nationalvision1,1,kalil0321-ats-companies
native,careers.smartrecruiters.com/native,1,kalil0321-ats-companies
nativehealth,careers.smartrecruiters.com/nativehealth,1,kalil0321-ats-companies
nativo,careers.smartrecruiters.com/nativo,1,kalil0321-ats-companies
natixisinportugal,careers.smartrecruiters.com/natixisinportugal,1,kalil0321-ats-companies
natuviongmbh,careers.smartrecruiters.com/natuviongmbh,1,kalil0321-ats-companies
nava,careers.smartrecruiters.com/nava,1,kalil0321-ats-companies
nayya,careers.smartrecruiters.com/nayya,1,kalil0321-ats-companies
nbcuniversal3,careers.smartrecruiters.com/nbcuniversal3,2,kalil0321-ats-companies;outscal-openjobs
ncc,careers.smartrecruiters.com/ncc,1,kalil0321-ats-companies
nch,careers.smartrecruiters.com/nch,1,kalil0321-ats-companies
nclouds,careers.smartrecruiters.com/nclouds,1,kalil0321-ats-companies
ncs,careers.smartrecruiters.com/ncs,1,kalil0321-ats-companies
ncsaustralia,careers.smartrecruiters.com/ncsaustralia,1,kalil0321-ats-companies
nearform,careers.smartrecruiters.com/nearform,1,kalil0321-ats-companies
nearsure,careers.smartrecruiters.com/nearsure,1,kalil0321-ats-companies
nebula,careers.smartrecruiters.com/nebula,1,kalil0321-ats-companies
necsws,careers.smartrecruiters.com/necsws,1,kalil0321-ats-companies
NeerinfoSolutions,careers.smartrecruiters.com/NeerinfoSolutions,1,andreasasprou-ats-finder
neofinancial,careers.smartrecruiters.com/neofinancial,1,kalil0321-ats-companies
neoris,careers.smartrecruiters.com/neoris,1,kalil0321-ats-companies
neospheres,careers.smartrecruiters.com/neospheres,1,kalil0321-ats-companies
netcompany1,careers.smartrecruiters.com/netcompany1,1,kalil0321-ats-companies
netdocuments,careers.smartrecruiters.com/netdocuments,1,kalil0321-ats-companies
netflix,careers.smartrecruiters.com/netflix,1,kalil0321-ats-companies
netomi,careers.smartrecruiters.com/netomi,1,kalil0321-ats-companies
netquest,careers.smartrecruiters.com/netquest,1,kalil0321-ats-companies
netradyne,jobs.smartrecruiters.com/netradyne,1,outscal-openjobs
netskope,jobs.smartrecruiters.com/netskope,1,outscal-openjobs
netural,careers.smartrecruiters.com/netural,1,kalil0321-ats-companies
networthrealtyusa,careers.smartrecruiters.com/networthrealtyusa,1,kalil0321-ats-companies
netx,careers.smartrecruiters.com/netx,1,kalil0321-ats-companies
newcenturyeducation,careers.smartrecruiters.com/newcenturyeducation,1,kalil0321-ats-companies
newenglanddonorservices,careers.smartrecruiters.com/newenglanddonorservices,1,kalil0321-ats-companies
newlegacylogisticsllc,careers.smartrecruiters.com/newlegacylogisticsllc,1,kalil0321-ats-companies
newrelic,careers.smartrecruiters.com/newrelic,2,kalil0321-ats-companies;outscal-openjobs
newscorp,jobs.smartrecruiters.com/newscorp,1,outscal-openjobs
newsela,careers.smartrecruiters.com/newsela,1,kalil0321-ats-companies
newsrevenuehub,careers.smartrecruiters.com/newsrevenuehub,1,kalil0321-ats-companies
newton,careers.smartrecruiters.com/newton,1,kalil0321-ats-companies
newtoneurope,careers.smartrecruiters.com/newtoneurope,1,kalil0321-ats-companies
newventurefund,careers.smartrecruiters.com/newventurefund,1,kalil0321-ats-companies
newyorkpsychotherapyandcounselingcenter,careers.smartrecruiters.com/newyorkpsychotherapyandcounselingcenter,1,kalil0321-ats-companies
nexgentechnologies,careers.smartrecruiters.com/nexgentechnologies,1,kalil0321-ats-companies
nexioprojects,careers.smartrecruiters.com/nexioprojects,1,kalil0321-ats-companies
nextdc,careers.smartrecruiters.com/nextdc,1,kalil0321-ats-companies
nextdoor,careers.smartrecruiters.com/nextdoor,1,kalil0321-ats-companies
nexthink,careers.smartrecruiters.com/nexthink,1,kalil0321-ats-companies
NextLevelBusinessServicesInc2,careers.smartrecruiters.com/NextLevelBusinessServicesInc2,1,outscal-openjobs
nextstepsystems,careers.smartrecruiters.com/nextstepsystems,1,kalil0321-ats-companies
nexusop,careers.smartrecruiters.com/nexusop,1,kalil0321-ats-companies
nexvelsolutions,careers.smartrecruiters.com/nexvelsolutions,1,kalil0321-ats-companies
nfrastructure,careers.smartrecruiters.com/nfrastructure,1,kalil0321-ats-companies
niche,careers.smartrecruiters.com/niche,1,kalil0321-ats-companies
nielseniq,careers.smartrecruiters.com/nielseniq,2,kalil0321-ats-companies;outscal-openjobs
Nine,careers.smartrecruiters.com/Nine,1,outscal-openjobs
nityoinfotech1,careers.smartrecruiters.com/nityoinfotech1,1,kalil0321-ats-companies
njit,careers.smartrecruiters.com/njit,1,kalil0321-ats-companies
nlc,careers.smartrecruiters.com/nlc,1,kalil0321-ats-companies
NoblesoftSolutions1,careers.smartrecruiters.com/NoblesoftSolutions1,1,andreasasprou-ats-finder
NoBroker,careers.smartrecruiters.com/NoBroker,1,kalil0321-ats-companies
nokia,careers.smartrecruiters.com/nokia,1,kalil0321-ats-companies
NopAdvanceLLP,careers.smartrecruiters.com/NopAdvanceLLP,1,outscal-openjobs
northbeam,careers.smartrecruiters.com/northbeam,1,kalil0321-ats-companies
northstarlogisticsllcdbanorthstarlogisticsnyc,careers.smartrecruiters.com/northstarlogisticsllcdbanorthstarlogisticsnyc,1,kalil0321-ats-companies
northwesternmedicine,careers.smartrecruiters.com/northwesternmedicine,1,kalil0321-ats-companies
northwesternmutual,careers.smartrecruiters.com/northwesternmutual,1,kalil0321-ats-companies
norwegiancruiseline,careers.smartrecruiters.com/norwegiancruiseline,1,kalil0321-ats-companies
notable,careers.smartrecruiters.com/notable,1,kalil0321-ats-companies
novomatictechnologiespoland,jobs.smartrecruiters.com/novomatictechnologiespoland,1,outscal-openjobs
nscglobal,careers.smartrecruiters.com/nscglobal,1,kalil0321-ats-companies
nsdtechinc,careers.smartrecruiters.com/nsdtechinc,1,kalil0321-ats-companies
nstinc,careers.smartrecruiters.com/nstinc,1,kalil0321-ats-companies
ntconcepts,careers.smartrecruiters.com/ntconcepts,1,kalil0321-ats-companies
nttdata,careers.smartrecruiters.com/nttdata,1,kalil0321-ats-companies
nubank,careers.smartrecruiters.com/nubank,1,kalil0321-ats-companies
nvidia,careers.smartrecruiters.com/nvidia,1,kalil0321-ats-companies
NvizzioCreations,careers.smartrecruiters.com/NvizzioCreations,1,outscal-openjobs
nxtkeycorporation,careers.smartrecruiters.com/nxtkeycorporation,1,kalil0321-ats-companies
nycdeliveryllc,careers.smartrecruiters.com/nycdeliveryllc,1,kalil0321-ats-companies
nyit,careers.smartrecruiters.com/nyit,1,kalil0321-ats-companies
ocelotlogisticsllc,careers.smartrecruiters.com/ocelotlogisticsllc,1,kalil0321-ats-companies
oci,careers.smartrecruiters.com/oci,1,kalil0321-ats-companies
ocorian,careers.smartrecruiters.com/ocorian,1,kalil0321-ats-companies
octopus1,careers.smartrecruiters.com/octopus1,1,kalil0321-ats-companies
octotechnology,careers.smartrecruiters.com/octotechnology,1,kalil0321-ats-companies
odaseva,careers.smartrecruiters.com/odaseva,1,kalil0321-ats-companies
OdysseyInteractive,careers.smartrecruiters.com/OdysseyInteractive,1,outscal-openjobs
oecd,careers.smartrecruiters.com/oecd,2,jd-intel-npm;kalil0321-ats-companies
oetiker,careers.smartrecruiters.com/oetiker,1,kalil0321-ats-companies
offerup,careers.smartrecruiters.com/offerup,1,kalil0321-ats-companies
officedepot,careers.smartrecruiters.com/officedepot,1,kalil0321-ats-companies
officespacesoftware,careers.smartrecruiters.com/officespacesoftware,1,kalil0321-ats-companies
ofx1,careers.smartrecruiters.com/ofx1,1,kalil0321-ats-companies
ogury,careers.smartrecruiters.com/ogury,1,kalil0321-ats-companies
oklahomadepartmentofhumanservices,careers.smartrecruiters.com/oklahomadepartmentofhumanservices,1,kalil0321-ats-companies
OldSkullGames1,careers.smartrecruiters.com/OldSkullGames1,1,outscal-openjobs
oliverbonacini,careers.smartrecruiters.com/oliverbonacini,1,kalil0321-ats-companies
olympusproperty,careers.smartrecruiters.com/olympusproperty,1,kalil0321-ats-companies
omadahealth,careers.smartrecruiters.com/omadahealth,1,kalil0321-ats-companies
omio1,careers.smartrecruiters.com/omio1,1,kalil0321-ats-companies
omni,careers.smartrecruiters.com/omni,1,kalil0321-ats-companies
oms,careers.smartrecruiters.com/oms,1,kalil0321-ats-companies
oneclick-ui,jobs.smartrecruiters.com/oneclick-ui,1,Kajaasfaq-Company-list-Chennai
onecore,careers.smartrecruiters.com/onecore,1,kalil0321-ats-companies
onevest,careers.smartrecruiters.com/onevest,1,kalil0321-ats-companies
onfido,careers.smartrecruiters.com/onfido,1,kalil0321-ats-companies
onsitecareinc,careers.smartrecruiters.com/onsitecareinc,1,kalil0321-ats-companies
ontariotransitgroup,careers.smartrecruiters.com/ontariotransitgroup,1,kalil0321-ats-companies
onthestage,careers.smartrecruiters.com/onthestage,1,kalil0321-ats-companies
ooma,careers.smartrecruiters.com/ooma,1,kalil0321-ats-companies
oowlish,careers.smartrecruiters.com/oowlish,1,kalil0321-ats-companies
open,careers.smartrecruiters.com/open,1,kalil0321-ats-companies
openjobs,careers.smartrecruiters.com/openjobs,1,kalil0321-ats-companies
openroad,careers.smartrecruiters.com/openroad,1,kalil0321-ats-companies
openroadmedia,careers.smartrecruiters.com/openroadmedia,1,kalil0321-ats-companies
OpenSystemsTechnologies,careers.smartrecruiters.com/OpenSystemsTechnologies,1,outscal-openjobs
optimum,careers.smartrecruiters.com/optimum,1,kalil0321-ats-companies
opus2,careers.smartrecruiters.com/opus2,1,kalil0321-ats-companies
oracle,careers.smartrecruiters.com/oracle,1,kalil0321-ats-companies
orau,careers.smartrecruiters.com/orau,1,kalil0321-ats-companies
orbit,careers.smartrecruiters.com/orbit,1,kalil0321-ats-companies
order,careers.smartrecruiters.com/order,1,kalil0321-ats-companies
ordermygear,careers.smartrecruiters.com/ordermygear,1,kalil0321-ats-companies
origamirisk,careers.smartrecruiters.com/origamirisk,1,kalil0321-ats-companies
orsinihealthcare,careers.smartrecruiters.com/orsinihealthcare,1,kalil0321-ats-companies
other,careers.smartrecruiters.com/other,1,kalil0321-ats-companies
owner,careers.smartrecruiters.com/owner,1,kalil0321-ats-companies
oxbridgeinternationalschool,jobs.smartrecruiters.com/oxbridgeinternationalschool,1,outscal-openjobs
oxfamamerica2,careers.smartrecruiters.com/oxfamamerica2,1,kalil0321-ats-companies
oxfordinternational,careers.smartrecruiters.com/oxfordinternational,1,kalil0321-ats-companies
pace,careers.smartrecruiters.com/pace,1,kalil0321-ats-companies
pacificacontinental,careers.smartrecruiters.com/pacificacontinental,2,kalil0321-ats-companies;outscal-openjobs
packtpublishing,careers.smartrecruiters.com/packtpublishing,1,kalil0321-ats-companies
paconsulting,careers.smartrecruiters.com/paconsulting,1,kalil0321-ats-companies
pagerduty,careers.smartrecruiters.com/pagerduty,1,kalil0321-ats-companies
paladintechnologies,careers.smartrecruiters.com/paladintechnologies,1,kalil0321-ats-companies
palantir,careers.smartrecruiters.com/palantir,1,kalil0321-ats-companies
palmmedicalcenters,careers.smartrecruiters.com/palmmedicalcenters,1,kalil0321-ats-companies
PaloAltoNetworks,https://jobs.smartrecruiters.com/PaloAltoNetworks,2,job-pilot;nandish02-portfolio
PaloAltoNetworks2,careers.smartrecruiters.com/PaloAltoNetworks2,1,outscal-openjobs
paradigm,careers.smartrecruiters.com/paradigm,1,kalil0321-ats-companies
paradox,careers.smartrecruiters.com/paradox,1,kalil0321-ats-companies
paraform,careers.smartrecruiters.com/paraform,1,kalil0321-ats-companies
paragon,careers.smartrecruiters.com/paragon,1,kalil0321-ats-companies
parentsquare,careers.smartrecruiters.com/parentsquare,1,kalil0321-ats-companies
parker,careers.smartrecruiters.com/parker,1,kalil0321-ats-companies
parkland,careers.smartrecruiters.com/parkland,1,kalil0321-ats-companies
parmanenergy,careers.smartrecruiters.com/parmanenergy,1,kalil0321-ats-companies
parrot,careers.smartrecruiters.com/parrot,1,kalil0321-ats-companies
patientpoint,careers.smartrecruiters.com/patientpoint,1,kalil0321-ats-companies
payscale,careers.smartrecruiters.com/payscale,1,kalil0321-ats-companies
pdtpartners,careers.smartrecruiters.com/pdtpartners,1,kalil0321-ats-companies
peacocks,careers.smartrecruiters.com/peacocks,1,kalil0321-ats-companies
peakgames,careers.smartrecruiters.com/peakgames,1,kalil0321-ats-companies
peakperformance,careers.smartrecruiters.com/peakperformance,1,kalil0321-ats-companies
peek,careers.smartrecruiters.com/peek,1,kalil0321-ats-companies
pegadaian,careers.smartrecruiters.com/pegadaian,1,kalil0321-ats-companies
PeopleCanFly,careers.smartrecruiters.com/PeopleCanFly,1,outscal-openjobs
percepta,careers.smartrecruiters.com/percepta,1,kalil0321-ats-companies
perennial,careers.smartrecruiters.com/perennial,1,kalil0321-ats-companies
perforce,careers.smartrecruiters.com/perforce,1,kalil0321-ats-companies
performyard,careers.smartrecruiters.com/performyard,1,kalil0321-ats-companies
perplexity,careers.smartrecruiters.com/perplexity,1,kalil0321-ats-companies
persado,careers.smartrecruiters.com/persado,1,kalil0321-ats-companies
persistentsystems,careers.smartrecruiters.com/persistentsystems,1,kalil0321-ats-companies
personiv,jobs.smartrecruiters.com/personiv,1,outscal-openjobs
pexa,careers.smartrecruiters.com/pexa,1,kalil0321-ats-companies
pharmaace,jobs.smartrecruiters.com/pharmaace,1,outscal-openjobs
phase2careers,careers.smartrecruiters.com/phase2careers,1,kalil0321-ats-companies
philinc,careers.smartrecruiters.com/philinc,1,kalil0321-ats-companies
phillipsconsulting,careers.smartrecruiters.com/phillipsconsulting,1,kalil0321-ats-companies
phonepe,careers.smartrecruiters.com/phonepe,1,kalil0321-ats-companies
photoshelter,careers.smartrecruiters.com/photoshelter,1,kalil0321-ats-companies
Picnic,https://jobs.smartrecruiters.com/Picnic,1,jd-intel-npm
pieinsurance,careers.smartrecruiters.com/pieinsurance,1,kalil0321-ats-companies
pillartechnology,careers.smartrecruiters.com/pillartechnology,1,kalil0321-ats-companies
pilmicofoodscorporation,careers.smartrecruiters.com/pilmicofoodscorporation,1,kalil0321-ats-companies
pilotcompany,careers.smartrecruiters.com/pilotcompany,1,kalil0321-ats-companies
pingidentity,careers.smartrecruiters.com/pingidentity,1,kalil0321-ats-companies
pinterest,careers.smartrecruiters.com/pinterest,1,kalil0321-ats-companies
pioneerdatasystemsinc,careers.smartrecruiters.com/pioneerdatasystemsinc,1,kalil0321-ats-companies
pipedrive,careers.smartrecruiters.com/pipedrive,1,kalil0321-ats-companies
pipeworks,careers.smartrecruiters.com/pipeworks,1,kalil0321-ats-companies
piramal,careers.smartrecruiters.com/piramal,1,kalil0321-ats-companies
pivotal,careers.smartrecruiters.com/pivotal,1,kalil0321-ats-companies
placementsio,careers.smartrecruiters.com/placementsio,1,kalil0321-ats-companies
planetbeauty,careers.smartrecruiters.com/planetbeauty,1,kalil0321-ats-companies
plantemoran,careers.smartrecruiters.com/plantemoran,1,kalil0321-ats-companies
platzi,careers.smartrecruiters.com/platzi,1,kalil0321-ats-companies
play-perfect,jobs.smartrecruiters.com/play-perfect,1,outscal-openjobs
playtech,careers.smartrecruiters.com/playtech,2,kalil0321-ats-companies;outscal-openjobs
playtolabs,careers.smartrecruiters.com/playtolabs,1,kalil0321-ats-companies
playwing,jobs.smartrecruiters.com/playwing,1,outscal-openjobs
pmdsoft,careers.smartrecruiters.com/pmdsoft,1,kalil0321-ats-companies
polestar,careers.smartrecruiters.com/polestar,1,kalil0321-ats-companies
policystreet,careers.smartrecruiters.com/policystreet,1,kalil0321-ats-companies
portkeydeliveryllc,careers.smartrecruiters.com/portkeydeliveryllc,1,kalil0321-ats-companies
portonicslimited,careers.smartrecruiters.com/portonicslimited,1,kalil0321-ats-companies
power,careers.smartrecruiters.com/power,1,kalil0321-ats-companies
prangroup,careers.smartrecruiters.com/prangroup,1,kalil0321-ats-companies
praxent,careers.smartrecruiters.com/praxent,1,kalil0321-ats-companies
praytell,careers.smartrecruiters.com/praytell,1,kalil0321-ats-companies
prc,careers.smartrecruiters.com/prc,1,kalil0321-ats-companies
prdc,careers.smartrecruiters.com/prdc,1,kalil0321-ats-companies
precisionlogisticscorp,careers.smartrecruiters.com/precisionlogisticscorp,1,kalil0321-ats-companies
precisiontechnologies1,careers.smartrecruiters.com/precisiontechnologies1,1,kalil0321-ats-companies
prelude,careers.smartrecruiters.com/prelude,1,kalil0321-ats-companies
premierlogisticsincorporated,careers.smartrecruiters.com/premierlogisticsincorporated,1,kalil0321-ats-companies
presidencysolutions1,careers.smartrecruiters.com/presidencysolutions1,1,kalil0321-ats-companies
prestige,careers.smartrecruiters.com/prestige,1,kalil0321-ats-companies
prezi,careers.smartrecruiters.com/prezi,1,kalil0321-ats-companies
primary,careers.smartrecruiters.com/primary,1,kalil0321-ats-companies
primarysourcecareltd,careers.smartrecruiters.com/primarysourcecareltd,1,kalil0321-ats-companies
primeskillstaffing1,careers.smartrecruiters.com/primeskillstaffing1,1,kalil0321-ats-companies
proautomated,careers.smartrecruiters.com/proautomated,1,kalil0321-ats-companies
procdna,careers.smartrecruiters.com/procdna,1,kalil0321-ats-companies
procomconsultantsgroup,careers.smartrecruiters.com/procomconsultantsgroup,1,kalil0321-ats-companies
procon,careers.smartrecruiters.com/procon,1,kalil0321-ats-companies
procoretechnologies,careers.smartrecruiters.com/procoretechnologies,1,ches-ctrl-cheddar
productschool,careers.smartrecruiters.com/productschool,1,kalil0321-ats-companies
proficioinc,careers.smartrecruiters.com/proficioinc,1,kalil0321-ats-companies
progressionrecruitmentllp,careers.smartrecruiters.com/progressionrecruitmentllp,1,kalil0321-ats-companies
ProgressiveInsurance,https://jobs.smartrecruiters.com/ProgressiveInsurance,1,nandish02-portfolio
projectbread,careers.smartrecruiters.com/projectbread,1,kalil0321-ats-companies
ProKatchersLLC,careers.smartrecruiters.com/ProKatchersLLC,1,andreasasprou-ats-finder
prominenceadvisors,careers.smartrecruiters.com/prominenceadvisors,1,kalil0321-ats-companies
pronto,careers.smartrecruiters.com/pronto,1,kalil0321-ats-companies
prosapient,careers.smartrecruiters.com/prosapient,1,kalil0321-ats-companies
prosidianconsulting,careers.smartrecruiters.com/prosidianconsulting,1,kalil0321-ats-companies
prostoprecruitment,careers.smartrecruiters.com/prostoprecruitment,1,kalil0321-ats-companies
protera,careers.smartrecruiters.com/protera,1,kalil0321-ats-companies
protolabs,careers.smartrecruiters.com/protolabs,1,kalil0321-ats-companies
provectus,careers.smartrecruiters.com/provectus,1,kalil0321-ats-companies
psgglobalsolutions2,careers.smartrecruiters.com/psgglobalsolutions2,1,kalil0321-ats-companies
psicro,careers.smartrecruiters.com/psicro,1,kalil0321-ats-companies
PSLogistics,https://jobs.smartrecruiters.com/PSLogistics,1,jd-intel-npm
ptangkasapuraiipersero22,careers.smartrecruiters.com/ptangkasapuraiipersero22,1,kalil0321-ats-companies
ptc,careers.smartrecruiters.com/ptc,1,kalil0321-ats-companies
ptg,careers.smartrecruiters.com/ptg,1,kalil0321-ats-companies
PublicisGroupe,careers.smartrecruiters.com/PublicisGroupe,1,outscal-openjobs
publicstorage,careers.smartrecruiters.com/publicstorage,2,jd-intel-npm;kalil0321-ats-companies
pubmatic,careers.smartrecruiters.com/pubmatic,2,andreasasprou-ats-finder;kalil0321-ats-companies
purpleboxinc,careers.smartrecruiters.com/purpleboxinc,1,kalil0321-ats-companies
purview,jobs.smartrecruiters.com/purview,1,outscal-openjobs
PWC,https://jobs.smartrecruiters.com/PWC,1,nandish02-portfolio
pwcportugal,careers.smartrecruiters.com/pwcportugal,1,kalil0321-ats-companies
pylon,careers.smartrecruiters.com/pylon,1,kalil0321-ats-companies
pymetrics,careers.smartrecruiters.com/pymetrics,1,kalil0321-ats-companies
pythian,careers.smartrecruiters.com/pythian,1,kalil0321-ats-companies
q-ctrl,careers.smartrecruiters.com/q-ctrl,1,kalil0321-ats-companies
qadinc,careers.smartrecruiters.com/qadinc,1,kalil0321-ats-companies
qflow,careers.smartrecruiters.com/qflow,1,kalil0321-ats-companies
qima,careers.smartrecruiters.com/qima,1,kalil0321-ats-companies
qoala,careers.smartrecruiters.com/qoala,1,kalil0321-ats-companies
qonto,careers.smartrecruiters.com/qonto,1,kalil0321-ats-companies
qoria,careers.smartrecruiters.com/qoria,1,kalil0321-ats-companies
qsic,careers.smartrecruiters.com/qsic,1,kalil0321-ats-companies
qualco,careers.smartrecruiters.com/qualco,1,kalil0321-ats-companies
qualdoc,careers.smartrecruiters.com/qualdoc,1,kalil0321-ats-companies
qualia,careers.smartrecruiters.com/qualia,1,kalil0321-ats-companies
qualitest1,careers.smartrecruiters.com/qualitest1,1,kalil0321-ats-companies
qualityeducationcompany,careers.smartrecruiters.com/qualityeducationcompany,1,kalil0321-ats-companies
qualitylogic,careers.smartrecruiters.com/qualitylogic,1,kalil0321-ats-companies
qualitytanksolutions,careers.smartrecruiters.com/qualitytanksolutions,1,kalil0321-ats-companies
qualysoft,careers.smartrecruiters.com/qualysoft,1,kalil0321-ats-companies
quanticate,careers.smartrecruiters.com/quanticate,1,kalil0321-ats-companies
QuantSystemsInc,careers.smartrecruiters.com/QuantSystemsInc,1,andreasasprou-ats-finder
quantummotion,careers.smartrecruiters.com/quantummotion,1,kalil0321-ats-companies
quarticai,careers.smartrecruiters.com/quarticai,1,kalil0321-ats-companies
quest,careers.smartrecruiters.com/quest,1,kalil0321-ats-companies
questdiagnostics7,careers.smartrecruiters.com/questdiagnostics7,1,kalil0321-ats-companies
quickenloans3,careers.smartrecruiters.com/quickenloans3,1,kalil0321-ats-companies
quintoandar,careers.smartrecruiters.com/quintoandar,1,kalil0321-ats-companies
qwilr,careers.smartrecruiters.com/qwilr,1,kalil0321-ats-companies
r2,careers.smartrecruiters.com/r2,1,kalil0321-ats-companies
ra2,careers.smartrecruiters.com/ra2,1,kalil0321-ats-companies
rackner,careers.smartrecruiters.com/rackner,1,kalil0321-ats-companies
radiuslimited,careers.smartrecruiters.com/radiuslimited,1,kalil0321-ats-companies
radonsolutionsinc,careers.smartrecruiters.com/radonsolutionsinc,1,kalil0321-ats-companies
rai,careers.smartrecruiters.com/rai,1,kalil0321-ats-companies
rain,careers.smartrecruiters.com/rain,1,kalil0321-ats-companies
rakuna1,careers.smartrecruiters.com/rakuna1,1,kalil0321-ats-companies
rallyassets,careers.smartrecruiters.com/rallyassets,1,kalil0321-ats-companies
ramboll3,careers.smartrecruiters.com/ramboll3,2,kalil0321-ats-companies;outscal-openjobs
rapp,careers.smartrecruiters.com/rapp,1,kalil0321-ats-companies
rapsodo,careers.smartrecruiters.com/rapsodo,1,kalil0321-ats-companies
ratedpeople,careers.smartrecruiters.com/ratedpeople,1,kalil0321-ats-companies
ravenpack,careers.smartrecruiters.com/ravenpack,1,kalil0321-ats-companies
rchsolutions,careers.smartrecruiters.com/rchsolutions,1,kalil0321-ats-companies
rdsdigital,jobs.smartrecruiters.com/rdsdigital,1,outscal-openjobs
readme,careers.smartrecruiters.com/readme,1,kalil0321-ats-companies
realdefense,careers.smartrecruiters.com/realdefense,1,kalil0321-ats-companies
realitygames,jobs.smartrecruiters.com/realitygames,1,outscal-openjobs
realself,careers.smartrecruiters.com/realself,1,kalil0321-ats-companies
rebelfoods,jobs.smartrecruiters.com/rebelfoods,1,outscal-openjobs
recidiviz,careers.smartrecruiters.com/recidiviz,1,kalil0321-ats-companies
recruitloop,careers.smartrecruiters.com/recruitloop,1,kalil0321-ats-companies
Recruitrix,careers.smartrecruiters.com/Recruitrix,1,outscal-openjobs
recurly,careers.smartrecruiters.com/recurly,1,kalil0321-ats-companies
redarchsolutions,careers.smartrecruiters.com/redarchsolutions,1,kalil0321-ats-companies
redcarpetlogisticsllc,careers.smartrecruiters.com/redcarpetlogisticsllc,1,kalil0321-ats-companies
redclayconsulting,careers.smartrecruiters.com/redclayconsulting,1,kalil0321-ats-companies
redicasystems,careers.smartrecruiters.com/redicasystems,1,kalil0321-ats-companies
redknightsolutions,careers.smartrecruiters.com/redknightsolutions,1,kalil0321-ats-companies
rednucleus,careers.smartrecruiters.com/rednucleus,1,kalil0321-ats-companies
RedPointLabs,careers.smartrecruiters.com/RedPointLabs,1,outscal-openjobs
RedPoints1,careers.smartrecruiters.com/RedPoints1,1,outscal-openjobs
redventures,careers.smartrecruiters.com/redventures,1,kalil0321-ats-companies
reedsy,careers.smartrecruiters.com/reedsy,1,kalil0321-ats-companies
reformation,careers.smartrecruiters.com/reformation,1,kalil0321-ats-companies
reiss,careers.smartrecruiters.com/reiss,1,kalil0321-ats-companies
reitmanscanadalteltd,careers.smartrecruiters.com/reitmanscanadalteltd,1,kalil0321-ats-companies
relaischateaux,careers.smartrecruiters.com/relaischateaux,1,kalil0321-ats-companies
reliatracklogisticsllc,careers.smartrecruiters.com/reliatracklogisticsllc,1,kalil0321-ats-companies
reltio,careers.smartrecruiters.com/reltio,1,kalil0321-ats-companies
relu,careers.smartrecruiters.com/relu,1,kalil0321-ats-companies
remoterecruitment,careers.smartrecruiters.com/remoterecruitment,1,kalil0321-ats-companies
remoteva,careers.smartrecruiters.com/remoteva,1,kalil0321-ats-companies
Renaissance,careers.smartrecruiters.com/Renaissance,2,ches-ctrl-cheddar;kalil0321-ats-companies
renesaselectronics,careers.smartrecruiters.com/renesaselectronics,2,kalil0321-ats-companies;outscal-openjobs
renewedvision,careers.smartrecruiters.com/renewedvision,1,kalil0321-ats-companies
renovco,careers.smartrecruiters.com/renovco,1,kalil0321-ats-companies
renttherunway,careers.smartrecruiters.com/renttherunway,1,kalil0321-ats-companies
repagroup,careers.smartrecruiters.com/repagroup,1,kalil0321-ats-companies
reporterscommitteeforfreedomofthepress,careers.smartrecruiters.com/reporterscommitteeforfreedomofthepress,1,kalil0321-ats-companies
repriskag,careers.smartrecruiters.com/repriskag,1,kalil0321-ats-companies
repurposeglobal,careers.smartrecruiters.com/repurposeglobal,1,kalil0321-ats-companies
res,careers.smartrecruiters.com/res,1,kalil0321-ats-companies
resmed,jobs.smartrecruiters.com/resmed,1,outscal-openjobs
resourcepro,careers.smartrecruiters.com/resourcepro,1,kalil0321-ats-companies
resourcexinc,careers.smartrecruiters.com/resourcexinc,1,kalil0321-ats-companies
respecinc,careers.smartrecruiters.com/respecinc,1,kalil0321-ats-companies
rest1,careers.smartrecruiters.com/rest1,1,kalil0321-ats-companies
resultant,careers.smartrecruiters.com/resultant,1,kalil0321-ats-companies
rethink,careers.smartrecruiters.com/rethink,1,kalil0321-ats-companies
retired,careers.smartrecruiters.com/retired,1,kalil0321-ats-companies
rev,careers.smartrecruiters.com/rev,1,kalil0321-ats-companies
revaia,careers.smartrecruiters.com/revaia,1,kalil0321-ats-companies
revalize,careers.smartrecruiters.com/revalize,1,kalil0321-ats-companies
revalsystechnologies,jobs.smartrecruiters.com/revalsystechnologies,1,outscal-openjobs
reveal,careers.smartrecruiters.com/reveal,1,kalil0321-ats-companies
revenueanalytics,careers.smartrecruiters.com/revenueanalytics,1,kalil0321-ats-companies
reverb,careers.smartrecruiters.com/reverb,1,kalil0321-ats-companies
reversinglabs,careers.smartrecruiters.com/reversinglabs,1,kalil0321-ats-companies
rewardgateway,careers.smartrecruiters.com/rewardgateway,1,kalil0321-ats-companies
rewardsnetwork,careers.smartrecruiters.com/rewardsnetwork,1,kalil0321-ats-companies
rexel1,careers.smartrecruiters.com/rexel1,1,kalil0321-ats-companies
rezedentcom,careers.smartrecruiters.com/rezedentcom,1,kalil0321-ats-companies
rfiglobal,careers.smartrecruiters.com/rfiglobal,1,kalil0321-ats-companies
rga,careers.smartrecruiters.com/rga,1,kalil0321-ats-companies
rgi,careers.smartrecruiters.com/rgi,1,kalil0321-ats-companies
rhbsingapore,careers.smartrecruiters.com/rhbsingapore,1,kalil0321-ats-companies
rhynocare,careers.smartrecruiters.com/rhynocare,1,kalil0321-ats-companies
rhynologisticsinc,careers.smartrecruiters.com/rhynologisticsinc,1,kalil0321-ats-companies
ridgelylogisticsllc,careers.smartrecruiters.com/ridgelylogisticsllc,1,kalil0321-ats-companies
righteye,careers.smartrecruiters.com/righteye,1,kalil0321-ats-companies
rippling,careers.smartrecruiters.com/rippling,1,kalil0321-ats-companies
riscure,careers.smartrecruiters.com/riscure,1,kalil0321-ats-companies
rkl,careers.smartrecruiters.com/rkl,1,kalil0321-ats-companies
rlb,careers.smartrecruiters.com/rlb,1,kalil0321-ats-companies
ro,careers.smartrecruiters.com/ro,1,kalil0321-ats-companies
roadrunnersports,careers.smartrecruiters.com/roadrunnersports,1,kalil0321-ats-companies
robusta,careers.smartrecruiters.com/robusta,1,kalil0321-ats-companies
rocketinternet,careers.smartrecruiters.com/rocketinternet,1,kalil0321-ats-companies
rocketmiles,careers.smartrecruiters.com/rocketmiles,1,kalil0321-ats-companies
rockfordbride,careers.smartrecruiters.com/rockfordbride,1,kalil0321-ats-companies
rodeofx,careers.smartrecruiters.com/rodeofx,2,andreasasprou-ats-finder;kalil0321-ats-companies
rolandassociates,careers.smartrecruiters.com/rolandassociates,1,kalil0321-ats-companies
rolandberger,careers.smartrecruiters.com/rolandberger,1,kalil0321-ats-companies
rosettagaming,careers.smartrecruiters.com/rosettagaming,1,outscal-openjobs
rossorestaurantbar,careers.smartrecruiters.com/rossorestaurantbar,1,kalil0321-ats-companies
rotork1,careers.smartrecruiters.com/rotork1,1,kalil0321-ats-companies
roush,careers.smartrecruiters.com/roush,1,kalil0321-ats-companies
rowan,careers.smartrecruiters.com/rowan,1,kalil0321-ats-companies
rrbusinessconsultants,careers.smartrecruiters.com/rrbusinessconsultants,1,kalil0321-ats-companies
rrdonnelley,careers.smartrecruiters.com/rrdonnelley,1,kalil0321-ats-companies
rti,careers.smartrecruiters.com/rti,1,kalil0321-ats-companies
rumble,careers.smartrecruiters.com/rumble,1,kalil0321-ats-companies
ryseupstudios,jobs.smartrecruiters.com/ryseupstudios,1,outscal-openjobs
rythm,careers.smartrecruiters.com/rythm,1,kalil0321-ats-companies
sab,careers.smartrecruiters.com/sab,1,kalil0321-ats-companies
sac,careers.smartrecruiters.com/sac,1,kalil0321-ats-companies
safewaygaragedoorsllc,careers.smartrecruiters.com/safewaygaragedoorsllc,1,kalil0321-ats-companies
sahara,careers.smartrecruiters.com/sahara,1,kalil0321-ats-companies
saharakuwaitresort,careers.smartrecruiters.com/saharakuwaitresort,1,kalil0321-ats-companies
sahl,careers.smartrecruiters.com/sahl,1,kalil0321-ats-companies
sai,careers.smartrecruiters.com/sai,1,kalil0321-ats-companies
sajixsoftwaresolutionprivatelimited,careers.smartrecruiters.com/sajixsoftwaresolutionprivatelimited,1,kalil0321-ats-companies
salesconsulting,careers.smartrecruiters.com/salesconsulting,1,kalil0321-ats-companies
salesfocusinc,careers.smartrecruiters.com/salesfocusinc,1,kalil0321-ats-companies
Salesforce1,https://jobs.smartrecruiters.com/Salesforce1,1,nandish02-portfolio
saleshub,careers.smartrecruiters.com/saleshub,1,kalil0321-ats-companies
salixdataafricalimited,careers.smartrecruiters.com/salixdataafricalimited,1,kalil0321-ats-companies
SaludFamilyHealthCenters,careers.smartrecruiters.com/SaludFamilyHealthCenters,1,andreasasprou-ats-finder
SaludFamilyHealthCenters.,careers.smartrecruiters.com/SaludFamilyHealthCenters.,1,andreasasprou-ats-finder
samasource,careers.smartrecruiters.com/samasource,1,kalil0321-ats-companies
samsung-by-korn-ferry,careers.smartrecruiters.com/samsung-by-korn-ferry,1,kalil0321-ats-companies
samsung1,careers.smartrecruiters.com/samsung1,1,kalil0321-ats-companies
sanacommerce,careers.smartrecruiters.com/sanacommerce,1,kalil0321-ats-companies
sandbox,careers.smartrecruiters.com/sandbox,1,kalil0321-ats-companies
sandisk,careers.smartrecruiters.com/sandisk,1,kalil0321-ats-companies
sandyhookpromise,careers.smartrecruiters.com/sandyhookpromise,1,kalil0321-ats-companies
sanfordhealth,careers.smartrecruiters.com/sanfordhealth,1,kalil0321-ats-companies
sans2,careers.smartrecruiters.com/sans2,1,kalil0321-ats-companies
santen,careers.smartrecruiters.com/santen,1,kalil0321-ats-companies
sap,careers.smartrecruiters.com/sap,1,kalil0321-ats-companies
sawyerstudios,careers.smartrecruiters.com/sawyerstudios,1,kalil0321-ats-companies
sayoperationsllc,careers.smartrecruiters.com/sayoperationsllc,1,kalil0321-ats-companies
sbec,careers.smartrecruiters.com/sbec,1,kalil0321-ats-companies
sbtglobalinc,careers.smartrecruiters.com/sbtglobalinc,1,kalil0321-ats-companies
scalablegmbh,careers.smartrecruiters.com/scalablegmbh,1,kalil0321-ats-companies
scalr,careers.smartrecruiters.com/scalr,1,kalil0321-ats-companies
scentbird,careers.smartrecruiters.com/scentbird,1,kalil0321-ats-companies
schneiderdowns,careers.smartrecruiters.com/schneiderdowns,1,kalil0321-ats-companies
schonfeld,careers.smartrecruiters.com/schonfeld,1,kalil0321-ats-companies
schrder,careers.smartrecruiters.com/schrder,1,kalil0321-ats-companies
schroders,careers.smartrecruiters.com/schroders,1,kalil0321-ats-companies
schulz,careers.smartrecruiters.com/schulz,1,kalil0321-ats-companies
schwebelbakingcompany,careers.smartrecruiters.com/schwebelbakingcompany,1,kalil0321-ats-companies
scopicsoftware,careers.smartrecruiters.com/scopicsoftware,1,kalil0321-ats-companies
scyneadvisory,careers.smartrecruiters.com/scyneadvisory,1,kalil0321-ats-companies
sds,careers.smartrecruiters.com/sds,1,kalil0321-ats-companies
sdsurf,careers.smartrecruiters.com/sdsurf,1,kalil0321-ats-companies
seamensbank,careers.smartrecruiters.com/seamensbank,1,kalil0321-ats-companies
seamlessai,careers.smartrecruiters.com/seamlessai,1,kalil0321-ats-companies
sears2,careers.smartrecruiters.com/sears2,1,kalil0321-ats-companies
seasats,careers.smartrecruiters.com/seasats,1,kalil0321-ats-companies
seaventures,careers.smartrecruiters.com/seaventures,1,kalil0321-ats-companies
secondnature,careers.smartrecruiters.com/secondnature,1,kalil0321-ats-companies
secondtalent,jobs.smartrecruiters.com/secondtalent,1,outscal-openjobs
sectigo,careers.smartrecruiters.com/sectigo,1,kalil0321-ats-companies
secureparceldeliveryllc,careers.smartrecruiters.com/secureparceldeliveryllc,1,kalil0321-ats-companies
securetransitandlogisticsllc,careers.smartrecruiters.com/securetransitandlogisticsllc,1,kalil0321-ats-companies
securitas,careers.smartrecruiters.com/securitas,1,kalil0321-ats-companies
securitassecurityservicesusainc,careers.smartrecruiters.com/securitassecurityservicesusainc,1,kalil0321-ats-companies
seczetta,careers.smartrecruiters.com/seczetta,1,kalil0321-ats-companies
seerinteractive,careers.smartrecruiters.com/seerinteractive,1,kalil0321-ats-companies
segulatechnologies,careers.smartrecruiters.com/segulatechnologies,2,kalil0321-ats-companies;outscal-openjobs
sei,careers.smartrecruiters.com/sei,1,kalil0321-ats-companies
sellanycarcom,careers.smartrecruiters.com/sellanycarcom,1,kalil0321-ats-companies
senquhrsolutions,careers.smartrecruiters.com/senquhrsolutions,1,kalil0321-ats-companies
sensia,careers.smartrecruiters.com/sensia,1,kalil0321-ats-companies
sensortower,careers.smartrecruiters.com/sensortower,1,kalil0321-ats-companies
sep,careers.smartrecruiters.com/sep,1,kalil0321-ats-companies
sequence,careers.smartrecruiters.com/sequence,1,kalil0321-ats-companies
serigorinc,careers.smartrecruiters.com/serigorinc,1,kalil0321-ats-companies
serioplast,careers.smartrecruiters.com/serioplast,1,kalil0321-ats-companies
sertis,careers.smartrecruiters.com/sertis,1,kalil0321-ats-companies
ServiceNow,careers.smartrecruiters.com/ServiceNow,4,job-pilot;kalil0321-ats-companies;kayden-vs-ats-finder;outscal-openjobs
sesolabor,careers.smartrecruiters.com/sesolabor,1,kalil0321-ats-companies
sezzle,careers.smartrecruiters.com/sezzle,1,kalil0321-ats-companies
sfc,careers.smartrecruiters.com/sfc,1,kalil0321-ats-companies
sgs,careers.smartrecruiters.com/sgs,1,kalil0321-ats-companies
shebaxyz3,careers.smartrecruiters.com/shebaxyz3,1,kalil0321-ats-companies
sheladiaassociates,careers.smartrecruiters.com/sheladiaassociates,1,kalil0321-ats-companies
sherwinwilliams,careers.smartrecruiters.com/sherwinwilliams,1,kalil0321-ats-companies
shifttechnology,careers.smartrecruiters.com/shifttechnology,1,kalil0321-ats-companies
shijigroup,careers.smartrecruiters.com/shijigroup,1,kalil0321-ats-companies
shipbird,careers.smartrecruiters.com/shipbird,1,kalil0321-ats-companies
shippabo,careers.smartrecruiters.com/shippabo,1,kalil0321-ats-companies
Shopify,careers.smartrecruiters.com/Shopify,1,outscal-openjobs
shotgun,careers.smartrecruiters.com/shotgun,1,kalil0321-ats-companies
showmojo,careers.smartrecruiters.com/showmojo,1,kalil0321-ats-companies
shpock,careers.smartrecruiters.com/shpock,1,kalil0321-ats-companies
shreevenkateshfilmspvtltd,careers.smartrecruiters.com/shreevenkateshfilmspvtltd,1,kalil0321-ats-companies
sia,careers.smartrecruiters.com/sia,1,kalil0321-ats-companies
sidetrade,careers.smartrecruiters.com/sidetrade,1,kalil0321-ats-companies
siennainvestmentmanagers,careers.smartrecruiters.com/siennainvestmentmanagers,1,kalil0321-ats-companies
sierraclub,careers.smartrecruiters.com/sierraclub,1,kalil0321-ats-companies
sightcall,careers.smartrecruiters.com/sightcall,1,kalil0321-ats-companies
Sigma,https://jobs.smartrecruiters.com/Sigma,1,nandish02-portfolio
SigmaComputing,https://jobs.smartrecruiters.com/SigmaComputing,1,nandish02-portfolio
sigmasoftware2,careers.smartrecruiters.com/sigmasoftware2,2,kalil0321-ats-companies;outscal-openjobs
signal,careers.smartrecruiters.com/signal,1,kalil0321-ats-companies
SignalSpaceLab,careers.smartrecruiters.com/SignalSpaceLab,1,outscal-openjobs
signode,careers.smartrecruiters.com/signode,1,kalil0321-ats-companies
SikaAG,careers.smartrecruiters.com/SikaAG,1,outscal-openjobs
SilentGames,careers.smartrecruiters.com/SilentGames,1,outscal-openjobs
silfabsolar,careers.smartrecruiters.com/silfabsolar,1,kalil0321-ats-companies
siloamcareers,careers.smartrecruiters.com/siloamcareers,1,kalil0321-ats-companies
simpplr,careers.smartrecruiters.com/simpplr,1,kalil0321-ats-companies
singlegrain,careers.smartrecruiters.com/singlegrain,1,kalil0321-ats-companies
sirtex,careers.smartrecruiters.com/sirtex,1,kalil0321-ats-companies
siteminder,careers.smartrecruiters.com/siteminder,1,kalil0321-ats-companies
sixt,careers.smartrecruiters.com/sixt,1,kalil0321-ats-companies
skanska,careers.smartrecruiters.com/skanska,1,kalil0321-ats-companies
skeletonkey,jobs.smartrecruiters.com/skeletonkey,1,outscal-openjobs
skhynixamerica,careers.smartrecruiters.com/skhynixamerica,1,kalil0321-ats-companies
skillate,careers.smartrecruiters.com/skillate,1,kayden-vs-ats-finder
skillshare,careers.smartrecruiters.com/skillshare,1,kalil0321-ats-companies
skroutz,careers.smartrecruiters.com/skroutz,1,kalil0321-ats-companies
skylineconstruction,careers.smartrecruiters.com/skylineconstruction,1,kalil0321-ats-companies
skylinemanagement,careers.smartrecruiters.com/skylinemanagement,1,kalil0321-ats-companies
skyrocketventures,jobs.smartrecruiters.com/skyrocketventures,1,outscal-openjobs
skysolutionsllc,careers.smartrecruiters.com/skysolutionsllc,1,kalil0321-ats-companies
Slack1,https://jobs.smartrecruiters.com/Slack1,1,nandish02-portfolio
slasify,careers.smartrecruiters.com/slasify,1,kalil0321-ats-companies
slice1,careers.smartrecruiters.com/slice1,1,kalil0321-ats-companies
slickrocktanningspa,careers.smartrecruiters.com/slickrocktanningspa,1,kalil0321-ats-companies
slite,careers.smartrecruiters.com/slite,1,kalil0321-ats-companies
smartcommerce,careers.smartrecruiters.com/smartcommerce,1,kalil0321-ats-companies
smartcoos,careers.smartrecruiters.com/smartcoos,1,kalil0321-ats-companies
smartdev1,careers.smartrecruiters.com/smartdev1,1,kalil0321-ats-companies
smartstep,careers.smartrecruiters.com/smartstep,1,kalil0321-ats-companies
smarttechnologies,careers.smartrecruiters.com/smarttechnologies,1,kalil0321-ats-companies
smartvault,careers.smartrecruiters.com/smartvault,1,kalil0321-ats-companies
smithsgroup2,careers.smartrecruiters.com/smithsgroup2,1,kalil0321-ats-companies
smitlamnalco,careers.smartrecruiters.com/smitlamnalco,1,kalil0321-ats-companies
sms,careers.smartrecruiters.com/sms,1,kalil0321-ats-companies
snapfish,careers.smartrecruiters.com/snapfish,1,kalil0321-ats-companies
snipebridge,careers.smartrecruiters.com/snipebridge,1,kalil0321-ats-companies
snrlogisticsllc,careers.smartrecruiters.com/snrlogisticsllc,1,kalil0321-ats-companies
snuggs,careers.smartrecruiters.com/snuggs,1,kalil0321-ats-companies
sobi,careers.smartrecruiters.com/sobi,1,kalil0321-ats-companies
society19mediallc,careers.smartrecruiters.com/society19mediallc,1,kalil0321-ats-companies
socure,careers.smartrecruiters.com/socure,1,kalil0321-ats-companies
sodexo,careers.smartrecruiters.com/sodexo,1,kalil0321-ats-companies
softonic,careers.smartrecruiters.com/softonic,1,kalil0321-ats-companies
softsuavetechnologies,jobs.smartrecruiters.com/softsuavetechnologies,1,outscal-openjobs
softwaremind,careers.smartrecruiters.com/softwaremind,1,kalil0321-ats-companies
softwaretechnologyinc2,careers.smartrecruiters.com/softwaretechnologyinc2,1,kalil0321-ats-companies
sohohouseco,careers.smartrecruiters.com/sohohouseco,1,kalil0321-ats-companies
sojern,careers.smartrecruiters.com/sojern,1,kalil0321-ats-companies
solarcity,careers.smartrecruiters.com/solarcity,1,kalil0321-ats-companies
solarprovidergroup,careers.smartrecruiters.com/solarprovidergroup,1,kalil0321-ats-companies
solidigm,careers.smartrecruiters.com/solidigm,1,kalil0321-ats-companies
soltiaab,careers.smartrecruiters.com/soltiaab,1,kalil0321-ats-companies
sona,careers.smartrecruiters.com/sona,1,kalil0321-ats-companies
sonderaustralia,careers.smartrecruiters.com/sonderaustralia,1,kalil0321-ats-companies
sonobello,careers.smartrecruiters.com/sonobello,1,kalil0321-ats-companies
sonomaconsultinginc,careers.smartrecruiters.com/sonomaconsultinginc,1,kalil0321-ats-companies
sophos,careers.smartrecruiters.com/sophos,1,kalil0321-ats-companies
sosi1,careers.smartrecruiters.com/sosi1,1,kalil0321-ats-companies
source,careers.smartrecruiters.com/source,1,kalil0321-ats-companies
southerncompany,careers.smartrecruiters.com/southerncompany,1,kalil0321-ats-companies
southworks,careers.smartrecruiters.com/southworks,1,kalil0321-ats-companies
sovrn,careers.smartrecruiters.com/sovrn,1,kalil0321-ats-companies
spaceinch,careers.smartrecruiters.com/spaceinch,1,kalil0321-ats-companies
spacex,careers.smartrecruiters.com/spacex,1,kalil0321-ats-companies
span,careers.smartrecruiters.com/span,1,kalil0321-ats-companies
sparksoftcorporation,careers.smartrecruiters.com/sparksoftcorporation,1,kalil0321-ats-companies
sparksolutions,careers.smartrecruiters.com/sparksolutions,1,kalil0321-ats-companies
speakeasy,careers.smartrecruiters.com/speakeasy,1,kalil0321-ats-companies
spectrumhealthcare,careers.smartrecruiters.com/spectrumhealthcare,1,kalil0321-ats-companies
speedinvest,careers.smartrecruiters.com/speedinvest,1,kalil0321-ats-companies
speedlabs,jobs.smartrecruiters.com/speedlabs,1,outscal-openjobs
speexx,careers.smartrecruiters.com/speexx,1,kalil0321-ats-companies
speridiantechnologies,careers.smartrecruiters.com/speridiantechnologies,1,kalil0321-ats-companies
splashinternational,careers.smartrecruiters.com/splashinternational,1,kalil0321-ats-companies
sponsorsforeducationalopportunity,careers.smartrecruiters.com/sponsorsforeducationalopportunity,1,kalil0321-ats-companies
sportradar,careers.smartrecruiters.com/sportradar,3,jd-intel-npm;kalil0321-ats-companies;outscal-openjobs
spotify,careers.smartrecruiters.com/spotify,1,kalil0321-ats-companies
Spotify1,https://jobs.smartrecruiters.com/Spotify1,1,nandish02-portfolio
spreetail,careers.smartrecruiters.com/spreetail,1,kalil0321-ats-companies
springboardcollaborative,careers.smartrecruiters.com/springboardcollaborative,1,kalil0321-ats-companies
springernature,jobs.smartrecruiters.com/springernature,1,outscal-openjobs
sproutloud,careers.smartrecruiters.com/sproutloud,1,kalil0321-ats-companies
sqli1,careers.smartrecruiters.com/sqli1,1,kalil0321-ats-companies
Square,https://jobs.smartrecruiters.com/Square,2,ches-ctrl-cheddar;nandish02-portfolio
sri,careers.smartrecruiters.com/sri,1,kalil0321-ats-companies
srsacquiom,careers.smartrecruiters.com/srsacquiom,1,kalil0321-ats-companies
SSENSE1,jobs.smartrecruiters.com/SSENSE1,2,ches-ctrl-cheddar;kalil0321-ats-companies
stackone,careers.smartrecruiters.com/stackone,1,kalil0321-ats-companies
standardbankgroup,https://jobs.smartrecruiters.com/standardbankgroup,1,jd-intel-npm
standardchartered,careers.smartrecruiters.com/standardchartered,1,kalil0321-ats-companies
stantec,careers.smartrecruiters.com/stantec,1,kalil0321-ats-companies
starbucks,careers.smartrecruiters.com/starbucks,1,kalil0321-ats-companies
starkflow,jobs.smartrecruiters.com/starkflow,1,outscal-openjobs
starmarketing,jobs.smartrecruiters.com/starmarketing,1,outscal-openjobs
Starschema,careers.smartrecruiters.com/Starschema,1,outscal-openjobs
startifierinc,careers.smartrecruiters.com/startifierinc,1,kalil0321-ats-companies
startuptap,careers.smartrecruiters.com/startuptap,1,kalil0321-ats-companies
startupvoyager,careers.smartrecruiters.com/startupvoyager,1,kalil0321-ats-companies
statkraft1,careers.smartrecruiters.com/statkraft1,1,kalil0321-ats-companies
staubligroup,careers.smartrecruiters.com/staubligroup,1,kalil0321-ats-companies
stayntouch,careers.smartrecruiters.com/stayntouch,1,kalil0321-ats-companies
stealthco,careers.smartrecruiters.com/stealthco,1,kalil0321-ats-companies
stealthstartup,careers.smartrecruiters.com/stealthstartup,1,kalil0321-ats-companies
stefanini1,careers.smartrecruiters.com/stefanini1,1,kalil0321-ats-companies
stellar,careers.smartrecruiters.com/stellar,1,kalil0321-ats-companies
sterlingenterprisellc,careers.smartrecruiters.com/sterlingenterprisellc,1,kalil0321-ats-companies
sthilarysprimaryschool,careers.smartrecruiters.com/sthilarysprimaryschool,1,kalil0321-ats-companies
stifel,careers.smartrecruiters.com/stifel,1,kalil0321-ats-companies
stl,careers.smartrecruiters.com/stl,1,kalil0321-ats-companies
stlukesschool,careers.smartrecruiters.com/stlukesschool,1,kalil0321-ats-companies
StoneSearch,careers.smartrecruiters.com/StoneSearch,1,outscal-openjobs
stowgroup,careers.smartrecruiters.com/stowgroup,1,kalil0321-ats-companies
Stratacent,careers.smartrecruiters.com/Stratacent,1,outscal-openjobs
StratasFoods,careers.smartrecruiters.com/StratasFoods,2,andreasasprou-ats-finder;kalil0321-ats-companies
strategicgears,careers.smartrecruiters.com/strategicgears,1,kalil0321-ats-companies
strategichrinc,careers.smartrecruiters.com/strategichrinc,1,kalil0321-ats-companies
strategicsolutions,careers.smartrecruiters.com/strategicsolutions,1,kalil0321-ats-companies
stratostaffealimited,careers.smartrecruiters.com/stratostaffealimited,1,kalil0321-ats-companies
streamrealty,careers.smartrecruiters.com/streamrealty,1,kalil0321-ats-companies
street,careers.smartrecruiters.com/street,1,kalil0321-ats-companies
strongerconsulting,careers.smartrecruiters.com/strongerconsulting,1,kalil0321-ats-companies
studio613inc,careers.smartrecruiters.com/studio613inc,1,kalil0321-ats-companies
studyabroadeurope,careers.smartrecruiters.com/studyabroadeurope,1,kalil0321-ats-companies
sugarcrm,careers.smartrecruiters.com/sugarcrm,1,kalil0321-ats-companies
suki,careers.smartrecruiters.com/suki,1,kalil0321-ats-companies
summerdiscovery,careers.smartrecruiters.com/summerdiscovery,1,kalil0321-ats-companies
summit,careers.smartrecruiters.com/summit,1,kalil0321-ats-companies
summitfunding1,careers.smartrecruiters.com/summitfunding1,1,kalil0321-ats-companies
sumodigital,careers.smartrecruiters.com/sumodigital,1,kalil0321-ats-companies
sumologic,careers.smartrecruiters.com/sumologic,1,kalil0321-ats-companies
sunbirdsoftwareinc,careers.smartrecruiters.com/sunbirdsoftwareinc,1,kalil0321-ats-companies
sundrivesolar,careers.smartrecruiters.com/sundrivesolar,1,kalil0321-ats-companies
sungrohorticulture,careers.smartrecruiters.com/sungrohorticulture,1,kalil0321-ats-companies
sunrise,careers.smartrecruiters.com/sunrise,1,kalil0321-ats-companies
sunstarinc1,careers.smartrecruiters.com/sunstarinc1,1,kalil0321-ats-companies
supercarehealth,careers.smartrecruiters.com/supercarehealth,1,kalil0321-ats-companies
superprof1,careers.smartrecruiters.com/superprof1,1,kalil0321-ats-companies
supportyourapp,careers.smartrecruiters.com/supportyourapp,1,kalil0321-ats-companies
surfsideangelsllc,careers.smartrecruiters.com/surfsideangelsllc,1,kalil0321-ats-companies
surge,careers.smartrecruiters.com/surge,1,kalil0321-ats-companies
sus,careers.smartrecruiters.com/sus,1,kalil0321-ats-companies
sutherland,careers.smartrecruiters.com/sutherland,3,ches-ctrl-cheddar;jd-intel-npm;kalil0321-ats-companies
sutherland1,careers.smartrecruiters.com/sutherland1,1,kalil0321-ats-companies
svtechsystemsinc1,careers.smartrecruiters.com/svtechsystemsinc1,1,kalil0321-ats-companies
swag,careers.smartrecruiters.com/swag,1,kalil0321-ats-companies
swans,careers.smartrecruiters.com/swans,1,kalil0321-ats-companies
swapcard,careers.smartrecruiters.com/swapcard,1,kalil0321-ats-companies
sweetfishmedia,careers.smartrecruiters.com/sweetfishmedia,1,kalil0321-ats-companies
swgroup,careers.smartrecruiters.com/swgroup,1,kalil0321-ats-companies
swiftspeeddeliveriesllc,careers.smartrecruiters.com/swiftspeeddeliveriesllc,1,kalil0321-ats-companies
swissmedicalnetwork1,careers.smartrecruiters.com/swissmedicalnetwork1,1,kalil0321-ats-companies
swissquote,careers.smartrecruiters.com/swissquote,1,kalil0321-ats-companies
switchfly,careers.smartrecruiters.com/switchfly,1,kalil0321-ats-companies
swvl,careers.smartrecruiters.com/swvl,1,kalil0321-ats-companies
swyftfilings,careers.smartrecruiters.com/swyftfilings,1,kalil0321-ats-companies
swyg,careers.smartrecruiters.com/swyg,1,kalil0321-ats-companies
sydneyairport1,careers.smartrecruiters.com/sydneyairport1,1,kalil0321-ats-companies
symphonyai,jobs.smartrecruiters.com/symphonyai,1,outscal-openjobs
synergyresourcesolutions,jobs.smartrecruiters.com/synergyresourcesolutions,1,outscal-openjobs
SyngentaGroup,careers.smartrecruiters.com/SyngentaGroup,1,outscal-openjobs
synopsys,careers.smartrecruiters.com/synopsys,1,kalil0321-ats-companies
t-systemsictindiapvtltd1,careers.smartrecruiters.com/t-systemsictindiapvtltd1,2,kalil0321-ats-companies;outscal-openjobs
t5datacenters1,careers.smartrecruiters.com/t5datacenters1,1,kalil0321-ats-companies
tailwind,careers.smartrecruiters.com/tailwind,1,kalil0321-ats-companies
takealotcom,careers.smartrecruiters.com/takealotcom,1,kalil0321-ats-companies
tal,careers.smartrecruiters.com/tal,1,kalil0321-ats-companies
talan,careers.smartrecruiters.com/talan,2,andreasasprou-ats-finder;kalil0321-ats-companies
talentacquisition,careers.smartrecruiters.com/talentacquisition,1,kalil0321-ats-companies
talentburstinc,careers.smartrecruiters.com/talentburstinc,1,kalil0321-ats-companies
talentfolks,jobs.smartrecruiters.com/talentfolks,1,outscal-openjobs
talentsocio,jobs.smartrecruiters.com/talentsocio,1,outscal-openjobs
talentsoftwareservices,jobs.smartrecruiters.com/talentsoftwareservices,1,outscal-openjobs
talentxo,jobs.smartrecruiters.com/talentxo,1,outscal-openjobs
tamigo,careers.smartrecruiters.com/tamigo,1,kalil0321-ats-companies
tangraminteriors,careers.smartrecruiters.com/tangraminteriors,1,kalil0321-ats-companies
tatsuworks,jobs.smartrecruiters.com/tatsuworks,1,outscal-openjobs
tavahealth,careers.smartrecruiters.com/tavahealth,1,kalil0321-ats-companies
taxjar,careers.smartrecruiters.com/taxjar,1,kalil0321-ats-companies
tcn,careers.smartrecruiters.com/tcn,1,kalil0321-ats-companies
tdc,careers.smartrecruiters.com/tdc,1,kalil0321-ats-companies
teampumpkin,jobs.smartrecruiters.com/teampumpkin,1,outscal-openjobs
teamviewer1,careers.smartrecruiters.com/teamviewer1,1,kalil0321-ats-companies
teamworkemploymentservicesltd,careers.smartrecruiters.com/teamworkemploymentservicesltd,1,kalil0321-ats-companies
techarmyllc,jobs.smartrecruiters.com/techarmyllc,1,outscal-openjobs
techcrunch,careers.smartrecruiters.com/techcrunch,1,kalil0321-ats-companies
TechlandSA,careers.smartrecruiters.com/TechlandSA,1,outscal-openjobs
TechnicolorCreativeStudios,careers.smartrecruiters.com/TechnicolorCreativeStudios,1,outscal-openjobs
TechnicolorGroup,careers.smartrecruiters.com/TechnicolorGroup,1,outscal-openjobs
technoform,careers.smartrecruiters.com/technoform,1,kalil0321-ats-companies
Technogen,careers.smartrecruiters.com/Technogen,1,andreasasprou-ats-finder
technology,careers.smartrecruiters.com/technology,1,kalil0321-ats-companies
TechnorizenSoftwareSolution,careers.smartrecruiters.com/TechnorizenSoftwareSolution,1,outscal-openjobs
techstargroup,jobs.smartrecruiters.com/techstargroup,1,outscal-openjobs
techtree,careers.smartrecruiters.com/techtree,1,kalil0321-ats-companies
techvedika,careers.smartrecruiters.com/techvedika,2,kalil0321-ats-companies;outscal-openjobs
tedconferencesllc,careers.smartrecruiters.com/tedconferencesllc,1,kalil0321-ats-companies
teikametrics,careers.smartrecruiters.com/teikametrics,1,kalil0321-ats-companies
teknoluxion,careers.smartrecruiters.com/teknoluxion,1,kalil0321-ats-companies
teksystems,careers.smartrecruiters.com/teksystems,1,kalil0321-ats-companies
telefonicatech,careers.smartrecruiters.com/telefonicatech,1,kalil0321-ats-companies
telestream,careers.smartrecruiters.com/telestream,1,kalil0321-ats-companies
tem,careers.smartrecruiters.com/tem,1,kalil0321-ats-companies
tembo,careers.smartrecruiters.com/tembo,1,kalil0321-ats-companies
tempo,careers.smartrecruiters.com/tempo,2,kalil0321-ats-companies;outscal-openjobs
Ten4,careers.smartrecruiters.com/Ten4,1,outscal-openjobs
tendo,careers.smartrecruiters.com/tendo,1,kalil0321-ats-companies
tennders,careers.smartrecruiters.com/tennders,1,kalil0321-ats-companies
tereos,careers.smartrecruiters.com/tereos,1,kalil0321-ats-companies
terrapay,careers.smartrecruiters.com/terrapay,1,kalil0321-ats-companies
terrascope,careers.smartrecruiters.com/terrascope,1,kalil0321-ats-companies
terrestarsolutionsinc,careers.smartrecruiters.com/terrestarsolutionsinc,1,kalil0321-ats-companies
texasinstruments,careers.smartrecruiters.com/texasinstruments,1,kalil0321-ats-companies
texasworkforcecommission,careers.smartrecruiters.com/texasworkforcecommission,1,kalil0321-ats-companies
texau,careers.smartrecruiters.com/texau,1,kalil0321-ats-companies
textmaster,careers.smartrecruiters.com/textmaster,1,kalil0321-ats-companies
thanx,careers.smartrecruiters.com/thanx,1,kalil0321-ats-companies
theboundary,careers.smartrecruiters.com/theboundary,1,kalil0321-ats-companies
thecreditpros,careers.smartrecruiters.com/thecreditpros,1,kalil0321-ats-companies
theemesoftinc,careers.smartrecruiters.com/theemesoftinc,1,kalil0321-ats-companies
thehive,careers.smartrecruiters.com/thehive,1,kalil0321-ats-companies
thekey,careers.smartrecruiters.com/thekey,1,kalil0321-ats-companies
thekrogerco,careers.smartrecruiters.com/thekrogerco,1,kalil0321-ats-companies
TheMill2,careers.smartrecruiters.com/TheMill2,1,outscal-openjobs
thenamaris,careers.smartrecruiters.com/thenamaris,1,kalil0321-ats-companies
thenielsencompany,careers.smartrecruiters.com/thenielsencompany,2,jd-intel-npm;kalil0321-ats-companies
thepeoplegroup,careers.smartrecruiters.com/thepeoplegroup,1,kalil0321-ats-companies
thepiadagroup,careers.smartrecruiters.com/thepiadagroup,1,kalil0321-ats-companies
thepieexecsearch,careers.smartrecruiters.com/thepieexecsearch,1,kalil0321-ats-companies
TheRankGroup,careers.smartrecruiters.com/TheRankGroup,1,outscal-openjobs
therefinery,careers.smartrecruiters.com/therefinery,1,kalil0321-ats-companies
thestudio,careers.smartrecruiters.com/thestudio,1,kalil0321-ats-companies
theuniversityofauckland,careers.smartrecruiters.com/theuniversityofauckland,1,kalil0321-ats-companies
thewarehousegroup1,careers.smartrecruiters.com/thewarehousegroup1,1,kalil0321-ats-companies
thewesleyhotel,careers.smartrecruiters.com/thewesleyhotel,1,kalil0321-ats-companies
thewonderfulcompany,careers.smartrecruiters.com/thewonderfulcompany,1,kalil0321-ats-companies
think-it,careers.smartrecruiters.com/think-it,1,kalil0321-ats-companies
thinkcerca,careers.smartrecruiters.com/thinkcerca,1,kalil0321-ats-companies
thorlabs,careers.smartrecruiters.com/thorlabs,1,kalil0321-ats-companies
thoughtmachine,careers.smartrecruiters.com/thoughtmachine,1,kalil0321-ats-companies
thousandeyes,careers.smartrecruiters.com/thousandeyes,1,kalil0321-ats-companies
threespacelab,careers.smartrecruiters.com/threespacelab,1,kalil0321-ats-companies
thrive2,careers.smartrecruiters.com/thrive2,1,kalil0321-ats-companies
thungela,careers.smartrecruiters.com/thungela,1,kalil0321-ats-companies
tidepool,careers.smartrecruiters.com/tidepool,2,ches-ctrl-cheddar;kalil0321-ats-companies
tiedemannadvisors,careers.smartrecruiters.com/tiedemannadvisors,1,kalil0321-ats-companies
tigeranalytics,careers.smartrecruiters.com/tigeranalytics,1,kalil0321-ats-companies
tigergraph,careers.smartrecruiters.com/tigergraph,1,kalil0321-ats-companies
timmonsgroup1,careers.smartrecruiters.com/timmonsgroup1,2,andreasasprou-ats-finder;kalil0321-ats-companies
tinybeans,careers.smartrecruiters.com/tinybeans,1,kalil0321-ats-companies
tivertonadvisors,careers.smartrecruiters.com/tivertonadvisors,1,kalil0321-ats-companies
tixr,careers.smartrecruiters.com/tixr,1,kalil0321-ats-companies
together,careers.smartrecruiters.com/together,1,kalil0321-ats-companies
tomra,careers.smartrecruiters.com/tomra,1,kalil0321-ats-companies
toms,careers.smartrecruiters.com/toms,1,kalil0321-ats-companies
TonicDNA1,careers.smartrecruiters.com/TonicDNA1,1,outscal-openjobs
topazlabs,careers.smartrecruiters.com/topazlabs,1,kalil0321-ats-companies
topconeuropemedicalbv,careers.smartrecruiters.com/topconeuropemedicalbv,1,kalil0321-ats-companies
toppr,careers.smartrecruiters.com/toppr,1,kalil0321-ats-companies
topsteptrader,careers.smartrecruiters.com/topsteptrader,1,kalil0321-ats-companies
toshibaglobalcommercesolutions,careers.smartrecruiters.com/toshibaglobalcommercesolutions,1,kalil0321-ats-companies
totango,careers.smartrecruiters.com/totango,1,kalil0321-ats-companies
touchdownlogisticsinc,careers.smartrecruiters.com/touchdownlogisticsinc,1,kalil0321-ats-companies
townofstonyplain,careers.smartrecruiters.com/townofstonyplain,1,kalil0321-ats-companies
toyotafinancialservices,careers.smartrecruiters.com/toyotafinancialservices,1,kalil0321-ats-companies
tpg,careers.smartrecruiters.com/tpg,1,kalil0321-ats-companies
trace3,careers.smartrecruiters.com/trace3,1,kalil0321-ats-companies
trademe,careers.smartrecruiters.com/trademe,1,kalil0321-ats-companies
tradetracker,careers.smartrecruiters.com/tradetracker,1,kalil0321-ats-companies
tradingview,careers.smartrecruiters.com/tradingview,1,kalil0321-ats-companies
trafficcast,careers.smartrecruiters.com/trafficcast,1,kalil0321-ats-companies
Trane,https://jobs.smartrecruiters.com/Trane,1,nandish02-portfolio
TraneTechnologies,https://jobs.smartrecruiters.com/TraneTechnologies,1,nandish02-portfolio
transcat,careers.smartrecruiters.com/transcat,1,kalil0321-ats-companies
transifex,careers.smartrecruiters.com/transifex,1,kalil0321-ats-companies
translationempire,careers.smartrecruiters.com/translationempire,1,kalil0321-ats-companies
translations,careers.smartrecruiters.com/translations,1,kalil0321-ats-companies
transperfect,careers.smartrecruiters.com/transperfect,1,kalil0321-ats-companies
trantor,careers.smartrecruiters.com/trantor,1,kalil0321-ats-companies
travoom,careers.smartrecruiters.com/travoom,1,kalil0321-ats-companies
treehousestrategyandcommunicatio,careers.smartrecruiters.com/treehousestrategyandcommunicatio,1,kalil0321-ats-companies
tri,careers.smartrecruiters.com/tri,1,kalil0321-ats-companies
trickleup,careers.smartrecruiters.com/trickleup,1,kalil0321-ats-companies
triipme,careers.smartrecruiters.com/triipme,1,kalil0321-ats-companies
trimble,careers.smartrecruiters.com/trimble,1,kalil0321-ats-companies
trinet,careers.smartrecruiters.com/trinet,1,kalil0321-ats-companies
tripadvisor,careers.smartrecruiters.com/tripadvisor,1,kalil0321-ats-companies
trocaire,careers.smartrecruiters.com/trocaire,1,kalil0321-ats-companies
trucordia1,careers.smartrecruiters.com/trucordia1,1,kalil0321-ats-companies
truecare,careers.smartrecruiters.com/truecare,1,kalil0321-ats-companies
truepill,careers.smartrecruiters.com/truepill,1,kalil0321-ats-companies
trupanion1,careers.smartrecruiters.com/trupanion1,1,kalil0321-ats-companies
trust,careers.smartrecruiters.com/trust,1,kalil0321-ats-companies
trustonic,careers.smartrecruiters.com/trustonic,1,kalil0321-ats-companies
truthinitiative,careers.smartrecruiters.com/truthinitiative,1,kalil0321-ats-companies
tssconsultancypvtltd,careers.smartrecruiters.com/tssconsultancypvtltd,1,kalil0321-ats-companies
ttp1,careers.smartrecruiters.com/ttp1,1,kalil0321-ats-companies
tubitv,careers.smartrecruiters.com/tubitv,1,kalil0321-ats-companies
tunein,careers.smartrecruiters.com/tunein,1,kalil0321-ats-companies
turnerconstruction,careers.smartrecruiters.com/turnerconstruction,1,kalil0321-ats-companies
turnertownsend,careers.smartrecruiters.com/turnertownsend,1,kalil0321-ats-companies
turnitinllc,careers.smartrecruiters.com/turnitinllc,1,kalil0321-ats-companies
turtlemint,careers.smartrecruiters.com/turtlemint,1,kayden-vs-ats-finder
twentytwentyconsultingltd,careers.smartrecruiters.com/twentytwentyconsultingltd,1,kalil0321-ats-companies
Twilio1,https://jobs.smartrecruiters.com/Twilio1,1,nandish02-portfolio
TwilioSendGrid,https://jobs.smartrecruiters.com/TwilioSendGrid,1,nandish02-portfolio
twistbioscience,careers.smartrecruiters.com/twistbioscience,1,kalil0321-ats-companies
twitch,careers.smartrecruiters.com/twitch,1,kalil0321-ats-companies
twitter2,careers.smartrecruiters.com/twitter2,1,kalil0321-ats-companies
uber,jobs.smartrecruiters.com/uber,1,outscal-openjobs
ubiquesystems1,careers.smartrecruiters.com/ubiquesystems1,1,kalil0321-ats-companies
ubisoft2,careers.smartrecruiters.com/ubisoft2,2,kalil0321-ats-companies;outscal-openjobs
udacity,careers.smartrecruiters.com/udacity,1,kalil0321-ats-companies
uft,careers.smartrecruiters.com/uft,1,kalil0321-ats-companies
uic,careers.smartrecruiters.com/uic,1,kalil0321-ats-companies
ukatomicenergyauthority,careers.smartrecruiters.com/ukatomicenergyauthority,1,kalil0321-ats-companies
umbra,careers.smartrecruiters.com/umbra,1,kalil0321-ats-companies
umdaschgroup,careers.smartrecruiters.com/umdaschgroup,1,kalil0321-ats-companies
umniah,careers.smartrecruiters.com/umniah,1,kalil0321-ats-companies
unacademy,careers.smartrecruiters.com/unacademy,1,kayden-vs-ats-finder
UnbrokenStudios,careers.smartrecruiters.com/UnbrokenStudios,1,outscal-openjobs
uncommonschools,careers.smartrecruiters.com/uncommonschools,1,kalil0321-ats-companies
undp,careers.smartrecruiters.com/undp,1,kalil0321-ats-companies
unfcu,careers.smartrecruiters.com/unfcu,1,kalil0321-ats-companies
unifynd,jobs.smartrecruiters.com/unifynd,1,outscal-openjobs
unifypartners,careers.smartrecruiters.com/unifypartners,1,kalil0321-ats-companies
unioncountygovernment,careers.smartrecruiters.com/unioncountygovernment,1,kalil0321-ats-companies
unit410,careers.smartrecruiters.com/unit410,1,kalil0321-ats-companies
unitedinfrastructure,careers.smartrecruiters.com/unitedinfrastructure,1,kalil0321-ats-companies
unitedlex,careers.smartrecruiters.com/unitedlex,1,kalil0321-ats-companies
unitednationsfoundation,careers.smartrecruiters.com/unitednationsfoundation,1,kalil0321-ats-companies
uniteklearning,careers.smartrecruiters.com/uniteklearning,1,kalil0321-ats-companies
universityhealthnetwork,careers.smartrecruiters.com/universityhealthnetwork,1,kalil0321-ats-companies
universityofedinburgh,careers.smartrecruiters.com/universityofedinburgh,1,kalil0321-ats-companies
universityofnotredame,careers.smartrecruiters.com/universityofnotredame,1,kalil0321-ats-companies
UntoldTalesSA,careers.smartrecruiters.com/UntoldTalesSA,1,outscal-openjobs
unwrap,careers.smartrecruiters.com/unwrap,1,kalil0321-ats-companies
upgrade1,careers.smartrecruiters.com/upgrade1,1,kalil0321-ats-companies
uprospect,careers.smartrecruiters.com/uprospect,1,kalil0321-ats-companies
upstox,careers.smartrecruiters.com/upstox,1,kayden-vs-ats-finder
upstream,careers.smartrecruiters.com/upstream,1,kalil0321-ats-companies
upvest,careers.smartrecruiters.com/upvest,1,kalil0321-ats-companies
ursusinc,jobs.smartrecruiters.com/ursusinc,1,outscal-openjobs
usac,careers.smartrecruiters.com/usac,1,kalil0321-ats-companies
usm2,careers.smartrecruiters.com/usm2,1,kalil0321-ats-companies
usphysicaltherapy2,careers.smartrecruiters.com/usphysicaltherapy2,1,kalil0321-ats-companies
uss,careers.smartrecruiters.com/uss,1,kalil0321-ats-companies
utac,careers.smartrecruiters.com/utac,1,kalil0321-ats-companies
v4c,careers.smartrecruiters.com/v4c,1,kalil0321-ats-companies
valiantys,careers.smartrecruiters.com/valiantys,1,kalil0321-ats-companies
ValkyrieEntertainment,careers.smartrecruiters.com/ValkyrieEntertainment,1,outscal-openjobs
valleymedical,careers.smartrecruiters.com/valleymedical,1,kalil0321-ats-companies
valorequitypartners,careers.smartrecruiters.com/valorequitypartners,1,kalil0321-ats-companies
valtech,careers.smartrecruiters.com/valtech,1,kalil0321-ats-companies
ValU1,careers.smartrecruiters.com/ValU1,1,outscal-openjobs
value1,careers.smartrecruiters.com/value1,1,kalil0321-ats-companies
valuelabs,jobs.smartrecruiters.com/valuelabs,1,outscal-openjobs
vams,careers.smartrecruiters.com/vams,1,kalil0321-ats-companies
vamsystems,careers.smartrecruiters.com/vamsystems,1,kalil0321-ats-companies
vanderbiltuniversity,careers.smartrecruiters.com/vanderbiltuniversity,1,kalil0321-ats-companies
VangstTalentNetwork,careers.smartrecruiters.com/VangstTalentNetwork,1,andreasasprou-ats-finder
VangstTalentNetwork.,careers.smartrecruiters.com/VangstTalentNetwork.,1,andreasasprou-ats-finder
vantage,careers.smartrecruiters.com/vantage,1,kalil0321-ats-companies
vaticlabs,careers.smartrecruiters.com/vaticlabs,1,kalil0321-ats-companies
veeamsoftware,careers.smartrecruiters.com/veeamsoftware,1,kalil0321-ats-companies
veem,careers.smartrecruiters.com/veem,1,kalil0321-ats-companies
veepee,careers.smartrecruiters.com/veepee,1,kalil0321-ats-companies
velir,careers.smartrecruiters.com/velir,1,kalil0321-ats-companies
ventrahealth,careers.smartrecruiters.com/ventrahealth,1,kalil0321-ats-companies
ventrata,careers.smartrecruiters.com/ventrata,1,kalil0321-ats-companies
venturedive,careers.smartrecruiters.com/venturedive,1,kalil0321-ats-companies
verdant1,careers.smartrecruiters.com/verdant1,1,kalil0321-ats-companies
veremark,jobs.smartrecruiters.com/veremark,1,outscal-openjobs
vergegenomics,careers.smartrecruiters.com/vergegenomics,1,kalil0321-ats-companies
vericast,careers.smartrecruiters.com/vericast,1,kalil0321-ats-companies
verisign,careers.smartrecruiters.com/verisign,1,kalil0321-ats-companies
Verisk,jobs.smartrecruiters.com/Verisk,2,ches-ctrl-cheddar;outscal-openjobs
vernacularai,careers.smartrecruiters.com/vernacularai,1,kalil0321-ats-companies
versant3,careers.smartrecruiters.com/versant3,1,kalil0321-ats-companies
version1,careers.smartrecruiters.com/version1,2,kalil0321-ats-companies;outscal-openjobs
veryday,careers.smartrecruiters.com/veryday,1,kalil0321-ats-companies
vezeeta,careers.smartrecruiters.com/vezeeta,1,kalil0321-ats-companies
vhb,careers.smartrecruiters.com/vhb,1,kalil0321-ats-companies
vipkid,careers.smartrecruiters.com/vipkid,1,kalil0321-ats-companies
viralnation,careers.smartrecruiters.com/viralnation,1,kalil0321-ats-companies
virtuaadvancedsolution,careers.smartrecruiters.com/virtuaadvancedsolution,1,kalil0321-ats-companies
virtusapolaris,careers.smartrecruiters.com/virtusapolaris,1,kalil0321-ats-companies
visa,careers.smartrecruiters.com/visa,3,jd-intel-npm;kalil0321-ats-companies;outscal-openjobs
VisaInc,https://jobs.smartrecruiters.com/VisaInc,1,nandish02-portfolio
viseven,careers.smartrecruiters.com/viseven,1,kalil0321-ats-companies
vistaequitypartners,careers.smartrecruiters.com/vistaequitypartners,1,kalil0321-ats-companies
vistahigherlearning,careers.smartrecruiters.com/vistahigherlearning,1,kalil0321-ats-companies
vistaprairiecommunities,careers.smartrecruiters.com/vistaprairiecommunities,1,kalil0321-ats-companies
vitacoco,careers.smartrecruiters.com/vitacoco,1,kalil0321-ats-companies
vitalogisticsllc,careers.smartrecruiters.com/vitalogisticsllc,1,kalil0321-ats-companies
vitashealthcare,careers.smartrecruiters.com/vitashealthcare,1,kalil0321-ats-companies
vitestro,careers.smartrecruiters.com/vitestro,1,kalil0321-ats-companies
vitol,careers.smartrecruiters.com/vitol,1,kalil0321-ats-companies
vivaenergyaustralia,careers.smartrecruiters.com/vivaenergyaustralia,1,kalil0321-ats-companies
vivint,careers.smartrecruiters.com/vivint,1,kalil0321-ats-companies
viviohealth,careers.smartrecruiters.com/viviohealth,1,kalil0321-ats-companies
vixtechnology,careers.smartrecruiters.com/vixtechnology,1,kalil0321-ats-companies
vizexperts,jobs.smartrecruiters.com/vizexperts,1,outscal-openjobs
vizrt,careers.smartrecruiters.com/vizrt,1,kalil0321-ats-companies
vlc,careers.smartrecruiters.com/vlc,1,kalil0321-ats-companies
vmdcorp,jobs.smartrecruiters.com/vmdcorp,1,outscal-openjobs
vodafone,careers.smartrecruiters.com/vodafone,1,kalil0321-ats-companies
Volksbyte,careers.smartrecruiters.com/Volksbyte,1,outscal-openjobs
volocoptergmbh,careers.smartrecruiters.com/volocoptergmbh,1,kalil0321-ats-companies
volution,careers.smartrecruiters.com/volution,1,kalil0321-ats-companies
vonage,careers.smartrecruiters.com/vonage,1,kalil0321-ats-companies
vuoriinc,careers.smartrecruiters.com/vuoriinc,1,kalil0321-ats-companies
vusiongroupsa,careers.smartrecruiters.com/vusiongroupsa,1,kalil0321-ats-companies
vvbengineering,careers.smartrecruiters.com/vvbengineering,1,kalil0321-ats-companies
vysystems,jobs.smartrecruiters.com/vysystems,1,outscal-openjobs
wabashvalleypoweralliance,careers.smartrecruiters.com/wabashvalleypoweralliance,1,kalil0321-ats-companies
wabtec,careers.smartrecruiters.com/wabtec,2,jd-intel-npm;kalil0321-ats-companies
wagepoint,careers.smartrecruiters.com/wagepoint,1,kalil0321-ats-companies
walgreens7,careers.smartrecruiters.com/walgreens7,1,kalil0321-ats-companies
walkme,careers.smartrecruiters.com/walkme,1,kalil0321-ats-companies
wanderlustadventures,careers.smartrecruiters.com/wanderlustadventures,1,kalil0321-ats-companies
wasabit,careers.smartrecruiters.com/wasabit,1,kalil0321-ats-companies
wastemanagement8,careers.smartrecruiters.com/wastemanagement8,1,kalil0321-ats-companies
wateraid,careers.smartrecruiters.com/wateraid,1,kalil0321-ats-companies
wavestone1,careers.smartrecruiters.com/wavestone1,1,kalil0321-ats-companies
wavicledatasolutions,careers.smartrecruiters.com/wavicledatasolutions,1,kalil0321-ats-companies
wayfair,jobs.smartrecruiters.com/wayfair,1,outscal-openjobs
WayForwardTechnologies,careers.smartrecruiters.com/WayForwardTechnologies,1,outscal-openjobs
wayup,jobs.smartrecruiters.com/wayup,1,outscal-openjobs
wdcrecruitment,careers.smartrecruiters.com/wdcrecruitment,1,kalil0321-ats-companies
webblegacylogisticsllc,careers.smartrecruiters.com/webblegacylogisticsllc,1,kalil0321-ats-companies
websummit,careers.smartrecruiters.com/websummit,1,kalil0321-ats-companies
weekday1,careers.smartrecruiters.com/weekday1,1,kalil0321-ats-companies
wellspring,careers.smartrecruiters.com/wellspring,1,kalil0321-ats-companies
welltok,careers.smartrecruiters.com/welltok,1,kalil0321-ats-companies
werfen,careers.smartrecruiters.com/werfen,1,kalil0321-ats-companies
wesco,careers.smartrecruiters.com/wesco,1,kalil0321-ats-companies
weski,careers.smartrecruiters.com/weski,1,kalil0321-ats-companies
westerndigital,careers.smartrecruiters.com/westerndigital,3,jd-intel-npm;kalil0321-ats-companies;outscal-openjobs
westwing,careers.smartrecruiters.com/westwing,1,kalil0321-ats-companies
wetaworkshop,careers.smartrecruiters.com/wetaworkshop,1,kalil0321-ats-companies
whatfix,careers.smartrecruiters.com/whatfix,2,kayden-vs-ats-finder;outscal-openjobs
whatnot,careers.smartrecruiters.com/whatnot,1,kalil0321-ats-companies
whizzhr,jobs.smartrecruiters.com/whizzhr,1,outscal-openjobs
wiftllc,careers.smartrecruiters.com/wiftllc,1,kalil0321-ats-companies
wildbrain,careers.smartrecruiters.com/wildbrain,2,kalil0321-ats-companies;outscal-openjobs
williamoslerhealthsystem1,careers.smartrecruiters.com/williamoslerhealthsystem1,1,kalil0321-ats-companies
williams-sonoma,careers.smartrecruiters.com/williams-sonoma,1,kalil0321-ats-companies
williamssonoma,careers.smartrecruiters.com/williamssonoma,1,kalil0321-ats-companies
wilshireadvisorsllc,careers.smartrecruiters.com/wilshireadvisorsllc,1,kalil0321-ats-companies
wilsonhcg,careers.smartrecruiters.com/wilsonhcg,1,kalil0321-ats-companies
windownation,careers.smartrecruiters.com/windownation,1,kalil0321-ats-companies
winsupply1,careers.smartrecruiters.com/winsupply1,1,kalil0321-ats-companies
wiredmessenger,careers.smartrecruiters.com/wiredmessenger,1,kalil0321-ats-companies
Wise,https://jobs.smartrecruiters.com/Wise,1,jd-intel-npm
wiser,careers.smartrecruiters.com/wiser,1,kalil0321-ats-companies
wisersolutions,careers.smartrecruiters.com/wisersolutions,1,kalil0321-ats-companies
wishpond,careers.smartrecruiters.com/wishpond,1,kalil0321-ats-companies
wjcompany,careers.smartrecruiters.com/wjcompany,1,kalil0321-ats-companies
wm,careers.smartrecruiters.com/wm,1,kalil0321-ats-companies
wnscareers,careers.smartrecruiters.com/wnscareers,1,kalil0321-ats-companies
wnsglobalservices,careers.smartrecruiters.com/wnsglobalservices,1,kalil0321-ats-companies
wnsglobalservices144,careers.smartrecruiters.com/wnsglobalservices144,1,kalil0321-ats-companies
wolfjawstudios,careers.smartrecruiters.com/wolfjawstudios,1,andreasasprou-ats-finder
wolframresearch,careers.smartrecruiters.com/wolframresearch,1,kalil0321-ats-companies
wolt,careers.smartrecruiters.com/wolt,1,kalil0321-ats-companies
wordbank,careers.smartrecruiters.com/wordbank,1,kalil0321-ats-companies
workato,careers.smartrecruiters.com/workato,1,kalil0321-ats-companies
workforcesource,careers.smartrecruiters.com/workforcesource,1,kalil0321-ats-companies
workhint,careers.smartrecruiters.com/workhint,1,kalil0321-ats-companies
workingsolutions,careers.smartrecruiters.com/workingsolutions,1,kalil0321-ats-companies
workinprogress,careers.smartrecruiters.com/workinprogress,1,kalil0321-ats-companies
worksimple,careers.smartrecruiters.com/worksimple,1,kalil0321-ats-companies
workstate,careers.smartrecruiters.com/workstate,1,kalil0321-ats-companies
workstreet,careers.smartrecruiters.com/workstreet,1,kalil0321-ats-companies
worldanimalprotection,careers.smartrecruiters.com/worldanimalprotection,1,kalil0321-ats-companies
worldbankgroup,careers.smartrecruiters.com/worldbankgroup,1,kalil0321-ats-companies
worldbicyclerelief,careers.smartrecruiters.com/worldbicyclerelief,1,kalil0321-ats-companies
worldia,careers.smartrecruiters.com/worldia,1,kalil0321-ats-companies
worldwidetechservices,careers.smartrecruiters.com/worldwidetechservices,1,kalil0321-ats-companies
worldwildlifefundinc1,careers.smartrecruiters.com/worldwildlifefundinc1,1,kalil0321-ats-companies
wpromote,careers.smartrecruiters.com/wpromote,1,kalil0321-ats-companies
wr,careers.smartrecruiters.com/wr,1,kalil0321-ats-companies
wrangu,careers.smartrecruiters.com/wrangu,1,kalil0321-ats-companies
wshgroup,careers.smartrecruiters.com/wshgroup,1,kalil0321-ats-companies
wtw,careers.smartrecruiters.com/wtw,1,kalil0321-ats-companies
wuestpartner,careers.smartrecruiters.com/wuestpartner,1,kalil0321-ats-companies
wundercapital,careers.smartrecruiters.com/wundercapital,1,kalil0321-ats-companies
wundermobility,careers.smartrecruiters.com/wundermobility,1,kalil0321-ats-companies
ww,careers.smartrecruiters.com/ww,1,kalil0321-ats-companies
xerox,careers.smartrecruiters.com/xerox,1,kalil0321-ats-companies
xiaomiindia,jobs.smartrecruiters.com/xiaomiindia,1,outscal-openjobs
xio,careers.smartrecruiters.com/xio,1,kalil0321-ats-companies
xplor,careers.smartrecruiters.com/xplor,3,jd-intel-npm;kalil0321-ats-companies;outscal-openjobs
xppower2,careers.smartrecruiters.com/xppower2,1,kalil0321-ats-companies
xprolabs,careers.smartrecruiters.com/xprolabs,1,kalil0321-ats-companies
xref3,careers.smartrecruiters.com/xref3,1,kalil0321-ats-companies
xtremepush,careers.smartrecruiters.com/xtremepush,1,kalil0321-ats-companies
YggdrasilSandbox,careers.smartrecruiters.com/YggdrasilSandbox,1,outscal-openjobs
YochanaITSolutionsInc3,careers.smartrecruiters.com/YochanaITSolutionsInc3,1,andreasasprou-ats-finder
yokly,careers.smartrecruiters.com/yokly,1,kalil0321-ats-companies
yourcausellc,careers.smartrecruiters.com/yourcausellc,1,kalil0321-ats-companies
yum,careers.smartrecruiters.com/yum,1,kalil0321-ats-companies
yup1,careers.smartrecruiters.com/yup1,1,kalil0321-ats-companies
zealogicsllc,careers.smartrecruiters.com/zealogicsllc,1,kalil0321-ats-companies
zeeco,careers.smartrecruiters.com/zeeco,1,kalil0321-ats-companies
zekelmanindustries,careers.smartrecruiters.com/zekelmanindustries,1,kalil0321-ats-companies
zencore,careers.smartrecruiters.com/zencore,1,kalil0321-ats-companies
zendesk,careers.smartrecruiters.com/zendesk,1,kalil0321-ats-companies
ZendeskInc,https://jobs.smartrecruiters.com/ZendeskInc,1,nandish02-portfolio
zenlayer,careers.smartrecruiters.com/zenlayer,1,kalil0321-ats-companies
zeotap,careers.smartrecruiters.com/zeotap,1,kalil0321-ats-companies
zerofox,careers.smartrecruiters.com/zerofox,1,kalil0321-ats-companies
zeroheight,careers.smartrecruiters.com/zeroheight,1,kalil0321-ats-companies
zerotier,careers.smartrecruiters.com/zerotier,1,kalil0321-ats-companies
zeta,careers.smartrecruiters.com/zeta,1,kalil0321-ats-companies
zhushihuishegoat,careers.smartrecruiters.com/zhushihuishegoat,1,kalil0321-ats-companies
zinierinc,careers.smartrecruiters.com/zinierinc,1,kalil0321-ats-companies
zinkworks,careers.smartrecruiters.com/zinkworks,1,kalil0321-ats-companies
zocdoc,careers.smartrecruiters.com/zocdoc,1,kalil0321-ats-companies
ZocDocBookings,https://jobs.smartrecruiters.com/ZocDocBookings,1,nandish02-portfolio
zoicstudios,careers.smartrecruiters.com/zoicstudios,1,kalil0321-ats-companies
zomato1,careers.smartrecruiters.com/zomato1,1,kalil0321-ats-companies
zuum,careers.smartrecruiters.com/zuum,1,kalil0321-ats-companies
zycron,careers.smartrecruiters.com/zycron,1,kalil0321-ats-companies
zycus1,careers.smartrecruiters.com/zycus1,1,kalil0321-ats-companies
