slug,url,n_sources,sources
0x,apply.workable.com/0x,1,kalil0321-ats-companies
1000heads,apply.workable.com/1000heads,2,kalil0321-ats-companies;outscal-openjobs
100mentors,apply.workable.com/100mentors,1,kalil0321-ats-companies
100ms,apply.workable.com/100ms,1,kalil0321-ats-companies
100x,apply.workable.com/100x,1,kalil0321-ats-companies
10pearls,apply.workable.com/10pearls,1,kalil0321-ats-companies
10xbanking,apply.workable.com/10xbanking,1,kalil0321-ats-companies
123formbuilder,apply.workable.com/123formbuilder,1,kalil0321-ats-companies
12go,apply.workable.com/12go,1,kalil0321-ats-companies
15five,apply.workable.com/15five,1,kalil0321-ats-companies
1871,apply.workable.com/1871,1,kalil0321-ats-companies
1915-south-ashley,apply.workable.com/1915-south-ashley,1,kalil0321-ats-companies
1global,apply.workable.com/1global,1,kalil0321-ats-companies
1kosmos,apply.workable.com/1kosmos,1,kalil0321-ats-companies
1rebel,apply.workable.com/1rebel,1,kalil0321-ats-companies
1stopbedrooms,apply.workable.com/1stopbedrooms,1,kalil0321-ats-companies
2070health,apply.workable.com/2070health,1,kalil0321-ats-companies
20four7va,apply.workable.com/20four7va,1,kalil0321-ats-companies
211-broward-1,apply.workable.com/211-broward-1,1,kalil0321-ats-companies
2modern,apply.workable.com/2modern,1,kalil0321-ats-companies
2u,apply.workable.com/2u,1,kalil0321-ats-companies
3-oaks-gaming,apply.workable.com/3-oaks-gaming,1,kalil0321-ats-companies
315,apply.workable.com/315,1,kalil0321-ats-companies
360dialog-gmbh,apply.workable.com/360dialog-gmbh,1,kalil0321-ats-companies
360learning,apply.workable.com/360learning,1,kalil0321-ats-companies
37signals,apply.workable.com/37signals,1,kalil0321-ats-companies
3ag-systems,apply.workable.com/3ag-systems,1,kalil0321-ats-companies
3e,apply.workable.com/3e,1,kalil0321-ats-companies
3eco,apply.workable.com/3eco,1,kalil0321-ats-companies
3m,apply.workable.com/3m,1,kalil0321-ats-companies
3pillarglobal,apply.workable.com/3pillarglobal,1,kalil0321-ats-companies
3s,apply.workable.com/3s,1,kalil0321-ats-companies
3ss,apply.workable.com/3ss,1,kalil0321-ats-companies
3terra,apply.workable.com/3terra,1,kalil0321-ats-companies
3top,apply.workable.com/3top,1,kalil0321-ats-companies
42matters,apply.workable.com/42matters,1,kalil0321-ats-companies
47-degrees,apply.workable.com/47-degrees,1,kalil0321-ats-companies
4oc,apply.workable.com/4oc,1,kalil0321-ats-companies
4th-and-reckless,apply.workable.com/4th-and-reckless,1,kalil0321-ats-companies
540,apply.workable.com/540,1,kalil0321-ats-companies
6figurecreative,apply.workable.com/6figurecreative,1,kalil0321-ats-companies
6sense,apply.workable.com/6sense,1,kalil0321-ats-companies
7eleven,apply.workable.com/7eleven,1,kalil0321-ats-companies
7thsense,apply.workable.com/7thsense,1,kalil0321-ats-companies
87seconds,apply.workable.com/87seconds,1,kalil0321-ats-companies
8twelve,apply.workable.com/8twelve,1,kalil0321-ats-companies
90seconds,apply.workable.com/90seconds,1,kalil0321-ats-companies
9dtechnologies-1,apply.workable.com/9dtechnologies-1,1,kalil0321-ats-companies
9fin,apply.workable.com/9fin,1,kalil0321-ats-companies
a-gas,apply.workable.com/a-gas,1,kalil0321-ats-companies
a21,apply.workable.com/a21,1,kalil0321-ats-companies
a2mac1,apply.workable.com/a2mac1,1,kalil0321-ats-companies
aac-usa,apply.workable.com/aac-usa,1,kalil0321-ats-companies
aaramshop,apply.workable.com/aaramshop,1,kalil0321-ats-companies
aardvark-studios,apply.workable.com/aardvark-studios,1,kalil0321-ats-companies
ab-marketing,apply.workable.com/ab-marketing,1,kalil0321-ats-companies
abaholding,apply.workable.com/abaholding,1,kalil0321-ats-companies
abercrombie-and-kent-1,apply.workable.com/abercrombie-and-kent-1,1,kalil0321-ats-companies
abi-hiring,apply.workable.com/abi-hiring,1,kalil0321-ats-companies
abilis-solutions,apply.workable.com/abilis-solutions,1,kalil0321-ats-companies
abis,apply.workable.com/abis,1,kalil0321-ats-companies
abm-careers,apply.workable.com/abm-careers,1,kalil0321-ats-companies
above-the-treeline,apply.workable.com/above-the-treeline,1,kalil0321-ats-companies
abtrace,apply.workable.com/abtrace,1,kalil0321-ats-companies
abu-dhabi-investment-council,apply.workable.com/abu-dhabi-investment-council,1,kalil0321-ats-companies
abylle-solutions-pvt-ltd,apply.workable.com/abylle-solutions-pvt-ltd,1,kalil0321-ats-companies
abzorbagames,apply.workable.com/abzorbagames,1,outscal-openjobs
academyxi,apply.workable.com/academyxi,1,kalil0321-ats-companies
accel-club,apply.workable.com/accel-club,1,kalil0321-ats-companies
accellor,apply.workable.com/accellor,1,kalil0321-ats-companies
accentedge,apply.workable.com/accentedge,1,kalil0321-ats-companies
accenture,apply.workable.com/accenture,1,kalil0321-ats-companies
access,apply.workable.com/access,1,kalil0321-ats-companies
access-analytix,apply.workable.com/access-analytix,1,kalil0321-ats-companies
access-bank,apply.workable.com/access-bank,1,kalil0321-ats-companies
access-services-3,apply.workable.com/access-services-3,1,kalil0321-ats-companies
accessbank,apply.workable.com/accessbank,1,kalil0321-ats-companies
accessiway,apply.workable.com/accessiway,1,kalil0321-ats-companies
accessnowapp,apply.workable.com/accessnowapp,1,kalil0321-ats-companies
accesso,apply.workable.com/accesso,1,kalil0321-ats-companies
accesstca,apply.workable.com/accesstca,1,kalil0321-ats-companies
accor,apply.workable.com/accor,1,kalil0321-ats-companies
accora,apply.workable.com/accora,1,kalil0321-ats-companies
accord,apply.workable.com/accord,1,kalil0321-ats-companies
accountingprose-hiring,apply.workable.com/accountingprose-hiring,1,kalil0321-ats-companies
accumed,apply.workable.com/accumed,1,kalil0321-ats-companies
accurant,apply.workable.com/accurant,1,kalil0321-ats-companies
acdisaster,apply.workable.com/acdisaster,1,kalil0321-ats-companies
ace-it-careers-1,apply.workable.com/ace-it-careers-1,1,kalil0321-ats-companies
acelab,apply.workable.com/acelab,1,kalil0321-ats-companies
acentra-health,apply.workable.com/acentra-health,1,kalil0321-ats-companies
acodis,apply.workable.com/acodis,1,kalil0321-ats-companies
acoladgroup,apply.workable.com/acoladgroup,1,kalil0321-ats-companies
acorn-product-development,apply.workable.com/acorn-product-development,1,kalil0321-ats-companies
acoustic-3,apply.workable.com/acoustic-3,1,kalil0321-ats-companies
across-continents-translations,apply.workable.com/across-continents-translations,1,kalil0321-ats-companies
acs-sa,apply.workable.com/acs-sa,1,kalil0321-ats-companies
act1federal,apply.workable.com/act1federal,1,kalil0321-ats-companies
action-against-hunger,apply.workable.com/action-against-hunger,1,kalil0321-ats-companies
action1,apply.workable.com/action1,1,kalil0321-ats-companies
actionable,apply.workable.com/actionable,1,kalil0321-ats-companies
actionstep,apply.workable.com/actionstep,1,kalil0321-ats-companies
activ-2,apply.workable.com/activ-2,1,kalil0321-ats-companies
activate-interactive-pte-ltd,apply.workable.com/activate-interactive-pte-ltd,1,kalil0321-ats-companies
activatecare,apply.workable.com/activatecare,1,ches-ctrl-cheddar
activtrades,apply.workable.com/activtrades,1,kalil0321-ats-companies
acuity-insights,apply.workable.com/acuity-insights,1,kalil0321-ats-companies
acumentechnology,apply.workable.com/acumentechnology,1,kalil0321-ats-companies
acusensus-australia,apply.workable.com/acusensus-australia,1,kalil0321-ats-companies
acusensus-new-zealand,apply.workable.com/acusensus-new-zealand,1,kalil0321-ats-companies
adamasbuildingservices,apply.workable.com/adamasbuildingservices,1,kalil0321-ats-companies
adarepharmasolutions,apply.workable.com/adarepharmasolutions,1,kalil0321-ats-companies
addison-lee-group,apply.workable.com/addison-lee-group,1,kalil0321-ats-companies
adfix,apply.workable.com/adfix,1,kalil0321-ats-companies
adforge-corporation,apply.workable.com/adforge-corporation,1,kalil0321-ats-companies
adia1,apply.workable.com/adia1,1,kalil0321-ats-companies
admios,apply.workable.com/admios,1,kalil0321-ats-companies
admirals,apply.workable.com/admirals,1,kalil0321-ats-companies
adoreal,apply.workable.com/adoreal,1,kalil0321-ats-companies
adroytss,apply.workable.com/adroytss,1,kalil0321-ats-companies
adtheorent-1,apply.workable.com/adtheorent-1,1,kalil0321-ats-companies
adultbunkbeds,apply.workable.com/adultbunkbeds,1,kalil0321-ats-companies
advansys-esc-1,apply.workable.com/advansys-esc-1,1,kalil0321-ats-companies
advantmed,apply.workable.com/advantmed,1,kalil0321-ats-companies
adverity,apply.workable.com/adverity,1,ches-ctrl-cheddar
adverto,apply.workable.com/adverto,1,kalil0321-ats-companies
adzuna-2,apply.workable.com/adzuna-2,1,kalil0321-ats-companies
aerocloud-systems,apply.workable.com/aerocloud-systems,1,kalil0321-ats-companies
aerones,apply.workable.com/aerones,1,kalil0321-ats-companies
aesengroup,apply.workable.com/aesengroup,1,kalil0321-ats-companies
aesthetidocs,apply.workable.com/aesthetidocs,1,kalil0321-ats-companies
aesthetix-crm,apply.workable.com/aesthetix-crm,1,kalil0321-ats-companies
aethir,apply.workable.com/aethir,1,kalil0321-ats-companies
aethon-energy,apply.workable.com/aethon-energy,1,kalil0321-ats-companies
af-new-york,apply.workable.com/af-new-york,1,kalil0321-ats-companies
afg,apply.workable.com/afg,1,kalil0321-ats-companies
african-safari-group,apply.workable.com/african-safari-group,1,kalil0321-ats-companies
ag-barr,apply.workable.com/ag-barr,1,kalil0321-ats-companies
agad-technology,apply.workable.com/agad-technology,1,kalil0321-ats-companies
agcp,apply.workable.com/agcp,1,kalil0321-ats-companies
agenda21-digital,apply.workable.com/agenda21-digital,1,kalil0321-ats-companies
agent-vista,apply.workable.com/agent-vista,1,kalil0321-ats-companies
aggio,apply.workable.com/aggio,1,kalil0321-ats-companies
agileactors,apply.workable.com/agileactors,1,kalil0321-ats-companies
agility,apply.workable.com/agility,1,kalil0321-ats-companies
agrevolution,apply.workable.com/agrevolution,1,kalil0321-ats-companies
agt-group-1,apply.workable.com/agt-group-1,1,kalil0321-ats-companies
ahmed-seddiqi-and-sons,apply.workable.com/ahmed-seddiqi-and-sons,1,kalil0321-ats-companies
ahsproperties,apply.workable.com/ahsproperties,1,kalil0321-ats-companies
ai-acquisition,apply.workable.com/ai-acquisition,1,kalil0321-ats-companies
aidplex,apply.workable.com/aidplex,1,kalil0321-ats-companies
aids-healthcare-foundation-1,apply.workable.com/aids-healthcare-foundation-1,1,kalil0321-ats-companies
aidtedu,apply.workable.com/aidtedu,1,kalil0321-ats-companies
air,apply.workable.com/air,1,kalil0321-ats-companies
aira,apply.workable.com/aira,2,ches-ctrl-cheddar;kalil0321-ats-companies
airbeem,apply.workable.com/airbeem,1,kalil0321-ats-companies
airrack,apply.workable.com/airrack,1,kalil0321-ats-companies
airs-medical-inc,apply.workable.com/airs-medical-inc,1,kalil0321-ats-companies
airtree-ventures,apply.workable.com/airtree-ventures,1,kalil0321-ats-companies
ajaib,apply.workable.com/ajaib,1,kalil0321-ats-companies
ajax-distributing-company,apply.workable.com/ajax-distributing-company,1,kalil0321-ats-companies
ajg,apply.workable.com/ajg,1,kalil0321-ats-companies
ak-steel,apply.workable.com/ak-steel,1,kalil0321-ats-companies
akamai,apply.workable.com/akamai,1,kalil0321-ats-companies
akat,apply.workable.com/akat,1,kalil0321-ats-companies
akeed,apply.workable.com/akeed,1,kalil0321-ats-companies
aktlondon,apply.workable.com/aktlondon,1,kalil0321-ats-companies
akur8,apply.workable.com/akur8,1,kalil0321-ats-companies
al-goodbody,apply.workable.com/al-goodbody,1,kalil0321-ats-companies
al-jomaih-energy-and-water,apply.workable.com/al-jomaih-energy-and-water,1,kalil0321-ats-companies
al-solutions-1,apply.workable.com/al-solutions-1,1,kalil0321-ats-companies
al-warren-oil-company-inc,apply.workable.com/al-warren-oil-company-inc,1,kalil0321-ats-companies
alani-nu,apply.workable.com/alani-nu,1,kalil0321-ats-companies
alaqtar,apply.workable.com/alaqtar,1,kalil0321-ats-companies
albert-bartlett,apply.workable.com/albert-bartlett,1,kalil0321-ats-companies
albi,apply.workable.com/albi,1,kalil0321-ats-companies
albireo-energy,apply.workable.com/albireo-energy,1,kalil0321-ats-companies
alborg-diagnostics,apply.workable.com/alborg-diagnostics,1,kalil0321-ats-companies
alcemy,apply.workable.com/alcemy,1,kalil0321-ats-companies
aldea,apply.workable.com/aldea,1,kalil0321-ats-companies
aldebaran-urg,apply.workable.com/aldebaran-urg,1,kalil0321-ats-companies
alector,apply.workable.com/alector,1,kalil0321-ats-companies
alene-candles,apply.workable.com/alene-candles,1,kalil0321-ats-companies
alex-staff-agency-careers,apply.workable.com/alex-staff-agency-careers,1,kalil0321-ats-companies
algaecal,apply.workable.com/algaecal,1,kalil0321-ats-companies
algooru,apply.workable.com/algooru,1,kalil0321-ats-companies
all-day-kitchens,apply.workable.com/all-day-kitchens,1,kalil0321-ats-companies
allcleared,apply.workable.com/allcleared,1,kalil0321-ats-companies
allego-1,apply.workable.com/allego-1,1,kalil0321-ats-companies
allen-digital,apply.workable.com/allen-digital,1,kalil0321-ats-companies
allen-shariff-corporation,apply.workable.com/allen-shariff-corporation,1,kalil0321-ats-companies
alliance-marketing-partners-llc,apply.workable.com/alliance-marketing-partners-llc,1,kalil0321-ats-companies
allianceforgenderequality,apply.workable.com/allianceforgenderequality,1,kalil0321-ats-companies
alliedmachine,apply.workable.com/alliedmachine,2,kalil0321-ats-companies;outscal-openjobs
alliedteam,apply.workable.com/alliedteam,1,kalil0321-ats-companies
alloy-automation,apply.workable.com/alloy-automation,1,kalil0321-ats-companies
alloy-partners,apply.workable.com/alloy-partners,1,kalil0321-ats-companies
allspace,apply.workable.com/allspace,1,kalil0321-ats-companies
allucent,apply.workable.com/allucent,1,kalil0321-ats-companies
allwynls,apply.workable.com/allwynls,1,kalil0321-ats-companies
allwynnorthamerica,apply.workable.com/allwynnorthamerica,1,kalil0321-ats-companies
allwynuk,apply.workable.com/allwynuk,1,kalil0321-ats-companies
almaadvisorygroup,apply.workable.com/almaadvisorygroup,1,kalil0321-ats-companies
almanak-blockchain-labs-ag,apply.workable.com/almanak-blockchain-labs-ag,1,kalil0321-ats-companies
alohi,apply.workable.com/alohi,1,kalil0321-ats-companies
alooba,apply.workable.com/alooba,1,kalil0321-ats-companies
alphax,apply.workable.com/alphax,1,kalil0321-ats-companies
alpinehomeair,apply.workable.com/alpinehomeair,1,kalil0321-ats-companies
alta-ares,apply.workable.com/alta-ares,1,kalil0321-ats-companies
altalink,apply.workable.com/altalink,1,kalil0321-ats-companies
alten-mexico-1,apply.workable.com/alten-mexico-1,1,kalil0321-ats-companies
alternative-payments,apply.workable.com/alternative-payments,1,kalil0321-ats-companies
altman-solon,apply.workable.com/altman-solon,1,kalil0321-ats-companies
altom-transport,apply.workable.com/altom-transport,1,kalil0321-ats-companies
altruist,apply.workable.com/altruist,1,kalil0321-ats-companies
alumil,apply.workable.com/alumil,1,kalil0321-ats-companies
alwatania-information-systems,apply.workable.com/alwatania-information-systems,1,kalil0321-ats-companies
amagi,apply.workable.com/amagi,1,kalil0321-ats-companies
amare-global,apply.workable.com/amare-global,1,kalil0321-ats-companies
amarillo-college,apply.workable.com/amarillo-college,1,kalil0321-ats-companies
amartha,apply.workable.com/amartha,1,kalil0321-ats-companies
amax-1,apply.workable.com/amax-1,1,kalil0321-ats-companies
amazon,apply.workable.com/amazon,1,kalil0321-ats-companies
ambition,apply.workable.com/ambition,1,kalil0321-ats-companies
amc-studio,apply.workable.com/amc-studio,2,kalil0321-ats-companies;outscal-openjobs
amcid-solutions,apply.workable.com/amcid-solutions,1,kalil0321-ats-companies
amer-sports,apply.workable.com/amer-sports,1,kalil0321-ats-companies
american-college-of-education,apply.workable.com/american-college-of-education,1,kalil0321-ats-companies
american-hoteland-lodging-association,apply.workable.com/american-hoteland-lodging-association,1,kalil0321-ats-companies
american-institute-of-chemical-engineers,apply.workable.com/american-institute-of-chemical-engineers,2,ches-ctrl-cheddar;kalil0321-ats-companies
americana-kuwait-food-company,apply.workable.com/americana-kuwait-food-company,1,kalil0321-ats-companies
americas-pharmacy-group,apply.workable.com/americas-pharmacy-group,1,kalil0321-ats-companies
ametsa-packaging,apply.workable.com/ametsa-packaging,1,kalil0321-ats-companies
amogy-1,apply.workable.com/amogy-1,1,ches-ctrl-cheddar
ampcap,apply.workable.com/ampcap,1,kalil0321-ats-companies
amplifier-health,apply.workable.com/amplifier-health,1,kalil0321-ats-companies
amprius,apply.workable.com/amprius,1,kalil0321-ats-companies
amv,apply.workable.com/amv,1,kalil0321-ats-companies
anand-systems-engineering-pvt-dot-l-td-dot-mumbai,apply.workable.com/anand-systems-engineering-pvt-dot-l-td-dot-mumbai,1,kalil0321-ats-companies
ananinja,apply.workable.com/ananinja,1,kalil0321-ats-companies
anatomage,apply.workable.com/anatomage,1,kalil0321-ats-companies
anavah-talent,apply.workable.com/anavah-talent,1,kalil0321-ats-companies
anax-group,apply.workable.com/anax-group,1,kalil0321-ats-companies
and-digital,apply.workable.com/and-digital,1,kalil0321-ats-companies
and-friends,apply.workable.com/and-friends,1,kalil0321-ats-companies
anderson-engineering,apply.workable.com/anderson-engineering,1,kalil0321-ats-companies
andromeda-robotics,apply.workable.com/andromeda-robotics,1,kalil0321-ats-companies
angkas,apply.workable.com/angkas,1,kalil0321-ats-companies
anjuna-global,apply.workable.com/anjuna-global,1,kalil0321-ats-companies
annamoney,apply.workable.com/annamoney,1,kalil0321-ats-companies
antarcticaglobal,apply.workable.com/antarcticaglobal,2,kalil0321-ats-companies;outscal-openjobs
antenna,apply.workable.com/antenna,1,kalil0321-ats-companies
anthro,apply.workable.com/anthro,1,kalil0321-ats-companies
antler,apply.workable.com/antler,1,kalil0321-ats-companies
anton,apply.workable.com/anton,1,kalil0321-ats-companies
anvil,apply.workable.com/anvil,1,kalil0321-ats-companies
anvilogic-inc,apply.workable.com/anvilogic-inc,1,kalil0321-ats-companies
anyroad,apply.workable.com/anyroad,1,kalil0321-ats-companies
anything,apply.workable.com/anything,1,kalil0321-ats-companies
anytime-fitness-32,apply.workable.com/anytime-fitness-32,1,kalil0321-ats-companies
anytimefitness,apply.workable.com/anytimefitness,1,kalil0321-ats-companies
anza-xyz,apply.workable.com/anza-xyz,1,kalil0321-ats-companies
anzu,apply.workable.com/anzu,1,outscal-openjobs
apave-cameroun,apply.workable.com/apave-cameroun,1,kalil0321-ats-companies
aperture-london,apply.workable.com/aperture-london,1,kalil0321-ats-companies
apex-network-1,apply.workable.com/apex-network-1,1,kalil0321-ats-companies
apexinformatics,apply.workable.com/apexinformatics,1,kalil0321-ats-companies
apexwheels,apply.workable.com/apexwheels,1,kalil0321-ats-companies
apm-monaco,apply.workable.com/apm-monaco,1,kalil0321-ats-companies
apna,apply.workable.com/apna,1,kayden-vs-ats-finder
aporia,apply.workable.com/aporia,1,kalil0321-ats-companies
apothekary,apply.workable.com/apothekary,1,kalil0321-ats-companies
appearhere,apply.workable.com/appearhere,1,kalil0321-ats-companies
appier,apply.workable.com/appier,1,kalil0321-ats-companies
apple,apply.workable.com/apple,1,kalil0321-ats-companies
apple-restoration-and-waterproofing,apply.workable.com/apple-restoration-and-waterproofing,1,kalil0321-ats-companies
apple-roofing,apply.workable.com/apple-roofing,1,kalil0321-ats-companies
appleseed,apply.workable.com/appleseed,1,kalil0321-ats-companies
applicantsystem,apply.workable.com/applicantsystem,1,kalil0321-ats-companies
applications,apply.workable.com/applications,1,outscal-openjobs
applied-value-tech,apply.workable.com/applied-value-tech,1,kalil0321-ats-companies
appliedblockchain,apply.workable.com/appliedblockchain,1,kalil0321-ats-companies
appliedcarbon,apply.workable.com/appliedcarbon,1,kalil0321-ats-companies
apply,apply.workable.com,11,andreasasprou-ats-finder;career-ops;ches-ctrl-cheddar;cswala-awesome-career-pages;ever-jobs-ever-jobs;job-pilot;jobwatcher;kalil0321-ats-companies;kayden-vs-ats-finder;outscal-openjobs;peviitor-ro
apply-superstaffjobs,apply.workable.com/apply-superstaffjobs,1,kalil0321-ats-companies
appnation,apply.workable.com/appnation,1,kalil0321-ats-companies
appointy,apply.workable.com/appointy,1,kalil0321-ats-companies
apprenticenow,apply.workable.com/apprenticenow,1,kalil0321-ats-companies
apptega,apply.workable.com/apptega,1,ches-ctrl-cheddar
appyway,apply.workable.com/appyway,1,kalil0321-ats-companies
apt-resources,apply.workable.com/apt-resources,1,kalil0321-ats-companies
aptihealth,apply.workable.com/aptihealth,1,kalil0321-ats-companies
aquaria,apply.workable.com/aquaria,1,kalil0321-ats-companies
arabesquegroup,apply.workable.com/arabesquegroup,1,kalil0321-ats-companies
aravo,apply.workable.com/aravo,1,kalil0321-ats-companies
arboc,apply.workable.com/arboc,1,kalil0321-ats-companies
arbonics,apply.workable.com/arbonics,1,kalil0321-ats-companies
arch-aerial-llc,apply.workable.com/arch-aerial-llc,1,kalil0321-ats-companies
archimed,apply.workable.com/archimed,1,kalil0321-ats-companies
archipro-3,apply.workable.com/archipro-3,1,kalil0321-ats-companies
archistar,apply.workable.com/archistar,1,kalil0321-ats-companies
architus,apply.workable.com/architus,1,kalil0321-ats-companies
archlynk,apply.workable.com/archlynk,1,kalil0321-ats-companies
arcsite,apply.workable.com/arcsite,1,kalil0321-ats-companies
arena-investors-lp,apply.workable.com/arena-investors-lp,1,kalil0321-ats-companies
aretheyhappy,apply.workable.com/aretheyhappy,1,kalil0321-ats-companies
aretum,apply.workable.com/aretum,1,kalil0321-ats-companies
arex,apply.workable.com/arex,1,kalil0321-ats-companies
argenthq,apply.workable.com/argenthq,1,kalil0321-ats-companies
aristo-sourcing,apply.workable.com/aristo-sourcing,1,kalil0321-ats-companies
aristotle,apply.workable.com/aristotle,1,kalil0321-ats-companies
ariva-hospitality,apply.workable.com/ariva-hospitality,1,kalil0321-ats-companies
ark-group-dmcc,apply.workable.com/ark-group-dmcc,1,kalil0321-ats-companies
arkadium-1,apply.workable.com/arkadium-1,3,kalil0321-ats-companies;outscal-openjobs;peviitor-ro
arkgroup,apply.workable.com/arkgroup,1,kalil0321-ats-companies
arkle-finance,apply.workable.com/arkle-finance,1,kalil0321-ats-companies
aro,apply.workable.com/aro,1,kalil0321-ats-companies
arondite,apply.workable.com/arondite,1,kalil0321-ats-companies
arrakis-finance,apply.workable.com/arrakis-finance,1,kalil0321-ats-companies
articulate,apply.workable.com/articulate,1,kalil0321-ats-companies
arts-alliance-media,apply.workable.com/arts-alliance-media,1,kalil0321-ats-companies
artstorefronts,apply.workable.com/artstorefronts,1,kalil0321-ats-companies
arvo,apply.workable.com/arvo,1,kalil0321-ats-companies
aryng,apply.workable.com/aryng,1,kalil0321-ats-companies
as-hellas,apply.workable.com/as-hellas,1,kalil0321-ats-companies
asahi-1,apply.workable.com/asahi-1,1,kalil0321-ats-companies
ascendis-pharma,apply.workable.com/ascendis-pharma,1,kalil0321-ats-companies
ascension-publishing-group,apply.workable.com/ascension-publishing-group,1,kalil0321-ats-companies
ascera,apply.workable.com/ascera,1,kalil0321-ats-companies
ashbury,apply.workable.com/ashbury,1,kalil0321-ats-companies
ashnik-pte-ltd,apply.workable.com/ashnik-pte-ltd,1,kalil0321-ats-companies
asi-student-government,apply.workable.com/asi-student-government,1,kalil0321-ats-companies
asia-alternatives,apply.workable.com/asia-alternatives,1,kalil0321-ats-companies
asiaedit,apply.workable.com/asiaedit,1,kalil0321-ats-companies
asico,apply.workable.com/asico,1,kalil0321-ats-companies
asite,apply.workable.com/asite,1,kalil0321-ats-companies
aspirion-health-resources,apply.workable.com/aspirion-health-resources,1,kalil0321-ats-companies
assala-energy,apply.workable.com/assala-energy,1,kalil0321-ats-companies
assemblyai,apply.workable.com/assemblyai,1,kalil0321-ats-companies
assemblyglobal,apply.workable.com/assemblyglobal,1,kalil0321-ats-companies
assetdedication,apply.workable.com/assetdedication,1,kalil0321-ats-companies
assetnote,apply.workable.com/assetnote,1,kalil0321-ats-companies
assima,apply.workable.com/assima,1,kalil0321-ats-companies
assist-rx,apply.workable.com/assist-rx,1,kalil0321-ats-companies
assistant-launch,apply.workable.com/assistant-launch,1,kalil0321-ats-companies
assistantly,apply.workable.com/assistantly,1,kalil0321-ats-companies
assistenzabrokers,apply.workable.com/assistenzabrokers,1,kalil0321-ats-companies
assistiq,apply.workable.com/assistiq,1,kalil0321-ats-companies
associated-students-inc,apply.workable.com/associated-students-inc,1,kalil0321-ats-companies
assurity-trusted-solutions,apply.workable.com/assurity-trusted-solutions,1,kalil0321-ats-companies
astorandsanders,apply.workable.com/astorandsanders,1,kalil0321-ats-companies
astralabs,apply.workable.com/astralabs,1,kalil0321-ats-companies
astro-sirens-llc,apply.workable.com/astro-sirens-llc,1,kalil0321-ats-companies
astrome-technologies,apply.workable.com/astrome-technologies,1,kalil0321-ats-companies
atak-interactive,apply.workable.com/atak-interactive,1,kalil0321-ats-companies
atarim,apply.workable.com/atarim,1,kalil0321-ats-companies
atc-driving-forward,apply.workable.com/atc-driving-forward,1,kalil0321-ats-companies
atec-spine,apply.workable.com/atec-spine,1,kalil0321-ats-companies
atempo,apply.workable.com/atempo,1,kalil0321-ats-companies
athari,apply.workable.com/athari,1,kalil0321-ats-companies
athena-global-advisors,apply.workable.com/athena-global-advisors,1,kalil0321-ats-companies
athlon,apply.workable.com/athlon,1,kalil0321-ats-companies
ati-inc,apply.workable.com/ati-inc,1,kalil0321-ats-companies
atlantic-health-strategies,apply.workable.com/atlantic-health-strategies,1,kalil0321-ats-companies
atlas-consolidated,apply.workable.com/atlas-consolidated,1,kalil0321-ats-companies
atleanworld,apply.workable.com/atleanworld,1,kalil0321-ats-companies
atmio,apply.workable.com/atmio,1,kalil0321-ats-companies
atria-health,apply.workable.com/atria-health,1,kalil0321-ats-companies
attainia-inc,apply.workable.com/attainia-inc,1,kalil0321-ats-companies
attendify,apply.workable.com/attendify,1,kalil0321-ats-companies
atticushq,apply.workable.com/atticushq,1,kalil0321-ats-companies
atticustech,apply.workable.com/atticustech,1,kalil0321-ats-companies
atto-trading,apply.workable.com/atto-trading,1,kalil0321-ats-companies
attorneys,apply.workable.com/attorneys,1,kalil0321-ats-companies
atum-ventures,apply.workable.com/atum-ventures,1,kalil0321-ats-companies
aubh,apply.workable.com/aubh,1,kalil0321-ats-companies
auctionnow,apply.workable.com/auctionnow,1,kalil0321-ats-companies
audiokinetic,apply.workable.com/audiokinetic,1,kalil0321-ats-companies
audiostack,apply.workable.com/audiostack,1,kalil0321-ats-companies
augmenta,apply.workable.com/augmenta,1,kalil0321-ats-companies
augmentum,apply.workable.com/augmentum,1,kalil0321-ats-companies
auprosports,apply.workable.com/auprosports,1,kalil0321-ats-companies
aureol-global-connections,apply.workable.com/aureol-global-connections,1,kalil0321-ats-companies
auror,apply.workable.com/auror,1,kalil0321-ats-companies
aurora-3,apply.workable.com/aurora-3,1,kalil0321-ats-companies
aurora-san-diego,apply.workable.com/aurora-san-diego,1,kalil0321-ats-companies
aus-sourcer-international-pty-ltd,apply.workable.com/aus-sourcer-international-pty-ltd,1,kalil0321-ats-companies
auspayplus,apply.workable.com/auspayplus,1,kalil0321-ats-companies
aussie-founders-club,apply.workable.com/aussie-founders-club,1,kalil0321-ats-companies
australian-healthcare-associates,apply.workable.com/australian-healthcare-associates,1,kalil0321-ats-companies
authenticate,apply.workable.com/authenticate,1,kalil0321-ats-companies
authorium,apply.workable.com/authorium,1,kalil0321-ats-companies
auto24,apply.workable.com/auto24,1,kalil0321-ats-companies
autocraft-solutions-group,apply.workable.com/autocraft-solutions-group,1,kalil0321-ats-companies
autofleet,apply.workable.com/autofleet,1,kalil0321-ats-companies
autoleap,apply.workable.com/autoleap,1,kalil0321-ats-companies
automarketco,apply.workable.com/automarketco,1,kalil0321-ats-companies
automated-machine-learning,apply.workable.com/automated-machine-learning,1,kalil0321-ats-companies
automattic,apply.workable.com/automattic,1,kalil0321-ats-companies
automotivemanagementservices,apply.workable.com/automotivemanagementservices,1,kalil0321-ats-companies
autonomo-gmbh,apply.workable.com/autonomo-gmbh,1,kalil0321-ats-companies
autorentals,apply.workable.com/autorentals,1,kalil0321-ats-companies
autovitals,apply.workable.com/autovitals,1,kalil0321-ats-companies
avado,apply.workable.com/avado,1,kalil0321-ats-companies
avalore,apply.workable.com/avalore,1,kalil0321-ats-companies
avant-gardner,apply.workable.com/avant-gardner,1,kalil0321-ats-companies
avant-tech-jobs,apply.workable.com/avant-tech-jobs,1,kalil0321-ats-companies
avanteph,apply.workable.com/avanteph,1,kalil0321-ats-companies
avantialaw,apply.workable.com/avantialaw,1,kalil0321-ats-companies
avantstay,apply.workable.com/avantstay,1,kalil0321-ats-companies
averi,apply.workable.com/averi,1,kalil0321-ats-companies
aviary,apply.workable.com/aviary,1,kalil0321-ats-companies
avint,apply.workable.com/avint,1,kalil0321-ats-companies
aviso,apply.workable.com/aviso,1,kalil0321-ats-companies
aviture,apply.workable.com/aviture,1,kalil0321-ats-companies
avk-seg-uk-ltd,apply.workable.com/avk-seg-uk-ltd,1,kalil0321-ats-companies
avocet,apply.workable.com/avocet,1,kalil0321-ats-companies
avolution,apply.workable.com/avolution,1,kalil0321-ats-companies
avoma,apply.workable.com/avoma,1,ches-ctrl-cheddar
avomind,apply.workable.com/avomind,1,kalil0321-ats-companies
awesomemotive,apply.workable.com/awesomemotive,2,ches-ctrl-cheddar;kalil0321-ats-companies
awtad,apply.workable.com/awtad,1,kalil0321-ats-companies
axesinmotion,apply.workable.com/axesinmotion,1,outscal-openjobs
axi,apply.workable.com/axi,1,kalil0321-ats-companies
axiom-software-solution,apply.workable.com/axiom-software-solution,1,kalil0321-ats-companies
axiomsl,apply.workable.com/axiomsl,1,kalil0321-ats-companies
axle-energy,apply.workable.com/axle-energy,1,kalil0321-ats-companies
axomic-ltd,apply.workable.com/axomic-ltd,1,kalil0321-ats-companies
axur,apply.workable.com/axur,1,kalil0321-ats-companies
ayana,apply.workable.com/ayana,1,kalil0321-ats-companies
ayik-berto-dental-specialists,apply.workable.com/ayik-berto-dental-specialists,1,kalil0321-ats-companies
azeus-convene,apply.workable.com/azeus-convene,1,kalil0321-ats-companies
azumo,apply.workable.com/azumo,1,kalil0321-ats-companies
azure,apply.workable.com/azure,1,kalil0321-ats-companies
babymori,apply.workable.com/babymori,1,kalil0321-ats-companies
backbone,apply.workable.com/backbone,1,kalil0321-ats-companies
backroomoffshoringinc,apply.workable.com/backroomoffshoringinc,1,kalil0321-ats-companies
backtotheroots,apply.workable.com/backtotheroots,1,kalil0321-ats-companies
bacr,apply.workable.com/bacr,1,kalil0321-ats-companies
bad-dragon,apply.workable.com/bad-dragon,1,kalil0321-ats-companies
bahwan-cybertek-group,apply.workable.com/bahwan-cybertek-group,1,kalil0321-ats-companies
bakery-agency,apply.workable.com/bakery-agency,1,kalil0321-ats-companies
baldertoncapital,apply.workable.com/baldertoncapital,1,kalil0321-ats-companies
balena,apply.workable.com/balena,1,kalil0321-ats-companies
ballingerco,apply.workable.com/ballingerco,1,kalil0321-ats-companies
ballotpedia,apply.workable.com/ballotpedia,2,ches-ctrl-cheddar;kalil0321-ats-companies
bananas-marketing,apply.workable.com/bananas-marketing,1,kalil0321-ats-companies
bandlabtechnologies,apply.workable.com/bandlabtechnologies,1,kalil0321-ats-companies
banffcollective,apply.workable.com/banffcollective,1,kalil0321-ats-companies
bank-al-etihad,apply.workable.com/bank-al-etihad,1,kalil0321-ats-companies
bank-of-jordan,apply.workable.com/bank-of-jordan,1,kalil0321-ats-companies
bankable,apply.workable.com/bankable,1,kalil0321-ats-companies
banksvaluation,apply.workable.com/banksvaluation,1,kalil0321-ats-companies
bardel-entertainment,apply.workable.com/bardel-entertainment,1,kalil0321-ats-companies
barre3,apply.workable.com/barre3,1,kalil0321-ats-companies
bartlett-and-co-dot-llc,apply.workable.com/bartlett-and-co-dot-llc,1,kalil0321-ats-companies
base-com,apply.workable.com/base-com,1,kalil0321-ats-companies
base58,apply.workable.com/base58,1,kalil0321-ats-companies
basetwo,apply.workable.com/basetwo,1,kalil0321-ats-companies
bask-health-1,apply.workable.com/bask-health-1,1,kalil0321-ats-companies
batgroup,apply.workable.com/batgroup,1,kalil0321-ats-companies
battlefy,apply.workable.com/battlefy,1,kalil0321-ats-companies
battlenet,apply.workable.com/battlenet,1,kalil0321-ats-companies
bayesian-health-careers,apply.workable.com/bayesian-health-careers,1,kalil0321-ats-companies
bayutdubizzle,apply.workable.com/bayutdubizzle,1,kalil0321-ats-companies
bband-e-1,apply.workable.com/bband-e-1,1,kalil0321-ats-companies
bbc-maestro,apply.workable.com/bbc-maestro,1,kalil0321-ats-companies
bbgc,apply.workable.com/bbgc,1,kalil0321-ats-companies
bce,apply.workable.com/bce,1,kalil0321-ats-companies
bci-brands,apply.workable.com/bci-brands,1,kalil0321-ats-companies
bcw,apply.workable.com/bcw,1,kalil0321-ats-companies
bcw-emea,apply.workable.com/bcw-emea,1,kalil0321-ats-companies
be-power-equipment,apply.workable.com/be-power-equipment,1,kalil0321-ats-companies
beam-aba,apply.workable.com/beam-aba,1,kalil0321-ats-companies
beame,apply.workable.com/beame,1,kalil0321-ats-companies
beamng,apply.workable.com/beamng,2,kalil0321-ats-companies;outscal-openjobs
beanstalk,apply.workable.com/beanstalk,1,kalil0321-ats-companies
beauty-industry-group-gmbhand-co-kg,apply.workable.com/beauty-industry-group-gmbhand-co-kg,1,kalil0321-ats-companies
becentral-1,apply.workable.com/becentral-1,1,kalil0321-ats-companies
beckett-collectibles,apply.workable.com/beckett-collectibles,1,kalil0321-ats-companies
bedford,apply.workable.com/bedford,1,kalil0321-ats-companies
bedrock-learning,apply.workable.com/bedrock-learning,1,kalil0321-ats-companies
beeflow,apply.workable.com/beeflow,1,kalil0321-ats-companies
beekin,apply.workable.com/beekin,1,kalil0321-ats-companies
behavioral-health-works,apply.workable.com/behavioral-health-works,1,kalil0321-ats-companies
belmont-lavan-ltd,apply.workable.com/belmont-lavan-ltd,1,kalil0321-ats-companies
benevolentai,apply.workable.com/benevolentai,1,kalil0321-ats-companies
beond,apply.workable.com/beond,1,kalil0321-ats-companies
beopen,apply.workable.com/beopen,1,kalil0321-ats-companies
berg-engineering,apply.workable.com/berg-engineering,1,kalil0321-ats-companies
berry-street,apply.workable.com/berry-street,1,kalil0321-ats-companies
berryvirtual,apply.workable.com/berryvirtual,1,kalil0321-ats-companies
bestex-research,apply.workable.com/bestex-research,2,kalil0321-ats-companies;outscal-openjobs
bestmobileltd,apply.workable.com/bestmobileltd,1,kalil0321-ats-companies
betadvanced,apply.workable.com/betadvanced,1,kalil0321-ats-companies
betfair,apply.workable.com/betfair,2,kalil0321-ats-companies;outscal-openjobs
better-reports,apply.workable.com/better-reports,1,kalil0321-ats-companies
betterbe,apply.workable.com/betterbe,1,kalil0321-ats-companies
betterhelp,apply.workable.com/betterhelp,2,ches-ctrl-cheddar;kalil0321-ats-companies
betterhomes,apply.workable.com/betterhomes,1,kalil0321-ats-companies
bettersleep,apply.workable.com/bettersleep,1,kalil0321-ats-companies
bevicareers,apply.workable.com/bevicareers,1,ches-ctrl-cheddar
bevy,apply.workable.com/bevy,1,kalil0321-ats-companies
bezos,apply.workable.com/bezos,1,kalil0321-ats-companies
bfam-partners,apply.workable.com/bfam-partners,1,kalil0321-ats-companies
bff,apply.workable.com/bff,1,kalil0321-ats-companies
bforeai,apply.workable.com/bforeai,1,kalil0321-ats-companies
bfw,apply.workable.com/bfw,1,kalil0321-ats-companies
bgc-group-1,apply.workable.com/bgc-group-1,1,kalil0321-ats-companies
bhaasha,apply.workable.com/bhaasha,1,kalil0321-ats-companies
bhg-hospitalitygmbh,apply.workable.com/bhg-hospitalitygmbh,1,kalil0321-ats-companies
biffa,apply.workable.com/biffa,1,kalil0321-ats-companies
big-picture-medical,apply.workable.com/big-picture-medical,1,kalil0321-ats-companies
big-viking-games,apply.workable.com/big-viking-games,1,outscal-openjobs
big-viking-games-3,apply.workable.com/big-viking-games-3,1,kalil0321-ats-companies
bigdatacorp,apply.workable.com/bigdatacorp,1,kalil0321-ats-companies
biggerpockets,apply.workable.com/biggerpockets,1,kalil0321-ats-companies
bigtincan,apply.workable.com/bigtincan,1,kalil0321-ats-companies
billiontoone,apply.workable.com/billiontoone,1,kalil0321-ats-companies
bindplane,apply.workable.com/bindplane,1,kalil0321-ats-companies
bing,apply.workable.com/bing,1,kalil0321-ats-companies
biocytogen,apply.workable.com/biocytogen,1,kalil0321-ats-companies
biofilm-inc,apply.workable.com/biofilm-inc,1,kalil0321-ats-companies
bios-3,apply.workable.com/bios-3,1,kalil0321-ats-companies
biota-smart-home,apply.workable.com/biota-smart-home,1,kalil0321-ats-companies
bipventures,apply.workable.com/bipventures,1,kalil0321-ats-companies
birdeye,apply.workable.com/birdeye,1,ches-ctrl-cheddar
birdie,apply.workable.com/birdie,1,kalil0321-ats-companies
bit-by-bit-inc,apply.workable.com/bit-by-bit-inc,1,kalil0321-ats-companies
bitaccess,apply.workable.com/bitaccess,1,kalil0321-ats-companies
bitcoindotcom,apply.workable.com/bitcoindotcom,1,kalil0321-ats-companies
bites-media,apply.workable.com/bites-media,1,kalil0321-ats-companies
bitget,apply.workable.com/bitget,1,kalil0321-ats-companies
bitquery,apply.workable.com/bitquery,1,kalil0321-ats-companies
bitstamp,apply.workable.com/bitstamp,1,kalil0321-ats-companies
bitterne-park-school,apply.workable.com/bitterne-park-school,1,kalil0321-ats-companies
bizcover-1,apply.workable.com/bizcover-1,1,kalil0321-ats-companies
bizee,apply.workable.com/bizee,1,kalil0321-ats-companies
bizforcenow,apply.workable.com/bizforcenow,1,kalil0321-ats-companies
biztory,apply.workable.com/biztory,1,kalil0321-ats-companies
bjak-1,apply.workable.com/bjak-1,1,kalil0321-ats-companies
bkbn,apply.workable.com/bkbn,1,kalil0321-ats-companies
bkfengineers,apply.workable.com/bkfengineers,1,kalil0321-ats-companies
blabs,apply.workable.com/blabs,1,kalil0321-ats-companies
blackbirdai,apply.workable.com/blackbirdai,1,kalil0321-ats-companies
blackbullion,apply.workable.com/blackbullion,1,kalil0321-ats-companies
blackcart,apply.workable.com/blackcart,1,ches-ctrl-cheddar
blackspectacles,apply.workable.com/blackspectacles,1,kalil0321-ats-companies
blackstone-eit-2,apply.workable.com/blackstone-eit-2,1,kalil0321-ats-companies
blacktreegaming,apply.workable.com/blacktreegaming,2,kalil0321-ats-companies;outscal-openjobs
blankslate-partners,apply.workable.com/blankslate-partners,1,kalil0321-ats-companies
blast,apply.workable.com/blast,1,kalil0321-ats-companies
blevins,apply.workable.com/blevins,1,kalil0321-ats-companies
blew,apply.workable.com/blew,1,kalil0321-ats-companies
blink22-3,apply.workable.com/blink22-3,1,kalil0321-ats-companies
blitzoo-games,apply.workable.com/blitzoo-games,1,kalil0321-ats-companies
block-gemini,apply.workable.com/block-gemini,1,kalil0321-ats-companies
blockchain-climate-institute,apply.workable.com/blockchain-climate-institute,1,kalil0321-ats-companies
blockpunk,apply.workable.com/blockpunk,1,kalil0321-ats-companies
bloomfire,apply.workable.com/bloomfire,1,kalil0321-ats-companies
bloomlife,apply.workable.com/bloomlife,1,kalil0321-ats-companies
blu-selection-4,apply.workable.com/blu-selection-4,1,kalil0321-ats-companies
blue-altair,apply.workable.com/blue-altair,1,kalil0321-ats-companies
blue-nile,apply.workable.com/blue-nile,1,kalil0321-ats-companies
blue-prism,apply.workable.com/blue-prism,1,kalil0321-ats-companies
blue-tiger,apply.workable.com/blue-tiger,1,kalil0321-ats-companies
bluegr-hotelsand-resorts,apply.workable.com/bluegr-hotelsand-resorts,1,kalil0321-ats-companies
blueground,apply.workable.com/blueground,1,kalil0321-ats-companies
bluehost,apply.workable.com/bluehost,1,kalil0321-ats-companies
bluelambda,apply.workable.com/bluelambda,1,kalil0321-ats-companies
blueprint-bryanjohnson,apply.workable.com/blueprint-bryanjohnson,1,kalil0321-ats-companies
blueprint-health,apply.workable.com/blueprint-health,1,kalil0321-ats-companies
blufox-mobile,apply.workable.com/blufox-mobile,1,kalil0321-ats-companies
blyth-education,apply.workable.com/blyth-education,1,kalil0321-ats-companies
bm-to,apply.workable.com/bm-to,1,kalil0321-ats-companies
bme-strategies,apply.workable.com/bme-strategies,1,kalil0321-ats-companies
bmgt,apply.workable.com/bmgt,1,kalil0321-ats-companies
bnberry,apply.workable.com/bnberry,1,kalil0321-ats-companies
bnm,apply.workable.com/bnm,1,kalil0321-ats-companies
boardofinnovation,apply.workable.com/boardofinnovation,1,kalil0321-ats-companies
boca-recovery,apply.workable.com/boca-recovery,1,kalil0321-ats-companies
bohemia-interactive-simulations-inc,apply.workable.com/bohemia-interactive-simulations-inc,1,kalil0321-ats-companies
booknook-inc,apply.workable.com/booknook-inc,1,kalil0321-ats-companies
booksy-1,apply.workable.com/booksy-1,1,kalil0321-ats-companies
bookvoice,apply.workable.com/bookvoice,1,kalil0321-ats-companies
bookwithmel,apply.workable.com/bookwithmel,1,kalil0321-ats-companies
boostdraft,apply.workable.com/boostdraft,1,kalil0321-ats-companies
boostsecurity-dot-i-o,apply.workable.com/boostsecurity-dot-i-o,1,kalil0321-ats-companies
bootlegger-clothing-inc,apply.workable.com/bootlegger-clothing-inc,1,kalil0321-ats-companies
born-digital,apply.workable.com/born-digital,1,kalil0321-ats-companies
borrowell,apply.workable.com/borrowell,1,kalil0321-ats-companies
boss-dot-g-aming-solutions,apply.workable.com/boss-dot-g-aming-solutions,1,kalil0321-ats-companies
botpress,apply.workable.com/botpress,1,kalil0321-ats-companies
botrista,apply.workable.com/botrista,1,kalil0321-ats-companies
bountyjobscareers,apply.workable.com/bountyjobscareers,1,kalil0321-ats-companies
bp3,apply.workable.com/bp3,1,kalil0321-ats-companies
bpcm,apply.workable.com/bpcm,1,kalil0321-ats-companies
brainforce,apply.workable.com/brainforce,1,kalil0321-ats-companies
brainhi,apply.workable.com/brainhi,1,kalil0321-ats-companies
brainomix-2,apply.workable.com/brainomix-2,1,kalil0321-ats-companies
branchingminds,apply.workable.com/branchingminds,1,kalil0321-ats-companies
brandbastion,apply.workable.com/brandbastion,1,kalil0321-ats-companies
brannon-steel,apply.workable.com/brannon-steel,1,kalil0321-ats-companies
braven,apply.workable.com/braven,1,kalil0321-ats-companies
braxrealty,apply.workable.com/braxrealty,1,kalil0321-ats-companies
brc,apply.workable.com/brc,1,kalil0321-ats-companies
brc-group-inc,apply.workable.com/brc-group-inc,1,kalil0321-ats-companies
breakaway,apply.workable.com/breakaway,1,kalil0321-ats-companies
breakroom,apply.workable.com/breakroom,1,kalil0321-ats-companies
bremer-whyte-brownand-omeara-llp,apply.workable.com/bremer-whyte-brownand-omeara-llp,1,kalil0321-ats-companies
bridge33capital,apply.workable.com/bridge33capital,1,kalil0321-ats-companies
bridgeable,apply.workable.com/bridgeable,1,kalil0321-ats-companies
bridgestreet-global-hospitality,apply.workable.com/bridgestreet-global-hospitality,1,kalil0321-ats-companies
bridgeu-1,apply.workable.com/bridgeu-1,1,kalil0321-ats-companies
bridgit,apply.workable.com/bridgit,1,kalil0321-ats-companies
brightharbor,apply.workable.com/brightharbor,1,kalil0321-ats-companies
brightorder,apply.workable.com/brightorder,1,kalil0321-ats-companies
brij,apply.workable.com/brij,1,kalil0321-ats-companies
brilliant-corners,apply.workable.com/brilliant-corners,1,kalil0321-ats-companies
bristol-global-mobility,apply.workable.com/bristol-global-mobility,1,kalil0321-ats-companies
britishecologicalsociety,apply.workable.com/britishecologicalsociety,1,kalil0321-ats-companies
brixio,apply.workable.com/brixio,1,kalil0321-ats-companies
broadlume,apply.workable.com/broadlume,1,kalil0321-ats-companies
broadwaygaming,apply.workable.com/broadwaygaming,1,kalil0321-ats-companies
broadwick,apply.workable.com/broadwick,1,kalil0321-ats-companies
brxperformance,apply.workable.com/brxperformance,1,kalil0321-ats-companies
bswarena,apply.workable.com/bswarena,1,kalil0321-ats-companies
builderai,apply.workable.com/builderai,2,ches-ctrl-cheddar;kalil0321-ats-companies
buildinglink,apply.workable.com/buildinglink,1,kalil0321-ats-companies
bully-pulpit-international-1,apply.workable.com/bully-pulpit-international-1,1,kalil0321-ats-companies
bump-health,apply.workable.com/bump-health,1,kalil0321-ats-companies
bun,apply.workable.com/bun,1,kalil0321-ats-companies
burendo,apply.workable.com/burendo,1,kalil0321-ats-companies
burkes,apply.workable.com/burkes,1,kalil0321-ats-companies
burnoutbrands,apply.workable.com/burnoutbrands,1,kalil0321-ats-companies
burq,apply.workable.com/burq,1,kalil0321-ats-companies
busplanner,apply.workable.com/busplanner,1,kalil0321-ats-companies
busright,apply.workable.com/busright,1,kalil0321-ats-companies
butterflymx,apply.workable.com/butterflymx,1,kalil0321-ats-companies
buzzbike,apply.workable.com/buzzbike,1,kalil0321-ats-companies
bw-energy,apply.workable.com/bw-energy,1,kalil0321-ats-companies
bwise-media-ag,apply.workable.com/bwise-media-ag,1,kalil0321-ats-companies
bydrec,apply.workable.com/bydrec,1,kalil0321-ats-companies
byrider,apply.workable.com/byrider,1,kalil0321-ats-companies
bystadium,apply.workable.com/bystadium,1,kalil0321-ats-companies
c-the-signs,apply.workable.com/c-the-signs,1,kalil0321-ats-companies
cache,apply.workable.com/cache,1,kalil0321-ats-companies
cactus,apply.workable.com/cactus,1,kalil0321-ats-companies
cadillacf1team,apply.workable.com/cadillacf1team,1,kalil0321-ats-companies
cadmus-io,apply.workable.com/cadmus-io,1,kalil0321-ats-companies
cajoo,apply.workable.com/cajoo,1,kalil0321-ats-companies
calabrio,apply.workable.com/calabrio,1,kalil0321-ats-companies
calibrant-energy,apply.workable.com/calibrant-energy,1,kalil0321-ats-companies
caliwater,apply.workable.com/caliwater,1,kalil0321-ats-companies
caliza,apply.workable.com/caliza,1,kalil0321-ats-companies
callbell,apply.workable.com/callbell,1,kalil0321-ats-companies
callminer,apply.workable.com/callminer,1,kalil0321-ats-companies
callsign,apply.workable.com/callsign,1,kalil0321-ats-companies
calor-careers,apply.workable.com/calor-careers,1,kalil0321-ats-companies
calpak-1,apply.workable.com/calpak-1,1,kalil0321-ats-companies
calvary-hospital,apply.workable.com/calvary-hospital,1,kalil0321-ats-companies
cambridge-gan-devices,apply.workable.com/cambridge-gan-devices,1,kalil0321-ats-companies
cambridge-healthcare-research,apply.workable.com/cambridge-healthcare-research,1,kalil0321-ats-companies
cambridge-mobile-telematics,apply.workable.com/cambridge-mobile-telematics,1,kalil0321-ats-companies
cambridge-spark,apply.workable.com/cambridge-spark,1,kalil0321-ats-companies
camen-behavioral,apply.workable.com/camen-behavioral,1,kalil0321-ats-companies
camino-partners-1,apply.workable.com/camino-partners-1,1,kalil0321-ats-companies
canadian-recruitment-group,apply.workable.com/canadian-recruitment-group,1,kalil0321-ats-companies
canalys,apply.workable.com/canalys,1,kalil0321-ats-companies
canceriq,apply.workable.com/canceriq,2,ches-ctrl-cheddar;kalil0321-ats-companies
cannon-industries-2,apply.workable.com/cannon-industries-2,1,kalil0321-ats-companies
canopy-7,apply.workable.com/canopy-7,1,kalil0321-ats-companies
canopy-cloud,apply.workable.com/canopy-cloud,1,kalil0321-ats-companies
canopyfm,apply.workable.com/canopyfm,1,kalil0321-ats-companies
canvas8,apply.workable.com/canvas8,1,kalil0321-ats-companies
capgemini-insurance,apply.workable.com/capgemini-insurance,1,kalil0321-ats-companies
capital-factory,apply.workable.com/capital-factory,1,kalil0321-ats-companies
capitalpartnersme,apply.workable.com/capitalpartnersme,1,kalil0321-ats-companies
capitex,apply.workable.com/capitex,1,kalil0321-ats-companies
capula-investment-management-ltd,apply.workable.com/capula-investment-management-ltd,1,kalil0321-ats-companies
caravan-appliances-pvt-ltd,apply.workable.com/caravan-appliances-pvt-ltd,1,kalil0321-ats-companies
carazo-enterprise-sl,apply.workable.com/carazo-enterprise-sl,1,kalil0321-ats-companies
carbmanager,apply.workable.com/carbmanager,1,kalil0321-ats-companies
carbo-culture,apply.workable.com/carbo-culture,1,kalil0321-ats-companies
carbon-dmp,apply.workable.com/carbon-dmp,1,kalil0321-ats-companies
carbon-tracker,apply.workable.com/carbon-tracker,1,ches-ctrl-cheddar
carbonclean,apply.workable.com/carbonclean,1,ches-ctrl-cheddar
carbonlighthouse,apply.workable.com/carbonlighthouse,1,ches-ctrl-cheddar
carbonplan,apply.workable.com/carbonplan,2,ches-ctrl-cheddar;kalil0321-ats-companies
carbyne-1,apply.workable.com/carbyne-1,1,kalil0321-ats-companies
care-harmony,apply.workable.com/care-harmony,1,kalil0321-ats-companies
career-renew,apply.workable.com/career-renew,1,kalil0321-ats-companies
career-shaper,apply.workable.com/career-shaper,1,kalil0321-ats-companies
careerfoundry,apply.workable.com/careerfoundry,1,kalil0321-ats-companies
careerlist,apply.workable.com/careerlist,1,kalil0321-ats-companies
careers-at-sleek,apply.workable.com/careers-at-sleek,1,kalil0321-ats-companies
careers-circuit,apply.workable.com/careers-circuit,1,kalil0321-ats-companies
careers-imdad,apply.workable.com/careers-imdad,1,kalil0321-ats-companies
careers-sixflags-and-aquarabia,apply.workable.com/careers-sixflags-and-aquarabia,1,kalil0321-ats-companies
careersactivatetalent,apply.workable.com/careersactivatetalent,1,kalil0321-ats-companies
careerslanded,apply.workable.com/careerslanded,1,kalil0321-ats-companies
careforthehomeless,apply.workable.com/careforthehomeless,1,kalil0321-ats-companies
caresend,apply.workable.com/caresend,1,kalil0321-ats-companies
carma-1,apply.workable.com/carma-1,1,kalil0321-ats-companies
carmoola-1,apply.workable.com/carmoola-1,1,kalil0321-ats-companies
carnallfarrar,apply.workable.com/carnallfarrar,1,kalil0321-ats-companies
carr-recruiting,apply.workable.com/carr-recruiting,1,kalil0321-ats-companies
carreraskiewitmx,apply.workable.com/carreraskiewitmx,1,kalil0321-ats-companies
carry1st,apply.workable.com/carry1st,2,kalil0321-ats-companies;outscal-openjobs
cars24,apply.workable.com/cars24,1,kalil0321-ats-companies
carwow,apply.workable.com/carwow,1,kalil0321-ats-companies
caryhealth,apply.workable.com/caryhealth,1,kalil0321-ats-companies
casbah,apply.workable.com/casbah,1,kalil0321-ats-companies
cascade-engineering-services-1,apply.workable.com/cascade-engineering-services-1,1,kalil0321-ats-companies
cascadia,apply.workable.com/cascadia,1,kalil0321-ats-companies
casiouk,apply.workable.com/casiouk,1,kalil0321-ats-companies
casting-workbook-1,apply.workable.com/casting-workbook-1,1,kalil0321-ats-companies
castle-trust,apply.workable.com/castle-trust,1,kalil0321-ats-companies
cata,apply.workable.com/cata,1,kalil0321-ats-companies
catalog,apply.workable.com/catalog,1,kalil0321-ats-companies
catalpa,apply.workable.com/catalpa,1,kalil0321-ats-companies
catalyze,apply.workable.com/catalyze,1,kalil0321-ats-companies
catawiki,apply.workable.com/catawiki,1,kalil0321-ats-companies
catchafire,apply.workable.com/catchafire,1,kalil0321-ats-companies
catenate,apply.workable.com/catenate,1,kalil0321-ats-companies
catercow,apply.workable.com/catercow,1,kalil0321-ats-companies
cathexis,apply.workable.com/cathexis,1,kalil0321-ats-companies
catholicmatch,apply.workable.com/catholicmatch,1,kalil0321-ats-companies
causaly,apply.workable.com/causaly,1,kalil0321-ats-companies
cause-and-fx-ltd,apply.workable.com/cause-and-fx-ltd,1,outscal-openjobs
caxton,apply.workable.com/caxton,1,kalil0321-ats-companies
cbh-homes,apply.workable.com/cbh-homes,1,kalil0321-ats-companies
cbo-group,apply.workable.com/cbo-group,1,kalil0321-ats-companies
cbs-9,apply.workable.com/cbs-9,1,kalil0321-ats-companies
cbtravel,apply.workable.com/cbtravel,1,kalil0321-ats-companies
ccres,apply.workable.com/ccres,1,kalil0321-ats-companies
ccri,apply.workable.com/ccri,1,kalil0321-ats-companies
cdc-data-centres,apply.workable.com/cdc-data-centres,1,kalil0321-ats-companies
cdc-small-business-finance,apply.workable.com/cdc-small-business-finance,1,kalil0321-ats-companies
cdr-companies,apply.workable.com/cdr-companies,1,kalil0321-ats-companies
cedsys,apply.workable.com/cedsys,1,kalil0321-ats-companies
cel-consulting,apply.workable.com/cel-consulting,1,kalil0321-ats-companies
celcom-solutions,apply.workable.com/celcom-solutions,1,kalil0321-ats-companies
celestino,apply.workable.com/celestino,1,kalil0321-ats-companies
cellartracker,apply.workable.com/cellartracker,1,kalil0321-ats-companies
celmatix,apply.workable.com/celmatix,1,kalil0321-ats-companies
celsius,apply.workable.com/celsius,1,kalil0321-ats-companies
cenfri,apply.workable.com/cenfri,1,kalil0321-ats-companies
census-sa,apply.workable.com/census-sa,1,kalil0321-ats-companies
centage,apply.workable.com/centage,1,kalil0321-ats-companies
centah-inc,apply.workable.com/centah-inc,1,kalil0321-ats-companies
centorrino-technologies,apply.workable.com/centorrino-technologies,1,kalil0321-ats-companies
central-houston-inc,apply.workable.com/central-houston-inc,1,kalil0321-ats-companies
centrapay,apply.workable.com/centrapay,1,kalil0321-ats-companies
centric-services,apply.workable.com/centric-services,1,kalil0321-ats-companies
cepal,apply.workable.com/cepal,1,kalil0321-ats-companies
cequens,apply.workable.com/cequens,1,kalil0321-ats-companies
cg-life,apply.workable.com/cg-life,1,kalil0321-ats-companies
cg-tech-services-inc,apply.workable.com/cg-tech-services-inc,1,kalil0321-ats-companies
cghero,apply.workable.com/cghero,1,kalil0321-ats-companies
cgiar,apply.workable.com/cgiar,1,kalil0321-ats-companies
chainlabs,apply.workable.com/chainlabs,1,kalil0321-ats-companies
challenge-unlimited-inc-1,apply.workable.com/challenge-unlimited-inc-1,1,kalil0321-ats-companies
channel-factory,apply.workable.com/channel-factory,1,kalil0321-ats-companies
channeltivity,apply.workable.com/channeltivity,1,kalil0321-ats-companies
chapa,apply.workable.com/chapa,1,kalil0321-ats-companies
chargeflow-1,apply.workable.com/chargeflow-1,1,kalil0321-ats-companies
charger-logistics-inc,apply.workable.com/charger-logistics-inc,1,kalil0321-ats-companies
charity-search-group,apply.workable.com/charity-search-group,1,kalil0321-ats-companies
charityvest,apply.workable.com/charityvest,1,kalil0321-ats-companies
charlotte-tilbury,apply.workable.com/charlotte-tilbury,1,kalil0321-ats-companies
charterhouse-2,apply.workable.com/charterhouse-2,1,kalil0321-ats-companies
chase-design-group,apply.workable.com/chase-design-group,1,kalil0321-ats-companies
chathamhouse,apply.workable.com/chathamhouse,1,kalil0321-ats-companies
chatterboxes-1,apply.workable.com/chatterboxes-1,1,kalil0321-ats-companies
cheil,apply.workable.com/cheil,1,kalil0321-ats-companies
chemin,apply.workable.com/chemin,1,kalil0321-ats-companies
chernoff-newman,apply.workable.com/chernoff-newman,1,kalil0321-ats-companies
chesapeake-contracting-group,apply.workable.com/chesapeake-contracting-group,1,kalil0321-ats-companies
chimera-securities-llc,apply.workable.com/chimera-securities-llc,1,kalil0321-ats-companies
chironmanagement,apply.workable.com/chironmanagement,1,kalil0321-ats-companies
choice,apply.workable.com/choice,1,kalil0321-ats-companies
chronocam,apply.workable.com/chronocam,1,kalil0321-ats-companies
chronograph,apply.workable.com/chronograph,1,kalil0321-ats-companies
chuco,apply.workable.com/chuco,1,kalil0321-ats-companies
chuffed,apply.workable.com/chuffed,1,kalil0321-ats-companies
church-of-the-city-new-york,apply.workable.com/church-of-the-city-new-york,1,kalil0321-ats-companies
cibovita,apply.workable.com/cibovita,1,kalil0321-ats-companies
cielo,apply.workable.com/cielo,1,kalil0321-ats-companies
cienet,apply.workable.com/cienet,1,kalil0321-ats-companies
ciff,apply.workable.com/ciff,1,kalil0321-ats-companies
cimmyt-1,apply.workable.com/cimmyt-1,1,kalil0321-ats-companies
cimolai-rimond-middle-east,apply.workable.com/cimolai-rimond-middle-east,1,kalil0321-ats-companies
cimpress,apply.workable.com/cimpress,1,kalil0321-ats-companies
cimspa,apply.workable.com/cimspa,1,kalil0321-ats-companies
cinc-systems,apply.workable.com/cinc-systems,1,kalil0321-ats-companies
circadia-health,apply.workable.com/circadia-health,1,kalil0321-ats-companies
circit-limited,apply.workable.com/circit-limited,1,kalil0321-ats-companies
circlelink-health,apply.workable.com/circlelink-health,1,kalil0321-ats-companies
circles,apply.workable.com/circles,1,kalil0321-ats-companies
circulee,apply.workable.com/circulee,1,kalil0321-ats-companies
cirruslabs,apply.workable.com/cirruslabs,1,kalil0321-ats-companies
cirrusmd,apply.workable.com/cirrusmd,1,kalil0321-ats-companies
citizendata,apply.workable.com/citizendata,1,ches-ctrl-cheddar
citizens-state-bank,apply.workable.com/citizens-state-bank,1,kalil0321-ats-companies
citrapac,apply.workable.com/citrapac,1,kalil0321-ats-companies
city-cast,apply.workable.com/city-cast,1,kalil0321-ats-companies
city-fund,apply.workable.com/city-fund,1,kalil0321-ats-companies
city-of-altoona,apply.workable.com/city-of-altoona,1,kalil0321-ats-companies
citylitics,apply.workable.com/citylitics,1,kalil0321-ats-companies
citysquare,apply.workable.com/citysquare,1,kalil0321-ats-companies
citywide,apply.workable.com/citywide,1,kalil0321-ats-companies
civic-elevator,apply.workable.com/civic-elevator,1,kalil0321-ats-companies
civica-uk-ltd-1,apply.workable.com/civica-uk-ltd-1,1,kalil0321-ats-companies
civiteq,apply.workable.com/civiteq,1,kalil0321-ats-companies
clarion-events,apply.workable.com/clarion-events,1,kalil0321-ats-companies
claritasrx,apply.workable.com/claritasrx,1,kalil0321-ats-companies
clarity-ai,apply.workable.com/clarity-ai,1,kalil0321-ats-companies
classcraft,apply.workable.com/classcraft,1,kalil0321-ats-companies
classet,apply.workable.com/classet,1,kalil0321-ats-companies
classwallet,apply.workable.com/classwallet,1,kalil0321-ats-companies
clayglobal,apply.workable.com/clayglobal,1,kalil0321-ats-companies
clear-labs,apply.workable.com/clear-labs,1,kalil0321-ats-companies
clearjunction,apply.workable.com/clearjunction,1,kalil0321-ats-companies
clearlyagile,apply.workable.com/clearlyagile,1,kalil0321-ats-companies
clearpayeu,apply.workable.com/clearpayeu,1,kalil0321-ats-companies
clearstory,apply.workable.com/clearstory,1,kalil0321-ats-companies
clearwaters-dot-i-t,apply.workable.com/clearwaters-dot-i-t,1,kalil0321-ats-companies
clerk-dev,apply.workable.com/clerk-dev,1,kalil0321-ats-companies
clickatell,apply.workable.com/clickatell,1,kalil0321-ats-companies
clickview,apply.workable.com/clickview,1,kalil0321-ats-companies
client-accelerators,apply.workable.com/client-accelerators,1,kalil0321-ats-companies
climate-action,apply.workable.com/climate-action,1,kalil0321-ats-companies
climate-bonds-initiative,apply.workable.com/climate-bonds-initiative,1,kalil0321-ats-companies
climate-catalyst-1,apply.workable.com/climate-catalyst-1,1,kalil0321-ats-companies
climaterobotics,apply.workable.com/climaterobotics,1,ches-ctrl-cheddar
climateworks-foundation-1,apply.workable.com/climateworks-foundation-1,1,kalil0321-ats-companies
climax-studios,apply.workable.com/climax-studios,2,kalil0321-ats-companies;outscal-openjobs
clinigen,apply.workable.com/clinigen,1,kalil0321-ats-companies
cliniko,apply.workable.com/cliniko,1,kalil0321-ats-companies
clipperton,apply.workable.com/clipperton,1,kalil0321-ats-companies
clipt,apply.workable.com/clipt,1,kalil0321-ats-companies
clockwork-labs,apply.workable.com/clockwork-labs,1,outscal-openjobs
closeconcerns,apply.workable.com/closeconcerns,1,kalil0321-ats-companies
cloudfactory,apply.workable.com/cloudfactory,1,kalil0321-ats-companies
cloudhire1,apply.workable.com/cloudhire1,2,kalil0321-ats-companies;outscal-openjobs
cloudlinux-1,apply.workable.com/cloudlinux-1,3,ches-ctrl-cheddar;kalil0321-ats-companies;outscal-openjobs
cloudquery,apply.workable.com/cloudquery,1,kalil0321-ats-companies
cloudshare,apply.workable.com/cloudshare,1,kalil0321-ats-companies
cloudstuff,apply.workable.com/cloudstuff,1,kalil0321-ats-companies
cloudtalk,apply.workable.com/cloudtalk,1,kalil0321-ats-companies
cloverfoodlab,apply.workable.com/cloverfoodlab,1,kalil0321-ats-companies
cluse,apply.workable.com/cluse,1,kalil0321-ats-companies
cluttons,apply.workable.com/cluttons,1,kalil0321-ats-companies
cmcportal,apply.workable.com/cmcportal,1,kalil0321-ats-companies
cmdc,apply.workable.com/cmdc,1,kalil0321-ats-companies
cmg-marketing,apply.workable.com/cmg-marketing,1,kalil0321-ats-companies
cmic,apply.workable.com/cmic,1,kalil0321-ats-companies
cmicareers,apply.workable.com/cmicareers,1,kalil0321-ats-companies
cmspi,apply.workable.com/cmspi,1,kalil0321-ats-companies
cnyf,apply.workable.com/cnyf,1,kalil0321-ats-companies
coastal-wave-recruiting,apply.workable.com/coastal-wave-recruiting,1,kalil0321-ats-companies
coastalbabysitters,apply.workable.com/coastalbabysitters,1,kalil0321-ats-companies
coastline-equity,apply.workable.com/coastline-equity,1,kalil0321-ats-companies
cobs-bread-2,apply.workable.com/cobs-bread-2,1,kalil0321-ats-companies
coconutva,apply.workable.com/coconutva,1,kalil0321-ats-companies
cocreativ,apply.workable.com/cocreativ,1,kalil0321-ats-companies
codasip,apply.workable.com/codasip,1,kalil0321-ats-companies
code-metal,apply.workable.com/code-metal,1,kalil0321-ats-companies
codelink,apply.workable.com/codelink,1,kalil0321-ats-companies
codeninjapk,apply.workable.com/codeninjapk,2,kalil0321-ats-companies;outscal-openjobs
codi,apply.workable.com/codi,1,kalil0321-ats-companies
coding-collective,apply.workable.com/coding-collective,1,kalil0321-ats-companies
codurance,apply.workable.com/codurance,1,kalil0321-ats-companies
cogna,apply.workable.com/cogna,1,kalil0321-ats-companies
cognite,apply.workable.com/cognite,1,kalil0321-ats-companies
cognito-education,apply.workable.com/cognito-education,1,kalil0321-ats-companies
cognna,apply.workable.com/cognna,1,kalil0321-ats-companies
coherence,apply.workable.com/coherence,2,kalil0321-ats-companies;outscal-openjobs
coinjar,apply.workable.com/coinjar,1,kalil0321-ats-companies
coinlist,apply.workable.com/coinlist,1,kalil0321-ats-companies
cold-stone-creamery-southflorida,apply.workable.com/cold-stone-creamery-southflorida,1,kalil0321-ats-companies
coldquanta,apply.workable.com/coldquanta,1,kalil0321-ats-companies
collinear-group,apply.workable.com/collinear-group,1,kalil0321-ats-companies
colorcreative,apply.workable.com/colorcreative,1,kalil0321-ats-companies
comeon-group,apply.workable.com/comeon-group,2,kalil0321-ats-companies;outscal-openjobs
commercial-lending,apply.workable.com/commercial-lending,1,kalil0321-ats-companies
commify,apply.workable.com/commify,1,kalil0321-ats-companies
common-energy-1,apply.workable.com/common-energy-1,1,ches-ctrl-cheddar
commonapp,apply.workable.com/commonapp,1,kalil0321-ats-companies
commonwealth-medical-services,apply.workable.com/commonwealth-medical-services,1,kalil0321-ats-companies
communicatehealth-inc,apply.workable.com/communicatehealth-inc,1,kalil0321-ats-companies
community-2,apply.workable.com/community-2,1,kalil0321-ats-companies
community-bank-of-the-bay,apply.workable.com/community-bank-of-the-bay,1,kalil0321-ats-companies
community-hospital-corporation,apply.workable.com/community-hospital-corporation,1,kalil0321-ats-companies
community-sports-partners,apply.workable.com/community-sports-partners,1,kalil0321-ats-companies
commxp-it-solution-ltd,apply.workable.com/commxp-it-solution-ltd,1,kalil0321-ats-companies
compass-analytics,apply.workable.com/compass-analytics,1,kalil0321-ats-companies
compass-education,apply.workable.com/compass-education,1,kalil0321-ats-companies
complexio,apply.workable.com/complexio,1,kalil0321-ats-companies
compound-growth-marketing,apply.workable.com/compound-growth-marketing,1,kalil0321-ats-companies
comsyscx,apply.workable.com/comsyscx,1,kalil0321-ats-companies
conares,apply.workable.com/conares,1,kalil0321-ats-companies
concept3d-dot-c-om,apply.workable.com/concept3d-dot-c-om,1,kalil0321-ats-companies
concured-limited,apply.workable.com/concured-limited,1,kalil0321-ats-companies
conduktor,apply.workable.com/conduktor,1,kalil0321-ats-companies
conjointly,apply.workable.com/conjointly,2,kalil0321-ats-companies;outscal-openjobs
connectad,apply.workable.com/connectad,1,kalil0321-ats-companies
connected,apply.workable.com/connected,1,kalil0321-ats-companies
connectpath,apply.workable.com/connectpath,1,kalil0321-ats-companies
connectprep,apply.workable.com/connectprep,1,kalil0321-ats-companies
connexity,apply.workable.com/connexity,1,kalil0321-ats-companies
conradathens,apply.workable.com/conradathens,1,kalil0321-ats-companies
consigli-construction-1,apply.workable.com/consigli-construction-1,1,kalil0321-ats-companies
consortiagroup,apply.workable.com/consortiagroup,1,kalil0321-ats-companies
constructor-1,apply.workable.com/constructor-1,1,kalil0321-ats-companies
consumeraffairs-1,apply.workable.com/consumeraffairs-1,1,kalil0321-ats-companies
contact,apply.workable.com/contact,1,kalil0321-ats-companies
contactica,apply.workable.com/contactica,1,kalil0321-ats-companies
contactually,apply.workable.com/contactually,1,kalil0321-ats-companies
continuity-global-solutions,apply.workable.com/continuity-global-solutions,1,kalil0321-ats-companies
continuum-resource-network,apply.workable.com/continuum-resource-network,1,kalil0321-ats-companies
continuumcloud,apply.workable.com/continuumcloud,1,kalil0321-ats-companies
control-risks-6,apply.workable.com/control-risks-6,1,kalil0321-ats-companies
converge,apply.workable.com/converge,1,kalil0321-ats-companies
convergent,apply.workable.com/convergent,1,kalil0321-ats-companies
convergent-careers,apply.workable.com/convergent-careers,1,kalil0321-ats-companies
conversate,apply.workable.com/conversate,1,kalil0321-ats-companies
convertflow,apply.workable.com/convertflow,1,kalil0321-ats-companies
convosphere,apply.workable.com/convosphere,1,kalil0321-ats-companies
cookpad,apply.workable.com/cookpad,1,kalil0321-ats-companies
coolgames,apply.workable.com/coolgames,2,kalil0321-ats-companies;outscal-openjobs
coolmath,apply.workable.com/coolmath,1,kalil0321-ats-companies
coons-franklin-lodge,apply.workable.com/coons-franklin-lodge,1,kalil0321-ats-companies
cooperidge-consulting-firm,apply.workable.com/cooperidge-consulting-firm,1,kalil0321-ats-companies
copilotadvisor,apply.workable.com/copilotadvisor,1,kalil0321-ats-companies
coppett-hill,apply.workable.com/coppett-hill,1,kalil0321-ats-companies
corcentric,apply.workable.com/corcentric,1,kalil0321-ats-companies
core-va-solutions,apply.workable.com/core-va-solutions,1,kalil0321-ats-companies
core10,apply.workable.com/core10,1,kalil0321-ats-companies
coresite,apply.workable.com/coresite,1,kalil0321-ats-companies
coretek-services,apply.workable.com/coretek-services,1,kalil0321-ats-companies
cornspring,apply.workable.com/cornspring,1,kalil0321-ats-companies
corporativolumston,apply.workable.com/corporativolumston,1,kalil0321-ats-companies
cortip,apply.workable.com/cortip,1,kalil0321-ats-companies
cos,apply.workable.com/cos,1,kalil0321-ats-companies
cosentino-north-america-1,apply.workable.com/cosentino-north-america-1,1,kalil0321-ats-companies
cosmo,apply.workable.com/cosmo,1,kalil0321-ats-companies
cosmos-sport-s-dot-a,apply.workable.com/cosmos-sport-s-dot-a,1,kalil0321-ats-companies
cosmote-global-solutions-nv,apply.workable.com/cosmote-global-solutions-nv,1,kalil0321-ats-companies
costa-navarino,apply.workable.com/costa-navarino,1,kalil0321-ats-companies
costello-medical,apply.workable.com/costello-medical,1,kalil0321-ats-companies
cosy-hauz,apply.workable.com/cosy-hauz,1,kalil0321-ats-companies
cottonclout,apply.workable.com/cottonclout,1,kalil0321-ats-companies
council-on-foundations,apply.workable.com/council-on-foundations,1,kalil0321-ats-companies
counciloncj,apply.workable.com/counciloncj,1,kalil0321-ats-companies
courbanize,apply.workable.com/courbanize,1,kalil0321-ats-companies
coventryfirst,apply.workable.com/coventryfirst,1,kalil0321-ats-companies
cover-whale,apply.workable.com/cover-whale,1,kalil0321-ats-companies
covergo,apply.workable.com/covergo,1,kalil0321-ats-companies
cowboy,apply.workable.com/cowboy,1,kalil0321-ats-companies
cp-engineers,apply.workable.com/cp-engineers,1,kalil0321-ats-companies
cp-plus-asia-sdn-bhd-1,apply.workable.com/cp-plus-asia-sdn-bhd-1,1,kalil0321-ats-companies
cpai-inc,apply.workable.com/cpai-inc,1,kalil0321-ats-companies
cpm-ireland,apply.workable.com/cpm-ireland,1,kalil0321-ats-companies
craft-gin-club,apply.workable.com/craft-gin-club,1,kalil0321-ats-companies
craftsman-collision,apply.workable.com/craftsman-collision,1,kalil0321-ats-companies
crayon,apply.workable.com/crayon,1,kalil0321-ats-companies
crayon-data,apply.workable.com/crayon-data,1,kalil0321-ats-companies
crazymaplestudio,apply.workable.com/crazymaplestudio,1,kalil0321-ats-companies
createme-technologies,apply.workable.com/createme-technologies,1,kalil0321-ats-companies
createq-space,apply.workable.com/createq-space,1,kalil0321-ats-companies
creativechaos,apply.workable.com/creativechaos,2,andreasasprou-ats-finder;peviitor-ro
creators,apply.workable.com/creators,1,kalil0321-ats-companies
credence,apply.workable.com/credence,1,kalil0321-ats-companies
cresilon,apply.workable.com/cresilon,1,kalil0321-ats-companies
crewai,apply.workable.com/crewai,1,kalil0321-ats-companies
crewbloom,apply.workable.com/crewbloom,1,kalil0321-ats-companies
crewlinkltd,apply.workable.com/crewlinkltd,1,kalil0321-ats-companies
creyos,apply.workable.com/creyos,2,andreasasprou-ats-finder;kalil0321-ats-companies
crico,apply.workable.com/crico,1,kalil0321-ats-companies
crisalix,apply.workable.com/crisalix,1,kalil0321-ats-companies
critical-control,apply.workable.com/critical-control,1,kalil0321-ats-companies
crop-photo-at-evolphin,apply.workable.com/crop-photo-at-evolphin,1,kalil0321-ats-companies
cropx,apply.workable.com/cropx,1,kalil0321-ats-companies
crossbordertalents,apply.workable.com/crossbordertalents,1,kalil0321-ats-companies
crossfuze,apply.workable.com/crossfuze,1,kalil0321-ats-companies
crowd-favorite,apply.workable.com/crowd-favorite,1,kalil0321-ats-companies
crowdspring,apply.workable.com/crowdspring,1,kalil0321-ats-companies
crown-equipment,apply.workable.com/crown-equipment,1,kalil0321-ats-companies
crown-equipment-pte-ltd-singapore,apply.workable.com/crown-equipment-pte-ltd-singapore,1,kalil0321-ats-companies
crumdale-specialty,apply.workable.com/crumdale-specialty,1,kalil0321-ats-companies
cruxlab-inc,apply.workable.com/cruxlab-inc,1,outscal-openjobs
crypto-finance,apply.workable.com/crypto-finance,1,kalil0321-ats-companies
cryptonext-security,apply.workable.com/cryptonext-security,1,kalil0321-ats-companies
crystal-creek-hospitality,apply.workable.com/crystal-creek-hospitality,1,kalil0321-ats-companies
crystalia-glass,apply.workable.com/crystalia-glass,1,kalil0321-ats-companies
crystalknows,apply.workable.com/crystalknows,1,kalil0321-ats-companies
ctoai,apply.workable.com/ctoai,1,kalil0321-ats-companies
ctw,apply.workable.com/ctw,1,kalil0321-ats-companies
cube-asia,apply.workable.com/cube-asia,1,kalil0321-ats-companies
cuberg,apply.workable.com/cuberg,1,kalil0321-ats-companies
cuberm,apply.workable.com/cuberm,1,kalil0321-ats-companies
cubitts-2,apply.workable.com/cubitts-2,1,kalil0321-ats-companies
cullinan-holdings,apply.workable.com/cullinan-holdings,1,kalil0321-ats-companies
cur8earth,apply.workable.com/cur8earth,1,kalil0321-ats-companies
curated-greece,apply.workable.com/curated-greece,1,kalil0321-ats-companies
curbwaste,apply.workable.com/curbwaste,1,kalil0321-ats-companies
curology,apply.workable.com/curology,1,kalil0321-ats-companies
currenthealth,apply.workable.com/currenthealth,1,kalil0321-ats-companies
curvo,apply.workable.com/curvo,1,kalil0321-ats-companies
cuso-international,apply.workable.com/cuso-international,1,kalil0321-ats-companies
customs4trade,apply.workable.com/customs4trade,1,kalil0321-ats-companies
cvc-credit-partners,apply.workable.com/cvc-credit-partners,1,kalil0321-ats-companies
cvector,apply.workable.com/cvector,1,kalil0321-ats-companies
cwsi,apply.workable.com/cwsi,1,kalil0321-ats-companies
cxg,apply.workable.com/cxg,1,kalil0321-ats-companies
cxmdirect,apply.workable.com/cxmdirect,1,kalil0321-ats-companies
cybelangel,apply.workable.com/cybelangel,1,kalil0321-ats-companies
cybersmart,apply.workable.com/cybersmart,1,kalil0321-ats-companies
cydcor,apply.workable.com/cydcor,1,kalil0321-ats-companies
cygnus-pay-careers,apply.workable.com/cygnus-pay-careers,1,kalil0321-ats-companies
cym-living,apply.workable.com/cym-living,1,kalil0321-ats-companies
cynch-ai,apply.workable.com/cynch-ai,1,kalil0321-ats-companies
cyperts-digital-solution-pvt-ltd,apply.workable.com/cyperts-digital-solution-pvt-ltd,1,kalil0321-ats-companies
cyrex,apply.workable.com/cyrex,1,kalil0321-ats-companies
d-one,apply.workable.com/d-one,1,kalil0321-ats-companies
d-ploy,apply.workable.com/d-ploy,1,kalil0321-ats-companies
d2b-1,apply.workable.com/d2b-1,1,kalil0321-ats-companies
d2b-groups,apply.workable.com/d2b-groups,1,kalil0321-ats-companies
d2mservices,apply.workable.com/d2mservices,1,kalil0321-ats-companies
dacodes-mx,apply.workable.com/dacodes-mx,1,kalil0321-ats-companies
dailystaffworks-uae,apply.workable.com/dailystaffworks-uae,1,kalil0321-ats-companies
daito-design,apply.workable.com/daito-design,1,kalil0321-ats-companies
dame1,apply.workable.com/dame1,1,kalil0321-ats-companies
dane-street-llc,apply.workable.com/dane-street-llc,1,kalil0321-ats-companies
dangote,apply.workable.com/dangote,1,kalil0321-ats-companies
daniels-solutions,apply.workable.com/daniels-solutions,1,kalil0321-ats-companies
daou-family-estates,apply.workable.com/daou-family-estates,1,kalil0321-ats-companies
darkhive,apply.workable.com/darkhive,1,kalil0321-ats-companies
darwin-ai,apply.workable.com/darwin-ai,1,kalil0321-ats-companies
dash-water,apply.workable.com/dash-water,1,kalil0321-ats-companies
data-clover,apply.workable.com/data-clover,1,kalil0321-ats-companies
data-vista-inc,apply.workable.com/data-vista-inc,1,kalil0321-ats-companies
datacom1,apply.workable.com/datacom1,1,kalil0321-ats-companies
datafied-1,apply.workable.com/datafied-1,1,kalil0321-ats-companies
datafinch-technologies,apply.workable.com/datafinch-technologies,1,kalil0321-ats-companies
datamaran,apply.workable.com/datamaran,1,kalil0321-ats-companies
datamark-inc,apply.workable.com/datamark-inc,1,kalil0321-ats-companies
datapane,apply.workable.com/datapane,1,kalil0321-ats-companies
datatonic,apply.workable.com/datatonic,1,kalil0321-ats-companies
datavisor-jobs,apply.workable.com/datavisor-jobs,2,kalil0321-ats-companies;outscal-openjobs
datma,apply.workable.com/datma,1,kalil0321-ats-companies
david-protein,apply.workable.com/david-protein,1,kalil0321-ats-companies
davy,apply.workable.com/davy,1,kalil0321-ats-companies
daybreaker,apply.workable.com/daybreaker,1,kalil0321-ats-companies
dayshape,apply.workable.com/dayshape,1,kalil0321-ats-companies
daystar-power-group,apply.workable.com/daystar-power-group,1,kalil0321-ats-companies
dblstallion,apply.workable.com/dblstallion,2,kalil0321-ats-companies;outscal-openjobs
dbox,apply.workable.com/dbox,1,kalil0321-ats-companies
dc-enterprises-career,apply.workable.com/dc-enterprises-career,1,kalil0321-ats-companies
dcadvisory,apply.workable.com/dcadvisory,1,kalil0321-ats-companies
dcoh,apply.workable.com/dcoh,1,kalil0321-ats-companies
dcsa,apply.workable.com/dcsa,1,kalil0321-ats-companies
dcthomson,apply.workable.com/dcthomson,1,kalil0321-ats-companies
dcv,apply.workable.com/dcv,1,kalil0321-ats-companies
debenhamsgroup,apply.workable.com/debenhamsgroup,1,kalil0321-ats-companies
debiopharm,apply.workable.com/debiopharm,1,kalil0321-ats-companies
deblock,apply.workable.com/deblock,1,kalil0321-ats-companies
decathlon-sg,apply.workable.com/decathlon-sg,1,kalil0321-ats-companies
decathlonhk,apply.workable.com/decathlonhk,1,kalil0321-ats-companies
decentralized-masters,apply.workable.com/decentralized-masters,1,kalil0321-ats-companies
decisal,apply.workable.com/decisal,1,kalil0321-ats-companies
decision-foundry,apply.workable.com/decision-foundry,1,kalil0321-ats-companies
decisions,apply.workable.com/decisions,1,kalil0321-ats-companies
decondia,apply.workable.com/decondia,1,kalil0321-ats-companies
deep-branch,apply.workable.com/deep-branch,1,ches-ctrl-cheddar
deep-knowledge-group-1,apply.workable.com/deep-knowledge-group-1,1,kalil0321-ats-companies
deep-science-ventures,apply.workable.com/deep-science-ventures,1,kalil0321-ats-companies
deeplight,apply.workable.com/deeplight,1,kalil0321-ats-companies
deeproute-dot-a-i,apply.workable.com/deeproute-dot-a-i,1,kalil0321-ats-companies
deepset,apply.workable.com/deepset,1,kalil0321-ats-companies
deepsource,apply.workable.com/deepsource,1,kalil0321-ats-companies
dekeo-services-north-america-inc,apply.workable.com/dekeo-services-north-america-inc,1,kalil0321-ats-companies
deliver-now-logistics,apply.workable.com/deliver-now-logistics,1,kalil0321-ats-companies
deloitte-eastafrica,apply.workable.com/deloitte-eastafrica,1,kalil0321-ats-companies
delta-consulting-company,apply.workable.com/delta-consulting-company,1,kalil0321-ats-companies
delta-toronto-airport,apply.workable.com/delta-toronto-airport,1,kalil0321-ats-companies
delta-v,apply.workable.com/delta-v,1,kalil0321-ats-companies
deluxe-holiday-homes,apply.workable.com/deluxe-holiday-homes,1,kalil0321-ats-companies
demandtec,apply.workable.com/demandtec,1,kalil0321-ats-companies
demystdata,apply.workable.com/demystdata,1,outscal-openjobs
dendra-systems,apply.workable.com/dendra-systems,1,kalil0321-ats-companies
dental-media-corp,apply.workable.com/dental-media-corp,1,kalil0321-ats-companies
dentons-europe,apply.workable.com/dentons-europe,1,kalil0321-ats-companies
dephy,apply.workable.com/dephy,1,kalil0321-ats-companies
derapi-inc,apply.workable.com/derapi-inc,1,ches-ctrl-cheddar
derisk,apply.workable.com/derisk,1,kalil0321-ats-companies
design-shopp,apply.workable.com/design-shopp,1,kalil0321-ats-companies
deskpro,apply.workable.com/deskpro,1,kalil0321-ats-companies
desmone-architects,apply.workable.com/desmone-architects,1,kalil0321-ats-companies
destinusgroup,apply.workable.com/destinusgroup,1,kalil0321-ats-companies
devbridge,apply.workable.com/devbridge,1,kalil0321-ats-companies
development-data-lab,apply.workable.com/development-data-lab,1,kalil0321-ats-companies
devoted-studios-1,apply.workable.com/devoted-studios-1,2,kalil0321-ats-companies;outscal-openjobs
devpro,apply.workable.com/devpro,1,kalil0321-ats-companies
devsinc-17,apply.workable.com/devsinc-17,1,kalil0321-ats-companies
devsquad,apply.workable.com/devsquad,1,kalil0321-ats-companies
devsu,apply.workable.com/devsu,1,kalil0321-ats-companies
dew-software,apply.workable.com/dew-software,1,outscal-openjobs
dext,apply.workable.com/dext,1,kalil0321-ats-companies
dextra,apply.workable.com/dextra,1,kalil0321-ats-companies
dfdl,apply.workable.com/dfdl,1,kalil0321-ats-companies
dgrsystems,apply.workable.com/dgrsystems,1,kalil0321-ats-companies
dhgc-careers,apply.workable.com/dhgc-careers,1,kalil0321-ats-companies
diagnostic-robotics,apply.workable.com/diagnostic-robotics,1,kalil0321-ats-companies
dialectica-global,apply.workable.com/dialectica-global,1,kalil0321-ats-companies
dialexa,apply.workable.com/dialexa,1,kalil0321-ats-companies
diet-id,apply.workable.com/diet-id,1,kalil0321-ats-companies
digidem,apply.workable.com/digidem,1,ches-ctrl-cheddar
digidems,apply.workable.com/digidems,1,ches-ctrl-cheddar
digioutsource-1,apply.workable.com/digioutsource-1,1,kalil0321-ats-companies
digirocks,apply.workable.com/digirocks,1,kalil0321-ats-companies
digital-aid,apply.workable.com/digital-aid,1,kalil0321-ats-companies
digital-catapult,apply.workable.com/digital-catapult,1,kalil0321-ats-companies
digital-control,apply.workable.com/digital-control,1,kalil0321-ats-companies
digital-frontier,apply.workable.com/digital-frontier,1,kalil0321-ats-companies
digital-shadows,apply.workable.com/digital-shadows,1,kalil0321-ats-companies
digital-waffle-2,apply.workable.com/digital-waffle-2,1,outscal-openjobs
digital-yalo,apply.workable.com/digital-yalo,1,kalil0321-ats-companies
digitalgenius,apply.workable.com/digitalgenius,1,kalil0321-ats-companies
digitalundivided,apply.workable.com/digitalundivided,1,kalil0321-ats-companies
digiterre,apply.workable.com/digiterre,1,kalil0321-ats-companies
dim,apply.workable.com/dim,1,kalil0321-ats-companies
ding,apply.workable.com/ding,1,kalil0321-ats-companies
direct-biologics,apply.workable.com/direct-biologics,1,kalil0321-ats-companies
dirty-martini-marketing,apply.workable.com/dirty-martini-marketing,1,kalil0321-ats-companies
disa-technologies,apply.workable.com/disa-technologies,1,kalil0321-ats-companies
disco,apply.workable.com/disco,1,kalil0321-ats-companies
discogs-1,apply.workable.com/discogs-1,1,kalil0321-ats-companies
discoveryed,apply.workable.com/discoveryed,2,ches-ctrl-cheddar;kalil0321-ats-companies
dispel,apply.workable.com/dispel,1,kalil0321-ats-companies
dispense,apply.workable.com/dispense,1,kalil0321-ats-companies
displayr,apply.workable.com/displayr,1,kalil0321-ats-companies
distalmotion,apply.workable.com/distalmotion,1,kalil0321-ats-companies
disys,apply.workable.com/disys,1,kalil0321-ats-companies
divarjobs,apply.workable.com/divarjobs,1,kalil0321-ats-companies
diversecomputing,apply.workable.com/diversecomputing,1,kalil0321-ats-companies
divvy,apply.workable.com/divvy,1,kalil0321-ats-companies
dkshsmollan,apply.workable.com/dkshsmollan,1,kalil0321-ats-companies
dlthub,apply.workable.com/dlthub,1,kalil0321-ats-companies
dmates,apply.workable.com/dmates,1,kalil0321-ats-companies
dmvitservice,apply.workable.com/dmvitservice,1,kalil0321-ats-companies
dnigov,apply.workable.com/dnigov,1,kalil0321-ats-companies
docmatter-inc-2,apply.workable.com/docmatter-inc-2,1,kalil0321-ats-companies
docplanner,apply.workable.com/docplanner,1,kalil0321-ats-companies
doctify-1,apply.workable.com/doctify-1,1,kalil0321-ats-companies
doctor-care-anywhere,apply.workable.com/doctor-care-anywhere,1,kalil0321-ats-companies
doehler-north-america,apply.workable.com/doehler-north-america,1,kalil0321-ats-companies
dof,apply.workable.com/dof,1,kalil0321-ats-companies
doist,apply.workable.com/doist,1,kalil0321-ats-companies
doji,apply.workable.com/doji,1,kalil0321-ats-companies
domain-tools,apply.workable.com/domain-tools,1,kalil0321-ats-companies
doman-building-materials,apply.workable.com/doman-building-materials,1,kalil0321-ats-companies
domes-resorts,apply.workable.com/domes-resorts,1,kalil0321-ats-companies
domyn,apply.workable.com/domyn,1,kalil0321-ats-companies
donationxchange,apply.workable.com/donationxchange,1,kalil0321-ats-companies
donesafe,apply.workable.com/donesafe,1,kalil0321-ats-companies
dopay-8,apply.workable.com/dopay-8,1,kalil0321-ats-companies
dossier,apply.workable.com/dossier,1,kalil0321-ats-companies
double-eleven,apply.workable.com/double-eleven,1,outscal-openjobs
double-fine-production,apply.workable.com/double-fine-production,1,outscal-openjobs
doubleip-sa,apply.workable.com/doubleip-sa,1,kalil0321-ats-companies
doublejump,apply.workable.com/doublejump,1,outscal-openjobs
dpg,apply.workable.com/dpg,1,kalil0321-ats-companies
drakecooper,apply.workable.com/drakecooper,1,outscal-openjobs
dreamdata,apply.workable.com/dreamdata,1,kalil0321-ats-companies
dreamix-ltd,apply.workable.com/dreamix-ltd,1,kalil0321-ats-companies
drest,apply.workable.com/drest,1,outscal-openjobs
driftrock,apply.workable.com/driftrock,1,kalil0321-ats-companies
drinkag1,apply.workable.com/drinkag1,1,kalil0321-ats-companies
drinknilo,apply.workable.com/drinknilo,1,kalil0321-ats-companies
drinkprime,apply.workable.com/drinkprime,1,kalil0321-ats-companies
driven-properties-1,apply.workable.com/driven-properties-1,1,kalil0321-ats-companies
drivendata,apply.workable.com/drivendata,1,kalil0321-ats-companies
droids-on-roids-1,apply.workable.com/droids-on-roids-1,1,kalil0321-ats-companies
droneup,apply.workable.com/droneup,1,kalil0321-ats-companies
drops,apply.workable.com/drops,1,kalil0321-ats-companies
drug-hunter,apply.workable.com/drug-hunter,1,kalil0321-ats-companies
drvn,apply.workable.com/drvn,1,kalil0321-ats-companies
dry-farm-wines-1,apply.workable.com/dry-farm-wines-1,1,kalil0321-ats-companies
dsi-global,apply.workable.com/dsi-global,1,kalil0321-ats-companies
dsi-systems,apply.workable.com/dsi-systems,1,kalil0321-ats-companies
dsinnovators,apply.workable.com/dsinnovators,1,kalil0321-ats-companies
dsquares-loyalty-dmcc,apply.workable.com/dsquares-loyalty-dmcc,1,kalil0321-ats-companies
dubber,apply.workable.com/dubber,1,kalil0321-ats-companies
dubizzlemena,apply.workable.com/dubizzlemena,1,kalil0321-ats-companies
duke-corporate-education,apply.workable.com/duke-corporate-education,1,kalil0321-ats-companies
dunlop,apply.workable.com/dunlop,1,kalil0321-ats-companies
durham-community-health-centre,apply.workable.com/durham-community-health-centre,1,kalil0321-ats-companies
durma-north-america,apply.workable.com/durma-north-america,1,kalil0321-ats-companies
dvi-solution,apply.workable.com/dvi-solution,1,kalil0321-ats-companies
dwed,apply.workable.com/dwed,1,kalil0321-ats-companies
dydx-operations-trust,apply.workable.com/dydx-operations-trust,1,kalil0321-ats-companies
dyson-farming,apply.workable.com/dyson-farming,1,kalil0321-ats-companies
e-food,apply.workable.com/e-food,1,kalil0321-ats-companies
e-travel-sa-1,apply.workable.com/e-travel-sa-1,1,kalil0321-ats-companies
e8-engineering,apply.workable.com/e8-engineering,1,kalil0321-ats-companies
eagle-eye-2,apply.workable.com/eagle-eye-2,1,kalil0321-ats-companies
eagle-sales-corp,apply.workable.com/eagle-sales-corp,1,kalil0321-ats-companies
eagle-seven,apply.workable.com/eagle-seven,1,kalil0321-ats-companies
eandd,apply.workable.com/eandd,1,kalil0321-ats-companies
earthcam,apply.workable.com/earthcam,1,kalil0321-ats-companies
earthlinktele,apply.workable.com/earthlinktele,1,kalil0321-ats-companies
ease-solutions-pte-ltd,apply.workable.com/ease-solutions-pte-ltd,1,kalil0321-ats-companies
east-bank-club,apply.workable.com/east-bank-club,1,kalil0321-ats-companies
easyauto,apply.workable.com/easyauto,1,kalil0321-ats-companies
eatjacob,apply.workable.com/eatjacob,1,kalil0321-ats-companies
ebcfinancialgroup,apply.workable.com/ebcfinancialgroup,1,kalil0321-ats-companies
eca-global,apply.workable.com/eca-global,1,kalil0321-ats-companies
ecadlabs,apply.workable.com/ecadlabs,1,kalil0321-ats-companies
ecareers,apply.workable.com/ecareers,1,kalil0321-ats-companies
echo360-inc,apply.workable.com/echo360-inc,1,kalil0321-ats-companies
echobase-global,apply.workable.com/echobase-global,1,kalil0321-ats-companies
echoing-green,apply.workable.com/echoing-green,1,kalil0321-ats-companies
ecoligo,apply.workable.com/ecoligo,1,kalil0321-ats-companies
ecomnova,apply.workable.com/ecomnova,1,kalil0321-ats-companies
econ-one-research,apply.workable.com/econ-one-research,1,kalil0321-ats-companies
ecp-123,apply.workable.com/ecp-123,1,kalil0321-ats-companies
ed3nventures,apply.workable.com/ed3nventures,1,kalil0321-ats-companies
edag-uk,apply.workable.com/edag-uk,1,kalil0321-ats-companies
eden-geopower,apply.workable.com/eden-geopower,1,kalil0321-ats-companies
edgemony,apply.workable.com/edgemony,1,outscal-openjobs
edgility-search,apply.workable.com/edgility-search,1,kalil0321-ats-companies
edison365,apply.workable.com/edison365,1,kalil0321-ats-companies
editas,apply.workable.com/editas,1,kalil0321-ats-companies
edpuzzle,apply.workable.com/edpuzzle,1,kalil0321-ats-companies
education-first-consulting,apply.workable.com/education-first-consulting,1,kalil0321-ats-companies
education-perfect,apply.workable.com/education-perfect,1,kalil0321-ats-companies
educationoutside,apply.workable.com/educationoutside,1,kalil0321-ats-companies
edyn-care,apply.workable.com/edyn-care,1,kalil0321-ats-companies
eed,apply.workable.com/eed,1,kalil0321-ats-companies
efg,apply.workable.com/efg,2,kalil0321-ats-companies;outscal-openjobs
efounders,apply.workable.com/efounders,1,kalil0321-ats-companies
ei3-corporation,apply.workable.com/ei3-corporation,1,kalil0321-ats-companies
eight-and-four,apply.workable.com/eight-and-four,1,kalil0321-ats-companies
eightcap,apply.workable.com/eightcap,1,kalil0321-ats-companies
einsite,apply.workable.com/einsite,1,kalil0321-ats-companies
ekanite-consulting,apply.workable.com/ekanite-consulting,1,kalil0321-ats-companies
ekar,apply.workable.com/ekar,1,kalil0321-ats-companies
elasticstage,apply.workable.com/elasticstage,1,kalil0321-ats-companies
eldoradogold,apply.workable.com/eldoradogold,1,kalil0321-ats-companies
electrameccanica,apply.workable.com/electrameccanica,1,kalil0321-ats-companies
electric-coin-company,apply.workable.com/electric-coin-company,1,kalil0321-ats-companies
electric-square,apply.workable.com/electric-square,1,outscal-openjobs
electrum,apply.workable.com/electrum,1,kalil0321-ats-companies
elementio,apply.workable.com/elementio,1,kalil0321-ats-companies
eleos-health,apply.workable.com/eleos-health,2,ches-ctrl-cheddar;kalil0321-ats-companies
elephant-and-castle-1,apply.workable.com/elephant-and-castle-1,1,kalil0321-ats-companies
elephanthealthcare,apply.workable.com/elephanthealthcare,1,kalil0321-ats-companies
elesta,apply.workable.com/elesta,1,kalil0321-ats-companies
elevate-7,apply.workable.com/elevate-7,1,kalil0321-ats-companies
elevate-semiconductor,apply.workable.com/elevate-semiconductor,1,kalil0321-ats-companies
elevation-capital-3,apply.workable.com/elevation-capital-3,2,kalil0321-ats-companies;outscal-openjobs
elevation-pictures-corp,apply.workable.com/elevation-pictures-corp,1,kalil0321-ats-companies
elevatus-2,apply.workable.com/elevatus-2,1,kalil0321-ats-companies
elior-na,apply.workable.com/elior-na,1,kalil0321-ats-companies
elior-north-america,apply.workable.com/elior-north-america,1,kalil0321-ats-companies
elite-interpreters-asia-hk-pte-ltd,apply.workable.com/elite-interpreters-asia-hk-pte-ltd,1,kalil0321-ats-companies
ellinopoula-ltd,apply.workable.com/ellinopoula-ltd,1,kalil0321-ats-companies
ellison-institute-of-technology,apply.workable.com/ellison-institute-of-technology,1,kalil0321-ats-companies
elms-interior-design,apply.workable.com/elms-interior-design,1,kalil0321-ats-companies
elmwood,apply.workable.com/elmwood,1,kalil0321-ats-companies
elo-health,apply.workable.com/elo-health,1,kalil0321-ats-companies
elsewedy-electric-psp,apply.workable.com/elsewedy-electric-psp,1,kalil0321-ats-companies
eluvio,apply.workable.com/eluvio,1,kalil0321-ats-companies
elvespeed,apply.workable.com/elvespeed,1,kalil0321-ats-companies
elvie,apply.workable.com/elvie,1,kalil0321-ats-companies
elvtrcom,apply.workable.com/elvtrcom,1,kalil0321-ats-companies
emanuelson-podas,apply.workable.com/emanuelson-podas,1,kalil0321-ats-companies
emapply,apply.workable.com/emapply,1,kalil0321-ats-companies
emaratech-2,apply.workable.com/emaratech-2,1,kalil0321-ats-companies
emberdigital,apply.workable.com/emberdigital,1,kalil0321-ats-companies
emerging-travel-group,apply.workable.com/emerging-travel-group,1,kalil0321-ats-companies
eminent-valet,apply.workable.com/eminent-valet,1,kalil0321-ats-companies
emirates-investment-authority,apply.workable.com/emirates-investment-authority,1,kalil0321-ats-companies
emora-health,apply.workable.com/emora-health,1,kalil0321-ats-companies
empatica,apply.workable.com/empatica,1,kalil0321-ats-companies
empire-group-1,apply.workable.com/empire-group-1,1,kalil0321-ats-companies
emplify,apply.workable.com/emplify,1,kalil0321-ats-companies
employee-owned-holdings-inc,apply.workable.com/employee-owned-holdings-inc,1,kalil0321-ats-companies
employit,apply.workable.com/employit,1,kalil0321-ats-companies
employment-hero,apply.workable.com/employment-hero,1,kalil0321-ats-companies
emprise-bank,apply.workable.com/emprise-bank,1,kalil0321-ats-companies
ems-group,apply.workable.com/ems-group,1,kalil0321-ats-companies
emushrif,apply.workable.com/emushrif,1,kalil0321-ats-companies
emw,apply.workable.com/emw,1,kalil0321-ats-companies
enable-data,apply.workable.com/enable-data,1,kalil0321-ats-companies
encoded,apply.workable.com/encoded,1,kalil0321-ats-companies
endear,apply.workable.com/endear,1,kalil0321-ats-companies
endeavor-talent,apply.workable.com/endeavor-talent,1,ches-ctrl-cheddar
endomag,apply.workable.com/endomag,1,kalil0321-ats-companies
energy-trust-of-oregon,apply.workable.com/energy-trust-of-oregon,1,kalil0321-ats-companies
energyaspects,apply.workable.com/energyaspects,1,kalil0321-ats-companies
energyimpactpartners,apply.workable.com/energyimpactpartners,1,kalil0321-ats-companies
enermech,apply.workable.com/enermech,1,kalil0321-ats-companies
enervee,apply.workable.com/enervee,1,ches-ctrl-cheddar
enerwave,apply.workable.com/enerwave,1,kalil0321-ats-companies
enfinity-global-2,apply.workable.com/enfinity-global-2,1,kalil0321-ats-companies
enfos-inc,apply.workable.com/enfos-inc,1,kalil0321-ats-companies
enfusegroup,apply.workable.com/enfusegroup,1,kalil0321-ats-companies
engagetechuk,apply.workable.com/engagetechuk,1,kalil0321-ats-companies
engflow,apply.workable.com/engflow,1,kalil0321-ats-companies
enigmaticsmile,apply.workable.com/enigmaticsmile,1,kalil0321-ats-companies
enjins,apply.workable.com/enjins,1,kalil0321-ats-companies
enosix-1,apply.workable.com/enosix-1,1,kalil0321-ats-companies
enrollhere,apply.workable.com/enrollhere,1,kalil0321-ats-companies
ensodata,apply.workable.com/ensodata,1,kalil0321-ats-companies
entaingroup,apply.workable.com/entaingroup,2,kalil0321-ats-companies;outscal-openjobs
enterfusion,apply.workable.com/enterfusion,1,kalil0321-ats-companies
enterprise-electrical,apply.workable.com/enterprise-electrical,1,kalil0321-ats-companies
enterprise-horizon-consulting-group,apply.workable.com/enterprise-horizon-consulting-group,1,kalil0321-ats-companies
entouragevc,apply.workable.com/entouragevc,1,kalil0321-ats-companies
entuitive,apply.workable.com/entuitive,1,kalil0321-ats-companies
envalior,apply.workable.com/envalior,1,kalil0321-ats-companies
environment-bank,apply.workable.com/environment-bank,1,kalil0321-ats-companies
envisiones,apply.workable.com/envisiones,1,kalil0321-ats-companies
envisso,apply.workable.com/envisso,1,kalil0321-ats-companies
eosf,apply.workable.com/eosf,1,kalil0321-ats-companies
epay,apply.workable.com/epay,1,kalil0321-ats-companies
epos,apply.workable.com/epos,1,kalil0321-ats-companies
epsconsultants,apply.workable.com/epsconsultants,1,kalil0321-ats-companies
equipment-experts-inc,apply.workable.com/equipment-experts-inc,1,kalil0321-ats-companies
eramtalent-1,apply.workable.com/eramtalent-1,1,kalil0321-ats-companies
ergonia,apply.workable.com/ergonia,1,kalil0321-ats-companies
erna,apply.workable.com/erna,1,kalil0321-ats-companies
erp,apply.workable.com/erp,1,kalil0321-ats-companies
esalon,apply.workable.com/esalon,1,kalil0321-ats-companies
esanjo,apply.workable.com/esanjo,1,kalil0321-ats-companies
escape-velocity-entertainment-inc,apply.workable.com/escape-velocity-entertainment-inc,2,kalil0321-ats-companies;outscal-openjobs
eset,apply.workable.com/eset,1,kalil0321-ats-companies
eskill-1,apply.workable.com/eskill-1,1,kalil0321-ats-companies
esoftware-associates-inc,apply.workable.com/esoftware-associates-inc,1,kalil0321-ats-companies
espresso-services-inc,apply.workable.com/espresso-services-inc,1,kalil0321-ats-companies
esquel-group,apply.workable.com/esquel-group,1,kalil0321-ats-companies
esselenvironmental,apply.workable.com/esselenvironmental,1,kalil0321-ats-companies
essence-investment-ag,apply.workable.com/essence-investment-ag,1,kalil0321-ats-companies
estendio,apply.workable.com/estendio,1,kalil0321-ats-companies
esv-accounting,apply.workable.com/esv-accounting,1,kalil0321-ats-companies
esv-digital,apply.workable.com/esv-digital,1,kalil0321-ats-companies
etl-systems,apply.workable.com/etl-systems,1,kalil0321-ats-companies
eupry-aps,apply.workable.com/eupry-aps,1,kalil0321-ats-companies
eurobank,apply.workable.com/eurobank,1,kalil0321-ats-companies
euromonitor,apply.workable.com/euromonitor,2,kalil0321-ats-companies;outscal-openjobs
euronet,apply.workable.com/euronet,1,kalil0321-ats-companies
europe-careers,apply.workable.com/europe-careers,1,kalil0321-ats-companies
european-dynamics,apply.workable.com/european-dynamics,1,kalil0321-ats-companies
europeanpolicycentre,apply.workable.com/europeanpolicycentre,1,kalil0321-ats-companies
europeanwaxcenter,apply.workable.com/europeanwaxcenter,1,kalil0321-ats-companies
eurostar,apply.workable.com/eurostar,1,kalil0321-ats-companies
eva-pharma,apply.workable.com/eva-pharma,1,kalil0321-ats-companies
evaluate-ltd,apply.workable.com/evaluate-ltd,1,kalil0321-ats-companies
eventologymarketing,apply.workable.com/eventologymarketing,1,kalil0321-ats-companies
everest-ventures-group,apply.workable.com/everest-ventures-group,1,kalil0321-ats-companies
everservice,apply.workable.com/everservice,1,kalil0321-ats-companies
everyday-dose-inc,apply.workable.com/everyday-dose-inc,1,kalil0321-ats-companies
everyrealm,apply.workable.com/everyrealm,1,outscal-openjobs
everythingtogain,apply.workable.com/everythingtogain,1,kalil0321-ats-companies
evh,apply.workable.com/evh,1,kalil0321-ats-companies
evidence-action,apply.workable.com/evidence-action,2,ches-ctrl-cheddar;kalil0321-ats-companies
evisit,apply.workable.com/evisit,1,kalil0321-ats-companies
evolution-recruitment-solutions,apply.workable.com/evolution-recruitment-solutions,1,kalil0321-ats-companies
evolv-technology,apply.workable.com/evolv-technology,1,kalil0321-ats-companies
evolvegrp,apply.workable.com/evolvegrp,1,kalil0321-ats-companies
evolving-web,apply.workable.com/evolving-web,1,kalil0321-ats-companies
evotek-1,apply.workable.com/evotek-1,2,andreasasprou-ats-finder;kalil0321-ats-companies
evrythng,apply.workable.com/evrythng,1,kalil0321-ats-companies
excellence-community-schools,apply.workable.com/excellence-community-schools,1,kalil0321-ats-companies
excellence-health-inc,apply.workable.com/excellence-health-inc,1,kalil0321-ats-companies
excelya,apply.workable.com/excelya,1,kalil0321-ats-companies
excess-baggage,apply.workable.com/excess-baggage,1,kalil0321-ats-companies
expatriate-management-services-ltd,apply.workable.com/expatriate-management-services-ltd,1,kalil0321-ats-companies
expereo,apply.workable.com/expereo,1,kalil0321-ats-companies
experience-com,apply.workable.com/experience-com,1,kalil0321-ats-companies
experience-sl-co,apply.workable.com/experience-sl-co,1,kalil0321-ats-companies
experts-plus,apply.workable.com/experts-plus,1,kalil0321-ats-companies
exploremore-with-fran,apply.workable.com/exploremore-with-fran,1,kalil0321-ats-companies
exponent-energy,apply.workable.com/exponent-energy,1,kalil0321-ats-companies
extremereach,apply.workable.com/extremereach,1,kalil0321-ats-companies
ezrecruiting,apply.workable.com/ezrecruiting,1,kalil0321-ats-companies
ezypay,apply.workable.com/ezypay,1,kalil0321-ats-companies
fable-1,apply.workable.com/fable-1,1,kalil0321-ats-companies
fable-data,apply.workable.com/fable-data,1,kalil0321-ats-companies
fabulousco,apply.workable.com/fabulousco,1,kalil0321-ats-companies
facebook,apply.workable.com/facebook,1,kalil0321-ats-companies
facetwealth,apply.workable.com/facetwealth,1,kalil0321-ats-companies
fairmoney,apply.workable.com/fairmoney,1,kalil0321-ats-companies
fairnessproject,apply.workable.com/fairnessproject,1,kalil0321-ats-companies
fairstead,apply.workable.com/fairstead,1,kalil0321-ats-companies
falcomm,apply.workable.com/falcomm,1,kalil0321-ats-companies
famoco,apply.workable.com/famoco,1,kalil0321-ats-companies
fancy,apply.workable.com/fancy,1,kalil0321-ats-companies
faradaynorton,apply.workable.com/faradaynorton,1,kalil0321-ats-companies
faraway,apply.workable.com/faraway,1,outscal-openjobs
faria,apply.workable.com/faria,1,kalil0321-ats-companies
farm-one,apply.workable.com/farm-one,1,kalil0321-ats-companies
farmacy,apply.workable.com/farmacy,1,kalil0321-ats-companies
farmers-insurance-rappa-district,apply.workable.com/farmers-insurance-rappa-district,1,kalil0321-ats-companies
farmveda,apply.workable.com/farmveda,1,kalil0321-ats-companies
farohealth,apply.workable.com/farohealth,1,kalil0321-ats-companies
faroutscout,apply.workable.com/faroutscout,1,outscal-openjobs
fasanara,apply.workable.com/fasanara,1,kalil0321-ats-companies
fastbreak-ai,apply.workable.com/fastbreak-ai,1,kalil0321-ats-companies
fastmail-1,apply.workable.com/fastmail-1,1,kalil0321-ats-companies
fastory,apply.workable.com/fastory,1,kalil0321-ats-companies
faulkner,apply.workable.com/faulkner,1,kalil0321-ats-companies
fauna,apply.workable.com/fauna,1,kalil0321-ats-companies
favorite-medium,apply.workable.com/favorite-medium,1,kalil0321-ats-companies
fawkes-idm,apply.workable.com/fawkes-idm,1,kalil0321-ats-companies
fcc-environmental-services,apply.workable.com/fcc-environmental-services,1,kalil0321-ats-companies
fe-fundinfo,apply.workable.com/fe-fundinfo,1,kalil0321-ats-companies
feeldco,apply.workable.com/feeldco,1,kalil0321-ats-companies
felicitys-link-inc-1,apply.workable.com/felicitys-link-inc-1,1,kalil0321-ats-companies
felsburg-holt-and-ullevig,apply.workable.com/felsburg-holt-and-ullevig,1,kalil0321-ats-companies
fenergocareers,apply.workable.com/fenergocareers,1,kalil0321-ats-companies
fengate,apply.workable.com/fengate,1,kalil0321-ats-companies
feraset,apply.workable.com/feraset,1,kalil0321-ats-companies
fergus,apply.workable.com/fergus,1,kalil0321-ats-companies
ferryhopper,apply.workable.com/ferryhopper,1,kalil0321-ats-companies
festicket,apply.workable.com/festicket,1,kalil0321-ats-companies
fetchr,apply.workable.com/fetchr,1,kalil0321-ats-companies
ffcfc,apply.workable.com/ffcfc,1,kalil0321-ats-companies
ffern-2,apply.workable.com/ffern-2,1,kalil0321-ats-companies
fibraconsulting,apply.workable.com/fibraconsulting,1,kalil0321-ats-companies
field-day,apply.workable.com/field-day,1,kalil0321-ats-companies
fieldcrest-ventures,apply.workable.com/fieldcrest-ventures,1,kalil0321-ats-companies
fieldfisherbelgium,apply.workable.com/fieldfisherbelgium,1,kalil0321-ats-companies
fieldwrk,apply.workable.com/fieldwrk,1,kalil0321-ats-companies
fifty-five,apply.workable.com/fifty-five,1,kalil0321-ats-companies
fillarole,apply.workable.com/fillarole,1,kalil0321-ats-companies
filro-global-hiring,apply.workable.com/filro-global-hiring,1,kalil0321-ats-companies
filtered,apply.workable.com/filtered,1,kalil0321-ats-companies
filtered-technologies-limited,apply.workable.com/filtered-technologies-limited,1,kalil0321-ats-companies
financeit,apply.workable.com/financeit,1,kalil0321-ats-companies
finartix,apply.workable.com/finartix,1,kalil0321-ats-companies
findstarfish,apply.workable.com/findstarfish,1,kalil0321-ats-companies
finexio,apply.workable.com/finexio,1,kalil0321-ats-companies
finisterre,apply.workable.com/finisterre,1,kalil0321-ats-companies
finitestate,apply.workable.com/finitestate,1,kalil0321-ats-companies
finnovista,apply.workable.com/finnovista,1,kalil0321-ats-companies
fioneer,apply.workable.com/fioneer,1,kalil0321-ats-companies
fiq,apply.workable.com/fiq,1,kalil0321-ats-companies
fireflies,apply.workable.com/fireflies,1,kalil0321-ats-companies
firefly-health,apply.workable.com/firefly-health,1,kalil0321-ats-companies
firefly-tech-oy,apply.workable.com/firefly-tech-oy,1,kalil0321-ats-companies
firnal,apply.workable.com/firnal,1,kalil0321-ats-companies
first,apply.workable.com/first,1,kalil0321-ats-companies
first-analysis,apply.workable.com/first-analysis,1,kalil0321-ats-companies
first-circle,apply.workable.com/first-circle,1,kalil0321-ats-companies
first-focus,apply.workable.com/first-focus,1,kalil0321-ats-companies
first-intuition,apply.workable.com/first-intuition,1,kalil0321-ats-companies
first-law-international-sprl,apply.workable.com/first-law-international-sprl,1,kalil0321-ats-companies
first-san-francisco-partners,apply.workable.com/first-san-francisco-partners,1,kalil0321-ats-companies
firstchoicefinanceconsultants,apply.workable.com/firstchoicefinanceconsultants,1,kalil0321-ats-companies
firstepdcng,apply.workable.com/firstepdcng,1,kalil0321-ats-companies
firsthelpfinancial,apply.workable.com/firsthelpfinancial,1,kalil0321-ats-companies
firstleaf,apply.workable.com/firstleaf,1,kalil0321-ats-companies
fiscal-ai,apply.workable.com/fiscal-ai,1,kalil0321-ats-companies
fishbrain-ab,apply.workable.com/fishbrain-ab,1,kalil0321-ats-companies
fitness-on-demand-1,apply.workable.com/fitness-on-demand-1,1,kalil0321-ats-companies
fitness-premier,apply.workable.com/fitness-premier,1,kalil0321-ats-companies
fiture-holding-llc,apply.workable.com/fiture-holding-llc,1,kalil0321-ats-companies
five19-creative,apply.workable.com/five19-creative,1,kalil0321-ats-companies
fixpoint,apply.workable.com/fixpoint,1,kalil0321-ats-companies
flagship-premium-food-group,apply.workable.com/flagship-premium-food-group,1,kalil0321-ats-companies
flapen,apply.workable.com/flapen,1,kalil0321-ats-companies
flapkap,apply.workable.com/flapkap,1,kalil0321-ats-companies
flare-talent,apply.workable.com/flare-talent,1,kalil0321-ats-companies
flat6labs,apply.workable.com/flat6labs,1,kalil0321-ats-companies
flatgigs,apply.workable.com/flatgigs,1,kalil0321-ats-companies
flats-llc,apply.workable.com/flats-llc,1,kalil0321-ats-companies
flawlessphotonics,apply.workable.com/flawlessphotonics,1,kalil0321-ats-companies
fleethealthcare,apply.workable.com/fleethealthcare,1,kalil0321-ats-companies
fleetpartners,apply.workable.com/fleetpartners,1,kalil0321-ats-companies
flex-college-prep,apply.workable.com/flex-college-prep,1,kalil0321-ats-companies
flexcarcareers,apply.workable.com/flexcarcareers,1,kalil0321-ats-companies
flexcompute,apply.workable.com/flexcompute,1,kalil0321-ats-companies
flexion-robotics,apply.workable.com/flexion-robotics,1,kalil0321-ats-companies
flexxon-1,apply.workable.com/flexxon-1,1,kalil0321-ats-companies
flight-group,apply.workable.com/flight-group,1,kalil0321-ats-companies
fliip,apply.workable.com/fliip,1,kalil0321-ats-companies
flip,apply.workable.com/flip,1,kalil0321-ats-companies
flo-addenergie,apply.workable.com/flo-addenergie,1,kalil0321-ats-companies
floatjobs,apply.workable.com/floatjobs,1,kalil0321-ats-companies
floatme,apply.workable.com/floatme,1,kalil0321-ats-companies
floom,apply.workable.com/floom,1,kalil0321-ats-companies
florence-4,apply.workable.com/florence-4,1,kalil0321-ats-companies
florida-design-works,apply.workable.com/florida-design-works,1,kalil0321-ats-companies
florida-food,apply.workable.com/florida-food,1,kalil0321-ats-companies
florida-realtors,apply.workable.com/florida-realtors,1,kalil0321-ats-companies
floridawindowanddoor,apply.workable.com/floridawindowanddoor,1,kalil0321-ats-companies
flosum,apply.workable.com/flosum,1,kalil0321-ats-companies
flowdesk,apply.workable.com/flowdesk,1,kalil0321-ats-companies
flowerbx,apply.workable.com/flowerbx,1,kalil0321-ats-companies
flowxai,apply.workable.com/flowxai,1,kalil0321-ats-companies
fls-transportation,apply.workable.com/fls-transportation,1,kalil0321-ats-companies
fluent,apply.workable.com/fluent,1,kalil0321-ats-companies
fluentbe,apply.workable.com/fluentbe,1,kalil0321-ats-companies
fluidstack,apply.workable.com/fluidstack,1,kalil0321-ats-companies
flyability,apply.workable.com/flyability,1,kalil0321-ats-companies
flyover-canada,apply.workable.com/flyover-canada,1,kalil0321-ats-companies
fmx,apply.workable.com/fmx,1,kalil0321-ats-companies
focus-group,apply.workable.com/focus-group,1,kalil0321-ats-companies
focuslab,apply.workable.com/focuslab,1,kalil0321-ats-companies
focusrite,apply.workable.com/focusrite,1,kalil0321-ats-companies
foley-carrier-services-llc,apply.workable.com/foley-carrier-services-llc,2,andreasasprou-ats-finder;kalil0321-ats-companies
followloop,apply.workable.com/followloop,2,kalil0321-ats-companies;outscal-openjobs
fonpit-ag,apply.workable.com/fonpit-ag,1,kalil0321-ats-companies
food-plant-engineering,apply.workable.com/food-plant-engineering,1,kalil0321-ats-companies
food-truck-promotions,apply.workable.com/food-truck-promotions,1,kalil0321-ats-companies
foodgears-singapore-pte-ltd,apply.workable.com/foodgears-singapore-pte-ltd,1,kalil0321-ats-companies
foodgie,apply.workable.com/foodgie,1,kalil0321-ats-companies
foodics,apply.workable.com/foodics,1,kalil0321-ats-companies
foodrevolutionnetwork,apply.workable.com/foodrevolutionnetwork,1,kalil0321-ats-companies
footasylum,apply.workable.com/footasylum,1,kalil0321-ats-companies
footprint,apply.workable.com/footprint,1,kalil0321-ats-companies
forager,apply.workable.com/forager,1,kalil0321-ats-companies
forbes-media,apply.workable.com/forbes-media,1,kalil0321-ats-companies
forcemetrics,apply.workable.com/forcemetrics,1,kalil0321-ats-companies
foresightgroup,apply.workable.com/foresightgroup,1,kalil0321-ats-companies
forgotten-empires,apply.workable.com/forgotten-empires,2,kalil0321-ats-companies;outscal-openjobs
formassembly,apply.workable.com/formassembly,1,kalil0321-ats-companies
formula5,apply.workable.com/formula5,1,kalil0321-ats-companies
forseven,apply.workable.com/forseven,1,kalil0321-ats-companies
fortanix,apply.workable.com/fortanix,2,kalil0321-ats-companies;outscal-openjobs
forwardpmx,apply.workable.com/forwardpmx,1,kalil0321-ats-companies
fotografiska,apply.workable.com/fotografiska,1,kalil0321-ats-companies
foundand-chosen,apply.workable.com/foundand-chosen,1,kalil0321-ats-companies
founders-intelligence,apply.workable.com/founders-intelligence,1,kalil0321-ats-companies
foundersforum,apply.workable.com/foundersforum,1,kalil0321-ats-companies
four-sigmatic,apply.workable.com/four-sigmatic,1,kalil0321-ats-companies
fourthrevcareers,apply.workable.com/fourthrevcareers,1,kalil0321-ats-companies
foxbox-digital,apply.workable.com/foxbox-digital,1,kalil0321-ats-companies
fractl-1,apply.workable.com/fractl-1,1,kalil0321-ats-companies
fred-astaire-dance-studios-3,apply.workable.com/fred-astaire-dance-studios-3,1,kalil0321-ats-companies
freddies-flowers-1,apply.workable.com/freddies-flowers-1,1,kalil0321-ats-companies
freebird,apply.workable.com/freebird,1,kalil0321-ats-companies
freedx,apply.workable.com/freedx,1,kalil0321-ats-companies
freejam,apply.workable.com/freejam,1,outscal-openjobs
freelance-latin-america,apply.workable.com/freelance-latin-america,1,kalil0321-ats-companies
freight-t-a-s-llc,apply.workable.com/freight-t-a-s-llc,1,kalil0321-ats-companies
freshgravity,apply.workable.com/freshgravity,1,kalil0321-ats-companies
freshland,apply.workable.com/freshland,1,kalil0321-ats-companies
fresko,apply.workable.com/fresko,1,kalil0321-ats-companies
fridababy,apply.workable.com/fridababy,1,kalil0321-ats-companies
friends-from-the-city,apply.workable.com/friends-from-the-city,1,ches-ctrl-cheddar
fromdayone,apply.workable.com/fromdayone,1,kalil0321-ats-companies
front-row-group,apply.workable.com/front-row-group,1,kalil0321-ats-companies
frontlineinc,apply.workable.com/frontlineinc,1,kalil0321-ats-companies
fruitz,apply.workable.com/fruitz,1,kalil0321-ats-companies
fruugo,apply.workable.com/fruugo,1,kalil0321-ats-companies
frwdb,apply.workable.com/frwdb,1,kalil0321-ats-companies
fsaa,apply.workable.com/fsaa,1,kalil0321-ats-companies
fsc,apply.workable.com/fsc,1,kalil0321-ats-companies
fsnb,apply.workable.com/fsnb,1,kalil0321-ats-companies
ftsg,apply.workable.com/ftsg,1,kalil0321-ats-companies
fuelius,apply.workable.com/fuelius,1,kalil0321-ats-companies
fujifilm-healthcare-europe,apply.workable.com/fujifilm-healthcare-europe,1,kalil0321-ats-companies
fuku,apply.workable.com/fuku,1,kalil0321-ats-companies
fullmind,apply.workable.com/fullmind,1,kalil0321-ats-companies
fullstack-labs,apply.workable.com/fullstack-labs,1,kalil0321-ats-companies
fullstackacademy,apply.workable.com/fullstackacademy,1,kalil0321-ats-companies
fun-plus,apply.workable.com/fun-plus,1,kalil0321-ats-companies
fun-town-rv,apply.workable.com/fun-town-rv,1,kalil0321-ats-companies
functional-nutriments,apply.workable.com/functional-nutriments,1,kalil0321-ats-companies
fundamentalvr-2,apply.workable.com/fundamentalvr-2,1,outscal-openjobs
fundcraft,apply.workable.com/fundcraft,1,kalil0321-ats-companies
fundify,apply.workable.com/fundify,1,kalil0321-ats-companies
fundingoptions,apply.workable.com/fundingoptions,1,kalil0321-ats-companies
fundingsocieties,apply.workable.com/fundingsocieties,1,kalil0321-ats-companies
fundment,apply.workable.com/fundment,1,kalil0321-ats-companies
funkitron,apply.workable.com/funkitron,1,outscal-openjobs
funnel-leasing,apply.workable.com/funnel-leasing,1,kalil0321-ats-companies
funnelfuel,apply.workable.com/funnelfuel,1,kalil0321-ats-companies
fuse-finance,apply.workable.com/fuse-finance,1,kalil0321-ats-companies
fuseenergy,apply.workable.com/fuseenergy,1,kalil0321-ats-companies
fusion-professionals-pty-limited,apply.workable.com/fusion-professionals-pty-limited,1,kalil0321-ats-companies
fusionhitjobs,apply.workable.com/fusionhitjobs,1,kalil0321-ats-companies
fusionprofessionals,apply.workable.com/fusionprofessionals,1,kalil0321-ats-companies
futurae,apply.workable.com/futurae,1,kalil0321-ats-companies
future-advocacy,apply.workable.com/future-advocacy,1,kalil0321-ats-companies
future-colossal,apply.workable.com/future-colossal,1,outscal-openjobs
future-farm,apply.workable.com/future-farm,1,kalil0321-ats-companies
future-house-studios-llc,apply.workable.com/future-house-studios-llc,1,outscal-openjobs
futurelearn-ltd,apply.workable.com/futurelearn-ltd,1,kalil0321-ats-companies
futureplc,apply.workable.com/futureplc,1,kalil0321-ats-companies
futuresay,apply.workable.com/futuresay,1,kalil0321-ats-companies
futuresight,apply.workable.com/futuresight,1,kalil0321-ats-companies
futurex-1,apply.workable.com/futurex-1,2,ches-ctrl-cheddar;kalil0321-ats-companies
futurlab-ltd,apply.workable.com/futurlab-ltd,1,outscal-openjobs
fv-careers,apply.workable.com/fv-careers,1,kalil0321-ats-companies
fy,apply.workable.com/fy,1,kalil0321-ats-companies
fyxer-7,apply.workable.com/fyxer-7,1,kalil0321-ats-companies
g-20-advisors-ag,apply.workable.com/g-20-advisors-ag,1,kalil0321-ats-companies
g-mass,apply.workable.com/g-mass,1,kalil0321-ats-companies
gable,apply.workable.com/gable,1,kalil0321-ats-companies
gaggleamp,apply.workable.com/gaggleamp,1,kalil0321-ats-companies
galois,apply.workable.com/galois,1,kalil0321-ats-companies
gameanalytics-jobs,apply.workable.com/gameanalytics-jobs,1,outscal-openjobs
gamepires,apply.workable.com/gamepires,1,outscal-openjobs
gamesim-2,apply.workable.com/gamesim-2,1,outscal-openjobs
gamesquare,apply.workable.com/gamesquare,1,outscal-openjobs
gamigo,apply.workable.com/gamigo,2,kalil0321-ats-companies;outscal-openjobs
ganymede,apply.workable.com/ganymede,1,kalil0321-ats-companies
garmin-cluj,apply.workable.com/garmin-cluj,1,kalil0321-ats-companies
gathern,apply.workable.com/gathern,1,kalil0321-ats-companies
gbg,apply.workable.com/gbg,1,kalil0321-ats-companies
gci-health,apply.workable.com/gci-health,1,kalil0321-ats-companies
gearup2success-1,apply.workable.com/gearup2success-1,1,kalil0321-ats-companies
geissele-automatics-inc,apply.workable.com/geissele-automatics-inc,1,kalil0321-ats-companies
gelato-cloud,apply.workable.com/gelato-cloud,1,kalil0321-ats-companies
gemini-personnel-pte-ltd,apply.workable.com/gemini-personnel-pte-ltd,1,kalil0321-ats-companies
gemmo,apply.workable.com/gemmo,1,kalil0321-ats-companies
gemtechnologies,apply.workable.com/gemtechnologies,1,kalil0321-ats-companies
gene,apply.workable.com/gene,1,kalil0321-ats-companies
generation-uk,apply.workable.com/generation-uk,1,kalil0321-ats-companies
generationwv,apply.workable.com/generationwv,1,kalil0321-ats-companies
genesis-recruiting,apply.workable.com/genesis-recruiting,1,kalil0321-ats-companies
genesisortho,apply.workable.com/genesisortho,1,kalil0321-ats-companies
genetec-inc,apply.workable.com/genetec-inc,1,kalil0321-ats-companies
genlayer-labs,apply.workable.com/genlayer-labs,1,kalil0321-ats-companies
genplusgroup,apply.workable.com/genplusgroup,1,kalil0321-ats-companies
genusagencyai,apply.workable.com/genusagencyai,1,kalil0321-ats-companies
genvax-technologies,apply.workable.com/genvax-technologies,1,kalil0321-ats-companies
genz-ryan,apply.workable.com/genz-ryan,1,kalil0321-ats-companies
geodelphi,apply.workable.com/geodelphi,1,kalil0321-ats-companies
geomagical-labs,apply.workable.com/geomagical-labs,1,kalil0321-ats-companies
geoprobe,apply.workable.com/geoprobe,1,kalil0321-ats-companies
georgia-dept-of-corrections,apply.workable.com/georgia-dept-of-corrections,1,kalil0321-ats-companies
georgia-network-to-end-sexual-assault,apply.workable.com/georgia-network-to-end-sexual-assault,1,kalil0321-ats-companies
gerardsearch,apply.workable.com/gerardsearch,1,kalil0321-ats-companies
get-reliance-health,apply.workable.com/get-reliance-health,1,kalil0321-ats-companies
getbits,apply.workable.com/getbits,1,kalil0321-ats-companies
getellipsis,apply.workable.com/getellipsis,1,kalil0321-ats-companies
getenter,apply.workable.com/getenter,1,kalil0321-ats-companies
getequiem,apply.workable.com/getequiem,1,kalil0321-ats-companies
getir,apply.workable.com/getir,1,kalil0321-ats-companies
getolo,apply.workable.com/getolo,1,kalil0321-ats-companies
getonce,apply.workable.com/getonce,1,kalil0321-ats-companies
getresponse,apply.workable.com/getresponse,1,kalil0321-ats-companies
getservice,apply.workable.com/getservice,1,kalil0321-ats-companies
getsubstance,apply.workable.com/getsubstance,1,kalil0321-ats-companies
gft,apply.workable.com/gft,1,kalil0321-ats-companies
ggrc,apply.workable.com/ggrc,1,kalil0321-ats-companies
ghgsat,apply.workable.com/ghgsat,1,kalil0321-ats-companies
ghost-town-games,apply.workable.com/ghost-town-games,1,outscal-openjobs
giant-animation,apply.workable.com/giant-animation,1,outscal-openjobs
giant-pumpkin,apply.workable.com/giant-pumpkin,1,kalil0321-ats-companies
gig-6,apply.workable.com/gig-6,1,outscal-openjobs
gigabrands,apply.workable.com/gigabrands,1,kalil0321-ats-companies
gigmos,apply.workable.com/gigmos,1,kalil0321-ats-companies
gigs,apply.workable.com/gigs,1,kalil0321-ats-companies
ginetta,apply.workable.com/ginetta,1,kalil0321-ats-companies
girls-who-invest,apply.workable.com/girls-who-invest,1,kalil0321-ats-companies
giskard,apply.workable.com/giskard,1,kalil0321-ats-companies
github,apply.workable.com/github,1,kalil0321-ats-companies
giz-kamerun,apply.workable.com/giz-kamerun,1,kalil0321-ats-companies
gizmo,apply.workable.com/gizmo,1,kalil0321-ats-companies
glass-lewis-europe-limited,apply.workable.com/glass-lewis-europe-limited,1,kalil0321-ats-companies
gleamin,apply.workable.com/gleamin,1,kalil0321-ats-companies
glef,apply.workable.com/glef,1,kalil0321-ats-companies
glenveagh-properties-plc,apply.workable.com/glenveagh-properties-plc,1,kalil0321-ats-companies
glimpse-1,apply.workable.com/glimpse-1,1,ches-ctrl-cheddar
global-app-testing,apply.workable.com/global-app-testing,1,kalil0321-ats-companies
global-engineering-and-technology,apply.workable.com/global-engineering-and-technology,1,kalil0321-ats-companies
global-schools-forum,apply.workable.com/global-schools-forum,1,kalil0321-ats-companies
global-secure-3,apply.workable.com/global-secure-3,1,kalil0321-ats-companies
global-strategic,apply.workable.com/global-strategic,1,kalil0321-ats-companies
globaldllc,apply.workable.com/globaldllc,1,kalil0321-ats-companies
globalfinanceteams,apply.workable.com/globalfinanceteams,1,kalil0321-ats-companies
globalhealing,apply.workable.com/globalhealing,1,kalil0321-ats-companies
globalmedicalvirtualassistants,apply.workable.com/globalmedicalvirtualassistants,1,kalil0321-ats-companies
globalscape,apply.workable.com/globalscape,1,kalil0321-ats-companies
globalvision-careers,apply.workable.com/globalvision-careers,1,kalil0321-ats-companies
glorious,apply.workable.com/glorious,1,outscal-openjobs
glowmade-ltd,apply.workable.com/glowmade-ltd,1,outscal-openjobs
gobee-group,apply.workable.com/gobee-group,1,kalil0321-ats-companies
gofluent-1,apply.workable.com/gofluent-1,1,kalil0321-ats-companies
gofull-inc,apply.workable.com/gofull-inc,1,kalil0321-ats-companies
gogaga-holidays-pvt-ltd,apply.workable.com/gogaga-holidays-pvt-ltd,1,kalil0321-ats-companies
goglobal,apply.workable.com/goglobal,1,kalil0321-ats-companies
goin,apply.workable.com/goin,1,kalil0321-ats-companies
goldair-handling-s-dot-a,apply.workable.com/goldair-handling-s-dot-a,1,kalil0321-ats-companies
goldenline-1,apply.workable.com/goldenline-1,1,kalil0321-ats-companies
goleasy,apply.workable.com/goleasy,1,kalil0321-ats-companies
golfsuites,apply.workable.com/golfsuites,1,kalil0321-ats-companies
golftec1,apply.workable.com/golftec1,1,kalil0321-ats-companies
goliathgroup,apply.workable.com/goliathgroup,2,kalil0321-ats-companies;outscal-openjobs
golin,apply.workable.com/golin,1,kalil0321-ats-companies
gomining,apply.workable.com/gomining,1,kalil0321-ats-companies
goo,apply.workable.com/goo,1,kalil0321-ats-companies
goodhabitz,apply.workable.com/goodhabitz,1,kalil0321-ats-companies
goody,apply.workable.com/goody,1,kalil0321-ats-companies
goopti,apply.workable.com/goopti,1,kalil0321-ats-companies
goosechase,apply.workable.com/goosechase,1,kalil0321-ats-companies
goreel,apply.workable.com/goreel,2,kalil0321-ats-companies;outscal-openjobs
gorillas,apply.workable.com/gorillas,1,kalil0321-ats-companies
gotham-enterprises,apply.workable.com/gotham-enterprises,1,kalil0321-ats-companies
gotu-healthcare,apply.workable.com/gotu-healthcare,1,kalil0321-ats-companies
gouldand-ratner,apply.workable.com/gouldand-ratner,1,kalil0321-ats-companies
govx,apply.workable.com/govx,1,kalil0321-ats-companies
gram-games,apply.workable.com/gram-games,1,outscal-openjobs
gramian,apply.workable.com/gramian,1,kalil0321-ats-companies
granite-state-manufacturing,apply.workable.com/granite-state-manufacturing,1,kalil0321-ats-companies
grant-thornton-new-zealand,apply.workable.com/grant-thornton-new-zealand,1,kalil0321-ats-companies
grapevine-msp-technology-services,apply.workable.com/grapevine-msp-technology-services,1,kalil0321-ats-companies
graph-one,apply.workable.com/graph-one,1,kalil0321-ats-companies
grassrootscarbon,apply.workable.com/grassrootscarbon,1,kalil0321-ats-companies
gravity-payments-1,apply.workable.com/gravity-payments-1,1,kalil0321-ats-companies
grayce,apply.workable.com/grayce,1,kalil0321-ats-companies
graza,apply.workable.com/graza,1,kalil0321-ats-companies
great-northern-way-campus,apply.workable.com/great-northern-way-campus,1,kalil0321-ats-companies
greater-europe-mission,apply.workable.com/greater-europe-mission,1,kalil0321-ats-companies
greater-toronto-music-school,apply.workable.com/greater-toronto-music-school,1,kalil0321-ats-companies
green-genius,apply.workable.com/green-genius,1,kalil0321-ats-companies
green-man-gaming,apply.workable.com/green-man-gaming,2,kalil0321-ats-companies;outscal-openjobs
greenbacker-capital,apply.workable.com/greenbacker-capital,1,kalil0321-ats-companies
greenberg-larraby-inc-gli,apply.workable.com/greenberg-larraby-inc-gli,1,kalil0321-ats-companies
greenearth,apply.workable.com/greenearth,1,kalil0321-ats-companies
greenelibrary,apply.workable.com/greenelibrary,1,kalil0321-ats-companies
greenlife-healthcare-staffing-1,apply.workable.com/greenlife-healthcare-staffing-1,1,kalil0321-ats-companies
greenscreens-dot-a-i,apply.workable.com/greenscreens-dot-a-i,1,kalil0321-ats-companies
greentank,apply.workable.com/greentank,1,kalil0321-ats-companies
gregorys-food-service-group,apply.workable.com/gregorys-food-service-group,1,kalil0321-ats-companies
gresb,apply.workable.com/gresb,1,kalil0321-ats-companies
gresham,apply.workable.com/gresham,1,kalil0321-ats-companies
greycoatlumleys,apply.workable.com/greycoatlumleys,1,kalil0321-ats-companies
gridium,apply.workable.com/gridium,1,ches-ctrl-cheddar
gridlines,apply.workable.com/gridlines,1,kayden-vs-ats-finder
gridware,apply.workable.com/gridware,1,ches-ctrl-cheddar
griffinand-strong-pc,apply.workable.com/griffinand-strong-pc,1,kalil0321-ats-companies
grio,apply.workable.com/grio,1,kalil0321-ats-companies
grip-personal-training,apply.workable.com/grip-personal-training,1,kalil0321-ats-companies
gritter-francona,apply.workable.com/gritter-francona,1,kalil0321-ats-companies
groundfloor,apply.workable.com/groundfloor,1,kalil0321-ats-companies
groundtruth,apply.workable.com/groundtruth,1,kalil0321-ats-companies
growth-hub-consultants,apply.workable.com/growth-hub-consultants,1,kalil0321-ats-companies
growth-kitchen,apply.workable.com/growth-kitchen,1,kalil0321-ats-companies
growthcurve-ltd,apply.workable.com/growthcurve-ltd,1,kalil0321-ats-companies
growthpair,apply.workable.com/growthpair,1,kalil0321-ats-companies
growthwheel,apply.workable.com/growthwheel,1,kalil0321-ats-companies
growthx,apply.workable.com/growthx,1,kalil0321-ats-companies
growwr,apply.workable.com/growwr,1,kalil0321-ats-companies
grupago,apply.workable.com/grupago,1,kalil0321-ats-companies
grupo-medico-georgia,apply.workable.com/grupo-medico-georgia,1,kalil0321-ats-companies
gsstech-group,apply.workable.com/gsstech-group,1,kalil0321-ats-companies
gtech,apply.workable.com/gtech,1,kalil0321-ats-companies
guess-europe-sagl,apply.workable.com/guess-europe-sagl,1,kalil0321-ats-companies
guestwise,apply.workable.com/guestwise,1,kalil0321-ats-companies
gunnebo-entrance-control,apply.workable.com/gunnebo-entrance-control,1,kalil0321-ats-companies
gxe,apply.workable.com/gxe,1,kalil0321-ats-companies
gypsy,apply.workable.com/gypsy,1,kalil0321-ats-companies
gyroscope-therapeutics,apply.workable.com/gyroscope-therapeutics,1,kalil0321-ats-companies
h2-health,apply.workable.com/h2-health,1,kalil0321-ats-companies
habitat-learn-inc,apply.workable.com/habitat-learn-inc,1,kalil0321-ats-companies
hack-the-box-ltd,apply.workable.com/hack-the-box-ltd,1,kalil0321-ats-companies
hackajob,apply.workable.com/hackajob,1,kalil0321-ats-companies
hadley-designs,apply.workable.com/hadley-designs,1,kalil0321-ats-companies
haiqu-inc,apply.workable.com/haiqu-inc,1,kalil0321-ats-companies
hakluyt,apply.workable.com/hakluyt,1,kalil0321-ats-companies
halcyon-2,apply.workable.com/halcyon-2,1,kalil0321-ats-companies
hallson-hospitality,apply.workable.com/hallson-hospitality,1,kalil0321-ats-companies
halo-industries,apply.workable.com/halo-industries,1,kalil0321-ats-companies
halstead-management-company-llc,apply.workable.com/halstead-management-company-llc,1,kalil0321-ats-companies
hamiltonian-dynamics,apply.workable.com/hamiltonian-dynamics,1,kalil0321-ats-companies
hamptonhealthcare,apply.workable.com/hamptonhealthcare,1,kalil0321-ats-companies
handle-inc,apply.workable.com/handle-inc,1,kalil0321-ats-companies
hanmiglobal-saudi,apply.workable.com/hanmiglobal-saudi,1,kalil0321-ats-companies
hanna-interpreting-services-llc,apply.workable.com/hanna-interpreting-services-llc,1,kalil0321-ats-companies
happy-hour-games,apply.workable.com/happy-hour-games,1,kalil0321-ats-companies
happyday,apply.workable.com/happyday,1,kalil0321-ats-companies
happyfuncorp-1,apply.workable.com/happyfuncorp-1,1,kalil0321-ats-companies
harbrdata,apply.workable.com/harbrdata,1,kalil0321-ats-companies
hardestyand-hanover,apply.workable.com/hardestyand-hanover,1,kalil0321-ats-companies
hardsuit-labs-1,apply.workable.com/hardsuit-labs-1,1,outscal-openjobs
harlem-childrens-zone,apply.workable.com/harlem-childrens-zone,1,kalil0321-ats-companies
harmonic-fund-services,apply.workable.com/harmonic-fund-services,1,kalil0321-ats-companies
harmonic-security,apply.workable.com/harmonic-security,1,kalil0321-ats-companies
harmony-cloud-systems-pte-ltd,apply.workable.com/harmony-cloud-systems-pte-ltd,1,kalil0321-ats-companies
harvest,apply.workable.com/harvest,1,kalil0321-ats-companies
haus,apply.workable.com/haus,1,kalil0321-ats-companies
hawk-eye-innovations,apply.workable.com/hawk-eye-innovations,1,kalil0321-ats-companies
hayat-universal-school-hubs,apply.workable.com/hayat-universal-school-hubs,1,kalil0321-ats-companies
hayfin-capital-management,apply.workable.com/hayfin-capital-management,1,kalil0321-ats-companies
headquarters,apply.workable.com/headquarters,1,kalil0321-ats-companies
headworks-inc,apply.workable.com/headworks-inc,1,kalil0321-ats-companies
healingus-centers,apply.workable.com/healingus-centers,1,kalil0321-ats-companies
health-care-informed,apply.workable.com/health-care-informed,1,kalil0321-ats-companies
health-link-talent,apply.workable.com/health-link-talent,1,kalil0321-ats-companies
healthcare-central-london,apply.workable.com/healthcare-central-london,1,kalil0321-ats-companies
healthcare-management-administrators,apply.workable.com/healthcare-management-administrators,1,kalil0321-ats-companies
healthcorpsorg,apply.workable.com/healthcorpsorg,1,kalil0321-ats-companies
healthlink-dimensions-llc,apply.workable.com/healthlink-dimensions-llc,1,kalil0321-ats-companies
healthop-solutions,apply.workable.com/healthop-solutions,1,kalil0321-ats-companies
healthsnap,apply.workable.com/healthsnap,1,kalil0321-ats-companies
hearth-support-services,apply.workable.com/hearth-support-services,1,kalil0321-ats-companies
heartyyfresh,apply.workable.com/heartyyfresh,1,kalil0321-ats-companies
heavenhr,apply.workable.com/heavenhr,1,kalil0321-ats-companies
heavy-iron-studios,apply.workable.com/heavy-iron-studios,1,outscal-openjobs
hedepy,apply.workable.com/hedepy,1,kalil0321-ats-companies
hedgeserv-1,apply.workable.com/hedgeserv-1,1,kalil0321-ats-companies
hefring-engineering,apply.workable.com/hefring-engineering,1,kalil0321-ats-companies
helic-consultancy,apply.workable.com/helic-consultancy,1,kalil0321-ats-companies
helical,apply.workable.com/helical,1,kalil0321-ats-companies
hello-alice,apply.workable.com/hello-alice,1,kalil0321-ats-companies
hello-rache,apply.workable.com/hello-rache,1,kalil0321-ats-companies
hello-sunshine,apply.workable.com/hello-sunshine,1,kalil0321-ats-companies
hellobonsai,apply.workable.com/hellobonsai,1,kalil0321-ats-companies
help-scout,apply.workable.com/help-scout,1,kalil0321-ats-companies
helperheroes,apply.workable.com/helperheroes,1,kalil0321-ats-companies
helpflow,apply.workable.com/helpflow,1,kalil0321-ats-companies
helprise-1,apply.workable.com/helprise-1,1,kalil0321-ats-companies
hemana,apply.workable.com/hemana,1,kalil0321-ats-companies
hemispheredesignworks,apply.workable.com/hemispheredesignworks,1,kalil0321-ats-companies
hera-london,apply.workable.com/hera-london,1,kalil0321-ats-companies
heraklion-international-airport,apply.workable.com/heraklion-international-airport,1,kalil0321-ats-companies
hermeneutic,apply.workable.com/hermeneutic,1,kalil0321-ats-companies
hertilityhealth,apply.workable.com/hertilityhealth,1,kalil0321-ats-companies
heska-corporation,apply.workable.com/heska-corporation,1,kalil0321-ats-companies
hexagon-recruitment-partners-ltd,apply.workable.com/hexagon-recruitment-partners-ltd,1,kalil0321-ats-companies
hextrust,apply.workable.com/hextrust,1,kalil0321-ats-companies
hgc,apply.workable.com/hgc,1,kalil0321-ats-companies
hi-jobs,apply.workable.com/hi-jobs,1,kalil0321-ats-companies
hialtitudebrands,apply.workable.com/hialtitudebrands,1,kalil0321-ats-companies
hicx-solutions,apply.workable.com/hicx-solutions,1,kalil0321-ats-companies
hiddenvalleyorchards,apply.workable.com/hiddenvalleyorchards,1,kalil0321-ats-companies
high-end-hiring-3,apply.workable.com/high-end-hiring-3,1,kalil0321-ats-companies
high-street-resources,apply.workable.com/high-street-resources,1,kalil0321-ats-companies
high-time-foods,apply.workable.com/high-time-foods,1,kalil0321-ats-companies
high-voltage-software,apply.workable.com/high-voltage-software,1,outscal-openjobs
highbridgecareers,apply.workable.com/highbridgecareers,1,kalil0321-ats-companies
higher-learning-commission,apply.workable.com/higher-learning-commission,1,kalil0321-ats-companies
highland-spring-group,apply.workable.com/highland-spring-group,1,kalil0321-ats-companies
highview-power,apply.workable.com/highview-power,1,kalil0321-ats-companies
hike,apply.workable.com/hike,2,kalil0321-ats-companies;outscal-openjobs
hilbert-investment-solutions,apply.workable.com/hilbert-investment-solutions,1,kalil0321-ats-companies
hilobyaktiia,apply.workable.com/hilobyaktiia,1,kalil0321-ats-companies
hindmanagement,apply.workable.com/hindmanagement,1,kalil0321-ats-companies
hint,apply.workable.com/hint,1,kalil0321-ats-companies
hippo-digital,apply.workable.com/hippo-digital,1,kalil0321-ats-companies
hipvan-pte-ltd,apply.workable.com/hipvan-pte-ltd,1,kalil0321-ats-companies
hire-with-reef,apply.workable.com/hire-with-reef,1,kalil0321-ats-companies
hirefellows,apply.workable.com/hirefellows,1,kalil0321-ats-companies
hireframe,apply.workable.com/hireframe,1,kalil0321-ats-companies
hirehawk,apply.workable.com/hirehawk,1,kalil0321-ats-companies
hireio-inc,apply.workable.com/hireio-inc,1,kalil0321-ats-companies
hiring-street-1,apply.workable.com/hiring-street-1,1,kalil0321-ats-companies
hirotec-america,apply.workable.com/hirotec-america,1,kalil0321-ats-companies
hirsch,apply.workable.com/hirsch,1,kalil0321-ats-companies
hitch-careers,apply.workable.com/hitch-careers,1,kalil0321-ats-companies
hive-healthcare,apply.workable.com/hive-healthcare,1,kalil0321-ats-companies
hmlet,apply.workable.com/hmlet,1,kalil0321-ats-companies
hmtx-industries,apply.workable.com/hmtx-industries,1,kalil0321-ats-companies
hoares-bank,apply.workable.com/hoares-bank,1,kalil0321-ats-companies
hog-technologies,apply.workable.com/hog-technologies,1,kalil0321-ats-companies
hokali,apply.workable.com/hokali,1,kalil0321-ats-companies
holiday-extras,apply.workable.com/holiday-extras,1,kalil0321-ats-companies
homa-games,apply.workable.com/homa-games,2,kalil0321-ats-companies;outscal-openjobs
home365,apply.workable.com/home365,1,kalil0321-ats-companies
homebuddy,apply.workable.com/homebuddy,1,kalil0321-ats-companies
homeprotect,apply.workable.com/homeprotect,1,kalil0321-ats-companies
homey,apply.workable.com/homey,1,kalil0321-ats-companies
honda-indy-toronto,apply.workable.com/honda-indy-toronto,1,kalil0321-ats-companies
honest-networks,apply.workable.com/honest-networks,1,kalil0321-ats-companies
hookbang,apply.workable.com/hookbang,1,kalil0321-ats-companies
hoplabs,apply.workable.com/hoplabs,1,kalil0321-ats-companies
horizon-brands-group,apply.workable.com/horizon-brands-group,1,kalil0321-ats-companies
horizontal-digital,apply.workable.com/horizontal-digital,1,kalil0321-ats-companies
hosco,apply.workable.com/hosco,1,kalil0321-ats-companies
hospitable,apply.workable.com/hospitable,1,kalil0321-ats-companies
hourly,apply.workable.com/hourly,1,kalil0321-ats-companies
houseful,apply.workable.com/houseful,1,kalil0321-ats-companies
housingplus-inc,apply.workable.com/housingplus-inc,1,kalil0321-ats-companies
houst,apply.workable.com/houst,1,kalil0321-ats-companies
houston-behavioral-healthcare-hospital,apply.workable.com/houston-behavioral-healthcare-hospital,1,kalil0321-ats-companies
houston-properties-team,apply.workable.com/houston-properties-team,1,kalil0321-ats-companies
hownow,apply.workable.com/hownow,1,kalil0321-ats-companies
howso,apply.workable.com/howso,1,kalil0321-ats-companies
hr-force,apply.workable.com/hr-force,1,kalil0321-ats-companies
hr-studio,apply.workable.com/hr-studio,1,kalil0321-ats-companies
hrfactory-lithuania,apply.workable.com/hrfactory-lithuania,1,kalil0321-ats-companies
hrinc-cambodia-co-dot-ltd,apply.workable.com/hrinc-cambodia-co-dot-ltd,1,kalil0321-ats-companies
hsi-1,apply.workable.com/hsi-1,1,kalil0321-ats-companies
hso,apply.workable.com/hso,1,kalil0321-ats-companies
huawei-16,apply.workable.com/huawei-16,1,kalil0321-ats-companies
huawei-telekomunikasyon-dis-ticaret-ltd,apply.workable.com/huawei-telekomunikasyon-dis-ticaret-ltd,1,kalil0321-ats-companies
hubb-inc,apply.workable.com/hubb-inc,1,kalil0321-ats-companies
hubble,apply.workable.com/hubble,1,kalil0321-ats-companies
hubtype,apply.workable.com/hubtype,1,kalil0321-ats-companies
huckberry,apply.workable.com/huckberry,1,kalil0321-ats-companies
huckletree,apply.workable.com/huckletree,1,kalil0321-ats-companies
hudabeauty,apply.workable.com/hudabeauty,1,kalil0321-ats-companies
hudson-data,apply.workable.com/hudson-data,1,kalil0321-ats-companies
hugging-face,apply.workable.com/hugging-face,1,kalil0321-ats-companies
huggingface,apply.workable.com/huggingface,4,career-ops;jobwatcher;kalil0321-ats-companies;outscal-openjobs
human-intelligence,apply.workable.com/human-intelligence,1,kalil0321-ats-companies
humanitarianxp,apply.workable.com/humanitarianxp,1,kalil0321-ats-companies
humanmade,apply.workable.com/humanmade,1,kalil0321-ats-companies
humara-2,apply.workable.com/humara-2,1,kalil0321-ats-companies
humi,apply.workable.com/humi,1,kalil0321-ats-companies
hummingbird-technologies-ltd,apply.workable.com/hummingbird-technologies-ltd,1,kalil0321-ats-companies
hunt-st,apply.workable.com/hunt-st,1,kalil0321-ats-companies
hustler-marketing,apply.workable.com/hustler-marketing,1,kalil0321-ats-companies
hutch,apply.workable.com/hutch,2,kalil0321-ats-companies;outscal-openjobs
hutong-school-5,apply.workable.com/hutong-school-5,1,kalil0321-ats-companies
huzzle,apply.workable.com/huzzle,1,kalil0321-ats-companies
hybrid-holdings-pty-ltd,apply.workable.com/hybrid-holdings-pty-ltd,1,kalil0321-ats-companies
hydrosat,apply.workable.com/hydrosat,1,kalil0321-ats-companies
hypemasters,apply.workable.com/hypemasters,1,outscal-openjobs
hyperlab,apply.workable.com/hyperlab,1,outscal-openjobs
hyperlight,apply.workable.com/hyperlight,1,kalil0321-ats-companies
hyperon,apply.workable.com/hyperon,1,kalil0321-ats-companies
hyperverge,apply.workable.com/hyperverge,1,kalil0321-ats-companies
hyu,apply.workable.com/hyu,1,kalil0321-ats-companies
i-tekton-private-company,apply.workable.com/i-tekton-private-company,1,kalil0321-ats-companies
iapwe,apply.workable.com/iapwe,1,kalil0321-ats-companies
iasociety,apply.workable.com/iasociety,1,kalil0321-ats-companies
iav-automotive-engineering,apply.workable.com/iav-automotive-engineering,1,kalil0321-ats-companies
ib3-global-solutions,apply.workable.com/ib3-global-solutions,1,kalil0321-ats-companies
ibmcid,apply.workable.com/ibmcid,1,kalil0321-ats-companies
icarda,apply.workable.com/icarda,1,kalil0321-ats-companies
icast,apply.workable.com/icast,1,kalil0321-ats-companies
icbd-holdings,apply.workable.com/icbd-holdings,1,kalil0321-ats-companies
iceye,apply.workable.com/iceye,2,ches-ctrl-cheddar;kalil0321-ats-companies
icimod,apply.workable.com/icimod,1,kalil0321-ats-companies
icmp-6,apply.workable.com/icmp-6,1,kalil0321-ats-companies
icona-resorts,apply.workable.com/icona-resorts,1,kalil0321-ats-companies
ide-global,apply.workable.com/ide-global,1,kalil0321-ats-companies
idea-entity,apply.workable.com/idea-entity,1,kalil0321-ats-companies
ideali,apply.workable.com/ideali,1,kalil0321-ats-companies
ideatorsrecruiting,apply.workable.com/ideatorsrecruiting,1,kalil0321-ats-companies
identiv,apply.workable.com/identiv,1,kalil0321-ats-companies
idex,apply.workable.com/idex,1,kalil0321-ats-companies
idoven,apply.workable.com/idoven,1,kalil0321-ats-companies
ids-engineering-group,apply.workable.com/ids-engineering-group,1,kalil0321-ats-companies
ieso,apply.workable.com/ieso,1,kalil0321-ats-companies
ifast-global-bank-ltd,apply.workable.com/ifast-global-bank-ltd,1,kalil0321-ats-companies
igate-technologies,apply.workable.com/igate-technologies,1,kalil0321-ats-companies
igenius,apply.workable.com/igenius,1,kalil0321-ats-companies
iglooinsure,apply.workable.com/iglooinsure,1,kalil0321-ats-companies
ignite-33,apply.workable.com/ignite-33,1,kalil0321-ats-companies
ihateironing,apply.workable.com/ihateironing,1,kalil0321-ats-companies
iita,apply.workable.com/iita,1,kalil0321-ats-companies
ikan,apply.workable.com/ikan,1,kalil0321-ats-companies
ileg,apply.workable.com/ileg,1,kalil0321-ats-companies
iliad-partners,apply.workable.com/iliad-partners,1,kalil0321-ats-companies
illuma-technology,apply.workable.com/illuma-technology,1,kalil0321-ats-companies
illuminating-asia-sg-pte-ltd,apply.workable.com/illuminating-asia-sg-pte-ltd,1,kalil0321-ats-companies
ilo,apply.workable.com/ilo,1,kalil0321-ats-companies
imachines,apply.workable.com/imachines,1,kalil0321-ats-companies
imagine-io,apply.workable.com/imagine-io,1,outscal-openjobs
imandra,apply.workable.com/imandra,1,kalil0321-ats-companies
imarketglobal-inc,apply.workable.com/imarketglobal-inc,1,kalil0321-ats-companies
imarketing,apply.workable.com/imarketing,1,kalil0321-ats-companies
imimobile-pvt-ltd,apply.workable.com/imimobile-pvt-ltd,1,kalil0321-ats-companies
immediate-media-co,apply.workable.com/immediate-media-co,1,kalil0321-ats-companies
immidi,apply.workable.com/immidi,1,kalil0321-ats-companies
immigrant-invest-2,apply.workable.com/immigrant-invest-2,1,kalil0321-ats-companies
impact-clients,apply.workable.com/impact-clients,1,kalil0321-ats-companies
impact-digital-group-inc,apply.workable.com/impact-digital-group-inc,1,kalil0321-ats-companies
impact-theory,apply.workable.com/impact-theory,2,kalil0321-ats-companies;outscal-openjobs
impactual-llc,apply.workable.com/impactual-llc,1,kalil0321-ats-companies
ims,apply.workable.com/ims,1,kalil0321-ats-companies
inautalent,apply.workable.com/inautalent,1,kalil0321-ats-companies
inbox-business-technologies,apply.workable.com/inbox-business-technologies,1,kalil0321-ats-companies
indeavor,apply.workable.com/indeavor,1,kalil0321-ats-companies
indebted,apply.workable.com/indebted,1,kalil0321-ats-companies
indelivery,apply.workable.com/indelivery,1,kalil0321-ats-companies
index-4,apply.workable.com/index-4,1,kalil0321-ats-companies
indice,apply.workable.com/indice,1,kalil0321-ats-companies
indigo-solutions-group,apply.workable.com/indigo-solutions-group,1,kalil0321-ats-companies
indikodata,apply.workable.com/indikodata,1,kalil0321-ats-companies
indra-park-air,apply.workable.com/indra-park-air,1,kalil0321-ats-companies
infini-capital-management-limited,apply.workable.com/infini-capital-management-limited,1,kalil0321-ats-companies
infinitereality,apply.workable.com/infinitereality,1,outscal-openjobs
influencemap,apply.workable.com/influencemap,1,kalil0321-ats-companies
influencer-marketing-factory,apply.workable.com/influencer-marketing-factory,1,kalil0321-ats-companies
infomineo,apply.workable.com/infomineo,1,kalil0321-ats-companies
infosum,apply.workable.com/infosum,1,kalil0321-ats-companies
infosys-consulting-europe,apply.workable.com/infosys-consulting-europe,1,kalil0321-ats-companies
infosys-singaporeand-australia,apply.workable.com/infosys-singaporeand-australia,1,kalil0321-ats-companies
infotek-consulting,apply.workable.com/infotek-consulting,1,kalil0321-ats-companies
infotrack-us,apply.workable.com/infotrack-us,1,kalil0321-ats-companies
infuse-it,apply.workable.com/infuse-it,1,kalil0321-ats-companies
inivos,apply.workable.com/inivos,1,kalil0321-ats-companies
inj-partners-1,apply.workable.com/inj-partners-1,1,kalil0321-ats-companies
ink,apply.workable.com/ink,1,kalil0321-ats-companies
inkomoko,apply.workable.com/inkomoko,1,kalil0321-ats-companies
inland-companies,apply.workable.com/inland-companies,1,kalil0321-ats-companies
inmotion,apply.workable.com/inmotion,1,kalil0321-ats-companies
inmusic-1,apply.workable.com/inmusic-1,1,kalil0321-ats-companies
innocence-project,apply.workable.com/innocence-project,1,kalil0321-ats-companies
innopeaktech,apply.workable.com/innopeaktech,1,kalil0321-ats-companies
innovaccer-analytics,apply.workable.com/innovaccer-analytics,1,kalil0321-ats-companies
innovapoint-infotech-pvt-ltd,apply.workable.com/innovapoint-infotech-pvt-ltd,1,kalil0321-ats-companies
innovative-rocket-technologies-inc,apply.workable.com/innovative-rocket-technologies-inc,1,kalil0321-ats-companies
innovature-bpo-2,apply.workable.com/innovature-bpo-2,1,kalil0321-ats-companies
innowell,apply.workable.com/innowell,1,kalil0321-ats-companies
inns-of-aurora,apply.workable.com/inns-of-aurora,1,kalil0321-ats-companies
inos-hellas-sa,apply.workable.com/inos-hellas-sa,1,kalil0321-ats-companies
inshur,apply.workable.com/inshur,1,kalil0321-ats-companies
inside-real-estate,apply.workable.com/inside-real-estate,1,kalil0321-ats-companies
inside-sales-solutions,apply.workable.com/inside-sales-solutions,1,kalil0321-ats-companies
insidersecurity,apply.workable.com/insidersecurity,1,kalil0321-ats-companies
insight-investment,apply.workable.com/insight-investment,1,kalil0321-ats-companies
insignis,apply.workable.com/insignis,1,kalil0321-ats-companies
inspiroz1,apply.workable.com/inspiroz1,1,kalil0321-ats-companies
instagram,apply.workable.com/instagram,1,kalil0321-ats-companies
installation-made-easy,apply.workable.com/installation-made-easy,1,kalil0321-ats-companies
instanda,apply.workable.com/instanda,1,kalil0321-ats-companies
instant-underwriting,apply.workable.com/instant-underwriting,1,kalil0321-ats-companies
instashowing-inc,apply.workable.com/instashowing-inc,1,kalil0321-ats-companies
integral-2,apply.workable.com/integral-2,1,ches-ctrl-cheddar
integral-resources-llc,apply.workable.com/integral-resources-llc,1,kalil0321-ats-companies
integralgroup,apply.workable.com/integralgroup,1,kalil0321-ats-companies
integrant,apply.workable.com/integrant,2,kalil0321-ats-companies;outscal-openjobs
integritym,apply.workable.com/integritym,1,kalil0321-ats-companies
intellatriage,apply.workable.com/intellatriage,1,kalil0321-ats-companies
intellecthq,apply.workable.com/intellecthq,1,kalil0321-ats-companies
intellectsoft,apply.workable.com/intellectsoft,1,kalil0321-ats-companies
intelligentchange,apply.workable.com/intelligentchange,1,kalil0321-ats-companies
intelligo-group,apply.workable.com/intelligo-group,1,kalil0321-ats-companies
intellishift,apply.workable.com/intellishift,1,kalil0321-ats-companies
inter-island-manpower-pte-ltd,apply.workable.com/inter-island-manpower-pte-ltd,1,kalil0321-ats-companies
interactive-investor,apply.workable.com/interactive-investor,1,kalil0321-ats-companies
interactivestrategies,apply.workable.com/interactivestrategies,1,kalil0321-ats-companies
interapt,apply.workable.com/interapt,1,kalil0321-ats-companies
intercloud,apply.workable.com/intercloud,1,kalil0321-ats-companies
interlaced,apply.workable.com/interlaced,1,kalil0321-ats-companies
international-water-management-institute,apply.workable.com/international-water-management-institute,1,kalil0321-ats-companies
interocean,apply.workable.com/interocean,1,kalil0321-ats-companies
interpath-advisory,apply.workable.com/interpath-advisory,1,kalil0321-ats-companies
intersec-group,apply.workable.com/intersec-group,1,kalil0321-ats-companies
intersog-na,apply.workable.com/intersog-na,1,kalil0321-ats-companies
intertek,apply.workable.com/intertek,1,kalil0321-ats-companies
intracom-defense,apply.workable.com/intracom-defense,1,kalil0321-ats-companies
intracom-telecom-2,apply.workable.com/intracom-telecom-2,1,kalil0321-ats-companies
intropic,apply.workable.com/intropic,1,kalil0321-ats-companies
intuita-consulting,apply.workable.com/intuita-consulting,1,kalil0321-ats-companies
investnext,apply.workable.com/investnext,2,ches-ctrl-cheddar;kalil0321-ats-companies
invisionai,apply.workable.com/invisionai,1,kalil0321-ats-companies
invygo,apply.workable.com/invygo,1,kalil0321-ats-companies
io-global,apply.workable.com/io-global,2,andreasasprou-ats-finder;kalil0321-ats-companies
ioby,apply.workable.com/ioby,1,ches-ctrl-cheddar
ionenergy,apply.workable.com/ionenergy,1,cswala-awesome-career-pages
ipconfigure,apply.workable.com/ipconfigure,1,kalil0321-ats-companies
ipex,apply.workable.com/ipex,1,kalil0321-ats-companies
ipid,apply.workable.com/ipid,1,kalil0321-ats-companies
ipssec,apply.workable.com/ipssec,1,kalil0321-ats-companies
ipullrank,apply.workable.com/ipullrank,2,ches-ctrl-cheddar;kalil0321-ats-companies
irice-and-company,apply.workable.com/irice-and-company,1,kalil0321-ats-companies
ironhack,apply.workable.com/ironhack,1,kalil0321-ats-companies
ironwear,apply.workable.com/ironwear,1,kalil0321-ats-companies
irtcareers,apply.workable.com/irtcareers,1,kalil0321-ats-companies
irth-solutions,apply.workable.com/irth-solutions,1,kalil0321-ats-companies
is,apply.workable.com/is,1,kalil0321-ats-companies
is-international-services,apply.workable.com/is-international-services,1,kalil0321-ats-companies
ischool,apply.workable.com/ischool,1,kalil0321-ats-companies
islacare,apply.workable.com/islacare,1,kalil0321-ats-companies
isotron-ai,apply.workable.com/isotron-ai,1,kalil0321-ats-companies
ista-2,apply.workable.com/ista-2,1,kalil0321-ats-companies
istorima,apply.workable.com/istorima,1,kalil0321-ats-companies
it1,apply.workable.com/it1,1,kalil0321-ats-companies
itac-1,apply.workable.com/itac-1,1,kalil0321-ats-companies
ite-mgmt,apply.workable.com/ite-mgmt,1,kalil0321-ats-companies
itechscope-3,apply.workable.com/itechscope-3,1,kalil0321-ats-companies
itecor,apply.workable.com/itecor,1,kalil0321-ats-companies
itg,apply.workable.com/itg,1,kalil0321-ats-companies
ithaca-hummus,apply.workable.com/ithaca-hummus,1,kalil0321-ats-companies
itsacheckmate-dot-com,apply.workable.com/itsacheckmate-dot-com,1,kalil0321-ats-companies
itselectric,apply.workable.com/itselectric,1,kalil0321-ats-companies
itsprettyhair,apply.workable.com/itsprettyhair,1,kalil0321-ats-companies
iv-ai,apply.workable.com/iv-ai,1,kalil0321-ats-companies
ivy-energy,apply.workable.com/ivy-energy,1,ches-ctrl-cheddar
j-blanton-plumbing,apply.workable.com/j-blanton-plumbing,1,kalil0321-ats-companies
jaan-health-inc,apply.workable.com/jaan-health-inc,1,kalil0321-ats-companies
jackbox-games,apply.workable.com/jackbox-games,2,kalil0321-ats-companies;outscal-openjobs
jackwills,apply.workable.com/jackwills,1,kalil0321-ats-companies
jacobian,apply.workable.com/jacobian,1,kalil0321-ats-companies
jacuzzi-group,apply.workable.com/jacuzzi-group,1,kalil0321-ats-companies
jadeclass-education,apply.workable.com/jadeclass-education,1,kalil0321-ats-companies
jaded-london-2,apply.workable.com/jaded-london-2,1,kalil0321-ats-companies
jagex-limited,apply.workable.com/jagex-limited,2,kalil0321-ats-companies;outscal-openjobs
jainam-technologies-pvt-ltd,apply.workable.com/jainam-technologies-pvt-ltd,1,kalil0321-ats-companies
jalasoft,apply.workable.com/jalasoft,1,kalil0321-ats-companies
jam-4,apply.workable.com/jam-4,1,kalil0321-ats-companies
james-allen,apply.workable.com/james-allen,1,kalil0321-ats-companies
james-s-mcdonnell-foundation,apply.workable.com/james-s-mcdonnell-foundation,1,kalil0321-ats-companies
janes,apply.workable.com/janes,1,kalil0321-ats-companies
jarilo-design,apply.workable.com/jarilo-design,1,kalil0321-ats-companies
jasarapmc,apply.workable.com/jasarapmc,1,kalil0321-ats-companies
javelin-global-commodities,apply.workable.com/javelin-global-commodities,1,kalil0321-ats-companies
javelot,apply.workable.com/javelot,1,kalil0321-ats-companies
jcc-greater-boston,apply.workable.com/jcc-greater-boston,1,kalil0321-ats-companies
jeenka,apply.workable.com/jeenka,1,kalil0321-ats-companies
jeeny,apply.workable.com/jeeny,1,kalil0321-ats-companies
jeffreym-consulting,apply.workable.com/jeffreym-consulting,1,kalil0321-ats-companies
jehlum,apply.workable.com/jehlum,1,kalil0321-ats-companies
jellyfish-group-ltd,apply.workable.com/jellyfish-group-ltd,1,kalil0321-ats-companies
jellyfish-pictures-ltd,apply.workable.com/jellyfish-pictures-ltd,2,kalil0321-ats-companies;outscal-openjobs
jenzabar1,apply.workable.com/jenzabar1,1,kalil0321-ats-companies
jerry,apply.workable.com/jerry,1,kalil0321-ats-companies
jiffyshirts,apply.workable.com/jiffyshirts,1,kalil0321-ats-companies
jigsaw-xyz,apply.workable.com/jigsaw-xyz,1,kalil0321-ats-companies
jitbase,apply.workable.com/jitbase,1,kalil0321-ats-companies
jj-buckley,apply.workable.com/jj-buckley,1,kalil0321-ats-companies
jmac-lending,apply.workable.com/jmac-lending,1,kalil0321-ats-companies
jmp-group,apply.workable.com/jmp-group,1,kalil0321-ats-companies
job-bridge-global-1,apply.workable.com/job-bridge-global-1,1,kalil0321-ats-companies
jobble-4,apply.workable.com/jobble-4,1,kalil0321-ats-companies
jobboardfire,apply.workable.com/jobboardfire,1,kalil0321-ats-companies
jobgether,apply.workable.com/jobgether,1,kalil0321-ats-companies
jobicy,apply.workable.com/jobicy,1,kalil0321-ats-companies
jobint-1,apply.workable.com/jobint-1,1,kalil0321-ats-companies
jobrack,apply.workable.com/jobrack,1,kalil0321-ats-companies
jobspot-2,apply.workable.com/jobspot-2,1,kalil0321-ats-companies
jobssomewhere,apply.workable.com/jobssomewhere,1,kalil0321-ats-companies
jobsxillium,apply.workable.com/jobsxillium,1,kalil0321-ats-companies
joey-restaurants-1,apply.workable.com/joey-restaurants-1,1,kalil0321-ats-companies
john-brooks-company,apply.workable.com/john-brooks-company,1,kalil0321-ats-companies
johnson-electric-4,apply.workable.com/johnson-electric-4,1,kalil0321-ats-companies
join-dahmakan,apply.workable.com/join-dahmakan,1,kalil0321-ats-companies
joinblink,apply.workable.com/joinblink,1,kalil0321-ats-companies
joincheckmate1,apply.workable.com/joincheckmate1,1,kalil0321-ats-companies
joingenius,apply.workable.com/joingenius,1,kalil0321-ats-companies
joinmakropro,apply.workable.com/joinmakropro,1,kalil0321-ats-companies
jomboy-media,apply.workable.com/jomboy-media,1,kalil0321-ats-companies
jon-ossoff-for-senate,apply.workable.com/jon-ossoff-for-senate,1,kalil0321-ats-companies
jones-knowles-ritchie,apply.workable.com/jones-knowles-ritchie,1,kalil0321-ats-companies
joomag,apply.workable.com/joomag,1,kalil0321-ats-companies
joor,apply.workable.com/joor,1,kalil0321-ats-companies
joramco,apply.workable.com/joramco,1,kalil0321-ats-companies
joss-search,apply.workable.com/joss-search,1,kalil0321-ats-companies
journey-beyond,apply.workable.com/journey-beyond,1,kalil0321-ats-companies
journeylive,apply.workable.com/journeylive,1,kalil0321-ats-companies
jump450,apply.workable.com/jump450,1,kalil0321-ats-companies
junglee-games,apply.workable.com/junglee-games,2,kalil0321-ats-companies;outscal-openjobs
junobio,apply.workable.com/junobio,1,kalil0321-ats-companies
just-inspire-hospitality-and-event-management,apply.workable.com/just-inspire-hospitality-and-event-management,1,kalil0321-ats-companies
justvision,apply.workable.com/justvision,1,kalil0321-ats-companies
k-id,apply.workable.com/k-id,1,outscal-openjobs
k1x,apply.workable.com/k1x,1,kalil0321-ats-companies
k2d-strategies,apply.workable.com/k2d-strategies,1,kalil0321-ats-companies
k3btg,apply.workable.com/k3btg,1,kalil0321-ats-companies
kahoot,apply.workable.com/kahoot,1,kalil0321-ats-companies
kahunaworkforce,apply.workable.com/kahunaworkforce,1,kalil0321-ats-companies
kaizenams,apply.workable.com/kaizenams,1,kalil0321-ats-companies
kaliber-asia-sg,apply.workable.com/kaliber-asia-sg,1,kalil0321-ats-companies
kanopi,apply.workable.com/kanopi,2,ches-ctrl-cheddar;kalil0321-ats-companies
kantox,apply.workable.com/kantox,2,ches-ctrl-cheddar;kalil0321-ats-companies
kara-inc,apply.workable.com/kara-inc,1,ches-ctrl-cheddar
karohealthcare,apply.workable.com/karohealthcare,1,kalil0321-ats-companies
kartu-prakerja,apply.workable.com/kartu-prakerja,1,kalil0321-ats-companies
kaseware-inc,apply.workable.com/kaseware-inc,1,kalil0321-ats-companies
katalyst-fitness,apply.workable.com/katalyst-fitness,1,kalil0321-ats-companies
kate-farms,apply.workable.com/kate-farms,1,kalil0321-ats-companies
kaufmanrossin,apply.workable.com/kaufmanrossin,1,kalil0321-ats-companies
kayali,apply.workable.com/kayali,1,kalil0321-ats-companies
kayaventures,apply.workable.com/kayaventures,1,kalil0321-ats-companies
kaynecapital,apply.workable.com/kaynecapital,1,kalil0321-ats-companies
kda-consulting,apply.workable.com/kda-consulting,1,kalil0321-ats-companies
keepersecurity,apply.workable.com/keepersecurity,1,kalil0321-ats-companies
keepsafe,apply.workable.com/keepsafe,1,kalil0321-ats-companies
keepthinking,apply.workable.com/keepthinking,1,kalil0321-ats-companies
keller-executive-search,apply.workable.com/keller-executive-search,1,kalil0321-ats-companies
kenai-therapeutics,apply.workable.com/kenai-therapeutics,1,kalil0321-ats-companies
kentro,apply.workable.com/kentro,1,kalil0321-ats-companies
keragon,apply.workable.com/keragon,1,kalil0321-ats-companies
kestra-medical-technologies-inc,apply.workable.com/kestra-medical-technologies-inc,1,kalil0321-ats-companies
kettle-2,apply.workable.com/kettle-2,2,ches-ctrl-cheddar;kalil0321-ats-companies
kettle-and-fire,apply.workable.com/kettle-and-fire,1,kalil0321-ats-companies
kettler,apply.workable.com/kettler,1,kalil0321-ats-companies
keybee-hosting,apply.workable.com/keybee-hosting,1,kalil0321-ats-companies
keycafe,apply.workable.com/keycafe,1,kalil0321-ats-companies
keydrop,apply.workable.com/keydrop,1,outscal-openjobs
keylane,apply.workable.com/keylane,1,kalil0321-ats-companies
keywords-intl1,apply.workable.com/keywords-intl1,2,kalil0321-ats-companies;outscal-openjobs
kgs-technology-group-inc,apply.workable.com/kgs-technology-group-inc,1,kalil0321-ats-companies
kheironmed,apply.workable.com/kheironmed,1,kalil0321-ats-companies
khibraty,apply.workable.com/khibraty,1,kalil0321-ats-companies
ki-insurance,apply.workable.com/ki-insurance,1,kalil0321-ats-companies
kibo-ventures-3,apply.workable.com/kibo-ventures-3,1,kalil0321-ats-companies
kibo-ventures-4,apply.workable.com/kibo-ventures-4,1,kalil0321-ats-companies
kickr-design,apply.workable.com/kickr-design,1,kalil0321-ats-companies
kidadl,apply.workable.com/kidadl,1,kalil0321-ats-companies
kidoschools,apply.workable.com/kidoschools,1,kalil0321-ats-companies
kihomac,apply.workable.com/kihomac,1,kalil0321-ats-companies
kindredcareers,apply.workable.com/kindredcareers,1,kalil0321-ats-companies
kinetic-investments,apply.workable.com/kinetic-investments,1,kalil0321-ats-companies
kingdom-homes,apply.workable.com/kingdom-homes,1,kalil0321-ats-companies
kingmaker-limited,apply.workable.com/kingmaker-limited,1,kalil0321-ats-companies
kingmakers,apply.workable.com/kingmakers,1,kalil0321-ats-companies
kingsisle-entertainment-inc,apply.workable.com/kingsisle-entertainment-inc,1,outscal-openjobs
kingsleymanagement,apply.workable.com/kingsleymanagement,1,kalil0321-ats-companies
kinsta,apply.workable.com/kinsta,1,kalil0321-ats-companies
kitman,apply.workable.com/kitman,1,kalil0321-ats-companies
kitopi,apply.workable.com/kitopi,1,kalil0321-ats-companies
kitt,apply.workable.com/kitt,1,kalil0321-ats-companies
kixie,apply.workable.com/kixie,1,kalil0321-ats-companies
klass-capital,apply.workable.com/klass-capital,1,kalil0321-ats-companies
klearly,apply.workable.com/klearly,1,kalil0321-ats-companies
kleen-test-products,apply.workable.com/kleen-test-products,1,kalil0321-ats-companies
klm-careers-3,apply.workable.com/klm-careers-3,1,kalil0321-ats-companies
knok,apply.workable.com/knok,1,kalil0321-ats-companies
knowhirematch,apply.workable.com/knowhirematch,1,kalil0321-ats-companies
knowhirematch-1,apply.workable.com/knowhirematch-1,1,kalil0321-ats-companies
knowledgefutures,apply.workable.com/knowledgefutures,1,kalil0321-ats-companies
koala,apply.workable.com/koala,1,kalil0321-ats-companies
kobiton,apply.workable.com/kobiton,1,kalil0321-ats-companies
koda-health,apply.workable.com/koda-health,1,kalil0321-ats-companies
kody,apply.workable.com/kody,1,kalil0321-ats-companies
kognitive-sales-solutions,apply.workable.com/kognitive-sales-solutions,1,kalil0321-ats-companies
koi,apply.workable.com/koi,1,kalil0321-ats-companies
kokku-games,apply.workable.com/kokku-games,1,outscal-openjobs
komodo-co-dot-ltd,apply.workable.com/komodo-co-dot-ltd,1,kalil0321-ats-companies
konew-fintech,apply.workable.com/konew-fintech,1,kalil0321-ats-companies
kooku,apply.workable.com/kooku,1,kalil0321-ats-companies
kooner-fleet-management-solutions,apply.workable.com/kooner-fleet-management-solutions,1,kalil0321-ats-companies
koothjobs,apply.workable.com/koothjobs,1,kalil0321-ats-companies
koracareers,apply.workable.com/koracareers,1,kalil0321-ats-companies
koru,apply.workable.com/koru,1,kalil0321-ats-companies
korvia,apply.workable.com/korvia,1,kalil0321-ats-companies
kpmg-ukraine,apply.workable.com/kpmg-ukraine,1,kalil0321-ats-companies
kriya,apply.workable.com/kriya,1,kalil0321-ats-companies
kroo,apply.workable.com/kroo,1,kalil0321-ats-companies
ksisters,apply.workable.com/ksisters,1,kalil0321-ats-companies
kubapay,apply.workable.com/kubapay,1,kalil0321-ats-companies
kubicki-draper,apply.workable.com/kubicki-draper,1,kalil0321-ats-companies
kubicle,apply.workable.com/kubicle,1,kalil0321-ats-companies
kuda,apply.workable.com/kuda,1,kalil0321-ats-companies
kudos-services,apply.workable.com/kudos-services,1,kalil0321-ats-companies
kueckerpulseintegration,apply.workable.com/kueckerpulseintegration,1,kalil0321-ats-companies
kuhn-aviation,apply.workable.com/kuhn-aviation,1,kalil0321-ats-companies
kurtgeiger,apply.workable.com/kurtgeiger,1,kalil0321-ats-companies
kyboe,apply.workable.com/kyboe,1,kalil0321-ats-companies
kyn,apply.workable.com/kyn,1,kalil0321-ats-companies
kynze,apply.workable.com/kynze,1,kalil0321-ats-companies
la-clippers,apply.workable.com/la-clippers,1,kalil0321-ats-companies
laba,apply.workable.com/laba,1,kalil0321-ats-companies
labella-associates,apply.workable.com/labella-associates,1,kalil0321-ats-companies
labelyourdata,apply.workable.com/labelyourdata,1,kalil0321-ats-companies
labgenius,apply.workable.com/labgenius,1,kalil0321-ats-companies
laborup,apply.workable.com/laborup,1,kalil0321-ats-companies
lago-1,apply.workable.com/lago-1,1,kalil0321-ats-companies
laka,apply.workable.com/laka,1,kalil0321-ats-companies
lakeside-software,apply.workable.com/lakeside-software,1,kalil0321-ats-companies
lakshyadigitalglobal,apply.workable.com/lakshyadigitalglobal,2,kalil0321-ats-companies;outscal-openjobs
landbay,apply.workable.com/landbay,1,kalil0321-ats-companies
landtrust-title-services,apply.workable.com/landtrust-title-services,1,kalil0321-ats-companies
landytech,apply.workable.com/landytech,1,kalil0321-ats-companies
languagewire,apply.workable.com/languagewire,1,kalil0321-ats-companies
lapoflovejobs,apply.workable.com/lapoflovejobs,1,kalil0321-ats-companies
laravel,apply.workable.com/laravel,1,kalil0321-ats-companies
later-5,apply.workable.com/later-5,1,kalil0321-ats-companies
laterite,apply.workable.com/laterite,1,kalil0321-ats-companies
latinxed,apply.workable.com/latinxed,1,kalil0321-ats-companies
lattitude-recruiting,apply.workable.com/lattitude-recruiting,1,kalil0321-ats-companies
launchfinance,apply.workable.com/launchfinance,1,kalil0321-ats-companies
launchpointdev,apply.workable.com/launchpointdev,1,kalil0321-ats-companies
laundryheap-2,apply.workable.com/laundryheap-2,1,kalil0321-ats-companies
lawhive,apply.workable.com/lawhive,1,kalil0321-ats-companies
lawingov,apply.workable.com/lawingov,1,kalil0321-ats-companies
lawn-love,apply.workable.com/lawn-love,1,kalil0321-ats-companies
lawnstarter,apply.workable.com/lawnstarter,1,kalil0321-ats-companies
layer-labs-cayman-ltd,apply.workable.com/layer-labs-cayman-ltd,1,kalil0321-ats-companies
lazarus-naturals,apply.workable.com/lazarus-naturals,1,kalil0321-ats-companies
lcx,apply.workable.com/lcx,1,kalil0321-ats-companies
lds,apply.workable.com/lds,1,outscal-openjobs
ldx-digital,apply.workable.com/ldx-digital,1,kalil0321-ats-companies
ldx-digital-2,apply.workable.com/ldx-digital-2,1,kalil0321-ats-companies
lead-for-america,apply.workable.com/lead-for-america,1,kalil0321-ats-companies
leadhome,apply.workable.com/leadhome,1,kalil0321-ats-companies
leadling,apply.workable.com/leadling,1,kalil0321-ats-companies
leadowlhq,apply.workable.com/leadowlhq,1,kalil0321-ats-companies
leads-io,apply.workable.com/leads-io,1,kalil0321-ats-companies
leadtech,apply.workable.com/leadtech,1,kalil0321-ats-companies
leap-legal-software,apply.workable.com/leap-legal-software,1,kalil0321-ats-companies
learner-education,apply.workable.com/learner-education,1,kalil0321-ats-companies
learnlight,apply.workable.com/learnlight,1,kalil0321-ats-companies
learnosity,apply.workable.com/learnosity,1,kalil0321-ats-companies
learnworlds,apply.workable.com/learnworlds,1,kalil0321-ats-companies
leenaai,apply.workable.com/leenaai,1,kalil0321-ats-companies
leetcode,apply.workable.com/leetcode,1,kalil0321-ats-companies
left-coast-naturals,apply.workable.com/left-coast-naturals,1,kalil0321-ats-companies
leg,apply.workable.com/leg,1,kalil0321-ats-companies
legacy-food-group,apply.workable.com/legacy-food-group,1,kalil0321-ats-companies
legacypeople,apply.workable.com/legacypeople,1,kalil0321-ats-companies
legacyx-hiring,apply.workable.com/legacyx-hiring,1,kalil0321-ats-companies
legalmatch,apply.workable.com/legalmatch,1,kalil0321-ats-companies
legalsifter-inc,apply.workable.com/legalsifter-inc,1,kalil0321-ats-companies
legalvision,apply.workable.com/legalvision,1,kalil0321-ats-companies
legatics,apply.workable.com/legatics,1,kalil0321-ats-companies
lemon-dot-i-o,apply.workable.com/lemon-dot-i-o,1,kalil0321-ats-companies
lendingone,apply.workable.com/lendingone,1,kalil0321-ats-companies
lendscape,apply.workable.com/lendscape,1,kalil0321-ats-companies
lengow,apply.workable.com/lengow,1,kalil0321-ats-companies
lensesio,apply.workable.com/lensesio,1,kalil0321-ats-companies
leos-hospitality-group,apply.workable.com/leos-hospitality-group,1,kalil0321-ats-companies
letsremotivate,apply.workable.com/letsremotivate,1,kalil0321-ats-companies
leupold,apply.workable.com/leupold,1,kalil0321-ats-companies
levee,apply.workable.com/levee,1,kalil0321-ats-companies
levelagency,apply.workable.com/levelagency,1,kalil0321-ats-companies
lgbt-great,apply.workable.com/lgbt-great,1,kalil0321-ats-companies
lgfg-fashion-house-8,apply.workable.com/lgfg-fashion-house-8,1,kalil0321-ats-companies
lgihomes,apply.workable.com/lgihomes,1,kalil0321-ats-companies
lgnd-ai-inc,apply.workable.com/lgnd-ai-inc,1,kalil0321-ats-companies
libertex-europe,apply.workable.com/libertex-europe,1,kalil0321-ats-companies
libertexgroup,apply.workable.com/libertexgroup,1,kalil0321-ats-companies
liberty-behavioraland-community-services-inc,apply.workable.com/liberty-behavioraland-community-services-inc,1,kalil0321-ats-companies
liberty-music-pr,apply.workable.com/liberty-music-pr,1,kalil0321-ats-companies
liberty-mutual-canada,apply.workable.com/liberty-mutual-canada,1,kalil0321-ats-companies
liberum,apply.workable.com/liberum,1,kalil0321-ats-companies
libra-solutions,apply.workable.com/libra-solutions,1,kalil0321-ats-companies
lick-home-ltd,apply.workable.com/lick-home-ltd,1,kalil0321-ats-companies
life-is-good,apply.workable.com/life-is-good,1,kalil0321-ats-companies
lifebit-biotech-ltd,apply.workable.com/lifebit-biotech-ltd,1,kalil0321-ats-companies
lifelinks-international-resources,apply.workable.com/lifelinks-international-resources,1,kalil0321-ats-companies
lifemdcareers,apply.workable.com/lifemdcareers,1,kalil0321-ats-companies
liferaft,apply.workable.com/liferaft,1,kalil0321-ats-companies
lifex,apply.workable.com/lifex,1,kalil0321-ats-companies
lighthouse-reports-2,apply.workable.com/lighthouse-reports-2,1,kalil0321-ats-companies
lighthousegames,apply.workable.com/lighthousegames,2,kalil0321-ats-companies;outscal-openjobs
lightmatter,apply.workable.com/lightmatter,1,kalil0321-ats-companies
likewise,apply.workable.com/likewise,1,kalil0321-ats-companies
limeroad,apply.workable.com/limeroad,1,kalil0321-ats-companies
limetree-bay-refinery-and-terminal,apply.workable.com/limetree-bay-refinery-and-terminal,1,kalil0321-ats-companies
linah-group,apply.workable.com/linah-group,1,kalil0321-ats-companies
lincolnavenue,apply.workable.com/lincolnavenue,1,kalil0321-ats-companies
linearity,apply.workable.com/linearity,2,kalil0321-ats-companies;outscal-openjobs
lingoace,apply.workable.com/lingoace,1,kalil0321-ats-companies
lingumi,apply.workable.com/lingumi,1,kalil0321-ats-companies
linkedin,apply.workable.com/linkedin,1,kalil0321-ats-companies
lipman-pty-ltd,apply.workable.com/lipman-pty-ltd,1,kalil0321-ats-companies
liquid-development,apply.workable.com/liquid-development,2,kalil0321-ats-companies;outscal-openjobs
liquidadvertising,apply.workable.com/liquidadvertising,1,outscal-openjobs
liquidx-studio,apply.workable.com/liquidx-studio,1,outscal-openjobs
lisacuk,apply.workable.com/lisacuk,1,kalil0321-ats-companies
listings-project,apply.workable.com/listings-project,1,kalil0321-ats-companies
lithos,apply.workable.com/lithos,1,kalil0321-ats-companies
littledata,apply.workable.com/littledata,1,kalil0321-ats-companies
live,apply.workable.com/live,1,kalil0321-ats-companies
living-in-a-bubble,apply.workable.com/living-in-a-bubble,1,kalil0321-ats-companies
living-room-la,apply.workable.com/living-room-la,1,kalil0321-ats-companies
livunltd,apply.workable.com/livunltd,1,kalil0321-ats-companies
lls,apply.workable.com/lls,1,kalil0321-ats-companies
lm-designwerks-inc,apply.workable.com/lm-designwerks-inc,1,kalil0321-ats-companies
lmax,apply.workable.com/lmax,1,ches-ctrl-cheddar
lmg-staffing-solutions,apply.workable.com/lmg-staffing-solutions,1,kalil0321-ats-companies
lmns,apply.workable.com/lmns,1,kalil0321-ats-companies
lny,apply.workable.com/lny,1,kalil0321-ats-companies
loandsons,apply.workable.com/loandsons,1,kalil0321-ats-companies
local-projects-llc-1,apply.workable.com/local-projects-llc-1,1,kalil0321-ats-companies
localcrafts,apply.workable.com/localcrafts,1,kalil0321-ats-companies
localsoft-sl,apply.workable.com/localsoft-sl,1,outscal-openjobs
localstack,apply.workable.com/localstack,1,kalil0321-ats-companies
locke-lord-llp,apply.workable.com/locke-lord-llp,1,kalil0321-ats-companies
lockwood,apply.workable.com/lockwood,1,outscal-openjobs
lod-technologies-inc,apply.workable.com/lod-technologies-inc,1,kalil0321-ats-companies
lodge-brothers,apply.workable.com/lodge-brothers,1,kalil0321-ats-companies
lodge-management,apply.workable.com/lodge-management,1,kalil0321-ats-companies
lodgify,apply.workable.com/lodgify,1,kalil0321-ats-companies
loft,apply.workable.com/loft,1,kalil0321-ats-companies
loggi,apply.workable.com/loggi,1,kalil0321-ats-companies
logical-clocks-ab,apply.workable.com/logical-clocks-ab,1,kalil0321-ats-companies
logicgate,apply.workable.com/logicgate,1,kalil0321-ats-companies
logifuture,apply.workable.com/logifuture,2,kalil0321-ats-companies;outscal-openjobs
loginext,apply.workable.com/loginext,1,kalil0321-ats-companies
logistics-uk,apply.workable.com/logistics-uk,1,kalil0321-ats-companies
logitech,apply.workable.com/logitech,1,kalil0321-ats-companies
lokal-app,apply.workable.com/lokal-app,1,kalil0321-ats-companies
london-bridge-rooftop,apply.workable.com/london-bridge-rooftop,1,kalil0321-ats-companies
london-energy-1,apply.workable.com/london-energy-1,1,kalil0321-ats-companies
london-film-academy,apply.workable.com/london-film-academy,1,kalil0321-ats-companies
london-green-cycles-lgc,apply.workable.com/london-green-cycles-lgc,1,kalil0321-ats-companies
lonerockpoint,apply.workable.com/lonerockpoint,1,kalil0321-ats-companies
longshot-systems-ltd,apply.workable.com/longshot-systems-ltd,1,kalil0321-ats-companies
lookout-tavern,apply.workable.com/lookout-tavern,1,kalil0321-ats-companies
loopme,apply.workable.com/loopme,1,kalil0321-ats-companies
lord,apply.workable.com/lord,1,kalil0321-ats-companies
lotte-travel-retail-singapore,apply.workable.com/lotte-travel-retail-singapore,1,kalil0321-ats-companies
love-strategies-inc,apply.workable.com/love-strategies-inc,1,kalil0321-ats-companies
lovebonito,apply.workable.com/lovebonito,1,kalil0321-ats-companies
lovingly,apply.workable.com/lovingly,1,kalil0321-ats-companies
loyaltylion-1,apply.workable.com/loyaltylion-1,1,kalil0321-ats-companies
lpod,apply.workable.com/lpod,1,kalil0321-ats-companies
lpp-greece,apply.workable.com/lpp-greece,1,kalil0321-ats-companies
lra,apply.workable.com/lra,1,kalil0321-ats-companies
lrn-corporation,apply.workable.com/lrn-corporation,1,kalil0321-ats-companies
ltf-designand-marketing-ltd,apply.workable.com/ltf-designand-marketing-ltd,1,kalil0321-ats-companies
lucidya,apply.workable.com/lucidya,1,kalil0321-ats-companies
luke-recruitment,apply.workable.com/luke-recruitment,1,kalil0321-ats-companies
luminance-1,apply.workable.com/luminance-1,1,kalil0321-ats-companies
luminary-group,apply.workable.com/luminary-group,1,kalil0321-ats-companies
lunenergy,apply.workable.com/lunenergy,1,ches-ctrl-cheddar
lunit,apply.workable.com/lunit,1,kalil0321-ats-companies
luxasia,apply.workable.com/luxasia,1,kalil0321-ats-companies
luxico-1,apply.workable.com/luxico-1,1,kalil0321-ats-companies
luxus,apply.workable.com/luxus,1,kalil0321-ats-companies
luxyhair,apply.workable.com/luxyhair,1,kalil0321-ats-companies
lv-petroleum,apply.workable.com/lv-petroleum,1,kalil0321-ats-companies
lyka,apply.workable.com/lyka,1,kalil0321-ats-companies
lyst,apply.workable.com/lyst,1,kalil0321-ats-companies
lytegen-1,apply.workable.com/lytegen-1,1,kalil0321-ats-companies
m-files,apply.workable.com/m-files,1,kalil0321-ats-companies
m-hospitality-1,apply.workable.com/m-hospitality-1,1,kalil0321-ats-companies
m2-engineering,apply.workable.com/m2-engineering,1,kalil0321-ats-companies
m247-europe,apply.workable.com/m247-europe,1,kalil0321-ats-companies
m3gr,apply.workable.com/m3gr,1,kalil0321-ats-companies
maan-global-development,apply.workable.com/maan-global-development,1,kalil0321-ats-companies
macdonald-miller,apply.workable.com/macdonald-miller,1,kalil0321-ats-companies
macphie-ltd,apply.workable.com/macphie-ltd,1,kalil0321-ats-companies
macropace-technologies,apply.workable.com/macropace-technologies,1,kalil0321-ats-companies
mad-capital,apply.workable.com/mad-capital,1,kalil0321-ats-companies
madeintandem,apply.workable.com/madeintandem,1,kalil0321-ats-companies
madel-food-ltd,apply.workable.com/madel-food-ltd,1,kalil0321-ats-companies
madetruly,apply.workable.com/madetruly,1,kalil0321-ats-companies
madwire-1,apply.workable.com/madwire-1,1,kalil0321-ats-companies
magic-careers,apply.workable.com/magic-careers,1,kalil0321-ats-companies
magic-labs-inc,apply.workable.com/magic-labs-inc,1,kalil0321-ats-companies
magic-media,apply.workable.com/magic-media,1,outscal-openjobs
magicrecruitment,apply.workable.com/magicrecruitment,1,kalil0321-ats-companies
magicspoon,apply.workable.com/magicspoon,1,kalil0321-ats-companies
magnetic-london-creative-services-ltd,apply.workable.com/magnetic-london-creative-services-ltd,1,kalil0321-ats-companies
magpieliteracy,apply.workable.com/magpieliteracy,1,kalil0321-ats-companies
maidmyday,apply.workable.com/maidmyday,1,kalil0321-ats-companies
mailgun,apply.workable.com/mailgun,1,kalil0321-ats-companies
maintain-technology-consulting,apply.workable.com/maintain-technology-consulting,1,kalil0321-ats-companies
makan,apply.workable.com/makan,1,kalil0321-ats-companies
make-a-wish-illinois,apply.workable.com/make-a-wish-illinois,1,kalil0321-ats-companies
maker-lab,apply.workable.com/maker-lab,1,kalil0321-ats-companies
makersite,apply.workable.com/makersite,1,kalil0321-ats-companies
manada-technologies,apply.workable.com/manada-technologies,1,kalil0321-ats-companies
managed-services,apply.workable.com/managed-services,1,kalil0321-ats-companies
mandarich-law,apply.workable.com/mandarich-law,1,kalil0321-ats-companies
maneva,apply.workable.com/maneva,1,kalil0321-ats-companies
mangonelawfirm,apply.workable.com/mangonelawfirm,1,kalil0321-ats-companies
manifest-services,apply.workable.com/manifest-services,1,kalil0321-ats-companies
manilarecruitment,apply.workable.com/manilarecruitment,1,kalil0321-ats-companies
manna-1,apply.workable.com/manna-1,1,kalil0321-ats-companies
manpowergroup-greece-1,apply.workable.com/manpowergroup-greece-1,1,kalil0321-ats-companies
mantissecurity,apply.workable.com/mantissecurity,1,kalil0321-ats-companies
maqsam,apply.workable.com/maqsam,1,kalil0321-ats-companies
marabu,apply.workable.com/marabu,1,kalil0321-ats-companies
marble,apply.workable.com/marble,1,kalil0321-ats-companies
march-networks,apply.workable.com/march-networks,1,kalil0321-ats-companies
marchay-1,apply.workable.com/marchay-1,1,kalil0321-ats-companies
marcura,apply.workable.com/marcura,1,kalil0321-ats-companies
mari-events,apply.workable.com/mari-events,1,kalil0321-ats-companies
marker-io,apply.workable.com/marker-io,1,kalil0321-ats-companies
marksand-clerk,apply.workable.com/marksand-clerk,1,kalil0321-ats-companies
marlowe-fire-and-security,apply.workable.com/marlowe-fire-and-security,1,kalil0321-ats-companies
marolina,apply.workable.com/marolina,1,kalil0321-ats-companies
marshalls,apply.workable.com/marshalls,1,kalil0321-ats-companies
marshmallow,apply.workable.com/marshmallow,1,kalil0321-ats-companies
martin-brower,apply.workable.com/martin-brower,1,kalil0321-ats-companies
mas-europe,apply.workable.com/mas-europe,1,kalil0321-ats-companies
mash-staffing,apply.workable.com/mash-staffing,1,kalil0321-ats-companies
masonic-homes-of-ca,apply.workable.com/masonic-homes-of-ca,1,kalil0321-ats-companies
masstech,apply.workable.com/masstech,1,kalil0321-ats-companies
mast-jagermeister-us,apply.workable.com/mast-jagermeister-us,1,kalil0321-ats-companies
masterit-behavior-therapy,apply.workable.com/masterit-behavior-therapy,1,kalil0321-ats-companies
masterofmalt,apply.workable.com/masterofmalt,1,kalil0321-ats-companies
masterworksco,apply.workable.com/masterworksco,1,kalil0321-ats-companies
masteryprep,apply.workable.com/masteryprep,1,kalil0321-ats-companies
mat3ra,apply.workable.com/mat3ra,1,kalil0321-ats-companies
matchesfashion,apply.workable.com/matchesfashion,1,kalil0321-ats-companies
mathspace,apply.workable.com/mathspace,1,kalil0321-ats-companies
matific,apply.workable.com/matific,1,kalil0321-ats-companies
matrix-camps-and-logistics,apply.workable.com/matrix-camps-and-logistics,1,kalil0321-ats-companies
matrix-resources-1,apply.workable.com/matrix-resources-1,1,kalil0321-ats-companies
matternet,apply.workable.com/matternet,1,kalil0321-ats-companies
matthew-hoyle-financial-markets-1,apply.workable.com/matthew-hoyle-financial-markets-1,1,kalil0321-ats-companies
mattson,apply.workable.com/mattson,1,kalil0321-ats-companies
maven-pet,apply.workable.com/maven-pet,1,kalil0321-ats-companies
maverctech,apply.workable.com/maverctech,1,kalil0321-ats-companies
maveriscareers,apply.workable.com/maveriscareers,1,kalil0321-ats-companies
maviance,apply.workable.com/maviance,1,kalil0321-ats-companies
max-accelerate,apply.workable.com/max-accelerate,1,kalil0321-ats-companies
max-borges-agency,apply.workable.com/max-borges-agency,1,kalil0321-ats-companies
maxcare,apply.workable.com/maxcare,1,kalil0321-ats-companies
maxrte,apply.workable.com/maxrte,1,kalil0321-ats-companies
maxus-capital,apply.workable.com/maxus-capital,1,kalil0321-ats-companies
maxwellenergy,apply.workable.com/maxwellenergy,1,kalil0321-ats-companies
mayors-migration-council,apply.workable.com/mayors-migration-council,1,kalil0321-ats-companies
maza-financial,apply.workable.com/maza-financial,1,kalil0321-ats-companies
mba-csi,apply.workable.com/mba-csi,1,kalil0321-ats-companies
mbanq,apply.workable.com/mbanq,1,ches-ctrl-cheddar
mccolm-and-company,apply.workable.com/mccolm-and-company,1,kalil0321-ats-companies
mclane-global,apply.workable.com/mclane-global,1,kalil0321-ats-companies
mcs-north-america-inc,apply.workable.com/mcs-north-america-inc,1,kalil0321-ats-companies
mdlz,apply.workable.com/mdlz,1,kalil0321-ats-companies
mealshare,apply.workable.com/mealshare,1,kalil0321-ats-companies
mealsuite,apply.workable.com/mealsuite,1,kalil0321-ats-companies
meanpug,apply.workable.com/meanpug,1,kalil0321-ats-companies
measured,apply.workable.com/measured,1,kalil0321-ats-companies
meda-limited,apply.workable.com/meda-limited,1,kalil0321-ats-companies
medchart,apply.workable.com/medchart,1,kalil0321-ats-companies
medecins-du-monde,apply.workable.com/medecins-du-monde,1,kalil0321-ats-companies
mediamonks,apply.workable.com/mediamonks,1,kalil0321-ats-companies
mediaradar,apply.workable.com/mediaradar,1,kalil0321-ats-companies
mediavine,apply.workable.com/mediavine,1,kalil0321-ats-companies
medical-guardian,apply.workable.com/medical-guardian,1,kalil0321-ats-companies
medicare-singapore,apply.workable.com/medicare-singapore,1,kalil0321-ats-companies
mediix-recruitment,apply.workable.com/mediix-recruitment,1,kalil0321-ats-companies
medscope-installation,apply.workable.com/medscope-installation,1,kalil0321-ats-companies
medva,apply.workable.com/medva,1,kalil0321-ats-companies
medvivo,apply.workable.com/medvivo,1,kalil0321-ats-companies
melco-resorts-and-entertainment,apply.workable.com/melco-resorts-and-entertainment,1,kalil0321-ats-companies
mellongroup,apply.workable.com/mellongroup,1,kalil0321-ats-companies
melotech,apply.workable.com/melotech,1,kalil0321-ats-companies
meltwater,apply.workable.com/meltwater,1,kalil0321-ats-companies
mention-me-ltd,apply.workable.com/mention-me-ltd,1,kalil0321-ats-companies
mepcon-auditing-and-consultancy-services,apply.workable.com/mepcon-auditing-and-consultancy-services,1,kalil0321-ats-companies
meraki-global,apply.workable.com/meraki-global,1,kalil0321-ats-companies
mercari,apply.workable.com/mercari,1,kalil0321-ats-companies
mercari-india,apply.workable.com/mercari-india,1,kalil0321-ats-companies
mercata,apply.workable.com/mercata,1,kalil0321-ats-companies
mercenary,apply.workable.com/mercenary,1,kalil0321-ats-companies
mercier-consultancy,apply.workable.com/mercier-consultancy,1,kalil0321-ats-companies
mercier-consultancy-group,apply.workable.com/mercier-consultancy-group,1,kalil0321-ats-companies
meshki,apply.workable.com/meshki,1,kalil0321-ats-companies
meshsystems,apply.workable.com/meshsystems,1,kalil0321-ats-companies
metaculus,apply.workable.com/metaculus,1,kalil0321-ats-companies
metalbear,apply.workable.com/metalbear,1,kalil0321-ats-companies
metaplex-studios,apply.workable.com/metaplex-studios,1,kalil0321-ats-companies
meteor-education,apply.workable.com/meteor-education,1,kalil0321-ats-companies
methods,apply.workable.com/methods,1,kalil0321-ats-companies
metova,apply.workable.com/metova,1,kalil0321-ats-companies
metrum,apply.workable.com/metrum,1,kalil0321-ats-companies
mfs-africa,apply.workable.com/mfs-africa,1,kalil0321-ats-companies
mi-homes,apply.workable.com/mi-homes,1,kalil0321-ats-companies
michaelandassociates,apply.workable.com/michaelandassociates,1,kalil0321-ats-companies
micro-bit-educational-foundation,apply.workable.com/micro-bit-educational-foundation,1,kalil0321-ats-companies
micro-leads,apply.workable.com/micro-leads,1,kalil0321-ats-companies
microsoft,apply.workable.com/microsoft,1,kalil0321-ats-companies
microverse,apply.workable.com/microverse,1,kalil0321-ats-companies
middle-seat,apply.workable.com/middle-seat,2,ches-ctrl-cheddar;kalil0321-ats-companies
middleburycollege,apply.workable.com/middleburycollege,1,kalil0321-ats-companies
midea-america-corp,apply.workable.com/midea-america-corp,1,kalil0321-ats-companies
midnite,apply.workable.com/midnite,1,kalil0321-ats-companies
midplaza,apply.workable.com/midplaza,1,kalil0321-ats-companies
midwest-special-services,apply.workable.com/midwest-special-services,1,kalil0321-ats-companies
mightybytes,apply.workable.com/mightybytes,1,kalil0321-ats-companies
mikinok,apply.workable.com/mikinok,1,kalil0321-ats-companies
mila-2,apply.workable.com/mila-2,1,kalil0321-ats-companies
milanicosmetics,apply.workable.com/milanicosmetics,1,kalil0321-ats-companies
miller-international,apply.workable.com/miller-international,1,kalil0321-ats-companies
million-dollar-sellers,apply.workable.com/million-dollar-sellers,1,kalil0321-ats-companies
milo-enterprises-inc,apply.workable.com/milo-enterprises-inc,1,kalil0321-ats-companies
mimica-automation,apply.workable.com/mimica-automation,1,kalil0321-ats-companies
mina-foundation,apply.workable.com/mina-foundation,1,kalil0321-ats-companies
mind-friend,apply.workable.com/mind-friend,1,kalil0321-ats-companies
mind-omega-1,apply.workable.com/mind-omega-1,1,kalil0321-ats-companies
mindbridge-analytics,apply.workable.com/mindbridge-analytics,1,kalil0321-ats-companies
minderacraft,apply.workable.com/minderacraft,1,kalil0321-ats-companies
mindex,apply.workable.com/mindex,2,ches-ctrl-cheddar;kalil0321-ats-companies
mindful-support-services,apply.workable.com/mindful-support-services,1,kalil0321-ats-companies
mindray-north-america,apply.workable.com/mindray-north-america,1,kalil0321-ats-companies
mindstone,apply.workable.com/mindstone,1,kalil0321-ats-companies
mindtheproduct,apply.workable.com/mindtheproduct,1,kalil0321-ats-companies
minervaresearchlabs,apply.workable.com/minervaresearchlabs,1,kalil0321-ats-companies
minetechservices,apply.workable.com/minetechservices,1,kalil0321-ats-companies
mini-o,apply.workable.com/mini-o,1,kalil0321-ats-companies
minly,apply.workable.com/minly,1,kalil0321-ats-companies
mint-studios,apply.workable.com/mint-studios,1,kalil0321-ats-companies
mintago,apply.workable.com/mintago,1,kalil0321-ats-companies
mira-8,apply.workable.com/mira-8,1,kalil0321-ats-companies
mira-construction-l-dot-l-c-1,apply.workable.com/mira-construction-l-dot-l-c-1,1,kalil0321-ats-companies
miracle-ear,apply.workable.com/miracle-ear,1,kalil0321-ats-companies
miraygroup,apply.workable.com/miraygroup,1,kalil0321-ats-companies
misha-talent-acquisition,apply.workable.com/misha-talent-acquisition,1,kalil0321-ats-companies
mission-44,apply.workable.com/mission-44,1,kalil0321-ats-companies
missionbit,apply.workable.com/missionbit,1,kalil0321-ats-companies
mistywest,apply.workable.com/mistywest,1,kalil0321-ats-companies
mitsis-group,apply.workable.com/mitsis-group,1,kalil0321-ats-companies
mixcloud-limited,apply.workable.com/mixcloud-limited,1,kalil0321-ats-companies
mlabs,apply.workable.com/mlabs,1,kalil0321-ats-companies
mmcventures,apply.workable.com/mmcventures,1,kalil0321-ats-companies
mmdsmart-ltd,apply.workable.com/mmdsmart-ltd,1,kalil0321-ats-companies
mmi-maritime-and-mercantile-international,apply.workable.com/mmi-maritime-and-mercantile-international,1,kalil0321-ats-companies
mo-sys,apply.workable.com/mo-sys,1,kalil0321-ats-companies
mod-careers,apply.workable.com/mod-careers,1,kalil0321-ats-companies
mod-op,apply.workable.com/mod-op,1,kalil0321-ats-companies
modani-furniture,apply.workable.com/modani-furniture,1,kalil0321-ats-companies
modash,apply.workable.com/modash,1,kalil0321-ats-companies
modelit,apply.workable.com/modelit,1,outscal-openjobs
modern-ai,apply.workable.com/modern-ai,1,kalil0321-ats-companies
modern-family-law-1,apply.workable.com/modern-family-law-1,1,kalil0321-ats-companies
modern-selections,apply.workable.com/modern-selections,1,kalil0321-ats-companies
modifi,apply.workable.com/modifi,1,kalil0321-ats-companies
modio,apply.workable.com/modio,2,kalil0321-ats-companies;outscal-openjobs
moesif,apply.workable.com/moesif,1,kalil0321-ats-companies
momentum-services-ltd,apply.workable.com/momentum-services-ltd,1,kalil0321-ats-companies
momentumdesinglab,apply.workable.com/momentumdesinglab,1,kalil0321-ats-companies
momos,apply.workable.com/momos,1,kalil0321-ats-companies
momtovirtualassistant,apply.workable.com/momtovirtualassistant,1,kalil0321-ats-companies
mon-co,apply.workable.com/mon-co,1,kalil0321-ats-companies
monarch-quantum,apply.workable.com/monarch-quantum,1,kalil0321-ats-companies
mondia-group,apply.workable.com/mondia-group,1,kalil0321-ats-companies
mondu,apply.workable.com/mondu,1,kalil0321-ats-companies
moneyfarm,apply.workable.com/moneyfarm,1,kalil0321-ats-companies
moneyhub,apply.workable.com/moneyhub,1,kalil0321-ats-companies
moneythink,apply.workable.com/moneythink,1,kalil0321-ats-companies
monite,apply.workable.com/monite,1,kalil0321-ats-companies
mono,apply.workable.com/mono,1,kalil0321-ats-companies
mons-royale,apply.workable.com/mons-royale,1,kalil0321-ats-companies
montana-construction,apply.workable.com/montana-construction,1,kalil0321-ats-companies
montera,apply.workable.com/montera,1,kalil0321-ats-companies
monterail,apply.workable.com/monterail,1,kalil0321-ats-companies
montreal-associates,apply.workable.com/montreal-associates,1,kalil0321-ats-companies
montrealanalytics,apply.workable.com/montrealanalytics,1,kalil0321-ats-companies
moodle,apply.workable.com/moodle,1,kalil0321-ats-companies
moomoo,apply.workable.com/moomoo,1,kalil0321-ats-companies
moonbug-entertainment,apply.workable.com/moonbug-entertainment,2,kalil0321-ats-companies;outscal-openjobs
moonshot,apply.workable.com/moonshot,1,kalil0321-ats-companies
more-com,apply.workable.com/more-com,1,kalil0321-ats-companies
more-staffing-llc,apply.workable.com/more-staffing-llc,1,kalil0321-ats-companies
moreton-capital-partners,apply.workable.com/moreton-capital-partners,1,kalil0321-ats-companies
morgan-fire-protection,apply.workable.com/morgan-fire-protection,1,kalil0321-ats-companies
mori,apply.workable.com/mori,1,kalil0321-ats-companies
moro-tech,apply.workable.com/moro-tech,1,kalil0321-ats-companies
morressier,apply.workable.com/morressier,1,kalil0321-ats-companies
morrey-auto,apply.workable.com/morrey-auto,1,kalil0321-ats-companies
morrow-health,apply.workable.com/morrow-health,1,kalil0321-ats-companies
mosaic-app,apply.workable.com/mosaic-app,1,kalil0321-ats-companies
moscot,apply.workable.com/moscot,1,kalil0321-ats-companies
motabilityfoundation,apply.workable.com/motabilityfoundation,1,kalil0321-ats-companies
moth-drinks,apply.workable.com/moth-drinks,1,kalil0321-ats-companies
motivo,apply.workable.com/motivo,1,kalil0321-ats-companies
motor-coach-industries,apply.workable.com/motor-coach-industries,1,kalil0321-ats-companies
motorsport-games,apply.workable.com/motorsport-games,1,outscal-openjobs
move-for-hunger,apply.workable.com/move-for-hunger,1,kalil0321-ats-companies
move-talent,apply.workable.com/move-talent,1,kalil0321-ats-companies
movement-labs,apply.workable.com/movement-labs,2,ches-ctrl-cheddar;kalil0321-ats-companies
moxie-labs,apply.workable.com/moxie-labs,1,kalil0321-ats-companies
mpf-federal-4,apply.workable.com/mpf-federal-4,1,kalil0321-ats-companies
mrg-exams,apply.workable.com/mrg-exams,1,kalil0321-ats-companies
mrsool-3,apply.workable.com/mrsool-3,1,kalil0321-ats-companies
mscanada,apply.workable.com/mscanada,1,kalil0321-ats-companies
msl-engineering,apply.workable.com/msl-engineering,1,kalil0321-ats-companies
msnt-dot-l-lc,apply.workable.com/msnt-dot-l-lc,1,kalil0321-ats-companies
msps,apply.workable.com/msps,1,kalil0321-ats-companies
msr-fsr,apply.workable.com/msr-fsr,1,kalil0321-ats-companies
mswalker,apply.workable.com/mswalker,1,kalil0321-ats-companies
muchbetteradventures,apply.workable.com/muchbetteradventures,1,kalil0321-ats-companies
mullers-solutions-1,apply.workable.com/mullers-solutions-1,1,kalil0321-ats-companies
multigate,apply.workable.com/multigate,1,kalil0321-ats-companies
multimediacl,apply.workable.com/multimediacl,1,kalil0321-ats-companies
multimediallc,apply.workable.com/multimediallc,2,ches-ctrl-cheddar;kalil0321-ats-companies
multiplicatalent,apply.workable.com/multiplicatalent,1,kalil0321-ats-companies
mumsnet,apply.workable.com/mumsnet,1,kalil0321-ats-companies
murmuration,apply.workable.com/murmuration,2,ches-ctrl-cheddar;kalil0321-ats-companies
murphy-research,apply.workable.com/murphy-research,1,kalil0321-ats-companies
murray-franklyn,apply.workable.com/murray-franklyn,1,kalil0321-ats-companies
mursion-inc,apply.workable.com/mursion-inc,1,kalil0321-ats-companies
museumoficecream,apply.workable.com/museumoficecream,1,kalil0321-ats-companies
musixmatch,apply.workable.com/musixmatch,1,kalil0321-ats-companies
mutualmobile,apply.workable.com/mutualmobile,1,kalil0321-ats-companies
muume,apply.workable.com/muume,1,kalil0321-ats-companies
mvnifest,apply.workable.com/mvnifest,1,kalil0321-ats-companies
myaccord,apply.workable.com/myaccord,1,kalil0321-ats-companies
mydbsync,apply.workable.com/mydbsync,1,kalil0321-ats-companies
mylo-btech,apply.workable.com/mylo-btech,1,kalil0321-ats-companies
myndlift,apply.workable.com/myndlift,1,kalil0321-ats-companies
mysigrid,apply.workable.com/mysigrid,1,kalil0321-ats-companies
myteam,apply.workable.com/myteam,1,kalil0321-ats-companies
mytutor,apply.workable.com/mytutor,1,kalil0321-ats-companies
n2o-1,apply.workable.com/n2o-1,1,kalil0321-ats-companies
n8n,apply.workable.com/n8n,1,kalil0321-ats-companies
na2,apply.workable.com/na2,1,kalil0321-ats-companies
nairtime,apply.workable.com/nairtime,1,kalil0321-ats-companies
nalamoney,apply.workable.com/nalamoney,1,kalil0321-ats-companies
nanameue,apply.workable.com/nanameue,1,kalil0321-ats-companies
nanocorp,apply.workable.com/nanocorp,1,kalil0321-ats-companies
napster,apply.workable.com/napster,1,kalil0321-ats-companies
nasoft-eg,apply.workable.com/nasoft-eg,1,kalil0321-ats-companies
natech,apply.workable.com/natech,1,kalil0321-ats-companies
natilus,apply.workable.com/natilus,1,kalil0321-ats-companies
national-fitness-campaign,apply.workable.com/national-fitness-campaign,1,kalil0321-ats-companies
nationswell-1,apply.workable.com/nationswell-1,1,kalil0321-ats-companies
navarino,apply.workable.com/navarino,1,kalil0321-ats-companies
navionsl,apply.workable.com/navionsl,1,kalil0321-ats-companies
navro,apply.workable.com/navro,1,kalil0321-ats-companies
nawy-real-estate,apply.workable.com/nawy-real-estate,1,kalil0321-ats-companies
nbrhd,apply.workable.com/nbrhd,1,kalil0321-ats-companies
ncg-associates,apply.workable.com/ncg-associates,1,kalil0321-ats-companies
ncle,apply.workable.com/ncle,1,kalil0321-ats-companies
ndax,apply.workable.com/ndax,1,kalil0321-ats-companies
ndreams,apply.workable.com/ndreams,2,kalil0321-ats-companies;outscal-openjobs
ndustrialio,apply.workable.com/ndustrialio,1,andreasasprou-ats-finder
nearnow,apply.workable.com/nearnow,1,kalil0321-ats-companies
neat-method-careers,apply.workable.com/neat-method-careers,1,kalil0321-ats-companies
nectafy,apply.workable.com/nectafy,1,kalil0321-ats-companies
nef,apply.workable.com/nef,1,kalil0321-ats-companies
nelson-education,apply.workable.com/nelson-education,1,kalil0321-ats-companies
neo-gg,apply.workable.com/neo-gg,1,kalil0321-ats-companies
neo-tech,apply.workable.com/neo-tech,1,kalil0321-ats-companies
neon-rated,apply.workable.com/neon-rated,1,kalil0321-ats-companies
neoreach,apply.workable.com/neoreach,1,kalil0321-ats-companies
neostella,apply.workable.com/neostella,2,ches-ctrl-cheddar;outscal-openjobs
neowork,apply.workable.com/neowork,1,kalil0321-ats-companies
nestle-waters-north-america,apply.workable.com/nestle-waters-north-america,1,kalil0321-ats-companies
net-natives-7,apply.workable.com/net-natives-7,1,kalil0321-ats-companies
netimpactstrategies,apply.workable.com/netimpactstrategies,1,kalil0321-ats-companies
netradyne-1,apply.workable.com/netradyne-1,1,kalil0321-ats-companies
netx,apply.workable.com/netx,1,kalil0321-ats-companies
neuehouse,apply.workable.com/neuehouse,1,kalil0321-ats-companies
neugroup,apply.workable.com/neugroup,1,kalil0321-ats-companies
neural-magic,apply.workable.com/neural-magic,1,kalil0321-ats-companies
neuralflex-ai,apply.workable.com/neuralflex-ai,1,kalil0321-ats-companies
neutalent,apply.workable.com/neutalent,1,kalil0321-ats-companies
new-disabled-south,apply.workable.com/new-disabled-south,1,kalil0321-ats-companies
new-flyer,apply.workable.com/new-flyer,1,kalil0321-ats-companies
new-tales,apply.workable.com/new-tales,1,outscal-openjobs
new-york-football-giants,apply.workable.com/new-york-football-giants,1,kalil0321-ats-companies
new-york-life-60,apply.workable.com/new-york-life-60,1,kalil0321-ats-companies
new-york-life-63,apply.workable.com/new-york-life-63,1,kalil0321-ats-companies
new-york-life-iowa-office,apply.workable.com/new-york-life-iowa-office,1,kalil0321-ats-companies
newcode,apply.workable.com/newcode,1,kalil0321-ats-companies
newenergynexus,apply.workable.com/newenergynexus,1,kalil0321-ats-companies
newhomestar,apply.workable.com/newhomestar,1,kalil0321-ats-companies
newoakland,apply.workable.com/newoakland,1,kalil0321-ats-companies
newrich-network,apply.workable.com/newrich-network,2,kalil0321-ats-companies;outscal-openjobs
newsbreak,apply.workable.com/newsbreak,1,kalil0321-ats-companies
newstaff,apply.workable.com/newstaff,1,kalil0321-ats-companies
newton-europe,apply.workable.com/newton-europe,1,kalil0321-ats-companies
nexleaf-analytics,apply.workable.com/nexleaf-analytics,1,ches-ctrl-cheddar
next-job-abroad,apply.workable.com/next-job-abroad,1,kalil0321-ats-companies
nextern,apply.workable.com/nextern,1,kalil0321-ats-companies
nextgen-clearing,apply.workable.com/nextgen-clearing,1,outscal-openjobs
nexusstudios,apply.workable.com/nexusstudios,1,kalil0321-ats-companies
nexvelsolutions,apply.workable.com/nexvelsolutions,1,kalil0321-ats-companies
neybox-digital,apply.workable.com/neybox-digital,1,kalil0321-ats-companies
nfi-group-inc,apply.workable.com/nfi-group-inc,1,kalil0321-ats-companies
ngeneration,apply.workable.com/ngeneration,1,kalil0321-ats-companies
nidoliving,apply.workable.com/nidoliving,1,kalil0321-ats-companies
niftyapes,apply.workable.com/niftyapes,1,kalil0321-ats-companies
nile-fresh-pty-ltd,apply.workable.com/nile-fresh-pty-ltd,1,kalil0321-ats-companies
nillion,apply.workable.com/nillion,1,kalil0321-ats-companies
nimbyx,apply.workable.com/nimbyx,1,kalil0321-ats-companies
nin-delivers,apply.workable.com/nin-delivers,1,kalil0321-ats-companies
ninetwothree-ai-studio,apply.workable.com/ninetwothree-ai-studio,1,kalil0321-ats-companies
ninja-theory,apply.workable.com/ninja-theory,1,kalil0321-ats-companies
nipponexpress,apply.workable.com/nipponexpress,1,kalil0321-ats-companies
nipponshokkenusa,apply.workable.com/nipponshokkenusa,1,kalil0321-ats-companies
nitor,apply.workable.com/nitor,1,kalil0321-ats-companies
nitrogenwealth,apply.workable.com/nitrogenwealth,1,kalil0321-ats-companies
niva-health-2,apply.workable.com/niva-health-2,1,kalil0321-ats-companies
nncpr,apply.workable.com/nncpr,1,kalil0321-ats-companies
noble-of-indiana,apply.workable.com/noble-of-indiana,1,kalil0321-ats-companies
nobox-hr-outsourcing-solutions,apply.workable.com/nobox-hr-outsourcing-solutions,1,kalil0321-ats-companies
nogigiddy,apply.workable.com/nogigiddy,1,kalil0321-ats-companies
nogood,apply.workable.com/nogood,1,kalil0321-ats-companies
nology,apply.workable.com/nology,1,kalil0321-ats-companies
nomadglobal,apply.workable.com/nomadglobal,1,kalil0321-ats-companies
noodists,apply.workable.com/noodists,1,kalil0321-ats-companies
noramtec-consultants,apply.workable.com/noramtec-consultants,1,kalil0321-ats-companies
norbloc-se,apply.workable.com/norbloc-se,1,kalil0321-ats-companies
norfolk-county,apply.workable.com/norfolk-county,1,kalil0321-ats-companies
norit,apply.workable.com/norit,1,kalil0321-ats-companies
normally,apply.workable.com/normally,1,kalil0321-ats-companies
northern-architectural-systems,apply.workable.com/northern-architectural-systems,1,kalil0321-ats-companies
northern-california-behavioral-health-system,apply.workable.com/northern-california-behavioral-health-system,1,kalil0321-ats-companies
northzone,apply.workable.com/northzone,1,kalil0321-ats-companies
notion-vc,apply.workable.com/notion-vc,1,kalil0321-ats-companies
noun-inc,apply.workable.com/noun-inc,1,kalil0321-ats-companies
nova-wealth,apply.workable.com/nova-wealth,1,kalil0321-ats-companies
novacom,apply.workable.com/novacom,1,kalil0321-ats-companies
novafori,apply.workable.com/novafori,1,kalil0321-ats-companies
novainstall,apply.workable.com/novainstall,1,kalil0321-ats-companies
novasign,apply.workable.com/novasign,1,kalil0321-ats-companies
novel-capital,apply.workable.com/novel-capital,1,ches-ctrl-cheddar
novemberfive,apply.workable.com/novemberfive,1,kalil0321-ats-companies
novex-llc,apply.workable.com/novex-llc,1,kalil0321-ats-companies
novibet,apply.workable.com/novibet,1,kalil0321-ats-companies
novoholdings,apply.workable.com/novoholdings,1,kalil0321-ats-companies
novomatic,apply.workable.com/novomatic,1,outscal-openjobs
novonordiskfoundation,apply.workable.com/novonordiskfoundation,1,kalil0321-ats-companies
now-courier-ic,apply.workable.com/now-courier-ic,1,kalil0321-ats-companies
nowlun,apply.workable.com/nowlun,1,kalil0321-ats-companies
nowverticalgroup,apply.workable.com/nowverticalgroup,1,kalil0321-ats-companies
nqc,apply.workable.com/nqc,1,kalil0321-ats-companies
nrgco,apply.workable.com/nrgco,1,kalil0321-ats-companies
nu-quantum,apply.workable.com/nu-quantum,1,kalil0321-ats-companies
nuadaco2,apply.workable.com/nuadaco2,1,kalil0321-ats-companies
nuclera,apply.workable.com/nuclera,1,kalil0321-ats-companies
nullgames,apply.workable.com/nullgames,1,outscal-openjobs
nuovophotography,apply.workable.com/nuovophotography,1,kalil0321-ats-companies
nus-enterprise,apply.workable.com/nus-enterprise,1,kalil0321-ats-companies
nutpods,apply.workable.com/nutpods,1,kalil0321-ats-companies
nutritionintl,apply.workable.com/nutritionintl,1,kalil0321-ats-companies
nuvani-london,apply.workable.com/nuvani-london,1,kalil0321-ats-companies
nuvei,apply.workable.com/nuvei,1,kalil0321-ats-companies
nyctourism,apply.workable.com/nyctourism,1,kalil0321-ats-companies
nynn,apply.workable.com/nynn,1,kalil0321-ats-companies
oak-ridge-tile-and-home,apply.workable.com/oak-ridge-tile-and-home,1,kalil0321-ats-companies
oakengage,apply.workable.com/oakengage,1,kalil0321-ats-companies
obdeleven,apply.workable.com/obdeleven,1,kalil0321-ats-companies
oblivious,apply.workable.com/oblivious,1,kalil0321-ats-companies
obrela-security-industries-sa,apply.workable.com/obrela-security-industries-sa,1,kalil0321-ats-companies
ocean-outcomes,apply.workable.com/ocean-outcomes,1,kalil0321-ats-companies
oceansxyz,apply.workable.com/oceansxyz,1,kalil0321-ats-companies
oct-consulting-llc,apply.workable.com/oct-consulting-llc,1,kalil0321-ats-companies
octopushr,apply.workable.com/octopushr,1,kalil0321-ats-companies
odel,apply.workable.com/odel,1,kalil0321-ats-companies
odeon-capital-group,apply.workable.com/odeon-capital-group,1,kalil0321-ats-companies
odin-mortgage,apply.workable.com/odin-mortgage,1,kalil0321-ats-companies
odk-media,apply.workable.com/odk-media,1,kalil0321-ats-companies
odorzx,apply.workable.com/odorzx,1,kalil0321-ats-companies
oes,apply.workable.com/oes,1,kalil0321-ats-companies
office,apply.workable.com/office,1,kalil0321-ats-companies
offline,apply.workable.com/offline,1,kalil0321-ats-companies
ofload,apply.workable.com/ofload,1,kalil0321-ats-companies
ohagan-meyer,apply.workable.com/ohagan-meyer,1,kalil0321-ats-companies
ohalo,apply.workable.com/ohalo,1,kalil0321-ats-companies
ohara-corporation,apply.workable.com/ohara-corporation,1,kalil0321-ats-companies
ohmconnect,apply.workable.com/ohmconnect,1,ches-ctrl-cheddar
ohme,apply.workable.com/ohme,1,ches-ctrl-cheddar
ohmnilabs,apply.workable.com/ohmnilabs,1,kalil0321-ats-companies
oikonomakis-law-firm,apply.workable.com/oikonomakis-law-firm,1,kalil0321-ats-companies
oliva1,apply.workable.com/oliva1,1,kalil0321-ats-companies
olive,apply.workable.com/olive,1,kalil0321-ats-companies
ombori-career,apply.workable.com/ombori-career,1,kalil0321-ats-companies
omen,apply.workable.com/omen,1,kalil0321-ats-companies
ometria,apply.workable.com/ometria,1,kalil0321-ats-companies
omnipresent-group,apply.workable.com/omnipresent-group,1,kalil0321-ats-companies
omron-asia-pacific-pte-ltd,apply.workable.com/omron-asia-pacific-pte-ltd,1,kalil0321-ats-companies
onbeam,apply.workable.com/onbeam,1,kalil0321-ats-companies
one-2-one-computer-services-inc,apply.workable.com/one-2-one-computer-services-inc,1,kalil0321-ats-companies
one-of-us,apply.workable.com/one-of-us,1,kalil0321-ats-companies
one-sir,apply.workable.com/one-sir,1,kalil0321-ats-companies
onedersquad-1,apply.workable.com/onedersquad-1,1,kalil0321-ats-companies
oneimaging-1,apply.workable.com/oneimaging-1,1,kalil0321-ats-companies
oneocean,apply.workable.com/oneocean,1,kalil0321-ats-companies
oneplus-north-america,apply.workable.com/oneplus-north-america,1,kalil0321-ats-companies
oneractive,apply.workable.com/oneractive,1,kalil0321-ats-companies
onespace,apply.workable.com/onespace,1,kalil0321-ats-companies
oneview-healthcare-plc,apply.workable.com/oneview-healthcare-plc,1,kalil0321-ats-companies
onfido,apply.workable.com/onfido,1,kalil0321-ats-companies
onlinemarketinggurus,apply.workable.com/onlinemarketinggurus,1,kalil0321-ats-companies
onlock,apply.workable.com/onlock,1,kalil0321-ats-companies
onlogic,apply.workable.com/onlogic,1,ches-ctrl-cheddar
onlogic-inc,apply.workable.com/onlogic-inc,1,kalil0321-ats-companies
onlyexperts,apply.workable.com/onlyexperts,1,kalil0321-ats-companies
onmed,apply.workable.com/onmed,1,kalil0321-ats-companies
onomondo,apply.workable.com/onomondo,1,kalil0321-ats-companies
onscale,apply.workable.com/onscale,1,kalil0321-ats-companies
onside,apply.workable.com/onside,1,kalil0321-ats-companies
ontimedubai,apply.workable.com/ontimedubai,1,kalil0321-ats-companies
onyx-capital-group,apply.workable.com/onyx-capital-group,1,kalil0321-ats-companies
onzero,apply.workable.com/onzero,1,kalil0321-ats-companies
oocahq,apply.workable.com/oocahq,1,kalil0321-ats-companies
opal-labs,apply.workable.com/opal-labs,1,kalil0321-ats-companies
open-up-resources,apply.workable.com/open-up-resources,1,ches-ctrl-cheddar
opendatajobs,apply.workable.com/opendatajobs,1,kalil0321-ats-companies
openfn,apply.workable.com/openfn,1,kalil0321-ats-companies
openlane-europe,apply.workable.com/openlane-europe,1,kalil0321-ats-companies
openmined,apply.workable.com/openmined,1,kalil0321-ats-companies
opensignal-limited,apply.workable.com/opensignal-limited,1,kalil0321-ats-companies
opensymmetry,apply.workable.com/opensymmetry,1,kalil0321-ats-companies
openworks-engineering,apply.workable.com/openworks-engineering,1,kalil0321-ats-companies
oppizi,apply.workable.com/oppizi,1,kalil0321-ats-companies
optasia,apply.workable.com/optasia,1,kalil0321-ats-companies
optasy,apply.workable.com/optasy,1,kalil0321-ats-companies
optibpo,apply.workable.com/optibpo,1,kalil0321-ats-companies
optimegroup,apply.workable.com/optimegroup,1,kalil0321-ats-companies
optimiza-4,apply.workable.com/optimiza-4,1,kalil0321-ats-companies
optimizon,apply.workable.com/optimizon,1,kalil0321-ats-companies
optisigns-inc,apply.workable.com/optisigns-inc,1,kalil0321-ats-companies
optitrack,apply.workable.com/optitrack,1,kalil0321-ats-companies
opus2,apply.workable.com/opus2,1,kalil0321-ats-companies
oqc,apply.workable.com/oqc,1,kalil0321-ats-companies
orange-comet,apply.workable.com/orange-comet,1,outscal-openjobs
orbital-witness-limited,apply.workable.com/orbital-witness-limited,1,kalil0321-ats-companies
orchard-therapeutics,apply.workable.com/orchard-therapeutics,1,kalil0321-ats-companies
orderdesk,apply.workable.com/orderdesk,1,kalil0321-ats-companies
ordermygear,apply.workable.com/ordermygear,1,kalil0321-ats-companies
oredata,apply.workable.com/oredata,1,kalil0321-ats-companies
orfium,apply.workable.com/orfium,1,kalil0321-ats-companies
orgmento,apply.workable.com/orgmento,1,kalil0321-ats-companies
orgvue,apply.workable.com/orgvue,1,kalil0321-ats-companies
origin-10x,apply.workable.com/origin-10x,1,kalil0321-ats-companies
origin-primary-limited,apply.workable.com/origin-primary-limited,1,kalil0321-ats-companies
orlando-informer,apply.workable.com/orlando-informer,1,kalil0321-ats-companies
ortushealth,apply.workable.com/ortushealth,1,kalil0321-ats-companies
orum,apply.workable.com/orum,1,kalil0321-ats-companies
osa,apply.workable.com/osa,1,kalil0321-ats-companies
osea,apply.workable.com/osea,1,kalil0321-ats-companies
osii,apply.workable.com/osii,1,kalil0321-ats-companies
osldotcom,apply.workable.com/osldotcom,1,kalil0321-ats-companies
osool-1,apply.workable.com/osool-1,1,kalil0321-ats-companies
otdcareers,apply.workable.com/otdcareers,1,kalil0321-ats-companies
othaim-holding,apply.workable.com/othaim-holding,1,kalil0321-ats-companies
otherlab,apply.workable.com/otherlab,1,ches-ctrl-cheddar
otherworld,apply.workable.com/otherworld,1,outscal-openjobs
otk-media,apply.workable.com/otk-media,2,kalil0321-ats-companies;outscal-openjobs
otoqi,apply.workable.com/otoqi,1,kalil0321-ats-companies
ottimate,apply.workable.com/ottimate,1,kalil0321-ats-companies
our-future-health,apply.workable.com/our-future-health,1,kalil0321-ats-companies
oura-health-ltd,apply.workable.com/oura-health-ltd,1,kalil0321-ats-companies
ourhomesnacks,apply.workable.com/ourhomesnacks,1,kalil0321-ats-companies
outdoorsy,apply.workable.com/outdoorsy,1,kalil0321-ats-companies
outfund,apply.workable.com/outfund,1,kalil0321-ats-companies
outlier-dot-o-rg,apply.workable.com/outlier-dot-o-rg,1,kalil0321-ats-companies
outsource-access,apply.workable.com/outsource-access,1,kalil0321-ats-companies
outward,apply.workable.com/outward,1,kalil0321-ats-companies
outwork-staffing,apply.workable.com/outwork-staffing,1,kalil0321-ats-companies
over-the-moon-1,apply.workable.com/over-the-moon-1,1,kalil0321-ats-companies
overactive-media-group,apply.workable.com/overactive-media-group,1,outscal-openjobs
oversee-1,apply.workable.com/oversee-1,1,kalil0321-ats-companies
overwatchcm,apply.workable.com/overwatchcm,1,kalil0321-ats-companies
owl-dot-co,apply.workable.com/owl-dot-co,1,kalil0321-ats-companies
owlchemy-labs,apply.workable.com/owlchemy-labs,1,outscal-openjobs
owlet-baby-care-1,apply.workable.com/owlet-baby-care-1,1,kalil0321-ats-companies
own,apply.workable.com/own,1,kalil0321-ats-companies
own-up,apply.workable.com/own-up,1,kalil0321-ats-companies
oxford-ionics,apply.workable.com/oxford-ionics,1,kalil0321-ats-companies
oxford-quantum-circuits-8,apply.workable.com/oxford-quantum-circuits-8,1,kalil0321-ats-companies
oxford-university-innovation,apply.workable.com/oxford-university-innovation,1,kalil0321-ats-companies
ozoneapi,apply.workable.com/ozoneapi,1,kalil0321-ats-companies
pachama,apply.workable.com/pachama,1,kalil0321-ats-companies
pacific-defense,apply.workable.com/pacific-defense,1,kalil0321-ats-companies
pacific-health-group,apply.workable.com/pacific-health-group,1,kalil0321-ats-companies
pacificaviation,apply.workable.com/pacificaviation,1,kalil0321-ats-companies
packlane,apply.workable.com/packlane,1,kalil0321-ats-companies
packtpublishing,apply.workable.com/packtpublishing,1,kalil0321-ats-companies
pactera-singapore-pte-ltd,apply.workable.com/pactera-singapore-pte-ltd,1,kalil0321-ats-companies
paired,apply.workable.com/paired,1,kalil0321-ats-companies
pairedrecruiting,apply.workable.com/pairedrecruiting,1,kalil0321-ats-companies
pakistan-mobile-communication-limited-pmcl,apply.workable.com/pakistan-mobile-communication-limited-pmcl,1,kalil0321-ats-companies
pakistan-single-window,apply.workable.com/pakistan-single-window,1,kalil0321-ats-companies
paleovalley-1,apply.workable.com/paleovalley-1,1,kalil0321-ats-companies
palmhr,apply.workable.com/palmhr,1,kalil0321-ats-companies
palona,apply.workable.com/palona,1,kalil0321-ats-companies
pamb,apply.workable.com/pamb,1,kalil0321-ats-companies
pandatree,apply.workable.com/pandatree,1,kalil0321-ats-companies
pangaia,apply.workable.com/pangaia,1,kalil0321-ats-companies
panic-stations,apply.workable.com/panic-stations,1,kalil0321-ats-companies
papergiant,apply.workable.com/papergiant,1,kalil0321-ats-companies
papertiger,apply.workable.com/papertiger,1,kalil0321-ats-companies
papier,apply.workable.com/papier,2,ches-ctrl-cheddar;kalil0321-ats-companies
papoutsanis-1,apply.workable.com/papoutsanis-1,1,kalil0321-ats-companies
paradigm-pd,apply.workable.com/paradigm-pd,1,kalil0321-ats-companies
paragoncybersolutions,apply.workable.com/paragoncybersolutions,1,kalil0321-ats-companies
paragraf-1,apply.workable.com/paragraf-1,1,kalil0321-ats-companies
parallelz,apply.workable.com/parallelz,1,kalil0321-ats-companies
paramount-commerce,apply.workable.com/paramount-commerce,1,kalil0321-ats-companies
pardon,apply.workable.com/pardon,1,kalil0321-ats-companies
pareto-publishing,apply.workable.com/pareto-publishing,1,kalil0321-ats-companies
park-place-finance-llc,apply.workable.com/park-place-finance-llc,1,kalil0321-ats-companies
parla,apply.workable.com/parla,1,kalil0321-ats-companies
parmanenergy,apply.workable.com/parmanenergy,1,kalil0321-ats-companies
pars-therapy,apply.workable.com/pars-therapy,1,kalil0321-ats-companies
partale-talent,apply.workable.com/partale-talent,1,kalil0321-ats-companies
partech,apply.workable.com/partech,1,kalil0321-ats-companies
partechpartners,apply.workable.com/partechpartners,1,kalil0321-ats-companies
partner-one-capital,apply.workable.com/partner-one-capital,1,kalil0321-ats-companies
partnercentric,apply.workable.com/partnercentric,1,kalil0321-ats-companies
pasha-holding,apply.workable.com/pasha-holding,1,kalil0321-ats-companies
passage,apply.workable.com/passage,1,kalil0321-ats-companies
passionfruit,apply.workable.com/passionfruit,1,kalil0321-ats-companies
passionio,apply.workable.com/passionio,1,kalil0321-ats-companies
passthekeys,apply.workable.com/passthekeys,1,kalil0321-ats-companies
patchstack,apply.workable.com/patchstack,1,kalil0321-ats-companies
path-construction,apply.workable.com/path-construction,1,kalil0321-ats-companies
pathfinder-solutions,apply.workable.com/pathfinder-solutions,1,ches-ctrl-cheddar
pathlight,apply.workable.com/pathlight,1,kalil0321-ats-companies
pathwaycom,apply.workable.com/pathwaycom,2,ches-ctrl-cheddar;kalil0321-ats-companies
patientiq,apply.workable.com/patientiq,1,kalil0321-ats-companies
patients,apply.workable.com/patients,1,kalil0321-ats-companies
patriot-software,apply.workable.com/patriot-software,1,kalil0321-ats-companies
patrique-mercier-recruitment-1,apply.workable.com/patrique-mercier-recruitment-1,1,kalil0321-ats-companies
patrique-mercier-recruitment-fr,apply.workable.com/patrique-mercier-recruitment-fr,1,kalil0321-ats-companies
pavago,apply.workable.com/pavago,1,kalil0321-ats-companies
paxt,apply.workable.com/paxt,1,kalil0321-ats-companies
payability,apply.workable.com/payability,1,kalil0321-ats-companies
payabl,apply.workable.com/payabl,1,kalil0321-ats-companies
payfuture,apply.workable.com/payfuture,1,kalil0321-ats-companies
paylidify,apply.workable.com/paylidify,1,kalil0321-ats-companies
payload-studios,apply.workable.com/payload-studios,1,outscal-openjobs
paysure,apply.workable.com/paysure,1,kalil0321-ats-companies
peachpay,apply.workable.com/peachpay,1,kalil0321-ats-companies
peak-made,apply.workable.com/peak-made,1,kalil0321-ats-companies
peaksware,apply.workable.com/peaksware,1,kalil0321-ats-companies
pearlabyss-europe,apply.workable.com/pearlabyss-europe,1,kalil0321-ats-companies
pearltalent,apply.workable.com/pearltalent,1,kalil0321-ats-companies
pecan,apply.workable.com/pecan,1,kalil0321-ats-companies
pegadaian,apply.workable.com/pegadaian,1,kalil0321-ats-companies
pele-energy-group,apply.workable.com/pele-energy-group,1,kalil0321-ats-companies
pelesoccer,apply.workable.com/pelesoccer,1,kalil0321-ats-companies
pelesys-learning-systems-inc,apply.workable.com/pelesys-learning-systems-inc,1,kalil0321-ats-companies
pennmutual,apply.workable.com/pennmutual,1,kalil0321-ats-companies
penny-ai,apply.workable.com/penny-ai,1,kalil0321-ats-companies
penpal-schools,apply.workable.com/penpal-schools,1,kalil0321-ats-companies
pension-services-corporation-limited,apply.workable.com/pension-services-corporation-limited,1,kalil0321-ats-companies
people-in-need-2,apply.workable.com/people-in-need-2,1,kalil0321-ats-companies
people4undp,apply.workable.com/people4undp,1,kalil0321-ats-companies
peoplecert,apply.workable.com/peoplecert,1,kalil0321-ats-companies
peoplepowered,apply.workable.com/peoplepowered,1,kalil0321-ats-companies
peppermayo,apply.workable.com/peppermayo,1,kalil0321-ats-companies
pepperstone,apply.workable.com/pepperstone,1,kalil0321-ats-companies
percihealth,apply.workable.com/percihealth,1,kalil0321-ats-companies
pereview-software,apply.workable.com/pereview-software,1,kalil0321-ats-companies
performyard,apply.workable.com/performyard,1,kalil0321-ats-companies
perlego,apply.workable.com/perlego,1,kalil0321-ats-companies
perryhomes,apply.workable.com/perryhomes,1,kalil0321-ats-companies
perryweather,apply.workable.com/perryweather,1,kalil0321-ats-companies
persado,apply.workable.com/persado,1,kalil0321-ats-companies
persimmons-ai,apply.workable.com/persimmons-ai,1,kalil0321-ats-companies
persuit-1,apply.workable.com/persuit-1,1,kalil0321-ats-companies
petbuddy,apply.workable.com/petbuddy,1,kalil0321-ats-companies
petlab-co,apply.workable.com/petlab-co,1,kalil0321-ats-companies
petroapp,apply.workable.com/petroapp,1,kalil0321-ats-companies
petrotec,apply.workable.com/petrotec,1,kalil0321-ats-companies
petsource-asia-limited,apply.workable.com/petsource-asia-limited,1,kalil0321-ats-companies
pfm-global-fzco,apply.workable.com/pfm-global-fzco,1,kalil0321-ats-companies
pgi-organics,apply.workable.com/pgi-organics,1,kalil0321-ats-companies
pgtek,apply.workable.com/pgtek,1,kalil0321-ats-companies
pharmathen,apply.workable.com/pharmathen,1,kalil0321-ats-companies
phasecraft-1,apply.workable.com/phasecraft-1,1,kalil0321-ats-companies
phasorengineering,apply.workable.com/phasorengineering,1,kalil0321-ats-companies
philinc,apply.workable.com/philinc,1,kalil0321-ats-companies
phillips-consulting,apply.workable.com/phillips-consulting,1,kalil0321-ats-companies
phillips-corporation,apply.workable.com/phillips-corporation,1,kalil0321-ats-companies
phocassoftware,apply.workable.com/phocassoftware,1,kalil0321-ats-companies
phoenix-home-care-and-hospice,apply.workable.com/phoenix-home-care-and-hospice,1,kalil0321-ats-companies
phoenix-software,apply.workable.com/phoenix-software,1,kalil0321-ats-companies
photoboothsuppplyco,apply.workable.com/photoboothsuppplyco,1,kalil0321-ats-companies
photoshelter,apply.workable.com/photoshelter,1,kalil0321-ats-companies
physera,apply.workable.com/physera,1,kalil0321-ats-companies
picassomd,apply.workable.com/picassomd,1,kalil0321-ats-companies
pierce,apply.workable.com/pierce,1,kalil0321-ats-companies
piggy,apply.workable.com/piggy,1,kalil0321-ats-companies
pikpok,apply.workable.com/pikpok,1,outscal-openjobs
pilcrow,apply.workable.com/pilcrow,1,kalil0321-ats-companies
pilot,apply.workable.com/pilot,1,kalil0321-ats-companies
pinata,apply.workable.com/pinata,1,kalil0321-ats-companies
pineapple-staffing,apply.workable.com/pineapple-staffing,1,kalil0321-ats-companies
pinefield,apply.workable.com/pinefield,1,kalil0321-ats-companies
pinely,apply.workable.com/pinely,1,kalil0321-ats-companies
pinewoodaicareers,apply.workable.com/pinewoodaicareers,1,kalil0321-ats-companies
pink-joint,apply.workable.com/pink-joint,1,kalil0321-ats-companies
pinkston,apply.workable.com/pinkston,1,kalil0321-ats-companies
pinnacle-middle-east,apply.workable.com/pinnacle-middle-east,1,kalil0321-ats-companies
pinterest,apply.workable.com/pinterest,1,kalil0321-ats-companies
pipeline-gurus,apply.workable.com/pipeline-gurus,1,kalil0321-ats-companies
piraeus-bank,apply.workable.com/piraeus-bank,1,kalil0321-ats-companies
piratagroup,apply.workable.com/piratagroup,1,kalil0321-ats-companies
pirate-studios,apply.workable.com/pirate-studios,1,kalil0321-ats-companies
pitch-marketing-group,apply.workable.com/pitch-marketing-group,1,kalil0321-ats-companies
pitch-software,apply.workable.com/pitch-software,1,kalil0321-ats-companies
pitchbox,apply.workable.com/pitchbox,1,kalil0321-ats-companies
pitchero,apply.workable.com/pitchero,1,kalil0321-ats-companies
pivot-agency,apply.workable.com/pivot-agency,1,kalil0321-ats-companies
pix4d,apply.workable.com/pix4d,1,kalil0321-ats-companies
pixelogicmedia,apply.workable.com/pixelogicmedia,1,kalil0321-ats-companies
pixlrgroup,apply.workable.com/pixlrgroup,1,kalil0321-ats-companies
places-for-less,apply.workable.com/places-for-less,1,kalil0321-ats-companies
placewise,apply.workable.com/placewise,1,kalil0321-ats-companies
plain,apply.workable.com/plain,1,kalil0321-ats-companies
plainconcepts,apply.workable.com/plainconcepts,1,kalil0321-ats-companies
plaisio-careers,apply.workable.com/plaisio-careers,1,kalil0321-ats-companies
plana,apply.workable.com/plana,2,ches-ctrl-cheddar;kalil0321-ats-companies
planet,apply.workable.com/planet,1,kalil0321-ats-companies
planet-sa-1,apply.workable.com/planet-sa-1,1,kalil0321-ats-companies
planet-sa-international,apply.workable.com/planet-sa-international,1,kalil0321-ats-companies
planetart,apply.workable.com/planetart,1,kalil0321-ats-companies
platinum-list,apply.workable.com/platinum-list,1,kalil0321-ats-companies
platzi,apply.workable.com/platzi,1,kalil0321-ats-companies
playfair,apply.workable.com/playfair,1,kalil0321-ats-companies
playmirai,apply.workable.com/playmirai,1,kalil0321-ats-companies
plumelabs,apply.workable.com/plumelabs,2,ches-ctrl-cheddar;kalil0321-ats-companies
plumerai,apply.workable.com/plumerai,1,kalil0321-ats-companies
plutra-quantitative-trading,apply.workable.com/plutra-quantitative-trading,1,kalil0321-ats-companies
pm2cm,apply.workable.com/pm2cm,1,kalil0321-ats-companies
pmtech,apply.workable.com/pmtech,1,kalil0321-ats-companies
podia,apply.workable.com/podia,1,kalil0321-ats-companies
pogustgoodhead,apply.workable.com/pogustgoodhead,1,kalil0321-ats-companies
polaron,apply.workable.com/polaron,1,kalil0321-ats-companies
pole-star-1,apply.workable.com/pole-star-1,1,kalil0321-ats-companies
policystreet,apply.workable.com/policystreet,1,kalil0321-ats-companies
polonord-adeste-srl,apply.workable.com/polonord-adeste-srl,1,kalil0321-ats-companies
poly-ai,apply.workable.com/poly-ai,2,ches-ctrl-cheddar;kalil0321-ats-companies
pony-dot-ai,apply.workable.com/pony-dot-ai,1,kalil0321-ats-companies
popmenu,apply.workable.com/popmenu,1,kalil0321-ats-companies
poptin,apply.workable.com/poptin,1,outscal-openjobs
porkepic,apply.workable.com/porkepic,1,kalil0321-ats-companies
porsche-asia-pacific,apply.workable.com/porsche-asia-pacific,1,kalil0321-ats-companies
porsche-cars-gb-ltd,apply.workable.com/porsche-cars-gb-ltd,1,kalil0321-ats-companies
portainer,apply.workable.com/portainer,1,kalil0321-ats-companies
portless,apply.workable.com/portless,1,kalil0321-ats-companies
portswigger,apply.workable.com/portswigger,1,kalil0321-ats-companies
posthog,apply.workable.com/posthog,1,kalil0321-ats-companies
postman,apply.workable.com/postman,1,kalil0321-ats-companies
power-factors,apply.workable.com/power-factors,1,kalil0321-ats-companies
powerdash,apply.workable.com/powerdash,1,ches-ctrl-cheddar
powerlines,apply.workable.com/powerlines,1,kalil0321-ats-companies
powtoon,apply.workable.com/powtoon,2,kalil0321-ats-companies;outscal-openjobs
practihealth,apply.workable.com/practihealth,1,kalil0321-ats-companies
praecipio,apply.workable.com/praecipio,2,ches-ctrl-cheddar;kalil0321-ats-companies
prangroup,apply.workable.com/prangroup,1,kalil0321-ats-companies
pravaler-1,apply.workable.com/pravaler-1,1,kalil0321-ats-companies
praytell,apply.workable.com/praytell,1,kalil0321-ats-companies
precoa,apply.workable.com/precoa,1,kalil0321-ats-companies
predoc,apply.workable.com/predoc,1,kalil0321-ats-companies
premier-foods-asia,apply.workable.com/premier-foods-asia,1,kalil0321-ats-companies
premium-merchant-funding-3,apply.workable.com/premium-merchant-funding-3,1,kalil0321-ats-companies
premium-solutions-consultancy,apply.workable.com/premium-solutions-consultancy,1,kalil0321-ats-companies
prenda,apply.workable.com/prenda,1,kalil0321-ats-companies
prepass,apply.workable.com/prepass,1,kalil0321-ats-companies
pressed-roots,apply.workable.com/pressed-roots,1,kalil0321-ats-companies
pressreader,apply.workable.com/pressreader,1,kalil0321-ats-companies
prestage,apply.workable.com/prestage,1,kalil0321-ats-companies
prestocks,apply.workable.com/prestocks,1,kalil0321-ats-companies
prevail,apply.workable.com/prevail,1,kalil0321-ats-companies
primait,apply.workable.com/primait,1,kalil0321-ats-companies
prime-system,apply.workable.com/prime-system,1,kalil0321-ats-companies
primeglobalpeople-join-us,apply.workable.com/primeglobalpeople-join-us,1,kalil0321-ats-companies
printec,apply.workable.com/printec,1,kalil0321-ats-companies
printfresh,apply.workable.com/printfresh,1,kalil0321-ats-companies
prioritychef,apply.workable.com/prioritychef,1,kalil0321-ats-companies
prism-consulting-group-singapore,apply.workable.com/prism-consulting-group-singapore,1,kalil0321-ats-companies
prisma-3,apply.workable.com/prisma-3,1,kalil0321-ats-companies
prismplus,apply.workable.com/prismplus,1,kalil0321-ats-companies
privy-2,apply.workable.com/privy-2,1,kalil0321-ats-companies
privyr,apply.workable.com/privyr,1,kalil0321-ats-companies
pro-aims-resources,apply.workable.com/pro-aims-resources,1,kalil0321-ats-companies
proactive-talent-solutions,apply.workable.com/proactive-talent-solutions,1,kalil0321-ats-companies
proarch-3,apply.workable.com/proarch-3,1,kalil0321-ats-companies
prochant-us,apply.workable.com/prochant-us,1,kalil0321-ats-companies
procook-1,apply.workable.com/procook-1,1,kalil0321-ats-companies
prodpad,apply.workable.com/prodpad,1,kalil0321-ats-companies
productio,apply.workable.com/productio,1,kalil0321-ats-companies
professional-pt,apply.workable.com/professional-pt,1,kalil0321-ats-companies
proficio-inc,apply.workable.com/proficio-inc,1,kalil0321-ats-companies
profile-sw,apply.workable.com/profile-sw,1,kalil0321-ats-companies
profisee,apply.workable.com/profisee,1,ches-ctrl-cheddar
profitcoach,apply.workable.com/profitcoach,1,kalil0321-ats-companies
progressoft,apply.workable.com/progressoft,1,kalil0321-ats-companies
project-canary,apply.workable.com/project-canary,1,ches-ctrl-cheddar
projectfitter,apply.workable.com/projectfitter,1,kalil0321-ats-companies
prolific-world,apply.workable.com/prolific-world,1,kalil0321-ats-companies
prolucid-technologies,apply.workable.com/prolucid-technologies,1,kalil0321-ats-companies
prominence-advisors,apply.workable.com/prominence-advisors,1,kalil0321-ats-companies
propertylimbrothers,apply.workable.com/propertylimbrothers,1,kalil0321-ats-companies
prosapient,apply.workable.com/prosapient,1,kalil0321-ats-companies
prosci,apply.workable.com/prosci,1,kalil0321-ats-companies
prosource-dot-i-t,apply.workable.com/prosource-dot-i-t,1,kalil0321-ats-companies
prosphire,apply.workable.com/prosphire,1,kalil0321-ats-companies
prosync,apply.workable.com/prosync,1,kalil0321-ats-companies
protec-dental-laboratories,apply.workable.com/protec-dental-laboratories,1,kalil0321-ats-companies
protera,apply.workable.com/protera,1,kalil0321-ats-companies
prototech-solutions-and-services-pvt-ltd,apply.workable.com/prototech-solutions-and-services-pvt-ltd,1,kalil0321-ats-companies
provider1st,apply.workable.com/provider1st,1,kalil0321-ats-companies
prox-works,apply.workable.com/prox-works,1,kalil0321-ats-companies
proxxiband,apply.workable.com/proxxiband,1,kalil0321-ats-companies
proxymity,apply.workable.com/proxymity,1,kalil0321-ats-companies
prx,apply.workable.com/prx,1,kalil0321-ats-companies
psychology-today,apply.workable.com/psychology-today,1,kalil0321-ats-companies
pt-link-net-tbk-1,apply.workable.com/pt-link-net-tbk-1,1,kalil0321-ats-companies
ptw-i,apply.workable.com/ptw-i,1,outscal-openjobs
pubguard,apply.workable.com/pubguard,1,kalil0321-ats-companies
public-cy,apply.workable.com/public-cy,1,kalil0321-ats-companies
public-digital-1,apply.workable.com/public-digital-1,1,kalil0321-ats-companies
publishers-clearing-house,apply.workable.com/publishers-clearing-house,1,kalil0321-ats-companies
pulsegames,apply.workable.com/pulsegames,1,kalil0321-ats-companies
pulsehire-fze,apply.workable.com/pulsehire-fze,1,kalil0321-ats-companies
purely-optimal-inc,apply.workable.com/purely-optimal-inc,1,kalil0321-ats-companies
puulse-marketing,apply.workable.com/puulse-marketing,1,kalil0321-ats-companies
pxgeo,apply.workable.com/pxgeo,1,kalil0321-ats-companies
pxo,apply.workable.com/pxo,1,kalil0321-ats-companies
pymetrics,apply.workable.com/pymetrics,1,kalil0321-ats-companies
q-energy,apply.workable.com/q-energy,1,kalil0321-ats-companies
q5-partners,apply.workable.com/q5-partners,1,kalil0321-ats-companies
qatalog,apply.workable.com/qatalog,1,kalil0321-ats-companies
qbdvision,apply.workable.com/qbdvision,1,kalil0321-ats-companies
qbs-provider-of-safety-care,apply.workable.com/qbs-provider-of-safety-care,1,kalil0321-ats-companies
qcp-group,apply.workable.com/qcp-group,1,kalil0321-ats-companies
qgiv,apply.workable.com/qgiv,1,ches-ctrl-cheddar
qiddiya-investment-company-1,apply.workable.com/qiddiya-investment-company-1,1,kalil0321-ats-companies
qoala,apply.workable.com/qoala,1,kalil0321-ats-companies
qodea,apply.workable.com/qodea,1,kalil0321-ats-companies
qodeworld,apply.workable.com/qodeworld,1,kalil0321-ats-companies
qquant-master-servicer-sa,apply.workable.com/qquant-master-servicer-sa,1,kalil0321-ats-companies
qracorp,apply.workable.com/qracorp,1,kalil0321-ats-companies
quadric-dot-i-o-inc,apply.workable.com/quadric-dot-i-o-inc,1,kalil0321-ats-companies
quaestus-1,apply.workable.com/quaestus-1,1,kalil0321-ats-companies
qualco,apply.workable.com/qualco,1,kalil0321-ats-companies
qualee,apply.workable.com/qualee,1,kalil0321-ats-companies
qualicom,apply.workable.com/qualicom,1,kalil0321-ats-companies
qualio,apply.workable.com/qualio,1,kalil0321-ats-companies
qualis-corporation,apply.workable.com/qualis-corporation,1,kalil0321-ats-companies
qualitest-1,apply.workable.com/qualitest-1,1,kalil0321-ats-companies
quandela,apply.workable.com/quandela,1,kalil0321-ats-companies
quanta-canada-renewables,apply.workable.com/quanta-canada-renewables,1,kalil0321-ats-companies
quantexa,apply.workable.com/quantexa,1,kalil0321-ats-companies
quanthub,apply.workable.com/quanthub,1,kalil0321-ats-companies
quantic-1,apply.workable.com/quantic-1,1,kalil0321-ats-companies
quanticate,apply.workable.com/quanticate,1,kalil0321-ats-companies
quantis,apply.workable.com/quantis,1,kalil0321-ats-companies
quantsapp-1,apply.workable.com/quantsapp-1,1,outscal-openjobs
quantum-fuel-systems-llc,apply.workable.com/quantum-fuel-systems-llc,1,kalil0321-ats-companies
quartic-ai,apply.workable.com/quartic-ai,1,kalil0321-ats-companies
quasar,apply.workable.com/quasar,1,kalil0321-ats-companies
queen-anna-house-of-fashion,apply.workable.com/queen-anna-house-of-fashion,1,kalil0321-ats-companies
questronix-corporation-2,apply.workable.com/questronix-corporation-2,1,kalil0321-ats-companies
queueco,apply.workable.com/queueco,1,kalil0321-ats-companies
quickrelease,apply.workable.com/quickrelease,1,kalil0321-ats-companies
quickstarter,apply.workable.com/quickstarter,1,kalil0321-ats-companies
quikrete,apply.workable.com/quikrete,1,kalil0321-ats-companies
quintoandar,apply.workable.com/quintoandar,1,kalil0321-ats-companies
quistor,apply.workable.com/quistor,1,kalil0321-ats-companies
quizizz,apply.workable.com/quizizz,1,kalil0321-ats-companies
quona-capital-llc,apply.workable.com/quona-capital-llc,1,kalil0321-ats-companies
quonticbank,apply.workable.com/quonticbank,1,kalil0321-ats-companies
qurba,apply.workable.com/qurba,1,kalil0321-ats-companies
qwinix,apply.workable.com/qwinix,1,kalil0321-ats-companies
r2net,apply.workable.com/r2net,1,kalil0321-ats-companies
racecommunications,apply.workable.com/racecommunications,1,kalil0321-ats-companies
racingbreaks,apply.workable.com/racingbreaks,1,kalil0321-ats-companies
radiant-hospitality,apply.workable.com/radiant-hospitality,1,kalil0321-ats-companies
radley-yeldar,apply.workable.com/radley-yeldar,1,kalil0321-ats-companies
raftai,apply.workable.com/raftai,1,kalil0321-ats-companies
rail-delivery-group,apply.workable.com/rail-delivery-group,1,kalil0321-ats-companies
rainmaking-innovation,apply.workable.com/rainmaking-innovation,1,kalil0321-ats-companies
rallye-motors,apply.workable.com/rallye-motors,1,kalil0321-ats-companies
ram-investment-advisors-limited,apply.workable.com/ram-investment-advisors-limited,1,kalil0321-ats-companies
rand-europe,apply.workable.com/rand-europe,1,kalil0321-ats-companies
rankings,apply.workable.com/rankings,1,kalil0321-ats-companies
rankona-mazon-ab,apply.workable.com/rankona-mazon-ab,1,kalil0321-ats-companies
rapsodo,apply.workable.com/rapsodo,1,kalil0321-ats-companies
raptee-energy,apply.workable.com/raptee-energy,1,kalil0321-ats-companies
rapyuta-robotics,apply.workable.com/rapyuta-robotics,1,kalil0321-ats-companies
rasidholding,apply.workable.com/rasidholding,1,kalil0321-ats-companies
raspberrypi,apply.workable.com/raspberrypi,1,kalil0321-ats-companies
raspberrypifoundation,apply.workable.com/raspberrypifoundation,1,kalil0321-ats-companies
ratehawk,apply.workable.com/ratehawk,1,kalil0321-ats-companies
raths-raths-and-johnson,apply.workable.com/raths-raths-and-johnson,1,kalil0321-ats-companies
ravelin,apply.workable.com/ravelin,1,kalil0321-ats-companies
rawsignalgroup,apply.workable.com/rawsignalgroup,1,kalil0321-ats-companies
rditrials,apply.workable.com/rditrials,1,kalil0321-ats-companies
re7-capital,apply.workable.com/re7-capital,1,kalil0321-ats-companies
reaadvisory,apply.workable.com/reaadvisory,1,kalil0321-ats-companies
reach-europe,apply.workable.com/reach-europe,1,kalil0321-ats-companies
readytogrowgardens,apply.workable.com/readytogrowgardens,1,kalil0321-ats-companies
real1884,apply.workable.com/real1884,1,kalil0321-ats-companies
reallygreatteachers,apply.workable.com/reallygreatteachers,1,kalil0321-ats-companies
reapra-pte-ltd,apply.workable.com/reapra-pte-ltd,1,kalil0321-ats-companies
rebellion,apply.workable.com/rebellion,2,kalil0321-ats-companies;outscal-openjobs
recargapay,apply.workable.com/recargapay,1,kalil0321-ats-companies
recover-medical-group,apply.workable.com/recover-medical-group,1,kalil0321-ats-companies
recovery-partners,apply.workable.com/recovery-partners,1,kalil0321-ats-companies
recruitamc,apply.workable.com/recruitamc,1,kalil0321-ats-companies
recruitloop,apply.workable.com/recruitloop,1,kalil0321-ats-companies
recurly,apply.workable.com/recurly,1,kalil0321-ats-companies
red-cedar-solutions,apply.workable.com/red-cedar-solutions,1,kalil0321-ats-companies
redairship,apply.workable.com/redairship,1,kalil0321-ats-companies
redlion-mobility,apply.workable.com/redlion-mobility,1,kalil0321-ats-companies
redox,apply.workable.com/redox,1,kalil0321-ats-companies
ree-medical,apply.workable.com/ree-medical,1,kalil0321-ats-companies
reebok,apply.workable.com/reebok,1,kalil0321-ats-companies
reeds,apply.workable.com/reeds,1,kalil0321-ats-companies
reedsy,apply.workable.com/reedsy,1,kalil0321-ats-companies
refloor,apply.workable.com/refloor,1,kalil0321-ats-companies
reform,apply.workable.com/reform,1,kalil0321-ats-companies
regional-airline-association,apply.workable.com/regional-airline-association,1,kalil0321-ats-companies
reliant-ai,apply.workable.com/reliant-ai,1,kalil0321-ats-companies
relminsurance,apply.workable.com/relminsurance,1,kalil0321-ats-companies
rely-health,apply.workable.com/rely-health,1,kalil0321-ats-companies
remegenbio,apply.workable.com/remegenbio,1,kalil0321-ats-companies
remote-raven,apply.workable.com/remote-raven,1,kalil0321-ats-companies
remote-recruitment,apply.workable.com/remote-recruitment,1,kalil0321-ats-companies
remote-talent-cloud,apply.workable.com/remote-talent-cloud,1,kalil0321-ats-companies
remote-talent-latam,apply.workable.com/remote-talent-latam,1,kalil0321-ats-companies
remote-va,apply.workable.com/remote-va,1,kalil0321-ats-companies
remotebase,apply.workable.com/remotebase,1,kalil0321-ats-companies
remotivatejobs,apply.workable.com/remotivatejobs,1,kalil0321-ats-companies
renewhome,apply.workable.com/renewhome,1,kalil0321-ats-companies
renmoney,apply.workable.com/renmoney,1,kalil0321-ats-companies
reno-orthopedic-center,apply.workable.com/reno-orthopedic-center,1,kalil0321-ats-companies
renovco,apply.workable.com/renovco,1,kalil0321-ats-companies
rentokil-initial,apply.workable.com/rentokil-initial,1,kalil0321-ats-companies
reqroo,apply.workable.com/reqroo,1,kalil0321-ats-companies
research-collaborative,apply.workable.com/research-collaborative,1,kalil0321-ats-companies
resident-advisor,apply.workable.com/resident-advisor,1,kalil0321-ats-companies
resola,apply.workable.com/resola,1,kalil0321-ats-companies
resonant-link,apply.workable.com/resonant-link,1,ches-ctrl-cheddar
resonate-solutions,apply.workable.com/resonate-solutions,1,kalil0321-ats-companies
resource-guru,apply.workable.com/resource-guru,1,kalil0321-ats-companies
resource-innovations,apply.workable.com/resource-innovations,2,ches-ctrl-cheddar;kalil0321-ats-companies
respect,apply.workable.com/respect,1,kalil0321-ats-companies
respiris,apply.workable.com/respiris,1,kalil0321-ats-companies
respro-health,apply.workable.com/respro-health,1,kalil0321-ats-companies
resultance,apply.workable.com/resultance,1,kalil0321-ats-companies
resy-1,apply.workable.com/resy-1,1,kalil0321-ats-companies
retail-circle,apply.workable.com/retail-circle,1,kalil0321-ats-companies
retail-knights-limited,apply.workable.com/retail-knights-limited,1,kalil0321-ats-companies
retinai,apply.workable.com/retinai,1,kalil0321-ats-companies
retirement-villages-group,apply.workable.com/retirement-villages-group,1,kalil0321-ats-companies
revaya,apply.workable.com/revaya,1,kalil0321-ats-companies
reveal-health-tech,apply.workable.com/reveal-health-tech,1,kalil0321-ats-companies
reversinglabs,apply.workable.com/reversinglabs,3,ches-ctrl-cheddar;kalil0321-ats-companies;outscal-openjobs
revive-media,apply.workable.com/revive-media,1,kalil0321-ats-companies
rewardsco-3,apply.workable.com/rewardsco-3,1,kalil0321-ats-companies
rewiring-america,apply.workable.com/rewiring-america,2,ches-ctrl-cheddar;kalil0321-ats-companies
reworkssolutions,apply.workable.com/reworkssolutions,1,kalil0321-ats-companies
rex-architecture,apply.workable.com/rex-architecture,1,kalil0321-ats-companies
rezilient,apply.workable.com/rezilient,1,kalil0321-ats-companies
rfiglobal,apply.workable.com/rfiglobal,1,kalil0321-ats-companies
rgheeb-1,apply.workable.com/rgheeb-1,1,kalil0321-ats-companies
rhinoafrica,apply.workable.com/rhinoafrica,1,kalil0321-ats-companies
ride100percent,apply.workable.com/ride100percent,1,kalil0321-ats-companies
ridehealth,apply.workable.com/ridehealth,1,kalil0321-ats-companies
rightangled,apply.workable.com/rightangled,1,kalil0321-ats-companies
righthookdigital,apply.workable.com/righthookdigital,1,kalil0321-ats-companies
rightsite-health-1,apply.workable.com/rightsite-health-1,1,kalil0321-ats-companies
rimkus,apply.workable.com/rimkus,1,kalil0321-ats-companies
ripjar,apply.workable.com/ripjar,1,kalil0321-ats-companies
rising-academies,apply.workable.com/rising-academies,1,kalil0321-ats-companies
rising-medical-solutions-1,apply.workable.com/rising-medical-solutions-1,1,kalil0321-ats-companies
risingedgegroup,apply.workable.com/risingedgegroup,1,kalil0321-ats-companies
risk-focus-global,apply.workable.com/risk-focus-global,1,kalil0321-ats-companies
rivecareers,apply.workable.com/rivecareers,2,kalil0321-ats-companies;outscal-openjobs
riverlane,apply.workable.com/riverlane,1,kalil0321-ats-companies
riverside-insights,apply.workable.com/riverside-insights,1,kalil0321-ats-companies
riviana-foods,apply.workable.com/riviana-foods,1,kalil0321-ats-companies
rixo,apply.workable.com/rixo,1,kalil0321-ats-companies
rlj-lodging-trust,apply.workable.com/rlj-lodging-trust,1,kalil0321-ats-companies
rmf-engineering-inc,apply.workable.com/rmf-engineering-inc,1,kalil0321-ats-companies
rna-analytics,apply.workable.com/rna-analytics,1,kalil0321-ats-companies
roark-capital,apply.workable.com/roark-capital,1,kalil0321-ats-companies
robotec-ai,apply.workable.com/robotec-ai,1,kalil0321-ats-companies
robusta,apply.workable.com/robusta,1,kalil0321-ats-companies
rocketams,apply.workable.com/rocketams,1,kalil0321-ats-companies
rockpetroleum,apply.workable.com/rockpetroleum,1,kalil0321-ats-companies
rockstar-3,apply.workable.com/rockstar-3,1,kalil0321-ats-companies
rocky-talkie,apply.workable.com/rocky-talkie,1,kalil0321-ats-companies
roi-hunter,apply.workable.com/roi-hunter,1,kalil0321-ats-companies
rokt,apply.workable.com/rokt,1,kalil0321-ats-companies
roland-associates,apply.workable.com/roland-associates,1,kalil0321-ats-companies
role-scale,apply.workable.com/role-scale,1,kalil0321-ats-companies
roller,apply.workable.com/roller,1,ches-ctrl-cheddar
roller-software,apply.workable.com/roller-software,1,kalil0321-ats-companies
rooteco,apply.workable.com/rooteco,1,kalil0321-ats-companies
roster,apply.workable.com/roster,1,kalil0321-ats-companies
roundtrip-travel,apply.workable.com/roundtrip-travel,1,kalil0321-ats-companies
routable,apply.workable.com/routable,1,kalil0321-ats-companies
routesmart-technologies-inc,apply.workable.com/routesmart-technologies-inc,1,kalil0321-ats-companies
royal-ocean-marine,apply.workable.com/royal-ocean-marine,1,kalil0321-ats-companies
royalty-hospitality-staffing-1,apply.workable.com/royalty-hospitality-staffing-1,1,kalil0321-ats-companies
roys-towne-pub,apply.workable.com/roys-towne-pub,1,kalil0321-ats-companies
rpmltd,apply.workable.com/rpmltd,1,kalil0321-ats-companies
rsa-global,apply.workable.com/rsa-global,1,kalil0321-ats-companies
rtm-business-group,apply.workable.com/rtm-business-group,2,andreasasprou-ats-finder;kalil0321-ats-companies
runna,apply.workable.com/runna,1,kalil0321-ats-companies
runway-east,apply.workable.com/runway-east,1,kalil0321-ats-companies
rushable,apply.workable.com/rushable,1,kalil0321-ats-companies
rutledge-healthcare,apply.workable.com/rutledge-healthcare,1,kalil0321-ats-companies
ruvixx,apply.workable.com/ruvixx,1,kalil0321-ats-companies
rxdata,apply.workable.com/rxdata,1,kalil0321-ats-companies
rxp,apply.workable.com/rxp,1,kalil0321-ats-companies
ryanair,apply.workable.com/ryanair,1,kalil0321-ats-companies
rydoo,apply.workable.com/rydoo,1,kalil0321-ats-companies
ryno-strategic-solutions,apply.workable.com/ryno-strategic-solutions,1,kalil0321-ats-companies
ryse,apply.workable.com/ryse,1,kalil0321-ats-companies
rystad-energy,apply.workable.com/rystad-energy,1,kalil0321-ats-companies
s3s,apply.workable.com/s3s,1,kalil0321-ats-companies
saaf-finance,apply.workable.com/saaf-finance,1,kalil0321-ats-companies
saalex,apply.workable.com/saalex,1,kalil0321-ats-companies
saeki,apply.workable.com/saeki,1,kalil0321-ats-companies
safe-direction,apply.workable.com/safe-direction,1,kalil0321-ats-companies
safrangroup,apply.workable.com/safrangroup,1,kalil0321-ats-companies
saga-diagnostics,apply.workable.com/saga-diagnostics,1,kalil0321-ats-companies
sago-group,apply.workable.com/sago-group,1,kalil0321-ats-companies
saibberllc,apply.workable.com/saibberllc,1,kalil0321-ats-companies
salesfit-staffing-solutions,apply.workable.com/salesfit-staffing-solutions,1,kalil0321-ats-companies
salesfolks,apply.workable.com/salesfolks,1,kalil0321-ats-companies
saleshub,apply.workable.com/saleshub,1,kalil0321-ats-companies
salina,apply.workable.com/salina,1,kalil0321-ats-companies
salla,apply.workable.com/salla,1,kalil0321-ats-companies
salttechno,apply.workable.com/salttechno,1,kalil0321-ats-companies
saltwatergames,apply.workable.com/saltwatergames,1,outscal-openjobs
sam-18,apply.workable.com/sam-18,1,kalil0321-ats-companies
samacoaching,apply.workable.com/samacoaching,1,kalil0321-ats-companies
samcart,apply.workable.com/samcart,1,kalil0321-ats-companies
saminavantia,apply.workable.com/saminavantia,1,kalil0321-ats-companies
samsung-sds-america,apply.workable.com/samsung-sds-america,1,kalil0321-ats-companies
san-diego-county-regional-airport-authority,apply.workable.com/san-diego-county-regional-airport-authority,1,kalil0321-ats-companies
san-diego-foundation,apply.workable.com/san-diego-foundation,1,kalil0321-ats-companies
san-francisco-wine-trading-company-1,apply.workable.com/san-francisco-wine-trading-company-1,1,kalil0321-ats-companies
sanction-scanner,apply.workable.com/sanction-scanner,1,kalil0321-ats-companies
sand-cherry-associates-1,apply.workable.com/sand-cherry-associates-1,1,kalil0321-ats-companies
sandalwood-engineering-and-ergonomics,apply.workable.com/sandalwood-engineering-and-ergonomics,1,kalil0321-ats-companies
sandemans-new-europe,apply.workable.com/sandemans-new-europe,1,kalil0321-ats-companies
sandpiper-productions,apply.workable.com/sandpiper-productions,1,kalil0321-ats-companies
sanford-health,apply.workable.com/sanford-health,1,kalil0321-ats-companies
sangoma-3,apply.workable.com/sangoma-3,1,kalil0321-ats-companies
sans-2,apply.workable.com/sans-2,1,kalil0321-ats-companies
sapsol-technologies-inc-7,apply.workable.com/sapsol-technologies-inc-7,1,kalil0321-ats-companies
sarmad,apply.workable.com/sarmad,1,kalil0321-ats-companies
saskatchewan-roughriders,apply.workable.com/saskatchewan-roughriders,1,kalil0321-ats-companies
sasmar,apply.workable.com/sasmar,1,kalil0321-ats-companies
satellitevu,apply.workable.com/satellitevu,1,kalil0321-ats-companies
satori-analytics-1,apply.workable.com/satori-analytics-1,1,kalil0321-ats-companies
satoshi-energy,apply.workable.com/satoshi-energy,1,kalil0321-ats-companies
save-more-marketplace-1,apply.workable.com/save-more-marketplace-1,1,kalil0321-ats-companies
savvytalent,apply.workable.com/savvytalent,1,kalil0321-ats-companies
sawhorse-productions,apply.workable.com/sawhorse-productions,2,kalil0321-ats-companies;outscal-openjobs
sawyer-studios,apply.workable.com/sawyer-studios,1,kalil0321-ats-companies
sayweee,apply.workable.com/sayweee,1,kalil0321-ats-companies
scahill-law-group,apply.workable.com/scahill-law-group,1,kalil0321-ats-companies
scalable,apply.workable.com/scalable,1,kalil0321-ats-companies
scale-virtually,apply.workable.com/scale-virtually,1,kalil0321-ats-companies
scalepex,apply.workable.com/scalepex,1,kalil0321-ats-companies
scalesource-1,apply.workable.com/scalesource-1,1,kalil0321-ats-companies
scalingcom,apply.workable.com/scalingcom,1,kalil0321-ats-companies
scede-dot-io-2,apply.workable.com/scede-dot-io-2,1,kalil0321-ats-companies
schilling-cider,apply.workable.com/schilling-cider,1,kalil0321-ats-companies
schneiderinnovations,apply.workable.com/schneiderinnovations,1,kalil0321-ats-companies
schoolinks,apply.workable.com/schoolinks,1,kalil0321-ats-companies
schoox,apply.workable.com/schoox,1,kalil0321-ats-companies
scientia,apply.workable.com/scientia,1,kalil0321-ats-companies
scitec,apply.workable.com/scitec,1,kalil0321-ats-companies
scorpio-electric,apply.workable.com/scorpio-electric,1,kalil0321-ats-companies
scout-clean-energy,apply.workable.com/scout-clean-energy,1,kalil0321-ats-companies
screenmedia,apply.workable.com/screenmedia,1,kalil0321-ats-companies
screenpal,apply.workable.com/screenpal,1,kalil0321-ats-companies
sdfgroup,apply.workable.com/sdfgroup,1,kalil0321-ats-companies
sdsc,apply.workable.com/sdsc,1,kalil0321-ats-companies
seadev,apply.workable.com/seadev,1,kalil0321-ats-companies
sealanddesign,apply.workable.com/sealanddesign,1,kalil0321-ats-companies
sealy-mattress-middle-east,apply.workable.com/sealy-mattress-middle-east,1,kalil0321-ats-companies
sealyme,apply.workable.com/sealyme,1,kalil0321-ats-companies
seapoint,apply.workable.com/seapoint,1,kalil0321-ats-companies
searchplus-hr-4,apply.workable.com/searchplus-hr-4,1,kalil0321-ats-companies
secheron-s-dot-a,apply.workable.com/secheron-s-dot-a,1,kalil0321-ats-companies
secondmuse,apply.workable.com/secondmuse,1,ches-ctrl-cheddar
secret-6,apply.workable.com/secret-6,2,kalil0321-ats-companies;outscal-openjobs
securibox,apply.workable.com/securibox,1,kalil0321-ats-companies
securityriskadvisors,apply.workable.com/securityriskadvisors,1,kalil0321-ats-companies
seedlegals,apply.workable.com/seedlegals,1,kalil0321-ats-companies
seekho,apply.workable.com/seekho,1,kalil0321-ats-companies
seeq,apply.workable.com/seeq,1,kalil0321-ats-companies
seervision,apply.workable.com/seervision,1,kalil0321-ats-companies
sei,apply.workable.com/sei,1,kalil0321-ats-companies
seismic,apply.workable.com/seismic,1,kalil0321-ats-companies
seliuk-ltd,apply.workable.com/seliuk-ltd,1,kalil0321-ats-companies
semaphore,apply.workable.com/semaphore,1,kalil0321-ats-companies
semios,apply.workable.com/semios,1,career-ops
sendinc,apply.workable.com/sendinc,1,kalil0321-ats-companies
seniorverse,apply.workable.com/seniorverse,1,kalil0321-ats-companies
sense,apply.workable.com/sense,1,kalil0321-ats-companies
senseye,apply.workable.com/senseye,1,kalil0321-ats-companies
sentec,apply.workable.com/sentec,1,kalil0321-ats-companies
seon-technologies-1,apply.workable.com/seon-technologies-1,1,kalil0321-ats-companies
seosherpa,apply.workable.com/seosherpa,1,kalil0321-ats-companies
sephora-sea,apply.workable.com/sephora-sea,1,kalil0321-ats-companies
seprod-limited,apply.workable.com/seprod-limited,1,kalil0321-ats-companies
sequel,apply.workable.com/sequel,1,kalil0321-ats-companies
serenityag,apply.workable.com/serenityag,1,kalil0321-ats-companies
serko-ltd,apply.workable.com/serko-ltd,1,kalil0321-ats-companies
servishero,apply.workable.com/servishero,1,kalil0321-ats-companies
session-ai,apply.workable.com/session-ai,1,kalil0321-ats-companies
sessionsii,apply.workable.com/sessionsii,1,kalil0321-ats-companies
seven-titans,apply.workable.com/seven-titans,1,outscal-openjobs
sezane-3,apply.workable.com/sezane-3,1,kalil0321-ats-companies
sh24,apply.workable.com/sh24,1,kalil0321-ats-companies
shadow-light-studios,apply.workable.com/shadow-light-studios,1,kalil0321-ats-companies
shapeways-25,apply.workable.com/shapeways-25,1,kalil0321-ats-companies
shecodes,apply.workable.com/shecodes,1,kalil0321-ats-companies
shelter-house,apply.workable.com/shelter-house,1,kalil0321-ats-companies
shepard-exposition-services,apply.workable.com/shepard-exposition-services,1,kalil0321-ats-companies
sherocommerce,apply.workable.com/sherocommerce,1,kalil0321-ats-companies
shield-1,apply.workable.com/shield-1,1,kalil0321-ats-companies
shift-robotics,apply.workable.com/shift-robotics,1,kalil0321-ats-companies
shiftmove,apply.workable.com/shiftmove,1,kalil0321-ats-companies
shipa,apply.workable.com/shipa,1,kalil0321-ats-companies
shipbird,apply.workable.com/shipbird,1,kalil0321-ats-companies
shipenergy,apply.workable.com/shipenergy,1,kalil0321-ats-companies
shippabo,apply.workable.com/shippabo,1,kalil0321-ats-companies
shockbyte,apply.workable.com/shockbyte,1,kalil0321-ats-companies
shop-and-ship,apply.workable.com/shop-and-ship,1,kalil0321-ats-companies
showforce-uk,apply.workable.com/showforce-uk,1,kalil0321-ats-companies
showmojo,apply.workable.com/showmojo,1,kalil0321-ats-companies
siceanz,apply.workable.com/siceanz,1,kalil0321-ats-companies
sideinc,apply.workable.com/sideinc,2,kalil0321-ats-companies;outscal-openjobs
sidekicktool,apply.workable.com/sidekicktool,1,kalil0321-ats-companies
sidetrade,apply.workable.com/sidetrade,1,kalil0321-ats-companies
sigmadefense,apply.workable.com/sigmadefense,1,kalil0321-ats-companies
sigtech,apply.workable.com/sigtech,1,kalil0321-ats-companies
sihamco,apply.workable.com/sihamco,1,kalil0321-ats-companies
silae,apply.workable.com/silae,1,kalil0321-ats-companies
silvur,apply.workable.com/silvur,1,kalil0321-ats-companies
sime-darby-property-berhad,apply.workable.com/sime-darby-property-berhad,1,kalil0321-ats-companies
simpay,apply.workable.com/simpay,1,kalil0321-ats-companies
simple-machines-3,apply.workable.com/simple-machines-3,1,kalil0321-ats-companies
simple-mills-9,apply.workable.com/simple-mills-9,1,kalil0321-ats-companies
simpleciti,apply.workable.com/simpleciti,1,kalil0321-ats-companies
simprints,apply.workable.com/simprints,1,kalil0321-ats-companies
sincere,apply.workable.com/sincere,1,ches-ctrl-cheddar
sinch,apply.workable.com/sinch,2,kalil0321-ats-companies;outscal-openjobs
sinedigital,apply.workable.com/sinedigital,1,kalil0321-ats-companies
single-grain,apply.workable.com/single-grain,1,kalil0321-ats-companies
singulier,apply.workable.com/singulier,1,kalil0321-ats-companies
sivvi,apply.workable.com/sivvi,1,kalil0321-ats-companies
sjcpl,apply.workable.com/sjcpl,1,kalil0321-ats-companies
sjf-ventures,apply.workable.com/sjf-ventures,1,kalil0321-ats-companies
skeepers,apply.workable.com/skeepers,1,kalil0321-ats-companies
skeletontech,apply.workable.com/skeletontech,1,kalil0321-ats-companies
sketchdeck,apply.workable.com/sketchdeck,1,kalil0321-ats-companies
sketchpro-ai,apply.workable.com/sketchpro-ai,1,kalil0321-ats-companies
skiller-whale,apply.workable.com/skiller-whale,1,kalil0321-ats-companies
skimmer,apply.workable.com/skimmer,1,kalil0321-ats-companies
skinanalytics,apply.workable.com/skinanalytics,1,kalil0321-ats-companies
skinandme,apply.workable.com/skinandme,1,kalil0321-ats-companies
skiplagged,apply.workable.com/skiplagged,1,kalil0321-ats-companies
skrapp,apply.workable.com/skrapp,1,kalil0321-ats-companies
skroutz,apply.workable.com/skroutz,1,kalil0321-ats-companies
skufler,apply.workable.com/skufler,1,kalil0321-ats-companies
sky-mavis,apply.workable.com/sky-mavis,2,kalil0321-ats-companies;outscal-openjobs
skycell-ag,apply.workable.com/skycell-ag,1,kalil0321-ats-companies
skygig,apply.workable.com/skygig,1,kalil0321-ats-companies
skylight,apply.workable.com/skylight,1,kalil0321-ats-companies
skylight-frame,apply.workable.com/skylight-frame,1,kalil0321-ats-companies
skype,apply.workable.com/skype,1,kalil0321-ats-companies
skyports,apply.workable.com/skyports,1,kalil0321-ats-companies
skyslope,apply.workable.com/skyslope,1,kalil0321-ats-companies
skywalker,apply.workable.com/skywalker,1,kalil0321-ats-companies
slasify,apply.workable.com/slasify,1,kalil0321-ats-companies
slate-flosser,apply.workable.com/slate-flosser,1,kalil0321-ats-companies
slatecleaning,apply.workable.com/slatecleaning,1,kalil0321-ats-companies
slb,apply.workable.com/slb,1,kalil0321-ats-companies
sleek-events,apply.workable.com/sleek-events,1,kalil0321-ats-companies
slip-robotics,apply.workable.com/slip-robotics,1,kalil0321-ats-companies
slk-development,apply.workable.com/slk-development,1,kalil0321-ats-companies
slp,apply.workable.com/slp,1,kalil0321-ats-companies
smallaxe,apply.workable.com/smallaxe,1,kalil0321-ats-companies
smappee,apply.workable.com/smappee,2,ches-ctrl-cheddar;kalil0321-ats-companies
smart-apartment-data,apply.workable.com/smart-apartment-data,1,kalil0321-ats-companies
smart-financial,apply.workable.com/smart-financial,1,kalil0321-ats-companies
smart-sitting,apply.workable.com/smart-sitting,1,kalil0321-ats-companies
smartcommerce,apply.workable.com/smartcommerce,1,kalil0321-ats-companies
smartcrowd,apply.workable.com/smartcrowd,1,kalil0321-ats-companies
smartergood,apply.workable.com/smartergood,1,kalil0321-ats-companies
smartfinancial,apply.workable.com/smartfinancial,1,kalil0321-ats-companies
smartlablearning,apply.workable.com/smartlablearning,1,kalil0321-ats-companies
smartnews,apply.workable.com/smartnews,1,kalil0321-ats-companies
smartstay,apply.workable.com/smartstay,1,kalil0321-ats-companies
smb-team,apply.workable.com/smb-team,1,kalil0321-ats-companies
smoking-gun-interactive-1,apply.workable.com/smoking-gun-interactive-1,1,outscal-openjobs
smood,apply.workable.com/smood,1,kalil0321-ats-companies
snapfish,apply.workable.com/snapfish,1,kalil0321-ats-companies
snipebridge,apply.workable.com/snipebridge,1,kalil0321-ats-companies
snowball-agency,apply.workable.com/snowball-agency,1,kalil0321-ats-companies
snowed-in-studios-3,apply.workable.com/snowed-in-studios-3,2,kalil0321-ats-companies;outscal-openjobs
snuggs,apply.workable.com/snuggs,1,kalil0321-ats-companies
soar-software-development-company,apply.workable.com/soar-software-development-company,1,kalil0321-ats-companies
soar-with-us,apply.workable.com/soar-with-us,1,kalil0321-ats-companies
socialradar,apply.workable.com/socialradar,1,kalil0321-ats-companies
society-awards,apply.workable.com/society-awards,1,kalil0321-ats-companies
soda-data-nv,apply.workable.com/soda-data-nv,1,kalil0321-ats-companies
softone-technologies-s-a,apply.workable.com/softone-technologies-s-a,1,kalil0321-ats-companies
softship,apply.workable.com/softship,1,kalil0321-ats-companies
sogeclair,apply.workable.com/sogeclair,1,kalil0321-ats-companies
sohail-smart-solution,apply.workable.com/sohail-smart-solution,1,kalil0321-ats-companies
solamerica-energy,apply.workable.com/solamerica-energy,1,kalil0321-ats-companies
solance,apply.workable.com/solance,1,kalil0321-ats-companies
solarcity,apply.workable.com/solarcity,1,kalil0321-ats-companies
solarvest,apply.workable.com/solarvest,1,kalil0321-ats-companies
solawave,apply.workable.com/solawave,1,kalil0321-ats-companies
solidarmed-1,apply.workable.com/solidarmed-1,1,kalil0321-ats-companies
solidcore,apply.workable.com/solidcore,1,kalil0321-ats-companies
solirius-consulting-1,apply.workable.com/solirius-consulting-1,1,kalil0321-ats-companies
solutions3-llc,apply.workable.com/solutions3-llc,1,kalil0321-ats-companies
solvay-executive-education,apply.workable.com/solvay-executive-education,1,kalil0321-ats-companies
solve-finance,apply.workable.com/solve-finance,1,ches-ctrl-cheddar
somerce,apply.workable.com/somerce,1,kalil0321-ats-companies
soneta-pty-ltd,apply.workable.com/soneta-pty-ltd,1,kalil0321-ats-companies
sope,apply.workable.com/sope,1,kalil0321-ats-companies
sophinea,apply.workable.com/sophinea,1,kalil0321-ats-companies
soprasteria-i2s,apply.workable.com/soprasteria-i2s,1,kalil0321-ats-companies
soracom,apply.workable.com/soracom,1,kalil0321-ats-companies
sorted,apply.workable.com/sorted,1,kalil0321-ats-companies
sortly,apply.workable.com/sortly,1,kalil0321-ats-companies
source-code-1,apply.workable.com/source-code-1,1,kalil0321-ats-companies
sourcecode-communications,apply.workable.com/sourcecode-communications,1,kalil0321-ats-companies
sourced-by,apply.workable.com/sourced-by,1,kalil0321-ats-companies
sourcemap,apply.workable.com/sourcemap,1,kalil0321-ats-companies
sourgum,apply.workable.com/sourgum,1,kalil0321-ats-companies
south-country-equipment,apply.workable.com/south-country-equipment,1,kalil0321-ats-companies
south-florida-after-school-all-stars,apply.workable.com/south-florida-after-school-all-stars,1,kalil0321-ats-companies
southern-national,apply.workable.com/southern-national,1,kalil0321-ats-companies
sovrun,apply.workable.com/sovrun,1,outscal-openjobs
sp-associates,apply.workable.com/sp-associates,1,kalil0321-ats-companies
space-ape-games,apply.workable.com/space-ape-games,1,outscal-openjobs
space-matrix,apply.workable.com/space-matrix,1,kalil0321-ats-companies
spaceinch,apply.workable.com/spaceinch,1,kalil0321-ats-companies
spark-networks,apply.workable.com/spark-networks,1,ches-ctrl-cheddar
spark-solutions,apply.workable.com/spark-solutions,1,kalil0321-ats-companies
sparkfun-electronics-2,apply.workable.com/sparkfun-electronics-2,1,kalil0321-ats-companies
sparkplug,apply.workable.com/sparkplug,1,kalil0321-ats-companies
sparx-engineering,apply.workable.com/sparx-engineering,1,kalil0321-ats-companies
spate,apply.workable.com/spate,1,kalil0321-ats-companies
special-projects,apply.workable.com/special-projects,1,kalil0321-ats-companies
specialised-force,apply.workable.com/specialised-force,1,kalil0321-ats-companies
spectarium,apply.workable.com/spectarium,2,kalil0321-ats-companies;outscal-openjobs
speech-graphics,apply.workable.com/speech-graphics,1,kalil0321-ats-companies
speechmatics-cantab,apply.workable.com/speechmatics-cantab,1,kalil0321-ats-companies
speexx,apply.workable.com/speexx,1,kalil0321-ats-companies
spence-diamonds-ltd,apply.workable.com/spence-diamonds-ltd,1,kalil0321-ats-companies
spenmo,apply.workable.com/spenmo,1,kalil0321-ats-companies
sperasoft,apply.workable.com/sperasoft,2,kalil0321-ats-companies;outscal-openjobs
spicy-minds,apply.workable.com/spicy-minds,1,kalil0321-ats-companies
spiff,apply.workable.com/spiff,1,kalil0321-ats-companies
spin-global,apply.workable.com/spin-global,1,kalil0321-ats-companies
spindrift,apply.workable.com/spindrift,1,kalil0321-ats-companies
spitfireaudio,apply.workable.com/spitfireaudio,1,kalil0321-ats-companies
spitogatos-gr,apply.workable.com/spitogatos-gr,1,kalil0321-ats-companies
spoke,apply.workable.com/spoke,1,kalil0321-ats-companies
spot-insurance,apply.workable.com/spot-insurance,1,kalil0321-ats-companies
spotlightsportsgroup,apply.workable.com/spotlightsportsgroup,1,kalil0321-ats-companies
sprout-ai,apply.workable.com/sprout-ai,1,kalil0321-ats-companies
spruce-2,apply.workable.com/spruce-2,1,kalil0321-ats-companies
spt-groups,apply.workable.com/spt-groups,1,kalil0321-ats-companies
spt-labtech,apply.workable.com/spt-labtech,1,kalil0321-ats-companies
squadio23,apply.workable.com/squadio23,1,kalil0321-ats-companies
square-enix,apply.workable.com/square-enix,2,kalil0321-ats-companies;outscal-openjobs
squareone,apply.workable.com/squareone,1,kalil0321-ats-companies
squid,apply.workable.com/squid,1,kalil0321-ats-companies
squiz,apply.workable.com/squiz,1,kalil0321-ats-companies
ssc-hr,apply.workable.com/ssc-hr,1,kalil0321-ats-companies
ssccpas,apply.workable.com/ssccpas,1,kalil0321-ats-companies
st-lukes-school,apply.workable.com/st-lukes-school,1,kalil0321-ats-companies
stacker,apply.workable.com/stacker,1,kalil0321-ats-companies
stackerhq,apply.workable.com/stackerhq,1,kalil0321-ats-companies
staff4me,apply.workable.com/staff4me,1,kalil0321-ats-companies
staffordgray,apply.workable.com/staffordgray,1,kalil0321-ats-companies
stafi,apply.workable.com/stafi,2,ches-ctrl-cheddar;kalil0321-ats-companies
stakefish,apply.workable.com/stakefish,2,ches-ctrl-cheddar;kalil0321-ats-companies
stalis,apply.workable.com/stalis,1,kalil0321-ats-companies
stampede-ai-ltd,apply.workable.com/stampede-ai-ltd,1,kalil0321-ats-companies
standing-on-giants,apply.workable.com/standing-on-giants,1,kalil0321-ats-companies
stanhope-capital,apply.workable.com/stanhope-capital,1,kalil0321-ats-companies
starling-bank,apply.workable.com/starling-bank,2,ches-ctrl-cheddar;kalil0321-ats-companies
starry,apply.workable.com/starry,1,kalil0321-ats-companies
starttechvc,apply.workable.com/starttechvc,1,kalil0321-ats-companies
startup-san-diego,apply.workable.com/startup-san-diego,1,kalil0321-ats-companies
startupbros,apply.workable.com/startupbros,1,kalil0321-ats-companies
startups,apply.workable.com/startups,1,kalil0321-ats-companies
startupvoyager,apply.workable.com/startupvoyager,1,kalil0321-ats-companies
stat-recovery-services,apply.workable.com/stat-recovery-services,1,kalil0321-ats-companies
stationa,apply.workable.com/stationa,2,ches-ctrl-cheddar;kalil0321-ats-companies
statistics-and-data-corporation-sdc,apply.workable.com/statistics-and-data-corporation-sdc,1,kalil0321-ats-companies
staygenki,apply.workable.com/staygenki,1,kalil0321-ats-companies
steadymd,apply.workable.com/steadymd,1,kalil0321-ats-companies
steadyvision,apply.workable.com/steadyvision,1,kalil0321-ats-companies
stealth-health,apply.workable.com/stealth-health,1,kalil0321-ats-companies
steamship-mutual-1,apply.workable.com/steamship-mutual-1,1,kalil0321-ats-companies
steer-group,apply.workable.com/steer-group,1,kalil0321-ats-companies
steer-health,apply.workable.com/steer-health,1,kalil0321-ats-companies
stellar-cyber,apply.workable.com/stellar-cyber,1,kalil0321-ats-companies
stellar-entertainment,apply.workable.com/stellar-entertainment,1,outscal-openjobs
stemcell-technologies-uk-ltd,apply.workable.com/stemcell-technologies-uk-ltd,1,kalil0321-ats-companies
steppingstoneschool,apply.workable.com/steppingstoneschool,1,kalil0321-ats-companies
stereolabs,apply.workable.com/stereolabs,1,kalil0321-ats-companies
stick-sports,apply.workable.com/stick-sports,1,outscal-openjobs
stigg,apply.workable.com/stigg,1,kalil0321-ats-companies
stio,apply.workable.com/stio,1,kalil0321-ats-companies
stirling-qr,apply.workable.com/stirling-qr,1,kalil0321-ats-companies
stitch-consulting-services-inc,apply.workable.com/stitch-consulting-services-inc,1,kalil0321-ats-companies
stitchmoney,apply.workable.com/stitchmoney,1,kalil0321-ats-companies
stockholm-environment-institute-3,apply.workable.com/stockholm-environment-institute-3,1,kalil0321-ats-companies
stockholm-environment-institute-oxford-centre,apply.workable.com/stockholm-environment-institute-oxford-centre,1,kalil0321-ats-companies
storehub,apply.workable.com/storehub,1,kalil0321-ats-companies
storyteq,apply.workable.com/storyteq,1,kalil0321-ats-companies
storyterrace,apply.workable.com/storyterrace,1,kalil0321-ats-companies
str,apply.workable.com/str,1,kalil0321-ats-companies
strand-finance,apply.workable.com/strand-finance,1,kalil0321-ats-companies
stranger-soccer-1,apply.workable.com/stranger-soccer-1,1,kalil0321-ats-companies
stream-dc,apply.workable.com/stream-dc,1,kalil0321-ats-companies
stream-hatchet,apply.workable.com/stream-hatchet,1,outscal-openjobs
streamline-innovationsinc,apply.workable.com/streamline-innovationsinc,1,kalil0321-ats-companies
streamlinestudios,apply.workable.com/streamlinestudios,1,outscal-openjobs
streamoid,apply.workable.com/streamoid,1,kalil0321-ats-companies
streetchildcareers,apply.workable.com/streetchildcareers,1,kalil0321-ats-companies
strideup,apply.workable.com/strideup,1,kalil0321-ats-companies
strivr-1,apply.workable.com/strivr-1,1,outscal-openjobs
stronger-consulting,apply.workable.com/stronger-consulting,1,kalil0321-ats-companies
structureflow,apply.workable.com/structureflow,1,kalil0321-ats-companies
stsmiddleeast,apply.workable.com/stsmiddleeast,1,kalil0321-ats-companies
studio,apply.workable.com/studio,1,kalil0321-ats-companies
studio-dental,apply.workable.com/studio-dental,1,kalil0321-ats-companies
studiogobo,apply.workable.com/studiogobo,2,kalil0321-ats-companies;outscal-openjobs
studioxag,apply.workable.com/studioxag,1,kalil0321-ats-companies
studyportals,apply.workable.com/studyportals,1,kalil0321-ats-companies
suade,apply.workable.com/suade,1,kalil0321-ats-companies
subscript,apply.workable.com/subscript,1,kalil0321-ats-companies
substrakt,apply.workable.com/substrakt,1,kalil0321-ats-companies
success-tutoring,apply.workable.com/success-tutoring,1,kalil0321-ats-companies
sumble-inc,apply.workable.com/sumble-inc,1,kalil0321-ats-companies
sumerge-1,apply.workable.com/sumerge-1,1,kalil0321-ats-companies
summusglobal,apply.workable.com/summusglobal,1,kalil0321-ats-companies
sundae-school,apply.workable.com/sundae-school,1,kalil0321-ats-companies
sundays-for-dogs,apply.workable.com/sundays-for-dogs,1,kalil0321-ats-companies
sunlighten,apply.workable.com/sunlighten,1,kalil0321-ats-companies
sunstone-eduversity,apply.workable.com/sunstone-eduversity,1,kalil0321-ats-companies
suntria,apply.workable.com/suntria,1,kalil0321-ats-companies
supahandsmy,apply.workable.com/supahandsmy,1,kalil0321-ats-companies
supermassive-games,apply.workable.com/supermassive-games,2,kalil0321-ats-companies;outscal-openjobs
supernormal,apply.workable.com/supernormal,1,kalil0321-ats-companies
superprof-1,apply.workable.com/superprof-1,1,kalil0321-ats-companies
supertech-group,apply.workable.com/supertech-group,1,kalil0321-ats-companies
suppliedtalent,apply.workable.com/suppliedtalent,1,kalil0321-ats-companies
supply-house,apply.workable.com/supply-house,1,kalil0321-ats-companies
supplycore-1,apply.workable.com/supplycore-1,1,kalil0321-ats-companies
supportyourapp,apply.workable.com/supportyourapp,1,kalil0321-ats-companies
supy-2,apply.workable.com/supy-2,1,kalil0321-ats-companies
surge-entertainment,apply.workable.com/surge-entertainment,1,kalil0321-ats-companies
surglobal,apply.workable.com/surglobal,1,kalil0321-ats-companies
suri-3,apply.workable.com/suri-3,1,kalil0321-ats-companies
surich-asset-management-limited,apply.workable.com/surich-asset-management-limited,1,kalil0321-ats-companies
svp-vancouver,apply.workable.com/svp-vancouver,1,kalil0321-ats-companies
swans,apply.workable.com/swans,1,kalil0321-ats-companies
swap,apply.workable.com/swap,1,kalil0321-ats-companies
swarovski,apply.workable.com/swarovski,1,kalil0321-ats-companies
sweatcoin,apply.workable.com/sweatcoin,1,kalil0321-ats-companies
sweet,apply.workable.com/sweet,1,kalil0321-ats-companies
sweeten,apply.workable.com/sweeten,1,kalil0321-ats-companies
swift,apply.workable.com/swift,1,kalil0321-ats-companies
swiftengineering,apply.workable.com/swiftengineering,1,kalil0321-ats-companies
swingdev,apply.workable.com/swingdev,1,kalil0321-ats-companies
swire-properties,apply.workable.com/swire-properties,1,kalil0321-ats-companies
switchboard,apply.workable.com/switchboard,1,kalil0321-ats-companies
switchboard-hiring-1,apply.workable.com/switchboard-hiring-1,1,kalil0321-ats-companies
swk-tech,apply.workable.com/swk-tech,1,kalil0321-ats-companies
sword-group,apply.workable.com/sword-group,1,kalil0321-ats-companies
swot-hospitality-management-company,apply.workable.com/swot-hospitality-management-company,1,kalil0321-ats-companies
swtch-energy,apply.workable.com/swtch-energy,1,ches-ctrl-cheddar
swvl,apply.workable.com/swvl,1,kalil0321-ats-companies
swyg,apply.workable.com/swyg,1,kalil0321-ats-companies
swytchbike,apply.workable.com/swytchbike,1,kalil0321-ats-companies
syarah,apply.workable.com/syarah,1,kalil0321-ats-companies
sylvan-health,apply.workable.com/sylvan-health,1,kalil0321-ats-companies
symmetrio,apply.workable.com/symmetrio,1,kalil0321-ats-companies
symphony-solution-inc-1,apply.workable.com/symphony-solution-inc-1,1,kalil0321-ats-companies
syntiant,apply.workable.com/syntiant,1,kalil0321-ats-companies
systems-engineering-solutions-corporation,apply.workable.com/systems-engineering-solutions-corporation,1,kalil0321-ats-companies
szns,apply.workable.com/szns,1,kalil0321-ats-companies
ta-digital-india,apply.workable.com/ta-digital-india,1,kalil0321-ats-companies
tabeo-ltd,apply.workable.com/tabeo-ltd,1,kalil0321-ats-companies
tablet-command,apply.workable.com/tablet-command,1,kalil0321-ats-companies
tactiqio,apply.workable.com/tactiqio,1,kalil0321-ats-companies
tado,apply.workable.com/tado,1,ches-ctrl-cheddar
tagup,apply.workable.com/tagup,1,kalil0321-ats-companies
taigamotors,apply.workable.com/taigamotors,1,kalil0321-ats-companies
take-eat-easy,apply.workable.com/take-eat-easy,1,kalil0321-ats-companies
taksudigital,apply.workable.com/taksudigital,1,kalil0321-ats-companies
talarico-for-texas,apply.workable.com/talarico-for-texas,1,kalil0321-ats-companies
talencegroup,apply.workable.com/talencegroup,1,kalil0321-ats-companies
talent-engine,apply.workable.com/talent-engine,1,kalil0321-ats-companies
talent-trader-group,apply.workable.com/talent-trader-group,1,kalil0321-ats-companies
talent-voyager,apply.workable.com/talent-voyager,1,kalil0321-ats-companies
talent3600,apply.workable.com/talent3600,1,kalil0321-ats-companies
talentlevelup,apply.workable.com/talentlevelup,1,kalil0321-ats-companies
talentnow-solutions,apply.workable.com/talentnow-solutions,1,kalil0321-ats-companies
talentpluto,apply.workable.com/talentpluto,1,kalil0321-ats-companies
talentspoc-llc,apply.workable.com/talentspoc-llc,1,kalil0321-ats-companies
talworx,apply.workable.com/talworx,1,kalil0321-ats-companies
tamatem,apply.workable.com/tamatem,2,kalil0321-ats-companies;outscal-openjobs
tamkeentech,apply.workable.com/tamkeentech,1,kalil0321-ats-companies
tamnoon-dot-i-o,apply.workable.com/tamnoon-dot-i-o,1,kalil0321-ats-companies
tanco-engineering,apply.workable.com/tanco-engineering,1,kalil0321-ats-companies
targetsmart-communications,apply.workable.com/targetsmart-communications,1,ches-ctrl-cheddar
tarjama,apply.workable.com/tarjama,1,kalil0321-ats-companies
tarte-inc,apply.workable.com/tarte-inc,1,kalil0321-ats-companies
taskforce,apply.workable.com/taskforce,1,kalil0321-ats-companies
tasq-work,apply.workable.com/tasq-work,1,kalil0321-ats-companies
tat-technologies-ltd,apply.workable.com/tat-technologies-ltd,1,kalil0321-ats-companies
tatucity,apply.workable.com/tatucity,1,kalil0321-ats-companies
tava-health,apply.workable.com/tava-health,1,kalil0321-ats-companies
tawantech,apply.workable.com/tawantech,1,kalil0321-ats-companies
taxjar,apply.workable.com/taxjar,1,kalil0321-ats-companies
tayco,apply.workable.com/tayco,1,kalil0321-ats-companies
tciscareers,apply.workable.com/tciscareers,1,kalil0321-ats-companies
tcla,apply.workable.com/tcla,1,kalil0321-ats-companies
tcw,apply.workable.com/tcw,1,kalil0321-ats-companies
team-17-digital,apply.workable.com/team-17-digital,2,kalil0321-ats-companies;outscal-openjobs
team-architects,apply.workable.com/team-architects,1,kalil0321-ats-companies
teamavoq,apply.workable.com/teamavoq,1,kalil0321-ats-companies
teamified,apply.workable.com/teamified,1,kalil0321-ats-companies
teamtps,apply.workable.com/teamtps,1,kalil0321-ats-companies
techahoy,apply.workable.com/techahoy,1,kalil0321-ats-companies
techfirefly,apply.workable.com/techfirefly,1,kalil0321-ats-companies
techflow,apply.workable.com/techflow,1,kalil0321-ats-companies
techland-1,apply.workable.com/techland-1,1,kalil0321-ats-companies
technance,apply.workable.com/technance,1,kalil0321-ats-companies
techop-solutions-international,apply.workable.com/techop-solutions-international,1,kalil0321-ats-companies
techpresso,apply.workable.com/techpresso,1,kalil0321-ats-companies
techsylvania,apply.workable.com/techsylvania,1,kalil0321-ats-companies
techtellent,apply.workable.com/techtellent,1,kalil0321-ats-companies
techwings,apply.workable.com/techwings,1,kalil0321-ats-companies
tecknoworks,apply.workable.com/tecknoworks,2,kalil0321-ats-companies;peviitor-ro
tecsa,apply.workable.com/tecsa,1,kalil0321-ats-companies
tecsys,apply.workable.com/tecsys,1,kalil0321-ats-companies
teg,apply.workable.com/teg,1,kalil0321-ats-companies
tehora,apply.workable.com/tehora,1,kalil0321-ats-companies
teikametrics,apply.workable.com/teikametrics,1,kalil0321-ats-companies
telegraph,apply.workable.com/telegraph,1,kalil0321-ats-companies
telemedi,apply.workable.com/telemedi,1,kalil0321-ats-companies
telementum,apply.workable.com/telementum,1,kalil0321-ats-companies
teleperformance-spain,apply.workable.com/teleperformance-spain,1,kalil0321-ats-companies
teleport-careers,apply.workable.com/teleport-careers,1,kalil0321-ats-companies
telestream,apply.workable.com/telestream,1,kalil0321-ats-companies
tellow,apply.workable.com/tellow,1,kalil0321-ats-companies
telum-media,apply.workable.com/telum-media,1,kalil0321-ats-companies
tempest,apply.workable.com/tempest,1,ches-ctrl-cheddar
ten-group,apply.workable.com/ten-group,1,kalil0321-ats-companies
tenchi-security,apply.workable.com/tenchi-security,1,andreasasprou-ats-finder
tenjin-inc,apply.workable.com/tenjin-inc,1,kalil0321-ats-companies
tentree,apply.workable.com/tentree,1,kalil0321-ats-companies
tentworks-interactive,apply.workable.com/tentworks-interactive,2,kalil0321-ats-companies;outscal-openjobs
terabase-energy,apply.workable.com/terabase-energy,1,kalil0321-ats-companies
teragonia,apply.workable.com/teragonia,1,kalil0321-ats-companies
teramind-1,apply.workable.com/teramind-1,2,ches-ctrl-cheddar;kalil0321-ats-companies
terrafuse,apply.workable.com/terrafuse,1,ches-ctrl-cheddar
tes-global,apply.workable.com/tes-global,1,kalil0321-ats-companies
tesla-labs,apply.workable.com/tesla-labs,1,kalil0321-ats-companies
testrigor,apply.workable.com/testrigor,1,kalil0321-ats-companies
testronic,apply.workable.com/testronic,3,kalil0321-ats-companies;outscal-openjobs;peviitor-ro
tetrascience,apply.workable.com/tetrascience,1,kalil0321-ats-companies
texashealthaction,apply.workable.com/texashealthaction,1,kalil0321-ats-companies
textmaster,apply.workable.com/textmaster,1,kalil0321-ats-companies
textnow-inc,apply.workable.com/textnow-inc,1,kalil0321-ats-companies
tft-global-usa-inc,apply.workable.com/tft-global-usa-inc,1,kalil0321-ats-companies
tgndata,apply.workable.com/tgndata,1,kalil0321-ats-companies
thaloz,apply.workable.com/thaloz,1,kalil0321-ats-companies
thanks-co,apply.workable.com/thanks-co,1,kalil0321-ats-companies
the-alinea-group-1,apply.workable.com/the-alinea-group-1,1,kalil0321-ats-companies
the-american-university-of-paris,apply.workable.com/the-american-university-of-paris,1,kalil0321-ats-companies
the-arc-of-ocean-county,apply.workable.com/the-arc-of-ocean-county,1,kalil0321-ats-companies
the-asian-american-foundation,apply.workable.com/the-asian-american-foundation,1,kalil0321-ats-companies
the-blue-rock,apply.workable.com/the-blue-rock,1,kalil0321-ats-companies
the-boundary,apply.workable.com/the-boundary,1,kalil0321-ats-companies
the-boutique-coo,apply.workable.com/the-boutique-coo,1,kalil0321-ats-companies
the-brydon-group,apply.workable.com/the-brydon-group,1,kalil0321-ats-companies
the-canadian-press,apply.workable.com/the-canadian-press,1,kalil0321-ats-companies
the-care-company-inc,apply.workable.com/the-care-company-inc,1,kalil0321-ats-companies
the-chefz-1,apply.workable.com/the-chefz-1,1,kalil0321-ats-companies
the-chope-group-pte-ltd,apply.workable.com/the-chope-group-pte-ltd,1,kalil0321-ats-companies
the-collecting-group,apply.workable.com/the-collecting-group,1,kalil0321-ats-companies
the-common-market,apply.workable.com/the-common-market,1,kalil0321-ats-companies
the-credit-pros,apply.workable.com/the-credit-pros,1,kalil0321-ats-companies
the-dot-group-2,apply.workable.com/the-dot-group-2,1,kalil0321-ats-companies
the-drum,apply.workable.com/the-drum,1,kalil0321-ats-companies
the-educational-equality-institute,apply.workable.com/the-educational-equality-institute,1,kalil0321-ats-companies
the-flowery-ny,apply.workable.com/the-flowery-ny,1,kalil0321-ats-companies
the-greater-change-1,apply.workable.com/the-greater-change-1,1,kalil0321-ats-companies
the-growth-center,apply.workable.com/the-growth-center,1,kalil0321-ats-companies
the-guarantors,apply.workable.com/the-guarantors,1,kalil0321-ats-companies
the-halo-trust,apply.workable.com/the-halo-trust,1,kalil0321-ats-companies
the-herring-group,apply.workable.com/the-herring-group,1,kalil0321-ats-companies
the-hiring-room,apply.workable.com/the-hiring-room,1,kalil0321-ats-companies
the-jewish-federations-of-north-america,apply.workable.com/the-jewish-federations-of-north-america,1,kalil0321-ats-companies
the-june,apply.workable.com/the-june,1,kalil0321-ats-companies
the-london-display-company-limited,apply.workable.com/the-london-display-company-limited,1,kalil0321-ats-companies
the-luxury-closet,apply.workable.com/the-luxury-closet,1,kalil0321-ats-companies
the-marketing-practice,apply.workable.com/the-marketing-practice,1,kalil0321-ats-companies
the-mclean-group,apply.workable.com/the-mclean-group,1,kalil0321-ats-companies
the-mill-adventure,apply.workable.com/the-mill-adventure,1,outscal-openjobs
the-missing-link,apply.workable.com/the-missing-link,1,kalil0321-ats-companies
the-pod-group,apply.workable.com/the-pod-group,1,kalil0321-ats-companies
the-proactive-technology-group,apply.workable.com/the-proactive-technology-group,1,kalil0321-ats-companies
the-ripple-way,apply.workable.com/the-ripple-way,1,kalil0321-ats-companies
the-shannon-agency,apply.workable.com/the-shannon-agency,1,kalil0321-ats-companies
the-social-station,apply.workable.com/the-social-station,1,kalil0321-ats-companies
the-symicor-group-1,apply.workable.com/the-symicor-group-1,1,kalil0321-ats-companies
the-treetop-aba,apply.workable.com/the-treetop-aba,1,kalil0321-ats-companies
the-very-group,apply.workable.com/the-very-group,1,kalil0321-ats-companies
the-wesley-hotel,apply.workable.com/the-wesley-hotel,1,kalil0321-ats-companies
theclosetlover,apply.workable.com/theclosetlover,1,kalil0321-ats-companies
thedentalgroup,apply.workable.com/thedentalgroup,1,kalil0321-ats-companies
thedishpatch,apply.workable.com/thedishpatch,1,kalil0321-ats-companies
theflowery,apply.workable.com/theflowery,1,kalil0321-ats-companies
thefoundation,apply.workable.com/thefoundation,1,kalil0321-ats-companies
thehighline,apply.workable.com/thehighline,1,kalil0321-ats-companies
theicelist,apply.workable.com/theicelist,1,kalil0321-ats-companies
theinclab,apply.workable.com/theinclab,1,kalil0321-ats-companies
thekey,apply.workable.com/thekey,1,kalil0321-ats-companies
thelist-app,apply.workable.com/thelist-app,1,kalil0321-ats-companies
themerrybeggars,apply.workable.com/themerrybeggars,1,kalil0321-ats-companies
theoceanac,apply.workable.com/theoceanac,1,kalil0321-ats-companies
theodora-1,apply.workable.com/theodora-1,1,kalil0321-ats-companies
theouai,apply.workable.com/theouai,2,andreasasprou-ats-finder;kalil0321-ats-companies
thepeoplegroup,apply.workable.com/thepeoplegroup,1,kalil0321-ats-companies
thepioneerteam,apply.workable.com/thepioneerteam,1,kalil0321-ats-companies
thepurplecarrot,apply.workable.com/thepurplecarrot,1,kalil0321-ats-companies
therapynotes,apply.workable.com/therapynotes,1,kalil0321-ats-companies
therefore,apply.workable.com/therefore,1,kalil0321-ats-companies
thesalesplaybook,apply.workable.com/thesalesplaybook,1,kalil0321-ats-companies
theshipyard,apply.workable.com/theshipyard,1,kalil0321-ats-companies
thesignalgroup,apply.workable.com/thesignalgroup,1,kalil0321-ats-companies
thesoul-publishing-1,apply.workable.com/thesoul-publishing-1,1,kalil0321-ats-companies
theta-systems-ltd,apply.workable.com/theta-systems-ltd,1,kalil0321-ats-companies
thetrustees,apply.workable.com/thetrustees,1,kalil0321-ats-companies
thetsuigroup,apply.workable.com/thetsuigroup,1,kalil0321-ats-companies
think-it,apply.workable.com/think-it,1,kalil0321-ats-companies
thinkingit,apply.workable.com/thinkingit,1,kalil0321-ats-companies
thinkshout,apply.workable.com/thinkshout,1,ches-ctrl-cheddar
thinkwell,apply.workable.com/thinkwell,1,kalil0321-ats-companies
thinscale-technology-ltd,apply.workable.com/thinscale-technology-ltd,1,kalil0321-ats-companies
thirdspacelearning,apply.workable.com/thirdspacelearning,1,kalil0321-ats-companies
thisisgain,apply.workable.com/thisisgain,1,kalil0321-ats-companies
thorlabs,apply.workable.com/thorlabs,1,kalil0321-ats-companies
thoughtfull-world,apply.workable.com/thoughtfull-world,1,kalil0321-ats-companies
threadsstyling,apply.workable.com/threadsstyling,1,kalil0321-ats-companies
threatmetrix,apply.workable.com/threatmetrix,1,kalil0321-ats-companies
threatswitch-inc,apply.workable.com/threatswitch-inc,1,kalil0321-ats-companies
thunderheadeng,apply.workable.com/thunderheadeng,1,kalil0321-ats-companies
tiburcio-vasquez-health-center,apply.workable.com/tiburcio-vasquez-health-center,1,kalil0321-ats-companies
tickpick,apply.workable.com/tickpick,1,kalil0321-ats-companies
tiger-analytics,apply.workable.com/tiger-analytics,1,kalil0321-ats-companies
tikkas,apply.workable.com/tikkas,1,kalil0321-ats-companies
tiledb,apply.workable.com/tiledb,1,kalil0321-ats-companies
timeos,apply.workable.com/timeos,1,kalil0321-ats-companies
timescapes-co,apply.workable.com/timescapes-co,1,kalil0321-ats-companies
tingathe,apply.workable.com/tingathe,1,kalil0321-ats-companies
tink,apply.workable.com/tink,1,kalil0321-ats-companies
tinkergarten,apply.workable.com/tinkergarten,1,kalil0321-ats-companies
tinqin,apply.workable.com/tinqin,1,kalil0321-ats-companies
tios-capital,apply.workable.com/tios-capital,1,kalil0321-ats-companies
tiraz-asbani,apply.workable.com/tiraz-asbani,1,kalil0321-ats-companies
titan-cloud,apply.workable.com/titan-cloud,1,kalil0321-ats-companies
titos-handmade-vodka,apply.workable.com/titos-handmade-vodka,1,kalil0321-ats-companies
tmeic-corporation-americas,apply.workable.com/tmeic-corporation-americas,1,kalil0321-ats-companies
tmgm,apply.workable.com/tmgm,1,kalil0321-ats-companies
tmw,apply.workable.com/tmw,1,kalil0321-ats-companies
toca-social,apply.workable.com/toca-social,1,kalil0321-ats-companies
today,apply.workable.com/today,1,kalil0321-ats-companies
togather,apply.workable.com/togather,1,kalil0321-ats-companies
toggl-track-plan,apply.workable.com/toggl-track-plan,1,kalil0321-ats-companies
toloka-ai,apply.workable.com/toloka-ai,1,kalil0321-ats-companies
tommy-guns-original-barbershop,apply.workable.com/tommy-guns-original-barbershop,1,kalil0321-ats-companies
tomoro-ai,apply.workable.com/tomoro-ai,1,kalil0321-ats-companies
tomorrow-2,apply.workable.com/tomorrow-2,1,kalil0321-ats-companies
tomorrow-hire,apply.workable.com/tomorrow-hire,1,kalil0321-ats-companies
tomorrows-journey,apply.workable.com/tomorrows-journey,1,kalil0321-ats-companies
too-sweet-cakes,apply.workable.com/too-sweet-cakes,1,kalil0321-ats-companies
top-talents,apply.workable.com/top-talents,1,kalil0321-ats-companies
topco-sales,apply.workable.com/topco-sales,1,kalil0321-ats-companies
toposophy,apply.workable.com/toposophy,1,kalil0321-ats-companies
toppr,apply.workable.com/toppr,1,kalil0321-ats-companies
torklaw,apply.workable.com/torklaw,1,kalil0321-ats-companies
toronto-international-college,apply.workable.com/toronto-international-college,1,kalil0321-ats-companies
toronto-lands-corporation,apply.workable.com/toronto-lands-corporation,1,kalil0321-ats-companies
torqcommodities,apply.workable.com/torqcommodities,1,kalil0321-ats-companies
tortuga,apply.workable.com/tortuga,1,kalil0321-ats-companies
total-life,apply.workable.com/total-life,1,kalil0321-ats-companies
totalcareservices,apply.workable.com/totalcareservices,1,kalil0321-ats-companies
touchstone,apply.workable.com/touchstone,1,kalil0321-ats-companies
tower-staffing-inc,apply.workable.com/tower-staffing-inc,1,kalil0321-ats-companies
tower-water,apply.workable.com/tower-water,1,kalil0321-ats-companies
town-web,apply.workable.com/town-web,1,kalil0321-ats-companies
toyota-financial-services,apply.workable.com/toyota-financial-services,1,kalil0321-ats-companies
toyota-tsusho-systems,apply.workable.com/toyota-tsusho-systems,1,kalil0321-ats-companies
tp-link-usa-corp,apply.workable.com/tp-link-usa-corp,1,kalil0321-ats-companies
trade-nation,apply.workable.com/trade-nation,1,kalil0321-ats-companies
tradify-limited,apply.workable.com/tradify-limited,1,kalil0321-ats-companies
tradinghub,apply.workable.com/tradinghub,1,kalil0321-ats-companies
tradingtips,apply.workable.com/tradingtips,1,kalil0321-ats-companies
trailofbits,apply.workable.com/trailofbits,1,kalil0321-ats-companies
trainingthestreet,apply.workable.com/trainingthestreet,1,kalil0321-ats-companies
trala,apply.workable.com/trala,1,kalil0321-ats-companies
transcend-spatial-solutions-llc,apply.workable.com/transcend-spatial-solutions-llc,1,kalil0321-ats-companies
transfergo,apply.workable.com/transfergo,1,kalil0321-ats-companies
transfermate,apply.workable.com/transfermate,1,kalil0321-ats-companies
transformations-community,apply.workable.com/transformations-community,1,kalil0321-ats-companies
transifex,apply.workable.com/transifex,1,kalil0321-ats-companies
translation-empire,apply.workable.com/translation-empire,1,kalil0321-ats-companies
transmax,apply.workable.com/transmax,1,kalil0321-ats-companies
transwest,apply.workable.com/transwest,1,kalil0321-ats-companies
trantor,apply.workable.com/trantor,1,kalil0321-ats-companies
travisci,apply.workable.com/travisci,1,kalil0321-ats-companies
treantly,apply.workable.com/treantly,1,kalil0321-ats-companies
tree-fresno,apply.workable.com/tree-fresno,1,kalil0321-ats-companies
treewalk-accounting,apply.workable.com/treewalk-accounting,1,kalil0321-ats-companies
tresata,apply.workable.com/tresata,2,ches-ctrl-cheddar;kalil0321-ats-companies
trexquant,apply.workable.com/trexquant,1,kalil0321-ats-companies
tricoci-university,apply.workable.com/tricoci-university,1,kalil0321-ats-companies
trilagen,apply.workable.com/trilagen,1,kalil0321-ats-companies
trilo,apply.workable.com/trilo,1,kalil0321-ats-companies
trinetix,apply.workable.com/trinetix,1,kalil0321-ats-companies
trinnylondon,apply.workable.com/trinnylondon,1,kalil0321-ats-companies
trio-scs,apply.workable.com/trio-scs,1,kalil0321-ats-companies
tripledotstudios,apply.workable.com/tripledotstudios,1,kalil0321-ats-companies
triskele-labs,apply.workable.com/triskele-labs,1,kalil0321-ats-companies
trivium,apply.workable.com/trivium,1,kalil0321-ats-companies
trl11-inc,apply.workable.com/trl11-inc,1,kalil0321-ats-companies
trocaire,apply.workable.com/trocaire,1,kalil0321-ats-companies
trouva,apply.workable.com/trouva,1,kalil0321-ats-companies
trp-infrastructures,apply.workable.com/trp-infrastructures,1,kalil0321-ats-companies
truedialog-inc,apply.workable.com/truedialog-inc,1,kalil0321-ats-companies
truly,apply.workable.com/truly,1,kalil0321-ats-companies
trust-keith,apply.workable.com/trust-keith,1,kalil0321-ats-companies
trustmi,apply.workable.com/trustmi,1,kalil0321-ats-companies
trv,apply.workable.com/trv,1,kalil0321-ats-companies
trycaddi,apply.workable.com/trycaddi,1,kalil0321-ats-companies
tryzensglobal,apply.workable.com/tryzensglobal,1,kalil0321-ats-companies
tsao-foundation,apply.workable.com/tsao-foundation,1,kalil0321-ats-companies
ttech,apply.workable.com/ttech,1,kalil0321-ats-companies
ttp,apply.workable.com/ttp,1,kalil0321-ats-companies
tugende,apply.workable.com/tugende,1,kalil0321-ats-companies
turtletree,apply.workable.com/turtletree,1,kalil0321-ats-companies
tutor-me-education-1,apply.workable.com/tutor-me-education-1,1,kalil0321-ats-companies
tutoredbyteachers,apply.workable.com/tutoredbyteachers,1,kalil0321-ats-companies
tutors-green-1,apply.workable.com/tutors-green-1,1,kalil0321-ats-companies
tvg-hospitality,apply.workable.com/tvg-hospitality,1,kalil0321-ats-companies
twgai,apply.workable.com/twgai,1,kalil0321-ats-companies
twine,apply.workable.com/twine,1,kalil0321-ats-companies
two95-international-inc-3,apply.workable.com/two95-international-inc-3,1,kalil0321-ats-companies
twocircles,apply.workable.com/twocircles,1,outscal-openjobs
twoconnect-careers,apply.workable.com/twoconnect-careers,1,kalil0321-ats-companies
twoinc,apply.workable.com/twoinc,1,kalil0321-ats-companies
twos,apply.workable.com/twos,1,kalil0321-ats-companies
twosense,apply.workable.com/twosense,1,kalil0321-ats-companies
twsu,apply.workable.com/twsu,1,kalil0321-ats-companies
tyde-digital-1,apply.workable.com/tyde-digital-1,1,kalil0321-ats-companies
tydeco,apply.workable.com/tydeco,1,kalil0321-ats-companies
tyk-technologies,apply.workable.com/tyk-technologies,1,kalil0321-ats-companies
tymit,apply.workable.com/tymit,1,kalil0321-ats-companies
ubds,apply.workable.com/ubds,1,kalil0321-ats-companies
ubiqus,apply.workable.com/ubiqus,1,kalil0321-ats-companies
ubreakifix-20,apply.workable.com/ubreakifix-20,1,kalil0321-ats-companies
ubteam,apply.workable.com/ubteam,1,kalil0321-ats-companies
ues-careers,apply.workable.com/ues-careers,1,kalil0321-ats-companies
ukio,apply.workable.com/ukio,1,kalil0321-ats-companies
ultimate-peaks,apply.workable.com/ultimate-peaks,1,kalil0321-ats-companies
ultimateperformance,apply.workable.com/ultimateperformance,1,kalil0321-ats-companies
umbra,apply.workable.com/umbra,1,kalil0321-ats-companies
umcg1,apply.workable.com/umcg1,1,kalil0321-ats-companies
umniah,apply.workable.com/umniah,1,kalil0321-ats-companies
umpisa-inc,apply.workable.com/umpisa-inc,1,kalil0321-ats-companies
unacast,apply.workable.com/unacast,1,kalil0321-ats-companies
unbounded,apply.workable.com/unbounded,1,kalil0321-ats-companies
unbox,apply.workable.com/unbox,1,kalil0321-ats-companies
uncapped,apply.workable.com/uncapped,1,kalil0321-ats-companies
uni-systems,apply.workable.com/uni-systems,1,kalil0321-ats-companies
unifi-autism-care,apply.workable.com/unifi-autism-care,1,kalil0321-ats-companies
unifize,apply.workable.com/unifize,1,kalil0321-ats-companies
unilabs,apply.workable.com/unilabs,1,kalil0321-ats-companies
unimacts,apply.workable.com/unimacts,1,kalil0321-ats-companies
union-heritage,apply.workable.com/union-heritage,1,kalil0321-ats-companies
union-home-mortgage,apply.workable.com/union-home-mortgage,1,kalil0321-ats-companies
union-maritime,apply.workable.com/union-maritime,1,kalil0321-ats-companies
uniphar-medtech,apply.workable.com/uniphar-medtech,1,kalil0321-ats-companies
unique-training-solutions,apply.workable.com/unique-training-solutions,1,kalil0321-ats-companies
unisongroup,apply.workable.com/unisongroup,1,kalil0321-ats-companies
unit8,apply.workable.com/unit8,1,kalil0321-ats-companies
unit9-ltd,apply.workable.com/unit9-ltd,1,outscal-openjobs
unitary,apply.workable.com/unitary,1,kalil0321-ats-companies
uniteamerica,apply.workable.com/uniteamerica,2,ches-ctrl-cheddar;kalil0321-ats-companies
united-cerebral-palsy-of-oregon-sw-washington,apply.workable.com/united-cerebral-palsy-of-oregon-sw-washington,1,kalil0321-ats-companies
united-field-services-inc,apply.workable.com/united-field-services-inc,1,kalil0321-ats-companies
united-greeneries,apply.workable.com/united-greeneries,1,kalil0321-ats-companies
unith,apply.workable.com/unith,1,kalil0321-ats-companies
universal-marine-medical,apply.workable.com/universal-marine-medical,1,kalil0321-ats-companies
universal-tennis,apply.workable.com/universal-tennis,1,kalil0321-ats-companies
universally-speaking,apply.workable.com/universally-speaking,1,outscal-openjobs
universe-2,apply.workable.com/universe-2,1,kalil0321-ats-companies
universemt-corp,apply.workable.com/universemt-corp,1,kalil0321-ats-companies
university-of-mount-saint-vincent,apply.workable.com/university-of-mount-saint-vincent,1,kalil0321-ats-companies
univrse,apply.workable.com/univrse,1,outscal-openjobs
unreal-gigs,apply.workable.com/unreal-gigs,1,outscal-openjobs
unseen-inc,apply.workable.com/unseen-inc,1,outscal-openjobs
unspun,apply.workable.com/unspun,1,kalil0321-ats-companies
untuckit,apply.workable.com/untuckit,1,kalil0321-ats-companies
unusual-machines,apply.workable.com/unusual-machines,1,kalil0321-ats-companies
up-hellas-1,apply.workable.com/up-hellas-1,1,kalil0321-ats-companies
upclear,apply.workable.com/upclear,1,kalil0321-ats-companies
upcominds,apply.workable.com/upcominds,1,kalil0321-ats-companies
updraft,apply.workable.com/updraft,1,kalil0321-ats-companies
upgrade-1,apply.workable.com/upgrade-1,1,kalil0321-ats-companies
uplearn,apply.workable.com/uplearn,1,kalil0321-ats-companies
upmail,apply.workable.com/upmail,1,kalil0321-ats-companies
upstream,apply.workable.com/upstream,1,kalil0321-ats-companies
uptalent-dot-i-o,apply.workable.com/uptalent-dot-i-o,1,kalil0321-ats-companies
urban-money-pvt-ltd-2,apply.workable.com/urban-money-pvt-ltd-2,1,kalil0321-ats-companies
urbanco,apply.workable.com/urbanco,1,kalil0321-ats-companies
urbanise,apply.workable.com/urbanise,1,kalil0321-ats-companies
urbint,apply.workable.com/urbint,1,kalil0321-ats-companies
ursa-major-vt,apply.workable.com/ursa-major-vt,1,kalil0321-ats-companies
us-vision-3,apply.workable.com/us-vision-3,1,kalil0321-ats-companies
userbrain,apply.workable.com/userbrain,1,kalil0321-ats-companies
userevidence,apply.workable.com/userevidence,1,kalil0321-ats-companies
userzoom,apply.workable.com/userzoom,1,kalil0321-ats-companies
ushahidi,apply.workable.com/ushahidi,1,kalil0321-ats-companies
usm-office,apply.workable.com/usm-office,1,kalil0321-ats-companies
utilitiesone-1,apply.workable.com/utilitiesone-1,1,kalil0321-ats-companies
utopia-life-worth-living,apply.workable.com/utopia-life-worth-living,1,kalil0321-ats-companies
uworld,apply.workable.com/uworld,1,kalil0321-ats-companies
uxbert-labs-1,apply.workable.com/uxbert-labs-1,1,kalil0321-ats-companies
v3-middle-east-engineering-consultants,apply.workable.com/v3-middle-east-engineering-consultants,1,kalil0321-ats-companies
v4c,apply.workable.com/v4c,1,kalil0321-ats-companies
vable,apply.workable.com/vable,1,kalil0321-ats-companies
valard-construction-lp,apply.workable.com/valard-construction-lp,1,kalil0321-ats-companies
valatam,apply.workable.com/valatam,1,kalil0321-ats-companies
valgenesis-1,apply.workable.com/valgenesis-1,1,kalil0321-ats-companies
validus-risk-management,apply.workable.com/validus-risk-management,1,kalil0321-ats-companies
valley-services,apply.workable.com/valley-services,1,kalil0321-ats-companies
valneva,apply.workable.com/valneva,1,kalil0321-ats-companies
valsoft-corp,apply.workable.com/valsoft-corp,1,kalil0321-ats-companies
vantagepointconsult,apply.workable.com/vantagepointconsult,1,kalil0321-ats-companies
varjo-1,apply.workable.com/varjo-1,1,kalil0321-ats-companies
vasion,apply.workable.com/vasion,1,kalil0321-ats-companies
vatica-health,apply.workable.com/vatica-health,1,kalil0321-ats-companies
vavacars,apply.workable.com/vavacars,1,kalil0321-ats-companies
vayyar,apply.workable.com/vayyar,1,kalil0321-ats-companies
vbot,apply.workable.com/vbot,1,kalil0321-ats-companies
vbp,apply.workable.com/vbp,1,kalil0321-ats-companies
vcare-hospitality-services,apply.workable.com/vcare-hospitality-services,1,kalil0321-ats-companies
vectornorthamerica,apply.workable.com/vectornorthamerica,1,kalil0321-ats-companies
velanstudios,apply.workable.com/velanstudios,2,kalil0321-ats-companies;outscal-openjobs
veldcap,apply.workable.com/veldcap,1,kalil0321-ats-companies
velocity-trade,apply.workable.com/velocity-trade,1,kalil0321-ats-companies
velora,apply.workable.com/velora,1,kalil0321-ats-companies
velotio,apply.workable.com/velotio,2,kalil0321-ats-companies;outscal-openjobs
vendo,apply.workable.com/vendo,1,kalil0321-ats-companies
ventrata,apply.workable.com/ventrata,1,kalil0321-ats-companies
venture-global-engineering,apply.workable.com/venture-global-engineering,1,kalil0321-ats-companies
venturefriendsvc,apply.workable.com/venturefriendsvc,1,kalil0321-ats-companies
veracross,apply.workable.com/veracross,1,kalil0321-ats-companies
vercingetorix,apply.workable.com/vercingetorix,1,kalil0321-ats-companies
verinext,apply.workable.com/verinext,1,kalil0321-ats-companies
verisian,apply.workable.com/verisian,1,kalil0321-ats-companies
verista,apply.workable.com/verista,1,kalil0321-ats-companies
veritree,apply.workable.com/veritree,1,kalil0321-ats-companies
verlabs-com,apply.workable.com/verlabs-com,1,kalil0321-ats-companies
verneek,apply.workable.com/verneek,1,kalil0321-ats-companies
vero-hr-ltd,apply.workable.com/vero-hr-ltd,1,kalil0321-ats-companies
versatrial,apply.workable.com/versatrial,1,kalil0321-ats-companies
vertex-sigma-software,apply.workable.com/vertex-sigma-software,1,kalil0321-ats-companies
vertin,apply.workable.com/vertin,1,kalil0321-ats-companies
ververica,apply.workable.com/ververica,1,kalil0321-ats-companies
verveventures,apply.workable.com/verveventures,1,kalil0321-ats-companies
veryday,apply.workable.com/veryday,1,kalil0321-ats-companies
vesprsolar-1,apply.workable.com/vesprsolar-1,1,kalil0321-ats-companies
vessels-value-ltd,apply.workable.com/vessels-value-ltd,1,kalil0321-ats-companies
vessev,apply.workable.com/vessev,1,kalil0321-ats-companies
vestahome,apply.workable.com/vestahome,1,kalil0321-ats-companies
vestd,apply.workable.com/vestd,1,kalil0321-ats-companies
vesuvius,apply.workable.com/vesuvius,1,kalil0321-ats-companies
vesynta,apply.workable.com/vesynta,1,kalil0321-ats-companies
veterans-engineering-2,apply.workable.com/veterans-engineering-2,1,kalil0321-ats-companies
veterans-launch-inc,apply.workable.com/veterans-launch-inc,1,kalil0321-ats-companies
veterinary-staffing-pros-1,apply.workable.com/veterinary-staffing-pros-1,1,kalil0321-ats-companies
vezeeta,apply.workable.com/vezeeta,1,kalil0321-ats-companies
via-science,apply.workable.com/via-science,1,kalil0321-ats-companies
vianex,apply.workable.com/vianex,1,kalil0321-ats-companies
vibrant-aba,apply.workable.com/vibrant-aba,1,kalil0321-ats-companies
victor-energy,apply.workable.com/victor-energy,1,kalil0321-ats-companies
vidapp,apply.workable.com/vidapp,1,kalil0321-ats-companies
vigilint,apply.workable.com/vigilint,1,kalil0321-ats-companies
vikos,apply.workable.com/vikos,1,kalil0321-ats-companies
villagereachcareers,apply.workable.com/villagereachcareers,1,kalil0321-ats-companies
vinmar-international,apply.workable.com/vinmar-international,1,kalil0321-ats-companies
vinterior,apply.workable.com/vinterior,1,kalil0321-ats-companies
vira-health,apply.workable.com/vira-health,1,ches-ctrl-cheddar
viralstyle,apply.workable.com/viralstyle,1,kalil0321-ats-companies
virgin,apply.workable.com/virgin,1,kalil0321-ats-companies
vironix-ai,apply.workable.com/vironix-ai,1,kalil0321-ats-companies
virtasant,apply.workable.com/virtasant,1,kalil0321-ats-companies
virtual-assist,apply.workable.com/virtual-assist,1,kalil0321-ats-companies
virtual-staff-365,apply.workable.com/virtual-staff-365,1,kalil0321-ats-companies
virtualstaffing,apply.workable.com/virtualstaffing,1,kalil0321-ats-companies
virtuestaff,apply.workable.com/virtuestaff,1,kalil0321-ats-companies
virtuhire,apply.workable.com/virtuhire,1,kalil0321-ats-companies
virtusa-polaris,apply.workable.com/virtusa-polaris,1,kalil0321-ats-companies
visage-dot-j-obs-1,apply.workable.com/visage-dot-j-obs-1,1,kalil0321-ats-companies
visalawai,apply.workable.com/visalawai,1,kalil0321-ats-companies
visit,apply.workable.com/visit,1,kalil0321-ats-companies
visitorscoverage-inc,apply.workable.com/visitorscoverage-inc,1,kalil0321-ats-companies
visium,apply.workable.com/visium,1,kalil0321-ats-companies
vista-group,apply.workable.com/vista-group,1,kalil0321-ats-companies
visualbi,apply.workable.com/visualbi,1,kalil0321-ats-companies
vita-green,apply.workable.com/vita-green,1,kalil0321-ats-companies
vitabiotics,apply.workable.com/vitabiotics,1,kalil0321-ats-companies
vitae-health-systems,apply.workable.com/vitae-health-systems,1,kalil0321-ats-companies
vitagreen,apply.workable.com/vitagreen,1,kalil0321-ats-companies
vitalitygroup,apply.workable.com/vitalitygroup,1,kalil0321-ats-companies
vitaly-health,apply.workable.com/vitaly-health,1,kalil0321-ats-companies
vitesse-psp,apply.workable.com/vitesse-psp,1,kalil0321-ats-companies
viva,apply.workable.com/viva,1,kalil0321-ats-companies
vivaldi-group,apply.workable.com/vivaldi-group,1,kalil0321-ats-companies
vivid-money,apply.workable.com/vivid-money,1,kalil0321-ats-companies
vivo-energy,apply.workable.com/vivo-energy,1,kalil0321-ats-companies
vix-technology,apply.workable.com/vix-technology,1,kalil0321-ats-companies
vizrt,apply.workable.com/vizrt,2,kalil0321-ats-companies;outscal-openjobs
vlrc,apply.workable.com/vlrc,1,kalil0321-ats-companies
voicediq,apply.workable.com/voicediq,1,kalil0321-ats-companies
volga-partners,apply.workable.com/volga-partners,1,kalil0321-ats-companies
volt-dot-i-o,apply.workable.com/volt-dot-i-o,1,kalil0321-ats-companies
volta-2,apply.workable.com/volta-2,1,outscal-openjobs
volution,apply.workable.com/volution,1,kalil0321-ats-companies
voluware,apply.workable.com/voluware,1,kalil0321-ats-companies
vortexa,apply.workable.com/vortexa,1,kalil0321-ats-companies
vouched,apply.workable.com/vouched,1,kalil0321-ats-companies
voulgaris-hospitality-group,apply.workable.com/voulgaris-hospitality-group,1,kalil0321-ats-companies
voyagefoods,apply.workable.com/voyagefoods,1,kalil0321-ats-companies
voyago,apply.workable.com/voyago,1,kalil0321-ats-companies
voyc,apply.workable.com/voyc,1,kalil0321-ats-companies
vpsa,apply.workable.com/vpsa,1,kalil0321-ats-companies
vuealta,apply.workable.com/vuealta,1,kalil0321-ats-companies
vulcan,apply.workable.com/vulcan,1,kalil0321-ats-companies
waad-education,apply.workable.com/waad-education,1,kalil0321-ats-companies
waed-1,apply.workable.com/waed-1,1,kalil0321-ats-companies
wake-research,apply.workable.com/wake-research,1,kalil0321-ats-companies
waking-up-1,apply.workable.com/waking-up-1,1,kalil0321-ats-companies
walkingtree,apply.workable.com/walkingtree,1,kalil0321-ats-companies
wallbox,apply.workable.com/wallbox,2,ches-ctrl-cheddar;kalil0321-ats-companies
wallee,apply.workable.com/wallee,1,kalil0321-ats-companies
walletconnect,apply.workable.com/walletconnect,1,kalil0321-ats-companies
walloprecruitment,apply.workable.com/walloprecruitment,1,kalil0321-ats-companies
walt-labs,apply.workable.com/walt-labs,1,kalil0321-ats-companies
walter-careers,apply.workable.com/walter-careers,1,kalil0321-ats-companies
wantable-careers,apply.workable.com/wantable-careers,1,kalil0321-ats-companies
warden-ai,apply.workable.com/warden-ai,1,kalil0321-ats-companies
warrcloud,apply.workable.com/warrcloud,1,kalil0321-ats-companies
wasserman-1,apply.workable.com/wasserman-1,1,kalil0321-ats-companies
wateraid,apply.workable.com/wateraid,1,kalil0321-ats-companies
waterorg,apply.workable.com/waterorg,1,kalil0321-ats-companies
waterworth,apply.workable.com/waterworth,1,kalil0321-ats-companies
wati-dot-i-o,apply.workable.com/wati-dot-i-o,1,kalil0321-ats-companies
watson-institute,apply.workable.com/watson-institute,1,kalil0321-ats-companies
wavestrong,apply.workable.com/wavestrong,1,kalil0321-ats-companies
wavicle-data-solutions,apply.workable.com/wavicle-data-solutions,1,kalil0321-ats-companies
wayman-group,apply.workable.com/wayman-group,1,kalil0321-ats-companies
waypointmaine,apply.workable.com/waypointmaine,1,kalil0321-ats-companies
wayzontech-services-pvt-ltd,apply.workable.com/wayzontech-services-pvt-ltd,1,kalil0321-ats-companies
wbpartsinc,apply.workable.com/wbpartsinc,1,kalil0321-ats-companies
we-are-social-1,apply.workable.com/we-are-social-1,2,kalil0321-ats-companies;outscal-openjobs
wearebulletproof,apply.workable.com/wearebulletproof,1,kalil0321-ats-companies
weareinventijobs,apply.workable.com/weareinventijobs,1,kalil0321-ats-companies
wearenoble,apply.workable.com/wearenoble,1,kalil0321-ats-companies
wearephlo,apply.workable.com/wearephlo,1,kalil0321-ats-companies
wearepion,apply.workable.com/wearepion,1,kalil0321-ats-companies
wearpepper,apply.workable.com/wearpepper,1,kalil0321-ats-companies
weatherbug,apply.workable.com/weatherbug,1,kalil0321-ats-companies
weatherbys-bank,apply.workable.com/weatherbys-bank,1,kalil0321-ats-companies
weave,apply.workable.com/weave,1,kalil0321-ats-companies
webhotelier,apply.workable.com/webhotelier,1,kalil0321-ats-companies
webook,apply.workable.com/webook,1,kalil0321-ats-companies
webprops,apply.workable.com/webprops,1,kalil0321-ats-companies
webuild-ai,apply.workable.com/webuild-ai,1,kalil0321-ats-companies
weekday-1,apply.workable.com/weekday-1,1,kalil0321-ats-companies
weetabix,apply.workable.com/weetabix,1,kalil0321-ats-companies
wefluens-1,apply.workable.com/wefluens-1,1,kalil0321-ats-companies
welcome-jobs,apply.workable.com/welcome-jobs,1,kalil0321-ats-companies
welcomepickups,apply.workable.com/welcomepickups,1,kalil0321-ats-companies
welovesupermom-pte-ltd,apply.workable.com/welovesupermom-pte-ltd,1,kalil0321-ats-companies
wenext-europe,apply.workable.com/wenext-europe,1,kalil0321-ats-companies
weski,apply.workable.com/weski,1,kalil0321-ats-companies
westcoast-actuaries-inc,apply.workable.com/westcoast-actuaries-inc,1,kalil0321-ats-companies
western-construction-group,apply.workable.com/western-construction-group,1,kalil0321-ats-companies
westfalia-fruit,apply.workable.com/westfalia-fruit,1,kalil0321-ats-companies
westpierstudio,apply.workable.com/westpierstudio,1,outscal-openjobs
weybourne-group,apply.workable.com/weybourne-group,1,kalil0321-ats-companies
what-if,apply.workable.com/what-if,1,kalil0321-ats-companies
whatsapp,apply.workable.com/whatsapp,1,kalil0321-ats-companies
whiparound,apply.workable.com/whiparound,1,kalil0321-ats-companies
white-fox-boutique,apply.workable.com/white-fox-boutique,1,kalil0321-ats-companies
white-pearl-hospitality,apply.workable.com/white-pearl-hospitality,1,kalil0321-ats-companies
whiterabbit,apply.workable.com/whiterabbit,1,kalil0321-ats-companies
whiteshield,apply.workable.com/whiteshield,1,kalil0321-ats-companies
whitespectre,apply.workable.com/whitespectre,1,kalil0321-ats-companies
whiteswandata,apply.workable.com/whiteswandata,1,kalil0321-ats-companies
whizz,apply.workable.com/whizz,1,kalil0321-ats-companies
whocanfixmycar,apply.workable.com/whocanfixmycar,1,kalil0321-ats-companies
widilo,apply.workable.com/widilo,1,kalil0321-ats-companies
wifi-tribe,apply.workable.com/wifi-tribe,1,kalil0321-ats-companies
wildlife-works,apply.workable.com/wildlife-works,2,ches-ctrl-cheddar;kalil0321-ats-companies
wilkinguttenplan,apply.workable.com/wilkinguttenplan,1,kalil0321-ats-companies
willett-distillery,apply.workable.com/willett-distillery,1,kalil0321-ats-companies
williams-parker,apply.workable.com/williams-parker,1,kalil0321-ats-companies
wings-ii,apply.workable.com/wings-ii,1,kalil0321-ats-companies
wingz,apply.workable.com/wingz,1,kalil0321-ats-companies
winning-assistants,apply.workable.com/winning-assistants,1,kalil0321-ats-companies
winnow,apply.workable.com/winnow,1,kalil0321-ats-companies
winthrop-technologies,apply.workable.com/winthrop-technologies,1,kalil0321-ats-companies
wirecard-asia-holding-pte-ltd,apply.workable.com/wirecard-asia-holding-pte-ltd,1,kalil0321-ats-companies
wisdom-sprouts,apply.workable.com/wisdom-sprouts,1,kalil0321-ats-companies
wisedocs-ai,apply.workable.com/wisedocs-ai,1,kalil0321-ats-companies
wisevu,apply.workable.com/wisevu,1,kalil0321-ats-companies
with-intelligence,apply.workable.com/with-intelligence,1,kalil0321-ats-companies
withings,apply.workable.com/withings,1,kalil0321-ats-companies
withlogic,apply.workable.com/withlogic,1,kalil0321-ats-companies
withplum,apply.workable.com/withplum,1,kalil0321-ats-companies
withreach,apply.workable.com/withreach,1,kalil0321-ats-companies
wittycommerce,apply.workable.com/wittycommerce,1,kalil0321-ats-companies
wizcorp,apply.workable.com/wizcorp,2,kalil0321-ats-companies;outscal-openjobs
wizer,apply.workable.com/wizer,1,kalil0321-ats-companies
wmpcompanies,apply.workable.com/wmpcompanies,1,kalil0321-ats-companies
wnscareers,apply.workable.com/wnscareers,1,kalil0321-ats-companies
wolfandbadger,apply.workable.com/wolfandbadger,1,kalil0321-ats-companies
wolfcarries-llc,apply.workable.com/wolfcarries-llc,1,kalil0321-ats-companies
wolff-olins,apply.workable.com/wolff-olins,1,kalil0321-ats-companies
womendonorsnetwork,apply.workable.com/womendonorsnetwork,1,kalil0321-ats-companies
wonderbly,apply.workable.com/wonderbly,1,kalil0321-ats-companies
woodfibre-management-limited,apply.workable.com/woodfibre-management-limited,1,kalil0321-ats-companies
woof-together-1,apply.workable.com/woof-together-1,1,kalil0321-ats-companies
woolf,apply.workable.com/woolf,1,kalil0321-ats-companies
wooplr,apply.workable.com/wooplr,1,kalil0321-ats-companies
woozle-research,apply.workable.com/woozle-research,1,kalil0321-ats-companies
wordpress,apply.workable.com/wordpress,1,kalil0321-ats-companies
work-at-greenfly,apply.workable.com/work-at-greenfly,1,kalil0321-ats-companies
workana-premium,apply.workable.com/workana-premium,1,kalil0321-ats-companies
workbox-company,apply.workable.com/workbox-company,1,kalil0321-ats-companies
workers,apply.workable.com/workers,1,kalil0321-ats-companies
workforceoptimizer,apply.workable.com/workforceoptimizer,1,kalil0321-ats-companies
working-solutions,apply.workable.com/working-solutions,1,kalil0321-ats-companies
workmoney,apply.workable.com/workmoney,2,ches-ctrl-cheddar;kalil0321-ats-companies
workmotion,apply.workable.com/workmotion,1,kalil0321-ats-companies
worksquare,apply.workable.com/worksquare,1,kalil0321-ats-companies
workstate,apply.workable.com/workstate,1,kalil0321-ats-companies
workstep,apply.workable.com/workstep,1,kalil0321-ats-companies
workx-middle-east-fzc-llc,apply.workable.com/workx-middle-east-fzc-llc,1,kalil0321-ats-companies
workyard,apply.workable.com/workyard,1,kalil0321-ats-companies
world-central-kitchen,apply.workable.com/world-central-kitchen,1,kalil0321-ats-companies
worldfish,apply.workable.com/worldfish,1,kalil0321-ats-companies
worldviatravel,apply.workable.com/worldviatravel,1,kalil0321-ats-companies
worldwide-webb,apply.workable.com/worldwide-webb,1,outscal-openjobs
worthai,apply.workable.com/worthai,1,kalil0321-ats-companies
woven,apply.workable.com/woven,1,kalil0321-ats-companies
wowza-media-systems,apply.workable.com/wowza-media-systems,1,kalil0321-ats-companies
wp-media,apply.workable.com/wp-media,1,kalil0321-ats-companies
wpt-global,apply.workable.com/wpt-global,1,kalil0321-ats-companies
wrisk,apply.workable.com/wrisk,1,kalil0321-ats-companies
writesonic,apply.workable.com/writesonic,1,kalil0321-ats-companies
wrmc,apply.workable.com/wrmc,1,kalil0321-ats-companies
ws-development,apply.workable.com/ws-development,1,kalil0321-ats-companies
wsutech,apply.workable.com/wsutech,1,kalil0321-ats-companies
wushu-studios,apply.workable.com/wushu-studios,1,outscal-openjobs
wwc,apply.workable.com/wwc,1,kalil0321-ats-companies
wwf,apply.workable.com/wwf,1,kalil0321-ats-companies
x-up-brands,apply.workable.com/x-up-brands,1,kalil0321-ats-companies
xcellink,apply.workable.com/xcellink,1,kalil0321-ats-companies
xe,apply.workable.com/xe,1,kalil0321-ats-companies
xenon7,apply.workable.com/xenon7,1,kalil0321-ats-companies
xfuel,apply.workable.com/xfuel,1,ches-ctrl-cheddar
xio,apply.workable.com/xio,1,kalil0321-ats-companies
xodus-group,apply.workable.com/xodus-group,1,kalil0321-ats-companies
xops,apply.workable.com/xops,1,kalil0321-ats-companies
xplore-inc,apply.workable.com/xplore-inc,1,kalil0321-ats-companies
xponentiate,apply.workable.com/xponentiate,1,kalil0321-ats-companies
xpress-wellness-urgent-care-2,apply.workable.com/xpress-wellness-urgent-care-2,1,kalil0321-ats-companies
xqthesuperschoolproject,apply.workable.com/xqthesuperschoolproject,1,kalil0321-ats-companies
xtm,apply.workable.com/xtm,1,kalil0321-ats-companies
xtremax-pte-ltd,apply.workable.com/xtremax-pte-ltd,1,kalil0321-ats-companies
xxperiential-marketing-group,apply.workable.com/xxperiential-marketing-group,1,kalil0321-ats-companies
yahoo,apply.workable.com/yahoo,1,kalil0321-ats-companies
yap-global,apply.workable.com/yap-global,1,kalil0321-ats-companies
yapily,apply.workable.com/yapily,1,kalil0321-ats-companies
yaso,apply.workable.com/yaso,1,kalil0321-ats-companies
yaypay,apply.workable.com/yaypay,1,kalil0321-ats-companies
ybfventures,apply.workable.com/ybfventures,1,kalil0321-ats-companies
ycombinator,apply.workable.com/ycombinator,1,kalil0321-ats-companies
yellowleaf,apply.workable.com/yellowleaf,1,kalil0321-ats-companies
yieldmartech,apply.workable.com/yieldmartech,1,kalil0321-ats-companies
yikodeen-footwear-limited,apply.workable.com/yikodeen-footwear-limited,1,kalil0321-ats-companies
yobota,apply.workable.com/yobota,1,kalil0321-ats-companies
yoda-tech,apply.workable.com/yoda-tech,1,kalil0321-ats-companies
youlend-1,apply.workable.com/youlend-1,1,kalil0321-ats-companies
youtrip,apply.workable.com/youtrip,1,kalil0321-ats-companies
yyyyyyyyy,apply.workable.com/yyyyyyyyy,1,kalil0321-ats-companies
zaelab,apply.workable.com/zaelab,1,kalil0321-ats-companies
zaincash-1,apply.workable.com/zaincash-1,1,kalil0321-ats-companies
zaintech,apply.workable.com/zaintech,1,kalil0321-ats-companies
zaizi,apply.workable.com/zaizi,1,kalil0321-ats-companies
zams,apply.workable.com/zams,1,kalil0321-ats-companies
zealgroup,apply.workable.com/zealgroup,1,kalil0321-ats-companies
zealthy,apply.workable.com/zealthy,1,kalil0321-ats-companies
zearn,apply.workable.com/zearn,1,kalil0321-ats-companies
zeel,apply.workable.com/zeel,1,kalil0321-ats-companies
zeelo,apply.workable.com/zeelo,1,kalil0321-ats-companies
zego,apply.workable.com/zego,1,kalil0321-ats-companies
zenara-health,apply.workable.com/zenara-health,1,kalil0321-ats-companies
zenarate,apply.workable.com/zenarate,1,kalil0321-ats-companies
zengistics,apply.workable.com/zengistics,1,kalil0321-ats-companies
zenoti,apply.workable.com/zenoti,1,kalil0321-ats-companies
zeptolab,apply.workable.com/zeptolab,1,outscal-openjobs
zero-down-lease,apply.workable.com/zero-down-lease,1,kalil0321-ats-companies
zero100,apply.workable.com/zero100,1,kalil0321-ats-companies
zerofox,apply.workable.com/zerofox,1,kalil0321-ats-companies
zeroheight,apply.workable.com/zeroheight,1,kalil0321-ats-companies
zerolabs,apply.workable.com/zerolabs,1,kalil0321-ats-companies
zestprep,apply.workable.com/zestprep,1,kalil0321-ats-companies
zgraph,apply.workable.com/zgraph,1,kalil0321-ats-companies
zicasso,apply.workable.com/zicasso,1,kalil0321-ats-companies
zifo,apply.workable.com/zifo,2,ches-ctrl-cheddar;kalil0321-ats-companies
zigzag-global,apply.workable.com/zigzag-global,1,kalil0321-ats-companies
zilo-1,apply.workable.com/zilo-1,1,kalil0321-ats-companies
zinc-ventures-limited,apply.workable.com/zinc-ventures-limited,1,ches-ctrl-cheddar
zinc-work,apply.workable.com/zinc-work,1,kalil0321-ats-companies
zincnetwork,apply.workable.com/zincnetwork,1,kalil0321-ats-companies
zipdev,apply.workable.com/zipdev,2,kalil0321-ats-companies;outscal-openjobs
zipliens,apply.workable.com/zipliens,1,kalil0321-ats-companies
zipline-io,apply.workable.com/zipline-io,1,kalil0321-ats-companies
zirtual-llc,apply.workable.com/zirtual-llc,1,kalil0321-ats-companies
ziyut-al-adaa,apply.workable.com/ziyut-al-adaa,1,kalil0321-ats-companies
zodia-custody,apply.workable.com/zodia-custody,1,kalil0321-ats-companies
zoneit,apply.workable.com/zoneit,1,kalil0321-ats-companies
zoomo,apply.workable.com/zoomo,1,kalil0321-ats-companies
zoopla,apply.workable.com/zoopla,1,kalil0321-ats-companies
zycus-1,apply.workable.com/zycus-1,1,kalil0321-ats-companies
zyte,apply.workable.com/zyte,2,ches-ctrl-cheddar;kalil0321-ats-companies
zzish,apply.workable.com/zzish,1,kalil0321-ats-companies
