probing 3239 board(s) with 8 workers

  dead     zwayam:30days.openings.co
  dead     zwayam:10kinfo.openings.co
  dead     zwayam:247-inc.openings.co
  dead     zwayam:24e_services.openings.co
  live     zwayam:2coms.openings.co (0 jobs)
  dead     zwayam:31west.openings.co
  dead     zwayam:247inc.openings.co
  dead     zwayam:25chutti.openings.co
  dead     zwayam:360realtors.openings.co
  dead     zwayam:360technosoft.openings.co
  dead     zwayam:360wellsols.openings.co
  dead     zwayam:42works.openings.co
  dead     zwayam:3rdeyeadvisory.openings.co
  dead     zwayam:5ines.openings.co
  live     zwayam:7-elevencorporateservicesindiallp.openings.co (0 jobs)
  dead     zwayam:99games.openings.co
  live     zwayam:8951b02fcbddc0a52a252fe953c671b3.openings.co (0 jobs)
  live     zwayam:3ds.openings.co (0 jobs)
  dead     zwayam:99loans.com
  dead     zwayam:9artsmedia.openings.co
  dead     zwayam:a10digital.openings.co
  dead     zwayam:aaravsoftware.openings.co
  live     zwayam:aadavantmed1.openings.co (0 jobs)
  dead     zwayam:aakash-ac.openings.co
  dead     zwayam:aaravinfotech.openings.co
  dead     zwayam:aashiyanandragogy.openings.co
  dead     zwayam:abadhotels.openings.co
  live     zwayam:abansfinanceprivatelimited.openings.co (0 jobs)
  dead     zwayam:abagroup-co.openings.co
  dead     zwayam:acadgild.openings.co
  live     zwayam:abbindialimited.openings.co (0 jobs)
  live     zwayam:accelinedigitalmediaprivatelimited.openings.co (0 jobs)
  dead     zwayam:ableducation.openings.co
  dead     zwayam:absyntech.openings.co
  dead     zwayam:accionlabs.cluster2.openings.co
  dead     zwayam:accreteinfo.openings.co
  dead     zwayam:accg.openings.co
  dead     zwayam:aclicksolution.openings.co
  dead     zwayam:acelerartech.openings.co
  live     zwayam:accordionpartnersindiaprivatelimited.openings.co (0 jobs)
  dead     zwayam:acerengineers.openings.co
  live     zwayam:accuspeedengineeringservicesindialimited.openings.co (1 jobs)
  dead     zwayam:acrossbeyond.openings.co
  live     zwayam:acsglobal.openings.co (0 jobs)
  dead     zwayam:acsicorp.openings.co
  live     zwayam:acumeussolutions.openings.co (0 jobs)
  live     zwayam:acvauctions.openings.co (0 jobs)
  live     zwayam:addepar.openings.co (0 jobs)
  dead     zwayam:acuitysoftwareservices.openings.co
  dead     zwayam:addoice.openings.co
  live     zwayam:addisongroupindiaprivatelimited.openings.co (0 jobs)
  live     zwayam:adformindiallp.openings.co (0 jobs)
  live     zwayam:adani.openings.co (1638 jobs)
  dead     zwayam:adinnovo.openings.co
  dead     zwayam:adscurry.openings.co
  dead     zwayam:adit.openings.co
  dead     zwayam:adiobrandsolutions.openings.co
  live     zwayam:adrenalineaitest.openings.co (0 jobs)
  dead     zwayam:adstair.openings.co
  dead     zwayam:adventurenest.openings.co
  dead     zwayam:aeroleads.openings.co
  live     zwayam:adwaithlakshmiindustriesprivatelimited.openings.co (0 jobs)
  dead     zwayam:adviserlogic.openings.co
  dead     zwayam:affle.openings.co
  dead     zwayam:advtdigital.openings.co
  dead     zwayam:agency09.openings.co
  live     zwayam:ageasfederal.cluster3.openings.co (3 jobs)
  dead     zwayam:agileforgrowth.openings.co
  live     zwayam:afflatushrservicespvtltd.openings.co (11 jobs)
  dead     zwayam:aglasem.openings.co
  dead     zwayam:agkem.openings.co
  live     zwayam:airbnb.openings.co (0 jobs)
  live     zwayam:airbase.openings.co (0 jobs)
  live     zwayam:airproducts.openings.co (0 jobs)
  live     zwayam:airtel.openings.co (0 jobs)
  dead     zwayam:akiraplc.openings.co
  dead     zwayam:alfabloggers.openings.co
  live     zwayam:ajmerainfotechprivatelimited.openings.co (0 jobs)
  live     zwayam:airbus.openings.co (23 jobs)
  dead     zwayam:alfatravelblog.openings.co
  live     zwayam:algohiretechnologiesprivatelimited.openings.co (0 jobs)
  live     zwayam:algoleaptechnologiespvtltd.openings.co (0 jobs)
  dead     zwayam:allcheckdeals.com
  dead     zwayam:alikemom.openings.co
  live     zwayam:alimentsolutionsllp.openings.co (0 jobs)
  dead     zwayam:allocatesoftwareindia.openings.co
  dead     zwayam:alonwancosmetics.openings.co
  dead     zwayam:almamaterstore.openings.co
  live     zwayam:alightservicesindiapvtltd.openings.co (0 jobs)
  dead     zwayam:alphabansal.openings.co
  dead     zwayam:americanexpress.openings.co
  dead     zwayam:amicusinfotech.openings.co
  dead     zwayam:amazingholidaysblr.openings.co
  live     zwayam:altenindiaprivatelimited.openings.co (0 jobs)
  live     zwayam:altimetrikindiapvtltd.openings.co (0 jobs)
  live     zwayam:amidcautomationtechnologiesprivatelimited.openings.co (0 jobs)
  live     zwayam:alteracorporation.openings.co (0 jobs)
  live     zwayam:amoghaaadvisorsllp.openings.co (0 jobs)
  dead     zwayam:amplifypreprod1.openings.co
  dead     zwayam:amonetize.openings.co
  dead     zwayam:amsol.openings.co
  dead     zwayam:analec.openings.co
  live     zwayam:ampovalvesindiapvtltd.openings.co (0 jobs)
  live     zwayam:amplifytest.openings.co (0 jobs)
  dead     zwayam:amuratech.openings.co
  live     zwayam:ananya.openings.co (0 jobs)
  dead     zwayam:anaptex.openings.co
  dead     zwayam:anikdairy.careers-lactalisindia.com
  dead     zwayam:anarsolutions.openings.co
  dead     zwayam:animaker.openings.co
  dead     zwayam:anion.cluster3.openings.co
  live     zwayam:ankogcc.openings.co (0 jobs)
  live     zwayam:anheuserbuschinbevindialimited.openings.co (0 jobs)
  live     zwayam:anteriad.openings.co (0 jobs)
  dead     zwayam:apolloequipments.openings.co
  dead     zwayam:antsdigital.openings.co
  dead     zwayam:apnahaat.openings.co
  live     zwayam:apaajitha.openings.co (0 jobs)
  dead     zwayam:api-docs-tts.storfund.com
  dead     zwayam:ansr.openings.co
  dead     zwayam:anvizent.openings.co
  live     zwayam:apollohospitals.openings.co (0 jobs)
  dead     zwayam:appleinformatics.openings.co
  dead     zwayam:apply.sparsolutions.com
  dead     zwayam:apollotelehealth.openings.co
  live     zwayam:applyintegrationtesting.openings.co (0 jobs)
  live     zwayam:applusidiada.openings.co (0 jobs)
  live     zwayam:apparelgroupindiaprivatelimited.openings.co (0 jobs)
  live     zwayam:applusidiadaindiaautomotivetechnologypvtltd.openings.co (2 jobs)
  live     zwayam:aptiv.openings.co (0 jobs)
  dead     zwayam:appoets.openings.co
  dead     zwayam:apptunix.openings.co
  dead     zwayam:appxem.openings.co
  dead     zwayam:applytodaynow.openings.co
  dead     zwayam:appraamlabs.openings.co
  live     zwayam:aptivcomponentsindiaprivatelimited.openings.co (0 jobs)
  dead     zwayam:archisbiz.openings.co
  live     zwayam:arcolab.openings.co (0 jobs)
  dead     zwayam:ariussoft.openings.co
  live     zwayam:argusindiapricereportingservicesllp.openings.co (0 jobs)
  dead     zwayam:arobit.openings.co
  live     zwayam:arjas.openings.co (0 jobs)
  dead     zwayam:arrowbits.openings.co
  dead     zwayam:arseniusskillcapital.openings.co
  live     zwayam:arrowelectronicsindiapvtltd.openings.co (0 jobs)
  dead     zwayam:arsteg.openings.co
  dead     zwayam:artistsaffiliated.openings.co
  dead     zwayam:artoonsolutions.openings.co
  dead     zwayam:arumin.openings.co
  live     zwayam:ascendionengineeringprivatelimited.openings.co (0 jobs)
  live     zwayam:arvindlimited.openings.co (0 jobs)
  dead     zwayam:arvatoindia.openings.co
  dead     zwayam:ascentbpo.openings.co
  live     zwayam:asanifyaitest.openings.co (0 jobs)
  live     zwayam:ascentforceservicesprivatelimited.openings.co (0 jobs)
  dead     zwayam:asiancancerinstitute.openings.co
  dead     zwayam:ashapura.openings.co
  live     zwayam:ascinfratechpvtltd.openings.co (0 jobs)
  live     zwayam:ashirvadpipespvtltd.openings.co (0 jobs)
  dead     zwayam:asianbariatrics.openings.co
  dead     zwayam:aspirebit.openings.co
  live     zwayam:asianpaints.cluster3.openings.co (0 jobs)
  live     zwayam:astardatallp.openings.co (0 jobs)
  dead     zwayam:asttecs.openings.co
  live     zwayam:atlysindiaprivatelimited.openings.co (0 jobs)
  dead     zwayam:athamastech.openings.co
  dead     zwayam:attestation24.openings.co
  live     zwayam:atyetiitservicesprivatelimited.openings.co (0 jobs)
  live     zwayam:aurigo.openings.co (0 jobs)
  live     zwayam:aurorealtyprivatelimited.openings.co (0 jobs)
  dead     zwayam:autonxt.openings.co
  live     zwayam:ausmallfinancebanklimited.openings.co (0 jobs)
  dead     zwayam:automationtradingprivatelimited.openings.co
  live     zwayam:avoautomation.openings.co (0 jobs)
  dead     zwayam:avontix.openings.co
  live     zwayam:auzmor.openings.co (0 jobs)
  dead     zwayam:awkiwctechnologies.openings.co
  dead     zwayam:awzpact.openings.co
  dead     zwayam:aylinglobal.openings.co
  live     zwayam:axismaxlifeinsurancelimited.openings.co (4 jobs)
  dead     zwayam:ayushsoftware.openings.co
  live     zwayam:azurepowerindiapvtltd.openings.co (0 jobs)
  live     zwayam:ayefinancelimited.openings.co (0 jobs)
  dead     zwayam:backpackerpanda.openings.co
  live     zwayam:axissecuritieslimited.openings.co (33 jobs)
  live     zwayam:bahwancybertekprivatelimited.openings.co (0 jobs)
  live     zwayam:bajajallianzstaffingsolutions.openings.co (13 jobs)
  dead     zwayam:bandhantv.openings.co
  live     zwayam:bajajfinservmarketsin.openings.co (2 jobs)
  dead     zwayam:bajugali.openings.co
  live     zwayam:bangalore-globalindianschool.openings.co (0 jobs)
  live     zwayam:bajajelectricalltd.openings.co (0 jobs)
  live     zwayam:bajajfinservmarkets.openings.co (0 jobs)
  live     zwayam:banarasskilldevelopmentindiaprivatelimited.openings.co (5 jobs)
  live     zwayam:bangaloreinternationalairportlimited.openings.co (0 jobs)
  dead     zwayam:baniwalinfotech.openings.co
  live     zwayam:bcdtravel.openings.co (0 jobs)
  dead     zwayam:bazinga.openings.co
  dead     zwayam:bareinternational.openings.co
  dead     zwayam:beebom.openings.co
  dead     zwayam:beaminfo.openings.co
  dead     zwayam:bankbazaar.openings.co
  dead     zwayam:bemaverick.openings.co
  dead     zwayam:bennett-edu.openings.co
  dead     zwayam:benergdigimark.openings.co
  live     zwayam:berkadia.cluster3.openings.co (0 jobs)
  dead     zwayam:betterthinkingsolutions.openings.co
  live     zwayam:bestsellerscochinpvtltd.openings.co (0 jobs)
  live     zwayam:berkowitshairandskinprivatelimited.openings.co (0 jobs)
  dead     zwayam:betabulls.openings.co
  live     zwayam:bergerpaintsindialtd.openings.co (0 jobs)
  live     zwayam:bioconbiologics.openings.co (0 jobs)
  dead     zwayam:bigfactor.openings.co
  dead     zwayam:bigshyft.com
  dead     zwayam:biipbyte.openings.co
  dead     zwayam:bikham.openings.co
  live     zwayam:bimglobalsolutionsprivatelimited.openings.co (0 jobs)
  dead     zwayam:bigtalk-co.openings.co
  dead     zwayam:bigdatace.openings.co
  live     zwayam:biologicalelimited.openings.co (0 jobs)
  live     zwayam:biz2xplatformprivatelimited.openings.co (0 jobs)
  dead     zwayam:bitalsoft.openings.co
  live     zwayam:bizmerlin.openings.co (0 jobs)
  live     zwayam:blackbaudsolutionsindiaprivatelimited.openings.co (0 jobs)
  dead     zwayam:blissmarcom.openings.co
  dead     zwayam:blackpeppertech.openings.co
  live     zwayam:blacklinesystemsdevelopmentservicesprivatel.openings.co (0 jobs)
  dead     zwayam:bluecrystals.openings.co
  dead     zwayam:bluedigital-co.openings.co
  dead     zwayam:blueletter.openings.co
  dead     zwayam:bmconsultantsindia.openings.co
  dead     zwayam:bnt-talbros.openings.co
  dead     zwayam:boi-services.openings.co
  dead     zwayam:bookaprop.openings.co
  dead     zwayam:boldkiln.openings.co
  live     zwayam:bmwtechworks.openings.co (23 jobs)
  dead     zwayam:bookasone.openings.co
  dead     zwayam:boond.openings.co
  dead     zwayam:bookyourstock.openings.co
  dead     zwayam:bottlekhol.openings.co
  live     zwayam:bostonivyhealthcaresolutionspvtltd.openings.co (0 jobs)
  live     zwayam:bptplimited.openings.co (0 jobs)
  dead     zwayam:bradstreetinformationservicesindiapvtltd.openings.co
  live     zwayam:bpscareers.coforge.com (10 jobs)
  dead     zwayam:brandhype.openings.co
  dead     zwayam:brandzgarage.openings.co
  dead     zwayam:bridgelogicsystem.openings.co
  live     zwayam:bridgenextindiaprivatelimited.openings.co (0 jobs)
  live     zwayam:bridgexcelinnovationsprivatelimited.openings.co (4 jobs)
  dead     zwayam:bridginggaps_co.openings.co
  dead     zwayam:brewmyidea.openings.co
  live     zwayam:brevanhowardassetmanagementserviceslimited.openings.co (0 jobs)
  live     zwayam:bravurasolutions.openings.co (0 jobs)
  dead     zwayam:brightseathealthcare.openings.co
  dead     zwayam:brijj.com
  dead     zwayam:brilltechno.openings.co
  dead     zwayam:broncosservices.openings.co
  live     zwayam:broadbean.openings.co (0 jobs)
  dead     zwayam:bsptechno.openings.co
  live     zwayam:bristlecone.openings.co (0 jobs)
  dead     zwayam:brushup.openings.co
  dead     zwayam:btspvtltd.openings.co
  dead     zwayam:businesshigh.openings.co
  dead     zwayam:budgetteknologies.openings.co
  live     zwayam:bureauveritasindiapvtltd.openings.co (0 jobs)
  live     zwayam:burnsmcd.openings.co (0 jobs)
  dead     zwayam:bvrpc.cluster2.openings.co
  live     zwayam:builder.cluster3.openings.co (0 jobs)
  dead     zwayam:bwtech.openings.co
  dead     zwayam:caddeskindia.openings.co
  live     zwayam:bvgindia.openings.co (2 jobs)
  dead     zwayam:bytesultra.openings.co
  live     zwayam:cadilapharmaceuticallimited.openings.co (0 jobs)
  live     zwayam:cai.openings.co (0 jobs)
  dead     zwayam:calae.openings.co
  dead     zwayam:caims.openings.co
  dead     zwayam:camelport.openings.co
  live     zwayam:canarahsbc.openings.co (11 jobs)
  dead     zwayam:capgemini.openings.co
  live     zwayam:canonindiaprivatelimited.openings.co (0 jobs)
  dead     zwayam:career.31west.com
  dead     zwayam:capillarytech.openings.co
  dead     zwayam:career.42works.com
  live     zwayam:capitalplacementservices.openings.co (62 jobs)
  live     zwayam:cardinalhealthinternationalindiaprivatelimited.openings.co (11 jobs)
  dead     zwayam:career.99games.com
  dead     zwayam:career.acrossbeyond.com
  dead     zwayam:career.abagroup-co.com
  dead     zwayam:career.adventurenest.com
  dead     zwayam:career.adinnovo.com
  dead     zwayam:career.agency09.com
  dead     zwayam:career.aglasem.com
  dead     zwayam:career.adviserlogic.com
  dead     zwayam:career.almamaterstore.com
  dead     zwayam:career.amazingholidaysblr.com
  dead     zwayam:career.amonetize.com
  dead     zwayam:career.amsol.com
  dead     zwayam:career.appraamlabs.com
  dead     zwayam:career.appxem.com
  dead     zwayam:career.arrowbits.com
  dead     zwayam:career.arsteg.com
  dead     zwayam:career.artistsaffiliated.com
  dead     zwayam:career.arumin.com
  dead     zwayam:career.ascentbpo.com
  dead     zwayam:career.autonxt.com
  dead     zwayam:career.aston.com
  dead     zwayam:career.bandhantv.com
  dead     zwayam:career.bemaverick.com
  dead     zwayam:career.aylinglobal.com
  live     zwayam:career.axismaxlife.com (8134 jobs)
  dead     zwayam:career.bigfactor.com
  dead     zwayam:career.bluecrystals.com
  dead     zwayam:career.boldkiln.com
  dead     zwayam:career.bira.com
  dead     zwayam:career.bnt-talbros.com
  dead     zwayam:career.bookyourstock.com
  dead     zwayam:career.boond.com
  dead     zwayam:career.brandhype.com
  dead     zwayam:career.businesshigh.com
  dead     zwayam:career.calae.com
  dead     zwayam:career.caims.com
  dead     zwayam:career.camelport.com
  dead     zwayam:career.clerisysolutions.com
  dead     zwayam:career.certifiedwriters.com
  dead     zwayam:career.choicehotelsindia.com
  dead     zwayam:career.codetechnology.com
  dead     zwayam:career.cogmat.com
  dead     zwayam:career.connectplus.com
  dead     zwayam:career.connexionsbpo.com
  dead     zwayam:career.conq-tech.com
  dead     zwayam:career.csmpl.com
  dead     zwayam:career.coursee.com
  dead     zwayam:career.cubewires.com
  dead     zwayam:career.creativevertex.com
  dead     zwayam:career.curefull.com
  dead     zwayam:career.cuchd.com
  live     zwayam:career.crisil.com (658 jobs)
  dead     zwayam:career.deadline.com
  dead     zwayam:career.deangelisdiamond.com
  dead     zwayam:career.cyberindigo.com
  dead     zwayam:career.destinationtech.com
  dead     zwayam:career.digital-guru.com
  dead     zwayam:career.ebazar.com
  dead     zwayam:career.embibe.com
  dead     zwayam:career.eruditelearning.com
  dead     zwayam:career.edugorilla.com
  dead     zwayam:career.doodhwala.com
  dead     zwayam:career.esurya.com
  dead     zwayam:career.dreamadream.com
  dead     zwayam:career.ethios.com
  dead     zwayam:career.eleven.com
  dead     zwayam:career.falconnect.com
  dead     zwayam:career.exponentia.com
  dead     zwayam:career.evokio.com
  dead     zwayam:career.expertvillagemedia.com
  dead     zwayam:career.fashionvibes.com
  dead     zwayam:career.flathood.com
  dead     zwayam:career.feaindia.com
  dead     zwayam:career.fibre2fashion.com
  live     zwayam:career.fleetguard-filtrum.com (1 jobs)
  dead     zwayam:career.fingoshop.com
  dead     zwayam:career.forevershop.com
  dead     zwayam:career.fghj.com
  dead     zwayam:career.goteso.com
  dead     zwayam:career.futurisk.com
  dead     zwayam:career.fixnix.com
  dead     zwayam:career.fyers.com
  dead     zwayam:career.futuregenerali.com
  dead     zwayam:career.grabonrent.com
  dead     zwayam:career.fyagroup.com
  dead     zwayam:career.goodbox.com
  dead     zwayam:career.greyticket.com
  dead     zwayam:career.icpro.com
  dead     zwayam:career.hashconnect.com
  dead     zwayam:career.hi2buy.com
  dead     zwayam:career.greenhandle.com
  dead     zwayam:career.haptik.com
  dead     zwayam:career.ibst.com
  dead     zwayam:career.hocalwire.com
  dead     zwayam:career.impactguru.com
  dead     zwayam:career.imaxtechnologies.com
  dead     zwayam:career.igiworld.com
  dead     zwayam:career.imbibe.com
  dead     zwayam:career.ideal-ind.com
  dead     zwayam:career.innverse.com
  dead     zwayam:career.innateinfo.com
  dead     zwayam:career.instantpay.com
  live     zwayam:career.indianippon.com (52 jobs)
  dead     zwayam:career.inspira.com
  dead     zwayam:career.internstreet.com
  dead     zwayam:career.instaoffice.com
  dead     zwayam:career.investadvise.com
  dead     zwayam:career.itcjobs.com
  dead     zwayam:career.iterate.com
  dead     zwayam:career.invertree.com
  dead     zwayam:career.ketto.com
  dead     zwayam:career.kapsystem.com
  dead     zwayam:career.kips.com
  dead     zwayam:career.kriyosh.com
  dead     zwayam:career.ketchupp.com
  live     zwayam:career.kpmgbahrain.com (6 jobs)
  dead     zwayam:career.ksipl.com
  live     zwayam:career.kiaindia.net (93 jobs)
  dead     zwayam:career.ksunite.com
  dead     zwayam:career.launchpadpromotions.com
  dead     zwayam:career.latinorhythms.com
  dead     zwayam:career.ladybirdweb.com
  dead     zwayam:career.leonia.com
  dead     zwayam:career.lifcare.com
  dead     zwayam:career.lingui.com
  dead     zwayam:career.matterof.com
  dead     zwayam:career.lodestarpro.com
  dead     zwayam:career.markitics.com
  dead     zwayam:career.markspacemedia.com
  dead     zwayam:career.marlabs.com
  dead     zwayam:career.logicrux.com
  dead     zwayam:career.livospire.com
  [gate] public.zwayam.com answered 403 unprompted — throttling it to 10 req/s for the rest of the run
  live     zwayam:career.maximus-india.com (0 jobs)
  dead     zwayam:career.maxusglobalsolutions.com
  dead     zwayam:career.meesho.com
  [gate] public.zwayam.com on a fresh egress address (#1, was 403, per-IP quota spent) — ban cleared, back to 10.0 req/s
  unknown  zwayam:career.mistay.com
  dead     zwayam:career.mediakonnect.com
  dead     zwayam:career.mindmajix.com
  dead     zwayam:career.media-mosaic.com
  unknown  zwayam:career.mirrorminds.com
  [gate] public.zwayam.com on a fresh egress address (#2, was 403, per-IP quota spent) — ban cleared, back to 10.0 req/s
  unknown  zwayam:career.mmbo.com
  dead     zwayam:career.molecularconnections.com
  dead     zwayam:career.nhindia.com
  dead     zwayam:career.mnkadvisory.com
  dead     zwayam:career.my-books.com
  dead     zwayam:career.mobitaz.com
  dead     zwayam:career.mobignosis.com
  dead     zwayam:career.nihtdigitalmarketing.com
  dead     zwayam:career.monarchcruise.com
  dead     zwayam:career.nisg.com
  dead     zwayam:career.nopaperforms.com
  live     zwayam:career.niveussolutions.com (11 jobs)
  dead     zwayam:career.numerify.com
  dead     zwayam:career.nubello.com
  dead     zwayam:career.okcredit.com
  dead     zwayam:career.olx.com
  dead     zwayam:career.omsoftware.com
  dead     zwayam:career.opteamix.com
  dead     zwayam:career.organicshop.com
  live     zwayam:career.oplinnovate.com (27 jobs)
  dead     zwayam:career.pairroxz.com
  dead     zwayam:career.passionatepro.com
  dead     zwayam:career.petitup.com
  dead     zwayam:career.practo.com
  dead     zwayam:career.prakriya.com
  dead     zwayam:career.prestloans.com
  dead     zwayam:career.pranastechnologies.com
  dead     zwayam:career.prudentialfirst.com
  dead     zwayam:career.purplerain.com
  dead     zwayam:career.pyplyn.com
  dead     zwayam:career.qtrove.com
  dead     zwayam:career.quikr.com
  dead     zwayam:career.questerra.com
  dead     zwayam:career.rbdgroups.com
  dead     zwayam:career.rallysolutions.com
  dead     zwayam:career.readyassist.com
  dead     zwayam:career.realbox.com
  dead     zwayam:career.referralsolutions.com
  dead     zwayam:career.reformist.com
  dead     zwayam:career.reliablelabs.com
  dead     zwayam:career.rent.com
  dead     zwayam:career.reportgarden.com
  dead     zwayam:career.risesolutionz.com
  dead     zwayam:career.richa.com
  dead     zwayam:career.saraldesigns.com
  dead     zwayam:career.secureapplication.com
  dead     zwayam:career.secureapplications.com
  dead     zwayam:career.selerant.com
  dead     zwayam:career.seniority.com
  dead     zwayam:career.sensespharma.com
  dead     zwayam:career.sine90.com
  dead     zwayam:career.snsepro.com
  dead     zwayam:career.socialtimbre.com
  dead     zwayam:career.sourcekey.com
  dead     zwayam:career.sowedane.com
  dead     zwayam:career.spacereseller.com
  dead     zwayam:career.ssamsoftwares.com
  dead     zwayam:career.stunningwebsites.com
  dead     zwayam:career.subdine.com
  dead     zwayam:career.syflextechnosolution.com
  dead     zwayam:career.supplythis.com
  dead     zwayam:career.tainfra.com
  dead     zwayam:career.taks.com
  dead     zwayam:career.talentmat.com
  dead     zwayam:career.technorizen.com
  dead     zwayam:career.techolex.com
  dead     zwayam:career.techquora.com
  dead     zwayam:career.techsters.com
  dead     zwayam:career.tekuncorked.com
  dead     zwayam:career.teles.com
  dead     zwayam:career.thbs.com
  dead     zwayam:career.theantialias.com
  dead     zwayam:career.theweddingclinic.com
  dead     zwayam:career.thedns.com
  dead     zwayam:career.togglehead.com
  dead     zwayam:career.topcashback.com
  dead     zwayam:career.trask.com
  dead     zwayam:career.tripbrands.com
  dead     zwayam:career.vayuz.com
  dead     zwayam:career.venturegarage.com
  dead     zwayam:career.vgmediawork.com
  dead     zwayam:career.vibcure.com
  dead     zwayam:career.vidushiinfotech.com
  dead     zwayam:career.vincitmedia.com
  dead     zwayam:career.volkshelp.com
  dead     zwayam:career.warcircle.com
  dead     zwayam:career.webbeeglobal.com
  dead     zwayam:career.welcomecure.com
  dead     zwayam:career.wholesalebox.com
  dead     zwayam:career.wonderwrks.com
  dead     zwayam:career.wroops.com
  dead     zwayam:career.wwsteel.com
  dead     zwayam:career.xuark.com
  dead     zwayam:career.yfret.com
  dead     zwayam:career.zebradigital.com
  dead     zwayam:career.zengatv.com
  dead     zwayam:career.zenrays.com
  dead     zwayam:career.zingbytes.com
  live     zwayam:careerlinkconsultants.openings.co (1 jobs)
  dead     zwayam:careers.31west.com
  live     zwayam:careers-india.crif.com (43 jobs)
  dead     zwayam:careers.360realtors.com
  dead     zwayam:careers.42works.com
  dead     zwayam:careers.99games.com
  dead     zwayam:careers.abagroup-co.com
  live     zwayam:careers.abraogroup.com (5 jobs)
  live     zwayam:careers.absolute.ag (14 jobs)
  dead     zwayam:careers.acrossbeyond.com
  dead     zwayam:careers.adinnovo.com
  dead     zwayam:careers.adventurenest.com
  dead     zwayam:careers.adviserlogic.com
  dead     zwayam:careers.affle.net
  dead     zwayam:careers.agency09.com
  live     zwayam:careers.agilysys.com (3 jobs)
  dead     zwayam:careers.almamaterstore.com
  dead     zwayam:careers.amazingholidaysblr.com
  dead     zwayam:careers.americanexpress.com
  dead     zwayam:careers.amonetize.com
  dead     zwayam:careers.amsol.com
  dead     zwayam:careers.amuratech.net
  dead     zwayam:careers.anarsolutions.com
  dead     zwayam:careers.anarsolutions.net
  dead     zwayam:careers.animaker.net
  live     zwayam:careers.anshikapolysurf.com (19 jobs)
  dead     zwayam:careers.aparajitha.com
  dead     zwayam:careers.appraamlabs.com
  dead     zwayam:careers.appxem.com
  dead     zwayam:careers.arrowbits.com
  dead     zwayam:careers.arsteg.com
  dead     zwayam:careers.arumin.com
  dead     zwayam:careers.artistsaffiliated.com
  dead     zwayam:careers.ascentbpo.com
  dead     zwayam:careers.aston.com
  dead     zwayam:careers.aston.in
  dead     zwayam:careers.aurigeneservices.com
  dead     zwayam:careers.autonxt.com
  dead     zwayam:careers.aylinglobal.com
  dead     zwayam:careers.azimpremjifoundation.org
  dead     zwayam:careers.bandhantv.com
  live     zwayam:careers.bajajbroking.in (51 jobs)
  dead     zwayam:careers.bankbazaar.com
  dead     zwayam:careers.bazinga.net
  live     zwayam:careers.beacon-india.com (39 jobs)
  dead     zwayam:careers.bemaverick.com
  dead     zwayam:careers.bigfactor.com
  dead     zwayam:careers.bira.com
  dead     zwayam:careers.bira.in
  live     zwayam:careers.bizongo.com (0 jobs)
  dead     zwayam:careers.blackbuck.com
  dead     zwayam:careers.bluecrystals.com
  dead     zwayam:careers.boldkiln.com
  dead     zwayam:careers.bookyourstock.com
  dead     zwayam:careers.bnt-talbros.com
  dead     zwayam:careers.boond.com
  dead     zwayam:careers.brandhype.com
  dead     zwayam:careers.brushup.net
  dead     zwayam:careers.businesshigh.com
  dead     zwayam:careers.bvgindia.com
  dead     zwayam:careers.caims.com
  dead     zwayam:careers.calae.com
  dead     zwayam:careers.camelport.com
  live     zwayam:careers.capestart.com (17 jobs)
  dead     zwayam:careers.capgemini.com
  dead     zwayam:careers.capgemini.in
  dead     zwayam:careers.causepointtech.com
  dead     zwayam:careers.centrik.in
  dead     zwayam:careers.certifiedwriters.com
  dead     zwayam:careers.choicehotelsindia.com
  live     zwayam:careers.claivc.com (11 jobs)
  dead     zwayam:careers.clerisysolutions.com
  dead     zwayam:careers.clerisysolutions.in
  dead     zwayam:careers.cloudwapp.net
  dead     zwayam:careers.codetechnology.com
  live     zwayam:careers.coforge.com (108 jobs)
  dead     zwayam:careers.cogmat.co.in
  dead     zwayam:careers.cogmat.com
  live     zwayam:careers.congruentsolutions.com (5 jobs)
  dead     zwayam:careers.connectplus.com
  live     zwayam:careers.conneqtcorp.com (613 jobs)
  dead     zwayam:careers.connexionsbpo.com
  dead     zwayam:careers.conq-tech.com
  dead     zwayam:careers.coursee.com
  dead     zwayam:careers.creativehandshrconsultancy.com
  dead     zwayam:careers.creativevertex.com
  dead     zwayam:careers.cubewires.com
  dead     zwayam:careers.cuchd.com
  dead     zwayam:careers.culko.in
  live     zwayam:careers.cuchd.in (21 jobs)
  live     zwayam:careers.cult.fit (128 jobs)
  dead     zwayam:careers.cure.in
  dead     zwayam:careers.curefull.com
  dead     zwayam:careers.currae.co.in
  dead     zwayam:careers.currae.net
  dead     zwayam:careers.cyberindigo.com
  dead     zwayam:careers.cybage.com
  dead     zwayam:careers.dailyhunt.com
  live     zwayam:careers.cyient.com (145 jobs)
  dead     zwayam:careers.danstring.co.in
  dead     zwayam:careers.deadline.co.in
  dead     zwayam:careers.deadline.com
  dead     zwayam:careers.deangelisdiamond.com
  dead     zwayam:careers.deangelisdiamond.net
  dead     zwayam:careers.dekkodigital.in
  dead     zwayam:careers.destinationtech.com
  dead     zwayam:careers.digital-guru.in
  dead     zwayam:careers.digital-guru.com
  live     zwayam:careers.dixitindia.com (52 jobs)
  dead     zwayam:careers.doodhwala.co.in
  dead     zwayam:careers.doodhwala.com
  dead     zwayam:careers.doodhwala.net
  dead     zwayam:careers.dreamadream.com
  dead     zwayam:careers.drreddys.com
  live     zwayam:careers.eaplworld.com (1774 jobs)
  dead     zwayam:careers.ebazar.in
  dead     zwayam:careers.ebazar.com
  dead     zwayam:careers.edugorilla.com
  dead     zwayam:careers.eleven.co.in
  dead     zwayam:careers.eleven.com
  dead     zwayam:careers.eleven.in
  dead     zwayam:careers.eleven.net
  dead     zwayam:careers.elmex.co.in
  dead     zwayam:careers.embibe.co.in
  dead     zwayam:careers.embibe.com
  dead     zwayam:careers.emerchant.net
  dead     zwayam:careers.eruditelearning.com
  dead     zwayam:careers.esurya.com
  dead     zwayam:careers.estreet.in
  dead     zwayam:careers.ethios.com
  dead     zwayam:careers.evelynlearning.com
  dead     zwayam:careers.evokio.com
  dead     zwayam:careers.expertvillagemedia.com
  live     zwayam:careers.exponentia.ai (28 jobs)
  dead     zwayam:careers.exponentia.com
  dead     zwayam:careers.exponentia.net
  dead     zwayam:careers.fabsys.in
  dead     zwayam:careers.falconnect.com
  live     zwayam:careers.eyeqindia.com (4 jobs)
  dead     zwayam:careers.fashionvibes.com
  dead     zwayam:careers.feaindia.com
  dead     zwayam:careers.fghj.com
  dead     zwayam:careers.fibre2fashion.net
  dead     zwayam:careers.fileserver.net
  dead     zwayam:careers.fingoshop.com
  dead     zwayam:careers.firstcry.net
  dead     zwayam:careers.fixnix.com
  dead     zwayam:careers.flathood.com
  dead     zwayam:careers.forevershop.com
  live     zwayam:careers.frankfinn.com (439 jobs)
  dead     zwayam:careers.franklincoveysouthasia.com
  dead     zwayam:careers.fresenius-kabi.in
  dead     zwayam:careers.fresenius-kabi.net
  dead     zwayam:careers.fresh2home.com
  dead     zwayam:careers.futuregenerali.com
  dead     zwayam:careers.futurisk.com
  dead     zwayam:careers.futurisk.in
  dead     zwayam:careers.fyagroup.com
  dead     zwayam:careers.fyers.com
  dead     zwayam:careers.gammaprocess.in
  dead     zwayam:careers.gdd.net
  live     zwayam:careers.gebbs.com (41 jobs)
  dead     zwayam:careers.gglonline.net
  live     zwayam:careers.goavega.com (4 jobs)
  dead     zwayam:careers.gobumpr.co.in
  dead     zwayam:careers.goodbox.com
  dead     zwayam:careers.goodbox.net
  dead     zwayam:careers.goteso.com
  dead     zwayam:careers.grabonrent.com
  dead     zwayam:careers.greenhandle.com
  live     zwayam:careers.greyorange.com (88 jobs)
  dead     zwayam:careers.greyticket.com
  dead     zwayam:careers.greyticket.in
  dead     zwayam:careers.gsl.co.in
  dead     zwayam:careers.gspann.com
  dead     zwayam:careers.gsl.net
  dead     zwayam:careers.gstc.net
  dead     zwayam:careers.gujaratinfotech.net
  dead     zwayam:careers.hakunamatata.net
  dead     zwayam:careers.haptik.com
  dead     zwayam:careers.haptik.net
  dead     zwayam:careers.hashconnect.com
  dead     zwayam:careers.hi2buy.com
  dead     zwayam:careers.hincol.co.in
  live     zwayam:careers.hindujahospital.com (37 jobs)
  dead     zwayam:careers.hocalwire.com
  live     zwayam:careers.hsc.com (8 jobs)
  dead     zwayam:careers.i2a.net
  dead     zwayam:careers.ibst.com
  dead     zwayam:careers.ibst.in
  dead     zwayam:careers.icpro.com
  dead     zwayam:careers.ibst.net
  dead     zwayam:careers.ideal-ind.com
  live     zwayam:careers.iftas.in (40 jobs)
  dead     zwayam:careers.igiworld.com
  dead     zwayam:careers.imaxtechnologies.com
  dead     zwayam:careers.imbibe.com
  dead     zwayam:careers.imbibe.in
  dead     zwayam:careers.imbibe.net
  dead     zwayam:careers.impactguru.com
  dead     zwayam:careers.impactguru.in
  dead     zwayam:careers.impetus.net
  live     zwayam:careers.in.ncs-i.com (49 jobs)
  dead     zwayam:careers.in.sparsolutions.com
  live     zwayam:careers.in.yazaki.com (35 jobs)
  dead     zwayam:careers.indialends.in
  dead     zwayam:careers.industryarc.com
  live     zwayam:careers.infoedge.com (297 jobs)
  dead     zwayam:careers.infoesearch.net
  live     zwayam:careers.infovision.com (32 jobs)
  dead     zwayam:careers.infovision.in
  dead     zwayam:careers.innateinfo.com
  dead     zwayam:careers.innov.net
  dead     zwayam:careers.innverse.com
  dead     zwayam:careers.inspira.com
  dead     zwayam:careers.inspira.in
  dead     zwayam:careers.instantpay.com
  dead     zwayam:careers.instantpay.net
  dead     zwayam:careers.instaoffice.com
  dead     zwayam:careers.internstreet.com
  live     zwayam:careers.intimetec.in (21 jobs)
  dead     zwayam:careers.invertree.com
  dead     zwayam:careers.investadvise.com
  dead     zwayam:careers.iotap.com
  live     zwayam:careers.ipeglobal.com (29 jobs)
  dead     zwayam:careers.iplbiologicals.com
  dead     zwayam:careers.itcjobs.com
  dead     zwayam:careers.itcjobs.net
  dead     zwayam:careers.iterate.com
  dead     zwayam:careers.ivp.com
  dead     zwayam:careers.ivp.in
  dead     zwayam:careers.ivp.net
  live     zwayam:careers.jeena.com (101 jobs)
  live     zwayam:careers.jet2traveltech.com (5 jobs)
  dead     zwayam:careers.kapsystem.com
  live     zwayam:careers.karurvysya.bank.in (57 jobs)
  dead     zwayam:careers.karurvysyabank.co.in
  dead     zwayam:careers.kasperinfotech.in
  live     zwayam:careers.kaygen.com (0 jobs)
  dead     zwayam:careers.ketchupp.com
  dead     zwayam:careers.ketchupp.in
  dead     zwayam:careers.ketto.com
  dead     zwayam:careers.ketto.net
  live     zwayam:careers.kinaracapital.com (32 jobs)
  dead     zwayam:careers.kips.com
  dead     zwayam:careers.kips.in
  dead     zwayam:careers.kips.net
  dead     zwayam:careers.kosmoderma.com
  live     zwayam:careers.kohler.co.in (55 jobs)
  dead     zwayam:careers.kpisoft.com
  dead     zwayam:careers.krass.net
  dead     zwayam:careers.kriyosh.com
  dead     zwayam:careers.ksipl.com
  dead     zwayam:careers.ksunite.com
  dead     zwayam:careers.ladybirdweb.com
  dead     zwayam:careers.latinorhythms.com
  dead     zwayam:careers.launchpadpromotions.com
  dead     zwayam:careers.leonia.com
  dead     zwayam:careers.leonia.net
  dead     zwayam:careers.licious.com
  dead     zwayam:careers.licious.in
  dead     zwayam:careers.licious.net
  dead     zwayam:careers.lifcare.com
  dead     zwayam:careers.lingui.com
  dead     zwayam:careers.livospire.com
  live     zwayam:careers.livspace.com (111 jobs)
  dead     zwayam:careers.lntinfotech.in
  live     zwayam:careers.loadshare.net (15 jobs)
  dead     zwayam:careers.lodestarpro.com
  dead     zwayam:careers.logicrux.com
  dead     zwayam:careers.lsdigital.com
  live     zwayam:careers.magicbricks.com (4 jobs)
  live     zwayam:careers.manipalhospitals.com (237 jobs)
  dead     zwayam:careers.markitics.com
  dead     zwayam:careers.markspacemedia.com
  dead     zwayam:careers.marvelvinyls.in
  live     zwayam:careers.mathco.com (46 jobs)
  dead     zwayam:careers.matrical.in
  dead     zwayam:careers.matterof.com
  dead     zwayam:careers.maxusglobalsolutions.com
  dead     zwayam:careers.media-mosaic.com
  dead     zwayam:careers.meesho.com
  dead     zwayam:careers.meesho.in
  dead     zwayam:careers.mediakonnect.com
  live     zwayam:careers.microland.com (1141 jobs)
  live     zwayam:careers.mid-day.com (18 jobs)
  dead     zwayam:careers.milkbasket.net
  dead     zwayam:careers.mindmajix.com
  dead     zwayam:careers.mindteck.com
  dead     zwayam:careers.mirchi.in
  dead     zwayam:careers.mirrorminds.com
  dead     zwayam:careers.mistay.com
  dead     zwayam:careers.mmbo.com
  dead     zwayam:careers.mmbo.net
  dead     zwayam:careers.mnkadvisory.com
  dead     zwayam:careers.mobignosis.com
  dead     zwayam:careers.mobignosis.net
  dead     zwayam:careers.mobitaz.com
  dead     zwayam:careers.monarchcruise.com
  dead     zwayam:careers.my-books.com
  live     zwayam:careers.navi.com (4 jobs)
  live     zwayam:careers.neptunus-power.com (19 jobs)
  live     zwayam:careers.newtonschool.co (98 jobs)
  dead     zwayam:careers.nhindia.com
  dead     zwayam:careers.nihtdigitalmarketing.com
  dead     zwayam:careers.nisg.com
  dead     zwayam:careers.nopaperforms.com
  dead     zwayam:careers.nopaperforms.in
  dead     zwayam:careers.nopaperforms.net
  live     zwayam:careers.nousinfo.com (0 jobs)
  dead     zwayam:careers.nousinfosystems.com
  dead     zwayam:careers.nubello.com
  dead     zwayam:careers.numerify.com
  dead     zwayam:careers.okcredit.co.in
  dead     zwayam:careers.okcredit.com
  dead     zwayam:careers.okcredit.in
  dead     zwayam:careers.okcredit.net
  dead     zwayam:careers.olx.com
  dead     zwayam:careers.olx.in
  dead     zwayam:careers.olx.net
  dead     zwayam:careers.omsoftware.com
  dead     zwayam:careers.opteamix.com
  dead     zwayam:careers.organicshop.com
  dead     zwayam:careers.pacewisdom.com
  dead     zwayam:careers.pairroxz.com
  dead     zwayam:careers.passionatepro.com
  live     zwayam:careers.pathfinderanalysis.com (1 jobs)
  live     zwayam:careers.persistent.com (709 jobs)
  dead     zwayam:careers.persistent.net
  dead     zwayam:careers.petitup.com
  dead     zwayam:careers.phonepe.com
  dead     zwayam:careers.polartech.net
  dead     zwayam:careers.posist.com
  dead     zwayam:careers.posist.net
  live     zwayam:careers.practo.com (33 jobs)
  dead     zwayam:careers.prakriya.com
  dead     zwayam:careers.pranastechnologies.com
  dead     zwayam:careers.prestloans.co.in
  dead     zwayam:careers.prestloans.com
  dead     zwayam:careers.progressive.co.in
  dead     zwayam:careers.progressive.com
  dead     zwayam:careers.prudentialfirst.com
  dead     zwayam:careers.prumatech.com
  dead     zwayam:careers.purplerain.com
  dead     zwayam:careers.purplerain.net
  dead     zwayam:careers.pyplyn.com
  dead     zwayam:careers.qtrove.com
  dead     zwayam:careers.questerra.com
  dead     zwayam:careers.quikr.com
  dead     zwayam:careers.rak.net
  dead     zwayam:careers.rallysolutions.com
  dead     zwayam:careers.raycom.net
  dead     zwayam:careers.rbdgroups.com
  dead     zwayam:careers.rcs.net
  dead     zwayam:careers.readyassist.com
  dead     zwayam:careers.realbox.com
  dead     zwayam:careers.realbox.net
  dead     zwayam:careers.rebelfoods.co
  dead     zwayam:careers.referralsolutions.com
  dead     zwayam:careers.reformist.com
  dead     zwayam:careers.reformist.net
  dead     zwayam:careers.regalix.in
  dead     zwayam:careers.rehlat.net
  dead     zwayam:careers.reliablelabs.com
  dead     zwayam:careers.rent.com
  dead     zwayam:careers.rent.net
  dead     zwayam:careers.reportgarden.com
  dead     zwayam:careers.reportgarden.net
  live     zwayam:careers.reverieinc.com (3 jobs)
  dead     zwayam:careers.rewe.in
  dead     zwayam:careers.richa.com
  dead     zwayam:careers.richa.net
  dead     zwayam:careers.rigelnetworks.com
  dead     zwayam:careers.rigvedtech.com
  dead     zwayam:careers.risesolutionz.com
  live     zwayam:careers.rle.co.in (0 jobs)
  live     zwayam:careers.rsystems.com (15 jobs)
  dead     zwayam:careers.rwit.net
  dead     zwayam:careers.saasvaap.com
  dead     zwayam:careers.sageit.in
  live     zwayam:careers.sailssoftware.com (40 jobs)
  dead     zwayam:careers.saraldesigns.com
  dead     zwayam:careers.schwingstetterindia.com
  dead     zwayam:careers.searchdesigngroup.com
  dead     zwayam:careers.secureapplication.net
  dead     zwayam:careers.secureapplication.com
  dead     zwayam:careers.secureapplications.com
  dead     zwayam:careers.selec.com
  dead     zwayam:careers.selec.net
  dead     zwayam:careers.selerant.com
  dead     zwayam:careers.seniority.com
  dead     zwayam:careers.seniority.net
  dead     zwayam:careers.sensespharma.com
  dead     zwayam:careers.serverguy.com
  live     zwayam:careers.servion.com (3 jobs)
  live     zwayam:careers.shorthills.ai (6 jobs)
  live     zwayam:careers.shriramproperties.com (14 jobs)
  dead     zwayam:careers.shuttl.com
  dead     zwayam:careers.sinarmasmining.net
  dead     zwayam:careers.sine90.com
  live     zwayam:careers.sisfirst.in (9 jobs)
  live     zwayam:careers.snabbit.com (0 jobs)
  dead     zwayam:careers.smartx.in
  live     zwayam:careers.snapmint.com (46 jobs)
  dead     zwayam:careers.snsepro.com
  dead     zwayam:careers.sobha.in
  dead     zwayam:careers.socialtimbre.com
  dead     zwayam:careers.sodexo.net
  live     zwayam:careers.solargroup.com (4 jobs)
  dead     zwayam:careers.solugenix.com
  dead     zwayam:careers.soprasteria.com
  live     zwayam:careers.sonyindiasoftware.co.in (7 jobs)
  dead     zwayam:careers.sourcekey.com
  dead     zwayam:careers.sourcekey.in
  dead     zwayam:careers.soprasteria.in
  dead     zwayam:careers.sourcekey.net
  dead     zwayam:careers.sowedane.com
  dead     zwayam:careers.spacereseller.com
  dead     zwayam:careers.spiceup.net
  dead     zwayam:careers.spicinemas.in
  dead     zwayam:careers.ssamsoftwares.com
  live     zwayam:careers.starlinkworld.com (54 jobs)
  dead     zwayam:careers.stunningwebsites.com
  dead     zwayam:careers.starzen.in
  dead     zwayam:careers.subdine.com
  dead     zwayam:careers.sudathi.in
  dead     zwayam:careers.supplythis.com
  dead     zwayam:careers.syflextechnosolution.com
  dead     zwayam:careers.synechron.co.in
  dead     zwayam:careers.synopsys.com
  dead     zwayam:careers.synopsys.net
  live     zwayam:careers.synoptek.com (31 jobs)
  dead     zwayam:careers.taks.com
  dead     zwayam:careers.tainfra.com
  dead     zwayam:careers.taks.net
  dead     zwayam:careers.talentmat.com
  live     zwayam:careers.tavant.com (27 jobs)
  dead     zwayam:careers.tavisca.net
  dead     zwayam:careers.techchef.net
  dead     zwayam:careers.techolex.com
  dead     zwayam:careers.technorizen.com
  dead     zwayam:careers.techquora.com
  dead     zwayam:careers.techsters.com
  live     zwayam:careers.tecnimont.in (88 jobs)
  dead     zwayam:careers.tekuncorked.com
  dead     zwayam:careers.teles.com
  dead     zwayam:careers.teles.net
  dead     zwayam:careers.tgaa.in
  dead     zwayam:careers.thbs.com
  dead     zwayam:careers.thbs.in
  dead     zwayam:careers.thbs.net
  dead     zwayam:careers.theantialias.com
  dead     zwayam:careers.thedns.com
  dead     zwayam:careers.thefearlessindian.in
  dead     zwayam:careers.theweddingclinic.com
  dead     zwayam:careers.togglehead.com
  live     zwayam:careers.thesmartq.com (87 jobs)
  live     zwayam:careers.tigeranalytics.com (106 jobs)
  dead     zwayam:careers.topcashback.com
  dead     zwayam:careers.topcashback.in
  dead     zwayam:careers.topcashback.net
  dead     zwayam:careers.topica.net
  live     zwayam:careers.torryharris.com (22 jobs)
  dead     zwayam:careers.transformation.net
  dead     zwayam:careers.trask.com
  dead     zwayam:careers.trask.in
  dead     zwayam:careers.trianz.com
  live     zwayam:careers.trinamix.com (65 jobs)
  dead     zwayam:careers.tripbrands.com
  dead     zwayam:careers.tuvsud.com
  dead     zwayam:careers.udaan.com
  dead     zwayam:careers.unifize.com
  dead     zwayam:careers.udaan.in
  dead     zwayam:careers.unifize.net
  live     zwayam:careers.unitedtechno.com (23 jobs)
  dead     zwayam:careers.usense.net
  live     zwayam:careers.useready.com (12 jobs)
  dead     zwayam:careers.utthunga.com
  dead     zwayam:careers.vatsaltechnosoft.com
  dead     zwayam:careers.vayuz.com
  dead     zwayam:careers.venturegarage.com
  dead     zwayam:careers.vibcure.com
  dead     zwayam:careers.vidushiinfotech.com
  dead     zwayam:careers.vgmediawork.com
  dead     zwayam:careers.vincitmedia.com
  dead     zwayam:careers.visapro.net
  live     zwayam:careers.vit.ac.in (87 jobs)
  dead     zwayam:careers.volkshelp.com
  dead     zwayam:careers.walmart.com
  dead     zwayam:careers.wardrobetreasures.com
  dead     zwayam:careers.warcircle.com
  dead     zwayam:careers.webappmate.in
  dead     zwayam:careers.webbeeglobal.com
  dead     zwayam:careers.welcomecure.com
  dead     zwayam:careers.webtel.co.in
  dead     zwayam:careers.wholesalebox.com
  dead     zwayam:careers.wholesalebox.net
  dead     zwayam:careers.wistron.net
  dead     zwayam:careers.wonderwrks.com
  dead     zwayam:careers.wroops.com
  dead     zwayam:careers.wwsteel.com
  dead     zwayam:careers.xuark.com
  dead     zwayam:careers.wwsteel.net
  dead     zwayam:careers.yeskaytravels.in
  dead     zwayam:careers.yfret.com
  live     zwayam:careers.ymsl.in (28 jobs)
  dead     zwayam:careers.zebradigital.com
  dead     zwayam:careers.zema.in
  dead     zwayam:careers.zema.net
  dead     zwayam:careers.zengatv.com
  dead     zwayam:careers.zenrays.com
  live     zwayam:careers.zensoftservices.com (5 jobs)
  dead     zwayam:careers.zeptonow.com
  dead     zwayam:careers.zingbytes.com
  dead     zwayam:careers.zoe.co.in
  dead     zwayam:careers.zycus.co.in
  live     zwayam:careers.zywave.com (8 jobs)
  live     zwayam:careers98765.sansera.in (91 jobs)
  live     zwayam:careerscc.vit.ac.in (54 jobs)
  live     zwayam:careersindia.amiseq.com (10 jobs)
  dead     zwayam:carneytechnologies.openings.co
  live     zwayam:carrier.openings.co (86 jobs)
  dead     zwayam:cashbacksdeals.openings.co
  live     zwayam:casagrand-co.openings.co (0 jobs)
  dead     zwayam:catalystconsulting.openings.co
  dead     zwayam:catapoolt.openings.co
  dead     zwayam:causepointtech.openings.co
  dead     zwayam:cbazaar.openings.co
  dead     zwayam:cbsipl.openings.co
  live     zwayam:centenainternationalservicesprivatelimited.openings.co (0 jobs)
  dead     zwayam:centrik.openings.co
  dead     zwayam:certifiedwriters.openings.co
  dead     zwayam:cfcs-co.openings.co
  live     zwayam:chennairadhaengineeringworkspvtltd.openings.co (0 jobs)
  live     zwayam:cheranfoundationtrust.openings.co (0 jobs)
  dead     zwayam:chirpn.openings.co
  dead     zwayam:choicehotelsindia.openings.co
  live     zwayam:choiceinternationalltd.openings.co (0 jobs)
  live     zwayam:cholamandalaminvestmentandfinancecompanylimited.openings.co (1 jobs)
  dead     zwayam:cigniti.openings.co
  live     zwayam:cimpress.openings.co (0 jobs)
  live     zwayam:ciplalimited.openings.co (0 jobs)
  live     zwayam:citco.openings.co (5 jobs)
  live     zwayam:cjettechsolutionspvtltd.openings.co (21 jobs)
  dead     zwayam:cleartax.openings.co
  live     zwayam:clario.openings.co (0 jobs)
  dead     zwayam:cleartranscripts.openings.co
  dead     zwayam:clerisysolutions.openings.co
  dead     zwayam:cliqtrends.openings.co
  dead     zwayam:cloudnix.openings.co
  dead     zwayam:cloudwapp.openings.co
  live     zwayam:cltest.openings.co (0 jobs)
  dead     zwayam:cluster3.openings.co
  live     zwayam:cma-cgm.openings.co (1 jobs)
  live     zwayam:cmr-co.openings.co (0 jobs)
  dead     zwayam:coburgindia.openings.co
  dead     zwayam:codeburnerz.openings.co
  dead     zwayam:codetechnology.openings.co
  dead     zwayam:codingxperts.openings.co
  dead     zwayam:cogmat.openings.co
  live     zwayam:cognizanttechnologysolutionsindiapvtltd.openings.co (6 jobs)
  live     zwayam:cohancelifescienceslimited.openings.co (0 jobs)
  live     zwayam:cognizanttest.openings.co (0 jobs)
  live     zwayam:collinsonloyaltybenefitsprivatelimited.openings.co (0 jobs)
  dead     zwayam:colourcraftstudio-co.openings.co
  live     zwayam:colttechnologyservicesindiaprivatelimited.openings.co (7 jobs)
  dead     zwayam:combinabpm.openings.co
  live     zwayam:commbank-com.openings.co (0 jobs)
  live     zwayam:compunneltechnologyindiaprivatelimited.openings.co (0 jobs)
  live     zwayam:comscoretechnologiesindiaprivatelimited.openings.co (0 jobs)
  dead     zwayam:conceptmakerz.openings.co
  dead     zwayam:comtrektechnosys.openings.co
  dead     zwayam:confirmtkt.openings.co
  dead     zwayam:connectplus.openings.co
  dead     zwayam:confosys.openings.co
  dead     zwayam:connexionsbpo.openings.co
  live     zwayam:connorclarklunnindiaprivatelimited.openings.co (0 jobs)
  dead     zwayam:contemporaryconnect.openings.co
  dead     zwayam:conq-tech.openings.co
  live     zwayam:contoureducation.openings.co (0 jobs)
  dead     zwayam:contriverz.openings.co
  dead     zwayam:conversity.openings.co
  dead     zwayam:conversionbug.openings.co
  dead     zwayam:core-mediagroup.openings.co
  live     zwayam:coronis.openings.co (0 jobs)
  live     zwayam:corpayindiaprivatelimited.openings.co (0 jobs)
  dead     zwayam:cosmosstarconsultants.openings.co
  dead     zwayam:cotiviti.openings.co
  dead     zwayam:coursee.openings.co
  dead     zwayam:cozmotravel.openings.co
  dead     zwayam:craveinfotech.openings.co
  dead     zwayam:craviationacademy.openings.co
  dead     zwayam:crazywanderer.openings.co
  dead     zwayam:creativeglance.openings.co
  dead     zwayam:creativehandshrconsultancy.cluster2.openings.co
  dead     zwayam:creativevertex.openings.co
  dead     zwayam:creotechsolutions.openings.co
  live     zwayam:criticalstarttechnologiesprivatelimited.openings.co (0 jobs)
  live     zwayam:crowe.openings.co (0 jobs)
  live     zwayam:cryovivalifesciencesprivatelimited.openings.co (0 jobs)
  dead     zwayam:csasoft.openings.co
  live     zwayam:csbbank.openings.co (0 jobs)
  dead     zwayam:csmpl.openings.co
  live     zwayam:csscorp.openings.co (0 jobs)
  dead     zwayam:cssoftsolutions.openings.co
  dead     zwayam:ctixapiv3.cyware.com
  dead     zwayam:cubewires.openings.co
  dead     zwayam:cubisys.openings.co
  dead     zwayam:culturefox.openings.co
  live     zwayam:cumminsindialtd.openings.co (0 jobs)
  dead     zwayam:cure.openings.co
  dead     zwayam:curefull.openings.co
  dead     zwayam:currae.openings.co
  dead     zwayam:currentware.openings.co
  dead     zwayam:custom-domain-test-0.theneo.store
  dead     zwayam:custom-domain-test-1.theneo.store
  dead     zwayam:custom-domain-test-2.theneo.store
  dead     zwayam:custom-domain-test-4.theneo.store
  dead     zwayam:custom-tornike.theneo.store
  dead     zwayam:custom.theneo.io
  dead     zwayam:cybage.openings.co
  dead     zwayam:cyberindigo.openings.co
  dead     zwayam:d2vsoftwaresolutions.openings.co
  dead     zwayam:cybermatrixsolutions.openings.co
  live     zwayam:dalmiacement.openings.co (0 jobs)
  live     zwayam:daikinair-conditioningindiapvt.ltd.openings.co (0 jobs)
  live     zwayam:danisco.openings.co (0 jobs)
  dead     zwayam:danstring.openings.co
  live     zwayam:darwinbox.openings.co (0 jobs)
  dead     zwayam:darwinlabs.openings.co
  dead     zwayam:datalogictricks.openings.co
  live     zwayam:datamarkindiabpollp.openings.co (0 jobs)
  live     zwayam:datamaticsglobalserviceslimited.openings.co (0 jobs)
  dead     zwayam:dawgiebowl.openings.co
  live     zwayam:daxkoindiatechnologysolutionsprivatelimited.openings.co (0 jobs)
  live     zwayam:dayforceindiaprivatelimited.openings.co (0 jobs)
  dead     zwayam:dayogis.openings.co
  live     zwayam:dbstechnologyservicesindiaprivatelimited.openings.co (0 jobs)
  dead     zwayam:dbispl.openings.co
  dead     zwayam:dcubedigital.openings.co
  dead     zwayam:deadline.cluster2.openings.co
  dead     zwayam:dealmaar.openings.co
  dead     zwayam:deangelisdiamond.openings.co
  live     zwayam:deccanchemicals.openings.co (0 jobs)
  dead     zwayam:deepalidesigns.openings.co
  dead     zwayam:dekkodigital.openings.co
  live     zwayam:dellinternational.openings.co (0 jobs)
  live     zwayam:deloittesharedservicesindiallp.openings.co (0 jobs)
  dead     zwayam:deployed-com.openings.co
  dead     zwayam:derbyindia.openings.co
  dead     zwayam:desidime.openings.co
  dead     zwayam:designdot-co.openings.co
  dead     zwayam:destinationtech.openings.co
  dead     zwayam:desknine.openings.co
  dead     zwayam:developer.matchmove-beta.com
  dead     zwayam:developers.elifelimo.com
  dead     zwayam:developers.evisort.com
  dead     zwayam:developers.paymob.com
  dead     zwayam:developers.themozo.net
  dead     zwayam:devinemedical.openings.co
  live     zwayam:devyanifoodindustrieslimited.openings.co (0 jobs)
  dead     zwayam:dextrasys.openings.co
  live     zwayam:devyaniinternationallimited.openings.co (0 jobs)
  dead     zwayam:dgtlmart.openings.co
  live     zwayam:dharampalsatyapallimited.openings.co (0 jobs)
  dead     zwayam:diamondpick.openings.co
  live     zwayam:digiadsmediaprivatelimited.openings.co (11 jobs)
  dead     zwayam:digimybusiness.openings.co
  dead     zwayam:digital-guru.openings.co
  dead     zwayam:digital-samrat.openings.co
  dead     zwayam:digitaladworks.openings.co
  dead     zwayam:digitale-co.openings.co
  dead     zwayam:digitallatte.openings.co
  dead     zwayam:digitalmarketingconsulting.openings.co
  dead     zwayam:digitalpatang.openings.co
  dead     zwayam:dignitasdigital.openings.co
  live     zwayam:diligent.openings.co (0 jobs)
  live     zwayam:dishhastaffingservicespvtltd.openings.co (11 jobs)
  live     zwayam:dishtvindialimited.openings.co (0 jobs)
  dead     zwayam:disil.openings.co
  dead     zwayam:ditserv.openings.co
  live     zwayam:dmhospital.openings.co (40 jobs)
  dead     zwayam:dmpspl.openings.co
  live     zwayam:dnvsharedservicesindiaprivatelimited.openings.co (0 jobs)
  dead     zwayam:docs-api-metadata.tunedglobal.com
  dead     zwayam:docs-pc-ei.paycashglobal.com
  dead     zwayam:docs.distribusion.com
  dead     zwayam:docs.manteca.dev
  dead     zwayam:docs.nexus.io
  dead     zwayam:docs.theneo.store
  dead     zwayam:documentation.scalegrid.ai
  live     zwayam:dodgeglobalnetworkindiaprivatelimited.openings.co (0 jobs)
  dead     zwayam:doodhwala.openings.co
  live     zwayam:dodladairylimited.openings.co (8 jobs)
  dead     zwayam:dragonlaw.openings.co
  dead     zwayam:driveitdigital.openings.co
  dead     zwayam:dreamadream.openings.co
  live     zwayam:dropletoffshoreservicesprivatelimited.openings.co (0 jobs)
  dead     zwayam:drpatkars.openings.co
  dead     zwayam:drreddys.cluster2.openings.co
  live     zwayam:drreddys.openings.co (0 jobs)
  dead     zwayam:drupya.openings.co
  dead     zwayam:dssiindia.openings.co
  live     zwayam:dtcc.openings.co (0 jobs)
  live     zwayam:dtdcexpresslimited.openings.co (0 jobs)
  live     zwayam:dunnhumbyitservicesindiaprivatelimited.openings.co (0 jobs)
  dead     zwayam:dwmpl.openings.co
  dead     zwayam:dynamicyards.openings.co
  live     zwayam:dynatraceindiasoftwareoperationspvtltd.openings.co (0 jobs)
  live     zwayam:e-connect.openings.co (0 jobs)
  dead     zwayam:eamanitech.openings.co
  dead     zwayam:ebazar.openings.co
  dead     zwayam:ebizneeds.openings.co
  dead     zwayam:ebizmediasolution.openings.co
  dead     zwayam:ecgroup-intl.openings.co
  live     zwayam:eclerxservicesltd.openings.co (0 jobs)
  dead     zwayam:eclinic247.openings.co
  live     zwayam:eclinical.openings.co (0 jobs)
  live     zwayam:edagproductionsolutionsindiaprivatelimited.openings.co (0 jobs)
  live     zwayam:ecolab.openings.co (9 jobs)
  dead     zwayam:edgytal.openings.co
  dead     zwayam:edifyschools.openings.co
  live     zwayam:edgevervesystemslimited.openings.co (8 jobs)
  dead     zwayam:edugorilla.openings.co
  dead     zwayam:edukasyon.openings.co
  dead     zwayam:eduposse.openings.co
  live     zwayam:effichrconsultingprivateltd.openings.co (1 jobs)
  live     zwayam:egisindiaconsultingengineerspvt.ltd..openings.co (0 jobs)
  dead     zwayam:ehiconnect.openings.co
  dead     zwayam:egrabber.openings.co
  dead     zwayam:eitbiz.openings.co
  dead     zwayam:ekaplus.openings.co
  live     zwayam:elbritlifesciencespvtltd.openings.co (0 jobs)
  dead     zwayam:eleven.openings.co
  dead     zwayam:eletimes.openings.co
  live     zwayam:elfcosmetics.openings.co (0 jobs)
  live     zwayam:eliteelevators.openings.co (0 jobs)
  dead     zwayam:elmex.cluster3.openings.co
  dead     zwayam:elyteinfotech.openings.co
  live     zwayam:emamilimited.openings.co (0 jobs)
  live     zwayam:embarkgccservicesprivatelimited.openings.co (0 jobs)
  dead     zwayam:emavens.openings.co
  dead     zwayam:embibe.openings.co
  live     zwayam:emcure.openings.co (0 jobs)
  dead     zwayam:emerchant.openings.co
  live     zwayam:emds.openings.co (0 jobs)
  live     zwayam:emids.openings.co (5 jobs)
  dead     zwayam:emiratessteel.openings.co
  live     zwayam:empower.openings.co (0 jobs)
  dead     zwayam:enate.openings.co
  dead     zwayam:endiya.openings.co
  live     zwayam:endurancetechnologieslimited.openings.co (0 jobs)
  dead     zwayam:enfluenceit.openings.co
  live     zwayam:engieenergyindiaprivatelimited.openings.co (0 jobs)
  dead     zwayam:engineersgarage.openings.co
  dead     zwayam:enikleads.openings.co
  dead     zwayam:enosistechnology.openings.co
  dead     zwayam:enquero.cluster2.openings.co
  dead     zwayam:enrichenergy.openings.co
  live     zwayam:ensemblehealthpartnersindiaprivatelimited.openings.co (0 jobs)
  live     zwayam:ensono.openings.co (0 jobs)
  live     zwayam:enstagesoftwarepvtltd.openings.co (0 jobs)
  dead     zwayam:enterprisemonkey.openings.co
  live     zwayam:epam.cluster3.openings.co (579 jobs)
  dead     zwayam:epistemesoft.openings.co
  live     zwayam:epsiloncarbon.openings.co (0 jobs)
  live     zwayam:equifaxanalyticsprivatelimited.openings.co (0 jobs)
  live     zwayam:epturaindiaprivatelimited.openings.co (0 jobs)
  live     zwayam:equinoxepcengineering.openings.co (0 jobs)
  dead     zwayam:eruditelearning.openings.co
  live     zwayam:equirusraghnallinsurancebrokingprivatelimited.openings.co (0 jobs)
  dead     zwayam:eshankawahientertainment.openings.co
  dead     zwayam:eshikhon.openings.co
  dead     zwayam:espine.openings.co
  dead     zwayam:essorsolutions.openings.co
  dead     zwayam:estivasoftech.openings.co
  dead     zwayam:essotglobal.openings.co
  dead     zwayam:estreet.openings.co
  dead     zwayam:estrolo.openings.co
  dead     zwayam:esurya.openings.co
  dead     zwayam:ethios.openings.co
  live     zwayam:etsassessmentservicesprivatelimited.openings.co (0 jobs)
  dead     zwayam:etoosindia.openings.co
  dead     zwayam:eunimart.openings.co
  dead     zwayam:eurekaws.openings.co
  dead     zwayam:euromaxgroup-com.openings.co
  live     zwayam:evalueservecompvtltd.openings.co (0 jobs)
  live     zwayam:euronetservicesindiaprivatelimited.openings.co (0 jobs)
  dead     zwayam:eventaur.openings.co
  live     zwayam:eversanaindiaprivatelimited.openings.co (0 jobs)
  dead     zwayam:evgsoftware.openings.co
  dead     zwayam:evokio.openings.co
  dead     zwayam:evolvevapors.openings.co
  dead     zwayam:evontech.openings.co
  live     zwayam:exazeprivatelimited.openings.co (0 jobs)
  dead     zwayam:excelbizsolutions.openings.co
  dead     zwayam:excelenterprises.openings.co
  dead     zwayam:excellann.openings.co
  dead     zwayam:excellentwebworld.openings.co
  live     zwayam:excelraknowledgesolutionsprivatelimited.openings.co (0 jobs)
  dead     zwayam:exeterfinance.openings.co
  dead     zwayam:eximiusresearch.openings.co
  live     zwayam:exlservice.openings.co (0 jobs)
  live     zwayam:exovoltenergylimited.openings.co (0 jobs)
  live     zwayam:expeditorsinternationalindiapvtltd.openings.co (0 jobs)
  live     zwayam:expertstaffingsolutions.openings.co (15 jobs)
  dead     zwayam:experttechnics.openings.co
  dead     zwayam:expertvillagemedia.openings.co
  live     zwayam:expoundtechnivoprivatelimited.openings.co (0 jobs)
  dead     zwayam:eyelashtechnologies.openings.co
  live     zwayam:fabindialimited.openings.co (0 jobs)
  live     zwayam:ezopstechnologiesindiapvtltd.openings.co (0 jobs)
  dead     zwayam:fabsys.openings.co
  live     zwayam:fairdealrealtorspvtltd.openings.co (0 jobs)
  dead     zwayam:falconnect.openings.co
  live     zwayam:farmicocoldchainlogisticslimited.openings.co (0 jobs)
  dead     zwayam:fashionmostwanted.openings.co
  dead     zwayam:fashionvibes.openings.co
  dead     zwayam:fatsmeagol.openings.co
  dead     zwayam:feaindia.openings.co
  dead     zwayam:feeinsta.openings.co
  dead     zwayam:feltso.openings.co
  dead     zwayam:fibre2fashion.openings.co
  dead     zwayam:fileserver.openings.co
  live     zwayam:filuetindiaprivatelimited.openings.co (0 jobs)
  dead     zwayam:finesofttechnologies.openings.co
  dead     zwayam:finetrain.openings.co
  dead     zwayam:fingoshop.openings.co
  dead     zwayam:finishingpointe.openings.co
  dead     zwayam:finopaytech.openings.co
  live     zwayam:firstsource.openings.co (2 jobs)
  dead     zwayam:firstcry.openings.co
  dead     zwayam:fixnix.openings.co
  live     zwayam:flaktgroupindiaprivatelimited.openings.co (0 jobs)
  dead     zwayam:flathood.openings.co
  live     zwayam:flip.cluster3.openings.co (0 jobs)
  dead     zwayam:flipkart.openings.co
  dead     zwayam:flipkartcareers.com
  live     zwayam:flipkartinternetprivatelimited.openings.co (0 jobs)
  live     zwayam:floatteam.openings.co (0 jobs)
  dead     zwayam:flocklet.openings.co
  dead     zwayam:flp-iutripura-edu.openings.co
  dead     zwayam:flyhightek.openings.co
  dead     zwayam:flying-crews.openings.co
  dead     zwayam:forevershop.openings.co
  dead     zwayam:foggersindia.openings.co
  live     zwayam:forsys.openings.co (4 jobs)
  live     zwayam:fossilindiapvtltd.openings.co (0 jobs)
  dead     zwayam:fourez.openings.co
  dead     zwayam:franklintempleton.openings.co
  dead     zwayam:franklincoveysouthasia.openings.co
  dead     zwayam:fresenius-kabi.openings.co
  live     zwayam:fresham.openings.co (0 jobs)
  live     zwayam:fujitsuconsultingindiapvtltd.openings.co (0 jobs)
  live     zwayam:freshworks.openings.co (0 jobs)
  dead     zwayam:futeservices.openings.co
  dead     zwayam:futuregenerali.openings.co
  dead     zwayam:futuresandcareers.cluster2.openings.co
  dead     zwayam:futurisk.openings.co
  dead     zwayam:fyagroup.openings.co
  dead     zwayam:fyers.openings.co
  live     zwayam:g4s.openings.co (0 jobs)
  dead     zwayam:g-trac.openings.co
  live     zwayam:gainwelltechnologies.openings.co (0 jobs)
  dead     zwayam:gadget2buy.openings.co
  live     zwayam:gallaghercenterofexcellencellp.openings.co (0 jobs)
  dead     zwayam:gamecloud-ltd.openings.co
  dead     zwayam:gammaprocess.openings.co
  live     zwayam:gatewayinternetprotocolmanagementpvtltd.openings.co (0 jobs)
  dead     zwayam:gatewaytechnolabs.openings.co
  dead     zwayam:gatewaypartners.openings.co
  dead     zwayam:gaugantechnologies.openings.co
  dead     zwayam:geekcreativeagency.openings.co
  live     zwayam:gavstech.openings.co (0 jobs)
  live     zwayam:generaldatatechindiaprivatelimited.openings.co (0 jobs)
  dead     zwayam:genesis.dcbbank.com
  live     zwayam:genpact.openings.co (0 jobs)
  dead     zwayam:genymedium.openings.co
  live     zwayam:gep.openings.co (0 jobs)
  dead     zwayam:getkhabri.openings.co
  dead     zwayam:germanushotels.openings.co
  dead     zwayam:ggktech.openings.co
  dead     zwayam:giftxoxo.openings.co
  dead     zwayam:ghsltechnologies.openings.co
  dead     zwayam:gigadocs.openings.co
  live     zwayam:glenmarkpharma.openings.co (0 jobs)
  dead     zwayam:glimeindiaiti.openings.co
  live     zwayam:global.openings.co (0 jobs)
  live     zwayam:globallogic.openings.co (0 jobs)
  live     zwayam:glocalsearchprivatelimited.openings.co (0 jobs)
  live     zwayam:globant.openings.co (10 jobs)
  dead     zwayam:glocar.openings.co
  live     zwayam:glovisindiapvtltd.openings.co (0 jobs)
  live     zwayam:gminsightssolutionsprivatelimited.openings.co (0 jobs)
  live     zwayam:gmrgroup.openings.co (0 jobs)
  dead     zwayam:gobumpr.openings.co
  dead     zwayam:goeventz.openings.co
  dead     zwayam:golden-call.openings.co
  dead     zwayam:goldenlotustcs.openings.co
  dead     zwayam:goodbox.openings.co
  live     zwayam:goldenpeakockoverseasltd.openings.co (0 jobs)
  dead     zwayam:googleheros.openings.co
  dead     zwayam:gopaktor.openings.co
  dead     zwayam:goldfinn.openings.co
  dead     zwayam:gopazo.openings.co
  dead     zwayam:goteso.openings.co
  dead     zwayam:gotmatter.openings.co
  dead     zwayam:grabonrent.openings.co
  dead     zwayam:grandvaultgroup.openings.co
  dead     zwayam:grank-co.openings.co
  live     zwayam:grantthorntonbharatllp.openings.co (0 jobs)
  dead     zwayam:graylogictech.openings.co
  live     zwayam:greatlearningeducationservicesprivatelimited.openings.co (0 jobs)
  dead     zwayam:greedygame.openings.co
  dead     zwayam:green-byte-web.openings.co
  dead     zwayam:greenhandle.openings.co
  dead     zwayam:greyticket.openings.co
  live     zwayam:greytipsoftwarepvtltd.openings.co (0 jobs)
  dead     zwayam:grihasoft.openings.co
  live     zwayam:growndiamondindiapvtltd.openings.co (0 jobs)
  live     zwayam:gruvetechnologiesindiaprivatelimited.openings.co (0 jobs)
  dead     zwayam:gsl.openings.co
  live     zwayam:gruvetechnologiesindpvtltd.openings.co (2 jobs)
  dead     zwayam:gsnhr.cluster3.openings.co
  dead     zwayam:gspann.openings.co
  live     zwayam:gspanntechnologiesindiapvtltd.openings.co (0 jobs)
  dead     zwayam:gtkonnect.openings.co
  dead     zwayam:gstc.openings.co
  dead     zwayam:gtonics.openings.co
  live     zwayam:guardianlife.openings.co (0 jobs)
  dead     zwayam:gujaratinfotech.openings.co
  dead     zwayam:gulfesoft.openings.co
  dead     zwayam:gullybaba.openings.co
  live     zwayam:guseducationindiallp.openings.co (0 jobs)
  dead     zwayam:gvkbio.openings.co
  dead     zwayam:gvnsit.openings.co
  dead     zwayam:gyrix.openings.co
  dead     zwayam:hakunamatata.openings.co
  dead     zwayam:handtribe.openings.co
  dead     zwayam:happoz.openings.co
  dead     zwayam:haptik.openings.co
  dead     zwayam:harveynorman-com.openings.co
  dead     zwayam:hashconnect.openings.co
  live     zwayam:havells.openings.co (0 jobs)
  live     zwayam:hccb.openings.co (0 jobs)
  live     zwayam:hcltechnologieslimited.openings.co (0 jobs)
  live     zwayam:hdfcbanklimited.openings.co (0 jobs)
  live     zwayam:hdfcsecuritiesltd.openings.co (0 jobs)
  dead     zwayam:headhuntersbiz.openings.co
  live     zwayam:healinghandsclinicprivatelimited.openings.co (0 jobs)
  dead     zwayam:healthvings.openings.co
  dead     zwayam:helloinfinity.openings.co
  dead     zwayam:herbageherbal.openings.co
  dead     zwayam:hexahash.openings.co
  dead     zwayam:hi2buy.openings.co
  live     zwayam:highradiustechnologiespvtltd.openings.co (0 jobs)
  live     zwayam:himalayawellnesscompany.openings.co (0 jobs)
  dead     zwayam:hincol.cluster3.openings.co
  live     zwayam:hindustanlatexfamilyplanningpromotiontrust.openings.co (0 jobs)
  live     zwayam:hindustanplatinumpvtltd.openings.co (0 jobs)
  live     zwayam:hindustanunileverlimited.openings.co (4 jobs)
  live     zwayam:hindware.openings.co (0 jobs)
  live     zwayam:hirefast.openings.co (579 jobs)
  live     zwayam:hirematetest1.openings.co (1 jobs)
  dead     zwayam:hiring.31west.com
  dead     zwayam:hiring.42works.com
  dead     zwayam:hiring.99games.com
  dead     zwayam:hiring.abagroup-co.com
  dead     zwayam:hiring.acrossbeyond.com
  dead     zwayam:hiring.adinnovo.com
  dead     zwayam:hiring.adventurenest.com
  dead     zwayam:hiring.adviserlogic.com
  dead     zwayam:hiring.agency09.com
  dead     zwayam:hiring.almamaterstore.com
  dead     zwayam:hiring.amazingholidaysblr.com
  dead     zwayam:hiring.amonetize.com
  dead     zwayam:hiring.amsol.com
  dead     zwayam:hiring.appraamlabs.com
  dead     zwayam:hiring.appxem.com
  dead     zwayam:hiring.arrowbits.com
  dead     zwayam:hiring.arsteg.com
  dead     zwayam:hiring.artistsaffiliated.com
  dead     zwayam:hiring.arumin.com
  dead     zwayam:hiring.ascentbpo.com
  dead     zwayam:hiring.aston.com
  dead     zwayam:hiring.autonxt.com
  dead     zwayam:hiring.aylinglobal.com
  dead     zwayam:hiring.bandhantv.com
  dead     zwayam:hiring.bemaverick.com
  dead     zwayam:hiring.bira.com
  dead     zwayam:hiring.bigfactor.com
  dead     zwayam:hiring.bluecrystals.com
  dead     zwayam:hiring.bnt-talbros.com
  dead     zwayam:hiring.boldkiln.com
  dead     zwayam:hiring.bookyourstock.com
  dead     zwayam:hiring.boond.com
  dead     zwayam:hiring.brandhype.com
  dead     zwayam:hiring.businesshigh.com
  dead     zwayam:hiring.caims.com
  dead     zwayam:hiring.calae.com
  dead     zwayam:hiring.camelport.com
  dead     zwayam:hiring.certifiedwriters.com
  dead     zwayam:hiring.choicehotelsindia.com
  dead     zwayam:hiring.clerisysolutions.com
  dead     zwayam:hiring.codetechnology.com
  dead     zwayam:hiring.cogmat.com
  dead     zwayam:hiring.connectplus.com
  dead     zwayam:hiring.connexionsbpo.com
  dead     zwayam:hiring.conq-tech.com
  dead     zwayam:hiring.coursee.com
  dead     zwayam:hiring.creativevertex.com
  dead     zwayam:hiring.cubewires.com
  dead     zwayam:hiring.cuchd.com
  dead     zwayam:hiring.curefull.com
  dead     zwayam:hiring.cyberindigo.com
  dead     zwayam:hiring.deadline.com
  dead     zwayam:hiring.deangelisdiamond.com
  dead     zwayam:hiring.destinationtech.com
  dead     zwayam:hiring.digital-guru.com
  dead     zwayam:hiring.doodhwala.com
  dead     zwayam:hiring.dreamadream.com
  dead     zwayam:hiring.ebazar.com
  dead     zwayam:hiring.edugorilla.com
  dead     zwayam:hiring.eleven.com
  dead     zwayam:hiring.embibe.com
  dead     zwayam:hiring.eruditelearning.com
  dead     zwayam:hiring.esurya.com
  dead     zwayam:hiring.ethios.com
  dead     zwayam:hiring.evokio.com
  dead     zwayam:hiring.expertvillagemedia.com
  dead     zwayam:hiring.exponentia.com
  dead     zwayam:hiring.falconnect.com
  dead     zwayam:hiring.fashionvibes.com
  dead     zwayam:hiring.feaindia.com
  dead     zwayam:hiring.fghj.com
  dead     zwayam:hiring.fingoshop.com
  dead     zwayam:hiring.fixnix.com
  dead     zwayam:hiring.flathood.com
  dead     zwayam:hiring.forevershop.com
  dead     zwayam:hiring.futuregenerali.com
  dead     zwayam:hiring.futurisk.com
  dead     zwayam:hiring.fyagroup.com
  dead     zwayam:hiring.fyers.com
  dead     zwayam:hiring.goteso.com
  dead     zwayam:hiring.goodbox.com
  dead     zwayam:hiring.grabonrent.com
  dead     zwayam:hiring.greenhandle.com
  dead     zwayam:hiring.greyticket.com
  dead     zwayam:hiring.haptik.com
  dead     zwayam:hiring.hashconnect.com
  dead     zwayam:hiring.hi2buy.com
  dead     zwayam:hiring.hocalwire.com
  dead     zwayam:hiring.ibst.com
  dead     zwayam:hiring.icpro.com
  dead     zwayam:hiring.ideal-ind.com
  dead     zwayam:hiring.igiworld.com
  dead     zwayam:hiring.imaxtechnologies.com
  dead     zwayam:hiring.imbibe.com
  dead     zwayam:hiring.innateinfo.com
  dead     zwayam:hiring.innverse.com
  dead     zwayam:hiring.impactguru.com
  dead     zwayam:hiring.inspira.com
  dead     zwayam:hiring.instaoffice.com
  dead     zwayam:hiring.internstreet.com
  dead     zwayam:hiring.instantpay.com
  dead     zwayam:hiring.invertree.com
  dead     zwayam:hiring.investadvise.com
  dead     zwayam:hiring.iterate.com
  dead     zwayam:hiring.itcjobs.com
  dead     zwayam:hiring.kapsystem.com
  dead     zwayam:hiring.ketchupp.com
  dead     zwayam:hiring.ketto.com
  dead     zwayam:hiring.kips.com
  dead     zwayam:hiring.kochartech.com
  dead     zwayam:hiring.kriyosh.com
  dead     zwayam:hiring.ksipl.com
  dead     zwayam:hiring.ladybirdweb.com
  dead     zwayam:hiring.ksunite.com
  dead     zwayam:hiring.latinorhythms.com
  dead     zwayam:hiring.launchpadpromotions.com
  dead     zwayam:hiring.leonia.com
  dead     zwayam:hiring.lifcare.com
  dead     zwayam:hiring.lingui.com
  dead     zwayam:hiring.lodestarpro.com
  dead     zwayam:hiring.livospire.com
  dead     zwayam:hiring.logicrux.com
  dead     zwayam:hiring.markitics.com
  dead     zwayam:hiring.matterof.com
  dead     zwayam:hiring.markspacemedia.com
  dead     zwayam:hiring.maxusglobalsolutions.com
  dead     zwayam:hiring.mediakonnect.com
  dead     zwayam:hiring.media-mosaic.com
  dead     zwayam:hiring.meesho.com
  dead     zwayam:hiring.mindmajix.com
  dead     zwayam:hiring.mirrorminds.com
  dead     zwayam:hiring.mistay.com
  dead     zwayam:hiring.mmbo.com
  dead     zwayam:hiring.mnkadvisory.com
  dead     zwayam:hiring.mobignosis.com
  dead     zwayam:hiring.mobitaz.com
  dead     zwayam:hiring.my-books.com
  dead     zwayam:hiring.nhindia.com
  dead     zwayam:hiring.monarchcruise.com
  dead     zwayam:hiring.nihtdigitalmarketing.com
  dead     zwayam:hiring.nisg.com
  dead     zwayam:hiring.nopaperforms.com
  dead     zwayam:hiring.nubello.com
  dead     zwayam:hiring.okcredit.com
  dead     zwayam:hiring.numerify.com
  dead     zwayam:hiring.olx.com
  dead     zwayam:hiring.omsoftware.com
  dead     zwayam:hiring.organicshop.com
  dead     zwayam:hiring.pairroxz.com
  dead     zwayam:hiring.passionatepro.com
  dead     zwayam:hiring.petitup.com
  dead     zwayam:hiring.practo.com
  dead     zwayam:hiring.prakriya.com
  dead     zwayam:hiring.pranastechnologies.com
  dead     zwayam:hiring.prestloans.com
  dead     zwayam:hiring.prudentialfirst.com
  dead     zwayam:hiring.purplerain.com
  dead     zwayam:hiring.pyplyn.com
  dead     zwayam:hiring.qtrove.com
  dead     zwayam:hiring.questerra.com
  dead     zwayam:hiring.quikr.com
  dead     zwayam:hiring.rallysolutions.com
  dead     zwayam:hiring.rbdgroups.com
  dead     zwayam:hiring.readyassist.com
  dead     zwayam:hiring.realbox.com
  dead     zwayam:hiring.referralsolutions.com
  dead     zwayam:hiring.reformist.com
  dead     zwayam:hiring.reliablelabs.com
  dead     zwayam:hiring.rent.com
  dead     zwayam:hiring.reportgarden.com
  dead     zwayam:hiring.risesolutionz.com
  dead     zwayam:hiring.richa.com
  dead     zwayam:hiring.saraldesigns.com
  dead     zwayam:hiring.secureapplication.com
  dead     zwayam:hiring.secureapplications.com
  dead     zwayam:hiring.selerant.com
  dead     zwayam:hiring.seniority.com
  dead     zwayam:hiring.sensespharma.com
  dead     zwayam:hiring.sine90.com
  dead     zwayam:hiring.snsepro.com
  dead     zwayam:hiring.socialtimbre.com
  dead     zwayam:hiring.sourcekey.com
  dead     zwayam:hiring.sowedane.com
  dead     zwayam:hiring.spacereseller.com
  dead     zwayam:hiring.ssamsoftwares.com
  dead     zwayam:hiring.stunningwebsites.com
  dead     zwayam:hiring.subdine.com
  dead     zwayam:hiring.supplythis.com
  dead     zwayam:hiring.syflextechnosolution.com
  dead     zwayam:hiring.tainfra.com
  dead     zwayam:hiring.taks.com
  dead     zwayam:hiring.talentmat.com
  dead     zwayam:hiring.teamlease.com
  live     zwayam:hiring.techbulls.com (6 jobs)
  dead     zwayam:hiring.technorizen.com
  dead     zwayam:hiring.techolex.com
  dead     zwayam:hiring.techquora.com
  dead     zwayam:hiring.techsters.com
  dead     zwayam:hiring.tekuncorked.com
  dead     zwayam:hiring.teles.com
  dead     zwayam:hiring.thbs.com
  dead     zwayam:hiring.theantialias.com
  dead     zwayam:hiring.thedns.com
  dead     zwayam:hiring.theweddingclinic.com
  dead     zwayam:hiring.togglehead.com
  dead     zwayam:hiring.topcashback.com
  dead     zwayam:hiring.tripbrands.com
  dead     zwayam:hiring.trask.com
  dead     zwayam:hiring.venturegarage.com
  dead     zwayam:hiring.vgmediawork.com
  dead     zwayam:hiring.vibcure.com
  dead     zwayam:hiring.vidushiinfotech.com
  dead     zwayam:hiring.vincitmedia.com
  dead     zwayam:hiring.volkshelp.com
  dead     zwayam:hiring.warcircle.com
  dead     zwayam:hiring.wardrobetreasures.com
  dead     zwayam:hiring.webbeeglobal.com
  dead     zwayam:hiring.welcomecure.com
  dead     zwayam:hiring.wholesalebox.com
  dead     zwayam:hiring.wonderwrks.com
  dead     zwayam:hiring.wroops.com
  dead     zwayam:hiring.wwsteel.com
  dead     zwayam:hiring.xuark.com
  dead     zwayam:hiring.yfret.com
  dead     zwayam:hiring.zebradigital.com
  dead     zwayam:hiring.zengatv.com
  dead     zwayam:hiring.zenrays.com
  dead     zwayam:hiring.zingbytes.com
  dead     zwayam:hitaishin.openings.co
  live     zwayam:hmclauseindiaprivatelimited.openings.co (0 jobs)
  dead     zwayam:hocalwire.openings.co
  dead     zwayam:hockystick.openings.co
  dead     zwayam:homesxperts.openings.co
  dead     zwayam:homelancers.openings.co
  live     zwayam:homkraftinfrapvtltd.openings.co (0 jobs)
  live     zwayam:hondamotorcyclescooterindiapvtltd.openings.co (0 jobs)
  dead     zwayam:honeycombindia.openings.co
  dead     zwayam:hotelkishusheratone.openings.co
  live     zwayam:houseofedtech.openings.co (0 jobs)
  live     zwayam:hr.bryka.co.in (5 jobs)
  live     zwayam:hra.openings.co (0 jobs)
  live     zwayam:hrdevitalentacquisition.openings.co (0 jobs)
  live     zwayam:hrmantra.openings.co (0 jobs)
  live     zwayam:hsbcelectronicdataprocessingindiapvtltd.openings.co (0 jobs)
  dead     zwayam:hsstechs.openings.co
  live     zwayam:htcglobalservicesindiapvtltd.openings.co (0 jobs)
  live     zwayam:hufindiapvtltd.openings.co (0 jobs)
  dead     zwayam:hughtechnolabs.openings.co
  live     zwayam:humanbiteulerxrprivatelimited.openings.co (0 jobs)
  dead     zwayam:hyundaimobisin.cluster3.openings.co
  dead     zwayam:i2a.openings.co
  live     zwayam:hyundaimobisin.openings.co (74 jobs)
  dead     zwayam:ibhubs.openings.co
  live     zwayam:ibibogrouppvtltd.openings.co (0 jobs)
  dead     zwayam:ibizztech.openings.co
  live     zwayam:ibmindiapvtlimited.openings.co (0 jobs)
  dead     zwayam:ibst.cluster3.openings.co
  live     zwayam:icedata.openings.co (5 jobs)
  live     zwayam:icertis.openings.co (0 jobs)
  live     zwayam:icertisindia.openings.co (9 jobs)
  live     zwayam:icicilombardgeneralinsurancecompanylimited.openings.co (0 jobs)
  live     zwayam:icims.openings.co (0 jobs)
  dead     zwayam:icore-net.openings.co
  dead     zwayam:icowebsolutions.openings.co
  dead     zwayam:icpro.openings.co
  dead     zwayam:ideal-ind.openings.co
  live     zwayam:idfcfirstbanklimited.openings.co (0 jobs)
  dead     zwayam:ideametrics-co.openings.co
  dead     zwayam:idslinfo.openings.co
  dead     zwayam:ieplads.com
  dead     zwayam:igiaviationdelhi.openings.co
  dead     zwayam:igiworld.openings.co
  live     zwayam:igrowplacement.openings.co (15 jobs)
  live     zwayam:igtsolutions.openings.co (0 jobs)
  dead     zwayam:ihealthinnovations.openings.co
  live     zwayam:iiflfinancelimited.openings.co (9 jobs)
  live     zwayam:iiflsecurities.openings.co (0 jobs)
  live     zwayam:ikyaglobalconsultingservices.openings.co (2 jobs)
  dead     zwayam:ikyam.openings.co
  dead     zwayam:ilabhub.openings.co
  dead     zwayam:illusionhealthcare.openings.co
  dead     zwayam:imagecdn.jeevansathi.com
  dead     zwayam:imaxtechnologies.openings.co
  dead     zwayam:imbibe.openings.co
  dead     zwayam:impactguru.openings.co
  live     zwayam:impelsys.openings.co (0 jobs)
  dead     zwayam:imperva.com
  dead     zwayam:impetus.cluster3.openings.co
  live     zwayam:impetus.in.cluster3.openings.co (0 jobs)
  live     zwayam:impetus.openings.co (31 jobs)
  dead     zwayam:impigertech.cluster3.openings.co
  dead     zwayam:impl.openings.co
  dead     zwayam:imydigital.openings.co
  live     zwayam:in.careers.lyra.com (10 jobs)
  dead     zwayam:inbetween.openings.co
  dead     zwayam:incredfinance.openings.co
  live     zwayam:indbankglobalsupportservices.openings.co (0 jobs)
  dead     zwayam:incrementors.openings.co
  dead     zwayam:indheal.openings.co
  live     zwayam:india-careers.netcracker.com (0 jobs)
  live     zwayam:india-jobs.wsp.com (0 jobs)
  live     zwayam:indiacareers.citrincooperman.com (4 jobs)
  dead     zwayam:indiaelearn.openings.co
  live     zwayam:indiafirstlife.openings.co (0 jobs)
  dead     zwayam:indiainfrastructure.openings.co
  dead     zwayam:indialends.openings.co
  live     zwayam:indiarecruitment.advantmed.com (0 jobs)
  dead     zwayam:inditronics.openings.co
  live     zwayam:indiumsoftware(india)privatelimited.openings.co (0 jobs)
  dead     zwayam:indiwork.openings.co
  live     zwayam:indocountindustrieslimited.openings.co (0 jobs)
  live     zwayam:indospiritbeveragesprivatelimited.openings.co (0 jobs)
  live     zwayam:indusindbanklimited.openings.co (0 jobs)
  live     zwayam:industowerslimited.openings.co (0 jobs)
  live     zwayam:indusindbankltd.openings.co (9 jobs)
  dead     zwayam:industryarc.openings.co
  dead     zwayam:infeedmedia.openings.co
  live     zwayam:infinxservicesprivatelimited.openings.co (0 jobs)
  dead     zwayam:influencetechnolabs.openings.co
  dead     zwayam:infochord.openings.co
  dead     zwayam:infoedge.com
  dead     zwayam:infoesearch.openings.co
  live     zwayam:infogainindiapltd.openings.co (0 jobs)
  dead     zwayam:infometricx.openings.co
  dead     zwayam:infopaceindia.openings.co
  live     zwayam:infoprolearningpvtltd.openings.co (0 jobs)
  live     zwayam:infostretch.cluster3.openings.co (0 jobs)
  dead     zwayam:infotechsolutions.openings.co
  live     zwayam:infotalent.infocepts.com (35 jobs)
  live     zwayam:infotest.openings.co (0 jobs)
  dead     zwayam:infovision.openings.co
  dead     zwayam:infowiz-co.openings.co
  dead     zwayam:infugin.openings.co
  live     zwayam:inmobitechnologyservicesprivatelimited.openings.co (1 jobs)
  dead     zwayam:innateinfo.openings.co
  dead     zwayam:innov.cluster3.openings.co
  live     zwayam:innodataindiapvtltd.openings.co (0 jobs)
  dead     zwayam:innovellent.openings.co
  live     zwayam:innovititechnologiesprivatelimited.openings.co (0 jobs)
  dead     zwayam:innoviussoftware.openings.co
  dead     zwayam:innovizia.openings.co
  dead     zwayam:innverse.openings.co
  dead     zwayam:innvy.openings.co
  live     zwayam:inovancetechnologyprivatelimited.openings.co (0 jobs)
  dead     zwayam:insightssuccess.openings.co
  dead     zwayam:insmagro.openings.co
  dead     zwayam:inspavo.openings.co
  dead     zwayam:inspira.openings.co
  dead     zwayam:instantpay.openings.co
  dead     zwayam:instaoffice.openings.co
  live     zwayam:insteadtaxindiaprivatelimited.openings.co (0 jobs)
  live     zwayam:insuritysolutionsindiaprivatelimited.openings.co (0 jobs)
  dead     zwayam:intelebiz.openings.co
  live     zwayam:intellectselectintegrationtest.openings.co (0 jobs)
  dead     zwayam:intellicus.cluster3.openings.co
  dead     zwayam:intellipaat.openings.co
  live     zwayam:interglobeaviationlimited.openings.co (0 jobs)
  dead     zwayam:internstreet.openings.co
  live     zwayam:intertrustviteoscorporateandfundservicesprivatelimitedcsc.openings.co (0 jobs)
  dead     zwayam:intuit-com.openings.co
  live     zwayam:intuitivesurgicalindiaprivatelimited.openings.co (0 jobs)
  dead     zwayam:invensoft-co.openings.co
  live     zwayam:inventurusknowledgesolutionslimited.openings.co (0 jobs)
  dead     zwayam:invertree.openings.co
  dead     zwayam:investadvise.openings.co
  dead     zwayam:investoxpert.openings.co
  dead     zwayam:inxee.openings.co
  dead     zwayam:inzaxis.openings.co
  dead     zwayam:iopex.openings.co
  dead     zwayam:iotap.openings.co
  dead     zwayam:iotasol.openings.co
  dead     zwayam:iprismtech.openings.co
  dead     zwayam:ipcsautomation.openings.co
  live     zwayam:iqeq.openings.co (0 jobs)
  dead     zwayam:irankmedia.openings.co
  live     zwayam:irclassrequpload.openings.co (0 jobs)
  dead     zwayam:isbaonline.openings.co
  live     zwayam:irqs.openings.co (0 jobs)
  dead     zwayam:iserveradmin.openings.co
  dead     zwayam:iservice_co.openings.co
  dead     zwayam:isocialnow.openings.co
  dead     zwayam:iskylar.openings.co
  dead     zwayam:isourceindia.openings.co
  dead     zwayam:isquaresoft.openings.co
  dead     zwayam:isunindia.openings.co
  live     zwayam:isspljobs.irclass.org (301 jobs)
  dead     zwayam:itaspects-com.openings.co
  dead     zwayam:itechizen.openings.co
  dead     zwayam:itcinfotech.openings.co
  dead     zwayam:iterate.openings.co
  dead     zwayam:itsourcetechnologies-co.openings.co
  dead     zwayam:itwareindia.openings.co
  dead     zwayam:itwonders-design.openings.co
  live     zwayam:ivysoftware.openings.co (0 jobs)
  dead     zwayam:iwellsolutions.openings.co
  dead     zwayam:iziel.openings.co
  dead     zwayam:jagatmedia.openings.co
  live     zwayam:jaivel.openings.co (0 jobs)
  dead     zwayam:jagpass.openings.co
  live     zwayam:jaksonlimited.openings.co (0 jobs)
  live     zwayam:jaquarandcompanypvt.ltd.openings.co (0 jobs)
  dead     zwayam:jaymedtech.openings.co
  dead     zwayam:jbgroup-org.openings.co
  dead     zwayam:jeevansathi.com
  live     zwayam:jindalsteelpower.openings.co (0 jobs)
  live     zwayam:jiostarindiaprivatelimited.openings.co (0 jobs)
  dead     zwayam:jithvar.openings.co
  live     zwayam:jobs-india.lumen.com (13 jobs)
  dead     zwayam:jobs.31west.com
  dead     zwayam:jobs.360realtors.in
  dead     zwayam:jobs.42works.com
  dead     zwayam:jobs.99games.com
  dead     zwayam:jobs.abagroup-co.com
  dead     zwayam:jobs.acrossbeyond.com
  dead     zwayam:jobs.adinnovo.com
  dead     zwayam:jobs.adviserlogic.com
  dead     zwayam:jobs.adventurenest.com
  dead     zwayam:jobs.agency09.com
  dead     zwayam:jobs.almamaterstore.com
  live     zwayam:jobs.ahholdings.com (32 jobs)
  dead     zwayam:jobs.amazingholidaysblr.com
  dead     zwayam:jobs.amonetize.com
  dead     zwayam:jobs.amsol.com
  dead     zwayam:jobs.anion.com
  dead     zwayam:jobs.appraamlabs.com
  dead     zwayam:jobs.appxem.com
  dead     zwayam:jobs.arrowbits.com
  dead     zwayam:jobs.arsteg.com
  dead     zwayam:jobs.artistsaffiliated.com
  dead     zwayam:jobs.arumin.com
  dead     zwayam:jobs.aston.com
  dead     zwayam:jobs.ascentbpo.com
  dead     zwayam:jobs.aston.in
  dead     zwayam:jobs.autonxt.com
  dead     zwayam:jobs.aylinglobal.com
  dead     zwayam:jobs.bajajgeneral.com
  dead     zwayam:jobs.bandhantv.com
  dead     zwayam:jobs.bemaverick.com
  dead     zwayam:jobs.bigfactor.com
  dead     zwayam:jobs.bira.com
  dead     zwayam:jobs.bira.in
  dead     zwayam:jobs.bjaz.in
  dead     zwayam:jobs.bluecrystals.com
  dead     zwayam:jobs.bnt-talbros.com
  dead     zwayam:jobs.boldkiln.com
  dead     zwayam:jobs.bookyourstock.com
  dead     zwayam:jobs.boond.com
  dead     zwayam:jobs.brandhype.com
  dead     zwayam:jobs.businesshigh.com
  dead     zwayam:jobs.caims.com
  dead     zwayam:jobs.calae.com
  dead     zwayam:jobs.camelport.com
  dead     zwayam:jobs.capgemini.com
  dead     zwayam:jobs.centrik.in
  dead     zwayam:jobs.capgemini.in
  dead     zwayam:jobs.certifiedwriters.com
  dead     zwayam:jobs.choicehotelsindia.com
  dead     zwayam:jobs.clerisysolutions.com
  dead     zwayam:jobs.clerisysolutions.in
  dead     zwayam:jobs.codetechnology.com
  dead     zwayam:jobs.cogmat.com
  dead     zwayam:jobs.connectplus.com
  dead     zwayam:jobs.connexionsbpo.com
  dead     zwayam:jobs.conq-tech.com
  dead     zwayam:jobs.coursee.com
  dead     zwayam:jobs.creativehandshrconsultancy.com
  dead     zwayam:jobs.creativevertex.com
  dead     zwayam:jobs.cubewires.com
  dead     zwayam:jobs.cuchd.com
  dead     zwayam:jobs.cure.in
  dead     zwayam:jobs.curefull.com
  dead     zwayam:jobs.cyberindigo.com
  dead     zwayam:jobs.deadline.com
  dead     zwayam:jobs.deangelisdiamond.com
  dead     zwayam:jobs.dekkodigital.in
  dead     zwayam:jobs.destinationtech.com
  dead     zwayam:jobs.digital-guru.com
  dead     zwayam:jobs.digital-guru.in
  dead     zwayam:jobs.doodhwala.com
  dead     zwayam:jobs.dreamadream.com
  dead     zwayam:jobs.ebazar.com
  dead     zwayam:jobs.ebazar.in
  dead     zwayam:jobs.edugorilla.com
  dead     zwayam:jobs.eleven.com
  dead     zwayam:jobs.eleven.in
  dead     zwayam:jobs.embibe.com
  dead     zwayam:jobs.eruditelearning.com
  dead     zwayam:jobs.estreet.in
  dead     zwayam:jobs.esurya.com
  dead     zwayam:jobs.ethios.com
  dead     zwayam:jobs.evokio.com
  dead     zwayam:jobs.expertvillagemedia.com
  dead     zwayam:jobs.exponentia.com
  dead     zwayam:jobs.fabsys.in
  dead     zwayam:jobs.falconnect.com
  dead     zwayam:jobs.fashionvibes.com
  dead     zwayam:jobs.feaindia.com
  dead     zwayam:jobs.fghj.com
  dead     zwayam:jobs.fibre2fashion.com
  dead     zwayam:jobs.fingoshop.com
  dead     zwayam:jobs.fixnix.com
  dead     zwayam:jobs.forevershop.com
  dead     zwayam:jobs.flathood.com
  dead     zwayam:jobs.fresenius-kabi.in
  dead     zwayam:jobs.futuregenerali.com
  dead     zwayam:jobs.futurisk.com
  dead     zwayam:jobs.futurisk.in
  dead     zwayam:jobs.fyers.com
  dead     zwayam:jobs.fyagroup.com
  dead     zwayam:jobs.gammaprocess.in
  dead     zwayam:jobs.goodbox.com
  dead     zwayam:jobs.goteso.com
  dead     zwayam:jobs.grabonrent.com
  dead     zwayam:jobs.greenhandle.com
  dead     zwayam:jobs.greyticket.com
  dead     zwayam:jobs.greyticket.in
  dead     zwayam:jobs.gsnhr.net
  live     zwayam:jobs.happiestminds.com (374 jobs)
  dead     zwayam:jobs.haptik.com
  dead     zwayam:jobs.hashconnect.com
  dead     zwayam:jobs.hi2buy.com
  dead     zwayam:jobs.hocalwire.com
  dead     zwayam:jobs.ibst.com
  dead     zwayam:jobs.icpro.com
  dead     zwayam:jobs.ideal-ind.com
  dead     zwayam:jobs.igiworld.com
  dead     zwayam:jobs.imaxtechnologies.com
  dead     zwayam:jobs.imbibe.in
  dead     zwayam:jobs.impactguru.com
  dead     zwayam:jobs.imbibe.com
  dead     zwayam:jobs.impactguru.in
  dead     zwayam:jobs.indialends.in
  dead     zwayam:jobs.infovision.in
  dead     zwayam:jobs.innateinfo.com
  dead     zwayam:jobs.innverse.com
  dead     zwayam:jobs.inspira.com
  dead     zwayam:jobs.inspira.in
  dead     zwayam:jobs.instantpay.com
  dead     zwayam:jobs.instaoffice.com
  dead     zwayam:jobs.intellipaat.com
  dead     zwayam:jobs.internstreet.com
  dead     zwayam:jobs.invertree.com
  dead     zwayam:jobs.investadvise.com
  live     zwayam:jobs.itcinfotech.com (360 jobs)
  dead     zwayam:jobs.iterate.com
  dead     zwayam:jobs.itcjobs.com
  live     zwayam:jobs.judgeindiasolutions.com (1 jobs)
  dead     zwayam:jobs.kapsystem.com
  dead     zwayam:jobs.kasperinfotech.in
  dead     zwayam:jobs.ketchupp.com
  dead     zwayam:jobs.ketchupp.in
  dead     zwayam:jobs.ketto.com
  dead     zwayam:jobs.kips.com
  dead     zwayam:jobs.kriyatec.com
  dead     zwayam:jobs.kriyosh.com
  dead     zwayam:jobs.ksipl.com
  dead     zwayam:jobs.ksunite.com
  dead     zwayam:jobs.ladybirdweb.com
  dead     zwayam:jobs.latinorhythms.com
  dead     zwayam:jobs.launchpadpromotions.com
  dead     zwayam:jobs.leonia.com
  dead     zwayam:jobs.lifcare.com
  dead     zwayam:jobs.lingui.com
  dead     zwayam:jobs.livospire.com
  dead     zwayam:jobs.lntinfotech.in
  dead     zwayam:jobs.lodestarpro.com
  dead     zwayam:jobs.logicrux.com
  dead     zwayam:jobs.markitics.com
  dead     zwayam:jobs.markspacemedia.com
  dead     zwayam:jobs.marvelvinyls.in
  dead     zwayam:jobs.matrical.in
  dead     zwayam:jobs.matterof.com
  dead     zwayam:jobs.maxusglobalsolutions.com
  dead     zwayam:jobs.media-mosaic.com
  dead     zwayam:jobs.meesho.com
  dead     zwayam:jobs.mediakonnect.com
  dead     zwayam:jobs.meesho.in
  dead     zwayam:jobs.mid-day.com
  dead     zwayam:jobs.mindmajix.com
  dead     zwayam:jobs.mirrorminds.com
  dead     zwayam:jobs.mistay.com
  dead     zwayam:jobs.mmbo.com
  dead     zwayam:jobs.mnkadvisory.com
  dead     zwayam:jobs.mobignosis.com
  dead     zwayam:jobs.mobitaz.com
  dead     zwayam:jobs.monarchcruise.com
  dead     zwayam:jobs.motherhoodindia.com
  dead     zwayam:jobs.my-books.com
  dead     zwayam:jobs.myriadsolutionz.com
  dead     zwayam:jobs.nextrow.com
  dead     zwayam:jobs.nhindia.com
  dead     zwayam:jobs.nihtdigitalmarketing.com
  dead     zwayam:jobs.nisg.com
  dead     zwayam:jobs.nopaperforms.com
  dead     zwayam:jobs.nopaperforms.in
  dead     zwayam:jobs.novaivffertility.com
  dead     zwayam:jobs.nubello.com
  dead     zwayam:jobs.numerify.com
  dead     zwayam:jobs.okcredit.com
  dead     zwayam:jobs.okcredit.in
  dead     zwayam:jobs.olx.com
  dead     zwayam:jobs.omsoftware.com
  dead     zwayam:jobs.opteamix.com
  dead     zwayam:jobs.organicshop.com
  dead     zwayam:jobs.pairroxz.com
  dead     zwayam:jobs.passionatepro.com
  dead     zwayam:jobs.petitup.com
  dead     zwayam:jobs.practo.com
  dead     zwayam:jobs.prakriya.com
  dead     zwayam:jobs.pranastechnologies.com
  dead     zwayam:jobs.prestloans.com
  dead     zwayam:jobs.progressive.com
  dead     zwayam:jobs.prudentialfirst.com
  dead     zwayam:jobs.purplerain.com
  dead     zwayam:jobs.pyplyn.com
  dead     zwayam:jobs.qtrove.com
  live     zwayam:jobs.qentelli.com (39 jobs)
  dead     zwayam:jobs.questerra.com
  dead     zwayam:jobs.rallysolutions.com
  dead     zwayam:jobs.rbdgroups.com
  dead     zwayam:jobs.readyassist.com
  dead     zwayam:jobs.realbox.com
  dead     zwayam:jobs.recruiseindia.com
  dead     zwayam:jobs.referralsolutions.com
  dead     zwayam:jobs.reformist.com
  dead     zwayam:jobs.regalix.in
  dead     zwayam:jobs.reliablelabs.com
  dead     zwayam:jobs.rent.com
  dead     zwayam:jobs.reportgarden.com
  dead     zwayam:jobs.rewe.in
  dead     zwayam:jobs.richa.com
  dead     zwayam:jobs.risesolutionz.com
  dead     zwayam:jobs.saraldesigns.com
  dead     zwayam:jobs.secureapplication.com
  dead     zwayam:jobs.secureapplications.com
  dead     zwayam:jobs.selerant.com
  dead     zwayam:jobs.seniority.com
  dead     zwayam:jobs.sensespharma.com
  dead     zwayam:jobs.simplilearn.com
  live     zwayam:jobs.shearwaterhealth.com (246 jobs)
  dead     zwayam:jobs.sine90.com
  dead     zwayam:jobs.smartx.in
  dead     zwayam:jobs.snsepro.com
  dead     zwayam:jobs.sobha.in
  dead     zwayam:jobs.socialtimbre.com
  dead     zwayam:jobs.softtek.com
  dead     zwayam:jobs.solugenix.com
  dead     zwayam:jobs.soprasteria.com
  dead     zwayam:jobs.sourcekey.com
  dead     zwayam:jobs.sourcekey.in
  dead     zwayam:jobs.sowedane.com
  dead     zwayam:jobs.spacereseller.com
  dead     zwayam:jobs.ssamsoftwares.com
  dead     zwayam:jobs.stunningwebsites.com
  dead     zwayam:jobs.subdine.com
  dead     zwayam:jobs.sudathi.in
  dead     zwayam:jobs.supplythis.com
  dead     zwayam:jobs.syflextechnosolution.com
  dead     zwayam:jobs.tainfra.com
  dead     zwayam:jobs.taks.com
  dead     zwayam:jobs.talentmat.com
  dead     zwayam:jobs.teamlease.com
  dead     zwayam:jobs.technorizen.com
  dead     zwayam:jobs.techolex.com
  dead     zwayam:jobs.techquora.com
  dead     zwayam:jobs.techsters.com
  live     zwayam:jobs.tek1it.com (0 jobs)
  dead     zwayam:jobs.tekuncorked.com
  dead     zwayam:jobs.teles.com
  dead     zwayam:jobs.testlabs.com
  dead     zwayam:jobs.thbs.com
  dead     zwayam:jobs.thbs.in
  dead     zwayam:jobs.theantialias.com
  dead     zwayam:jobs.thedns.com
  dead     zwayam:jobs.thefearlessindian.in
  dead     zwayam:jobs.theweddingclinic.com
  dead     zwayam:jobs.togglehead.com
  dead     zwayam:jobs.topcashback.com
  dead     zwayam:jobs.topcashback.in
  dead     zwayam:jobs.trask.com
  dead     zwayam:jobs.trask.in
  dead     zwayam:jobs.tripbrands.com
  dead     zwayam:jobs.tuvsud.com
  dead     zwayam:jobs.udaan.in
  dead     zwayam:jobs.vatsaltechnosoft.com
  dead     zwayam:jobs.venturegarage.com
  dead     zwayam:jobs.vgmediawork.com
  dead     zwayam:jobs.vibcure.com
  dead     zwayam:jobs.vidushiinfotech.com
  dead     zwayam:jobs.vincitmedia.com
  dead     zwayam:jobs.volkshelp.com
  dead     zwayam:jobs.warcircle.com
  dead     zwayam:jobs.wardrobetreasures.com
  dead     zwayam:jobs.webappmate.in
  dead     zwayam:jobs.webbeeglobal.com
  dead     zwayam:jobs.welcomecure.com
  dead     zwayam:jobs.wholesalebox.com
  dead     zwayam:jobs.wistron.com
  dead     zwayam:jobs.wonderwrks.com
  dead     zwayam:jobs.wroops.com
  dead     zwayam:jobs.wwsteel.com
  dead     zwayam:jobs.xuark.com
  dead     zwayam:jobs.yeskaytravels.in
  dead     zwayam:jobs.yfret.com
  dead     zwayam:jobs.zebradigital.com
  dead     zwayam:jobs.zema.in
  dead     zwayam:jobs.zengatv.com
  dead     zwayam:jobs.zenrays.com
  dead     zwayam:jobs.zingbytes.com
  dead     zwayam:jobsnta.cluster3.openings.co
  live     zwayam:jobviteintegration.openings.co (0 jobs)
  dead     zwayam:joharidigital.openings.co
  live     zwayam:johnsonelectric.openings.co (0 jobs)
  dead     zwayam:js1.in
  live     zwayam:jswenergylimited.openings.co (0 jobs)
  live     zwayam:jswgreentech.openings.co (0 jobs)
  live     zwayam:jswmotorslimited.openings.co (0 jobs)
  live     zwayam:jswoneplatformslimited.openings.co (0 jobs)
  live     zwayam:jswpaintsprivatelimited.openings.co (0 jobs)
  live     zwayam:jswrealty.openings.co (0 jobs)
  live     zwayam:jswsteelltd.openings.co (0 jobs)
  live     zwayam:jubilantfoodworks.openings.co (0 jobs)
  live     zwayam:jubilantpharmova.openings.co (0 jobs)
  dead     zwayam:justorbit.openings.co
  dead     zwayam:justpro.openings.co
  live     zwayam:juvareindiaprivatelimited.openings.co (0 jobs)
  live     zwayam:jyotiworldprivatelimited.openings.co (1 jobs)
  live     zwayam:kansainerolacpaintslimited.openings.co (0 jobs)
  live     zwayam:kantarimrb.openings.co (0 jobs)
  dead     zwayam:kapsystem.openings.co
  dead     zwayam:karmacircles.openings.co
  dead     zwayam:kasperinfotech.openings.co
  dead     zwayam:kaushalvriddhi.openings.co
  dead     zwayam:kaustreventures.openings.co
  dead     zwayam:kcloudtechnologies.openings.co
  dead     zwayam:kemiahomes.openings.co
  dead     zwayam:ketchupp.openings.co
  dead     zwayam:ketto.openings.co
  live     zwayam:keyenceindiaprivatelimited.openings.co (0 jobs)
  dead     zwayam:keyindiagraphics.openings.co
  live     zwayam:keyloopindiaprivatelimited.openings.co (0 jobs)
  dead     zwayam:keywordindia.openings.co
  dead     zwayam:kfmindia.openings.co
  live     zwayam:kiashsolutionllp.openings.co (4 jobs)
  live     zwayam:kidlolandkidstoddlergamesprivatelimited.openings.co (0 jobs)
  dead     zwayam:kimberlitesoftwares.openings.co
  dead     zwayam:kingfishexports.openings.co
  dead     zwayam:kips.openings.co
  dead     zwayam:kiranudyogindia.openings.co
  dead     zwayam:klickinvite.openings.co
  dead     zwayam:klinkindia.openings.co
  dead     zwayam:kochartech.openings.co
  live     zwayam:koenigsolutionsprivatelimited.openings.co (0 jobs)
  live     zwayam:koneelevatorindiapvt.ltd.openings.co (0 jobs)
  live     zwayam:kotakmahindrabank.openings.co (14 jobs)
  live     zwayam:kpipartners.openings.co (11 jobs)
  live     zwayam:kpit.openings.co (0 jobs)
  live     zwayam:kpmg-test.openings.co (0 jobs)
  live     zwayam:kpmgcareersqatar.com (21 jobs)
  dead     zwayam:krass.openings.co
  dead     zwayam:krazybee.openings.co
  dead     zwayam:kriyatec.openings.co
  live     zwayam:kriosinfosolutions.openings.co (4 jobs)
  dead     zwayam:kriyosh.openings.co
  dead     zwayam:ksipl.openings.co
  dead     zwayam:ksunite.openings.co
  dead     zwayam:kuksons.openings.co
  live     zwayam:kyndryl.openings.co (0 jobs)
  dead     zwayam:ladybirdweb.openings.co
  live     zwayam:lanxessindiapvtltd.openings.co (0 jobs)
  live     zwayam:larsentoubro.openings.co (0 jobs)
  live     zwayam:latentview.openings.co (0 jobs)
  dead     zwayam:latinorhythms.openings.co
  dead     zwayam:launchpadpromotions.openings.co
  dead     zwayam:leadcap.openings.co
  dead     zwayam:leaftreesoftware.openings.co
  dead     zwayam:leapswitch.openings.co
  dead     zwayam:lease-works.openings.co
  dead     zwayam:leemboodi.openings.co
  dead     zwayam:lehren.openings.co
  live     zwayam:lenovoindiaprivatelimited.openings.co (0 jobs)
  dead     zwayam:leogr.openings.co
  dead     zwayam:leonia.openings.co
  dead     zwayam:licious.openings.co
  dead     zwayam:lifcare.openings.co
  dead     zwayam:lifeforce.openings.co
  live     zwayam:lifesighttechnologiesprivatelimited.openings.co (0 jobs)
  live     zwayam:lightstormtelecomconnectivityprivatelimited.openings.co (0 jobs)
  dead     zwayam:limited.openings.co
  dead     zwayam:lineproindia.openings.co
  dead     zwayam:lingui.openings.co
  live     zwayam:linxonindiaengineeringprivatelimited.openings.co (0 jobs)
  live     zwayam:lionbridgetechnologiesllp.openings.co (0 jobs)
  live     zwayam:liverampindiaprivatelimited.openings.co (0 jobs)
  dead     zwayam:livospire.openings.co
  live     zwayam:lkqindiaprivatelimited.openings.co (0 jobs)
  dead     zwayam:lntinfotech.openings.co
  live     zwayam:lnw.openings.co (0 jobs)
  dead     zwayam:lockated.openings.co
  dead     zwayam:lodestarpro.openings.co
  dead     zwayam:logicnests.openings.co
  dead     zwayam:logicproviders.openings.co
  dead     zwayam:logicrux.openings.co
  dead     zwayam:logisticinfotech.openings.co
  live     zwayam:louisdreyfuscompanyindiaprivatelimited.openings.co (0 jobs)
  live     zwayam:lplfinancialholdingsinc.openings.co (0 jobs)
  dead     zwayam:ltd.openings.co
  live     zwayam:lubrizoladvancedmaterialsindiapvtltd.openings.co (0 jobs)
  dead     zwayam:lumbinielite.openings.co
  live     zwayam:lupin.openings.co (0 jobs)
  live     zwayam:lyricexponentialsindiaprivatelimited.openings.co (0 jobs)
  dead     zwayam:macconsultant-co.cluster3.openings.co
  live     zwayam:macchemproductsindiapvtltd.openings.co (0 jobs)
  dead     zwayam:maddova.openings.co
  live     zwayam:maduracoatsprivatelimited.openings.co (0 jobs)
  dead     zwayam:magicbox-co.openings.co
  live     zwayam:magicbricks.cluster3.openings.co (0 jobs)
  dead     zwayam:magicmousedesign.openings.co
  dead     zwayam:mahasoftwaresolutions.openings.co
  dead     zwayam:mallhopp.openings.co
  dead     zwayam:manipaltechnologies.openings.co
  live     zwayam:mannandhummelfilterprivatelimited.openings.co (0 jobs)
  dead     zwayam:mantratec.openings.co
  dead     zwayam:mapplinks.openings.co
  dead     zwayam:markandmake.openings.co
  live     zwayam:marketcityresourcesprivatelimited.openings.co (0 jobs)
  dead     zwayam:markitics.openings.co
  live     zwayam:marksandspencerrelianceindiapvt.ltd.openings.co (0 jobs)
  dead     zwayam:markspacemedia.openings.co
  dead     zwayam:marvelvinyls.openings.co
  live     zwayam:mastekltd.openings.co (0 jobs)
  dead     zwayam:marlabs.cluster3.openings.co
  live     zwayam:mathworksindiaprivatelimited.openings.co (0 jobs)
  dead     zwayam:matrical.openings.co
  dead     zwayam:matterof.openings.co
  live     zwayam:mavenmarketingprivatelimited.openings.co (1 jobs)
  live     zwayam:maveric-systems.openings.co (0 jobs)
  live     zwayam:maxhealthcareinstituteltd.openings.co (0 jobs)
  live     zwayam:maximusgcctechnologyandbusinessservicesindia.openings.co (0 jobs)
  dead     zwayam:maxusglobalsolutions.openings.co
  live     zwayam:maxvoltenergyindustrieslimited.openings.co (1 jobs)
  dead     zwayam:mbsindiaweb.openings.co
  dead     zwayam:mconnectsolutions.openings.co
  dead     zwayam:media-mosaic.openings.co
  dead     zwayam:mcsgeotech.openings.co
  dead     zwayam:mediacare-co.openings.co
  dead     zwayam:mediacdn.jeevansathi.com
  dead     zwayam:mediakonnect.openings.co
  live     zwayam:mediaoceanasiaprivatelimited.openings.co (0 jobs)
  live     zwayam:mediassistinsurancetpapvtltd.openings.co (0 jobs)
  live     zwayam:medpaceclinicalresearchindiaprivatelimited.openings.co (0 jobs)
  dead     zwayam:medrockers.openings.co
  live     zwayam:medline.openings.co (0 jobs)
  dead     zwayam:medscapeindia.openings.co
  dead     zwayam:meesho.openings.co
  dead     zwayam:meetuniversity.openings.co
  live     zwayam:merillife.openings.co (0 jobs)
  live     zwayam:menate.openings.co (46 jobs)
  live     zwayam:mfsgtechnologiesindiaprivatelimited.openings.co (0 jobs)
  dead     zwayam:metalore-co.openings.co
  dead     zwayam:mid-day.cluster3.openings.co
  dead     zwayam:midastouchsolutions.openings.co
  live     zwayam:midlandcreditmanagementindiaprivatelimited.openings.co (0 jobs)
  dead     zwayam:mightymente.openings.co
  dead     zwayam:milkbasket.openings.co
  dead     zwayam:milvustechno.openings.co
  dead     zwayam:mindmajix.openings.co
  live     zwayam:mindsprint.openings.co (0 jobs)
  dead     zwayam:mindteck.openings.co
  dead     zwayam:minecodes.openings.co
  dead     zwayam:mintlogix.openings.co
  dead     zwayam:mirrorminds.openings.co
  dead     zwayam:mirusinfotech.openings.co
  dead     zwayam:mistay.openings.co
  live     zwayam:mizuhoglobalservicesindiaprivatelimited.openings.co (0 jobs)
  dead     zwayam:mmbo.openings.co
  dead     zwayam:mnkadvisory.openings.co
  dead     zwayam:mobignosis.openings.co
  dead     zwayam:mobilityecommerce.openings.co
  dead     zwayam:mobitaz.openings.co
  live     zwayam:mobolutionindiaprivatelimited.openings.co (0 jobs)
  live     zwayam:modmedtechnologiesindiaprivatelimited.openings.co (0 jobs)
  dead     zwayam:molecularconnections.openings.co
  live     zwayam:momentiveperformancematerialsindiapvtltd.openings.co (0 jobs)
  dead     zwayam:monarchcruise.openings.co
  dead     zwayam:monexo.openings.co
  live     zwayam:morningstarindia(p)ltd.openings.co (0 jobs)
  live     zwayam:mouserelectronicsindiapvt.ltd.openings.co (0 jobs)
  dead     zwayam:moverszone.openings.co
  dead     zwayam:mplussoft.openings.co
  live     zwayam:mpmpvtltd.openings.co (0 jobs)
  live     zwayam:msciservicespvt.ltd..openings.co (0 jobs)
  dead     zwayam:msfindia.openings.co
  live     zwayam:msgglobalsolutionsindiaprivatelimited.openings.co (0 jobs)
  live     zwayam:msnlaboratoriespvt.ltd.openings.co (0 jobs)
  dead     zwayam:msoft-co.openings.co
  live     zwayam:mtiintegrationservicesindiaprivatelimited.openings.co (0 jobs)
  dead     zwayam:mucheco.openings.co
  dead     zwayam:mudiaminc.openings.co
  dead     zwayam:mudrikaaprints.openings.co
  dead     zwayam:musesmarketing.openings.co
  dead     zwayam:musikaar.openings.co
  dead     zwayam:my-books.openings.co
  dead     zwayam:mymindinfotech.openings.co
  dead     zwayam:myraandcompany.openings.co
  dead     zwayam:myriadsolutionz.openings.co
  live     zwayam:mywork.openings.co (0 jobs)
  live     zwayam:narainplacementconsultancyprivatelimited.openings.co (2 jobs)
  live     zwayam:narayanahealth.openings.co (0 jobs)
  live     zwayam:narayanseva.openings.co (0 jobs)
  live     zwayam:nationalpaymentscorporationofindia.openings.co (0 jobs)
  live     zwayam:nationalskilldevelopmentcorporation.openings.co (0 jobs)
  dead     zwayam:nativebag.openings.co
  dead     zwayam:nauk.in
  live     zwayam:naukriexpertassist.openings.co (106 jobs)
  live     zwayam:naukrift.openings.co (5 jobs)
  dead     zwayam:naukritalentcloud.com
  live     zwayam:navexindiaprivatelimited.openings.co (0 jobs)
  dead     zwayam:naviongroup.openings.co
  dead     zwayam:navneetherbal.openings.co
  dead     zwayam:ncplprint.openings.co
  live     zwayam:ncrcorporationindiapvtltd.openings.co (0 jobs)
  dead     zwayam:nearbuy.openings.co
  dead     zwayam:neehaitservices.openings.co
  dead     zwayam:neomajestic.openings.co
  dead     zwayam:neorobos-co.openings.co
  live     zwayam:ness.openings.co (0 jobs)
  live     zwayam:netappindiaprivatelimited.openings.co (0 jobs)
  live     zwayam:netconnectpvtltd.openings.co (0 jobs)
  live     zwayam:netcreativemindsolutionsprivatelimited.openings.co (5 jobs)
  dead     zwayam:netshellinfosystem.openings.co
  live     zwayam:neulandlaboratorieslimited.openings.co (0 jobs)
  live     zwayam:newagesoftwareandsolutionsindiapvtltd.openings.co (0 jobs)
  dead     zwayam:newsparktechnology.openings.co
  dead     zwayam:newtechfusion.openings.co
  live     zwayam:nextgenclearingprivatelimited.openings.co (0 jobs)
  live     zwayam:nexdigm.openings.co (0 jobs)
  dead     zwayam:nextstepbuddy.openings.co
  dead     zwayam:nextrow.openings.co
  dead     zwayam:nhindia.openings.co
  live     zwayam:nice.openings.co (0 jobs)
  dead     zwayam:niceg.openings.co
  dead     zwayam:nico.openings.co
  dead     zwayam:nicesoftwaresolutions.openings.co
  live     zwayam:nielseniqindiaprivatelimited.openings.co (0 jobs)
  live     zwayam:nielsenmediaindiaprivatelimited.openings.co (0 jobs)
  dead     zwayam:nihtdigitalmarketing.openings.co
  live     zwayam:nikhiltestselect.openings.co (0 jobs)
  live     zwayam:nikhilteststandard.openings.co (0 jobs)
  live     zwayam:nikhilteststandard1.openings.co (0 jobs)
  dead     zwayam:nikvishinfotech.openings.co
  dead     zwayam:nimblewireless.openings.co
  live     zwayam:nipponindia.openings.co (0 jobs)
  dead     zwayam:nisg.cluster3.openings.co
  dead     zwayam:nispaara.openings.co
  live     zwayam:nitikapharmaceuticalspecialtiespvtltd.openings.co (0 jobs)
  live     zwayam:nlabsaiprivatelimited.openings.co (0 jobs)
  dead     zwayam:nonscreened-imagecdn.jeevansathi.com
  dead     zwayam:nonscreened-photocdn.jeevansathi.com
  dead     zwayam:nonscreenedcdn.jeevansathi.com
  dead     zwayam:nopaperforms.openings.co
  live     zwayam:nortonlifelockindiaprivatelimited.openings.co (0 jobs)
  live     zwayam:north.cluster3.openings.co (1 jobs)
  dead     zwayam:nousinfosystems.openings.co
  dead     zwayam:novaitek.openings.co
  live     zwayam:npbconsultantspvtltd.openings.co (0 jobs)
  live     zwayam:nsight.openings.co (0 jobs)
  dead     zwayam:nslc-co.openings.co
  live     zwayam:nttdatainformationprocessingservicesprivateltd.openings.co (3 jobs)
  dead     zwayam:nubello.openings.co
  dead     zwayam:numerify.openings.co
  live     zwayam:nuvamawealthandinvestmentlimited.openings.co (0 jobs)
  live     zwayam:nuvocovistascorporationlimited.openings.co (0 jobs)
  dead     zwayam:nxtlifetechnologies.openings.co
  dead     zwayam:nzseasonalwear.openings.co
  dead     zwayam:obento.openings.co
  dead     zwayam:oceanairtravels.openings.co
  dead     zwayam:officingnow.openings.co
  live     zwayam:ohmiumoperationsprivatelimited.openings.co (0 jobs)
  dead     zwayam:ohmsenergy.openings.co
  dead     zwayam:oigsconsultancyprivatelimited.openings.co
  dead     zwayam:okcredit.openings.co
  live     zwayam:oktaidentityindiaprivatelimited.openings.co (0 jobs)
  dead     zwayam:oktobuzz.openings.co
  dead     zwayam:olx.openings.co
  dead     zwayam:omkarlabs.openings.co
  live     zwayam:ommetalsinfraprojectsltd.openings.co (1 jobs)
  live     zwayam:omnicommediagroup.openings.co (0 jobs)
  dead     zwayam:omsoftware.openings.co
  dead     zwayam:oneupmedia-co.openings.co
  dead     zwayam:onlinesellingguru-com.openings.co
  dead     zwayam:onusmanagement-co.openings.co
  dead     zwayam:oornadattadesigns.openings.co
  live     zwayam:oorwin.openings.co (0 jobs)
  dead     zwayam:openings.co
  live     zwayam:openings.sowparnika.com (1 jobs)
  live     zwayam:operationalenergygroupindialimited.openings.co (0 jobs)
  live     zwayam:operationalenergygroupindialtd.openings.co (2 jobs)
  dead     zwayam:opportunities.iimb.ac.in
  dead     zwayam:opteamix.openings.co
  live     zwayam:opteamixindia.openings.co (0 jobs)
  live     zwayam:opusglobalservices.openings.co (50 jobs)
  live     zwayam:orangebusinessservicesindiasolutionspvtltd.openings.co (0 jobs)
  live     zwayam:orchidpharma.openings.co (10 jobs)
  dead     zwayam:orchidsinternationalschool.openings.co
  dead     zwayam:organicshop.openings.co
  live     zwayam:orientelectriclimited.openings.co (0 jobs)
  dead     zwayam:originateinfotech.openings.co
  dead     zwayam:originink.openings.co
  live     zwayam:orionindiasystemspvtlimited.openings.co (0 jobs)
  dead     zwayam:ortecindia.openings.co
  live     zwayam:osb-india.openings.co (0 jobs)
  dead     zwayam:oscillateinfo.openings.co
  dead     zwayam:osiztechnologies.openings.co
  dead     zwayam:ourparikrama.openings.co
  live     zwayam:outsystems.openings.co (0 jobs)
  dead     zwayam:owoin.openings.co
  dead     zwayam:oxbuiltinfratech.openings.co
  dead     zwayam:oyeshop.openings.co
  dead     zwayam:oyeshoppie.openings.co
  dead     zwayam:pacewisdom.openings.co
  live     zwayam:pacificheadhunter.openings.co (12 jobs)
  dead     zwayam:pairroxz.openings.co
  dead     zwayam:paislei.openings.co
  live     zwayam:paltechconsultingprivatelimited.openings.co (0 jobs)
  live     zwayam:panasoniclifesolutionsindiaprivatelimited.openings.co (0 jobs)
  dead     zwayam:pandaje.openings.co
  live     zwayam:parexel.openings.co (0 jobs)
  live     zwayam:partechsoftwareindiaprivatelimited.openings.co (0 jobs)
  live     zwayam:particle41.openings.co (0 jobs)
  dead     zwayam:passionatepro.openings.co
  dead     zwayam:pat-technologies.openings.co
  dead     zwayam:patilgroup-co.openings.co
  live     zwayam:payoneerindiacommercellp.openings.co (0 jobs)
  live     zwayam:payufinanceindiaprivatelimited.openings.co (0 jobs)
  live     zwayam:payupayments.openings.co (7 jobs)
  live     zwayam:payupaymentsprivatelimited.openings.co (0 jobs)
  live     zwayam:payupoc.openings.co (3 jobs)
  dead     zwayam:pbmpl.openings.co
  live     zwayam:peerconsultingindiapvtltd.openings.co (4 jobs)
  dead     zwayam:pentagoneducation.openings.co
  live     zwayam:peopleallianceworkforceprivatelimited.openings.co (12 jobs)
  live     zwayam:peopleconsulting.openings.co (0 jobs)
  live     zwayam:peoplehumtest.openings.co (0 jobs)
  live     zwayam:peoplestrongaitest.openings.co (0 jobs)
  dead     zwayam:peopletechgroup.openings.co
  dead     zwayam:peppytotsstudio.openings.co
  live     zwayam:perficientglobal.openings.co (0 jobs)
  dead     zwayam:pericent.openings.co
  dead     zwayam:persistent.cluster3.openings.co
  live     zwayam:persistentsystemsold.openings.co (1 jobs)
  dead     zwayam:petitup.openings.co
  live     zwayam:pfiindiainnovationcenterprivatelimited.openings.co (0 jobs)
  live     zwayam:phenompeopleaitest.openings.co (0 jobs)
  live     zwayam:phenompeopleprivatelimited.openings.co (0 jobs)
  dead     zwayam:photocdn.jeevansathi.com
  dead     zwayam:piautodrive.openings.co
  live     zwayam:pie-ragconsultingllp.openings.co (0 jobs)
  live     zwayam:pinelabslimited.openings.co (0 jobs)
  live     zwayam:pinkerton.openings.co (0 jobs)
  live     zwayam:pinpoint-test.openings.co (0 jobs)
  dead     zwayam:pipebagger.openings.co
  live     zwayam:piramalpharmalimited.openings.co (0 jobs)
  dead     zwayam:pivotroots.openings.co
  dead     zwayam:pixelgenio.openings.co
  live     zwayam:planetspark.openings.co (0 jobs)
  live     zwayam:pixxelspace.openings.co (0 jobs)
  dead     zwayam:plackal.openings.co
  live     zwayam:pnbhousingfinanceltd.openings.co (0 jobs)
  live     zwayam:plustechsystemssolutionspvtltd.openings.co (2 jobs)
  dead     zwayam:pofitec.openings.co
  dead     zwayam:pointscale.openings.co
  dead     zwayam:polartech.openings.co
  live     zwayam:polycabindialimited.openings.co (0 jobs)
  dead     zwayam:polyinfosoft.openings.co
  live     zwayam:poonawallafincorp.openings.co (0 jobs)
  live     zwayam:poojikahrconsultingllp.openings.co (3 jobs)
  dead     zwayam:poornasmrithi.openings.co
  dead     zwayam:popbox.openings.co
  live     zwayam:portal-zinghr.openings.co (0 jobs)
  dead     zwayam:portrait-business-woman.openings.co
  dead     zwayam:posist.openings.co
  dead     zwayam:powerlabs.openings.co
  live     zwayam:powerschool.openings.co (0 jobs)
  dead     zwayam:practo.openings.co
  dead     zwayam:prabhatdairy.careers-lactalisindia.com
  dead     zwayam:prakriya.openings.co
  dead     zwayam:pranastechnologies.openings.co
  dead     zwayam:preetgroup.openings.co
  dead     zwayam:preprod1.openings.co
  live     zwayam:preqin.openings.co (0 jobs)
  live     zwayam:prescienthealthcaregrouppvtltd.openings.co (0 jobs)
  live     zwayam:presidiosolutionsprivatelimited.openings.co (0 jobs)
  dead     zwayam:prestloans.openings.co
  live     zwayam:pricewaterhousecoopersprofessionalservicesllp.openings.co (0 jobs)
  live     zwayam:primusglobal.openings.co (3 jobs)
  live     zwayam:principalglobalservicespvtltd.openings.co (0 jobs)
  dead     zwayam:prismhueprints.openings.co
  dead     zwayam:privatelimited.openings.co
  live     zwayam:prldevelopersprivatelimited.openings.co (0 jobs)
  dead     zwayam:problemexpress.openings.co
  live     zwayam:progetters.openings.co (15 jobs)
  dead     zwayam:progressive.openings.co
  dead     zwayam:prolitus.openings.co
  live     zwayam:propsolutions4uprivatelimited.openings.co (0 jobs)
  live     zwayam:prorsumtechnologiesprivatelimited.openings.co (0 jobs)
  dead     zwayam:prowebtechnos.openings.co
  live     zwayam:protribeglobalprivatelimited.openings.co (110 jobs)
  dead     zwayam:prspur.openings.co
  dead     zwayam:prudentialfirst.openings.co
  live     zwayam:ptcindia.openings.co (0 jobs)
  dead     zwayam:prumatech.cluster2.openings.co
  live     zwayam:ptw.cluster3.openings.co (0 jobs)
  live     zwayam:pubmaticindiapvtltd.openings.co (0 jobs)
  live     zwayam:pumaenergy.openings.co (0 jobs)
  live     zwayam:puresoftware.openings.co (26 jobs)
  dead     zwayam:puritygold.openings.co
  live     zwayam:purpleconstructionsprivatelimited.openings.co (0 jobs)
  dead     zwayam:purplerain.openings.co
  live     zwayam:pushpeshsharma.openings.co (0 jobs)
  dead     zwayam:pvtltd.openings.co
  live     zwayam:pw.openings.co (0 jobs)
  live     zwayam:pyjamahraitesting.openings.co (0 jobs)
  dead     zwayam:pyplyn.openings.co
  dead     zwayam:pyramidcollege-edu.openings.co
  dead     zwayam:pyritetechnologies.openings.co
  dead     zwayam:qa.openings.co
  dead     zwayam:qikpod.openings.co
  dead     zwayam:qotsoft.openings.co
  dead     zwayam:qriyotech.openings.co
  dead     zwayam:qtrove.openings.co
  live     zwayam:quadrantresourcespvtltd.openings.co (0 jobs)
  live     zwayam:quaestoradvisor.openings.co (0 jobs)
  dead     zwayam:qualitasglobal.openings.co
  live     zwayam:qualitestgroup.openings.co (0 jobs)
  live     zwayam:qualitykiosk.openings.co (0 jobs)
  dead     zwayam:quantified.openings.co
  dead     zwayam:questerra.openings.co
  live     zwayam:questglobal.openings.co (0 jobs)
  live     zwayam:quickhealtechnologieslimited.openings.co (0 jobs)
  dead     zwayam:quickli.openings.co
  dead     zwayam:quikr.openings.co
  dead     zwayam:quikrupee.openings.co
  live     zwayam:quisitivetechnologysolutionsindiaprivatelimited.openings.co (0 jobs)
  live     zwayam:quislexlegalservicespvtltd.openings.co (0 jobs)
  dead     zwayam:qutubresidency.openings.co
  dead     zwayam:qwikwire.openings.co
  live     zwayam:qxglobalgroup.openings.co (0 jobs)
  live     zwayam:ra1.openings.co (400 jobs)
  dead     zwayam:rabbitdigital.openings.co
  dead     zwayam:radicalbooks-co.openings.co
  dead     zwayam:raffleseducity.openings.co
  dead     zwayam:raitechintro.openings.co
  live     zwayam:rak-preprod1-openings.cluster3.openings.co (0 jobs)
  dead     zwayam:rakuten.openings.co
  dead     zwayam:rakaoil.openings.co
  dead     zwayam:rallysolutions.openings.co
  live     zwayam:ramboll.openings.co (0 jobs)
  live     zwayam:ramkysustainabilitysolutionsprivatelimited.openings.co (0 jobs)
  live     zwayam:randstaddigitaltalentcenterprivatelimited.openings.co (0 jobs)
  live     zwayam:randstadindiapvtltd.openings.co (0 jobs)
  dead     zwayam:rankuno.openings.co
  dead     zwayam:raseotech.openings.co
  live     zwayam:rasso.openings.co (0 jobs)
  live     zwayam:ratestcompany.openings.co (0 jobs)
  dead     zwayam:raycom.openings.co
  dead     zwayam:razorbladeunit.openings.co
  dead     zwayam:rbdgroups.openings.co
  dead     zwayam:rbsoftech.openings.co
  dead     zwayam:rcs.openings.co
  live     zwayam:rcubeconsultants.openings.co (1 jobs)
  dead     zwayam:readmindinfo.openings.co
  dead     zwayam:readyassist.openings.co
  dead     zwayam:realbox.openings.co
  dead     zwayam:realeffecx.openings.co
  live     zwayam:realpageindiapvtltd.openings.co (0 jobs)
  dead     zwayam:realtyroof.openings.co
  dead     zwayam:recruiseindia.cluster3.openings.co
  live     zwayam:recruit.trianz.com (21 jobs)
  live     zwayam:recruitedge.openings.co (26 jobs)
  live     zwayam:recruitment.cgg.gov.in (9 jobs)
  dead     zwayam:referralrecruit.com
  live     zwayam:referralsolutions.openings.co (0 jobs)
  dead     zwayam:reformist.openings.co
  dead     zwayam:rehlat.openings.co
  live     zwayam:relaxofootwear.cluster3.openings.co (0 jobs)
  dead     zwayam:reliablelabs.openings.co
  live     zwayam:relianceindustrieslimited.openings.co (0 jobs)
  live     zwayam:reliancejioinfocommlimited.openings.co (0 jobs)
  live     zwayam:relianceretaillimited.openings.co (0 jobs)
  dead     zwayam:religiouskart.openings.co
  dead     zwayam:relltech.openings.co
  live     zwayam:remitlyinc.openings.co (0 jobs)
  live     zwayam:renewpower.openings.co (0 jobs)
  live     zwayam:renishawmetrology.openings.co (0 jobs)
  dead     zwayam:rentmantra.openings.co
  dead     zwayam:rentduniya.openings.co
  dead     zwayam:reportgarden.openings.co
  dead     zwayam:researchnester.openings.co
  live     zwayam:resourcepro.openings.co (0 jobs)
  dead     zwayam:responseinformatics.cluster3.openings.co
  live     zwayam:resustainabilitylimited.openings.co (0 jobs)
  dead     zwayam:retail9.openings.co
  dead     zwayam:returnonweb.openings.co
  dead     zwayam:revgensol.openings.co
  dead     zwayam:richa.openings.co
  dead     zwayam:richamanchanda.openings.co
  dead     zwayam:rigelnetworks.openings.co
  live     zwayam:ripplehire.openings.co (0 jobs)
  dead     zwayam:risesolutionz.openings.co
  live     zwayam:rmeducationsolutionsindiaprivatelimited.openings.co (0 jobs)
  dead     zwayam:rnaura.openings.co
  dead     zwayam:robosoftin.openings.co
  dead     zwayam:rocola.openings.co
  dead     zwayam:rollonroad.openings.co
  live     zwayam:rootsindia.openings.co (0 jobs)
  dead     zwayam:rooptelsonic.openings.co
  dead     zwayam:rostfreisteels.openings.co
  dead     zwayam:royalfinsoft.openings.co
  dead     zwayam:royalindiaholiday.openings.co
  live     zwayam:royalsundaramgeneralinsurancecompanyltd.openings.co (0 jobs)
  dead     zwayam:rpinfoworld.openings.co
  live     zwayam:rrdonnelley.openings.co (0 jobs)
  live     zwayam:rsplgroup.openings.co (0 jobs)
  live     zwayam:rubamin.openings.co (0 jobs)
  dead     zwayam:rvtechnologies-co.openings.co
  live     zwayam:runwaldevelopersprivatelimited.openings.co (0 jobs)
  dead     zwayam:rwit.openings.co
  live     zwayam:ryanindiataxservicespvt.ltd..openings.co (0 jobs)
  dead     zwayam:rydsoft.openings.co
  dead     zwayam:s-curious.openings.co
  dead     zwayam:saasnic.openings.co
  dead     zwayam:saasvaap.openings.co
  dead     zwayam:saavyrelations.openings.co
  dead     zwayam:sabcomedia.openings.co
  live     zwayam:saelindustrieslimited.openings.co (0 jobs)
  live     zwayam:sagilityhealth.openings.co (0 jobs)
  live     zwayam:sagilityindialimited.openings.co (0 jobs)
  dead     zwayam:saihasoft.openings.co
  dead     zwayam:saiinfocorpsolution-co.openings.co
  live     zwayam:sailpointtechnologiesindiapvtltd.openings.co (0 jobs)
  live     zwayam:saintgobainindiapvtltd.openings.co (0 jobs)
  live     zwayam:saksoft.openings.co (0 jobs)
  dead     zwayam:salemymachine.openings.co
  dead     zwayam:samskritisolutions.openings.co
  live     zwayam:samsungenaindia.openings.co (59 jobs)
  dead     zwayam:samsungengineering.openings.co
  dead     zwayam:sanjarigroup.openings.co
  live     zwayam:sapientindia.openings.co (0 jobs)
  live     zwayam:sanseraengineeringlimited.openings.co (0 jobs)
  dead     zwayam:saraldesigns.openings.co
  dead     zwayam:sarvyasampanna.openings.co
  live     zwayam:sathoutsourcingservicesprivatelimited.openings.co (0 jobs)
  dead     zwayam:satrixtech.openings.co
  dead     zwayam:savaari.openings.co
  live     zwayam:saviyntindiaprivatelimited.openings.co (0 jobs)
  live     zwayam:sbi-mf.openings.co (1 jobs)
  dead     zwayam:scapabilitycenterindiaprivatelimited.openings.co
  dead     zwayam:schaumz.openings.co
  dead     zwayam:schneideit.openings.co
  dead     zwayam:schwingstetterindia.cluster2.openings.co
  dead     zwayam:scofelabs.openings.co
  dead     zwayam:scoregetter.openings.co
  dead     zwayam:scrapp.openings.co
  live     zwayam:scribeemr.openings.co (0 jobs)
  live     zwayam:sdgc.openings.co (0 jobs)
  dead     zwayam:sealineindia.openings.co
  dead     zwayam:searchdesigngroup.openings.co
  dead     zwayam:secureapplication.openings.co
  live     zwayam:secloretechnologypvt.ltd..openings.co (0 jobs)
  dead     zwayam:secureapplications.openings.co
  dead     zwayam:seedolabs.openings.co
  dead     zwayam:sektra.openings.co
  dead     zwayam:selectricltd.openings.co
  dead     zwayam:selerant.openings.co
  dead     zwayam:selfstudy-co.openings.co
  live     zwayam:semcoindiaprivatelimited.openings.co (3 jobs)
  dead     zwayam:sendit.openings.co
  dead     zwayam:seniority.openings.co
  dead     zwayam:sensespharma.openings.co
  live     zwayam:sensiplesoftwaresolutions.openings.co (6 jobs)
  dead     zwayam:seoczar.openings.co
  live     zwayam:serkoindiaprivatelimited.openings.co (0 jobs)
  dead     zwayam:sevenmotors.openings.co
  dead     zwayam:serverguy.openings.co
  dead     zwayam:sevenstarwebsolutions.openings.co
  dead     zwayam:sftsolution.openings.co
  live     zwayam:sganalytics.openings.co (0 jobs)
  dead     zwayam:shaadisaga.openings.co
  dead     zwayam:shahmarketing-co.openings.co
  live     zwayam:shaktipumpsindialtd.openings.co (0 jobs)
  dead     zwayam:sharda-ac.openings.co
  dead     zwayam:sherji.openings.co
  dead     zwayam:shipmile.openings.co
  dead     zwayam:shineaviation-co.openings.co
  dead     zwayam:shiponk.openings.co
  live     zwayam:shreerapidtechnologies.openings.co (0 jobs)
  dead     zwayam:shreevibgyor.openings.co
  live     zwayam:shure.openings.co (0 jobs)
  dead     zwayam:shuttl.openings.co
  live     zwayam:sifytechnologies.openings.co (0 jobs)
  dead     zwayam:signoryle.openings.co
  live     zwayam:sila.openings.co (0 jobs)
  live     zwayam:siloxindia.cluster3.openings.co (41 jobs)
  dead     zwayam:simplelecture.openings.co
  dead     zwayam:simplilearn.openings.co
  dead     zwayam:sinarmasmining.openings.co
  dead     zwayam:sine90.openings.co
  live     zwayam:sisimports.openings.co (1 jobs)
  live     zwayam:sisintyprivatelimited.openings.co (0 jobs)
  live     zwayam:sitetracker.openings.co (0 jobs)
  dead     zwayam:sixpathtechnologies.openings.co
  live     zwayam:skecherssouthasiaprivatelimited.openings.co (0 jobs)
  dead     zwayam:skillacquireus.openings.co
  live     zwayam:skillsoftsoftwareservicesindiapvtltd.openings.co (0 jobs)
  live     zwayam:skillate.openings.co (0 jobs)
  live     zwayam:skimainnovationprivatelimited.openings.co (0 jobs)
  dead     zwayam:skyeits.openings.co
  dead     zwayam:slktechlabs.openings.co
  dead     zwayam:slonkit.openings.co
  dead     zwayam:smartstorey.openings.co
  live     zwayam:smartstreamtechnologiesindiaprivatelimited.openings.co (0 jobs)
  dead     zwayam:smartx.openings.co
  dead     zwayam:snapfitness.openings.co
  live     zwayam:smbc.openings.co (0 jobs)
  dead     zwayam:snsepro.openings.co
  dead     zwayam:sobha.openings.co
  dead     zwayam:socialpilot.openings.co
  dead     zwayam:socialcentral.openings.co
  dead     zwayam:socialtimbre.openings.co
  dead     zwayam:sodexo.cluster3.openings.co
  dead     zwayam:soffront.openings.co
  dead     zwayam:sofster.openings.co
  dead     zwayam:softphoton.openings.co
  dead     zwayam:softqubes.openings.co
  dead     zwayam:softroneretail.openings.co
  dead     zwayam:softsolutionsme.openings.co
  live     zwayam:softtek.openings.co (0 jobs)
  live     zwayam:softwareone.openings.co (0 jobs)
  dead     zwayam:softway.openings.co
  dead     zwayam:softwaresuggest.openings.co
  dead     zwayam:softwebpage.openings.co
  dead     zwayam:sokrati.openings.co
  dead     zwayam:solomomedia.openings.co
  dead     zwayam:solugenix.openings.co
  dead     zwayam:solutionsinfini.openings.co
  live     zwayam:soprabanking.openings.co (0 jobs)
  live     zwayam:soprasteria.openings.co (0 jobs)
  live     zwayam:source4hire.openings.co (75 jobs)
  dead     zwayam:sourcekey.openings.co
  dead     zwayam:sowedane.openings.co
  dead     zwayam:spaaksupertec.openings.co
  dead     zwayam:spacereseller.openings.co
  live     zwayam:sparkminda.openings.co (0 jobs)
  dead     zwayam:spcinecorp.openings.co
  live     zwayam:spearheadtech.openings.co (38 jobs)
  live     zwayam:spearheadtechnologyindiaprivatelimited.openings.co (0 jobs)
  dead     zwayam:spiceblue.openings.co
  live     zwayam:spectra.openings.co (0 jobs)
  dead     zwayam:spiceup.openings.co
  dead     zwayam:spigotsoft.openings.co
  dead     zwayam:spinonweb.openings.co
  dead     zwayam:spoors.openings.co
  live     zwayam:spmconsultancy.openings.co (0 jobs)
  live     zwayam:springernature.openings.co (0 jobs)
  dead     zwayam:squaredotssolutions.openings.co
  live     zwayam:squarepointtechnologiesindiaprivatelimited.openings.co (0 jobs)
  dead     zwayam:srsinfoway.openings.co
  dead     zwayam:ss-technologies-co.openings.co
  dead     zwayam:ss.cluster2.openings.co
  dead     zwayam:ssadguruhealthcareservicespvtltd.openings.co
  dead     zwayam:ssamsoftwares.openings.co
  dead     zwayam:ssntpl.openings.co
  dead     zwayam:ssdkolkata.openings.co
  live     zwayam:ssttest.openings.co (3 jobs)
  live     zwayam:stark-inc.openings.co (141 jobs)
  live     zwayam:starkamp.cluster3.openings.co (0 jobs)
  dead     zwayam:starkmarineservices.openings.co
  dead     zwayam:starlink.openings.co
  dead     zwayam:startsolar-co.openings.co
  dead     zwayam:startappglobal.openings.co
  live     zwayam:statestreetcorporateservices.openings.co (0 jobs)
  live     zwayam:stefaniniindiaprivatelimited.openings.co (0 jobs)
  dead     zwayam:stelleninfotech.openings.co
  dead     zwayam:stelselsoftware.openings.co
  dead     zwayam:stepinadventure.openings.co
  dead     zwayam:stercodigitex.openings.co
  live     zwayam:sterlingandwilsonpvtltd.openings.co (0 jobs)
  live     zwayam:sterlingandwilsonrenewableenergylimited.openings.co (0 jobs)
  live     zwayam:sterlitepowertransmissionlimited.openings.co (0 jobs)
  live     zwayam:storypeach.openings.co (0 jobs)
  live     zwayam:strategicalliancemanagementservicespvtltd.openings.co (0 jobs)
  dead     zwayam:strategymrc.openings.co
  dead     zwayam:strikebig.net
  live     zwayam:studio772.cluster3.openings.co (1 jobs)
  dead     zwayam:studysteps.openings.co
  dead     zwayam:stunningwebsites.openings.co
  live     zwayam:sturliteelectricprivatelimited.openings.co (0 jobs)
  dead     zwayam:stynch.openings.co
  dead     zwayam:subdine.openings.co
  dead     zwayam:sudathi.openings.co
  live     zwayam:sudlife.openings.co (0 jobs)
  live     zwayam:sundaramfinancelimited.openings.co (0 jobs)
  live     zwayam:sundaramhomefinancelimited.openings.co (0 jobs)
  live     zwayam:sunmobilitypvtltd.openings.co (0 jobs)
  dead     zwayam:sunnetwork.openings.co
  live     zwayam:sunpharmaceuticalindustriesltd.openings.co (0 jobs)
  dead     zwayam:sunrisetechs.openings.co
  dead     zwayam:supercabz.openings.co
  dead     zwayam:superseva.openings.co
  dead     zwayam:surekhas.openings.co
  dead     zwayam:supplythis.openings.co
  dead     zwayam:surewaves.openings.co
  live     zwayam:surveymonkeysoftwareindiaprivatelimited.openings.co (0 jobs)
  live     zwayam:sutherlandglobalservicesprivatelimited.openings.co (0 jobs)
  dead     zwayam:suvitas.openings.co
  live     zwayam:suzlon.openings.co (0 jobs)
  live     zwayam:suzukirdcenterindiaprivatelimited.openings.co (0 jobs)
  dead     zwayam:swaragh.openings.co
  dead     zwayam:swiftpropel.openings.co
  live     zwayam:swiggy.openings.co (0 jobs)
  live     zwayam:switchgearandcontroltechnicspvtltd.openings.co (0 jobs)
  dead     zwayam:syecommunity.openings.co
  live     zwayam:switchmobilityautomotivelimited.openings.co (0 jobs)
  dead     zwayam:syflextechnosolution.openings.co
  dead     zwayam:syncnologies.openings.co
  dead     zwayam:synechron.openings.co
  live     zwayam:syngeneintl.openings.co (0 jobs)
  dead     zwayam:synopsys.openings.co
  dead     zwayam:syntego.openings.co
  live     zwayam:synthesishealthcareservicesllp.openings.co (0 jobs)
  dead     zwayam:syscomseatings.openings.co
  live     zwayam:t-systems.openings.co (0 jobs)
  dead     zwayam:t3softwares.openings.co
  live     zwayam:ta.kauveryhospital.com (14 jobs)
  dead     zwayam:tainfra.openings.co
  live     zwayam:talastrahrconsultantsprivatelimited.openings.co (9 jobs)
  dead     zwayam:taleho.openings.co
  live     zwayam:talenceservicesprivatelimited.openings.co (3 jobs)
  live     zwayam:talent.homecredit.co.in (212 jobs)
  dead     zwayam:talentmat.openings.co
  live     zwayam:talentsst1.openings.co (52 jobs)
  live     zwayam:talentwingconsultantsllp.openings.co (0 jobs)
  dead     zwayam:talonpvt.openings.co
  dead     zwayam:tamarindglobal.openings.co
  dead     zwayam:tas.openings.co
  live     zwayam:tataautocomp.openings.co (0 jobs)
  live     zwayam:tataconsultingengineerslimited.openings.co (0 jobs)
  live     zwayam:tatapowerdelhidistributionlimited.openings.co (0 jobs)
  live     zwayam:tataprojects.cluster3.openings.co (0 jobs)
  live     zwayam:tataunistorelimited.openings.co (2 jobs)
  dead     zwayam:tavisca.openings.co
  live     zwayam:teamcomputerspvt.ltd.openings.co (0 jobs)
  dead     zwayam:teamlease.openings.co
  dead     zwayam:teampumpkin.openings.co
  live     zwayam:techblocksconsultingpvt.ltd.openings.co (0 jobs)
  dead     zwayam:techchef.openings.co
  live     zwayam:techdemocracy.openings.co (2 jobs)
  dead     zwayam:techmagnate.openings.co
  live     zwayam:techmahindrait.openings.co (0 jobs)
  live     zwayam:techmahindraltd.openings.co (0 jobs)
  dead     zwayam:techniche.openings.co
  dead     zwayam:technocratshorizons.openings.co
  dead     zwayam:technodeviser.openings.co
  dead     zwayam:technologyprivatelimited.openings.co
  dead     zwayam:technooyster.openings.co
  dead     zwayam:technorizen.openings.co
  dead     zwayam:technovationtech.openings.co
  dead     zwayam:techokraft.openings.co
  dead     zwayam:techolex.openings.co
  dead     zwayam:techquora.openings.co
  dead     zwayam:techsparksit.openings.co
  dead     zwayam:techsters.openings.co
  dead     zwayam:techtrainit.openings.co
  live     zwayam:techwaveconsultingindiaprviatelimited.openings.co (0 jobs)
  dead     zwayam:techwyse.openings.co
  live     zwayam:tecnicasreunidasengineersindiaprivatelimited.openings.co (0 jobs)
  dead     zwayam:tekskills.openings.co
  dead     zwayam:tekuncorked.openings.co
  dead     zwayam:tele4matics.openings.co
  dead     zwayam:teles.openings.co
  live     zwayam:temenosindiapvtltd.openings.co (0 jobs)
  live     zwayam:terafinasoftwaresolutionsprivatelimited.openings.co (0 jobs)
  live     zwayam:teocosoftwarepvtltd.openings.co (0 jobs)
  dead     zwayam:tertiumtech.openings.co
  live     zwayam:tescrasoftwareprivatelimited.openings.co (0 jobs)
  live     zwayam:testcompany.cluster3.openings.co (77 jobs)
  dead     zwayam:testcrucible.openings.co
  live     zwayam:testmaxlifecsvupdation.openings.co (0 jobs)
  dead     zwayam:tesync.openings.co
  live     zwayam:texmo.openings.co (0 jobs)
  dead     zwayam:tgh-co.openings.co
  dead     zwayam:thbs.openings.co
  dead     zwayam:theantialias.openings.co
  dead     zwayam:theblueberrytrails.openings.co
  dead     zwayam:thedollarbusiness.openings.co
  dead     zwayam:thedormshop.openings.co
  dead     zwayam:thedns.openings.co
  dead     zwayam:thefansworld.openings.co
  dead     zwayam:theedvolution.openings.co
  dead     zwayam:thefearlessindian.openings.co
  dead     zwayam:theindianeconomist.openings.co
  dead     zwayam:theintegratedpenguin.openings.co
  dead     zwayam:theoctopustech.openings.co
  dead     zwayam:theprimewatches.openings.co
  live     zwayam:thermaxglobal.openings.co (6 jobs)
  dead     zwayam:thespsinc.openings.co
  dead     zwayam:theweddingclinic.openings.co
  dead     zwayam:theyellowcompass.openings.co
  dead     zwayam:thohtdelta.openings.co
  dead     zwayam:thotwaves.openings.co
  dead     zwayam:thoucentric.cluster2.openings.co
  live     zwayam:thoughtfocusinformationtechnologiespvtlimited.openings.co (0 jobs)
  dead     zwayam:thoughtgridinteractive.openings.co
  dead     zwayam:thoughtpotmedia.openings.co
  live     zwayam:ticleanmobilityprivatelimited.openings.co (0 jobs)
  dead     zwayam:tirumalamilk.careers-lactalisindia.com
  live     zwayam:titanltd.openings.co (0 jobs)
  dead     zwayam:tlslingerie.openings.co
  live     zwayam:tmeicindustrialsystemsindiapvtltd.openings.co (0 jobs)
  dead     zwayam:tnsservices.openings.co
  live     zwayam:toasttabprivatelimited.openings.co (0 jobs)
  dead     zwayam:togglehead.openings.co
  live     zwayam:topanilmaarketingcompany.openings.co (0 jobs)
  dead     zwayam:topcashback.openings.co
  dead     zwayam:topica.openings.co
  dead     zwayam:tqmbizschool.openings.co
  dead     zwayam:trackometrix.openings.co
  dead     zwayam:tradevigil.openings.co
  live     zwayam:trafigura.openings.co (0 jobs)
  dead     zwayam:trakd.openings.co
  live     zwayam:transworldsystemsindiaprivatelimited.openings.co (0 jobs)
  live     zwayam:trask.openings.co (230 jobs)
  dead     zwayam:traveldglobe.openings.co
  dead     zwayam:travelmg.openings.co
  dead     zwayam:traveltriangle.openings.co
  live     zwayam:tredenceanalyticssolutionsprivatelimited.openings.co (0 jobs)
  dead     zwayam:trendybharat.openings.co
  dead     zwayam:tresconglobal.openings.co
  live     zwayam:trespheresconsultingprivatelimited.openings.co (1 jobs)
  dead     zwayam:trianz.openings.co
  live     zwayam:tresvistafinancialservicespvtltd.openings.co (0 jobs)
  live     zwayam:tricoresolutionsprivatelimited.openings.co (0 jobs)
  dead     zwayam:triforceinc-co.openings.co
  live     zwayam:trintechsolutionsprivatelimited.openings.co (0 jobs)
  dead     zwayam:tripbrands.openings.co
  dead     zwayam:tripvillas.openings.co
  dead     zwayam:trivone.openings.co
  dead     zwayam:trusmartsolutions.openings.co
  dead     zwayam:tswebtechnologies.openings.co
  live     zwayam:tsworkstechnologiesindiaprivatelimited.openings.co (0 jobs)
  dead     zwayam:ttibi-co.openings.co
  dead     zwayam:turningcloud.openings.co
  dead     zwayam:tuthva.openings.co
  live     zwayam:tuvsudme.openings.co (1 jobs)
  live     zwayam:tuvsud.openings.co (0 jobs)
  live     zwayam:tuvsudsouthasiaprivatelimited.openings.co (0 jobs)
  dead     zwayam:tvamevaham.openings.co
  live     zwayam:tvscreditserviceslimited.openings.co (0 jobs)
  live     zwayam:tvsmotor.openings.co (0 jobs)
  dead     zwayam:twigztechnologies.openings.co
  live     zwayam:tyroventures.openings.co (0 jobs)
  dead     zwayam:tysuinfotech.openings.co
  dead     zwayam:ubeindustries.openings.co
  live     zwayam:ucamprivatelimited.openings.co (0 jobs)
  dead     zwayam:ucertify.openings.co
  dead     zwayam:udaan.cluster2.openings.co
  dead     zwayam:ukconstructionsolutions-co.openings.co
  dead     zwayam:ultratechindia.openings.co
  dead     zwayam:unicodesolutions.openings.co
  live     zwayam:unicodesystemsprivatelimited.openings.co (0 jobs)
  dead     zwayam:unifize.openings.co
  dead     zwayam:unikkapps.openings.co
  dead     zwayam:unipro-co.openings.co
  live     zwayam:uniquesystemskillsindiapvtltd.openings.co (3 jobs)
  live     zwayam:uniscompanyinc.openings.co (0 jobs)
  live     zwayam:united.openings.co (0 jobs)
  dead     zwayam:univibenetwork.openings.co
  dead     zwayam:unnatiunlimited.openings.co
  dead     zwayam:unscrambl.openings.co
  dead     zwayam:upbeatz.openings.co
  live     zwayam:updraftplus.openings.co (0 jobs)
  live     zwayam:upl-ltd.cluster3.openings.co (0 jobs)
  live     zwayam:upsplintegratedservicesprivatelimited.openings.co (0 jobs)
  dead     zwayam:upwebmedia.openings.co
  live     zwayam:usbiomedicalsystemsindiaprivatelimited.openings.co (0 jobs)
  dead     zwayam:usense.openings.co
  live     zwayam:ustechnologyinternationalprivatelimited.openings.co (0 jobs)
  live     zwayam:usvindia.openings.co (0 jobs)
  live     zwayam:utthunga.openings.co (0 jobs)
  dead     zwayam:v4entertainment-co.openings.co
  live     zwayam:valgenesis.openings.co (0 jobs)
  live     zwayam:valuemomentum.cluster3.openings.co (0 jobs)
  live     zwayam:vanderlandeindustriesprivatelimited.openings.co (0 jobs)
  live     zwayam:varrocengineeringlimited.openings.co (0 jobs)
  live     zwayam:varunbeverages.openings.co (0 jobs)
  live     zwayam:varunbeverageslimited.openings.co (0 jobs)
  live     zwayam:vashiintegratedsolutionslimited.openings.co (0 jobs)
  dead     zwayam:vatsaltechnosoft.openings.co
  live     zwayam:vatechwabagltd.openings.co (0 jobs)
  dead     zwayam:vayuz.openings.co
  live     zwayam:vecommercialvehicleslimited.openings.co (7 jobs)
  live     zwayam:veedaclinicalresearchltd.openings.co (0 jobs)
  live     zwayam:veedaclinicalresearchpvtltd.openings.co (5 jobs)
  dead     zwayam:velpulagroup.openings.co
  live     zwayam:vendor.openings.co (0 jobs)
  live     zwayam:ventrahealthprivatelimited.openings.co (0 jobs)
  dead     zwayam:venturegarage.openings.co
  live     zwayam:veriparksoftwareprivatelimited.openings.co (0 jobs)
  live     zwayam:venushrsolutionsprivatelimited.openings.co (147 jobs)
  dead     zwayam:versatylo.openings.co
  live     zwayam:vertaforeindiaprivatelimited.openings.co (0 jobs)
  live     zwayam:verticalraisersindiapvtltd.openings.co (111 jobs)
  dead     zwayam:veta.openings.co
  live     zwayam:vfsglobal.openings.co (0 jobs)
  dead     zwayam:vgmediawork.openings.co
  dead     zwayam:vibcure.openings.co
  live     zwayam:vidalhealthinsurancetpaprivatelimited.openings.co (0 jobs)
  dead     zwayam:vidushiinfotech.openings.co
  dead     zwayam:vidyartha.openings.co
  dead     zwayam:viitorcloud.openings.co
  dead     zwayam:vikalpindia.openings.co
  dead     zwayam:vincitmedia.openings.co
  dead     zwayam:vinformax.openings.co
  dead     zwayam:vinteksystem.openings.co
  dead     zwayam:visapro.openings.co
  live     zwayam:visarsoftwarellp.openings.co (0 jobs)
  live     zwayam:vishaycomponentsindiapvtltd.openings.co (0 jobs)
  dead     zwayam:visioncallservices.openings.co
  live     zwayam:vitechsystemsasiaprivatelimited.openings.co (0 jobs)
  dead     zwayam:vivahmilan.openings.co
  live     zwayam:visionetsystems.openings.co (40 jobs)
  dead     zwayam:viznetics.openings.co
  dead     zwayam:vler-co.openings.co
  live     zwayam:vodafoneindia.openings.co (17 jobs)
  dead     zwayam:volkshelp.openings.co
  live     zwayam:voltaslimited.openings.co (0 jobs)
  live     zwayam:vonq.openings.co (0 jobs)
  dead     zwayam:votiko.openings.co
  dead     zwayam:vornehm.openings.co
  dead     zwayam:vpninfotech.openings.co
  dead     zwayam:vrook.openings.co
  dead     zwayam:vrstech.openings.co
  dead     zwayam:vtestcorp.openings.co
  live     zwayam:waaree.openings.co (0 jobs)
  dead     zwayam:wabisabiworld.openings.co
  live     zwayam:waisllimited.openings.co (0 jobs)
  live     zwayam:walkingtreeatelierprivatelimited.openings.co (0 jobs)
  dead     zwayam:walmart.cluster3.openings.co
  dead     zwayam:warcircle.openings.co
  dead     zwayam:wardrobetreasures.openings.co
  dead     zwayam:warrantoservices.openings.co
  dead     zwayam:watconsult.openings.co
  dead     zwayam:waterleafconsultants.cluster3.openings.co
  dead     zwayam:way2healthindia.openings.co
  dead     zwayam:wealthy_appetite.openings.co
  dead     zwayam:webappmate.openings.co
  dead     zwayam:webbeeglobal.openings.co
  dead     zwayam:webcontxt.openings.co
  dead     zwayam:webcraft-co.openings.co
  dead     zwayam:webdiya.openings.co
  dead     zwayam:webdrill-co.openings.co
  dead     zwayam:webicules.openings.co
  dead     zwayam:webinarsolutions.openings.co
  dead     zwayam:weblarity.openings.co
  dead     zwayam:webocolate.openings.co
  dead     zwayam:websightdesign.openings.co
  dead     zwayam:websoptimization.openings.co
  dead     zwayam:webtel.openings.co
  dead     zwayam:webwingtechnologies.openings.co
  dead     zwayam:webzarc.openings.co
  dead     zwayam:wedmegood.openings.co
  dead     zwayam:weikfield.openings.co
  dead     zwayam:welcomecure.openings.co
  dead     zwayam:weloftlabs.openings.co
  live     zwayam:welspun.cluster3.openings.co (0 jobs)
  live     zwayam:west.cluster3.openings.co (0 jobs)
  dead     zwayam:whitefoxmediagroup.openings.co
  dead     zwayam:wholesalebox.openings.co
  dead     zwayam:wholokart.openings.co
  live     zwayam:willistowerswatsonindiaprivatelimited.openings.co (4 jobs)
  dead     zwayam:wings-promos.openings.co
  dead     zwayam:winindo.openings.co
  live     zwayam:wininspectionindiaprivatelimited.openings.co (0 jobs)
  live     zwayam:wiprolimited.openings.co (0 jobs)
  dead     zwayam:wiser-market.openings.co
  dead     zwayam:wisnetweb.openings.co
  live     zwayam:wisseninfotechhiremate.openings.co (1 jobs)
  live     zwayam:wisseninfotechpvtltd.openings.co (0 jobs)
  live     zwayam:wissentechnologyprivatelimited.openings.co (0 jobs)
  dead     zwayam:wistron.cluster3.openings.co
  dead     zwayam:wittybrains.openings.co
  dead     zwayam:wizardtechnologies.openings.co
  dead     zwayam:wonderwrks.openings.co
  live     zwayam:workable.openings.co (0 jobs)
  dead     zwayam:worksysconsulting.openings.co
  live     zwayam:worldwidebmoconsultantspvtltd.openings.co (2 jobs)
  dead     zwayam:wowevents.openings.co
  live     zwayam:wrikelabsindiaprivatelimited.openings.co (0 jobs)
  dead     zwayam:writercorporation.openings.co
  dead     zwayam:wroops.openings.co
  live     zwayam:wspconsultantsindiaprivatelimited.openings.co (0 jobs)
  dead     zwayam:wwsteel.openings.co
  dead     zwayam:xadapter.openings.co
  dead     zwayam:xerago.openings.co
  live     zwayam:xobin.openings.co (0 jobs)
  live     zwayam:xoriantsolutionspvtltd.openings.co (0 jobs)
  live     zwayam:xplortechnologies.openings.co (0 jobs)
  dead     zwayam:xtracareit.openings.co
  dead     zwayam:xtraxor.openings.co
  dead     zwayam:xuark.openings.co
  dead     zwayam:yagna-tech.openings.co
  dead     zwayam:yesitlabs.openings.co
  dead     zwayam:yeskaytravels.openings.co
  dead     zwayam:yfret.openings.co
  dead     zwayam:yogpowerstudio.openings.co
  live     zwayam:yotta.openings.co (0 jobs)
  dead     zwayam:youngdecade.openings.co
  dead     zwayam:yourbabycan.openings.co
  dead     zwayam:yourdeals-co.openings.co
  dead     zwayam:yrtechnologies-co.openings.co
  dead     zwayam:yspot.openings.co
  live     zwayam:zappyhire.openings.co (0 jobs)
  dead     zwayam:zapyle.openings.co
  dead     zwayam:zataksoftech.openings.co
  dead     zwayam:zebradigital.openings.co
  live     zwayam:zebratechnologiescorporation.openings.co (0 jobs)
  live     zwayam:zelishealthcareindiaprivatelimited.openings.co (0 jobs)
  dead     zwayam:zema.openings.co
  dead     zwayam:zengatv.openings.co
  dead     zwayam:zenithenergy.openings.co
  dead     zwayam:zenrays.openings.co
  dead     zwayam:zeotel.openings.co
  dead     zwayam:zeptonow.cluster3.openings.co
  dead     zwayam:zeptonow.openings.co
  live     zwayam:zhirematetest.openings.co (5 jobs)
  live     zwayam:zignaaiprivatelimited.openings.co (0 jobs)
  dead     zwayam:zingbytes.openings.co
  live     zwayam:ziolitesolutions.openings.co (0 jobs)
  dead     zwayam:znappster.openings.co
  dead     zwayam:zoe.openings.co
  dead     zwayam:zoey-co.openings.co
  live     zwayam:zoho.cluster3.openings.co (0 jobs)
  live     zwayam:zomat.cluster3.openings.co (1 jobs)
  live     zwayam:zoomrxhealthcaretechnologysolutionspvtltd.openings.co (0 jobs)
  live     zwayam:zs.openings.co (7 jobs)
  live     zwayam:zscaler.openings.co (0 jobs)
  live     zwayam:zssouth.cluster3.openings.co (1 jobs)
  dead     zwayam:zycus.openings.co
  live     zwayam:zyduslife.openings.co (0 jobs)
  live     zwayam:zyduswellness.openings.co (0 jobs)
  live     zwayam:zywavesoftwareindiaprivatelimited.openings.co (30 jobs)

3239 probed: 2382 dead, 854 live, 3 unknown
-> /private/tmp/claude-501/-Users-sarthakjain-Projects-HeadStart/4da6698d-66fb-443e-86ea-5ab388362e92/scratchpad/zwayam_recheck2.csv

Ledger not modified. Decide delisting separately from measuring.
