url,pod,events,runs,first_run,last_run
https://3m.wd1.myworkdayjobs.com/Search,wd1,2,"34678849986,34680651554",34678849986,34680651554
https://4flow.wd3.myworkdayjobs.com/4flow,wd3,1,34678849986,34678849986,34678849986
https://8x8inc.wd5.myworkdayjobs.com/8x8_External_Careers,wd5,1,34678849986,34678849986,34678849986
https://a1group.wd3.myworkdayjobs.com/A1_Jobs_at,wd3,1,34678849986,34678849986,34678849986
https://a1group.wd3.myworkdayjobs.com/A1_Jobs_bg,wd3,1,34678849986,34678849986,34678849986
https://a1group.wd3.myworkdayjobs.com/A1_Jobs_mk,wd3,1,34678849986,34678849986,34678849986
https://a1group.wd3.myworkdayjobs.com/A1_Jobs_sr,wd3,1,34678849986,34678849986,34678849986
https://aaaie.wd1.myworkdayjobs.com/CSAACareers-Interns,wd1,1,34680651554,34680651554,34680651554
https://aaaie.wd1.myworkdayjobs.com/csaacareers2,wd1,1,34678849986,34678849986,34678849986
https://aaamidatlantic.wd5.myworkdayjobs.com/AAAMidAtlantic,wd5,1,34676823343,34676823343,34676823343
https://aaamidatlantic.wd5.myworkdayjobs.com/External_Career_CareerBuilder,wd5,1,34678849986,34678849986,34678849986
https://aafp.wd5.myworkdayjobs.com/aafp_careers,wd5,1,34676823343,34676823343,34676823343
https://aba.wd1.myworkdayjobs.com/aba,wd1,1,34678849986,34678849986,34678849986
https://abb.wd3.myworkdayjobs.com/External_Career_Page,wd3,1,34678849986,34678849986,34678849986
https://abbott.wd5.myworkdayjobs.com/Agency,wd5,1,34678849986,34678849986,34678849986
https://abbott.wd5.myworkdayjobs.com/abbottcareers,wd5,2,"34678849986,34680651554",34678849986,34680651554
https://abbott.wd5.myworkdayjobs.com/abbottcareers2,wd5,2,"34678849986,34680651554",34678849986,34680651554
https://abcfinancial.wd5.myworkdayjobs.com/ABCFinancialServices,wd5,2,"34678849986,34680651554",34678849986,34680651554
https://abcsupply.wd1.myworkdayjobs.com/acmcareers,wd1,1,34678849986,34678849986,34678849986
https://abcsupply.wd1.myworkdayjobs.com/mulehidecareers,wd1,1,34680651554,34680651554,34680651554
https://abglobal.wd1.myworkdayjobs.com/alliancebernsteincareers,wd1,1,34680651554,34680651554,34680651554
https://abglobal.wd1.myworkdayjobs.com/privatealliancebernsteincareers,wd1,1,34678849986,34678849986,34678849986
https://abinbev.wd1.myworkdayjobs.com/ARG,wd1,1,34678849986,34678849986,34678849986
https://abinbev.wd1.myworkdayjobs.com/CCC,wd1,1,34680651554,34680651554,34680651554
https://abinbev.wd1.myworkdayjobs.com/DOM,wd1,1,34678849986,34678849986,34678849986
https://abinbev.wd1.myworkdayjobs.com/GHA,wd1,1,34678849986,34678849986,34678849986
https://abinbev.wd1.myworkdayjobs.com/GHQ,wd1,1,34678849986,34678849986,34678849986
https://abinbev.wd1.myworkdayjobs.com/GT,wd1,1,34680651554,34680651554,34680651554
https://abinbev.wd1.myworkdayjobs.com/IND,wd1,2,"34678849986,34680651554",34678849986,34680651554
https://abinbev.wd1.myworkdayjobs.com/KOR,wd1,2,"34678849986,34680651554",34678849986,34680651554
https://abinbev.wd1.myworkdayjobs.com/MEX,wd1,2,"34678849986,34680651554",34678849986,34680651554
https://abinbev.wd1.myworkdayjobs.com/PER,wd1,1,34678849986,34678849986,34678849986
https://abinbev.wd1.myworkdayjobs.com/SAB,wd1,1,34678849986,34678849986,34678849986
https://abinbev.wd1.myworkdayjobs.com/eur,wd1,1,34676823343,34676823343,34676823343
https://academy.wd1.myworkdayjobs.com/Careers,wd1,1,34680651554,34680651554,34680651554
https://academyofartuniversity.wd5.myworkdayjobs.com/academy_of_art_federal_work_study,wd5,1,34678849986,34678849986,34678849986
https://accelleron.wd3.myworkdayjobs.com/Accelleron,wd3,1,34678849986,34678849986,34678849986
https://acciona.wd3.myworkdayjobs.com/ACCIONA_Employment_Channel,wd3,1,34678849986,34678849986,34678849986
https://accuray.wd5.myworkdayjobs.com/External,wd5,2,"34678849986,34680651554",34678849986,34680651554
https://ace.wd5.myworkdayjobs.com/careers,wd5,2,"34678849986,34680651554",34678849986,34680651554
https://acelero.wd1.myworkdayjobs.com/AceleroLearningCareers,wd1,1,34676823343,34676823343,34676823343
https://acrt.wd1.myworkdayjobs.com/enviroscienceinc,wd1,1,34678849986,34678849986,34678849986
https://acxiomllc.wd5.myworkdayjobs.com/AcxiomUSA,wd5,1,34678849986,34678849986,34678849986
https://acxiomllc.wd5.myworkdayjobs.com/acxiom_apac_agency,wd5,1,34676823343,34676823343,34676823343
https://aderant.wd5.myworkdayjobs.com/aderant_external_careers,wd5,1,34678849986,34678849986,34678849986
https://adient.wd3.myworkdayjobs.com/External,wd3,1,34678849986,34678849986,34678849986
https://adient.wd3.myworkdayjobs.com/eQuest,wd3,1,34678849986,34678849986,34678849986
https://adobe.wd5.myworkdayjobs.com/external_experienced,wd5,2,"34678849986,34680651554",34678849986,34680651554
https://adobe.wd5.myworkdayjobs.com/external_university,wd5,1,34678849986,34678849986,34678849986
https://adtran.wd3.myworkdayjobs.com/ADTRAN,wd3,1,34678849986,34678849986,34678849986
https://adtran.wd3.myworkdayjobs.com/ANS,wd3,1,34678849986,34678849986,34678849986
https://advantech.wd3.myworkdayjobs.com/External,wd3,1,34678849986,34678849986,34678849986
https://aegistherapies.wd1.myworkdayjobs.com/AegisCareers,wd1,1,34676823343,34676823343,34676823343
https://aep.wd1.myworkdayjobs.com/AEPCareerSite,wd1,2,"34678849986,34680651554",34678849986,34680651554
https://aer.wd3.myworkdayjobs.com/AER,wd3,1,34678849986,34678849986,34678849986
https://aero.wd5.myworkdayjobs.com/External,wd5,2,"34678849986,34680651554",34678849986,34680651554
https://aes.wd1.myworkdayjobs.com/AES_US,wd1,2,"34678849986,34680651554",34678849986,34680651554
https://aes.wd1.myworkdayjobs.com/aes_brazil,wd1,1,34678849986,34678849986,34678849986
https://aes.wd1.myworkdayjobs.com/aes_clean_energy,wd1,2,"34678849986,34680651554",34678849986,34680651554
https://aes.wd1.myworkdayjobs.com/aes_elsalvador,wd1,1,34678849986,34678849986,34678849986
https://aes.wd1.myworkdayjobs.com/aes_mcac,wd1,1,34680651554,34680651554,34680651554
https://aes.wd1.myworkdayjobs.com/aes_mexico,wd1,1,34678849986,34678849986,34678849986
https://aes.wd1.myworkdayjobs.com/external_union_spa,wd1,1,34680651554,34680651554,34680651554
https://ag.wd3.myworkdayjobs.com/Airbus,wd3,1,34678849986,34678849986,34678849986
https://aggreko.wd3.myworkdayjobs.com/aggreko_careers_1,wd3,1,34678849986,34678849986,34678849986
https://agilent.wd5.myworkdayjobs.com/Agilent_Careers,wd5,2,"34678849986,34680651554",34678849986,34680651554
https://agilent.wd5.myworkdayjobs.com/Agilent_Student_Careers,wd5,2,"34678849986,34680651554",34678849986,34680651554
https://agiliti.wd5.myworkdayjobs.com/technicians,wd5,1,34676823343,34676823343,34676823343
https://agoc.wd5.myworkdayjobs.com/external,wd5,1,34676823343,34676823343,34676823343
https://agreenspace.wd3.myworkdayjobs.com/Private_TGE_08012023,wd3,1,34678849986,34678849986,34678849986
https://aia.wd3.myworkdayjobs.com/External,wd3,1,34678849986,34678849986,34678849986
https://aig.wd1.myworkdayjobs.com/aig,wd1,2,"34678849986,34680651554",34678849986,34680651554
https://aims.wd1.myworkdayjobs.com/jobs,wd1,1,34680651554,34680651554,34680651554
https://airasia.wd3.myworkdayjobs.com/Careers,wd3,1,34678849986,34678849986,34678849986
https://airliquidehr.wd3.myworkdayjobs.com/AirLiquideExternalCareer,wd3,1,34678849986,34678849986,34678849986
https://airliquidehr.wd3.myworkdayjobs.com/AirgasExternalCareer,wd3,1,34678849986,34678849986,34678849986
https://airproducts.wd5.myworkdayjobs.com/AP0001,wd5,2,"34678849986,34680651554",34678849986,34680651554
https://aksteel.wd1.myworkdayjobs.com/careers,wd1,2,"34678849986,34680651554",34678849986,34680651554
https://akumincorp.wd5.myworkdayjobs.com/akumincareers,wd5,1,34680651554,34680651554,34680651554
https://alantra.wd3.myworkdayjobs.com/alantra,wd3,1,34678849986,34678849986,34678849986
https://alaskacommunications.wd5.myworkdayjobs.com/Alaska_Communications,wd5,1,34676823343,34676823343,34676823343
https://albanymed.wd5.myworkdayjobs.com/albany_med_system_career_site,wd5,1,34678849986,34678849986,34678849986
https://albemarle.wd5.myworkdayjobs.com/External,wd5,1,34676823343,34676823343,34676823343
https://alchemy.wd1.myworkdayjobs.com/alchemy,wd1,1,34680651554,34680651554,34680651554
https://alcoa.wd5.myworkdayjobs.com/Careers,wd5,1,34678849986,34678849986,34678849986
https://alcon.wd5.myworkdayjobs.com/careers_alcon,wd5,2,"34678849986,34680651554",34678849986,34680651554
https://alegeus.wd1.myworkdayjobs.com/Alegeus_External_Careers,wd1,2,"34678849986,34680651554",34678849986,34680651554
https://alfalaval.wd3.myworkdayjobs.com/Alfa_Laval_jobs,wd3,1,34678849986,34678849986,34678849986
https://aliaxis.wd3.myworkdayjobs.com/Aliaxis_IndiaAshirvad1,wd3,1,34678849986,34678849986,34678849986
https://aliaxis.wd3.myworkdayjobs.com/Aliaxis_LATAM_Career_Site,wd3,1,34676823343,34676823343,34676823343
https://alkegen.wd5.myworkdayjobs.com/alkegen,wd5,1,34680651554,34680651554,34680651554
https://allegion.wd5.myworkdayjobs.com/FR_BE_carriere_Interflex,wd5,1,34680651554,34680651554,34680651554
https://allegion.wd5.myworkdayjobs.com/FR_CH_carriere_Interflex,wd5,1,34676823343,34676823343,34676823343
https://allegion.wd5.myworkdayjobs.com/IUPUI,wd5,1,34678849986,34678849986,34678849986
https://allegion.wd5.myworkdayjobs.com/IndianaBlackExpo,wd5,1,34676823343,34676823343,34676823343
https://allegion.wd5.myworkdayjobs.com/NSBE,wd5,1,34678849986,34678849986,34678849986
https://allegion.wd5.myworkdayjobs.com/careers,wd5,2,"34678849986,34680651554",34678849986,34680651554
https://allegion.wd5.myworkdayjobs.com/careers_gps-germany,wd5,1,34678849986,34678849986,34678849986
https://allegion.wd5.myworkdayjobs.com/careers_normbau,wd5,1,34678849986,34678849986,34678849986
https://allegion.wd5.myworkdayjobs.com/careers_normbau_germany,wd5,1,34678849986,34678849986,34678849986
https://allegion.wd5.myworkdayjobs.com/earlytalent_careers,wd5,2,"34678849986,34680651554",34678849986,34680651554
https://allegion.wd5.myworkdayjobs.com/en_career_interflex,wd5,1,34676823343,34676823343,34676823343
https://allegion.wd5.myworkdayjobs.com/manufacturing_careers,wd5,1,34678849986,34678849986,34678849986
https://allegromicro.wd5.myworkdayjobs.com/AllegroCareers,wd5,2,"34678849986,34680651554",34678849986,34680651554
https://allegromicro.wd5.myworkdayjobs.com/Polar,wd5,1,34678849986,34678849986,34678849986
https://alliance.wd3.myworkdayjobs.com/NissanPrivateExternal,wd3,1,34678849986,34678849986,34678849986
https://alliance.wd3.myworkdayjobs.com/nissanjobs,wd3,1,34678849986,34678849986,34678849986
https://alliancedata.wd5.myworkdayjobs.com/breadfinancial_india,wd5,1,34678849986,34678849986,34678849986
https://alliancewd.wd3.myworkdayjobs.com/alpine-racing-careers,wd3,1,34678849986,34678849986,34678849986
https://alliancewd.wd3.myworkdayjobs.com/renault-group-careers,wd3,1,34678849986,34678849986,34678849986
https://alliander.wd3.myworkdayjobs.com/alliander,wd3,1,34678849986,34678849986,34678849986
https://alliantenergy.wd1.myworkdayjobs.com/alliant,wd1,2,"34678849986,34680651554",34678849986,34680651554
https://alliantgroup.wd1.myworkdayjobs.com/alliantgroup,wd1,1,34680651554,34680651554,34680651554
https://allisontransmission.wd1.myworkdayjobs.com/ati-external,wd1,2,"34678849986,34680651554",34678849986,34680651554
https://allstate.wd5.myworkdayjobs.com/allstate_careers,wd5,2,"34678849986,34680651554",34678849986,34680651554
https://alston.wd1.myworkdayjobs.com/DiscoveryAttorneyProfessionalCareer,wd1,1,34678849986,34678849986,34678849986
https://altamed.wd1.myworkdayjobs.com/Careers,wd1,1,34678849986,34678849986,34678849986
https://altera.wd1.myworkdayjobs.com/Altera,wd1,2,"34678849986,34680651554",34678849986,34680651554
https://alterra.wd1.myworkdayjobs.com/BigBearMountainResort,wd1,1,34678849986,34678849986,34678849986
https://alterra.wd1.myworkdayjobs.com/BlueMountainResort,wd1,1,34678849986,34678849986,34678849986
https://alterra.wd1.myworkdayjobs.com/DeerValleyResort,wd1,1,34680651554,34680651554,34680651554
https://alterra.wd1.myworkdayjobs.com/JuneMountain,wd1,1,34680651554,34680651554,34680651554
https://alterra.wd1.myworkdayjobs.com/PalisadesTahoe,wd1,1,34680651554,34680651554,34680651554
https://alterra.wd1.myworkdayjobs.com/SkiButlers,wd1,1,34676823343,34676823343,34676823343
https://alterra.wd1.myworkdayjobs.com/SugarbushResort,wd1,1,34680651554,34680651554,34680651554
https://alto.wd1.myworkdayjobs.com/FuzeHealthCareerSite,wd1,1,34678849986,34678849986,34678849986
https://alto.wd1.myworkdayjobs.com/Private_Posting_External_Career_Site,wd1,1,34678849986,34678849986,34678849986
https://alvarezandmarsal.wd1.myworkdayjobs.com/alvarezandmarsal,wd1,1,34676823343,34676823343,34676823343
https://alvarezandmarsal.wd1.myworkdayjobs.com/alvarezandmarsalp,wd1,1,34678849986,34678849986,34678849986
https://amat.wd1.myworkdayjobs.com/external,wd1,2,"34678849986,34680651554",34678849986,34680651554
https://ambgroup.wd1.myworkdayjobs.com/Test,wd1,1,34678849986,34678849986,34678849986
https://ambgroup.wd1.myworkdayjobs.com/amb_west,wd1,1,34678849986,34678849986,34678849986
https://amcn.wd5.myworkdayjobs.com/amcnetworks,wd5,1,34678849986,34678849986,34678849986
https://amcor.wd5.myworkdayjobs.com/Amcor_External_Career_Site,wd5,2,"34678849986,34680651554",34678849986,34680651554
https://amerch.wd1.myworkdayjobs.com/AMerchCareers,wd1,1,34678849986,34678849986,34678849986
https://ameren.wd1.myworkdayjobs.com/External,wd1,2,"34678849986,34680651554",34678849986,34680651554
https://ameren.wd1.myworkdayjobs.com/collegiate,wd1,1,34678849986,34678849986,34678849986
https://ameresco.wd5.myworkdayjobs.com/Ameresco,wd5,1,34678849986,34678849986,34678849986
https://american.wd1.myworkdayjobs.com/AU,wd1,1,34678849986,34678849986,34678849986
https://americancentury.wd5.myworkdayjobs.com/AmericanCenturyInvestments1,wd5,1,34678849986,34678849986,34678849986
https://americanredcross.wd1.myworkdayjobs.com/american_red_cross_careers,wd1,1,34678849986,34678849986,34678849986
https://ameriprise.wd5.myworkdayjobs.com/Ameriprise,wd5,2,"34678849986,34680651554",34678849986,34680651554
https://amerivet.wd5.myworkdayjobs.com/Amerivet,wd5,1,34678849986,34678849986,34678849986
https://amfam.wd1.myworkdayjobs.com/Careers,wd1,2,"34678849986,34680651554",34678849986,34680651554
https://amfam.wd1.myworkdayjobs.com/agent-staff,wd1,1,34678849986,34678849986,34678849986
https://amgen.wd1.myworkdayjobs.com/Careers,wd1,2,"34678849986,34680651554",34678849986,34680651554
https://amherst.wd5.myworkdayjobs.com/Amherst_Jobs,wd5,1,34678849986,34678849986,34678849986
https://amherst.wd5.myworkdayjobs.com/fsl_employment_opportunities,wd5,1,34678849986,34678849986,34678849986
https://amn.wd1.myworkdayjobs.com/AMN_Opportunities,wd1,1,34678849986,34678849986,34678849986
https://amn.wd1.myworkdayjobs.com/HSG_Strke,wd1,1,34680651554,34680651554,34680651554
https://amplity.wd1.myworkdayjobs.com/AmplityHealth,wd1,1,34680651554,34680651554,34680651554
https://amsschools.wd5.myworkdayjobs.com/AMSSchools,wd5,1,34676823343,34676823343,34676823343
https://amynta.wd5.myworkdayjobs.com/Internal_Use,wd5,1,34678849986,34678849986,34678849986
https://amynta.wd5.myworkdayjobs.com/global,wd5,1,34680651554,34680651554,34680651554
https://anaheimducks.wd5.myworkdayjobs.com/AllCo,wd5,2,"34678849986,34680651554",34678849986,34680651554
https://anaheimducks.wd5.myworkdayjobs.com/TG,wd5,1,34676823343,34676823343,34676823343
https://anaheimducks.wd5.myworkdayjobs.com/hsv,wd5,1,34680651554,34680651554,34680651554
https://analogdevices.wd1.myworkdayjobs.com/External,wd1,2,"34678849986,34680651554",34678849986,34680651554
https://anchorglass.wd1.myworkdayjobs.com/Careers,wd1,1,34676823343,34676823343,34676823343
https://andersonsinc.wd1.myworkdayjobs.com/theandersonscareers,wd1,1,34680651554,34680651554,34680651554
https://andersonuniversity.wd1.myworkdayjobs.com/AndersonUniversity,wd1,1,34678849986,34678849986,34678849986
https://angc.wd5.myworkdayjobs.com/AU,wd5,1,34676823343,34676823343,34676823343
https://angc.wd5.myworkdayjobs.com/Auburn,wd5,1,34678849986,34678849986,34678849986
https://angc.wd5.myworkdayjobs.com/FSU,wd5,1,34678849986,34678849986,34678849986
https://angc.wd5.myworkdayjobs.com/angc,wd5,1,34676823343,34676823343,34676823343
https://angc.wd5.myworkdayjobs.com/auburn_culinary,wd5,1,34676823343,34676823343,34676823343
https://angc.wd5.myworkdayjobs.com/concessions_i,wd5,1,34678849986,34678849986,34678849986
https://angc.wd5.myworkdayjobs.com/concessions_ii,wd5,1,34676823343,34676823343,34676823343
https://angc.wd5.myworkdayjobs.com/dallas_college,wd5,2,"34676823343,34678849986",34676823343,34678849986
https://angc.wd5.myworkdayjobs.com/jwu,wd5,1,34676823343,34676823343,34676823343
https://angc.wd5.myworkdayjobs.com/keiser,wd5,1,34676823343,34676823343,34676823343
https://angc.wd5.myworkdayjobs.com/public,wd5,1,34676823343,34676823343,34676823343
https://ankura.wd5.myworkdayjobs.com/Ankura,wd5,1,34678849986,34678849986,34678849986
https://ansi.wd1.myworkdayjobs.com/Workcred_Careers,wd1,1,34678849986,34678849986,34678849986
https://antares.wd5.myworkdayjobs.com/antares,wd5,1,34678849986,34678849986,34678849986
https://anticimexinc.wd1.myworkdayjobs.com/Corkys_Pest_Control_External_Career_Site,wd1,2,"34678849986,34680651554",34678849986,34680651554
https://anticimexinc.wd1.myworkdayjobs.com/EnviroPest_External_Careers,wd1,1,34678849986,34678849986,34678849986
https://anticimexinc.wd1.myworkdayjobs.com/Modern_Pest_Services_External_Careers,wd1,2,"34678849986,34680651554",34678849986,34680651554
https://anticimexinc.wd1.myworkdayjobs.com/Viking_Termite_Pest_Control_External_Careers,wd1,1,34678849986,34678849986,34678849986
https://aoins.wd5.myworkdayjobs.com/AutoOwners,wd5,2,"34678849986,34680651554",34678849986,34680651554
https://apexcapitalcorp.wd5.myworkdayjobs.com/JobsAtTCS,wd5,1,34676823343,34676823343,34676823343
https://apicorp.wd1.myworkdayjobs.com/Accredo-External-Careers,wd1,1,34676823343,34676823343,34676823343
https://applebank.wd5.myworkdayjobs.com/applebankcareers,wd5,1,34676823343,34676823343,34676823343
https://appliedis.wd5.myworkdayjobs.com/AIS_Careers,wd5,2,"34678849986,34680651554",34678849986,34680651554
https://appliedis.wd5.myworkdayjobs.com/FeaturedJobs,wd5,2,"34678849986,34680651554",34678849986,34680651554
https://aptiv.wd5.myworkdayjobs.com/APTIV_CAREERS,wd5,2,"34678849986,34680651554",34678849986,34680651554
https://aptiv.wd5.myworkdayjobs.com/VERSIGENT_CAREERS,wd5,2,"34678849986,34680651554",34678849986,34680651554
https://aquaamerica.wd5.myworkdayjobs.com/Essential_Careers,wd5,2,"34678849986,34680651554",34678849986,34680651554
https://aquilacapital.wd3.myworkdayjobs.com/Aquila-Clean-Energy-Apac,wd3,1,34676823343,34676823343,34676823343
https://arabellesolutions.wd3.myworkdayjobs.com/Arabelle_Solutions,wd3,1,34678849986,34678849986,34678849986
https://archgroup.wd1.myworkdayjobs.com/Careers,wd1,2,"34678849986,34680651554",34678849986,34680651554
https://archildrens.wd1.myworkdayjobs.com/External_Career_Site,wd1,1,34680651554,34680651554,34680651554
https://archwellessentials.wd1.myworkdayjobs.com/xpansecareers,wd1,1,34676823343,34676823343,34676823343
https://arcticwolf.wd1.myworkdayjobs.com/External,wd1,2,"34678849986,34680651554",34678849986,34680651554
https://ardentmills.wd5.myworkdayjobs.com/Ardent_Mills_LLC,wd5,1,34678849986,34678849986,34678849986
https://aresmgmt.wd1.myworkdayjobs.com/External,wd1,2,"34678849986,34680651554",34678849986,34680651554
https://argonne.wd1.myworkdayjobs.com/Argonne_Careers,wd1,2,"34678849986,34680651554",34678849986,34680651554
https://argonne.wd1.myworkdayjobs.com/edu_pub,wd1,1,34680651554,34680651554,34680651554
https://arianegroup.wd3.myworkdayjobs.com/EXTERNALALL,wd3,1,34676823343,34676823343,34676823343
https://arianegroup.wd3.myworkdayjobs.com/groupmobility-parentcompanies,wd3,1,34678849986,34678849986,34678849986
https://aristocrat.wd3.myworkdayjobs.com/AristocratExternalCareersSite,wd3,1,34678849986,34678849986,34678849986
https://aritzia.wd3.myworkdayjobs.com/External,wd3,1,34678849986,34678849986,34678849986
https://arkbluecross.wd1.myworkdayjobs.com/abcbs_external_careers,wd1,1,34678849986,34678849986,34678849986
https://armaninollp.wd1.myworkdayjobs.com/Piccadilly,wd1,1,34676823343,34676823343,34676823343
https://arraytechinc.wd5.myworkdayjobs.com/Array_Careers,wd5,1,34680651554,34680651554,34680651554
https://arriva.wd3.myworkdayjobs.com/Careers,wd3,1,34678849986,34678849986,34678849986
https://arrow.wd1.myworkdayjobs.com/ac,wd1,2,"34678849986,34680651554",34678849986,34680651554
https://arrow.wd1.myworkdayjobs.com/ec,wd1,2,"34678849986,34680651554",34678849986,34680651554
https://arrowstreetcapital.wd5.myworkdayjobs.com/Arrowstreet,wd5,1,34678849986,34678849986,34678849986
https://arvada.wd5.myworkdayjobs.com/City_of_Arvada_External_Career_Site,wd5,1,34676823343,34676823343,34676823343
https://asd.wd5.myworkdayjobs.com/ASD20,wd5,1,34678849986,34678849986,34678849986
https://ashealthnet.wd1.myworkdayjobs.com/AlternateSolutionHomecareCleveland,wd1,1,34680651554,34680651554,34680651554
https://ashealthnet.wd1.myworkdayjobs.com/NorthKansasCityHospitalHomeHealth,wd1,1,34678849986,34678849986,34678849986
https://ashealthnet.wd1.myworkdayjobs.com/ketteringhomecare,wd1,1,34678849986,34678849986,34678849986
https://ashealthnet.wd1.myworkdayjobs.com/mercymedicalcenterhomehealthandhospice,wd1,1,34680651554,34680651554,34680651554
https://asml.wd3.myworkdayjobs.com/ASMLBERLIN,wd3,1,34678849986,34678849986,34678849986
https://asml.wd3.myworkdayjobs.com/ASMLEXT1,wd3,1,34678849986,34678849986,34678849986
https://aspendental.wd1.myworkdayjobs.com/Careers_The_Aspen_Group,wd1,1,34680651554,34680651554,34680651554
https://aspendental.wd1.myworkdayjobs.com/azpetvet,wd1,1,34678849986,34678849986,34678849986
https://aspendental.wd1.myworkdayjobs.com/careers_aspen_dental,wd1,1,34678849986,34678849986,34678849986
https://aspendental.wd1.myworkdayjobs.com/careers_clearchoice,wd1,2,"34678849986,34680651554",34678849986,34680651554
https://aspentech.wd5.myworkdayjobs.com/aspentech,wd5,2,"34678849986,34680651554",34678849986,34680651554
https://assurant.wd1.myworkdayjobs.com/Assurant_Careers,wd1,1,34680651554,34680651554,34680651554
https://assurant.wd1.myworkdayjobs.com/ismash_external_career_site,wd1,1,34680651554,34680651554,34680651554
https://astara.wd3.myworkdayjobs.com/Career_Site_Astara_External,wd3,1,34678849986,34678849986,34678849986
https://astrazeneca.wd3.myworkdayjobs.com/Careers,wd3,1,34678849986,34678849986,34678849986
https://astrazeneca.wd3.myworkdayjobs.com/broadbean_external,wd3,1,34678849986,34678849986,34678849986
https://astreya.wd5.myworkdayjobs.com/life-at-astreya-opportunities,wd5,2,"34678849986,34680651554",34678849986,34680651554
https://astro.wd3.myworkdayjobs.com/astro_careers,wd3,1,34678849986,34678849986,34678849986
https://asurion.wd5.myworkdayjobs.com/AsurionCareers_Singapore,wd5,1,34678849986,34678849986,34678849986
https://asurion.wd5.myworkdayjobs.com/AsurionCareers_US,wd5,2,"34678849986,34680651554",34678849986,34680651554
https://asurion.wd5.myworkdayjobs.com/TJKK_Ext_Japan,wd5,1,34680651554,34680651554,34680651554
https://asurion.wd5.myworkdayjobs.com/asurion_careers,wd5,1,34678849986,34678849986,34678849986
https://atd.wd1.myworkdayjobs.com/American_Tire_Distributors,wd1,1,34680651554,34680651554,34680651554
https://atd.wd1.myworkdayjobs.com/Tire_Pros,wd1,1,34676823343,34676823343,34676823343
https://athenahealth.wd1.myworkdayjobs.com/External,wd1,2,"34678849986,34680651554",34678849986,34680651554
https://athene.wd5.myworkdayjobs.com/athene_careers_ext,wd5,1,34676823343,34676823343,34676823343
https://atlanticmedia.wd1.myworkdayjobs.com/careers,wd1,1,34678849986,34678849986,34678849986
https://att.wd1.myworkdayjobs.com/ATTGeneral,wd1,2,"34678849986,34680651554",34678849986,34680651554
https://att.wd1.myworkdayjobs.com/attspecialinvite,wd1,1,34678849986,34678849986,34678849986
https://aurecongroup.wd3.myworkdayjobs.com/aurecon,wd3,1,34678849986,34678849986,34678849986
https://aurecongroup.wd3.myworkdayjobs.com/broadbean_external,wd3,1,34678849986,34678849986,34678849986
https://aussiebroadband.wd3.myworkdayjobs.com/Symbio-Internals,wd3,1,34676823343,34676823343,34676823343
https://aussiebroadband.wd3.myworkdayjobs.com/wholesale-external,wd3,1,34678849986,34678849986,34678849986
https://austintexas.wd5.myworkdayjobs.com/COA_Careers,wd5,3,"34676823343,34678849986,34680651554",34676823343,34680651554
https://autodesk.wd1.myworkdayjobs.com/Ext,wd1,2,"34678849986,34680651554",34678849986,34680651554
https://autodesk.wd1.myworkdayjobs.com/uni,wd1,1,34680651554,34680651554,34680651554
https://automationanywhere.wd5.myworkdayjobs.com/automationanywherejobs,wd5,1,34678849986,34678849986,34678849986
https://autonation.wd5.myworkdayjobs.com/Careers,wd5,1,34678849986,34678849986,34678849986
https://autostore.wd3.myworkdayjobs.com/autostore,wd3,1,34678849986,34678849986,34678849986
https://avalonbay.wd5.myworkdayjobs.com/AVBExternal,wd5,1,34678849986,34678849986,34678849986
https://avav.wd1.myworkdayjobs.com/Telerob,wd1,1,34678849986,34678849986,34678849986
https://avav.wd1.myworkdayjobs.com/avav,wd1,2,"34678849986,34680651554",34678849986,34680651554
https://avera.wd5.myworkdayjobs.com/avera-HR_Career_Site,wd5,1,34678849986,34678849986,34678849986
https://averis.wd3.myworkdayjobs.com/tpl,wd3,2,"34676823343,34678849986",34676823343,34678849986
https://avesis.wd5.myworkdayjobs.com/avesis,wd5,1,34676823343,34676823343,34676823343
https://aveva.wd3.myworkdayjobs.com/AVEVA_careers,wd3,1,34678849986,34678849986,34678849986
https://aveva.wd3.myworkdayjobs.com/ETAP_Careers,wd3,1,34678849986,34678849986,34678849986
https://aveva.wd3.myworkdayjobs.com/RIB_Careers,wd3,1,34678849986,34678849986,34678849986
https://avisbudget.wd1.myworkdayjobs.com/ABG_Careers,wd1,1,34680651554,34680651554,34680651554
https://aviva.wd1.myworkdayjobs.com/External,wd1,2,"34678849986,34680651554",34678849986,34680651554
https://aviva.wd1.myworkdayjobs.com/aviva_investors_external,wd1,2,"34678849986,34680651554",34678849986,34680651554
https://avnet.wd1.myworkdayjobs.com/External,wd1,2,"34678849986,34680651554",34678849986,34680651554
https://awc.wd3.myworkdayjobs.com/awc_career_site,wd3,1,34678849986,34678849986,34678849986
https://awc.wd3.myworkdayjobs.com/wine_rack_career_site,wd3,1,34678849986,34678849986,34678849986
https://awe.wd1.myworkdayjobs.com/CBMO_P_Intern,wd1,1,34676823343,34676823343,34676823343
https://awe.wd1.myworkdayjobs.com/CB_MO_Intern,wd1,1,34678849986,34678849986,34678849986
https://awepeople.wd3.myworkdayjobs.com/broadbean_external,wd3,1,34678849986,34678849986,34678849986
https://awg.wd3.myworkdayjobs.com/PS,wd3,1,34678849986,34678849986,34678849986
https://awg.wd3.myworkdayjobs.com/Tide,wd3,1,34676823343,34676823343,34676823343
https://awg.wd3.myworkdayjobs.com/aw,wd3,1,34678849986,34678849986,34678849986
https://awg.wd3.myworkdayjobs.com/broadbean_external,wd3,1,34678849986,34678849986,34678849986
https://axcelis.wd1.myworkdayjobs.com/axcelis,wd1,2,"34678849986,34680651554",34678849986,34680651554
https://axiomspace.wd5.myworkdayjobs.com/External_Career_Site,wd5,1,34678849986,34678849986,34678849986
https://axis.wd3.myworkdayjobs.com/External_Career_Site,wd3,1,34678849986,34678849986,34678849986
https://axos.wd5.myworkdayjobs.com/Axos,wd5,2,"34678849986,34680651554",34678849986,34680651554
https://ayvens.wd3.myworkdayjobs.com/SG-Ayvens,wd3,1,34678849986,34678849986,34678849986
https://backroads.wd1.myworkdayjobs.com/BR,wd1,1,34678849986,34678849986,34678849986
https://badgermeter.wd5.myworkdayjobs.com/badger_meter_europe,wd5,1,34678849986,34678849986,34678849986
https://bah.wd1.myworkdayjobs.com/BAH_Executive,wd1,2,"34678849986,34680651554",34678849986,34680651554
https://bah.wd1.myworkdayjobs.com/BAH_Jobs,wd1,2,"34678849986,34680651554",34678849986,34680651554
https://bah.wd1.myworkdayjobs.com/confidential,wd1,2,"34678849986,34680651554",34678849986,34680651554
https://baincapital.wd1.myworkdayjobs.com/external_private,wd1,1,34678849986,34678849986,34678849986
https://baincapital.wd1.myworkdayjobs.com/external_public,wd1,2,"34678849986,34680651554",34678849986,34680651554
https://bakerhughes.wd5.myworkdayjobs.com/BakerHughes,wd5,2,"34678849986,34680651554",34678849986,34680651554
https://bakertilly.wd5.myworkdayjobs.com/BTCareers,wd5,2,"34678849986,34680651554",34678849986,34680651554
https://baldwin.wd1.myworkdayjobs.com/Baldwin,wd1,2,"34678849986,34680651554",34678849986,34680651554
https://baldwin.wd1.myworkdayjobs.com/Juniper-Re,wd1,1,34676823343,34676823343,34676823343
https://baltimorecity.wd1.myworkdayjobs.com/epfl_external,wd1,1,34680651554,34680651554,34680651554
https://bankatfirst.wd1.myworkdayjobs.com/FFB,wd1,1,34680651554,34680651554,34680651554
https://barclays.wd3.myworkdayjobs.com/External_Career_Site_Barclays,wd3,1,34678849986,34678849986,34678849986
https://barr.wd1.myworkdayjobs.com/barrcareers,wd1,2,"34678849986,34680651554",34678849986,34680651554
https://barryu.wd5.myworkdayjobs.com/BarryU,wd5,1,34678849986,34678849986,34678849986
https://barrywehmiller.wd1.myworkdayjobs.com/BWCareers,wd1,2,"34678849986,34680651554",34678849986,34680651554
https://barrywehmiller.wd1.myworkdayjobs.com/bwconfidential,wd1,2,"34678849986,34680651554",34678849986,34680651554
https://basecamp.wd1.myworkdayjobs.com/ecmc,wd1,1,34676823343,34676823343,34676823343
https://baxter.wd1.myworkdayjobs.com/baxter,wd1,2,"34678849986,34680651554",34678849986,34680651554
https://bb.wd3.myworkdayjobs.com/BlackBerry,wd3,1,34678849986,34678849986,34678849986
https://bb.wd3.myworkdayjobs.com/QNX,wd3,1,34676823343,34676823343,34676823343
https://bbh.wd5.myworkdayjobs.com/bbh,wd5,2,"34678849986,34680651554",34678849986,34680651554
https://bbinsurance.wd1.myworkdayjobs.com/Careers,wd1,2,"34678849986,34680651554",34678849986,34680651554
https://bbinsurance.wd1.myworkdayjobs.com/arrowheadcareers,wd1,1,34678849986,34678849986,34678849986
https://bbva.wd3.myworkdayjobs.com/BBVA,wd3,1,34678849986,34678849986,34678849986
https://bcbskc.wd1.myworkdayjobs.com/Private_Blue_KC_External_Career_Site,wd1,1,34680651554,34680651554,34680651554
https://bcbskc.wd1.myworkdayjobs.com/Private_Spira_Care_External_Career_Site,wd1,1,34678849986,34678849986,34678849986
https://bcbsma.wd5.myworkdayjobs.com/BCBSMA,wd5,1,34678849986,34678849986,34678849986
https://bcbsri.wd1.myworkdayjobs.com/BCBSRICareers,wd1,1,34678849986,34678849986,34678849986
https://bcbst.wd1.myworkdayjobs.com/external,wd1,1,34678849986,34678849986,34678849986
https://bcidaho.wd5.myworkdayjobs.com/BCI,wd5,2,"34676823343,34678849986",34676823343,34678849986
https://bdgrowers.wd1.myworkdayjobs.com/external,wd1,1,34678849986,34678849986,34678849986
https://bdo.wd3.myworkdayjobs.com/BDO,wd3,1,34678849986,34678849986,34678849986
https://bdouk.wd3.myworkdayjobs.com/bdo_careers,wd3,1,34678849986,34678849986,34678849986
https://bdx.wd1.myworkdayjobs.com/EXTERNAL_CAREER_SITE_ARGENTINA,wd1,1,34680651554,34680651554,34680651554
https://bdx.wd1.myworkdayjobs.com/EXTERNAL_CAREER_SITE_BAHRAIN,wd1,1,34680651554,34680651554,34680651554
https://bdx.wd1.myworkdayjobs.com/EXTERNAL_CAREER_SITE_BELGIUM,wd1,2,"34678849986,34680651554",34678849986,34680651554
https://bdx.wd1.myworkdayjobs.com/EXTERNAL_CAREER_SITE_DOMINICAN_REPUBLIC,wd1,1,34680651554,34680651554,34680651554
https://bdx.wd1.myworkdayjobs.com/EXTERNAL_CAREER_SITE_EGYPT,wd1,1,34680651554,34680651554,34680651554
https://bdx.wd1.myworkdayjobs.com/EXTERNAL_CAREER_SITE_GHANA,wd1,1,34680651554,34680651554,34680651554
https://bdx.wd1.myworkdayjobs.com/EXTERNAL_CAREER_SITE_GREECE,wd1,1,34680651554,34680651554,34680651554
https://bdx.wd1.myworkdayjobs.com/EXTERNAL_CAREER_SITE_JORDAN,wd1,1,34676823343,34676823343,34676823343
https://bdx.wd1.myworkdayjobs.com/EXTERNAL_CAREER_SITE_MOROCCO,wd1,1,34680651554,34680651554,34680651554
https://bdx.wd1.myworkdayjobs.com/EXTERNAL_CAREER_SITE_NETHERLANDS,wd1,1,34680651554,34680651554,34680651554
https://bdx.wd1.myworkdayjobs.com/EXTERNAL_CAREER_SITE_NEW_ZEALAND,wd1,1,34680651554,34680651554,34680651554
https://bdx.wd1.myworkdayjobs.com/EXTERNAL_CAREER_SITE_NORWAY,wd1,2,"34678849986,34680651554",34678849986,34680651554
https://bdx.wd1.myworkdayjobs.com/EXTERNAL_CAREER_SITE_PHILIPPINES,wd1,1,34680651554,34680651554,34680651554
https://bdx.wd1.myworkdayjobs.com/EXTERNAL_CAREER_SITE_TUNISIA,wd1,2,"34678849986,34680651554",34678849986,34680651554
https://bdx.wd1.myworkdayjobs.com/EXTERNAL_CAREER_SITE_USA,wd1,2,"34678849986,34680651554",34678849986,34680651554
https://bdx.wd1.myworkdayjobs.com/EXTERNAL_CAREER_SITE_VIETNAM,wd1,1,34676823343,34676823343,34676823343
https://bdx.wd1.myworkdayjobs.com/external_career_site_japan,wd1,1,34678849986,34678849986,34678849986
https://bdx.wd1.myworkdayjobs.com/external_career_site_korea_republic_of,wd1,1,34680651554,34680651554,34680651554
https://bdx.wd1.myworkdayjobs.com/external_career_site_switzerland,wd1,1,34678849986,34678849986,34678849986
https://bdx.wd1.myworkdayjobs.com/external_career_site_uk,wd1,1,34678849986,34678849986,34678849986
https://bdx.wd1.myworkdayjobs.com/us_early_talent_site,wd1,1,34678849986,34678849986,34678849986
https://beemok.wd5.myworkdayjobs.com/sorelle_careers,wd5,1,34678849986,34678849986,34678849986
https://beigene.wd5.myworkdayjobs.com/BeiGene,wd5,2,"34678849986,34680651554",34678849986,34680651554
https://belk.wd1.myworkdayjobs.com/Careers,wd1,1,34680651554,34680651554,34680651554
https://belk.wd1.myworkdayjobs.com/Careers-Digital,wd1,1,34680651554,34680651554,34680651554
https://belk.wd1.myworkdayjobs.com/Careers-NewStores,wd1,1,34678849986,34678849986,34678849986
https://belk.wd1.myworkdayjobs.com/careers-corporate,wd1,1,34678849986,34678849986,34678849986
https://bellpartnersinc.wd5.myworkdayjobs.com/Careers,wd5,1,34680651554,34680651554,34680651554
https://belron.wd3.myworkdayjobs.com/Carglass_Careers,wd3,1,34678849986,34678849986,34678849986
https://belron.wd3.myworkdayjobs.com/Carglass_Deutschland,wd3,1,34678849986,34678849986,34678849986
https://belron.wd3.myworkdayjobs.com/broadbean_external,wd3,1,34678849986,34678849986,34678849986
https://belron.wd3.myworkdayjobs.com/spain_carglass_careers,wd3,1,34678849986,34678849986,34678849986
https://benchmark.wd1.myworkdayjobs.com/BanyanCay,wd1,1,34678849986,34678849986,34678849986
https://benchmark.wd1.myworkdayjobs.com/PGH_Careers,wd1,2,"34678849986,34680651554",34678849986,34680651554
https://benchmark.wd1.myworkdayjobs.com/skamania,wd1,1,34678849986,34678849986,34678849986
https://bestwestern.wd1.myworkdayjobs.com/careers,wd1,1,34680651554,34680651554,34680651554
https://bf.wd5.myworkdayjobs.com/International,wd5,1,34680651554,34680651554,34680651554
https://bf.wd5.myworkdayjobs.com/USA_Canada,wd5,1,34680651554,34680651554,34680651554
https://biibhr.wd3.myworkdayjobs.com/external,wd3,1,34678849986,34678849986,34678849986
https://binus.wd3.myworkdayjobs.com/lifeatbinus,wd3,1,34678849986,34678849986,34678849986
https://biotechne.wd5.myworkdayjobs.com/Biotechne,wd5,2,"34678849986,34680651554",34678849986,34680651554
https://birch.wd1.myworkdayjobs.com/primuscareers,wd1,1,34676823343,34676823343,34676823343
https://bis.wd3.myworkdayjobs.com/External,wd3,1,34678849986,34678849986,34678849986
https://bison.wd3.myworkdayjobs.com/BisonDriverCareers,wd3,1,34676823343,34676823343,34676823343
https://bitsight.wd1.myworkdayjobs.com/broadbean_external,wd1,1,34680651554,34680651554,34680651554
https://bizagi.wd3.myworkdayjobs.com/bizagi_career_site,wd3,1,34676823343,34676823343,34676823343
https://blackbaud.wd1.myworkdayjobs.com/ExternalCareersITandInfrastructure,wd1,1,34676823343,34676823343,34676823343
https://blackbaud.wd1.myworkdayjobs.com/ExternalCareersIntern,wd1,1,34676823343,34676823343,34676823343
https://blackbaud.wd1.myworkdayjobs.com/ExternalCareersProfessionalServices,wd1,1,34680651554,34680651554,34680651554
https://blackbaud.wd1.myworkdayjobs.com/YourCause,wd1,1,34680651554,34680651554,34680651554
https://blackbaud.wd1.myworkdayjobs.com/externalcareers,wd1,2,"34678849986,34680651554",34678849986,34680651554
https://blackrock.wd1.myworkdayjobs.com/blackrock_professional,wd1,2,"34678849986,34680651554",34678849986,34680651554
https://blackstone.wd1.myworkdayjobs.com/Blackstone_Careers,wd1,2,"34678849986,34680651554",34678849986,34680651554
https://blackstone.wd1.myworkdayjobs.com/Hiring_our_Heroes,wd1,2,"34676823343,34678849986",34676823343,34678849986
https://blackstone.wd1.myworkdayjobs.com/X-Ghost-Site-Christoph-Zeiss-Partners-Inc,wd1,1,34678849986,34678849986,34678849986
https://blackstone.wd1.myworkdayjobs.com/X-GhostOliverJames,wd1,1,34678849986,34678849986,34678849986
https://blackstone.wd1.myworkdayjobs.com/X-GhostSite-AZMAAssociatesJapan,wd1,1,34680651554,34680651554,34680651554
https://blackstone.wd1.myworkdayjobs.com/X-GhostSite-AndoverResearch,wd1,1,34680651554,34680651554,34680651554
https://blackstone.wd1.myworkdayjobs.com/X-GhostSite-AstonCarter,wd1,1,34676823343,34676823343,34676823343
https://blackstone.wd1.myworkdayjobs.com/X-GhostSite-BeijingBoleYoucai,wd1,1,34678849986,34678849986,34678849986
https://blackstone.wd1.myworkdayjobs.com/X-GhostSite-BusinessOne,wd1,1,34678849986,34678849986,34678849986
https://blackstone.wd1.myworkdayjobs.com/X-GhostSite-CamdenRecruitment,wd1,1,34676823343,34676823343,34676823343
https://blackstone.wd1.myworkdayjobs.com/X-GhostSite-CornerstoneStaffing,wd1,1,34680651554,34680651554,34680651554
https://blackstone.wd1.myworkdayjobs.com/X-GhostSite-DanosConsulting,wd1,1,34678849986,34678849986,34678849986
https://blackstone.wd1.myworkdayjobs.com/X-GhostSite-HedleyMay,wd1,1,34678849986,34678849986,34678849986
https://blackstone.wd1.myworkdayjobs.com/X-GhostSite-HudsonDruce,wd1,1,34678849986,34678849986,34678849986
https://blackstone.wd1.myworkdayjobs.com/X-GhostSite-JustLegal,wd1,1,34678849986,34678849986,34678849986
https://blackstone.wd1.myworkdayjobs.com/X-GhostSite-MetisSearch,wd1,1,34678849986,34678849986,34678849986
https://blackstone.wd1.myworkdayjobs.com/X-GhostSite-MichaelPageJP,wd1,2,"34678849986,34680651554",34678849986,34680651554
https://blackstone.wd1.myworkdayjobs.com/X-GhostSite-MomentumSearchGroupLLC,wd1,1,34678849986,34678849986,34678849986
https://blackstone.wd1.myworkdayjobs.com/X-GhostSite-PlatinumPacificPartners,wd1,1,34680651554,34680651554,34680651554
https://blackstone.wd1.myworkdayjobs.com/X-GhostSite-REKruitingAdvisorsLLC,wd1,1,34680651554,34680651554,34680651554
https://blackstone.wd1.myworkdayjobs.com/X-GhostSite-Rosefield-Advisors,wd1,1,34678849986,34678849986,34678849986
https://blackstone.wd1.myworkdayjobs.com/X-GhostSite-SaragosaLimited,wd1,1,34680651554,34680651554,34680651554
https://blackstone.wd1.myworkdayjobs.com/X-GhostSite-SignatureConsultants,wd1,1,34680651554,34680651554,34680651554
https://blackstone.wd1.myworkdayjobs.com/X-GhostSite-StottAndMay,wd1,1,34680651554,34680651554,34680651554
https://blackstone.wd1.myworkdayjobs.com/X-GhostSite-StrategicRecruiting,wd1,1,34678849986,34678849986,34678849986
https://blackstone.wd1.myworkdayjobs.com/X-GhostSite-SustainableMeans,wd1,1,34680651554,34680651554,34680651554
https://blackstone.wd1.myworkdayjobs.com/X-GhostSite-Synkriom,wd1,1,34680651554,34680651554,34680651554
https://blackstone.wd1.myworkdayjobs.com/X-GhostSite-USEast,wd1,1,34678849986,34678849986,34678849986
https://blackstone.wd1.myworkdayjobs.com/X-GhostSite-VMAGroup,wd1,1,34678849986,34678849986,34678849986
https://blackstone.wd1.myworkdayjobs.com/X-GhostSite-VestedSearch,wd1,1,34680651554,34680651554,34680651554
https://blackstone.wd1.myworkdayjobs.com/X-GhostSite-WTECHSearch,wd1,2,"34678849986,34680651554",34678849986,34680651554
https://blackstone.wd1.myworkdayjobs.com/X-GhostSite-WessexPartners,wd1,1,34678849986,34678849986,34678849986
https://blackstone.wd1.myworkdayjobs.com/X_GhostSite_AlaneBaranelloAssociates,wd1,1,34678849986,34678849986,34678849986
https://blackstone.wd1.myworkdayjobs.com/X_GhostSite_AndersenSteinberg,wd1,1,34676823343,34676823343,34676823343
https://blackstone.wd1.myworkdayjobs.com/X_GhostSite_AntelopeJapan,wd1,1,34680651554,34680651554,34680651554
https://blackstone.wd1.myworkdayjobs.com/X_GhostSite_BPASearch,wd1,1,34680651554,34680651554,34680651554
https://blackstone.wd1.myworkdayjobs.com/X_GhostSite_BarberLimited,wd1,1,34678849986,34678849986,34678849986
https://blackstone.wd1.myworkdayjobs.com/X_GhostSite_Blueprint,wd1,1,34678849986,34678849986,34678849986
https://blackstone.wd1.myworkdayjobs.com/X_GhostSite_CardeaGroup,wd1,1,34680651554,34680651554,34680651554
https://blackstone.wd1.myworkdayjobs.com/X_GhostSite_CarringtonFox,wd1,2,"34678849986,34680651554",34678849986,34680651554
https://blackstone.wd1.myworkdayjobs.com/X_GhostSite_CodaSearch,wd1,1,34676823343,34676823343,34676823343
https://blackstone.wd1.myworkdayjobs.com/X_GhostSite_CyperusGroup,wd1,2,"34676823343,34678849986",34676823343,34678849986
https://blackstone.wd1.myworkdayjobs.com/X_GhostSite_DeverellSmith,wd1,3,"34676823343,34678849986,34680651554",34676823343,34680651554
https://blackstone.wd1.myworkdayjobs.com/X_GhostSite_DurlstonPartners,wd1,1,34680651554,34680651554,34680651554
https://blackstone.wd1.myworkdayjobs.com/X_GhostSite_EmpireSearchPartnersLLC,wd1,1,34678849986,34678849986,34678849986
https://blackstone.wd1.myworkdayjobs.com/X_GhostSite_EthosBeathChapman,wd1,1,34678849986,34678849986,34678849986
https://blackstone.wd1.myworkdayjobs.com/X_GhostSite_FMWorld,wd1,1,34678849986,34678849986,34678849986
https://blackstone.wd1.myworkdayjobs.com/X_GhostSite_FergusonPartnersLP,wd1,1,34678849986,34678849986,34678849986
https://blackstone.wd1.myworkdayjobs.com/X_GhostSite_FidesSearch,wd1,2,"34676823343,34680651554",34676823343,34680651554
https://blackstone.wd1.myworkdayjobs.com/X_GhostSite_FortnumExecutive,wd1,1,34678849986,34678849986,34678849986
https://blackstone.wd1.myworkdayjobs.com/X_GhostSite_HawkSearchKK,wd1,1,34678849986,34678849986,34678849986
https://blackstone.wd1.myworkdayjobs.com/X_GhostSite_Hays_JP,wd1,1,34680651554,34680651554,34680651554
https://blackstone.wd1.myworkdayjobs.com/X_GhostSite_HeymanAssociates,wd1,2,"34676823343,34680651554",34676823343,34680651554
https://blackstone.wd1.myworkdayjobs.com/X_GhostSite_HuxleyAssociates,wd1,1,34680651554,34680651554,34680651554
https://blackstone.wd1.myworkdayjobs.com/X_GhostSite_HybridgePartners,wd1,2,"34678849986,34680651554",34678849986,34680651554
https://blackstone.wd1.myworkdayjobs.com/X_GhostSite_InfusiveSolutionsInc,wd1,1,34678849986,34678849986,34678849986
https://blackstone.wd1.myworkdayjobs.com/X_GhostSite_InnovativeGroupAssociatesInc,wd1,1,34678849986,34678849986,34678849986
https://blackstone.wd1.myworkdayjobs.com/X_GhostSite_InsightGlobal,wd1,1,34676823343,34676823343,34676823343
https://blackstone.wd1.myworkdayjobs.com/X_GhostSite_JTHAdvisors,wd1,1,34680651554,34680651554,34680651554
https://blackstone.wd1.myworkdayjobs.com/X_GhostSite_KEAConsultants,wd1,1,34678849986,34678849986,34678849986
https://blackstone.wd1.myworkdayjobs.com/X_GhostSite_KSInternationalSGP,wd1,1,34678849986,34678849986,34678849986
https://blackstone.wd1.myworkdayjobs.com/X_GhostSite_KilcullenCompany,wd1,1,34678849986,34678849986,34678849986
https://blackstone.wd1.myworkdayjobs.com/X_GhostSite_MaxwellStephens,wd1,1,34678849986,34678849986,34678849986
https://blackstone.wd1.myworkdayjobs.com/X_GhostSite_MorganMcKinley,wd1,1,34678849986,34678849986,34678849986
https://blackstone.wd1.myworkdayjobs.com/X_GhostSite_OmertaGroup,wd1,1,34680651554,34680651554,34680651554
https://blackstone.wd1.myworkdayjobs.com/X_GhostSite_OnRamps,wd1,1,34680651554,34680651554,34680651554
https://blackstone.wd1.myworkdayjobs.com/X_GhostSite_OptionsGroup,wd1,1,34680651554,34680651554,34680651554
https://blackstone.wd1.myworkdayjobs.com/X_GhostSite_PagePersonnelHK,wd1,1,34680651554,34680651554,34680651554
https://blackstone.wd1.myworkdayjobs.com/X_GhostSite_ParagonPersonnel,wd1,1,34678849986,34678849986,34678849986
https://blackstone.wd1.myworkdayjobs.com/X_GhostSite_ParagonSearch,wd1,2,"34678849986,34680651554",34678849986,34680651554
https://blackstone.wd1.myworkdayjobs.com/X_GhostSite_ProfileHK,wd1,1,34678849986,34678849986,34678849986
https://blackstone.wd1.myworkdayjobs.com/X_GhostSite_RCRLtd,wd1,1,34678849986,34678849986,34678849986
https://blackstone.wd1.myworkdayjobs.com/X_GhostSite_RGFTalentSolutions,wd1,1,34680651554,34680651554,34680651554
https://blackstone.wd1.myworkdayjobs.com/X_GhostSite_RICSRecruit,wd1,1,34680651554,34680651554,34680651554
https://blackstone.wd1.myworkdayjobs.com/X_GhostSite_RandstadProfessionals,wd1,1,34678849986,34678849986,34678849986
https://blackstone.wd1.myworkdayjobs.com/X_GhostSite_RobertHalfHK,wd1,1,34680651554,34680651554,34680651554
https://blackstone.wd1.myworkdayjobs.com/X_GhostSite_RutherfordSearch,wd1,1,34680651554,34680651554,34680651554
https://blackstone.wd1.myworkdayjobs.com/X_GhostSite_SartreGroup,wd1,2,"34676823343,34680651554",34676823343,34680651554
https://blackstone.wd1.myworkdayjobs.com/X_GhostSite_SegalenAssocies,wd1,1,34678849986,34678849986,34678849986
https://blackstone.wd1.myworkdayjobs.com/X_GhostSite_TIPPSearch,wd1,1,34678849986,34678849986,34678849986
https://blackstone.wd1.myworkdayjobs.com/X_GhostSite_TheExecuSearchGroup,wd1,1,34678849986,34678849986,34678849986
https://blackstone.wd1.myworkdayjobs.com/X_GhostSite_ThePanel,wd1,1,34678849986,34678849986,34678849986
https://blackstone.wd1.myworkdayjobs.com/X_GhostSite_iSearch,wd1,1,34680651554,34680651554,34680651554
https://blackstone.wd1.myworkdayjobs.com/blackstone_internalcareers,wd1,2,"34678849986,34680651554",34678849986,34680651554
https://blackstone.wd1.myworkdayjobs.com/blackstone_technology,wd1,2,"34678849986,34680651554",34678849986,34680651554
https://bloomenergy.wd1.myworkdayjobs.com/bloomenergycareers,wd1,2,"34678849986,34680651554",34678849986,34680651554
https://blueorigin.wd5.myworkdayjobs.com/blueorigin,wd5,2,"34678849986,34680651554",34678849986,34680651554
https://blueowl.wd1.myworkdayjobs.com/blue_owl_private,wd1,1,34678849986,34678849986,34678849986
https://bluescopenac.wd5.myworkdayjobs.com/BNACareers,wd5,2,"34678849986,34680651554",34678849986,34680651554
https://bmo.wd3.myworkdayjobs.com/External,wd3,1,34678849986,34678849986,34678849986
https://bmo.wd3.myworkdayjobs.com/privileged,wd3,1,34678849986,34678849986,34678849986
https://bne.wd1.myworkdayjobs.com/biscuitsbird,wd1,1,34680651554,34680651554,34680651554
https://bnl.wd1.myworkdayjobs.com/Externa,wd1,2,"34678849986,34680651554",34678849986,34680651554
https://boeing.wd1.myworkdayjobs.com/BEYA,wd1,1,34678849986,34678849986,34678849986
https://boeing.wd1.myworkdayjobs.com/DIV,wd1,1,34680651554,34680651554,34680651554
https://boeing.wd1.myworkdayjobs.com/EXTERNAL_CAREERS,wd1,2,"34678849986,34680651554",34678849986,34680651554
https://boeing.wd1.myworkdayjobs.com/Eng,wd1,2,"34678849986,34680651554",34678849986,34680651554
https://boeing.wd1.myworkdayjobs.com/TAP2,wd1,2,"34678849986,34680651554",34678849986,34680651554
https://boeing.wd1.myworkdayjobs.com/TAP_EVENT,wd1,2,"34678849986,34680651554",34678849986,34680651554
https://boeing.wd1.myworkdayjobs.com/WAI,wd1,1,34678849986,34678849986,34678849986
https://boeing.wd1.myworkdayjobs.com/alpfa,wd1,1,34680651554,34680651554,34680651554
https://boeing.wd1.myworkdayjobs.com/external_subsidiary,wd1,2,"34678849986,34680651554",34678849986,34680651554
https://boeing.wd1.myworkdayjobs.com/nsbe,wd1,2,"34678849986,34680651554",34678849986,34680651554
https://boeing.wd1.myworkdayjobs.com/usbln,wd1,1,34678849986,34678849986,34678849986
https://bonterra.wd1.myworkdayjobs.com/bonterratech,wd1,1,34680651554,34680651554,34680651554
https://bonterra.wd1.myworkdayjobs.com/ngpvan,wd1,1,34678849986,34678849986,34678849986
https://borgwarner.wd5.myworkdayjobs.com/BorgWarner_Careers,wd5,2,"34678849986,34680651554",34678849986,34680651554
https://bostondynamics.wd1.myworkdayjobs.com/Boston_Dynamics,wd1,2,"34678849986,34680651554",34678849986,34680651554
https://bpinternational.wd3.myworkdayjobs.com/bpcareers,wd3,1,34678849986,34678849986,34678849986
https://bpinternational.wd3.myworkdayjobs.com/bpcwcareerssite,wd3,1,34678849986,34678849986,34678849986
https://bpinternational.wd3.myworkdayjobs.com/bpprivateexternalcareerssite,wd3,1,34678849986,34678849986,34678849986
https://brandeis.wd5.myworkdayjobs.com/jobs,wd5,2,"34678849986,34680651554",34678849986,34680651554
https://braunintertec.wd5.myworkdayjobs.com/BraunIntertecCareers,wd5,2,"34678849986,34680651554",34678849986,34680651554
https://breakthru.wd5.myworkdayjobs.com/BBG-Canada,wd5,1,34678849986,34678849986,34678849986
https://brevanhoward.wd3.myworkdayjobs.com/BH_ExternalCareers,wd3,1,34678849986,34678849986,34678849986
https://bridgeigp.wd1.myworkdayjobs.com/Seneca,wd1,1,34676823343,34676823343,34676823343
https://bridgeigp.wd1.myworkdayjobs.com/larsmadd,wd1,1,34680651554,34680651554,34680651554
https://bridgeigp.wd1.myworkdayjobs.com/medbest,wd1,3,"34676823343,34678849986,34680651554",34676823343,34680651554
https://bridgestone.wd5.myworkdayjobs.com/CanadaExternalCareers,wd5,1,34678849986,34678849986,34678849986
https://bridgestone.wd5.myworkdayjobs.com/LATAMExternalCareers,wd5,1,34676823343,34676823343,34676823343
https://brilliancanada.wd3.myworkdayjobs.com/Akuiteo,wd3,1,34676823343,34676823343,34676823343
https://brilliancanada.wd3.myworkdayjobs.com/AssetWorks,wd3,1,34678849986,34678849986,34678849986
https://brilliancanada.wd3.myworkdayjobs.com/CharityDynamics,wd3,1,34678849986,34678849986,34678849986
https://brilliancanada.wd3.myworkdayjobs.com/Gaina,wd3,1,34676823343,34676823343,34676823343
https://brilliancanada.wd3.myworkdayjobs.com/Insuresoft,wd3,1,34678849986,34678849986,34678849986
https://brilliancanada.wd3.myworkdayjobs.com/Intellicene,wd3,1,34678849986,34678849986,34678849986
https://brilliancanada.wd3.myworkdayjobs.com/Multiforce,wd3,1,34678849986,34678849986,34678849986
https://brilliancanada.wd3.myworkdayjobs.com/PLANit,wd3,1,34676823343,34676823343,34676823343
https://brilliancanada.wd3.myworkdayjobs.com/PortfolioPlus,wd3,1,34676823343,34676823343,34676823343
https://brilliancanada.wd3.myworkdayjobs.com/Primetics,wd3,1,34678849986,34678849986,34678849986
https://brilliancanada.wd3.myworkdayjobs.com/SSP,wd3,1,34678849986,34678849986,34678849986
https://brilliancanada.wd3.myworkdayjobs.com/ShipNet,wd3,1,34678849986,34678849986,34678849986
https://brilliancanada.wd3.myworkdayjobs.com/SignatureRail,wd3,1,34678849986,34678849986,34678849986
https://brilliancanada.wd3.myworkdayjobs.com/Systemtechnik,wd3,1,34678849986,34678849986,34678849986
https://brilliancanada.wd3.myworkdayjobs.com/TOPAZ,wd3,1,34678849986,34678849986,34678849986
https://brilliancanada.wd3.myworkdayjobs.com/TarantoSystems,wd3,1,34678849986,34678849986,34678849986
https://brilliancanada.wd3.myworkdayjobs.com/TrapezeAP,wd3,1,34676823343,34676823343,34676823343
https://brilliancanada.wd3.myworkdayjobs.com/TrapezeGroupNATechnology,wd3,1,34676823343,34676823343,34676823343
https://brilliancanada.wd3.myworkdayjobs.com/TrapezeUK,wd3,1,34676823343,34676823343,34676823343
https://brilliancanada.wd3.myworkdayjobs.com/Tribute,wd3,1,34678849986,34678849986,34678849986
https://brilliancanada.wd3.myworkdayjobs.com/UniqueBusinessSystems,wd3,1,34678849986,34678849986,34678849986
https://brilliancanada.wd3.myworkdayjobs.com/ValuePRO,wd3,1,34678849986,34678849986,34678849986
https://brilliancanada.wd3.myworkdayjobs.com/Veridian,wd3,1,34678849986,34678849986,34678849986
https://brilliancanada.wd3.myworkdayjobs.com/Vontas,wd3,1,34678849986,34678849986,34678849986
https://brilliancanada.wd3.myworkdayjobs.com/drams,wd3,1,34678849986,34678849986,34678849986
https://brilliancanada.wd3.myworkdayjobs.com/silvervine,wd3,1,34676823343,34676823343,34676823343
https://brinks.wd5.myworkdayjobs.com/PAIExternalCareers,wd5,1,34676823343,34676823343,34676823343
https://brinks.wd5.myworkdayjobs.com/Sitio_Argentina,wd5,1,34676823343,34676823343,34676823343
https://brinks.wd5.myworkdayjobs.com/sitio_panama,wd5,1,34676823343,34676823343,34676823343
https://bristolmyerssquibb.wd5.myworkdayjobs.com/BMS,wd5,2,"34678849986,34680651554",34678849986,34680651554
https://bristow.wd1.myworkdayjobs.com/BRSERAXTP,wd1,1,34678849986,34678849986,34678849986
https://bristow.wd1.myworkdayjobs.com/airnorth,wd1,1,34680651554,34680651554,34680651554
https://broadcom.wd1.myworkdayjobs.com/External_Career,wd1,2,"34678849986,34680651554",34678849986,34680651554
https://broadinstitute.wd1.myworkdayjobs.com/broadaffiliate,wd1,1,34680651554,34680651554,34680651554
https://broadinstitute.wd1.myworkdayjobs.com/broadinstitute_cdot,wd1,1,34680651554,34680651554,34680651554
https://broadinstitute.wd1.myworkdayjobs.com/broadinstitute_countmein,wd1,1,34680651554,34680651554,34680651554
https://broadinstitute.wd1.myworkdayjobs.com/broadinstitute_getzlab,wd1,1,34676823343,34676823343,34676823343
https://broadinstitute.wd1.myworkdayjobs.com/broadinstitute_precisioncardiologylab,wd1,1,34678849986,34678849986,34678849986
https://broadridge.wd5.myworkdayjobs.com/Careers,wd5,2,"34678849986,34680651554",34678849986,34680651554
https://broadviewfcu.wd1.myworkdayjobs.com/Broadviewconfidential,wd1,1,34678849986,34678849986,34678849986
https://broadviewfcu.wd1.myworkdayjobs.com/broadviewfcucareers,wd1,1,34680651554,34680651554,34680651554
https://bronsonhg.wd1.myworkdayjobs.com/medical-assistant,wd1,1,34680651554,34680651554,34680651554
https://brookfield.wd5.myworkdayjobs.com/brookfield,wd5,1,34680651554,34680651554,34680651554
https://brookfield.wd5.myworkdayjobs.com/ggp,wd5,1,34678849986,34678849986,34678849986
https://brooksauto.wd1.myworkdayjobs.com/brooks_conversion_site,wd1,2,"34678849986,34680651554",34678849986,34680651554
https://brooksauto.wd1.myworkdayjobs.com/brooks_external_site,wd1,2,"34678849986,34680651554",34678849986,34680651554
https://browardcollege.wd5.myworkdayjobs.com/Restricted,wd5,1,34678849986,34678849986,34678849986
https://brucepower.wd3.myworkdayjobs.com/IT,wd3,1,34676823343,34676823343,34676823343
https://brunswick.wd1.myworkdayjobs.com/search,wd1,2,"34678849986,34680651554",34678849986,34680651554
https://bucknell.wd1.myworkdayjobs.com/External,wd1,1,34680651554,34680651554,34680651554
https://bullish.wd3.myworkdayjobs.com/Bullish,wd3,1,34678849986,34678849986,34678849986
https://bunnings.wd3.myworkdayjobs.com/TKDcareers,wd3,1,34678849986,34678849986,34678849986
https://bupa.wd3.myworkdayjobs.com/BGUK_Event_Landing,wd3,1,34678849986,34678849986,34678849986
https://bupa.wd3.myworkdayjobs.com/EXT_CAREER,wd3,1,34678849986,34678849986,34678849986
https://busybeesanz.wd3.myworkdayjobs.com/NZ,wd3,1,34678849986,34678849986,34678849986
https://byu.wd1.myworkdayjobs.com/byu-careers,wd1,1,34680651554,34680651554,34680651554
https://caa.wd1.myworkdayjobs.com/careers,wd1,2,"34678849986,34680651554",34678849986,34680651554
https://cableone.wd1.myworkdayjobs.com/Cable_One_External_Careers,wd1,1,34680651554,34680651554,34680651554
https://caci.wd1.myworkdayjobs.com/external,wd1,2,"34678849986,34680651554",34678849986,34680651554
https://cadence.wd1.myworkdayjobs.com/External_Careers,wd1,2,"34678849986,34680651554",34678849986,34680651554
https://cadence.wd1.myworkdayjobs.com/Univ_Careers,wd1,2,"34678849986,34680651554",34678849986,34680651554
https://cadence.wd1.myworkdayjobs.com/University_Talent_Intern,wd1,1,34680651554,34680651554,34680651554
https://cadence.wd1.myworkdayjobs.com/addl_jobs,wd1,1,34680651554,34680651554,34680651554
https://cadence.wd1.myworkdayjobs.com/university_talent,wd1,1,34678849986,34678849986,34678849986
https://cae.wd3.myworkdayjobs.com/career,wd3,1,34678849986,34678849986,34678849986
https://cai.wd5.myworkdayjobs.com/computer_aid,wd5,2,"34678849986,34680651554",34678849986,34680651554
https://calibercollision.wd1.myworkdayjobs.com/CaliberAutoCare,wd1,2,"34678849986,34680651554",34678849986,34680651554
https://calistacorp.wd1.myworkdayjobs.com/Calista,wd1,1,34676823343,34676823343,34676823343
https://calistacorp.wd1.myworkdayjobs.com/CalistaBrice,wd1,2,"34678849986,34680651554",34678849986,34680651554
https://calistacorp.wd1.myworkdayjobs.com/Yulista,wd1,2,"34678849986,34680651554",34678849986,34680651554
https://calistacorp.wd1.myworkdayjobs.com/YulistaConfidential,wd1,1,34680651554,34680651554,34680651554
https://calix.wd1.myworkdayjobs.com/ExternalInternational,wd1,1,34678849986,34678849986,34678849986
https://calvertcountymd.wd1.myworkdayjobs.com/calvertcountysheriffsoffice,wd1,1,34676823343,34676823343,34676823343
https://campbellsoup.wd5.myworkdayjobs.com/ExternalCareers_GlobalSite,wd5,2,"34678849986,34680651554",34678849986,34680651554
https://campingworld.wd5.myworkdayjobs.com/Jobs,wd5,1,34678849986,34678849986,34678849986
https://canadiansolar.wd5.myworkdayjobs.com/CanadianSolar,wd5,2,"34678849986,34680651554",34678849986,34680651554
https://canadiansolar.wd5.myworkdayjobs.com/estorage,wd5,1,34678849986,34678849986,34678849986
https://canalbarge.wd5.myworkdayjobs.com/CBC,wd5,1,34676823343,34676823343,34676823343
https://capefearvalley.wd1.myworkdayjobs.com/CFV,wd1,1,34676823343,34676823343,34676823343
https://capgroup.wd1.myworkdayjobs.com/capitalgroupcareers,wd1,2,"34678849986,34680651554",34678849986,34680651554
https://capgroup.wd1.myworkdayjobs.com/privateposting,wd1,2,"34678849986,34680651554",34678849986,34680651554
https://capitaland.wd3.myworkdayjobs.com/CapitaLandDevelopment,wd3,1,34676823343,34676823343,34676823343
https://capitaland.wd3.myworkdayjobs.com/CapitalandInvestmentCareers,wd3,1,34678849986,34678849986,34678849986
https://capitalauto.wd3.myworkdayjobs.com/CSSF,wd3,1,34678849986,34678849986,34678849986
https://capitalauto.wd3.myworkdayjobs.com/Derrickchrysler,wd3,1,34678849986,34678849986,34678849986
https://capitalauto.wd3.myworkdayjobs.com/capitalgmcareersite,wd3,1,34676823343,34676823343,34676823343
https://capri.wd1.myworkdayjobs.com/Michael_Kors,wd1,1,34680651554,34680651554,34680651554
https://carbery.wd3.myworkdayjobs.com/Synergy_USA_External_Careers,wd3,1,34676823343,34676823343,34676823343
https://carbery.wd3.myworkdayjobs.com/synergy_external_careers,wd3,1,34678849986,34678849986,34678849986
https://card.wd5.myworkdayjobs.com/Search,wd5,1,34680651554,34680651554,34680651554
https://cardinalhealth.wd1.myworkdayjobs.com/EXT,wd1,2,"34678849986,34680651554",34678849986,34680651554
https://cardinalhealth.wd1.myworkdayjobs.com/ext_global,wd1,1,34676823343,34676823343,34676823343
https://cardinalhealth.wd1.myworkdayjobs.com/navista,wd1,1,34678849986,34678849986,34678849986
https://cardlytics.wd5.myworkdayjobs.com/CardlyticsExternalCareerSite,wd5,1,34678849986,34678849986,34678849986
https://careabout.wd5.myworkdayjobs.com/consensus_careers,wd5,1,34678849986,34678849986,34678849986
https://caresource.wd1.myworkdayjobs.com/caresource,wd1,1,34678849986,34678849986,34678849986
https://carlislellc.wd5.myworkdayjobs.com/carlisle-corporatecareers,wd5,1,34676823343,34676823343,34676823343
https://carlyle.wd1.myworkdayjobs.com/Carlyle,wd1,2,"34678849986,34680651554",34678849986,34680651554
https://carmax.wd1.myworkdayjobs.com/External,wd1,2,"34678849986,34680651554",34678849986,34680651554
https://carrier.wd5.myworkdayjobs.com/jobs,wd5,2,"34678849986,34680651554",34678849986,34680651554
https://cart.wd1.myworkdayjobs.com/cart,wd1,1,34680651554,34680651554,34680651554
https://cartech.wd5.myworkdayjobs.com/CTCExternal,wd5,1,34676823343,34676823343,34676823343
https://cat.wd5.myworkdayjobs.com/CaterpillarCareers,wd5,2,"34678849986,34680651554",34678849986,34680651554
https://cat.wd5.myworkdayjobs.com/solarturbines,wd5,2,"34678849986,34680651554",34678849986,34680651554
https://catalent.wd1.myworkdayjobs.com/External,wd1,2,"34678849986,34680651554",34678849986,34680651554
https://catalina.wd1.myworkdayjobs.com/catalina,wd1,1,34680651554,34680651554,34680651554
https://cba.wd3.myworkdayjobs.com/CommBank_Careers,wd3,1,34678849986,34678849986,34678849986
https://cbcrc.wd3.myworkdayjobs.com/CBC_Radio-Canada_Future_Opportunities,wd3,1,34678849986,34678849986,34678849986
https://cbgoc.wd3.myworkdayjobs.com/frontier,wd3,1,34678849986,34678849986,34678849986
https://cboe.wd1.myworkdayjobs.com/External_Career_CBOE,wd1,2,"34678849986,34680651554",34678849986,34680651554
https://cc.wd3.myworkdayjobs.com/ChanelCareers,wd3,1,34678849986,34678849986,34678849986
https://cca.wd5.myworkdayjobs.com/cca,wd5,1,34678849986,34678849986,34678849986
https://ccc.wd5.myworkdayjobs.com/ccc_Private,wd5,1,34678849986,34678849986,34678849986
https://ccf.wd1.myworkdayjobs.com/ClevelandClinicCareers,wd1,1,34678849986,34678849986,34678849986
https://ccf.wd1.myworkdayjobs.com/clevelandcliniccareersuk,wd1,2,"34678849986,34680651554",34678849986,34680651554
https://cdk.wd1.myworkdayjobs.com/cdk,wd1,1,34680651554,34680651554,34680651554
https://cdw.wd5.myworkdayjobs.com/Careers,wd5,2,"34678849986,34680651554",34678849986,34680651554
https://cecentertainment.wd5.myworkdayjobs.com/Peter_Piper_Pizza_Careers,wd5,1,34678849986,34678849986,34678849986
https://cemstone.wd1.myworkdayjobs.com/CemstoneCareers,wd1,1,34676823343,34676823343,34676823343
https://cengage.wd5.myworkdayjobs.com/CengageLATAMBrazilCareers,wd5,1,34680651554,34680651554,34680651554
https://cengage.wd5.myworkdayjobs.com/CengageLATAMCareersSPN,wd5,1,34678849986,34678849986,34678849986
https://cengage.wd5.myworkdayjobs.com/CengageNorthAmericaCareers,wd5,2,"34678849986,34680651554",34678849986,34680651554
https://centerlight.wd5.myworkdayjobs.com/C2Q,wd5,1,34678849986,34678849986,34678849986
https://centerstone.wd5.myworkdayjobs.com/centerstonecareers,wd5,1,34678849986,34678849986,34678849986
https://centific.wd1.myworkdayjobs.com/Centific_ECS_SEA,wd1,2,"34678849986,34680651554",34678849986,34680651554
https://centific.wd1.myworkdayjobs.com/Centific_Global,wd1,2,"34678849986,34680651554",34678849986,34680651554
https://centrica.wd3.myworkdayjobs.com/Centrica,wd3,1,34678849986,34678849986,34678849986
https://centrify.wd1.myworkdayjobs.com/Internship,wd1,1,34678849986,34678849986,34678849986
https://cerence.wd5.myworkdayjobs.com/cerence,wd5,1,34678849986,34678849986,34678849986
https://ceu.wd3.myworkdayjobs.com/CEU,wd3,1,34676823343,34676823343,34676823343
https://cfa.wd5.myworkdayjobs.com/assignments,wd5,1,34676823343,34676823343,34676823343
https://cfindustries.wd1.myworkdayjobs.com/careers,wd1,3,"34676823343,34678849986,34680651554",34676823343,34680651554
https://cgb.wd5.myworkdayjobs.com/CGB_Careers,wd5,2,"34676823343,34678849986",34676823343,34678849986
https://cgm.wd3.myworkdayjobs.com/cgm,wd3,1,34678849986,34678849986,34678849986
https://chamberlain.wd1.myworkdayjobs.com/CPSG,wd1,1,34678849986,34678849986,34678849986
https://chamberlain.wd1.myworkdayjobs.com/Chamberlain_Group,wd1,2,"34678849986,34680651554",34678849986,34680651554
https://chamberlain.wd1.myworkdayjobs.com/systems_llc,wd1,1,34680651554,34680651554,34680651554
https://chaptershealth.wd5.myworkdayjobs.com/capitalcaringjobs,wd5,1,34678849986,34678849986,34678849986
https://charlestonsc.wd5.myworkdayjobs.com/external,wd5,1,34678849986,34678849986,34678849986
https://chenmed.wd1.myworkdayjobs.com/ChenMedicalCenter,wd1,1,34678849986,34678849986,34678849986
https://chenmed.wd1.myworkdayjobs.com/Dedicated,wd1,1,34680651554,34680651554,34680651554
https://chess.wd1.myworkdayjobs.com/SFCC,wd1,1,34678849986,34678849986,34678849986
https://chesterfield.wd5.myworkdayjobs.com/CCPS1,wd5,1,34678849986,34678849986,34678849986
https://chevron.wd5.myworkdayjobs.com/jobs,wd5,2,"34678849986,34680651554",34678849986,34680651554
https://chevronstations.wd1.myworkdayjobs.com/CSI,wd1,1,34676823343,34676823343,34676823343
https://chg.wd5.myworkdayjobs.com/BE_External_Site,wd5,1,34676823343,34676823343,34676823343
https://chg.wd5.myworkdayjobs.com/us_external_career_site,wd5,2,"34678849986,34680651554",34678849986,34680651554
https://childrensplace.wd1.myworkdayjobs.com/TCP05,wd1,1,34678849986,34678849986,34678849986
https://childrensplace.wd1.myworkdayjobs.com/tcp03,wd1,2,"34678849986,34680651554",34678849986,34680651554
https://chloe.wd3.myworkdayjobs.com/OpellaCareers,wd3,1,34678849986,34678849986,34678849986
https://choicehotels.wd5.myworkdayjobs.com/external,wd5,1,34678849986,34678849986,34678849986
https://chrobinson.wd5.myworkdayjobs.com/ContractorConversionSite,wd5,1,34678849986,34678849986,34678849986
https://chrobinson.wd5.myworkdayjobs.com/chrobinson,wd5,2,"34676823343,34680651554",34676823343,34680651554
https://chubbfiresecurity.wd3.myworkdayjobs.com/chubbfs,wd3,1,34678849986,34678849986,34678849986
https://churchdwight.wd1.myworkdayjobs.com/animalnutritioncareers,wd1,1,34676823343,34676823343,34676823343
https://churchdwight.wd1.myworkdayjobs.com/chdcareers,wd1,1,34678849986,34678849986,34678849986
https://churchs.wd1.myworkdayjobs.com/Field,wd1,1,34678849986,34678849986,34678849986
https://churchs.wd1.myworkdayjobs.com/corporate,wd1,1,34680651554,34680651554,34680651554
https://cibc.wd3.myworkdayjobs.com/search,wd3,1,34678849986,34678849986,34678849986
https://ciena.wd5.myworkdayjobs.com/Careers,wd5,2,"34678849986,34680651554",34678849986,34680651554
https://cigna.wd5.myworkdayjobs.com/cignacareers,wd5,2,"34678849986,34680651554",34678849986,34680651554
https://cincinnatichildrens.wd5.myworkdayjobs.com/careersatcincinnatichildrens,wd5,1,34680651554,34680651554,34680651554
https://circle.wd1.myworkdayjobs.com/circle,wd1,2,"34678849986,34680651554",34678849986,34680651554
https://cisco.wd5.myworkdayjobs.com/cisco_careers,wd5,2,"34678849986,34680651554",34678849986,34680651554
https://citi.wd5.myworkdayjobs.com/2,wd5,2,"34678849986,34680651554",34678849986,34680651554
https://citi.wd5.myworkdayjobs.com/citi_early_careers_events_site,wd5,2,"34676823343,34678849986",34676823343,34678849986
https://citicclsa.wd3.myworkdayjobs.com/External,wd3,1,34678849986,34678849986,34678849986
https://city.wd1.myworkdayjobs.com/CBES,wd1,1,34680651554,34680651554,34680651554
https://cityoforlando.wd5.myworkdayjobs.com/cityoforlandocareers,wd5,1,34680651554,34680651554,34680651554
https://cityyear.wd5.myworkdayjobs.com/cityyear,wd5,1,34676823343,34676823343,34676823343
https://clarioclinical.wd1.myworkdayjobs.com/clarioclinical_careers,wd1,2,"34678849986,34680651554",34678849986,34680651554
https://clarionhg.wd3.myworkdayjobs.com/clarion_external_careers,wd3,1,34678849986,34678849986,34678849986
https://clarios.wd5.myworkdayjobs.com/clarioscareers,wd5,2,"34678849986,34680651554",34678849986,34680651554
https://clarivate.wd3.myworkdayjobs.com/Clarivate_Careers,wd3,1,34678849986,34678849986,34678849986
https://clarivate.wd3.myworkdayjobs.com/jobs,wd3,1,34678849986,34678849986,34678849986
https://claycountybcc.wd1.myworkdayjobs.com/External_Careers,wd1,1,34678849986,34678849986,34678849986
https://claytonhomes.wd1.myworkdayjobs.com/HarrisDoyle,wd1,1,34680651554,34680651554,34680651554
https://claytonhomes.wd1.myworkdayjobs.com/Summit,wd1,1,34680651554,34680651554,34680651554
https://claytonhomes.wd1.myworkdayjobs.com/goodall,wd1,1,34680651554,34680651554,34680651554
https://claytonhomes.wd1.myworkdayjobs.com/oakwood,wd1,1,34678849986,34678849986,34678849986
https://claytonutz.wd3.myworkdayjobs.com/claytonutz1,wd3,1,34678849986,34678849986,34678849986
https://clearlink.wd1.myworkdayjobs.com/TPH_Careers,wd1,1,34676823343,34676823343,34676823343
https://clearskyhealth.wd1.myworkdayjobs.com/CSH,wd1,1,34678849986,34678849986,34678849986
https://clearwateranalytics.wd1.myworkdayjobs.com/Clearwater_Analytics_Careers,wd1,2,"34678849986,34680651554",34678849986,34680651554
https://clevelandmetroschools.wd1.myworkdayjobs.com/jobs,wd1,1,34680651554,34680651554,34680651554
https://clio.wd3.myworkdayjobs.com/ClioCareerSite,wd3,1,34678849986,34678849986,34678849986
https://cloudera.wd5.myworkdayjobs.com/External_Career,wd5,2,"34678849986,34680651554",34678849986,34680651554
https://clr.wd5.myworkdayjobs.com/CLR_Careers,wd5,2,"34676823343,34680651554",34676823343,34680651554
https://cmcmarkets.wd3.myworkdayjobs.com/CMC_Markets_Careers,wd3,1,34678849986,34678849986,34678849986
https://cmegroup.wd1.myworkdayjobs.com/cme_careers,wd1,2,"34678849986,34680651554",34678849986,34680651554
https://cmh.wd1.myworkdayjobs.com/CMH,wd1,2,"34676823343,34680651554",34676823343,34680651554
https://cna.wd1.myworkdayjobs.com/cnahardy,wd1,1,34680651554,34680651554,34680651554
https://cngholdingsinc.wd5.myworkdayjobs.com/CNG,wd5,1,34678849986,34678849986,34678849986
https://cnoinc.wd5.myworkdayjobs.com/BankersField,wd5,1,34678849986,34678849986,34678849986
https://cnoinc.wd5.myworkdayjobs.com/CNOCareersBankersConsecoLife,wd5,1,34678849986,34678849986,34678849986
https://cnoinc.wd5.myworkdayjobs.com/CNOCareersColonialPenn,wd5,1,34678849986,34678849986,34678849986
https://cnoinc.wd5.myworkdayjobs.com/CNOCareersWashingtonNational,wd5,1,34676823343,34676823343,34676823343
https://cnx.wd1.myworkdayjobs.com/Portugal,wd1,2,"34678849986,34680651554",34678849986,34680651554
https://cnx.wd1.myworkdayjobs.com/external_Malaysia,wd1,1,34676823343,34676823343,34676823343
https://cnx.wd1.myworkdayjobs.com/external_Mauritius,wd1,2,"34676823343,34680651554",34676823343,34680651554
https://cnx.wd1.myworkdayjobs.com/external_china,wd1,1,34680651554,34680651554,34680651554
https://cnx.wd1.myworkdayjobs.com/external_global,wd1,3,"34676823343,34678849986,34680651554",34676823343,34680651554
https://cnx.wd1.myworkdayjobs.com/external_india,wd1,1,34678849986,34678849986,34678849986
https://cnx.wd1.myworkdayjobs.com/external_nicaragua,wd1,3,"34676823343,34678849986,34680651554",34676823343,34680651554
https://cnx.wd1.myworkdayjobs.com/external_tunisia,wd1,1,34676823343,34676823343,34676823343
https://cnx.wd1.myworkdayjobs.com/externalagent_philippines,wd1,1,34680651554,34680651554,34680651554
https://coaction.wd1.myworkdayjobs.com/coaction,wd1,1,34678849986,34678849986,34678849986
https://cochlear.wd3.myworkdayjobs.com/Cochlear_Careers,wd3,1,34678849986,34678849986,34678849986
https://cognex.wd1.myworkdayjobs.com/External_Career_Site,wd1,2,"34678849986,34680651554",34678849986,34680651554
https://cognosante.wd1.myworkdayjobs.com/Confidential,wd1,1,34680651554,34680651554,34680651554
https://cognosante.wd1.myworkdayjobs.com/EHRMCareers,wd1,1,34678849986,34678849986,34678849986
https://cognosante.wd1.myworkdayjobs.com/FloridaUOCcareers,wd1,1,34676823343,34676823343,34676823343
https://cognosante.wd1.myworkdayjobs.com/cognosantecareers,wd1,1,34678849986,34678849986,34678849986
https://cognosante.wd1.myworkdayjobs.com/cognosanteoncallcareers,wd1,1,34678849986,34678849986,34678849986
https://cognosante.wd1.myworkdayjobs.com/scmcareers,wd1,1,34676823343,34676823343,34676823343
https://cognosante.wd1.myworkdayjobs.com/scmspringhiringreferrals,wd1,1,34680651554,34680651554,34680651554
https://cohesity.wd5.myworkdayjobs.com/cohesity_careers,wd5,2,"34678849986,34680651554",34678849986,34680651554
https://coke.wd1.myworkdayjobs.com/coca-cola-careers,wd1,2,"34678849986,34680651554",34678849986,34680651554
https://colby.wd5.myworkdayjobs.com/colbysummerjobs,wd5,1,34678849986,34678849986,34678849986
https://colemanwm.wd1.myworkdayjobs.com/Coleman_Careers,wd1,1,34678849986,34678849986,34678849986
https://colemanwm.wd1.myworkdayjobs.com/broadbean_external,wd1,1,34678849986,34678849986,34678849986
https://collaborative.wd1.myworkdayjobs.com/SHIFT,wd1,1,34678849986,34678849986,34678849986
https://collaborative.wd1.myworkdayjobs.com/collaborative_solutions,wd1,1,34678849986,34678849986,34678849986
https://collaborative.wd1.myworkdayjobs.com/collegegrads,wd1,1,34678849986,34678849986,34678849986
https://collectorsuniverse.wd1.myworkdayjobs.com/collectors,wd1,2,"34678849986,34680651554",34678849986,34680651554
https://colliers.wd3.myworkdayjobs.com/Colliers-External-Career-Site,wd3,2,"34676823343,34678849986",34676823343,34678849986
https://colpipe.wd1.myworkdayjobs.com/search,wd1,2,"34678849986,34680651554",34678849986,34680651554
https://columbiasportswearcompany.wd5.myworkdayjobs.com/CSC_Careers,wd5,2,"34678849986,34680651554",34678849986,34680651554
https://columbiasportswearcompany.wd5.myworkdayjobs.com/Columbia_Career_Site,wd5,2,"34678849986,34680651554",34678849986,34680651554
https://comfortsystemsusa.wd1.myworkdayjobs.com/CSUSAKY,wd1,1,34680651554,34680651554,34680651554
https://comfortsystemsusa.wd1.myworkdayjobs.com/CUSASW,wd1,1,34680651554,34680651554,34680651554
https://comfortsystemsusa.wd1.myworkdayjobs.com/Corpcareers,wd1,1,34678849986,34678849986,34678849986
https://comfortsystemsusa.wd1.myworkdayjobs.com/DynaTen,wd1,1,34680651554,34680651554,34680651554
https://comfortsystemsusa.wd1.myworkdayjobs.com/Hayes-Lunsford_Careers,wd1,1,34680651554,34680651554,34680651554
https://comfortsystemsusa.wd1.myworkdayjobs.com/bcm,wd1,1,34678849986,34678849986,34678849986
https://comfortsystemsusa.wd1.myworkdayjobs.com/midsouth,wd1,2,"34676823343,34678849986",34676823343,34678849986
https://comfortsystemsusa.wd1.myworkdayjobs.com/starrelectric,wd1,1,34680651554,34680651554,34680651554
https://compassion.wd5.myworkdayjobs.com/CompassionCareersPrivateLink,wd5,1,34678849986,34678849986,34678849986
https://comporium.wd1.myworkdayjobs.com/Comporium_Careers,wd1,1,34678849986,34678849986,34678849986
https://conagrabrands.wd1.myworkdayjobs.com/Careers_CAN,wd1,1,34678849986,34678849986,34678849986
https://conagrabrands.wd1.myworkdayjobs.com/careers_us,wd1,2,"34678849986,34680651554",34678849986,34680651554
https://connect.wd1.myworkdayjobs.com/ztsystemscareers,wd1,2,"34678849986,34680651554",34678849986,34680651554
https://connexuscu.wd1.myworkdayjobs.com/ConnexusCareers,wd1,1,34678849986,34678849986,34678849986
https://convatec.wd1.myworkdayjobs.com/ConvaTec,wd1,2,"34678849986,34680651554",34678849986,34680651554
https://convatec.wd1.myworkdayjobs.com/Wilmington,wd1,1,34680651554,34680651554,34680651554
https://cookchildrens.wd1.myworkdayjobs.com/Cook_Childrens_Careers,wd1,1,34680651554,34680651554,34680651554
https://cooley.wd1.myworkdayjobs.com/Innovation,wd1,1,34678849986,34678849986,34678849986
https://cooperstandard.wd1.myworkdayjobs.com/CooperStandard,wd1,2,"34678849986,34680651554",34678849986,34680651554
https://coorstek.wd1.myworkdayjobs.com/CoorsTekCareers,wd1,2,"34678849986,34680651554",34678849986,34680651554
https://copeland.wd5.myworkdayjobs.com/Copeland_External_Careers_Page,wd5,2,"34678849986,34680651554",34678849986,34680651554
https://coreandmain.wd1.myworkdayjobs.com/coreandmain,wd1,1,34680651554,34680651554,34680651554
https://corebridgefinancial.wd1.myworkdayjobs.com/CorebridgeFinancial,wd1,1,34676823343,34676823343,34676823343
https://corebridgefinancial.wd1.myworkdayjobs.com/laya,wd1,1,34680651554,34680651554,34680651554
https://corebridgefinancial.wd1.myworkdayjobs.com/valic,wd1,2,"34678849986,34680651554",34678849986,34680651554
https://cornell.wd1.myworkdayjobs.com/cornellcareerpage,wd1,1,34678849986,34678849986,34678849986
https://corpartners.wd5.myworkdayjobs.com/COR,wd5,1,34678849986,34678849986,34678849986
https://corpartners.wd5.myworkdayjobs.com/arepa,wd5,1,34678849986,34678849986,34678849986
https://corpartners.wd5.myworkdayjobs.com/englemartin,wd5,1,34680651554,34680651554,34680651554
https://corpartners.wd5.myworkdayjobs.com/synergy,wd5,1,34678849986,34678849986,34678849986
https://corteva.wd5.myworkdayjobs.com/corteva,wd5,2,"34678849986,34680651554",34678849986,34680651554
https://costar.wd1.myworkdayjobs.com/CoStarCareers,wd1,2,"34678849986,34680651554",34678849986,34680651554
https://costar.wd1.myworkdayjobs.com/broadbean_external,wd1,1,34678849986,34678849986,34678849986
https://countryfinancial.wd5.myworkdayjobs.com/agencyrelatedjobs,wd5,2,"34676823343,34678849986",34676823343,34678849986
https://covestro.wd3.myworkdayjobs.com/Covestro_Career_Fair_External,wd3,1,34678849986,34678849986,34678849986
https://covestro.wd3.myworkdayjobs.com/cov_external,wd3,1,34678849986,34678849986,34678849986
https://cox.wd1.myworkdayjobs.com/Cox_External_Career_Site_1,wd1,2,"34678849986,34680651554",34678849986,34680651554
https://cranecompany.wd5.myworkdayjobs.com/Careers,wd5,2,"34678849986,34680651554",34678849986,34680651554
https://creationtech.wd1.myworkdayjobs.com/Creation,wd1,1,34680651554,34680651554,34680651554
https://creditacceptance.wd5.myworkdayjobs.com/Credit_Acceptance,wd5,2,"34678849986,34680651554",34678849986,34680651554
https://criteo.wd3.myworkdayjobs.com/SREday,wd3,1,34678849986,34678849986,34678849986
https://criteo.wd3.myworkdayjobs.com/criteo_career_site,wd3,1,34678849986,34678849986,34678849986
https://crosscountrymortgage.wd1.myworkdayjobs.com/CCMCareers,wd1,1,34680651554,34680651554,34680651554
https://crosscountrymortgage.wd1.myworkdayjobs.com/Training_Programs_External_Career_Site,wd1,1,34678849986,34678849986,34678849986
https://crossoverhealth.wd1.myworkdayjobs.com/Careers,wd1,1,34680651554,34680651554,34680651554
https://crossroadstreatmentcenters.wd1.myworkdayjobs.com/Crossroads,wd1,1,34676823343,34676823343,34676823343
https://crowdstrike.wd5.myworkdayjobs.com/crowdstrikecareers,wd5,2,"34678849986,34680651554",34678849986,34680651554
https://crownresorts.wd3.myworkdayjobs.com/Privatelink,wd3,2,"34676823343,34678849986",34676823343,34678849986
https://cscc.wd1.myworkdayjobs.com/CSCC_ext,wd1,1,34678849986,34678849986,34678849986
https://csgi.wd5.myworkdayjobs.com/CSGCareers,wd5,2,"34678849986,34680651554",34678849986,34680651554
https://ctbcholding.wd3.myworkdayjobs.com/CHN_External,wd3,1,34678849986,34678849986,34678849986
https://ctbcholding.wd3.myworkdayjobs.com/CTC_External,wd3,1,34678849986,34678849986,34678849986
https://ctbcholding.wd3.myworkdayjobs.com/CTP_External,wd3,1,34678849986,34678849986,34678849986
https://ctbcholding.wd3.myworkdayjobs.com/HCMC_External,wd3,1,34678849986,34678849986,34678849986
https://ctbcholding.wd3.myworkdayjobs.com/IND_External,wd3,1,34678849986,34678849986,34678849986
https://ctbcholding.wd3.myworkdayjobs.com/NYB_External,wd3,1,34678849986,34678849986,34678849986
https://cubic.wd1.myworkdayjobs.com/cubic_USA_careers,wd1,2,"34678849986,34680651554",34678849986,34680651554
https://cubic.wd1.myworkdayjobs.com/cubic_global_careers,wd1,2,"34678849986,34680651554",34678849986,34680651554
https://cultura.wd3.myworkdayjobs.com/broadbean_external,wd3,1,34678849986,34678849986,34678849986
https://cumminggroup.wd1.myworkdayjobs.com/CMGI,wd1,1,34678849986,34678849986,34678849986
https://curemd.wd1.myworkdayjobs.com/CureMD,wd1,2,"34678849986,34680651554",34678849986,34680651554
https://curtisswright.wd1.myworkdayjobs.com/CW_External_Career_Site,wd1,2,"34678849986,34680651554",34678849986,34680651554
https://cvshealth.wd1.myworkdayjobs.com/CVS_Health_Careers,wd1,2,"34678849986,34680651554",34678849986,34680651554
https://cw.wd1.myworkdayjobs.com/Agency,wd1,1,34680651554,34680651554,34680651554
https://cw.wd1.myworkdayjobs.com/External,wd1,2,"34678849986,34680651554",34678849986,34680651554
https://cygnethealth.wd3.myworkdayjobs.com/Cygnet,wd3,1,34676823343,34676823343,34676823343
https://cyracom.wd1.myworkdayjobs.com/us_cyracom_careers,wd1,1,34678849986,34678849986,34678849986
https://cyrusone.wd1.myworkdayjobs.com/CyrusOne_Confidential,wd1,1,34678849986,34678849986,34678849986
https://cytokinetics.wd1.myworkdayjobs.com/cytokinetics,wd1,1,34680651554,34680651554,34680651554
https://daikinapplied.wd1.myworkdayjobs.com/Daikin-Careers,wd1,2,"34678849986,34680651554",34678849986,34680651554
https://dallascollege.wd1.myworkdayjobs.com/dual_credit,wd1,1,34678849986,34678849986,34678849986
https://damen.wd3.myworkdayjobs.com/Damen_Careers,wd3,1,34678849986,34678849986,34678849986
https://damen.wd3.myworkdayjobs.com/vonqjp,wd3,1,34678849986,34678849986,34678849986
https://danaher.wd1.myworkdayjobs.com/DanaherJobs,wd1,2,"34678849986,34680651554",34678849986,34680651554
https://darktrace.wd3.myworkdayjobs.com/DarktaceExternal,wd3,1,34678849986,34678849986,34678849986
https://datasite.wd1.myworkdayjobs.com/datasite,wd1,2,"34678849986,34680651554",34678849986,34680651554
https://datev.wd3.myworkdayjobs.com/Datev_Careers,wd3,1,34678849986,34678849986,34678849986
https://daveandbusters.wd1.myworkdayjobs.com/Main_Event_Careers,wd1,1,34678849986,34678849986,34678849986
https://davidyurman.wd1.myworkdayjobs.com/DavidYurmanCareers,wd1,1,34678849986,34678849986,34678849986
https://davita.wd1.myworkdayjobs.com/DaVita_UK,wd1,2,"34678849986,34680651554",34678849986,34680651554
https://davita.wd1.myworkdayjobs.com/Poland_International,wd1,1,34678849986,34678849986,34678849986
https://db.wd3.myworkdayjobs.com/DBWebsite,wd3,1,34678849986,34678849986,34678849986
https://db.wd3.myworkdayjobs.com/DWSWebsite,wd3,1,34678849986,34678849986,34678849986
https://db.wd3.myworkdayjobs.com/pbwebsite,wd3,1,34678849986,34678849986,34678849986
https://dbs.wd3.myworkdayjobs.com/dbs_careers,wd3,1,34678849986,34678849986,34678849986
https://dcsd.wd5.myworkdayjobs.com/DCSD-DirectHires,wd5,1,34678849986,34678849986,34678849986
https://dealertire.wd5.myworkdayjobs.com/AMI,wd5,1,34678849986,34678849986,34678849986
https://deckers.wd5.myworkdayjobs.com/Deckers,wd5,2,"34678849986,34680651554",34678849986,34680651554
https://deepwater.wd1.myworkdayjobs.com/GlobalExternalCareerSite,wd1,1,34678849986,34678849986,34678849986
https://deepwater.wd1.myworkdayjobs.com/mexicoexternalcareersite,wd1,1,34680651554,34680651554,34680651554
https://delmontefoods.wd5.myworkdayjobs.com/DMFI,wd5,1,34680651554,34680651554,34680651554
https://demegroup.wd3.myworkdayjobs.com/careers_external,wd3,1,34678849986,34678849986,34678849986
https://dentalcorp.wd3.myworkdayjobs.com/Hellodent_1_2_days_week,wd3,1,34676823343,34676823343,34676823343
https://dentalcorp.wd3.myworkdayjobs.com/dentalcorp,wd3,1,34676823343,34676823343,34676823343
https://dentsuaegis.wd3.myworkdayjobs.com/DAN_GLOBAL,wd3,1,34678849986,34678849986,34678849986
https://denver.wd1.myworkdayjobs.com/CCD-denver-denvergov-CSC_Jobs-Civil_service_jobs-Police_Jobs-Fire_Jobs,wd1,1,34678849986,34678849986,34678849986
https://deseretmanagement.wd1.myworkdayjobs.com/TAC,wd1,1,34678849986,34678849986,34678849986
https://deseretmanagement.wd1.myworkdayjobs.com/bondenver,wd1,2,"34676823343,34678849986",34676823343,34678849986
https://deseretmanagement.wd1.myworkdayjobs.com/deseretbook,wd1,1,34678849986,34678849986,34678849986
https://deseretmanagement.wd1.myworkdayjobs.com/templesquarehospitality,wd1,1,34678849986,34678849986,34678849986
https://devonenergy.wd5.myworkdayjobs.com/careers,wd5,2,"34676823343,34678849986",34676823343,34678849986
https://devoted.wd1.myworkdayjobs.com/Devoted,wd1,1,34680651554,34680651554,34680651554
https://dexcom.wd1.myworkdayjobs.com/Dexcom,wd1,2,"34678849986,34680651554",34678849986,34680651554
https://dexus.wd3.myworkdayjobs.com/broadbean_external,wd3,1,34678849986,34678849986,34678849986
https://dickssportinggoods.wd1.myworkdayjobs.com/C-DSG,wd1,2,"34678849986,34680651554",34678849986,34680651554
https://dickssportinggoods.wd1.myworkdayjobs.com/DSG,wd1,2,"34678849986,34680651554",34678849986,34680651554
https://diconium.wd3.myworkdayjobs.com/Embitel_Technologies,wd3,1,34678849986,34678849986,34678849986
https://diconium.wd3.myworkdayjobs.com/Embitel_Technologies_LinkedIn,wd3,1,34678849986,34678849986,34678849986
https://diconium.wd3.myworkdayjobs.com/diconium,wd3,1,34678849986,34678849986,34678849986
https://dimensional.wd5.myworkdayjobs.com/DFA_Careers,wd5,2,"34678849986,34680651554",34678849986,34680651554
https://discoverylandco.wd5.myworkdayjobs.com/DLC,wd5,1,34680651554,34680651554,34680651554
https://disney.wd5.myworkdayjobs.com/disneycareer,wd5,2,"34678849986,34680651554",34678849986,34680651554
https://disney.wd5.myworkdayjobs.com/disneycareerdc,wd5,2,"34678849986,34680651554",34678849986,34680651554
https://djeholdings.wd5.myworkdayjobs.com/ZenoCareers,wd5,1,34680651554,34680651554,34680651554
https://djeholdings.wd5.myworkdayjobs.com/edelman-careers-E200,wd5,1,34678849986,34678849986,34678849986
https://dlapiper.wd1.myworkdayjobs.com/dlapiper,wd1,1,34678849986,34678849986,34678849986
https://dlg.wd3.myworkdayjobs.com/Radancy,wd3,1,34676823343,34676823343,34676823343
https://dmainc.wd5.myworkdayjobs.com/DMA,wd5,1,34678849986,34678849986,34678849986
https://dnli.wd1.myworkdayjobs.com/Post_Docs,wd1,1,34678849986,34678849986,34678849986
https://docgo.wd1.myworkdayjobs.com/DocGo,wd1,1,34680651554,34680651554,34680651554
https://doterra.wd1.myworkdayjobs.com/doterraeuropecareers,wd1,1,34678849986,34678849986,34678849986
https://dow.wd1.myworkdayjobs.com/ExternalCareers,wd1,1,34678849986,34678849986,34678849986
https://dowjones.wd1.myworkdayjobs.com/DNU_NewsCorpMosaicDigitalCareers,wd1,1,34678849986,34678849986,34678849986
https://dowjones.wd1.myworkdayjobs.com/DNU_News_Technology_Services_Career,wd1,1,34676823343,34676823343,34676823343
https://dowjones.wd1.myworkdayjobs.com/Dow_Jones_Career,wd1,2,"34678849986,34680651554",34678849986,34680651554
https://dowjones.wd1.myworkdayjobs.com/NCS_External_Careers_Site,wd1,1,34680651554,34680651554,34680651554
https://dowjones.wd1.myworkdayjobs.com/SUN_US_Careers,wd1,1,34676823343,34676823343,34676823343
https://dowjones.wd1.myworkdayjobs.com/Storyful_Careers,wd1,1,34678849986,34678849986,34678849986
https://dowjones.wd1.myworkdayjobs.com/WSJ_External_Career,wd1,1,34680651554,34680651554,34680651554
https://dowjones.wd1.myworkdayjobs.com/news_corp_australia_careers,wd1,1,34680651554,34680651554,34680651554
https://dowjones.wd1.myworkdayjobs.com/news_corp_careers,wd1,2,"34678849986,34680651554",34678849986,34680651554
https://dowjones.wd1.myworkdayjobs.com/news_fund_careers,wd1,1,34680651554,34680651554,34680651554
https://draftkings.wd1.myworkdayjobs.com/DraftKings,wd1,2,"34678849986,34680651554",34678849986,34680651554
https://draftkings.wd1.myworkdayjobs.com/employee_referral_portal,wd1,2,"34678849986,34680651554",34678849986,34680651554
https://draper.wd5.myworkdayjobs.com/Draper_Careers,wd5,2,"34678849986,34680651554",34678849986,34680651554
https://driscolls.wd5.myworkdayjobs.com/driscolls,wd5,1,34678849986,34678849986,34678849986
https://dssmith.wd3.myworkdayjobs.com/careers,wd3,1,34678849986,34678849986,34678849986
https://dssmith.wd3.myworkdayjobs.com/dss_internal,wd3,1,34678849986,34678849986,34678849986
https://dtn.wd1.myworkdayjobs.com/DTN_Careers,wd1,1,34678849986,34678849986,34678849986
https://dtna.wd5.myworkdayjobs.com/DTNA_external,wd5,1,34678849986,34678849986,34678849986
https://dtna.wd5.myworkdayjobs.com/dtna_affiliate,wd5,2,"34678849986,34680651554",34678849986,34680651554
https://duckcreek.wd1.myworkdayjobs.com/DuckCreekCFL,wd1,1,34678849986,34678849986,34678849986
https://duckcreek.wd1.myworkdayjobs.com/duckcreek-linkedin,wd1,1,34678849986,34678849986,34678849986
https://duckcreek.wd1.myworkdayjobs.com/globalinternprogram,wd1,1,34678849986,34678849986,34678849986
https://dukeenergy.wd1.myworkdayjobs.com/Search,wd1,2,"34678849986,34680651554",34678849986,34680651554
https://dulyhealthandcare.wd1.myworkdayjobs.com/QMG,wd1,1,34678849986,34678849986,34678849986
https://dulyhealthandcare.wd1.myworkdayjobs.com/SBC,wd1,1,34678849986,34678849986,34678849986
https://dupont.wd5.myworkdayjobs.com/Confidential,wd5,1,34678849986,34678849986,34678849986
https://dupont.wd5.myworkdayjobs.com/jobs,wd5,2,"34678849986,34680651554",34678849986,34680651554
https://dxctechnology.wd1.myworkdayjobs.com/DXCJobs,wd1,2,"34678849986,34680651554",34678849986,34680651554
https://dxctechnology.wd1.myworkdayjobs.com/asjobs,wd1,1,34680651554,34680651554,34680651554
https://dyson.wd3.myworkdayjobs.com/dyson_careers,wd3,1,34678849986,34678849986,34678849986
https://earlywarning.wd5.myworkdayjobs.com/earlywarningcareers,wd5,2,"34678849986,34680651554",34678849986,34680651554
https://easyservice.wd5.myworkdayjobs.com/AdvantusHealthPartners,wd5,1,34676823343,34676823343,34676823343
https://easyservice.wd5.myworkdayjobs.com/BonSecoursMemorialCollegeOfNursingCareers,wd5,1,34678849986,34678849986,34678849986
https://ebay.wd5.myworkdayjobs.com/apply,wd5,2,"34678849986,34680651554",34678849986,34680651554
https://ebi.wd5.myworkdayjobs.com/ebadcareers,wd5,2,"34678849986,34680651554",34678849986,34680651554
https://ebi.wd5.myworkdayjobs.com/ebicareers,wd5,2,"34678849986,34680651554",34678849986,34680651554
https://ebi.wd5.myworkdayjobs.com/envirologixcareers,wd5,2,"34676823343,34678849986",34676823343,34678849986
https://echo.wd1.myworkdayjobs.com/Echo_Logistics,wd1,1,34678849986,34678849986,34678849986
https://ecolab.wd1.myworkdayjobs.com/ecolab_external,wd1,2,"34678849986,34680651554",34678849986,34680651554
https://edenpeople.wd3.myworkdayjobs.com/edenred_careers,wd3,1,34678849986,34678849986,34678849986
https://edwards.wd5.myworkdayjobs.com/EdwardsCareers,wd5,2,"34678849986,34680651554",34678849986,34680651554
https://ehealthinsurance.wd5.myworkdayjobs.com/EHI-Sales,wd5,1,34676823343,34676823343,34676823343
https://eiffage.wd3.myworkdayjobs.com/eiffage_careers,wd3,1,34676823343,34676823343,34676823343
https://eisai.wd5.myworkdayjobs.com/eisai,wd5,2,"34678849986,34680651554",34678849986,34680651554
https://eisenhower.wd1.myworkdayjobs.com/Eisenhower_Careers,wd1,1,34680651554,34680651554,34680651554
https://eisneramper.wd1.myworkdayjobs.com/eisneramper_external,wd1,1,34680651554,34680651554,34680651554
https://elanco.wd5.myworkdayjobs.com/External_Career,wd5,2,"34678849986,34680651554",34678849986,34680651554
https://elderslimited.wd3.myworkdayjobs.com/Elders_RE,wd3,1,34676823343,34676823343,34676823343
https://electrolux.wd3.myworkdayjobs.com/AdHocAfterAdvertising,wd3,1,34678849986,34678849986,34678849986
https://electrolux.wd3.myworkdayjobs.com/ElectroluxCareerSite,wd3,1,34678849986,34678849986,34678849986
https://elekta.wd3.myworkdayjobs.com/Elekta_Careers,wd3,1,34678849986,34678849986,34678849986
https://elementfleet.wd3.myworkdayjobs.com/Element_External_Careers_Ireland,wd3,1,34678849986,34678849986,34678849986
https://elevancehealth.wd1.myworkdayjobs.com/ANT,wd1,2,"34678849986,34680651554",34678849986,34680651554
https://elkay.wd1.myworkdayjobs.com/china_all_jobs_external_career_site,wd1,1,34678849986,34678849986,34678849986
https://elkay.wd1.myworkdayjobs.com/elkay_external,wd1,1,34678849986,34678849986,34678849986
https://elliottdavis.wd5.myworkdayjobs.com/ED-Entry,wd5,1,34678849986,34678849986,34678849986
https://elliottgroup.wd5.myworkdayjobs.com/ElliottCareers,wd5,1,34680651554,34680651554,34680651554
https://ellisdon.wd3.myworkdayjobs.com/LoobyConstruction,wd3,1,34676823343,34676823343,34676823343
https://embarkwithus.wd1.myworkdayjobs.com/embarkcareersitelinkedin,wd1,1,34676823343,34676823343,34676823343
https://embecta.wd1.myworkdayjobs.com/embectacareers,wd1,1,34680651554,34680651554,34680651554
https://embryriddle.wd1.myworkdayjobs.com/External,wd1,1,34680651554,34680651554,34680651554
https://emcins.wd5.myworkdayjobs.com/emc_internships,wd5,1,34678849986,34678849986,34678849986
https://encore.wd1.myworkdayjobs.com/112695,wd1,1,34680651554,34680651554,34680651554
https://encore.wd1.myworkdayjobs.com/114492,wd1,2,"34676823343,34680651554",34676823343,34680651554
https://encore.wd1.myworkdayjobs.com/116803,wd1,1,34680651554,34680651554,34680651554
https://encore.wd1.myworkdayjobs.com/125832,wd1,1,34680651554,34680651554,34680651554
https://encore.wd1.myworkdayjobs.com/127327,wd1,2,"34678849986,34680651554",34678849986,34680651554
https://encore.wd1.myworkdayjobs.com/132095,wd1,1,34676823343,34676823343,34676823343
https://encore.wd1.myworkdayjobs.com/132414,wd1,1,34680651554,34680651554,34680651554
https://encore.wd1.myworkdayjobs.com/134160,wd1,1,34678849986,34678849986,34678849986
https://encore.wd1.myworkdayjobs.com/134570,wd1,2,"34678849986,34680651554",34678849986,34680651554
https://encore.wd1.myworkdayjobs.com/134805,wd1,1,34678849986,34678849986,34678849986
https://encore.wd1.myworkdayjobs.com/134921,wd1,2,"34678849986,34680651554",34678849986,34680651554
https://encore.wd1.myworkdayjobs.com/154790,wd1,1,34680651554,34680651554,34680651554
https://encore.wd1.myworkdayjobs.com/1567941,wd1,1,34678849986,34678849986,34678849986
https://encore.wd1.myworkdayjobs.com/197204,wd1,1,34680651554,34680651554,34680651554
https://encore.wd1.myworkdayjobs.com/212379,wd1,1,34676823343,34676823343,34676823343
https://encore.wd1.myworkdayjobs.com/257243,wd1,1,34680651554,34680651554,34680651554
https://encore.wd1.myworkdayjobs.com/363923,wd1,1,34678849986,34678849986,34678849986
https://encore.wd1.myworkdayjobs.com/366416,wd1,1,34678849986,34678849986,34678849986
https://encore.wd1.myworkdayjobs.com/392168,wd1,1,34680651554,34680651554,34680651554
https://encore.wd1.myworkdayjobs.com/514829,wd1,1,34676823343,34676823343,34676823343
https://encore.wd1.myworkdayjobs.com/541243,wd1,2,"34678849986,34680651554",34678849986,34680651554
https://encore.wd1.myworkdayjobs.com/542699,wd1,1,34678849986,34678849986,34678849986
https://encore.wd1.myworkdayjobs.com/561021,wd1,1,34678849986,34678849986,34678849986
https://encore.wd1.myworkdayjobs.com/569396,wd1,1,34676823343,34676823343,34676823343
https://encore.wd1.myworkdayjobs.com/702641,wd1,1,34680651554,34680651554,34680651554
https://encore.wd1.myworkdayjobs.com/721833,wd1,1,34680651554,34680651554,34680651554
https://encore.wd1.myworkdayjobs.com/763533,wd1,1,34678849986,34678849986,34678849986
https://encore.wd1.myworkdayjobs.com/821228,wd1,1,34676823343,34676823343,34676823343
https://encore.wd1.myworkdayjobs.com/856473,wd1,1,34678849986,34678849986,34678849986
https://encore.wd1.myworkdayjobs.com/904252,wd1,2,"34676823343,34680651554",34676823343,34680651554
https://encore.wd1.myworkdayjobs.com/909842,wd1,1,34678849986,34678849986,34678849986
https://encore.wd1.myworkdayjobs.com/932642,wd1,1,34678849986,34678849986,34678849986
https://encore.wd1.myworkdayjobs.com/People_Working,wd1,1,34678849986,34678849986,34678849986
https://encore.wd1.myworkdayjobs.com/Platt_Partners,wd1,1,34678849986,34678849986,34678849986
https://encore.wd1.myworkdayjobs.com/Puresoft,wd1,2,"34678849986,34680651554",34678849986,34680651554
https://encore.wd1.myworkdayjobs.com/TechMatrix,wd1,1,34678849986,34678849986,34678849986
https://encova.wd1.myworkdayjobs.com/Search,wd1,2,"34678849986,34680651554",34678849986,34680651554
https://endemolshine.wd3.myworkdayjobs.com/Banijay_Group_Amsterdam_External,wd3,1,34678849986,34678849986,34678849986
https://endemolshine.wd3.myworkdayjobs.com/EndemolShine_Germany_Karriere,wd3,1,34676823343,34676823343,34676823343
https://endemolshine.wd3.myworkdayjobs.com/Endemolshine_UK_Jobs,wd3,1,34678849986,34678849986,34678849986
https://endemolshine.wd3.myworkdayjobs.com/External_Career_Site_BD_Mexico,wd3,1,34678849986,34678849986,34678849986
https://enercity.wd3.myworkdayjobs.com/enercity_extern,wd3,1,34678849986,34678849986,34678849986
https://energynorthwest.wd1.myworkdayjobs.com/External,wd1,3,"34676823343,34678849986,34680651554",34676823343,34680651554
https://enovis.wd5.myworkdayjobs.com/enovis,wd5,2,"34678849986,34680651554",34678849986,34680651554
https://ensemblehp.wd5.myworkdayjobs.com/ensemblehealthpartnerscareers,wd5,2,"34678849986,34680651554",34678849986,34680651554
https://ensign.wd1.myworkdayjobs.com/ArrisHealthcareCareerSite,wd1,1,34678849986,34678849986,34678849986
https://ensign.wd1.myworkdayjobs.com/BellaVistaTransitionalCareCenterCareerSite,wd1,1,34680651554,34680651554,34680651554
https://ensign.wd1.myworkdayjobs.com/BerthoudCareerSite,wd1,1,34678849986,34678849986,34678849986
https://ensign.wd1.myworkdayjobs.com/CS_ParkManor,wd1,2,"34676823343,34680651554",34676823343,34680651554
https://ensign.wd1.myworkdayjobs.com/CourtyardRehabCareerSite,wd1,1,34680651554,34680651554,34680651554
https://ensign.wd1.myworkdayjobs.com/CoventryCourtCareerSite,wd1,1,34678849986,34678849986,34678849986
https://ensign.wd1.myworkdayjobs.com/FairmontCareerSite,wd1,1,34680651554,34680651554,34680651554
https://ensign.wd1.myworkdayjobs.com/FoundersCareerSite,wd1,1,34678849986,34678849986,34678849986
https://ensign.wd1.myworkdayjobs.com/HorizonHouseCareerSite,wd1,1,34678849986,34678849986,34678849986
https://ensign.wd1.myworkdayjobs.com/KatellaSeniorLivingCareerSite,wd1,1,34676823343,34676823343,34676823343
https://ensign.wd1.myworkdayjobs.com/LaDoraNursingCareerSite,wd1,1,34678849986,34678849986,34678849986
https://ensign.wd1.myworkdayjobs.com/LegendOaksFortWorthCareerSite,wd1,1,34678849986,34678849986,34678849986
https://ensign.wd1.myworkdayjobs.com/MainplacePostAcuteCareerSite,wd1,1,34678849986,34678849986,34678849986
https://ensign.wd1.myworkdayjobs.com/MeadowCreekSLCareerSite,wd1,1,34678849986,34678849986,34678849986
https://ensign.wd1.myworkdayjobs.com/OmahaNursingCareerSite,wd1,1,34680651554,34680651554,34680651554
https://ensign.wd1.myworkdayjobs.com/POSTWestoverHillsCareerSite,wd1,1,34678849986,34678849986,34678849986
https://ensign.wd1.myworkdayjobs.com/PelicanPointeCareerSite,wd1,1,34680651554,34680651554,34680651554
https://ensign.wd1.myworkdayjobs.com/PineCrestCareerSite,wd1,1,34678849986,34678849986,34678849986
https://ensign.wd1.myworkdayjobs.com/SedonaTraceHealthandWellnessCenterCareerSite,wd1,1,34678849986,34678849986,34678849986
https://ensign.wd1.myworkdayjobs.com/StCatherineCareerPage,wd1,2,"34678849986,34680651554",34678849986,34680651554
https://ensign.wd1.myworkdayjobs.com/StonehengeofRichfieldCareerSite,wd1,1,34680651554,34680651554,34680651554
https://ensign.wd1.myworkdayjobs.com/SunsetValleyCareerSite,wd1,1,34678849986,34678849986,34678849986
https://ensign.wd1.myworkdayjobs.com/TheChateauWacoCareerSite,wd1,1,34680651554,34680651554,34680651554
https://ensign.wd1.myworkdayjobs.com/TimberRidgeCareerSite,wd1,2,"34678849986,34680651554",34678849986,34680651554
https://ensign.wd1.myworkdayjobs.com/VanAyerSeniorLivingCareerSite,wd1,1,34680651554,34680651554,34680651554
https://ensign.wd1.myworkdayjobs.com/VillasatRockCanyonCareerSite,wd1,1,34680651554,34680651554,34680651554
https://ensign.wd1.myworkdayjobs.com/WillowPointCareerSite,wd1,1,34678849986,34678849986,34678849986
https://ensign.wd1.myworkdayjobs.com/alamitoswesthealthandrehabcareersite,wd1,2,"34678849986,34680651554",34678849986,34680651554
https://ensign.wd1.myworkdayjobs.com/amarsialcareersite,wd1,1,34678849986,34678849986,34678849986
https://ensign.wd1.myworkdayjobs.com/arborplacecareersite,wd1,1,34678849986,34678849986,34678849986
https://ensign.wd1.myworkdayjobs.com/atlanticmemorialcareersite,wd1,2,"34678849986,34680651554",34678849986,34680651554
https://ensign.wd1.myworkdayjobs.com/bainbridgecareersite,wd1,1,34680651554,34680651554,34680651554
https://ensign.wd1.myworkdayjobs.com/bouldercanyoncareersite,wd1,1,34678849986,34678849986,34678849986
https://ensign.wd1.myworkdayjobs.com/camarillohealthcarecareersite,wd1,1,34678849986,34678849986,34678849986
https://ensign.wd1.myworkdayjobs.com/cambridgehealthcentercareersite,wd1,1,34678849986,34678849986,34678849986
https://ensign.wd1.myworkdayjobs.com/camelbackcareersite,wd1,1,34678849986,34678849986,34678849986
https://ensign.wd1.myworkdayjobs.com/carmelmountainrehabilitationandhealthcarecentercareersite,wd1,2,"34678849986,34680651554",34678849986,34680651554
https://ensign.wd1.myworkdayjobs.com/carrolltonhealthcareersite,wd1,1,34680651554,34680651554,34680651554
https://ensign.wd1.myworkdayjobs.com/casasadobescareersite,wd1,2,"34678849986,34680651554",34678849986,34680651554
https://ensign.wd1.myworkdayjobs.com/cedarpointehealthandwellnesscentercareersite,wd1,3,"34676823343,34678849986,34680651554",34676823343,34680651554
https://ensign.wd1.myworkdayjobs.com/championshealthcareatwillowbrookcareersite,wd1,1,34676823343,34676823343,34676823343
https://ensign.wd1.myworkdayjobs.com/chandlercareersite,wd1,1,34680651554,34680651554,34680651554
https://ensign.wd1.myworkdayjobs.com/chateaudesmonscareersite,wd1,1,34680651554,34680651554,34680651554
https://ensign.wd1.myworkdayjobs.com/claremontcarecareersite,wd1,1,34680651554,34680651554,34680651554
https://ensign.wd1.myworkdayjobs.com/copperfieldhealthcareandrehabilitationcareersite,wd1,1,34680651554,34680651554,34680651554
https://ensign.wd1.myworkdayjobs.com/danvillecareersite,wd1,1,34678849986,34678849986,34678849986
https://ensign.wd1.myworkdayjobs.com/desertmarigoldcareersite,wd1,1,34678849986,34678849986,34678849986
https://ensign.wd1.myworkdayjobs.com/desertmountaincareersite,wd1,1,34680651554,34680651554,34680651554
https://ensign.wd1.myworkdayjobs.com/desertterracecareersite,wd1,1,34676823343,34676823343,34676823343
https://ensign.wd1.myworkdayjobs.com/discoverycareersite,wd1,1,34680651554,34680651554,34680651554
https://ensign.wd1.myworkdayjobs.com/foothillstransitionalcarecareersite,wd1,1,34678849986,34678849986,34678849986
https://ensign.wd1.myworkdayjobs.com/goldenacrescareersite,wd1,1,34678849986,34678849986,34678849986
https://ensign.wd1.myworkdayjobs.com/goldenpalmsrehabcareersite,wd1,1,34680651554,34680651554,34680651554
https://ensign.wd1.myworkdayjobs.com/grandterracecareersite,wd1,1,34678849986,34678849986,34678849986
https://ensign.wd1.myworkdayjobs.com/greatersouthsidecareersite,wd1,1,34680651554,34680651554,34680651554
https://ensign.wd1.myworkdayjobs.com/holladayhealthcarecareersite,wd1,1,34678849986,34678849986,34678849986
https://ensign.wd1.myworkdayjobs.com/juliatemplecareersite,wd1,1,34680651554,34680651554,34680651554
https://ensign.wd1.myworkdayjobs.com/lakepleasantcareersite,wd1,1,34680651554,34680651554,34680651554
https://ensign.wd1.myworkdayjobs.com/legacyparkhealthcareersite,wd1,1,34680651554,34680651554,34680651554
https://ensign.wd1.myworkdayjobs.com/legacyrehabcareersite,wd1,1,34678849986,34678849986,34678849986
https://ensign.wd1.myworkdayjobs.com/legendsouthsanantoniocareersite,wd1,1,34676823343,34676823343,34676823343
https://ensign.wd1.myworkdayjobs.com/lemongrovecareersite,wd1,1,34678849986,34678849986,34678849986
https://ensign.wd1.myworkdayjobs.com/magnoliapostacutecareersite,wd1,2,"34678849986,34680651554",34678849986,34680651554
https://ensign.wd1.myworkdayjobs.com/malleycareersite,wd1,1,34678849986,34678849986,34678849986
https://ensign.wd1.myworkdayjobs.com/mapletoncareersite,wd1,1,34678849986,34678849986,34678849986
https://ensign.wd1.myworkdayjobs.com/mcallentransitionalcarecareersite,wd1,2,"34676823343,34680651554",34676823343,34680651554
https://ensign.wd1.myworkdayjobs.com/mesquitepostacutecarecareersite,wd1,1,34680651554,34680651554,34680651554
https://ensign.wd1.myworkdayjobs.com/millenniumcareersite,wd1,1,34678849986,34678849986,34678849986
https://ensign.wd1.myworkdayjobs.com/miravistacareersite,wd1,1,34680651554,34680651554,34680651554
https://ensign.wd1.myworkdayjobs.com/mistywillowcareersite,wd1,1,34676823343,34676823343,34676823343
https://ensign.wd1.myworkdayjobs.com/montecitocareersite,wd1,1,34680651554,34680651554,34680651554
https://ensign.wd1.myworkdayjobs.com/montevistahillscareersite,wd1,1,34680651554,34680651554,34680651554
https://ensign.wd1.myworkdayjobs.com/mountainviewrehabcareersite,wd1,1,34680651554,34680651554,34680651554
https://ensign.wd1.myworkdayjobs.com/neworangecareersite,wd1,1,34678849986,34678849986,34678849986
https://ensign.wd1.myworkdayjobs.com/northeastrehabcareersite,wd1,1,34680651554,34680651554,34680651554
https://ensign.wd1.myworkdayjobs.com/northmountaincareersite,wd1,2,"34676823343,34680651554",34676823343,34680651554
https://ensign.wd1.myworkdayjobs.com/olympiacareersite,wd1,1,34680651554,34680651554,34680651554
https://ensign.wd1.myworkdayjobs.com/opuscareersite,wd1,1,34680651554,34680651554,34680651554
https://ensign.wd1.myworkdayjobs.com/oremrehabcareersite,wd1,1,34678849986,34678849986,34678849986
https://ensign.wd1.myworkdayjobs.com/owyheecareersite,wd1,1,34678849986,34678849986,34678849986
https://ensign.wd1.myworkdayjobs.com/palmterracehealthcarerehabcentercareersite,wd1,1,34678849986,34678849986,34678849986
https://ensign.wd1.myworkdayjobs.com/panoramagardenscareersite,wd1,2,"34676823343,34680651554",34676823343,34680651554
https://ensign.wd1.myworkdayjobs.com/parkerpostacutecareersite,wd1,1,34678849986,34678849986,34678849986
https://ensign.wd1.myworkdayjobs.com/parkvillagecareersite,wd1,1,34676823343,34676823343,34676823343
https://ensign.wd1.myworkdayjobs.com/pleasantmanorhealthcareandrehabcareersite,wd1,1,34680651554,34680651554,34680651554
https://ensign.wd1.myworkdayjobs.com/pointemeadowscareersite,wd1,1,34678849986,34678849986,34678849986
https://ensign.wd1.myworkdayjobs.com/premiercarecentercareersite,wd1,1,34680651554,34680651554,34680651554
https://ensign.wd1.myworkdayjobs.com/providenceplacecarecareersite,wd1,1,34678849986,34678849986,34678849986
https://ensign.wd1.myworkdayjobs.com/risingadventurecareersite,wd1,2,"34678849986,34680651554",34678849986,34680651554
https://ensign.wd1.myworkdayjobs.com/riverbendpostacutecareersite,wd1,2,"34678849986,34680651554",34678849986,34680651554
https://ensign.wd1.myworkdayjobs.com/riversedgecareersite,wd1,1,34680651554,34680651554,34680651554
https://ensign.wd1.myworkdayjobs.com/rockcanyoncareersite,wd1,1,34678849986,34678849986,34678849986
https://ensign.wd1.myworkdayjobs.com/rockcreekofottawacareersite,wd1,1,34678849986,34678849986,34678849986
https://ensign.wd1.myworkdayjobs.com/rockhillcareersite,wd1,2,"34678849986,34680651554",34678849986,34680651554
https://ensign.wd1.myworkdayjobs.com/rowletthealthandrehabilitationcareersite,wd1,1,34678849986,34678849986,34678849986
https://ensign.wd1.myworkdayjobs.com/sanpedromanorcareersite,wd1,1,34680651554,34680651554,34680651554
https://ensign.wd1.myworkdayjobs.com/seacliffhealthcarecentercareersite,wd1,1,34680651554,34680651554,34680651554
https://ensign.wd1.myworkdayjobs.com/shorelinehealthandrehabcareersite,wd1,1,34680651554,34680651554,34680651554
https://ensign.wd1.myworkdayjobs.com/sloanslakecareersite,wd1,1,34678849986,34678849986,34678849986
https://ensign.wd1.myworkdayjobs.com/southmountaincareersite,wd1,1,34678849986,34678849986,34678849986
https://ensign.wd1.myworkdayjobs.com/stelizabethrehabcareersite,wd1,1,34680651554,34680651554,34680651554
https://ensign.wd1.myworkdayjobs.com/stjosephvillacareersite,wd1,1,34680651554,34680651554,34680651554
https://ensign.wd1.myworkdayjobs.com/thecovelajollacareersite,wd1,1,34678849986,34678849986,34678849986
https://ensign.wd1.myworkdayjobs.com/theedenoflascolinascareersite,wd1,1,34678849986,34678849986,34678849986
https://ensign.wd1.myworkdayjobs.com/thegarrisoncareersite,wd1,1,34680651554,34680651554,34680651554
https://ensign.wd1.myworkdayjobs.com/thehealthcarecenteratpatriotheightscareersite,wd1,1,34678849986,34678849986,34678849986
https://ensign.wd1.myworkdayjobs.com/thehealthcareresortofkansascitycareersite,wd1,1,34680651554,34680651554,34680651554
https://ensign.wd1.myworkdayjobs.com/thehealthcareresortofolathecareersite,wd1,1,34678849986,34678849986,34678849986
https://ensign.wd1.myworkdayjobs.com/thehealthcareresortoftopekacareersite,wd1,1,34678849986,34678849986,34678849986
https://ensign.wd1.myworkdayjobs.com/thehealthcenteratresearchparkcareersite,wd1,1,34678849986,34678849986,34678849986
https://ensign.wd1.myworkdayjobs.com/themedicallodgeofamarillocareersite,wd1,1,34680651554,34680651554,34680651554
https://ensign.wd1.myworkdayjobs.com/trucarelivingcenterscolumbuscareersite,wd1,1,34680651554,34680651554,34680651554
https://ensign.wd1.myworkdayjobs.com/turlockcareersite,wd1,1,34678849986,34678849986,34678849986
https://ensign.wd1.myworkdayjobs.com/verandarehabcareersite,wd1,1,34680651554,34680651554,34680651554
https://ensign.wd1.myworkdayjobs.com/victoriapostacutecareersite,wd1,1,34676823343,34676823343,34676823343
https://ensign.wd1.myworkdayjobs.com/villamariarecoverycareersite,wd1,1,34678849986,34678849986,34678849986
https://ensign.wd1.myworkdayjobs.com/vintagefairecareersite,wd1,2,"34678849986,34680651554",34678849986,34680651554
https://ensign.wd1.myworkdayjobs.com/vistaknollcareersite,wd1,1,34680651554,34680651554,34680651554
https://ensign.wd1.myworkdayjobs.com/wellingtonrehabcareersite,wd1,1,34678849986,34678849986,34678849986
https://ensign.wd1.myworkdayjobs.com/westbendcareersite,wd1,1,34676823343,34676823343,34676823343
https://ensign.wd1.myworkdayjobs.com/westoverhillsrehabilitationandhealthcarecentercareersite,wd1,1,34680651554,34680651554,34680651554
https://ensign.wd1.myworkdayjobs.com/westparkrehabandlivingcareersite,wd1,1,34678849986,34678849986,34678849986
https://ensign.wd1.myworkdayjobs.com/willowbendcareersite,wd1,1,34678849986,34678849986,34678849986
https://ensign.wd1.myworkdayjobs.com/wisteriaplacelivingcareersite,wd1,1,34678849986,34678849986,34678849986
https://ensigninfosecurity.wd3.myworkdayjobs.com/ensign_careers,wd3,1,34678849986,34678849986,34678849986
https://entegris.wd1.myworkdayjobs.com/EntegrisCareers,wd1,2,"34678849986,34680651554",34678849986,34680651554
https://enterprisecommunity.wd5.myworkdayjobs.com/EnterpriseCareers,wd5,1,34678849986,34678849986,34678849986
https://enterprisecommunity.wd5.myworkdayjobs.com/RecruitingCampaigns,wd5,1,34678849986,34678849986,34678849986
https://entrust.wd1.myworkdayjobs.com/EntrustCareers,wd1,2,"34678849986,34680651554",34678849986,34680651554
https://envista.wd1.myworkdayjobs.com/envistacareers,wd1,2,"34678849986,34680651554",34678849986,34680651554
https://eosenergystorage.wd1.myworkdayjobs.com/EoS,wd1,2,"34678849986,34680651554",34678849986,34680651554
https://eosgroup.wd3.myworkdayjobs.com/eos,wd3,1,34678849986,34678849986,34678849986
https://epicorsoftware.wd5.myworkdayjobs.com/epicorjobs,wd5,1,34678849986,34678849986,34678849986
https://equifax.wd5.myworkdayjobs.com/external,wd5,2,"34678849986,34680651554",34678849986,34680651554
https://equinix.wd1.myworkdayjobs.com/Align_Technical_Resources,wd1,1,34678849986,34678849986,34678849986
https://equinix.wd1.myworkdayjobs.com/Annapurna_HR,wd1,1,34678849986,34678849986,34678849986
https://equinix.wd1.myworkdayjobs.com/Bradley-Morris_LLC_dba_Bradley-Morris_Inc,wd1,1,34680651554,34680651554,34680651554
https://equinix.wd1.myworkdayjobs.com/Career_Design_Center,wd1,1,34676823343,34676823343,34676823343
https://equinix.wd1.myworkdayjobs.com/Careertrotter,wd1,2,"34678849986,34680651554",34678849986,34680651554
https://equinix.wd1.myworkdayjobs.com/Clifford_Baines,wd1,1,34678849986,34678849986,34678849986
https://equinix.wd1.myworkdayjobs.com/DaijobGlobalRecruiting,wd1,1,34678849986,34678849986,34678849986
https://equinix.wd1.myworkdayjobs.com/Datacenterpeople_Ltd,wd1,1,34678849986,34678849986,34678849986
https://equinix.wd1.myworkdayjobs.com/HaysSpecialistRecruitmentJapan,wd1,1,34678849986,34678849986,34678849986
https://equinix.wd1.myworkdayjobs.com/Intelligence,wd1,2,"34678849986,34680651554",34678849986,34680651554
https://equinix.wd1.myworkdayjobs.com/PMA_Recruitment,wd1,1,34680651554,34680651554,34680651554
https://equinix.wd1.myworkdayjobs.com/Pro-Unlimited,wd1,1,34680651554,34680651554,34680651554
https://equinix.wd1.myworkdayjobs.com/Recruit_Career,wd1,1,34678849986,34678849986,34678849986
https://equinix.wd1.myworkdayjobs.com/Recruit_Plus,wd1,1,34676823343,34676823343,34676823343
https://equinix.wd1.myworkdayjobs.com/Robert_Walters_Pty_Ltd,wd1,1,34678849986,34678849986,34678849986
https://equinix.wd1.myworkdayjobs.com/en_japan_inc,wd1,1,34680651554,34680651554,34680651554
https://equinix.wd1.myworkdayjobs.com/enworld_Co_Ltd,wd1,1,34678849986,34678849986,34678849986
https://equinix.wd1.myworkdayjobs.com/external,wd1,2,"34678849986,34680651554",34678849986,34680651554
https://ercot.wd1.myworkdayjobs.com/ercot_careers,wd1,2,"34678849986,34680651554",34678849986,34680651554
https://erm.wd3.myworkdayjobs.com/ERM_Careers,wd3,2,"34673097104,34678849986",34673097104,34678849986
https://erm.wd3.myworkdayjobs.com/ERM_ExperiencedProfessionals,wd3,1,34678849986,34678849986,34678849986
https://esab.wd5.myworkdayjobs.com/esabcareers,wd5,2,"34678849986,34680651554",34678849986,34680651554
https://eset.wd3.myworkdayjobs.com/eset_external,wd3,1,34678849986,34678849986,34678849986
https://essity.wd3.myworkdayjobs.com/go_grad_job_opportunities,wd3,1,34678849986,34678849986,34678849986
https://etsy.wd5.myworkdayjobs.com/Depop_Careers,wd5,1,34678849986,34678849986,34678849986
https://etsy.wd5.myworkdayjobs.com/Etsy_Careers,wd5,1,34678849986,34678849986,34678849986
https://europeantour.wd3.myworkdayjobs.com/europeantourgroup,wd3,1,34676823343,34676823343,34676823343
https://eventimgroup.wd3.myworkdayjobs.com/kess-berlin,wd3,1,34678849986,34678849986,34678849986
https://everestre.wd5.myworkdayjobs.com/careers,wd5,1,34680651554,34680651554,34680651554
https://evergreenix.wd1.myworkdayjobs.com/Cleared-External-Career-Site,wd1,1,34678849986,34678849986,34678849986
https://evergreenix.wd1.myworkdayjobs.com/external-careers2,wd1,2,"34678849986,34680651554",34678849986,34680651554
https://eversource.wd1.myworkdayjobs.com/BICCSpring2023,wd1,2,"34678849986,34680651554",34678849986,34680651554
https://eversource.wd1.myworkdayjobs.com/Eversource_Confidential,wd1,1,34680651554,34680651554,34680651554
https://eversource.wd1.myworkdayjobs.com/externalsite,wd1,2,"34678849986,34680651554",34678849986,34680651554
https://evertonfc.wd3.myworkdayjobs.com/Everton-Careers,wd3,1,34678849986,34678849986,34678849986
https://everythingbutwater.wd5.myworkdayjobs.com/External,wd5,1,34678849986,34678849986,34678849986
https://evolent.wd1.myworkdayjobs.com/External,wd1,1,34680651554,34680651554,34680651554
https://evolito.wd3.myworkdayjobs.com/Evolito_Career_Site,wd3,1,34678849986,34678849986,34678849986
https://evonik.wd3.myworkdayjobs.com/External_Careers,wd3,1,34678849986,34678849986,34678849986
https://evotecgroup.wd3.myworkdayjobs.com/Cyprotex_Career_Site,wd3,1,34678849986,34678849986,34678849986
https://evotecgroup.wd3.myworkdayjobs.com/LogicMelon_Career_Site,wd3,1,34676823343,34676823343,34676823343
https://evotecgroup.wd3.myworkdayjobs.com/just_bio_career_site,wd3,1,34678849986,34678849986,34678849986
https://exactcare.wd1.myworkdayjobs.com/AnewHealth_Career_Site,wd1,1,34680651554,34680651554,34680651554
https://exactsciences.wd1.myworkdayjobs.com/Exact_Sciences,wd1,2,"34678849986,34680651554",34678849986,34680651554
https://exelixis.wd1.myworkdayjobs.com/Exel,wd1,2,"34678849986,34680651554",34678849986,34680651554
https://faithtechnologies.wd1.myworkdayjobs.com/FTI,wd1,2,"34678849986,34680651554",34678849986,34680651554
https://faithtechnologies.wd1.myworkdayjobs.com/HiringEvent2,wd1,1,34678849986,34678849986,34678849986
https://faithtechnologies.wd1.myworkdayjobs.com/fti_electrician,wd1,1,34680651554,34680651554,34680651554
https://faithtechnologies.wd1.myworkdayjobs.com/fti_engineering,wd1,2,"34678849986,34680651554",34678849986,34680651554
https://faithtechnologies.wd1.myworkdayjobs.com/fti_office,wd1,2,"34678849986,34680651554",34678849986,34680651554
https://fanniemae.wd1.myworkdayjobs.com/FannieMaeCareers,wd1,2,"34678849986,34680651554",34678849986,34680651554
https://faro.wd1.myworkdayjobs.com/FARO,wd1,1,34680651554,34680651554,34680651554
https://fastretailing.wd3.myworkdayjobs.com/graduates_id_Uniqlo,wd3,1,34678849986,34678849986,34678849986
https://fastretailing.wd3.myworkdayjobs.com/graduates_my_Uniqlo,wd3,1,34678849986,34678849986,34678849986
https://fastretailing.wd3.myworkdayjobs.com/graduates_us_GU,wd3,1,34676823343,34676823343,34676823343
https://fastretailing.wd3.myworkdayjobs.com/graduates_us_uniqlo,wd3,1,34678849986,34678849986,34678849986
https://fastretailing.wd3.myworkdayjobs.com/headquarter_roles_au_uniqlo,wd3,1,34678849986,34678849986,34678849986
https://fastretailing.wd3.myworkdayjobs.com/headquarter_roles_bd_Uniqlo,wd3,1,34678849986,34678849986,34678849986
https://fastretailing.wd3.myworkdayjobs.com/headquarter_roles_tr_Uniqlo,wd3,1,34678849986,34678849986,34678849986
https://fastretailing.wd3.myworkdayjobs.com/headquarters_hkm_uniqlo,wd3,1,34678849986,34678849986,34678849986
https://fastretailing.wd3.myworkdayjobs.com/headquarters_ru_uniqlo,wd3,1,34676823343,34676823343,34676823343
https://fastretailing.wd3.myworkdayjobs.com/retail_us_Uniqlo,wd3,1,34678849986,34678849986,34678849986
https://fastretailing.wd3.myworkdayjobs.com/store_staff_hk_theory,wd3,1,34678849986,34678849986,34678849986
https://fastretailing.wd3.myworkdayjobs.com/store_staff_sg_Uniqlo,wd3,1,34678849986,34678849986,34678849986
https://fastretailing.wd3.myworkdayjobs.com/store_staff_tw_GU,wd3,1,34678849986,34678849986,34678849986
https://fau.wd1.myworkdayjobs.com/FAU,wd1,1,34678849986,34678849986,34678849986
https://fbhs.wd5.myworkdayjobs.com/GPG_Careers,wd5,1,34678849986,34678849986,34678849986
https://fedex.wd1.myworkdayjobs.com/FTN_LAC_Cross_OpCo,wd1,1,34680651554,34680651554,34680651554
https://fedex.wd1.myworkdayjobs.com/FTN_LAC_External,wd1,2,"34678849986,34680651554",34678849986,34680651554
https://fedex.wd1.myworkdayjobs.com/FXC_Cross_OpCo,wd1,1,34678849986,34678849986,34678849986
https://fedex.wd1.myworkdayjobs.com/FXE-Canada_External_Career_Site,wd1,1,34678849986,34678849986,34678849986
https://fedex.wd1.myworkdayjobs.com/FXE-MEISA_Cross_OpCo,wd1,1,34678849986,34678849986,34678849986
https://fedex.wd1.myworkdayjobs.com/FXF-MEX_Cross_OpCo,wd1,1,34678849986,34678849986,34678849986
https://fedex.wd1.myworkdayjobs.com/fxe-eu_external,wd1,1,34680651554,34680651554,34680651554
https://fedex.wd1.myworkdayjobs.com/fxe_apac_external,wd1,1,34678849986,34678849986,34678849986
https://fedex.wd1.myworkdayjobs.com/fxf-mex-external,wd1,2,"34678849986,34680651554",34678849986,34680651554
https://fedex.wd1.myworkdayjobs.com/fxo_external,wd1,2,"34678849986,34680651554",34678849986,34680651554
https://fednav.wd3.myworkdayjobs.com/fednav_careers,wd3,1,34678849986,34678849986,34678849986
https://ferguson.wd1.myworkdayjobs.com/Amerock,wd1,1,34676823343,34676823343,34676823343
https://ferguson.wd1.myworkdayjobs.com/James_Martin_Signature_Vanities,wd1,1,34680651554,34680651554,34680651554
https://ferring.wd3.myworkdayjobs.com/ferring,wd3,1,34678849986,34678849986,34678849986
https://ferrovial.wd3.myworkdayjobs.com/Ferrovial_Career_Site,wd3,1,34678849986,34678849986,34678849986
https://ffive.wd5.myworkdayjobs.com/f5jobs,wd5,2,"34678849986,34680651554",34678849986,34680651554
https://ffres.wd1.myworkdayjobs.com/fairfieldcareers,wd1,1,34678849986,34678849986,34678849986
https://fhcsd.wd1.myworkdayjobs.com/vol,wd1,1,34676823343,34676823343,34676823343
https://fhi.wd1.myworkdayjobs.com/FHI_360_External_Career_Portal,wd1,1,34680651554,34680651554,34680651554
https://fhiworks.wd1.myworkdayjobs.com/FHISteelToeTalent,wd1,1,34678849986,34678849986,34678849986
https://fhiworks.wd1.myworkdayjobs.com/fhi-contingency,wd1,1,34680651554,34680651554,34680651554
https://fhlbi.wd1.myworkdayjobs.com/FHLBI_Careers,wd1,1,34676823343,34676823343,34676823343
https://fib.wd1.myworkdayjobs.com/FIBCareers,wd1,1,34676823343,34676823343,34676823343
https://fico.wd1.myworkdayjobs.com/External,wd1,2,"34678849986,34680651554",34678849986,34680651554
https://fielmann.wd3.myworkdayjobs.com/akustikerwerden,wd3,1,34678849986,34678849986,34678849986
https://fifththird.wd5.myworkdayjobs.com/53careers,wd5,2,"34678849986,34680651554",34678849986,34680651554
https://fil.wd3.myworkdayjobs.com/fidelitycanada,wd3,1,34678849986,34678849986,34678849986
https://fimc.wd1.myworkdayjobs.com/Fairway_Careers,wd1,1,34680651554,34680651554,34680651554
https://finastra.wd3.myworkdayjobs.com/FINC,wd3,1,34678849986,34678849986,34678849986
https://finastra.wd3.myworkdayjobs.com/Teciem,wd3,1,34678849986,34678849986,34678849986
https://firstadvantage.wd5.myworkdayjobs.com/FirstAdvantage,wd5,1,34678849986,34678849986,34678849986
https://firstam.wd1.myworkdayjobs.com/MotherLodeCareers,wd1,1,34678849986,34678849986,34678849986
https://firstam.wd1.myworkdayjobs.com/faicareers,wd1,2,"34678849986,34680651554",34678849986,34680651554
https://firstam.wd1.myworkdayjobs.com/fctcareers,wd1,2,"34678849986,34680651554",34678849986,34680651554
https://firstam.wd1.myworkdayjobs.com/firstamericancareers,wd1,2,"34678849986,34680651554",34678849986,34680651554
https://firstam.wd1.myworkdayjobs.com/fms-careers,wd1,1,34678849986,34678849986,34678849986
https://firstquality.wd5.myworkdayjobs.com/drydenfibrecanada,wd5,1,34676823343,34676823343,34676823343
https://firstquality.wd5.myworkdayjobs.com/fempro,wd5,2,"34676823343,34678849986",34676823343,34678849986
https://firstquality.wd5.myworkdayjobs.com/firstquality,wd5,2,"34678849986,34680651554",34678849986,34680651554
https://firstquantum.wd3.myworkdayjobs.com/First_Quantum_Careers,wd3,1,34678849986,34678849986,34678849986
https://firstrand.wd3.myworkdayjobs.com/UnbrandedExtCareers,wd3,1,34678849986,34678849986,34678849986
https://firststudent.wd1.myworkdayjobs.com/firststudent,wd1,1,34680651554,34680651554,34680651554
https://fis.wd5.myworkdayjobs.com/searchjobs,wd5,2,"34678849986,34680651554",34678849986,34680651554
https://fiserv.wd5.myworkdayjobs.com/NZ,wd5,2,"34676823343,34678849986",34676823343,34678849986
https://fiserv.wd5.myworkdayjobs.com/ext,wd5,2,"34678849986,34680651554",34678849986,34680651554
https://flender.wd3.myworkdayjobs.com/Flender_Global,wd3,1,34678849986,34678849986,34678849986
https://flextronics.wd1.myworkdayjobs.com/Careers,wd1,2,"34678849986,34680651554",34678849986,34680651554
https://flextronics.wd1.myworkdayjobs.com/Ukraine_Careers,wd1,1,34680651554,34680651554,34680651554
https://flextronics.wd1.myworkdayjobs.com/anord_mardix_careers,wd1,2,"34678849986,34680651554",34678849986,34680651554
https://flextronics.wd1.myworkdayjobs.com/crown_careers,wd1,2,"34678849986,34680651554",34678849986,34680651554
https://flir.wd1.myworkdayjobs.com/flircareers,wd1,2,"34678849986,34680651554",34678849986,34680651554
https://flowserve.wd1.myworkdayjobs.com/applied,wd1,2,"34678849986,34680651554",34678849986,34680651554
https://flpoly.wd1.myworkdayjobs.com/external-faculty,wd1,1,34680651554,34680651554,34680651554
https://flpoly.wd1.myworkdayjobs.com/external-student,wd1,1,34678849986,34678849986,34678849986
https://flsmidth.wd3.myworkdayjobs.com/FLS_Global,wd3,1,34678849986,34678849986,34678849986
https://flutterbe.wd3.myworkdayjobs.com/BFRomania_External,wd3,1,34678849986,34678849986,34678849986
https://flutterbe.wd3.myworkdayjobs.com/Blip_External,wd3,1,34678849986,34678849986,34678849986
https://flutterbe.wd3.myworkdayjobs.com/FlutterInt_External,wd3,1,34678849986,34678849986,34678849986
https://flvs.wd1.myworkdayjobs.com/FLVS_ghost,wd1,1,34676823343,34676823343,34676823343
https://flvs.wd1.myworkdayjobs.com/flvs_jobs,wd1,1,34676823343,34676823343,34676823343
https://flywheel.wd5.myworkdayjobs.com/Job_Duck_Careers,wd5,1,34678849986,34678849986,34678849986
https://fmr.wd1.myworkdayjobs.com/fidelitycareers,wd1,2,"34678849986,34680651554",34678849986,34680651554
https://fmr.wd1.myworkdayjobs.com/targeted,wd1,2,"34678849986,34680651554",34678849986,34680651554
https://fnz.wd3.myworkdayjobs.com/broadbean_external,wd3,1,34676823343,34676823343,34676823343
https://fnz.wd3.myworkdayjobs.com/fnz_careers,wd3,1,34678849986,34678849986,34678849986
https://forcepoint.wd1.myworkdayjobs.com/Cleared-External-Career-Site,wd1,2,"34676823343,34678849986",34676823343,34678849986
https://forcepoint.wd1.myworkdayjobs.com/engineering-external-careers1,wd1,1,34680651554,34680651554,34680651554
https://forcepoint.wd1.myworkdayjobs.com/external-careers,wd1,2,"34678849986,34680651554",34678849986,34680651554
https://forcepoint.wd1.myworkdayjobs.com/sales-external-careers-1,wd1,1,34680651554,34680651554,34680651554
https://foresters.wd3.myworkdayjobs.com/forestersfinancialcareers,wd3,1,34678849986,34678849986,34678849986
https://formfactor.wd1.myworkdayjobs.com/FFI-Careers,wd1,2,"34678849986,34680651554",34678849986,34680651554
https://fortbendcountytx.wd5.myworkdayjobs.com/Election-Worker-Sign-Up,wd5,1,34676823343,34676823343,34676823343
https://fortrea.wd1.myworkdayjobs.com/Fortrea,wd1,2,"34678849986,34680651554",34678849986,34680651554
https://foundationccc.wd1.myworkdayjobs.com/career-catalyst,wd1,1,34680651554,34680651554,34680651554
https://fourseasons.wd3.myworkdayjobs.com/search,wd3,1,34678849986,34678849986,34678849986
https://fox.wd1.myworkdayjobs.com/Domestic,wd1,2,"34678849986,34680651554",34678849986,34680651554
https://foxfactory.wd1.myworkdayjobs.com/FOX,wd1,1,34680651554,34680651554,34680651554
https://foxrehab.wd1.myworkdayjobs.com/Student,wd1,1,34678849986,34678849986,34678849986
https://fractal.wd1.myworkdayjobs.com/careers,wd1,2,"34678849986,34680651554",34678849986,34680651554
https://francescas.wd1.myworkdayjobs.com/distribution_center_opportunities,wd1,1,34680651554,34680651554,34680651554
https://francescas.wd1.myworkdayjobs.com/home_office_opportunities,wd1,1,34680651554,34680651554,34680651554
https://franciscanalliance.wd5.myworkdayjobs.com/fa_external_career_site,wd5,1,34680651554,34680651554,34680651554
https://franklintempleton.wd5.myworkdayjobs.com/Primary-External-1,wd5,2,"34678849986,34680651554",34678849986,34680651554
https://freddiemac.wd5.myworkdayjobs.com/external,wd5,2,"34678849986,34680651554",34678849986,34680651554
https://freemanhealth.wd1.myworkdayjobs.com/jointeamfreeman,wd1,2,"34678849986,34680651554",34678849986,34680651554
https://freemanhealth.wd1.myworkdayjobs.com/ozarkcenterscareers,wd1,1,34678849986,34678849986,34678849986
https://freese.wd1.myworkdayjobs.com/freese_nichols_external,wd1,2,"34678849986,34680651554",34678849986,34680651554
https://freseniusglobal.wd3.myworkdayjobs.com/FK_CH_Careers,wd3,1,34678849986,34678849986,34678849986
https://freseniusglobal.wd3.myworkdayjobs.com/FK_Careers,wd3,1,34678849986,34678849986,34678849986
https://freseniusglobal.wd3.myworkdayjobs.com/FK_Careers_DE,wd3,1,34678849986,34678849986,34678849986
https://freseniusglobal.wd3.myworkdayjobs.com/LinkedIn,wd3,1,34678849986,34678849986,34678849986
https://freseniusglobal.wd3.myworkdayjobs.com/Stepstone,wd3,1,34676823343,34676823343,34676823343
https://freudenberg.wd3.myworkdayjobs.com/freudenberg-group,wd3,1,34678849986,34678849986,34678849986
https://frgi.wd1.myworkdayjobs.com/PolloTropical,wd1,1,34676823343,34676823343,34676823343
https://fronius.wd3.myworkdayjobs.com/Job_Board,wd3,1,34678849986,34678849986,34678849986
https://frontiereconomics.wd3.myworkdayjobs.com/Frontier_Economics_Careers,wd3,1,34676823343,34676823343,34676823343
https://frostbank.wd5.myworkdayjobs.com/external,wd5,2,"34678849986,34680651554",34678849986,34680651554
https://fsra.wd3.myworkdayjobs.com/FSRA_Careers,wd3,1,34676823343,34676823343,34676823343
https://fugro.wd3.myworkdayjobs.com/careers,wd3,1,34678849986,34678849986,34678849986
https://fujifilm.wd3.myworkdayjobs.com/Regional_External_Career,wd3,1,34678849986,34678849986,34678849986
https://fullsail.wd1.myworkdayjobs.com/External,wd1,1,34678849986,34678849986,34678849986
https://fusion.wd5.myworkdayjobs.com/Fusion,wd5,1,34678849986,34678849986,34678849986
https://fwd.wd3.myworkdayjobs.com/FWDcareersite,wd3,1,34678849986,34678849986,34678849986
https://gable.wd3.myworkdayjobs.com/Careers,wd3,1,34678849986,34678849986,34678849986
https://gadventures.wd3.myworkdayjobs.com/gadventures,wd3,1,34678849986,34678849986,34678849986
https://gafsgi.wd5.myworkdayjobs.com/GAF_Careers,wd5,2,"34678849986,34680651554",34678849986,34680651554
https://gafsgi.wd5.myworkdayjobs.com/siplast_careers,wd5,2,"34678849986,34680651554",34678849986,34680651554
https://gaig.wd1.myworkdayjobs.com/GAIG_External,wd1,2,"34678849986,34680651554",34678849986,34680651554
https://gaig.wd1.myworkdayjobs.com/national_interstate_external,wd1,1,34678849986,34678849986,34678849986
https://galderma.wd3.myworkdayjobs.com/external,wd3,1,34678849986,34678849986,34678849986
https://galileo.wd3.myworkdayjobs.com/cifacom-alternance,wd3,2,"34676823343,34678849986",34676823343,34678849986
https://galileo.wd3.myworkdayjobs.com/elije-alternance,wd3,1,34678849986,34678849986,34678849986
https://galileo.wd3.myworkdayjobs.com/esg-alternance,wd3,1,34678849986,34678849986,34678849986
https://galileo.wd3.myworkdayjobs.com/esg-finance-alternance,wd3,1,34678849986,34678849986,34678849986
https://galileo.wd3.myworkdayjobs.com/esg-sport-alternance,wd3,1,34678849986,34678849986,34678849986
https://galileo.wd3.myworkdayjobs.com/esg-tourisme-alternance,wd3,1,34678849986,34678849986,34678849986
https://galileo.wd3.myworkdayjobs.com/european_university_cyprus_career_site,wd3,1,34678849986,34678849986,34678849986
https://galileo.wd3.myworkdayjobs.com/global_education_germany_career_site,wd3,1,34678849986,34678849986,34678849986
https://galileo.wd3.myworkdayjobs.com/hetic-alternance,wd3,1,34678849986,34678849986,34678849986
https://galileo.wd3.myworkdayjobs.com/hub_career_site,wd3,1,34678849986,34678849986,34678849986
https://galileo.wd3.myworkdayjobs.com/macromedia_university_career_site,wd3,1,34678849986,34678849986,34678849986
https://galileo.wd3.myworkdayjobs.com/multivix_brazil_careersite,wd3,1,34678849986,34678849986,34678849986
https://galileo.wd3.myworkdayjobs.com/pfh_career_site,wd3,1,34676823343,34676823343,34676823343
https://galileo.wd3.myworkdayjobs.com/regents_university_london_careersite,wd3,1,34678849986,34678849986,34678849986
https://gandwukeurope.wd3.myworkdayjobs.com/pentalver,wd3,1,34676823343,34676823343,34676823343
https://garlandtx.wd1.myworkdayjobs.com/Garlandcareers,wd1,1,34680651554,34680651554,34680651554
https://gartner.wd5.myworkdayjobs.com/ext,wd5,2,"34678849986,34680651554",34678849986,34680651554
https://gategroup.wd3.myworkdayjobs.com/GateGroup_External_Careers,wd3,1,34678849986,34678849986,34678849986
https://gatesfoundation.wd1.myworkdayjobs.com/Gates?source=gatesfoundation.org,wd1,1,34680651554,34680651554,34680651554
https://gbmc.wd1.myworkdayjobs.com/gilchristinova,wd1,2,"34676823343,34680651554",34676823343,34680651554
https://gcaa.wd3.myworkdayjobs.com/Colinta_Career_Site,wd3,1,34678849986,34678849986,34678849986
https://gcu.wd1.myworkdayjobs.com/GCE,wd1,2,"34678849986,34680651554",34678849986,34680651554
https://gcu.wd1.myworkdayjobs.com/GCU,wd1,1,34680651554,34680651554,34680651554
https://gcu.wd1.myworkdayjobs.com/GCUC,wd1,2,"34678849986,34680651554",34678849986,34680651554
https://gcu.wd1.myworkdayjobs.com/GCUV,wd1,1,34680651554,34680651554,34680651554
https://gcu.wd1.myworkdayjobs.com/Orbis,wd1,2,"34678849986,34680651554",34678849986,34680651554
https://gdit.wd5.myworkdayjobs.com/External_Career_Site,wd5,2,"34678849986,34680651554",34678849986,34680651554
https://gdit.wd5.myworkdayjobs.com/skillbridge,wd5,1,34680651554,34680651554,34680651554
https://gea.wd3.myworkdayjobs.com/GEACareers,wd3,1,34678849986,34678849986,34678849986
https://geaerospace.wd5.myworkdayjobs.com/GE_ExternalSite,wd5,2,"34678849986,34680651554",34678849986,34680651554
https://gearbox.wd1.myworkdayjobs.com/GEC,wd1,1,34676823343,34676823343,34676823343
https://gehc.wd5.myworkdayjobs.com/GEHC_ExternalSite,wd5,2,"34678849986,34680651554",34678849986,34680651554
https://geico.wd1.myworkdayjobs.com/External,wd1,2,"34678849986,34680651554",34678849986,34680651554
https://geisinger.wd5.myworkdayjobs.com/CCHCExternal,wd5,1,34676823343,34676823343,34676823343
https://geisinger.wd5.myworkdayjobs.com/GeisingerVolunteer,wd5,1,34678849986,34678849986,34678849986
https://gellerco.wd1.myworkdayjobs.com/gellercareers,wd1,1,34678849986,34678849986,34678849986
https://generac.wd5.myworkdayjobs.com/External,wd5,2,"34678849986,34680651554",34678849986,34680651554
https://generac.wd5.myworkdayjobs.com/ExternalCareers,wd5,1,34678849986,34678849986,34678849986
https://generalmotors.wd5.myworkdayjobs.com/Careers_GM,wd5,2,"34678849986,34680651554",34678849986,34680651554
https://generalmotors.wd5.myworkdayjobs.com/Careers_GM_Private,wd5,1,34678849986,34678849986,34678849986
https://genesishcs.wd1.myworkdayjobs.com/GenesisHCS,wd1,1,34678849986,34678849986,34678849986
https://genesys.wd1.myworkdayjobs.com/Genesys,wd1,2,"34678849986,34680651554",34678849986,34680651554
https://genmills.wd1.myworkdayjobs.com/GMI_External_Careers,wd1,2,"34678849986,34680651554",34678849986,34680651554
https://genpt.wd1.myworkdayjobs.com/Careers,wd1,2,"34678849986,34680651554",34678849986,34680651554
https://gensler.wd1.myworkdayjobs.com/genslercareers,wd1,1,34678849986,34678849986,34678849986
https://gentex.wd5.myworkdayjobs.com/Gentex,wd5,2,"34676823343,34678849986",34676823343,34678849986
https://gentex.wd5.myworkdayjobs.com/MilitaryFF,wd5,1,34678849986,34678849986,34678849986
https://georgetown.wd1.myworkdayjobs.com/georgetown_qatar_careers,wd1,2,"34676823343,34678849986",34676823343,34678849986
https://gevernova.wd5.myworkdayjobs.com/Only_Confidential_Executive_Recruiting,wd5,2,"34678849986,34680651554",34678849986,34680651554
https://gevernova.wd5.myworkdayjobs.com/Vernova_ExternalSite,wd5,2,"34678849986,34680651554",34678849986,34680651554
https://gfs.wd5.myworkdayjobs.com/freshstartfoods,wd5,1,34676823343,34676823343,34676823343
https://gfs.wd5.myworkdayjobs.com/usjobs-gen-gfs,wd5,1,34678849986,34678849986,34678849986
https://ghc.wd1.myworkdayjobs.com/Kaplan_Careers,wd1,1,34680651554,34680651554,34680651554
https://ghc.wd1.myworkdayjobs.com/ahn_careers,wd1,1,34678849986,34678849986,34678849986
https://ghc.wd1.myworkdayjobs.com/residential_careers,wd1,1,34678849986,34678849986,34678849986
https://ghr.wd1.myworkdayjobs.com/Lateral-US,wd1,2,"34678849986,34680651554",34678849986,34680651554
https://ghr.wd1.myworkdayjobs.com/lateral-apac,wd1,2,"34678849986,34680651554",34678849986,34680651554
https://ghr.wd1.myworkdayjobs.com/lateral-ba_continuum,wd1,2,"34678849986,34680651554",34678849986,34680651554
https://ghr.wd1.myworkdayjobs.com/lateral-canada,wd1,1,34680651554,34680651554,34680651554
https://ghr.wd1.myworkdayjobs.com/us-emplsv,wd1,2,"34678849986,34680651554",34678849986,34680651554
https://gi.wd1.myworkdayjobs.com/Global_Infrastructure,wd1,2,"34678849986,34680651554",34678849986,34680651554
https://gia.wd1.myworkdayjobs.com/GIA,wd1,1,34676823343,34676823343,34676823343
https://gia.wd1.myworkdayjobs.com/GIA-India,wd1,1,34676823343,34676823343,34676823343
https://gia.wd1.myworkdayjobs.com/GIAServices,wd1,2,"34678849986,34680651554",34678849986,34680651554
https://gilead.wd1.myworkdayjobs.com/gileadcareers,wd1,2,"34678849986,34680651554",34678849986,34680651554
https://giorgiglobal.wd3.myworkdayjobs.com/canpack,wd3,1,34678849986,34678849986,34678849986
https://globalfoundries.wd1.myworkdayjobs.com/external,wd1,2,"34678849986,34680651554",34678849986,34680651554
https://globalhr.wd5.myworkdayjobs.com/REC_RTX_Ext_Gateway,wd5,2,"34678849986,34680651554",34678849986,34680651554
https://globalhr.wd5.myworkdayjobs.com/private_posting_no_tmp,wd5,2,"34678849986,34680651554",34678849986,34680651554
https://globe.wd3.myworkdayjobs.com/GLB_Careers,wd3,1,34678849986,34678849986,34678849986
https://globe.wd3.myworkdayjobs.com/Mynt,wd3,1,34678849986,34678849986,34678849986
https://globusmedical.wd5.myworkdayjobs.com/GMED_Careers,wd5,2,"34678849986,34680651554",34678849986,34680651554
https://gn.wd3.myworkdayjobs.com/BeltoneIndependentlyOwned,wd3,1,34678849986,34678849986,34678849986
https://gn.wd3.myworkdayjobs.com/GN-Careers,wd3,1,34678849986,34678849986,34678849986
https://gnw.wd1.myworkdayjobs.com/CareScout,wd1,1,34678849986,34678849986,34678849986
https://gnw.wd1.myworkdayjobs.com/Enact_MI,wd1,1,34680651554,34680651554,34680651554
https://gnw.wd1.myworkdayjobs.com/GNW,wd1,2,"34678849986,34680651554",34678849986,34680651554
https://gnw.wd1.myworkdayjobs.com/Genworth_Confidential,wd1,1,34680651554,34680651554,34680651554
https://godirect.wd5.myworkdayjobs.com/voya_jobs,wd5,2,"34678849986,34680651554",34678849986,34680651554
https://goldbeck.wd103.myworkdayjobs.com/goldbeck-jobs,wd103,1,34680651554,34680651554,34680651554
https://goldenagri.wd3.myworkdayjobs.com/SMART_InternationalCareers,wd3,1,34676823343,34676823343,34676823343
https://goldentree.wd5.myworkdayjobs.com/GoldenTree,wd5,1,34678849986,34678849986,34678849986
https://goodlifefitness.wd3.myworkdayjobs.com/Careers,wd3,2,"34676823343,34678849986",34676823343,34678849986
https://goodrx.wd1.myworkdayjobs.com/RecruiterNetwork,wd1,1,34676823343,34676823343,34676823343
https://goodwillaz.wd1.myworkdayjobs.com/GoodwillAZ,wd1,3,"34676823343,34678849986,34680651554",34676823343,34680651554
https://goodwillaz.wd1.myworkdayjobs.com/GoodwillExcelCenter,wd1,1,34680651554,34680651554,34680651554
https://goodwinprocter.wd5.myworkdayjobs.com/external_careers,wd5,1,34678849986,34678849986,34678849986
https://goodyear.wd1.myworkdayjobs.com/GoodyearCareers,wd1,1,34678849986,34678849986,34678849986
https://goto.wd5.myworkdayjobs.com/GoToCareers,wd5,1,34678849986,34678849986,34678849986
https://gphealth.wd5.myworkdayjobs.com/gph,wd5,1,34676823343,34676823343,34676823343
https://grab.wd3.myworkdayjobs.com/careers,wd3,1,34676823343,34676823343,34676823343
https://granite.wd1.myworkdayjobs.com/careers,wd1,2,"34678849986,34680651554",34678849986,34680651554
https://graybar.wd1.myworkdayjobs.com/American_Careers,wd1,1,34680651554,34680651554,34680651554
https://graybar.wd1.myworkdayjobs.com/Connexion_Careers,wd1,1,34678849986,34678849986,34678849986
https://graybar.wd1.myworkdayjobs.com/cape_careers,wd1,1,34678849986,34678849986,34678849986
https://greendotcorp.wd1.myworkdayjobs.com/GDC,wd1,2,"34678849986,34680651554",34678849986,34680651554
https://greenheckgroup.wd5.myworkdayjobs.com/External,wd5,2,"34678849986,34680651554",34678849986,34680651554
https://greif.wd5.myworkdayjobs.com/Greif,wd5,2,"34678849986,34680651554",34678849986,34680651554
https://greystar.wd1.myworkdayjobs.com/colrich,wd1,1,34676823343,34676823343,34676823343
https://greystar.wd1.myworkdayjobs.com/confidentialexternal,wd1,1,34678849986,34678849986,34678849986
https://groendyke.wd5.myworkdayjobs.com/GTI,wd5,1,34678849986,34678849986,34678849986
https://groundworks.wd1.myworkdayjobs.com/A1,wd1,1,34678849986,34678849986,34678849986
https://groundworks.wd1.myworkdayjobs.com/alpha,wd1,1,34680651554,34680651554,34680651554
https://groundworks.wd1.myworkdayjobs.com/bakers,wd1,1,34680651554,34680651554,34680651554
https://groundworks.wd1.myworkdayjobs.com/frscareers,wd1,1,34678849986,34678849986,34678849986
https://groupon.wd5.myworkdayjobs.com/jobs,wd5,2,"34676823343,34678849986",34676823343,34678849986
https://grupopenaverde.wd3.myworkdayjobs.com/GPVOportunidades,wd3,1,34678849986,34678849986,34678849986
https://gsk.wd5.myworkdayjobs.com/gskcareers,wd5,2,"34678849986,34680651554",34678849986,34680651554
https://gsknch.wd3.myworkdayjobs.com/GSKCareers,wd3,1,34678849986,34678849986,34678849986
https://guardianlife.wd5.myworkdayjobs.com/Guardian-Life-Careers,wd5,2,"34678849986,34680651554",34678849986,34680651554
https://guardianpharmacy.wd5.myworkdayjobs.com/Guardian_Pharmacy,wd5,2,"34676823343,34680651554",34676823343,34680651554
https://guestservices.wd5.myworkdayjobs.com/GSI,wd5,1,34678849986,34678849986,34678849986
https://guestservices.wd5.myworkdayjobs.com/MTR,wd5,1,34678849986,34678849986,34678849986
https://guggenheim.wd1.myworkdayjobs.com/guggenheim_careers_campus,wd1,1,34676823343,34676823343,34676823343
https://guggenheim.wd1.myworkdayjobs.com/guggenheim_partners,wd1,1,34678849986,34678849986,34678849986
https://guidehouse.wd1.myworkdayjobs.com/External,wd1,2,"34678849986,34680651554",34678849986,34680651554
https://guidewire.wd5.myworkdayjobs.com/external,wd5,2,"34678849986,34680651554",34678849986,34680651554
https://guillevin.wd3.myworkdayjobs.com/bss,wd3,2,"34676823343,34678849986",34676823343,34678849986
https://guillevin.wd3.myworkdayjobs.com/choice,wd3,1,34676823343,34676823343,34676823343
https://gunder.wd5.myworkdayjobs.com/GunderPrivate,wd5,1,34678849986,34678849986,34678849986
https://gxs.wd3.myworkdayjobs.com/GXB_Scholarship_Impian_Gigih_Biasiswa,wd3,1,34678849986,34678849986,34678849986
https://gxs.wd3.myworkdayjobs.com/gx_bank,wd3,1,34678849986,34678849986,34678849986
https://gxs.wd3.myworkdayjobs.com/gxs,wd3,1,34678849986,34678849986,34678849986
https://haemonetics.wd5.myworkdayjobs.com/HAE,wd5,1,34678849986,34678849986,34678849986
https://hagerty.wd5.myworkdayjobs.com/hagerty,wd5,1,34678849986,34678849986,34678849986
https://haier.wd3.myworkdayjobs.com/GEAppliances_Campus_Careers,wd3,1,34678849986,34678849986,34678849986
https://haier.wd3.myworkdayjobs.com/GE_Appliances,wd3,1,34678849986,34678849986,34678849986
https://haier.wd3.myworkdayjobs.com/HaierEurope_Professional_Careers,wd3,1,34678849986,34678849986,34678849986
https://haier.wd3.myworkdayjobs.com/Haier_Europe_UKI_Careers,wd3,1,34678849986,34678849986,34678849986
https://halma.wd3.myworkdayjobs.com/Halma,wd3,1,34678849986,34678849986,34678849986
https://hamline.wd5.myworkdayjobs.com/faculty_career_site,wd5,1,34678849986,34678849986,34678849986
https://hanoverresearch.wd5.myworkdayjobs.com/HanoverResearch,wd5,1,34678849986,34678849986,34678849986
https://harbourvest.wd5.myworkdayjobs.com/HVP,wd5,2,"34678849986,34680651554",34678849986,34680651554
https://harman.wd3.myworkdayjobs.com/harman,wd3,1,34678849986,34678849986,34678849986
https://harriscomputer.wd3.myworkdayjobs.com/1,wd3,1,34678849986,34678849986,34678849986
https://harriscomputer.wd3.myworkdayjobs.com/Altera,wd3,1,34678849986,34678849986,34678849986
https://harriscomputer.wd3.myworkdayjobs.com/HAG,wd3,1,34678849986,34678849986,34678849986
https://harriscomputer.wd3.myworkdayjobs.com/PG,wd3,1,34678849986,34678849986,34678849986
https://harriscomputer.wd3.myworkdayjobs.com/acceo,wd3,2,"34676823343,34678849986",34676823343,34678849986
https://harriscomputer.wd3.myworkdayjobs.com/amazingcharts,wd3,1,34678849986,34678849986,34678849986
https://harriscomputer.wd3.myworkdayjobs.com/cayenta,wd3,1,34676823343,34676823343,34676823343
https://harriscomputer.wd3.myworkdayjobs.com/gbs,wd3,1,34678849986,34678849986,34678849986
https://harriscomputer.wd3.myworkdayjobs.com/gtechna,wd3,1,34676823343,34676823343,34676823343
https://harriscomputer.wd3.myworkdayjobs.com/htn,wd3,1,34678849986,34678849986,34678849986
https://harriscomputer.wd3.myworkdayjobs.com/imdsoft,wd3,2,"34676823343,34678849986",34676823343,34678849986
https://harrods.wd3.myworkdayjobs.com/Concession_Worker_Site1,wd3,1,34676823343,34676823343,34676823343
https://hastingsdirect.wd3.myworkdayjobs.com/external_careers,wd3,1,34678849986,34678849986,34678849986
https://hastingsdirect.wd3.myworkdayjobs.com/linkedin,wd3,1,34678849986,34678849986,34678849986
https://havas.wd3.myworkdayjobs.com/CreativeExternalCareerSite,wd3,1,34678849986,34678849986,34678849986
https://havas.wd3.myworkdayjobs.com/GroupExternalCareerSite,wd3,1,34678849986,34678849986,34678849986
https://haverford.wd1.myworkdayjobs.com/external,wd1,1,34680651554,34680651554,34680651554
https://hbfuller.wd1.myworkdayjobs.com/Careers,wd1,2,"34678849986,34680651554",34678849986,34680651554
https://hcmportal.wd5.myworkdayjobs.com/Search,wd5,2,"34678849986,34680651554",34678849986,34680651554
https://hcpss.wd1.myworkdayjobs.com/hcpss,wd1,1,34678849986,34678849986,34678849986
https://hcsc.wd1.myworkdayjobs.com/HCSC_External,wd1,1,34678849986,34678849986,34678849986
https://healthcare.wd1.myworkdayjobs.com/Search,wd1,2,"34678849986,34680651554",34678849986,34680651554
https://healthcatalyst.wd5.myworkdayjobs.com/healthcatalystcareers,wd5,1,34678849986,34678849986,34678849986
https://healthfirst.wd1.myworkdayjobs.com/healthfirst,wd1,1,34678849986,34678849986,34678849986
https://healthresearch.wd1.myworkdayjobs.com/HRI_Careers,wd1,2,"34678849986,34680651554",34678849986,34680651554
https://heartlandhomeservices.wd5.myworkdayjobs.com/A_Plus_Derr,wd5,1,34678849986,34678849986,34678849986
https://heartlandhomeservices.wd5.myworkdayjobs.com/HagerFox,wd5,1,34676823343,34676823343,34676823343
https://heartlandhomeservices.wd5.myworkdayjobs.com/NationalHeatingandAC,wd5,1,34676823343,34676823343,34676823343
https://heartlandhomeservices.wd5.myworkdayjobs.com/blindandsons,wd5,2,"34676823343,34678849986",34676823343,34678849986
https://heartlandhomeservices.wd5.myworkdayjobs.com/church,wd5,1,34678849986,34678849986,34678849986
https://heartlandhomeservices.wd5.myworkdayjobs.com/deljo,wd5,1,34676823343,34676823343,34676823343
https://heartlandhomeservices.wd5.myworkdayjobs.com/ksheating,wd5,1,34676823343,34676823343,34676823343
https://heartlandhomeservices.wd5.myworkdayjobs.com/patsheating,wd5,1,34678849986,34678849986,34678849986
https://heartlandhomeservices.wd5.myworkdayjobs.com/schaafsma,wd5,1,34676823343,34676823343,34676823343
https://hec.wd5.myworkdayjobs.com/Acquisitions,wd5,1,34676823343,34676823343,34676823343
https://hec.wd5.myworkdayjobs.com/HarvestCollegeRecruiting,wd5,1,34678849986,34678849986,34678849986
https://hec.wd5.myworkdayjobs.com/Harvest_Midstream,wd5,1,34680651554,34680651554,34680651554
https://hec.wd5.myworkdayjobs.com/Hilcorp,wd5,1,34676823343,34676823343,34676823343
https://hec.wd5.myworkdayjobs.com/bpacquisition,wd5,1,34680651554,34680651554,34680651554
https://heidelbergmaterials.wd3.myworkdayjobs.com/Global_HM_Career_Site,wd3,1,34678849986,34678849986,34678849986
https://heidelbergmaterials.wd3.myworkdayjobs.com/Hymix_Australia_Careers,wd3,1,34676823343,34676823343,34676823343
https://heidrick.wd1.myworkdayjobs.com/businesstalentgroup,wd1,1,34680651554,34680651554,34680651554
https://heinz.wd1.myworkdayjobs.com/kraftheinz_careers,wd1,2,"34678849986,34680651554",34678849986,34680651554
https://heinz.wd1.myworkdayjobs.com/kraftheinz_careers_bc,wd1,1,34678849986,34678849986,34678849986
https://hennypenny.wd1.myworkdayjobs.com/Confidential,wd1,1,34678849986,34678849986,34678849986
https://herbertsmithfreehills.wd3.myworkdayjobs.com/HBT_Careers_Site,wd3,1,34676823343,34676823343,34676823343
https://herbertsmithfreehills.wd3.myworkdayjobs.com/Prolegis_Careers_Site,wd3,1,34676823343,34676823343,34676823343
https://herbertsmithfreehills.wd3.myworkdayjobs.com/Team_Source,wd3,1,34678849986,34678849986,34678849986
https://hexcel.wd5.myworkdayjobs.com/HexcelCareers,wd5,2,"34678849986,34680651554",34678849986,34680651554
https://hilbgroup.wd5.myworkdayjobs.com/hg-careers,wd5,2,"34676823343,34678849986",34676823343,34678849986
https://hillenbrand.wd3.myworkdayjobs.com/Global,wd3,2,"34676823343,34678849986",34676823343,34678849986
https://hindscc.wd1.myworkdayjobs.com/HCCExternalCareersSite,wd1,1,34676823343,34676823343,34676823343
https://hiscox.wd3.myworkdayjobs.com/Hiscox_External_Site,wd3,1,34678849986,34678849986,34678849986
https://hitachi.wd1.myworkdayjobs.com/hitachi,wd1,2,"34678849986,34680651554",34678849986,34680651554
https://hkex.wd3.myworkdayjobs.com/HKEXCareerPage,wd3,1,34678849986,34678849986,34678849986
https://hklaw.wd1.myworkdayjobs.com/holland_knight,wd1,2,"34678849986,34680651554",34678849986,34680651554
https://hkm.wd3.myworkdayjobs.com/Hunkemoller_External_Career_Site,wd3,1,34676823343,34676823343,34676823343
https://hl.wd1.myworkdayjobs.com/Events,wd1,1,34678849986,34678849986,34678849986
https://hl.wd1.myworkdayjobs.com/corporate,wd1,1,34680651554,34680651554,34680651554
https://hntb.wd5.myworkdayjobs.com/hntb_careers,wd5,2,"34678849986,34680651554",34678849986,34680651554
https://hntb.wd5.myworkdayjobs.com/hntb_university_careers,wd5,2,"34678849986,34680651554",34678849986,34680651554
https://holmanautogroup.wd1.myworkdayjobs.com/AutoTruckCareers,wd1,1,34680651554,34680651554,34680651554
https://holmanautogroup.wd1.myworkdayjobs.com/HolmanPartsCareers,wd1,1,34678849986,34678849986,34678849986
https://homedepot.wd5.myworkdayjobs.com/CareerDepot,wd5,2,"34678849986,34680651554",34678849986,34680651554
https://homedepot.wd5.myworkdayjobs.com/CareerDepotCanada,wd5,2,"34678849986,34680651554",34678849986,34680651554
https://horizonmedia.wd1.myworkdayjobs.com/Intern,wd1,1,34680651554,34680651554,34680651554
https://hospicecom.wd5.myworkdayjobs.com/compassus,wd5,1,34676823343,34676823343,34676823343
https://hospicecom.wd5.myworkdayjobs.com/volunteer,wd5,1,34680651554,34680651554,34680651554
https://hosthotels.wd5.myworkdayjobs.com/hosthotels,wd5,1,34680651554,34680651554,34680651554
https://hotelbedsgroup.wd3.myworkdayjobs.com/Tourico,wd3,1,34678849986,34678849986,34678849986
https://hp.wd1.myworkdayjobs.com/ExternalCareerSite,wd1,2,"34678849986,34680651554",34678849986,34680651554
https://hp.wd5.myworkdayjobs.com/exteu-ac-careersite,wd5,2,"34678849986,34680651554",34678849986,34680651554
https://hpe.wd5.myworkdayjobs.com/ACJobSite,wd5,2,"34678849986,34680651554",34678849986,34680651554
https://hpe.wd5.myworkdayjobs.com/Jobsathpe,wd5,2,"34678849986,34680651554",34678849986,34680651554
https://hpe.wd5.myworkdayjobs.com/WFMathpe,wd5,2,"34678849986,34680651554",34678849986,34680651554
https://hrhub.wd3.myworkdayjobs.com/Euronext_Career_Page,wd3,1,34678849986,34678849986,34678849986
https://hrone.wd1.myworkdayjobs.com/Met_Express,wd1,1,34678849986,34678849986,34678849986
https://hrone.wd1.myworkdayjobs.com/Pam_Transport,wd1,2,"34678849986,34680651554",34678849986,34680651554
https://hrone.wd1.myworkdayjobs.com/ambassador_bridge_external,wd1,1,34680651554,34680651554,34680651554
https://hrone.wd1.myworkdayjobs.com/data_systems_services,wd1,1,34680651554,34680651554,34680651554
https://hrone.wd1.myworkdayjobs.com/detroit_aggregate,wd1,1,34680651554,34680651554,34680651554
https://hss.wd1.myworkdayjobs.com/HSS_Careers,wd1,1,34680651554,34680651554,34680651554
https://hubinternational.wd1.myworkdayjobs.com/HUBInternational,wd1,1,34678849986,34678849986,34678849986
https://hubinternational.wd1.myworkdayjobs.com/SPG,wd1,1,34678849986,34678849986,34678849986
https://hubinternational.wd1.myworkdayjobs.com/SPGC,wd1,1,34678849986,34678849986,34678849986
https://humana.wd5.myworkdayjobs.com/Humana_External_Career_Site,wd5,2,"34678849986,34680651554",34678849986,34680651554
https://humancapitalmanagement.wd3.myworkdayjobs.com/Prima-Networks-Careers,wd3,1,34678849986,34678849986,34678849986
https://hummingbird.wd1.myworkdayjobs.com/hummingbird,wd1,1,34678849986,34678849986,34678849986
https://huntingtonlibrary.wd1.myworkdayjobs.com/HuntingtonCareers,wd1,2,"34676823343,34680651554",34676823343,34680651554
https://huntsman.wd1.myworkdayjobs.com/huntsman,wd1,3,"34676823343,34678849986,34680651554",34676823343,34680651554
https://huron.wd1.myworkdayjobs.com/huroncareers,wd1,2,"34678849986,34680651554",34678849986,34680651554
https://husqvarnagroup.wd3.myworkdayjobs.com/External_Career_Site,wd3,1,34678849986,34678849986,34678849986
https://hydroottawa.wd3.myworkdayjobs.com/envari_ottawa_careersite,wd3,1,34678849986,34678849986,34678849986
https://hydroottawa.wd3.myworkdayjobs.com/student_careerssite,wd3,2,"34676823343,34678849986",34676823343,34678849986
https://hyperiongrp.wd3.myworkdayjobs.com/broadbean_external,wd3,1,34676823343,34676823343,34676823343
https://hyphensolutions.wd5.myworkdayjobs.com/hyphen_solutions,wd5,1,34678849986,34678849986,34678849986
https://hysteryale.wd1.myworkdayjobs.com/Hyster-YaleCareers,wd1,2,"34678849986,34680651554",34678849986,34680651554
https://hytt.wd5.myworkdayjobs.com/Highway_Transport,wd5,1,34676823343,34676823343,34676823343
https://iberdrola.wd3.myworkdayjobs.com/Iberdrola,wd3,1,34678849986,34678849986,34678849986
https://icf.wd5.myworkdayjobs.com/ICFExternal_Career_Site,wd5,2,"34678849986,34680651554",34678849986,34680651554
https://ich.wd1.myworkdayjobs.com/DocCafe,wd1,1,34676823343,34676823343,34676823343
https://ich.wd1.myworkdayjobs.com/ics_providers,wd1,1,34676823343,34676823343,34676823343
https://icon.wd3.myworkdayjobs.com/broadbean_external,wd3,1,34678849986,34678849986,34678849986
https://icwgroup.wd5.myworkdayjobs.com/ICW,wd5,1,34678849986,34678849986,34678849986
https://idahopowercompany.wd1.myworkdayjobs.com/external,wd1,1,34680651554,34680651554,34680651554
https://idexcorp.wd5.myworkdayjobs.com/IDEX_Careers,wd5,2,"34678849986,34680651554",34678849986,34680651554
https://idexcorp.wd5.myworkdayjobs.com/Richter,wd5,1,34676823343,34676823343,34676823343
https://idexcorp.wd5.myworkdayjobs.com/abel,wd5,1,34678849986,34678849986,34678849986
https://idexcorp.wd5.myworkdayjobs.com/iAmpPrivateJobPostings,wd5,1,34678849986,34678849986,34678849986
https://idexcorp.wd5.myworkdayjobs.com/idexuk,wd5,1,34678849986,34678849986,34678849986
https://idexcorp.wd5.myworkdayjobs.com/ipek,wd5,1,34678849986,34678849986,34678849986
https://idexcorp.wd5.myworkdayjobs.com/thinxxs,wd5,1,34678849986,34678849986,34678849986
https://ielfreight.wd1.myworkdayjobs.com/SunCityGroup,wd1,1,34678849986,34678849986,34678849986
https://ielfreight.wd1.myworkdayjobs.com/external,wd1,1,34678849986,34678849986,34678849986
https://iff.wd5.myworkdayjobs.com/iff_careers,wd5,2,"34678849986,34680651554",34678849986,34680651554
https://ifg.wd1.myworkdayjobs.com/KH,wd1,1,34676823343,34676823343,34676823343
https://igsenergy.wd1.myworkdayjobs.com/IGS,wd1,1,34680651554,34680651554,34680651554
https://ih.wd1.myworkdayjobs.com/iha_careers,wd1,2,"34678849986,34680651554",34678849986,34680651554
https://ih.wd1.myworkdayjobs.com/reliance_careers,wd1,1,34678849986,34678849986,34678849986
https://iheartmedia.wd5.myworkdayjobs.com/External_iHM,wd5,2,"34678849986,34680651554",34678849986,34680651554
https://iheartmedia.wd5.myworkdayjobs.com/ihm_parttime_site,wd5,1,34676823343,34676823343,34676823343
https://iheartmedia.wd5.myworkdayjobs.com/ihm_programming_operations_site,wd5,1,34678849986,34678849986,34678849986
https://iheartmedia.wd5.myworkdayjobs.com/ihm_technology_site,wd5,2,"34678849986,34680651554",34678849986,34680651554
https://iherb.wd5.myworkdayjobs.com/careers,wd5,1,34678849986,34678849986,34678849986
https://iko.wd3.myworkdayjobs.com/IKO_Careers,wd3,1,34678849986,34678849986,34678849986
https://iliad.wd3.myworkdayjobs.com/Iliad,wd3,2,"34676823343,34678849986",34676823343,34678849986
https://ilitch.wd5.myworkdayjobs.com/ilitch-holdings-inc,wd5,1,34680651554,34680651554,34680651554
https://ilitch.wd5.myworkdayjobs.com/ilitch-sports-entertainment,wd5,1,34676823343,34676823343,34676823343
https://illumina.wd1.myworkdayjobs.com/illumina-careers,wd1,2,"34678849986,34680651554",34678849986,34680651554
https://imcoinvest.wd3.myworkdayjobs.com/imco,wd3,1,34678849986,34678849986,34678849986
https://imeg.wd1.myworkdayjobs.com/imeg_careers,wd1,2,"34678849986,34680651554",34678849986,34680651554
https://imeg.wd1.myworkdayjobs.com/studio483,wd1,1,34678849986,34678849986,34678849986
https://imerys.wd3.myworkdayjobs.com/IMERYS-Careers,wd3,1,34678849986,34678849986,34678849986
https://imerys.wd3.myworkdayjobs.com/Imerys_Career2,wd3,1,34678849986,34678849986,34678849986
https://imf.wd5.myworkdayjobs.com/IMF,wd5,1,34676823343,34676823343,34676823343
https://inalfa.wd3.myworkdayjobs.com/InalfaCareers,wd3,1,34678849986,34678849986,34678849986
https://inarimedical.wd5.myworkdayjobs.com/inarimedical,wd5,1,34676823343,34676823343,34676823343
https://infobip.wd3.myworkdayjobs.com/InfobipCareers,wd3,1,34678849986,34678849986,34678849986
https://ing.wd3.myworkdayjobs.com/ICSGBLCOR,wd3,1,34678849986,34678849986,34678849986
https://ing.wd3.myworkdayjobs.com/jvsgblcor,wd3,1,34678849986,34678849986,34678849986
https://ingevity.wd1.myworkdayjobs.com/Ingevity,wd1,1,34680651554,34680651554,34680651554
https://ingrammicro.wd5.myworkdayjobs.com/IngramMicro,wd5,2,"34678849986,34680651554",34678849986,34680651554
https://ingredion.wd1.myworkdayjobs.com/IngredionCareers,wd1,2,"34678849986,34680651554",34678849986,34680651554
https://inizio.wd3.myworkdayjobs.com/Incisive_Health,wd3,2,"34676823343,34678849986",34676823343,34678849986
https://inlandimaging.wd5.myworkdayjobs.com/Navani_Careers,wd5,1,34676823343,34676823343,34676823343
https://innovateuk.wd3.myworkdayjobs.com/IUKKTN,wd3,1,34678849986,34678849986,34678849986
https://innovateuk.wd3.myworkdayjobs.com/innovateukcareers,wd3,1,34676823343,34676823343,34676823343
https://insbrk.wd5.myworkdayjobs.com/RSCareers,wd5,1,34678849986,34678849986,34678849986
https://inspirebrands.wd5.myworkdayjobs.com/ArbysExternal,wd5,1,34678849986,34678849986,34678849986
https://inspirebrands.wd5.myworkdayjobs.com/BR_External,wd5,1,34678849986,34678849986,34678849986
https://inspirebrands.wd5.myworkdayjobs.com/BWWExternal,wd5,1,34678849986,34678849986,34678849986
https://inspirebrands.wd5.myworkdayjobs.com/DD_BR_External,wd5,1,34678849986,34678849986,34678849986
https://inspirebrands.wd5.myworkdayjobs.com/InspireCareers,wd5,1,34678849986,34678849986,34678849986
https://insulet.wd5.myworkdayjobs.com/insuletcareers,wd5,2,"34678849986,34680651554",34678849986,34680651554
https://intactfc.wd3.myworkdayjobs.com/intactfc,wd3,1,34678849986,34678849986,34678849986
https://intapp.wd1.myworkdayjobs.com/intapp,wd1,2,"34678849986,34680651554",34678849986,34680651554
https://integer.wd1.myworkdayjobs.com/External,wd1,2,"34678849986,34680651554",34678849986,34680651554
https://integer.wd1.myworkdayjobs.com/broadbean_external,wd1,2,"34676823343,34678849986",34676823343,34678849986
https://integralads.wd1.myworkdayjobs.com/PublicaCareers,wd1,1,34678849986,34678849986,34678849986
https://integralads.wd1.myworkdayjobs.com/iascareers,wd1,1,34680651554,34680651554,34680651554
https://integralife.wd1.myworkdayjobs.com/Careers,wd1,2,"34678849986,34680651554",34678849986,34680651554
https://integritymarketing.wd1.myworkdayjobs.com/ashbrokerage,wd1,2,"34678849986,34680651554",34678849986,34680651554
https://integritymarketing.wd1.myworkdayjobs.com/lionstreet,wd1,2,"34678849986,34680651554",34678849986,34680651554
https://integritymarketing.wd1.myworkdayjobs.com/phpagency,wd1,1,34680651554,34680651554,34680651554
https://intel.wd1.myworkdayjobs.com/External,wd1,2,"34678849986,34680651554",34678849986,34680651554
https://intelcomgroup.wd3.myworkdayjobs.com/Intelcom,wd3,1,34678849986,34678849986,34678849986
https://intelliatx.wd1.myworkdayjobs.com/CampusRecruiting,wd1,2,"34678849986,34680651554",34678849986,34680651554
https://interac.wd3.myworkdayjobs.com/Interac,wd3,1,34678849986,34678849986,34678849986
https://interactions.wd1.myworkdayjobs.com/interactions,wd1,2,"34676823343,34678849986",34676823343,34678849986
https://interfacesystems.wd5.myworkdayjobs.com/InterfaceSystemsCareers,wd5,1,34678849986,34678849986,34678849986
https://interpublic.wd5.myworkdayjobs.com/OMC,wd5,2,"34678849986,34680651554",34678849986,34680651554
https://intervarsity.wd1.myworkdayjobs.com/intervarsity_press_careers,wd1,1,34678849986,34678849986,34678849986
https://intervarsity.wd1.myworkdayjobs.com/intervarsitychristianfellowshipcareers,wd1,1,34678849986,34678849986,34678849986
https://intuitive.wd1.myworkdayjobs.com/irtc_careers,wd1,2,"34678849986,34680651554",34678849986,34680651554
https://invenergyllc.wd1.myworkdayjobs.com/invenergycareers,wd1,2,"34678849986,34680651554",34678849986,34680651554
https://invenergyllc.wd1.myworkdayjobs.com/invenergyllc,wd1,2,"34678849986,34680651554",34678849986,34680651554
https://invenergyllc.wd1.myworkdayjobs.com/invenergyservices,wd1,1,34678849986,34678849986,34678849986
https://invesco.wd1.myworkdayjobs.com/IVZ,wd1,2,"34678849986,34680651554",34678849986,34680651554
https://investpsp.wd3.myworkdayjobs.com/psp_careers,wd3,1,34678849986,34678849986,34678849986
https://ioausa.wd5.myworkdayjobs.com/Simply_Careers,wd5,1,34678849986,34678849986,34678849986
https://iqvia.wd1.myworkdayjobs.com/IQVIA,wd1,2,"34678849986,34680651554",34678849986,34680651554
https://irhythmtech.wd5.myworkdayjobs.com/iRhythm,wd5,1,34678849986,34678849986,34678849986
https://ironmountain.wd5.myworkdayjobs.com/iron-mountain-jobs,wd5,2,"34678849986,34680651554",34678849986,34680651554
https://irsc.wd5.myworkdayjobs.com/External,wd5,1,34680651554,34680651554,34680651554
https://irvingoil.wd3.myworkdayjobs.com/iolcareers_refineryoperationsandengineers,wd3,1,34678849986,34678849986,34678849986
https://islamicreliefcanada.wd3.myworkdayjobs.com/IRC_Colombia,wd3,1,34676823343,34676823343,34676823343
https://islamicreliefcanada.wd3.myworkdayjobs.com/Islamic_Relief_Canada,wd3,1,34676823343,34676823343,34676823343
https://issgovernance.wd1.myworkdayjobs.com/ISScareers,wd1,2,"34678849986,34680651554",34678849986,34680651554
https://isu.wd1.myworkdayjobs.com/confidentialopensearchwaiver,wd1,1,34680651554,34680651554,34680651554
https://isu.wd1.myworkdayjobs.com/iowastatejobs,wd1,1,34680651554,34680651554,34680651554
https://itron.wd5.myworkdayjobs.com/Itron,wd5,1,34678849986,34678849986,34678849986
https://itw.wd5.myworkdayjobs.com/external,wd5,2,"34678849986,34680651554",34678849986,34680651554
https://ivytech.wd1.myworkdayjobs.com/Ivy_Tech_Careers,wd1,2,"34678849986,34680651554",34678849986,34680651554
https://iyuno.wd3.myworkdayjobs.com/Careers,wd3,1,34678849986,34678849986,34678849986
https://jabil.wd5.myworkdayjobs.com/Jabil_Careers,wd5,2,"34678849986,34680651554",34678849986,34680651554
https://jackson.wd1.myworkdayjobs.com/PPMA_Careers_2,wd1,1,34678849986,34678849986,34678849986
https://jackson.wd1.myworkdayjobs.com/ppma_careers,wd1,1,34678849986,34678849986,34678849986
https://jacksonhealthcare.wd1.myworkdayjobs.com/careers-JacksonCoker,wd1,1,34680651554,34680651554,34680651554
https://jacksonhealthcare.wd1.myworkdayjobs.com/careers-Orlando-JH,wd1,1,34680651554,34680651554,34680651554
https://jacksonhealthcare.wd1.myworkdayjobs.com/careers-healthcareworkforcelogistics,wd1,1,34680651554,34680651554,34680651554
https://jacksonhealthcare.wd1.myworkdayjobs.com/careers-inlightened,wd1,1,34678849986,34678849986,34678849986
https://jacksonhealthcare.wd1.myworkdayjobs.com/careers-jacksonhealthcare,wd1,1,34678849986,34678849986,34678849986
https://jacksonhealthcare.wd1.myworkdayjobs.com/careers-jhgs,wd1,1,34678849986,34678849986,34678849986
https://jacksonhealthcare.wd1.myworkdayjobs.com/careers-parkerstaffing,wd1,2,"34676823343,34680651554",34676823343,34680651554
https://jacksonlewis.wd1.myworkdayjobs.com/jacksonlewisbusinessandlegalprofessionalscareers,wd1,1,34678849986,34678849986,34678849986
https://jadeglobal.wd5.myworkdayjobs.com/jade_careers,wd5,2,"34678849986,34680651554",34678849986,34680651554
https://jas.wd1.myworkdayjobs.com/jascareers,wd1,1,34680651554,34680651554,34680651554
https://jci.wd5.myworkdayjobs.com/JCI,wd5,2,"34678849986,34680651554",34678849986,34680651554
https://jci.wd5.myworkdayjobs.com/TUPU,wd5,1,34678849986,34678849986,34678849986
https://jci.wd5.myworkdayjobs.com/jci_confidential,wd5,2,"34678849986,34680651554",34678849986,34680651554
https://jcrew.wd1.myworkdayjobs.com/MadewellCareers,wd1,1,34680651554,34680651554,34680651554
https://jda.wd5.myworkdayjobs.com/JDA_Careers,wd5,2,"34678849986,34680651554",34678849986,34680651554
https://jdgroupnam.wd1.myworkdayjobs.com/DTLR_Career_Site,wd1,1,34678849986,34678849986,34678849986
https://jdgroupnam.wd1.myworkdayjobs.com/HSP,wd1,1,34678849986,34678849986,34678849986
https://jdgroupnam.wd1.myworkdayjobs.com/JDFL_Store_Careers,wd1,1,34678849986,34678849986,34678849986
https://jdgroupnam.wd1.myworkdayjobs.com/jdfl_cc_dc_careers,wd1,1,34676823343,34676823343,34676823343
https://jefferson.wd5.myworkdayjobs.com/External,wd5,1,34678849986,34678849986,34678849986
https://jeffersonhealth.wd5.myworkdayjobs.com/ThomasJeffersonExternal,wd5,1,34680651554,34680651554,34680651554
https://jj.wd5.myworkdayjobs.com/JJ,wd5,2,"34678849986,34680651554",34678849986,34680651554
https://jj.wd5.myworkdayjobs.com/displacedemployees,wd5,2,"34678849986,34680651554",34678849986,34680651554
https://jll.wd1.myworkdayjobs.com/jllcareers,wd1,2,"34678849986,34680651554",34678849986,34680651554
https://jll.wd1.myworkdayjobs.com/jllcareerschina,wd1,1,34680651554,34680651554,34680651554
https://jll.wd1.myworkdayjobs.com/transitions,wd1,1,34678849986,34678849986,34678849986
https://johnsonbrothers.wd5.myworkdayjobs.com/eQuest,wd5,1,34678849986,34678849986,34678849986
https://johnsonelectric.wd3.myworkdayjobs.com/Career_JE,wd3,1,34678849986,34678849986,34678849986
https://joinroot.wd1.myworkdayjobs.com/joinroot,wd1,1,34676823343,34676823343,34676823343
https://jpi.wd1.myworkdayjobs.com/JPIcareers,wd1,1,34680651554,34680651554,34680651554
https://jsrglobal.wd1.myworkdayjobs.com/CrownBio,wd1,1,34678849986,34678849986,34678849986
https://jsrglobal.wd1.myworkdayjobs.com/NAHQ,wd1,1,34680651554,34680651554,34680651554
https://juliusbaer.wd3.myworkdayjobs.com/External,wd3,1,34678849986,34678849986,34678849986
https://juliusbaer.wd3.myworkdayjobs.com/Finance_Careers,wd3,1,34678849986,34678849986,34678849986
https://juliusbaer.wd3.myworkdayjobs.com/JB_Career_Site_TAD_External,wd3,1,34678849986,34678849986,34678849986
https://juliusbaer.wd3.myworkdayjobs.com/JB_General_Graduate_Talent_Pool,wd3,1,34678849986,34678849986,34678849986
https://juliusbaer.wd3.myworkdayjobs.com/JB_Women_s_Contact_Day,wd3,1,34678849986,34678849986,34678849986
https://juliusbaer.wd3.myworkdayjobs.com/Julius_Baer_Compliance_Talent_Community,wd3,1,34678849986,34678849986,34678849986
https://juliusbaer.wd3.myworkdayjobs.com/Julius_Baer_HSG_Talents_2024,wd3,1,34676823343,34676823343,34676823343
https://juliusbaer.wd3.myworkdayjobs.com/Technology,wd3,1,34678849986,34678849986,34678849986
https://juliusbaer.wd3.myworkdayjobs.com/apprentices-ch,wd3,1,34678849986,34678849986,34678849986
https://jurists.wd3.myworkdayjobs.com/mid_career,wd3,1,34676823343,34676823343,34676823343
https://kainos.wd3.myworkdayjobs.com/kainos,wd3,1,34678849986,34678849986,34678849986
https://kaishaservice.wd1.myworkdayjobs.com/KST-Temp-to-Hire,wd1,2,"34676823343,34678849986",34676823343,34678849986
https://kaishaservice.wd1.myworkdayjobs.com/MidwayUniversity,wd1,1,34680651554,34680651554,34680651554
https://kaishaservice.wd1.myworkdayjobs.com/TAI-Temp-to-Hire,wd1,1,34676823343,34676823343,34676823343
https://kaishaservice.wd1.myworkdayjobs.com/TAISupplyChainManagement,wd1,2,"34678849986,34680651554",34678849986,34680651554
https://kansascity.wd1.myworkdayjobs.com/jobs,wd1,1,34678849986,34678849986,34678849986
https://kansashealthsystem.wd1.myworkdayjobs.com/careers,wd1,1,34680651554,34680651554,34680651554
https://kantar.wd3.myworkdayjobs.com/kantarevenbreak,wd3,1,34678849986,34678849986,34678849986
https://kantar.wd3.myworkdayjobs.com/kantarpd,wd3,1,34678849986,34678849986,34678849986
https://kantar.wd3.myworkdayjobs.com/kantarsc,wd3,1,34678849986,34678849986,34678849986
https://kapsch.wd3.myworkdayjobs.com/onestepahead-Russia,wd3,1,34678849986,34678849986,34678849986
https://kapsch.wd3.myworkdayjobs.com/onestepahead_Colombia,wd3,1,34678849986,34678849986,34678849986
https://kapsch.wd3.myworkdayjobs.com/onestepahead_GermanyTT,wd3,1,34676823343,34676823343,34676823343
https://kapsch.wd3.myworkdayjobs.com/onestepahead_SAU,wd3,2,"34676823343,34678849986",34676823343,34678849986
https://kauai.wd1.myworkdayjobs.com/Kauai_External_Career_Site,wd1,1,34680651554,34680651554,34680651554
https://kauffman.wd1.myworkdayjobs.com/external,wd1,1,34678849986,34678849986,34678849986
https://kawarrick.wd5.myworkdayjobs.com/Kaiser_Aluminum_Warrick_careers,wd5,2,"34676823343,34678849986",34676823343,34678849986
https://kaweahhealth.wd1.myworkdayjobs.com/Careers,wd1,1,34680651554,34680651554,34680651554
https://kbi.wd5.myworkdayjobs.com/Dickies_EMEA_Careers,wd5,1,34678849986,34678849986,34678849986
https://kbi.wd5.myworkdayjobs.com/Kontoor,wd5,1,34680651554,34680651554,34680651554
https://kbr.wd5.myworkdayjobs.com/KBR_Careers,wd5,2,"34678849986,34680651554",34678849986,34680651554
https://kcura.wd1.myworkdayjobs.com/External_Career_Site,wd1,2,"34678849986,34680651554",34678849986,34680651554
https://kengarff.wd1.myworkdayjobs.com/UFM,wd1,1,34676823343,34676823343,34676823343
https://keppel.wd3.myworkdayjobs.com/KeppelCareers,wd3,1,34678849986,34678849986,34678849986
https://kidsii.wd1.myworkdayjobs.com/kidsii_career_site,wd1,1,34680651554,34680651554,34680651554
https://kimberlyclark.wd1.myworkdayjobs.com/Arbex,wd1,1,34678849986,34678849986,34678849986
https://kimberlyclark.wd1.myworkdayjobs.com/GLOBAL,wd1,2,"34678849986,34680651554",34678849986,34680651554
https://kimberlyclark.wd1.myworkdayjobs.com/XXX_APAC,wd1,1,34678849986,34678849986,34678849986
https://kimberlyclark.wd1.myworkdayjobs.com/XXX_EMEA,wd1,1,34680651554,34680651554,34680651554
https://kimberlyclark.wd1.myworkdayjobs.com/XXX_broadbean,wd1,1,34678849986,34678849986,34678849986
https://kimberlyclark.wd1.myworkdayjobs.com/equest,wd1,2,"34678849986,34680651554",34678849986,34680651554
https://kimberlyclark.wd1.myworkdayjobs.com/linkedin,wd1,2,"34678849986,34680651554",34678849986,34680651554
https://kindercare.wd5.myworkdayjobs.com/externalcareersite,wd5,1,34678849986,34678849986,34678849986
https://kiongroup.wd3.myworkdayjobs.com/KIONGroup,wd3,1,34678849986,34678849986,34678849986
https://kiongroup.wd3.myworkdayjobs.com/KION_SCS,wd3,1,34678849986,34678849986,34678849986
https://kla.wd1.myworkdayjobs.com/Israel,wd1,2,"34678849986,34680651554",34678849986,34680651554
https://kla.wd1.myworkdayjobs.com/Penang_Semicon,wd1,2,"34678849986,34680651554",34678849986,34680651554
https://kla.wd1.myworkdayjobs.com/Search,wd1,2,"34678849986,34680651554",34678849986,34680651554
https://kla.wd1.myworkdayjobs.com/annarbor,wd1,2,"34678849986,34680651554",34678849986,34680651554
https://kla.wd1.myworkdayjobs.com/ur,wd1,2,"34678849986,34680651554",34678849986,34680651554
https://kmkp.wd1.myworkdayjobs.com/TPGCareers,wd1,1,34680651554,34680651554,34680651554
https://knitwellgroup.wd1.myworkdayjobs.com/Canada_Jobs,wd1,1,34678849986,34678849986,34678849986
https://knitwellgroup.wd1.myworkdayjobs.com/US_Corporate_Jobs,wd1,1,34678849986,34678849986,34678849986
https://kobrekim.wd1.myworkdayjobs.com/kobrekim_careers,wd1,1,34680651554,34680651554,34680651554
https://kokosing.wd5.myworkdayjobs.com/CK_Construction_External_Career_Site,wd5,1,34678849986,34678849986,34678849986
https://kokosing.wd5.myworkdayjobs.com/kokosing_external_career_site,wd5,2,"34678849986,34680651554",34678849986,34680651554
https://kone.wd3.myworkdayjobs.com/careers,wd3,1,34678849986,34678849986,34678849986
https://konectagroup.wd3.myworkdayjobs.com/Konecta,wd3,1,34678849986,34678849986,34678849986
https://koppers.wd5.myworkdayjobs.com/koppers,wd5,1,34678849986,34678849986,34678849986
https://ksb.wd3.myworkdayjobs.com/KSB_ExternalCareerSite,wd3,1,34678849986,34678849986,34678849986
https://kyndryl.wd5.myworkdayjobs.com/ISMCareers,wd5,1,34680651554,34680651554,34680651554
https://kyndryl.wd5.myworkdayjobs.com/KyndrylProfessionalCareers,wd5,2,"34678849986,34680651554",34678849986,34680651554
https://landolakes.wd1.myworkdayjobs.com/members,wd1,1,34678849986,34678849986,34678849986
https://languageline.wd5.myworkdayjobs.com/FindHR_Careers,wd5,1,34678849986,34678849986,34678849986
https://languageline.wd5.myworkdayjobs.com/HAS_Careers,wd5,1,34676823343,34676823343,34676823343
https://languageline.wd5.myworkdayjobs.com/LLS-US-Agency-Careers,wd5,1,34678849986,34678849986,34678849986
https://languageline.wd5.myworkdayjobs.com/LLS_Corporate-Hidden,wd5,1,34678849986,34678849986,34678849986
https://laticrete.wd1.myworkdayjobs.com/SuperCap,wd1,1,34680651554,34680651554,34680651554
https://laticrete.wd1.myworkdayjobs.com/laticreteinternational,wd1,1,34676823343,34676823343,34676823343
https://latticesemi.wd5.myworkdayjobs.com/latticesemiconductorscareers,wd5,2,"34678849986,34680651554",34678849986,34680651554
https://lazboy.wd1.myworkdayjobs.com/joybirdcareers,wd1,1,34680651554,34680651554,34680651554
https://lbg.wd3.myworkdayjobs.com/LBG_Careers,wd3,1,34678849986,34678849986,34678849986
https://lbg.wd3.myworkdayjobs.com/Lloyds_Technology_Centre,wd3,1,34678849986,34678849986,34678849986
https://lbg.wd3.myworkdayjobs.com/USA_Careers,wd3,1,34678849986,34678849986,34678849986
https://lbg.wd3.myworkdayjobs.com/broadbean_external,wd3,1,34678849986,34678849986,34678849986
https://lbg.wd3.myworkdayjobs.com/graduate_careers,wd3,1,34678849986,34678849986,34678849986
https://lbg.wd3.myworkdayjobs.com/undergraduate_careers,wd3,1,34676823343,34676823343,34676823343
https://learfield.wd5.myworkdayjobs.com/LearfieldSportsProperties,wd5,1,34676823343,34676823343,34676823343
https://leecompany.wd1.myworkdayjobs.com/FM2SignOn,wd1,1,34678849986,34678849986,34678849986
https://leecompany.wd1.myworkdayjobs.com/LeeCompany,wd1,1,34678849986,34678849986,34678849986
https://leecompany.wd1.myworkdayjobs.com/SkillBridge,wd1,1,34678849986,34678849986,34678849986
https://leecompany.wd1.myworkdayjobs.com/Workforce-Pipeline-Brian,wd1,1,34676823343,34676823343,34676823343
https://legalshieldcorp.wd1.myworkdayjobs.com/lsc,wd1,2,"34676823343,34678849986",34676823343,34678849986
https://leidos.wd5.myworkdayjobs.com/external,wd5,2,"34678849986,34680651554",34678849986,34680651554
https://lendlease.wd3.myworkdayjobs.com/lendleasecareers,wd3,1,34678849986,34678849986,34678849986
https://lennar.wd1.myworkdayjobs.com/Lennar_Jobs,wd1,2,"34678849986,34680651554",34678849986,34680651554
https://leonardocompany.wd3.myworkdayjobs.com/LeonardoCareerSite,wd3,1,34678849986,34678849986,34678849986
https://lesschwab.wd1.myworkdayjobs.com/Stores,wd1,1,34678849986,34678849986,34678849986
https://levistraussandco.wd5.myworkdayjobs.com/Bright,wd5,1,34678849986,34678849986,34678849986
https://levistraussandco.wd5.myworkdayjobs.com/Nstarts,wd5,1,34678849986,34678849986,34678849986
https://lfb.wd3.myworkdayjobs.com/LFB_External_Careers,wd3,1,34678849986,34678849986,34678849986
https://lgeccu.wd5.myworkdayjobs.com/LGE_External_Career_Site,wd5,1,34678849986,34678849986,34678849986
https://lgi.wd5.myworkdayjobs.com/LGI_Careers,wd5,1,34678849986,34678849986,34678849986
https://lgt.wd3.myworkdayjobs.com/linkonly,wd3,1,34678849986,34678849986,34678849986
https://lhoist.wd3.myworkdayjobs.com/Campus_Recruitment,wd3,1,34678849986,34678849986,34678849986
https://lhoist.wd3.myworkdayjobs.com/Careers,wd3,1,34678849986,34678849986,34678849986
https://liberty.wd5.myworkdayjobs.com/lu_job_board_confidential,wd5,1,34676823343,34676823343,34676823343
https://libertyglobal.wd3.myworkdayjobs.com/Believ,wd3,1,34676823343,34676823343,34676823343
https://libertyglobal.wd3.myworkdayjobs.com/Liberty_Global_Blume,wd3,1,34678849986,34678849986,34678849986
https://libertyglobal.wd3.myworkdayjobs.com/VMIE_Careers,wd3,1,34676823343,34676823343,34676823343
https://lifeworks.wd3.myworkdayjobs.com/external,wd3,1,34676823343,34676823343,34676823343
https://lighting.wd3.myworkdayjobs.com/jobs-and-careers,wd3,1,34678849986,34678849986,34678849986
https://lindenwood.wd1.myworkdayjobs.com/CareerOpportunities,wd1,1,34680651554,34680651554,34680651554
https://lindenwood.wd1.myworkdayjobs.com/les_externalcareers,wd1,1,34680651554,34680651554,34680651554
https://littelfuse.wd1.myworkdayjobs.com/littelfuse-careers,wd1,2,"34678849986,34680651554",34678849986,34680651554
https://littelfuse.wd1.myworkdayjobs.com/littelfuse-featured-jobs,wd1,2,"34678849986,34680651554",34678849986,34680651554
https://liveramp.wd5.myworkdayjobs.com/liverampcareers,wd5,2,"34678849986,34680651554",34678849986,34680651554
https://livingspaces.wd5.myworkdayjobs.com/ls,wd5,1,34678849986,34678849986,34678849986
https://lmg.wd3.myworkdayjobs.com/CNPPS,wd3,1,34676823343,34676823343,34676823343
https://lmh.wd1.myworkdayjobs.com/LMHjobs,wd1,1,34678849986,34678849986,34678849986
https://lnw.wd5.myworkdayjobs.com/LightWonderExternalCareers,wd5,2,"34678849986,34680651554",34678849986,34680651554
https://lnw.wd5.myworkdayjobs.com/SciPlayExternalCareersSite,wd5,1,34676823343,34676823343,34676823343
https://loewshotels.wd5.myworkdayjobs.com/loewshotels,wd5,1,34678849986,34678849986,34678849986
https://loganhealth.wd1.myworkdayjobs.com/Logan_Careers,wd1,1,34678849986,34678849986,34678849986
https://logicalis.wd3.myworkdayjobs.com/LogicalisCareers,wd3,1,34678849986,34678849986,34678849986
https://logitech.wd5.myworkdayjobs.com/Logitech,wd5,2,"34678849986,34680651554",34678849986,34680651554
https://lombardodier.wd3.myworkdayjobs.com/Lombard_Odier_Careers,wd3,1,34678849986,34678849986,34678849986
https://lonza.wd3.myworkdayjobs.com/lonza_careers,wd3,1,34678849986,34678849986,34678849986
https://lowell.wd3.myworkdayjobs.com/Broadbean_External,wd3,1,34678849986,34678849986,34678849986
https://lowell.wd3.myworkdayjobs.com/LowellGroup_Careers2,wd3,1,34678849986,34678849986,34678849986
https://lower.wd1.myworkdayjobs.com/Oxford_Home_Lending_External_Careers,wd1,1,34676823343,34676823343,34676823343
https://lowes.wd5.myworkdayjobs.com/LWS_External_CS,wd5,2,"34678849986,34680651554",34678849986,34680651554
https://loyensloeff.wd3.myworkdayjobs.com/LL,wd3,1,34678849986,34678849986,34678849986
https://lozier.wd5.myworkdayjobs.com/lozier_careers,wd5,1,34678849986,34678849986,34678849986
https://lplfinancial.wd1.myworkdayjobs.com/External,wd1,2,"34678849986,34680651554",34678849986,34680651554
https://lplfinancial.wd1.myworkdayjobs.com/India_Ext,wd1,2,"34678849986,34680651554",34678849986,34680651554
https://lseg.wd3.myworkdayjobs.com/Careers,wd3,1,34678849986,34678849986,34678849986
https://lsu.wd1.myworkdayjobs.com/lsu,wd1,1,34678849986,34678849986,34678849986
https://lthc.wd1.myworkdayjobs.com/CDPHPCareers,wd1,1,34678849986,34678849986,34678849986
https://lumaenergy.wd1.myworkdayjobs.com/lumacareers,wd1,2,"34678849986,34680651554",34678849986,34680651554
https://lumaenergy.wd1.myworkdayjobs.com/university,wd1,1,34678849986,34678849986,34678849986
https://lumentum.wd5.myworkdayjobs.com/LITE,wd5,2,"34678849986,34680651554",34678849986,34680651554
https://luminegrp.wd3.myworkdayjobs.com/Avance,wd3,1,34678849986,34678849986,34678849986
https://luminegrp.wd3.myworkdayjobs.com/Incognito,wd3,1,34678849986,34678849986,34678849986
https://luminegrp.wd3.myworkdayjobs.com/NetAdmin,wd3,1,34676823343,34676823343,34676823343
https://luminegrp.wd3.myworkdayjobs.com/Sicap,wd3,1,34678849986,34678849986,34678849986
https://luminegrp.wd3.myworkdayjobs.com/mds,wd3,1,34678849986,34678849986,34678849986
https://luminegrp.wd3.myworkdayjobs.com/razorflow,wd3,1,34678849986,34678849986,34678849986
https://luminegrp.wd3.myworkdayjobs.com/vas-x,wd3,1,34676823343,34676823343,34676823343
https://luminegrp.wd3.myworkdayjobs.com/velocix,wd3,1,34678849986,34678849986,34678849986
https://luminegrp.wd3.myworkdayjobs.com/vidispine,wd3,1,34678849986,34678849986,34678849986
https://lvhn.wd1.myworkdayjobs.com/HNL,wd1,1,34678849986,34678849986,34678849986
https://lytx.wd1.myworkdayjobs.com/Lytx,wd1,1,34678849986,34678849986,34678849986
https://maersk.wd3.myworkdayjobs.com/APMT_Careers,wd3,1,34678849986,34678849986,34678849986
https://maersk.wd3.myworkdayjobs.com/Damco_FFW,wd3,1,34678849986,34678849986,34678849986
https://maersk.wd3.myworkdayjobs.com/Maersk_Careers,wd3,1,34678849986,34678849986,34678849986
https://maersk.wd3.myworkdayjobs.com/Maersk_Manual,wd3,1,34678849986,34678849986,34678849986
https://magna.wd3.myworkdayjobs.com/Magna,wd3,1,34678849986,34678849986,34678849986
https://magnitudesoftware.wd1.myworkdayjobs.com/external,wd1,2,"34678849986,34680651554",34678849986,34680651554
https://mandarinoriental.wd3.myworkdayjobs.com/MO,wd3,1,34678849986,34678849986,34678849986
https://manulife.wd3.myworkdayjobs.com/MFCJH_Jobs,wd3,1,34678849986,34678849986,34678849986
https://manulife.wd3.myworkdayjobs.com/mfcjh_adminjobs,wd3,1,34678849986,34678849986,34678849986
https://maricopa.wd1.myworkdayjobs.com/AdministrativeUseOnlyExternalSite,wd1,1,34678849986,34678849986,34678849986
https://maricopa.wd1.myworkdayjobs.com/MC_External,wd1,1,34680651554,34680651554,34680651554
https://mariners.wd5.myworkdayjobs.com/Mariners,wd5,1,34676823343,34676823343,34676823343
https://maritz.wd1.myworkdayjobs.com/MaritzMotivationSolutions,wd1,1,34678849986,34678849986,34678849986
https://maritz.wd1.myworkdayjobs.com/maritzautomotive,wd1,1,34678849986,34678849986,34678849986
https://markelcorp.wd5.myworkdayjobs.com/globalcareers,wd5,1,34676823343,34676823343,34676823343
https://mars.wd3.myworkdayjobs.com/external,wd3,1,34678849986,34678849986,34678849986
https://marshallmedical.wd1.myworkdayjobs.com/MMC,wd1,1,34678849986,34678849986,34678849986
https://marshfieldclinichealthsystems.wd5.myworkdayjobs.com/external,wd5,2,"34678849986,34680651554",34678849986,34680651554
https://marshfieldclinichealthsystems.wd5.myworkdayjobs.com/physician,wd5,1,34680651554,34680651554,34680651554
https://marvell.wd1.myworkdayjobs.com/MarvellCareers,wd1,2,"34678849986,34680651554",34678849986,34680651554
https://marvell.wd1.myworkdayjobs.com/marvellcareers2,wd1,2,"34678849986,34680651554",34678849986,34680651554
https://marylandconnect.wd1.myworkdayjobs.com/FSU_Careers,wd1,1,34678849986,34678849986,34678849986
https://marylandconnect.wd1.myworkdayjobs.com/SU_Careers,wd1,1,34678849986,34678849986,34678849986
https://masco.wd1.myworkdayjobs.com/liberty,wd1,1,34680651554,34680651554,34680651554
https://masco.wd1.myworkdayjobs.com/masco,wd1,2,"34678849986,34680651554",34678849986,34680651554
https://masseyservices.wd5.myworkdayjobs.com/masseyservices,wd5,1,34678849986,34678849986,34678849986
https://massmutual.wd1.myworkdayjobs.com/MMAscendCareers,wd1,1,34678849986,34678849986,34678849986
https://mastercard.wd1.myworkdayjobs.com/CorporateCareers,wd1,2,"34678849986,34680651554",34678849986,34680651554
https://mastercard.wd1.myworkdayjobs.com/campus,wd1,2,"34678849986,34680651554",34678849986,34680651554
https://materion.wd5.myworkdayjobs.com/Materion,wd5,1,34678849986,34678849986,34678849986
https://matthey.wd3.myworkdayjobs.com/Ext_Career_Site,wd3,1,34678849986,34678849986,34678849986
https://mattressfirm.wd1.myworkdayjobs.com/dark,wd1,1,34676823343,34676823343,34676823343
https://maurices.wd5.myworkdayjobs.com/us_corporate_jobs,wd5,1,34676823343,34676823343,34676823343
https://mavenir.wd1.myworkdayjobs.com/Mavenir_Careers,wd1,2,"34678849986,34680651554",34678849986,34680651554
https://maxar.wd1.myworkdayjobs.com/Software_Engineers,wd1,1,34678849986,34678849986,34678849986
https://maxar.wd1.myworkdayjobs.com/cleared_opportunities,wd1,2,"34678849986,34680651554",34678849986,34680651554
https://maxar.wd1.myworkdayjobs.com/orchard,wd1,2,"34678849986,34680651554",34678849986,34680651554
https://maxar.wd1.myworkdayjobs.com/vaco,wd1,1,34678849986,34678849986,34678849986
https://maxar.wd1.myworkdayjobs.com/vantor,wd1,2,"34678849986,34680651554",34678849986,34680651554
https://maxar.wd1.myworkdayjobs.com/zrg_partners,wd1,1,34678849986,34678849986,34678849986
https://mbda.wd3.myworkdayjobs.com/MBDA-UK,wd3,1,34678849986,34678849986,34678849986
https://mbk.wd5.myworkdayjobs.com/MREcareers,wd5,1,34678849986,34678849986,34678849986
https://mcafee.wd1.myworkdayjobs.com/External,wd1,1,34678849986,34678849986,34678849986
https://mccowngordon.wd1.myworkdayjobs.com/MGC,wd1,1,34680651554,34680651554,34680651554
https://mchapusa.wd5.myworkdayjobs.com/MCHAP_External,wd5,1,34680651554,34680651554,34680651554
https://mckesson.wd3.myworkdayjobs.com/CoverMyMeds_External_Careers,wd3,2,"34676823343,34678849986",34676823343,34678849986
https://mckesson.wd3.myworkdayjobs.com/External_Careers,wd3,1,34678849986,34678849986,34678849986
https://mdlz.wd3.myworkdayjobs.com/external,wd3,1,34678849986,34678849986,34678849986
https://medline.wd5.myworkdayjobs.com/Medline,wd5,2,"34678849986,34680651554",34678849986,34680651554
https://medtronic.wd1.myworkdayjobs.com/MedtronicCareers,wd1,2,"34678849986,34680651554",34678849986,34680651554
https://medtronic.wd1.myworkdayjobs.com/redeploymentmedtroniccareers,wd1,2,"34678849986,34680651554",34678849986,34680651554
https://meijer.wd5.myworkdayjobs.com/Fresh_Thyme_Stores_External_Career_Site,wd5,2,"34678849986,34680651554",34678849986,34680651554
https://meijer.wd5.myworkdayjobs.com/meijer-new-stores,wd5,1,34680651554,34680651554,34680651554
https://memorialhermann.wd5.myworkdayjobs.com/external,wd5,1,34678849986,34678849986,34678849986
https://mes.wd5.myworkdayjobs.com/careers,wd5,1,34678849986,34678849986,34678849986
https://methode.wd5.myworkdayjobs.com/methode,wd5,1,34678849986,34678849986,34678849986
https://methodisthealth.wd5.myworkdayjobs.com/MLH,wd5,1,34680651554,34680651554,34680651554
https://methodisthealthsystem.wd1.myworkdayjobs.com/MHS_Careers,wd1,1,34678849986,34678849986,34678849986
https://mfs.wd1.myworkdayjobs.com/MFS-Careers,wd1,1,34678849986,34678849986,34678849986
https://mgmresorts.wd5.myworkdayjobs.com/mgmcareers,wd5,2,"34678849986,34680651554",34678849986,34680651554
https://mgpru.wd3.myworkdayjobs.com/mandgprudential,wd3,1,34678849986,34678849986,34678849986
https://mhgi.wd1.myworkdayjobs.com/MBCareers,wd1,1,34680651554,34680651554,34680651554
https://mhgi.wd1.myworkdayjobs.com/MeritageCareers,wd1,1,34680651554,34680651554,34680651554
https://mhs.wd1.myworkdayjobs.com/careers,wd1,2,"34678849986,34680651554",34678849986,34680651554
https://mica.wd5.myworkdayjobs.com/Student,wd5,2,"34676823343,34680651554",34676823343,34680651554
https://michelinhr.wd3.myworkdayjobs.com/BROADBEAN_external,wd3,1,34678849986,34678849986,34678849986
https://michelinhr.wd3.myworkdayjobs.com/Michelin,wd3,1,34678849986,34678849986,34678849986
https://microchiphr.wd5.myworkdayjobs.com/external,wd5,2,"34678849986,34680651554",34678849986,34680651554
https://microfocus.wd5.myworkdayjobs.com/WFMatmicrofocus,wd5,1,34676823343,34676823343,34676823343
https://micron.wd1.myworkdayjobs.com/External,wd1,2,"34678849986,34680651554",34678849986,34680651554
https://miele.wd3.myworkdayjobs.com/miele-jobs,wd3,1,34678849986,34678849986,34678849986
https://mii.wd5.myworkdayjobs.com/mitekvietnam,wd5,1,34680651554,34680651554,34680651554
https://mileone.wd1.myworkdayjobs.com/External,wd1,1,34680651554,34680651554,34680651554
https://millerknoll.wd1.myworkdayjobs.com/MillerKnoll,wd1,2,"34678849986,34680651554",34678849986,34680651554
https://mimecast.wd5.myworkdayjobs.com/Mimecast-Careers,wd5,2,"34678849986,34680651554",34678849986,34680651554
https://mines.wd1.myworkdayjobs.com/Mines_Careers,wd1,1,34678849986,34678849986,34678849986
https://ministrybrands.wd1.myworkdayjobs.com/Ministry_Brands,wd1,2,"34678849986,34680651554",34678849986,34680651554
https://miqdigital.wd3.myworkdayjobs.com/MiQ_Careers,wd3,1,34678849986,34678849986,34678849986
https://mitsubishichemicalgroup.wd3.myworkdayjobs.com/MCCGroupCareers,wd3,1,34678849986,34678849986,34678849986
https://mizuho.wd1.myworkdayjobs.com/mizuhoamericas,wd1,2,"34678849986,34680651554",34678849986,34680651554
https://mjhlifesciences.wd1.myworkdayjobs.com/careers,wd1,1,34680651554,34680651554,34680651554
https://mksinst.wd1.myworkdayjobs.com/MKSCareersAmericas,wd1,2,"34678849986,34680651554",34678849986,34680651554
https://mksinst.wd1.myworkdayjobs.com/MKSCareersAsia,wd1,2,"34678849986,34680651554",34678849986,34680651554
https://mksinst.wd1.myworkdayjobs.com/MKSCareersEMEA,wd1,2,"34678849986,34680651554",34678849986,34680651554
https://mlp.wd5.myworkdayjobs.com/indiainviteonly,wd5,1,34678849986,34678849986,34678849986
https://mmc.wd1.myworkdayjobs.com/mmc,wd1,2,"34678849986,34680651554",34678849986,34680651554
https://mmsg.wd3.myworkdayjobs.com/mmsg-careers,wd3,1,34678849986,34678849986,34678849986
https://modaxo.wd3.myworkdayjobs.com/Tadera,wd3,1,34678849986,34678849986,34678849986
https://modaxo.wd3.myworkdayjobs.com/Trapeze,wd3,1,34678849986,34678849986,34678849986
https://modaxo.wd3.myworkdayjobs.com/Trellint,wd3,1,34678849986,34678849986,34678849986
https://modaxo.wd3.myworkdayjobs.com/Voyagerr,wd3,1,34678849986,34678849986,34678849986
https://modaxo.wd3.myworkdayjobs.com/nexfeld,wd3,1,34676823343,34676823343,34676823343
https://modaxo.wd3.myworkdayjobs.com/zzdnu_CrossCap,wd3,1,34678849986,34678849986,34678849986
https://modaxo.wd3.myworkdayjobs.com/zzdnu_WCS,wd3,1,34678849986,34678849986,34678849986
https://modernatx.wd1.myworkdayjobs.com/M_tx_HSopt,wd1,1,34680651554,34680651554,34680651554
https://modernatx.wd1.myworkdayjobs.com/m_tx,wd1,2,"34678849986,34680651554",34678849986,34680651554
https://modsquad.wd5.myworkdayjobs.com/ModSquad,wd5,1,34678849986,34678849986,34678849986
https://moelis.wd1.myworkdayjobs.com/university-hires,wd1,1,34678849986,34678849986,34678849986
https://momentive.wd1.myworkdayjobs.com/MC,wd1,2,"34678849986,34680651554",34678849986,34680651554
https://moneris.wd3.myworkdayjobs.com/Moneris,wd3,1,34678849986,34678849986,34678849986
https://monexmx.wd3.myworkdayjobs.com/bolsa-de-trabajo-monex,wd3,2,"34676823343,34678849986",34676823343,34678849986
https://monotype.wd1.myworkdayjobs.com/Olapic,wd1,1,34680651554,34680651554,34680651554
https://montage.wd1.myworkdayjobs.com/Montage_International,wd1,2,"34678849986,34680651554",34678849986,34680651554
https://montagehealth.wd5.myworkdayjobs.com/montage_health,wd5,1,34678849986,34678849986,34678849986
https://monumenthealth.wd1.myworkdayjobs.com/TempRNSite,wd1,1,34678849986,34678849986,34678849986
https://moog.wd5.myworkdayjobs.com/MOOG_External_Career_Site,wd5,2,"34678849986,34680651554",34678849986,34680651554
https://morningstar.wd5.myworkdayjobs.com/Americas,wd5,2,"34678849986,34680651554",34678849986,34680651554
https://morningstar.wd5.myworkdayjobs.com/Database-Operations-and-Implementation,wd5,1,34676823343,34676823343,34676823343
https://morningstar.wd5.myworkdayjobs.com/Investment-Management-and-Consulting,wd5,1,34678849986,34678849986,34678849986
https://morningstar.wd5.myworkdayjobs.com/Marketing-and-Product-Management,wd5,1,34678849986,34678849986,34678849986
https://morningstar.wd5.myworkdayjobs.com/morningstar,wd5,2,"34678849986,34680651554",34678849986,34680651554
https://morsco.wd5.myworkdayjobs.com/Reece_Careers,wd5,1,34678849986,34678849986,34678849986
https://mosaic.wd5.myworkdayjobs.com/mosaic,wd5,2,"34678849986,34680651554",34678849986,34680651554
https://mosscm.wd1.myworkdayjobs.com/Moss_Careers,wd1,1,34680651554,34680651554,34680651554
https://motorolasolutions.wd5.myworkdayjobs.com/Careers,wd5,2,"34678849986,34680651554",34678849986,34680651554
https://movement.wd1.myworkdayjobs.com/Careers,wd1,1,34676823343,34676823343,34676823343
https://mpc.wd1.myworkdayjobs.com/MPCCareers,wd1,2,"34678849986,34680651554",34678849986,34680651554
https://ms.wd5.myworkdayjobs.com/External,wd5,2,"34678849986,34680651554",34678849986,34680651554
https://ms.wd5.myworkdayjobs.com/private,wd5,2,"34678849986,34680651554",34678849986,34680651554
https://msd.wd5.myworkdayjobs.com/SearchJobs,wd5,2,"34678849986,34680651554",34678849986,34680651554
https://msfg.wd3.myworkdayjobs.com/Agency,wd3,2,"34676823343,34678849986",34676823343,34678849986
https://msiexpress.wd5.myworkdayjobs.com/MSI_Express_External_Careers,wd5,1,34676823343,34676823343,34676823343
https://msigna.wd5.myworkdayjobs.com/gbl,wd5,1,34678849986,34678849986,34678849986
https://msmu.wd1.myworkdayjobs.com/GAAPP,wd1,1,34680651554,34680651554,34680651554
https://msmu.wd1.myworkdayjobs.com/msmu,wd1,1,34680651554,34680651554,34680651554
https://msudenver.wd1.myworkdayjobs.com/MSUDenver,wd1,1,34678849986,34678849986,34678849986
https://mtb.wd5.myworkdayjobs.com/MTB,wd5,2,"34678849986,34680651554",34678849986,34680651554
https://mtb.wd5.myworkdayjobs.com/restructure,wd5,1,34680651554,34680651554,34680651554
https://mtminc.wd1.myworkdayjobs.com/HA_External,wd1,1,34676823343,34676823343,34676823343
https://muellerwaterproducts.wd5.myworkdayjobs.com/Mueller,wd5,1,34678849986,34678849986,34678849986
https://mufgub.wd3.myworkdayjobs.com/MUFG-Careers,wd3,1,34678849986,34678849986,34678849986
https://multco.wd1.myworkdayjobs.com/multco_interns,wd1,1,34680651554,34680651554,34680651554
https://munters.wd3.myworkdayjobs.com/External_Careers,wd3,1,34678849986,34678849986,34678849986
https://murex.wd3.myworkdayjobs.com/MurexCareerPage1,wd3,1,34678849986,34678849986,34678849986
https://musc.wd1.myworkdayjobs.com/ASI,wd1,1,34680651554,34680651554,34680651554
https://musc.wd1.myworkdayjobs.com/Randstad,wd1,1,34678849986,34678849986,34678849986
https://mustangfuel.wd5.myworkdayjobs.com/external,wd5,1,34678849986,34678849986,34678849986
https://mwaa.wd1.myworkdayjobs.com/MWAA,wd1,1,34680651554,34680651554,34680651554
https://mwe.wd5.myworkdayjobs.com/mplus_careers,wd5,1,34678849986,34678849986,34678849986
https://mydpr.wd5.myworkdayjobs.com/11212017,wd5,2,"34678849986,34680651554",34678849986,34680651554
https://myhana.wd5.myworkdayjobs.com/zealoptics,wd5,1,34676823343,34676823343,34676823343
https://myhcm.wd3.myworkdayjobs.com/bayton,wd3,1,34678849986,34678849986,34678849986
https://myhcm.wd3.myworkdayjobs.com/digioutsource,wd3,1,34678849986,34678849986,34678849986
https://myhcm.wd3.myworkdayjobs.com/ragingriver,wd3,1,34678849986,34678849986,34678849986
https://myhr.wd3.myworkdayjobs.com/PlanseeGroup_Career,wd3,1,34678849986,34678849986,34678849986
https://myhrabc.wd5.myworkdayjobs.com/Global,wd5,2,"34678849986,34680651554",34678849986,34680651554
https://myview.wd3.myworkdayjobs.com/loblaw_DC_jobs,wd3,2,"34676823343,34678849986",34676823343,34678849986
https://mywdhr.wd1.myworkdayjobs.com/HBC_Careers,wd1,1,34680651554,34680651554,34680651554
https://mywdhr.wd1.myworkdayjobs.com/HudsonsBayIndia_Careers,wd1,1,34676823343,34676823343,34676823343
https://nab.wd3.myworkdayjobs.com/nab_careers,wd3,1,34678849986,34678849986,34678849986
https://nabancard.wd1.myworkdayjobs.com/NAB,wd1,1,34678849986,34678849986,34678849986
https://nacoal.wd5.myworkdayjobs.com/sawtoothmining,wd5,1,34676823343,34676823343,34676823343
https://nadara.wd3.myworkdayjobs.com/External,wd3,1,34678849986,34678849986,34678849986
https://namb.wd1.myworkdayjobs.com/namb,wd1,1,34678849986,34678849986,34678849986
https://nanfung.wd3.myworkdayjobs.com/NFGZ_Career,wd3,1,34676823343,34676823343,34676823343
https://nanfung.wd3.myworkdayjobs.com/NFPUS_Career,wd3,1,34678849986,34678849986,34678849986
https://nanfung.wd3.myworkdayjobs.com/NFSH_Career,wd3,1,34678849986,34678849986,34678849986
https://nascar.wd1.myworkdayjobs.com/NASCAR,wd1,1,34676823343,34676823343,34676823343
https://nasdaq.wd1.myworkdayjobs.com/Global_External_Site,wd1,2,"34678849986,34680651554",34678849986,34680651554
https://nationalchurchresidences.wd5.myworkdayjobs.com/careers,wd5,1,34676823343,34676823343,34676823343
https://nationalindemnity.wd5.myworkdayjobs.com/NICO,wd5,1,34678849986,34678849986,34678849986
https://nationstar.wd5.myworkdayjobs.com/mrcooper,wd5,1,34676823343,34676823343,34676823343
https://nationwide.wd1.myworkdayjobs.com/Nationwide_Career,wd1,2,"34678849986,34680651554",34678849986,34680651554
https://nationwide.wd1.myworkdayjobs.com/Nationwide_Career_India,wd1,1,34680651554,34680651554,34680651554
https://navigators.wd1.myworkdayjobs.com/external,wd1,1,34678849986,34678849986,34678849986
https://nb.wd1.myworkdayjobs.com/pwm,wd1,1,34678849986,34678849986,34678849986
https://ncino.wd5.myworkdayjobs.com/nCinoAgency,wd5,1,34676823343,34676823343,34676823343
https://ncr.wd1.myworkdayjobs.com/ext_US_Military,wd1,2,"34676823343,34680651554",34676823343,34680651554
https://ncr.wd1.myworkdayjobs.com/ext_apac,wd1,2,"34678849986,34680651554",34678849986,34680651554
https://ncr.wd1.myworkdayjobs.com/ext_digitalfirst,wd1,1,34678849986,34678849986,34678849986
https://ncr.wd1.myworkdayjobs.com/ext_intern_EMEA,wd1,1,34680651554,34680651554,34680651554
https://ncr.wd1.myworkdayjobs.com/ext_non_us,wd1,2,"34678849986,34680651554",34678849986,34680651554
https://ncr.wd1.myworkdayjobs.com/ext_us,wd1,2,"34678849986,34680651554",34678849986,34680651554
https://ncratleos.wd1.myworkdayjobs.com/ext_apacatleos,wd1,2,"34678849986,34680651554",34678849986,34680651554
https://ncratleos.wd1.myworkdayjobs.com/ext_contractors,wd1,1,34678849986,34678849986,34678849986
https://ncratleos.wd1.myworkdayjobs.com/ext_intern_EMEA,wd1,2,"34678849986,34680651554",34678849986,34680651554
https://ncratleos.wd1.myworkdayjobs.com/ext_non_usalteos,wd1,2,"34678849986,34680651554",34678849986,34680651554
https://ncsecu.wd1.myworkdayjobs.com/secu,wd1,2,"34678849986,34680651554",34678849986,34680651554
https://nea.wd1.myworkdayjobs.com/ExternalCareers,wd1,1,34678849986,34678849986,34678849986
https://nea.wd1.myworkdayjobs.com/broadbean_external,wd1,1,34678849986,34678849986,34678849986
https://nebraskamed.wd5.myworkdayjobs.com/Clarkson,wd5,1,34676823343,34676823343,34676823343
https://nebraskamed.wd5.myworkdayjobs.com/NM,wd5,1,34676823343,34676823343,34676823343
https://nebraskamed.wd5.myworkdayjobs.com/student_placement,wd5,1,34678849986,34678849986,34678849986
https://neighborlybrands.wd1.myworkdayjobs.com/neighbourlycareers,wd1,1,34680651554,34680651554,34680651554
https://nelnet.wd1.myworkdayjobs.com/factsmgt,wd1,1,34678849986,34678849986,34678849986
https://nelnet.wd1.myworkdayjobs.com/mynelnet,wd1,2,"34678849986,34680651554",34678849986,34680651554
https://neosoft.wd3.myworkdayjobs.com/neo-soft,wd3,1,34678849986,34678849986,34678849986
https://newbalance.wd1.myworkdayjobs.com/APAC,wd1,1,34678849986,34678849986,34678849986
https://newbalance.wd1.myworkdayjobs.com/Careers,wd1,1,34680651554,34680651554,34680651554
https://newperkinelmer.wd1.myworkdayjobs.com/external,wd1,2,"34678849986,34680651554",34678849986,34680651554
https://newrez.wd1.myworkdayjobs.com/NRZ,wd1,1,34678849986,34678849986,34678849986
https://newschool.wd1.myworkdayjobs.com/External,wd1,1,34680651554,34680651554,34680651554
https://nexperia.wd3.myworkdayjobs.com/careers,wd3,1,34678849986,34678849986,34678849986
https://nexstar.wd5.myworkdayjobs.com/nexstar,wd5,2,"34678849986,34680651554",34678849986,34680651554
https://nextgen.wd5.myworkdayjobs.com/NextGen_Careers,wd5,1,34678849986,34678849986,34678849986
https://nextracker.wd5.myworkdayjobs.com/nextpower_careers,wd5,2,"34678849986,34680651554",34678849986,34680651554
https://ngc.wd1.myworkdayjobs.com/Northrop_Grumman_External_Site,wd1,2,"34678849986,34680651554",34678849986,34680651554
https://nglenergypartners.wd5.myworkdayjobs.com/jobs,wd5,1,34676823343,34676823343,34676823343
https://niagarawater.wd5.myworkdayjobs.com/MX_External,wd5,1,34680651554,34680651554,34680651554
https://niagarawater.wd5.myworkdayjobs.com/niagara,wd5,2,"34678849986,34680651554",34678849986,34680651554
https://nidec.wd1.myworkdayjobs.com/Nidec,wd1,2,"34678849986,34680651554",34678849986,34680651554
https://nike.wd1.myworkdayjobs.com/nke,wd1,2,"34678849986,34680651554",34678849986,34680651554
https://nike.wd1.myworkdayjobs.com/nke2,wd1,1,34678849986,34678849986,34678849986
https://nio.wd3.myworkdayjobs.com/NIO_Careers,wd3,1,34678849986,34678849986,34678849986
https://nisource.wd1.myworkdayjobs.com/NiSource,wd1,2,"34678849986,34680651554",34678849986,34680651554
https://nlccwi.wd5.myworkdayjobs.com/Northlakes_Careers,wd5,1,34676823343,34676823343,34676823343
https://nmss.wd5.myworkdayjobs.com/nmss,wd5,1,34676823343,34676823343,34676823343
https://nngroup.wd3.myworkdayjobs.com/WDExternal,wd3,1,34678849986,34678849986,34678849986
https://noerr.wd3.myworkdayjobs.com/Careers_Business_Professionals,wd3,1,34678849986,34678849986,34678849986
https://norconsult.wd3.myworkdayjobs.com/norconsult_career_site_denmark,wd3,1,34676823343,34676823343,34676823343
https://nordic.wd1.myworkdayjobs.com/Nordic,wd1,2,"34678849986,34680651554",34678849986,34680651554
https://norgesgruppen.wd3.myworkdayjobs.com/karriere,wd3,1,34678849986,34678849986,34678849986
https://northeastern.wd1.myworkdayjobs.com/careers,wd1,2,"34678849986,34680651554",34678849986,34680651554
https://northeastern.wd1.myworkdayjobs.com/inviteonly,wd1,1,34680651554,34680651554,34680651554
https://northerndata.wd3.myworkdayjobs.com/notherndatacareers_peakmining,wd3,1,34676823343,34676823343,34676823343
https://northwesternmutual.wd5.myworkdayjobs.com/CORPORATE-CAREERS,wd5,1,34678849986,34678849986,34678849986
https://nouria.wd1.myworkdayjobs.com/enk,wd1,1,34676823343,34676823343,34676823343
https://nouria.wd1.myworkdayjobs.com/nec,wd1,1,34676823343,34676823343,34676823343
https://novanta.wd5.myworkdayjobs.com/Novanta-Careers,wd5,2,"34678849986,34680651554",34678849986,34680651554
https://novartis.wd3.myworkdayjobs.com/Internal_Careers_for_Acquired_Entities,wd3,1,34678849986,34678849986,34678849986
https://novartis.wd3.myworkdayjobs.com/Novartis_Careers,wd3,1,34678849986,34678849986,34678849986
https://novartis.wd3.myworkdayjobs.com/SwissRAVSwitzerlandCareerSite,wd3,1,34676823343,34676823343,34676823343
https://nphosting.wd5.myworkdayjobs.com/CC_Careers,wd5,1,34678849986,34678849986,34678849986
https://nphosting.wd5.myworkdayjobs.com/CU_Careers,wd5,1,34676823343,34676823343,34676823343
https://nphosting.wd5.myworkdayjobs.com/FDFCareers,wd5,1,34680651554,34680651554,34680651554
https://nphosting.wd5.myworkdayjobs.com/careers,wd5,2,"34676823343,34678849986",34676823343,34678849986
https://nrel.wd5.myworkdayjobs.com/NLR,wd5,2,"34678849986,34680651554",34678849986,34680651554
https://nshe.wd1.myworkdayjobs.com/CSN-External,wd1,1,34676823343,34676823343,34676823343
https://nshe.wd1.myworkdayjobs.com/DRI-waiver,wd1,1,34680651554,34680651554,34680651554
https://nshe.wd1.myworkdayjobs.com/GBC-waiver,wd1,1,34676823343,34676823343,34676823343
https://nshe.wd1.myworkdayjobs.com/NSU-waiver,wd1,1,34678849986,34678849986,34678849986
https://nshe.wd1.myworkdayjobs.com/TMCC-External,wd1,2,"34678849986,34680651554",34678849986,34680651554
https://nshe.wd1.myworkdayjobs.com/gbc-external,wd1,1,34680651554,34680651554,34680651554
https://nshe.wd1.myworkdayjobs.com/wnc-external,wd1,1,34680651554,34680651554,34680651554
https://nshe.wd1.myworkdayjobs.com/wnc-waiver,wd1,1,34680651554,34680651554,34680651554
https://nshs.wd1.myworkdayjobs.com/ns-eeh,wd1,2,"34678849986,34680651554",34678849986,34680651554
https://ntrs.wd1.myworkdayjobs.com/northerntrust,wd1,2,"34678849986,34680651554",34678849986,34680651554
https://ntst.wd1.myworkdayjobs.com/Careers,wd1,2,"34678849986,34680651554",34678849986,34680651554
https://nttlimited.wd3.myworkdayjobs.com/NTT_Careers,wd3,1,34678849986,34678849986,34678849986
https://nttlimited.wd3.myworkdayjobs.com/internal_employees_not_on_workday,wd3,1,34678849986,34678849986,34678849986
https://ntu.wd3.myworkdayjobs.com/Careers,wd3,1,34678849986,34678849986,34678849986
https://nus.wd1.myworkdayjobs.com/Careers,wd1,1,34676823343,34676823343,34676823343
https://nvent.wd5.myworkdayjobs.com/nVent,wd5,2,"34678849986,34680651554",34678849986,34680651554
https://nvidia.wd5.myworkdayjobs.com/NVIDIAExternalCareerSite,wd5,2,"34678849986,34680651554",34678849986,34680651554
https://nxp.wd3.myworkdayjobs.com/careers,wd3,1,34678849986,34678849986,34678849986
https://nyp.wd1.myworkdayjobs.com/gsh_careers,wd1,1,34678849986,34678849986,34678849986
https://nyp.wd1.myworkdayjobs.com/nyp_1199,wd1,2,"34678849986,34680651554",34678849986,34680651554
https://nytimes.wd5.myworkdayjobs.com/DataInsights,wd5,1,34676823343,34676823343,34676823343
https://nytimes.wd5.myworkdayjobs.com/editorial,wd5,1,34678849986,34678849986,34678849986
https://nytimes.wd5.myworkdayjobs.com/nyt,wd5,1,34678849986,34678849986,34678849986
https://nytimes.wd5.myworkdayjobs.com/product-and-design,wd5,1,34676823343,34676823343,34676823343
https://o9solutions.wd5.myworkdayjobs.com/o9SolutionsExternal,wd5,2,"34678849986,34680651554",34678849986,34680651554
https://oaklawn.wd5.myworkdayjobs.com/oaklawn,wd5,1,34676823343,34676823343,34676823343
https://oaktree.wd1.myworkdayjobs.com/Oaktree,wd1,1,34678849986,34678849986,34678849986
https://oceanspray.wd5.myworkdayjobs.com/OceanSprayIntlJobs,wd5,1,34678849986,34678849986,34678849986
https://ochsner.wd1.myworkdayjobs.com/OchsnerACQ,wd1,1,34678849986,34678849986,34678849986
https://ochsner.wd1.myworkdayjobs.com/OchsnerLeadership,wd1,1,34678849986,34678849986,34678849986
https://ochsner.wd1.myworkdayjobs.com/ochsnerlsuhealthsystemnl,wd1,1,34676823343,34676823343,34676823343
https://oclc.wd1.myworkdayjobs.com/OCLC_Careers,wd1,2,"34678849986,34680651554",34678849986,34680651554
https://odfl.wd1.myworkdayjobs.com/ODFL_Careers,wd1,1,34680651554,34680651554,34680651554
https://ofs.wd3.myworkdayjobs.com/external_career_site,wd3,1,34676823343,34676823343,34676823343
https://ohiohealth.wd5.myworkdayjobs.com/OhioHealthJobs,wd5,1,34678849986,34678849986,34678849986
https://oldmutual.wd3.myworkdayjobs.com/Old_Mutual_Early_Careers,wd3,1,34676823343,34676823343,34676823343
https://omers.wd3.myworkdayjobs.com/OMERS_External,wd3,1,34678849986,34678849986,34678849986
https://onehealthineers.wd3.myworkdayjobs.com/IJMHRMS,wd3,1,34678849986,34678849986,34678849986
https://onehealthineers.wd3.myworkdayjobs.com/SHSJB,wd3,1,34678849986,34678849986,34678849986
https://onelineage.wd1.myworkdayjobs.com/External,wd1,2,"34678849986,34680651554",34678849986,34680651554
https://onemagnify.wd5.myworkdayjobs.com/onemagnify_careers,wd5,1,34678849986,34678849986,34678849986
https://oneok.wd1.myworkdayjobs.com/ONEOK,wd1,2,"34678849986,34680651554",34678849986,34680651554
https://oneok.wd1.myworkdayjobs.com/oneok_early_careers,wd1,1,34678849986,34678849986,34678849986
https://oneoncology.wd1.myworkdayjobs.com/MBPCC,wd1,1,34680651554,34680651554,34680651554
https://oneoncology.wd1.myworkdayjobs.com/PCC,wd1,1,34680651554,34680651554,34680651554
https://oneoncology.wd1.myworkdayjobs.com/cos,wd1,1,34678849986,34678849986,34678849986
https://oneoncology.wd1.myworkdayjobs.com/echo,wd1,1,34680651554,34680651554,34680651554
https://oneoncology.wd1.myworkdayjobs.com/hoatc,wd1,1,34680651554,34680651554,34680651554
https://oneoncology.wd1.myworkdayjobs.com/mfcc,wd1,1,34678849986,34678849986,34678849986
https://oneoncology.wd1.myworkdayjobs.com/navc,wd1,1,34676823343,34676823343,34676823343
https://oneoncology.wd1.myworkdayjobs.com/nyh,wd1,1,34678849986,34678849986,34678849986
https://oneoncology.wd1.myworkdayjobs.com/oneoncology,wd1,1,34678849986,34678849986,34678849986
https://onepoint.wd3.myworkdayjobs.com/OnepointFR,wd3,1,34678849986,34678849986,34678849986
https://onepoint.wd3.myworkdayjobs.com/WepointCA,wd3,1,34678849986,34678849986,34678849986
https://onepoint.wd3.myworkdayjobs.com/WepointEN,wd3,1,34678849986,34678849986,34678849986
https://onetp.wd1.myworkdayjobs.com/Teleperformance,wd1,2,"34678849986,34680651554",34678849986,34680651554
https://onterris.wd1.myworkdayjobs.com/ONT,wd1,2,"34678849986,34680651554",34678849986,34680651554
https://opteon.wd3.myworkdayjobs.com/opteon,wd3,1,34678849986,34678849986,34678849986
https://optioncare.wd1.myworkdayjobs.com/NavenHealth,wd1,1,34676823343,34676823343,34676823343
https://optiv.wd5.myworkdayjobs.com/Optiv_Careers,wd5,1,34678849986,34678849986,34678849986
https://optiva.wd3.myworkdayjobs.com/Qvantel_external_career_site,wd3,1,34678849986,34678849986,34678849986
https://optrust.wd3.myworkdayjobs.com/optrust,wd3,1,34678849986,34678849986,34678849986
https://orange.wd3.myworkdayjobs.com/Orange_Career,wd3,1,34678849986,34678849986,34678849986
https://ordnancesurvey.wd3.myworkdayjobs.com/OSUKGI_Chair,wd3,1,34678849986,34678849986,34678849986
https://ordnancesurvey.wd3.myworkdayjobs.com/OS_Careers,wd3,1,34678849986,34678849986,34678849986
https://oregon.wd5.myworkdayjobs.com/Boards,wd5,1,34678849986,34678849986,34678849986
https://originbank.wd1.myworkdayjobs.com/AcqCareers,wd1,2,"34676823343,34680651554",34676823343,34680651554
https://orix.wd5.myworkdayjobs.com/External_Hilco,wd5,1,34678849986,34678849986,34678849986
https://orix.wd5.myworkdayjobs.com/NXT,wd5,1,34678849986,34678849986,34678849986
https://orthoclinical.wd1.myworkdayjobs.com/Administrative,wd1,1,34676823343,34676823343,34676823343
https://orthoclinical.wd1.myworkdayjobs.com/ManufacturingJobs-NY-NJ,wd1,1,34678849986,34678849986,34678849986
https://orthoclinical.wd1.myworkdayjobs.com/Pompano,wd1,1,34680651554,34680651554,34680651554
https://orthoclinical.wd1.myworkdayjobs.com/search,wd1,2,"34676823343,34678849986",34676823343,34678849986
https://orthofix.wd1.myworkdayjobs.com/external_careers,wd1,1,34678849986,34678849986,34678849986
https://oshkoshcorporation.wd5.myworkdayjobs.com/Oshkosh,wd5,2,"34678849986,34680651554",34678849986,34680651554
https://ossur.wd3.myworkdayjobs.com/CareersForMotion,wd3,2,"34676823343,34678849986",34676823343,34678849986
https://osu.wd1.myworkdayjobs.com/OSUEventJobs,wd1,1,34680651554,34680651554,34680651554
https://ouryahoo.wd5.myworkdayjobs.com/careers,wd5,2,"34678849986,34680651554",34678849986,34680651554
https://overstock.wd5.myworkdayjobs.com/mac-warehouse_careers,wd5,1,34678849986,34678849986,34678849986
https://owens.wd1.myworkdayjobs.com/OCCoj,wd1,1,34680651554,34680651554,34680651554
https://owensminor.wd1.myworkdayjobs.com/OMCareers,wd1,2,"34678849986,34680651554",34678849986,34680651554
https://oxford.wd5.myworkdayjobs.com/JohnnyWas,wd5,1,34678849986,34678849986,34678849986
https://oxford.wd5.myworkdayjobs.com/LillyPulitzer,wd5,1,34678849986,34678849986,34678849986
https://oxford.wd5.myworkdayjobs.com/SouthernTide,wd5,1,34676823343,34676823343,34676823343
https://oxford.wd5.myworkdayjobs.com/oxford,wd5,1,34678849986,34678849986,34678849986
https://oxford.wd5.myworkdayjobs.com/tommybahamacanada,wd5,1,34676823343,34676823343,34676823343
https://oxy.wd5.myworkdayjobs.com/UniversityRelations,wd5,1,34678849986,34678849986,34678849986
https://pacificlife.wd1.myworkdayjobs.com/PacificLifeCareers,wd1,2,"34678849986,34680651554",34678849986,34680651554
https://pacificlife.wd1.myworkdayjobs.com/underwritemecareers,wd1,1,34676823343,34676823343,34676823343
https://pae.wd1.myworkdayjobs.com/Amentum_Careers,wd1,2,"34678849986,34680651554",34678849986,34680651554
https://pae.wd1.myworkdayjobs.com/PAE_AntarcticSupportContract,wd1,1,34678849986,34678849986,34678849986
https://pae.wd1.myworkdayjobs.com/UK_Careers,wd1,1,34678849986,34678849986,34678849986
https://palig.wd5.myworkdayjobs.com/latam_external_career_site,wd5,1,34678849986,34678849986,34678849986
https://paloaltonetworks.wd5.myworkdayjobs.com/panwexternalcareers,wd5,2,"34678849986,34680651554",34678849986,34680651554
https://panduit.wd1.myworkdayjobs.com/interncoop,wd1,1,34680651554,34680651554,34680651554
https://panerabread.wd5.myworkdayjobs.com/panera_careers,wd5,1,34676823343,34676823343,34676823343
https://papajohns.wd1.myworkdayjobs.com/PapaJohnsCareers,wd1,1,34678849986,34678849986,34678849986
https://parexel.wd1.myworkdayjobs.com/Parexel_External_Careers,wd1,2,"34678849986,34680651554",34678849986,34680651554
https://parissaintgermain.wd3.myworkdayjobs.com/evenementiel,wd3,1,34678849986,34678849986,34678849986
https://parsons.wd5.myworkdayjobs.com/search,wd5,2,"34678849986,34680651554",34678849986,34680651554
https://patientfirst.wd5.myworkdayjobs.com/PatientFirstExtern,wd5,1,34678849986,34678849986,34678849986
https://paypal.wd1.myworkdayjobs.com/jobs,wd1,2,"34678849986,34680651554",34678849986,34680651554
https://pbfenergy.wd1.myworkdayjobs.com/PBF,wd1,2,"34678849986,34680651554",34678849986,34680651554
https://pbk.wd5.myworkdayjobs.com/Edgeland,wd5,2,"34676823343,34678849986",34676823343,34678849986
https://pbk.wd5.myworkdayjobs.com/beam,wd5,1,34678849986,34678849986,34678849986
https://pcg.wd1.myworkdayjobs.com/PCG_External_Careers,wd1,1,34678849986,34678849986,34678849986
https://pciservices.wd1.myworkdayjobs.com/External,wd1,2,"34678849986,34680651554",34678849986,34680651554
https://peak6group.wd1.myworkdayjobs.com/Bruce,wd1,1,34678849986,34678849986,34678849986
https://peak6group.wd1.myworkdayjobs.com/apexfintechsolutions,wd1,2,"34678849986,34680651554",34678849986,34680651554
https://pennant.wd1.myworkdayjobs.com/AccessHomeHealth,wd1,1,34680651554,34680651554,34680651554
https://pennant.wd1.myworkdayjobs.com/AgapeHospiceAZCareerSite,wd1,1,34680651554,34680651554,34680651554
https://pennant.wd1.myworkdayjobs.com/ArdentHospiceSanDiegoCareerSite,wd1,1,34678849986,34678849986,34678849986
https://pennant.wd1.myworkdayjobs.com/ArdentHospiceofFresnoCareerSite,wd1,1,34680651554,34680651554,34680651554
https://pennant.wd1.myworkdayjobs.com/ArdentHospiceoftheDesertCareerSite,wd1,1,34676823343,34676823343,34676823343
https://pennant.wd1.myworkdayjobs.com/BarberStationCareerSite,wd1,1,34680651554,34680651554,34680651554
https://pennant.wd1.myworkdayjobs.com/Beacon,wd1,1,34678849986,34678849986,34678849986
https://pennant.wd1.myworkdayjobs.com/BluebirdHealthCareerSite,wd1,1,34680651554,34680651554,34680651554
https://pennant.wd1.myworkdayjobs.com/CMICareerSite,wd1,1,34678849986,34678849986,34678849986
https://pennant.wd1.myworkdayjobs.com/CardinalLaneSeniorLiving,wd1,1,34676823343,34676823343,34676823343
https://pennant.wd1.myworkdayjobs.com/CedarHillsCareerSite,wd1,1,34680651554,34680651554,34680651554
https://pennant.wd1.myworkdayjobs.com/CitrusHillsALCareerSite,wd1,2,"34678849986,34680651554",34678849986,34680651554
https://pennant.wd1.myworkdayjobs.com/ComfortHospiceCareCareerSite,wd1,2,"34676823343,34678849986",34676823343,34678849986
https://pennant.wd1.myworkdayjobs.com/CornerstoneHomeHealthAndHospiceCareerSite,wd1,2,"34678849986,34680651554",34678849986,34680651554
https://pennant.wd1.myworkdayjobs.com/CornerstoneServiceCenterCareerSite,wd1,1,34678849986,34678849986,34678849986
https://pennant.wd1.myworkdayjobs.com/CranberryCourtALCareerSite,wd1,1,34678849986,34678849986,34678849986
https://pennant.wd1.myworkdayjobs.com/CrescentHH,wd1,1,34676823343,34676823343,34676823343
https://pennant.wd1.myworkdayjobs.com/DesertSerenityHomeCare,wd1,1,34680651554,34680651554,34680651554
https://pennant.wd1.myworkdayjobs.com/ForgePortfolio,wd1,1,34676823343,34676823343,34676823343
https://pennant.wd1.myworkdayjobs.com/ForgedTogether,wd1,1,34678849986,34678849986,34678849986
https://pennant.wd1.myworkdayjobs.com/FrontierHH,wd1,1,34680651554,34680651554,34680651554
https://pennant.wd1.myworkdayjobs.com/FrontierHospice,wd1,3,"34676823343,34678849986,34680651554",34676823343,34680651554
https://pennant.wd1.myworkdayjobs.com/GrandCareHH,wd1,2,"34678849986,34680651554",34678849986,34680651554
https://pennant.wd1.myworkdayjobs.com/HarborViewALCareerSite,wd1,1,34678849986,34678849986,34678849986
https://pennant.wd1.myworkdayjobs.com/HealingHeartsHH,wd1,1,34676823343,34676823343,34676823343
https://pennant.wd1.myworkdayjobs.com/HeritageALCareerSite,wd1,1,34680651554,34680651554,34680651554
https://pennant.wd1.myworkdayjobs.com/HorizonHHCareerSite,wd1,2,"34678849986,34680651554",34678849986,34680651554
https://pennant.wd1.myworkdayjobs.com/KenoshaSLCareerSite,wd1,1,34678849986,34678849986,34678849986
https://pennant.wd1.myworkdayjobs.com/KinderHeartsCareerSite,wd1,2,"34676823343,34678849986",34676823343,34678849986
https://pennant.wd1.myworkdayjobs.com/LakePointeVillaALCareerSite,wd1,1,34678849986,34678849986,34678849986
https://pennant.wd1.myworkdayjobs.com/LakeshoreALCareerSite,wd1,1,34678849986,34678849986,34678849986
https://pennant.wd1.myworkdayjobs.com/LasFuentesRVCareerSite,wd1,1,34678849986,34678849986,34678849986
https://pennant.wd1.myworkdayjobs.com/LavenderLane,wd1,1,34676823343,34676823343,34676823343
https://pennant.wd1.myworkdayjobs.com/ManitoHomeHealth,wd1,1,34678849986,34678849986,34678849986
https://pennant.wd1.myworkdayjobs.com/MapleMeadowsALCareerSite,wd1,1,34678849986,34678849986,34678849986
https://pennant.wd1.myworkdayjobs.com/MeadowCreekSLCareerSite,wd1,1,34680651554,34680651554,34680651554
https://pennant.wd1.myworkdayjobs.com/NovaHospice,wd1,1,34676823343,34676823343,34676823343
https://pennant.wd1.myworkdayjobs.com/NursesOnWheels,wd1,1,34680651554,34680651554,34680651554
https://pennant.wd1.myworkdayjobs.com/ParkPlaceALCareerSite,wd1,1,34680651554,34680651554,34680651554
https://pennant.wd1.myworkdayjobs.com/PreceptorHCCareerSite,wd1,1,34680651554,34680651554,34680651554
https://pennant.wd1.myworkdayjobs.com/RiverCentreAssistedLiving,wd1,1,34678849986,34678849986,34678849986
https://pennant.wd1.myworkdayjobs.com/SacredHeartHomeHealthCareCareerSite,wd1,2,"34678849986,34680651554",34678849986,34680651554
https://pennant.wd1.myworkdayjobs.com/SantaMariaTerraceALCareerSite,wd1,1,34678849986,34678849986,34678849986
https://pennant.wd1.myworkdayjobs.com/ScandinavianCourtALCareerSite,wd1,1,34678849986,34678849986,34678849986
https://pennant.wd1.myworkdayjobs.com/SignatureHCBend,wd1,1,34680651554,34680651554,34680651554
https://pennant.wd1.myworkdayjobs.com/SignatureHCEverett,wd1,1,34680651554,34680651554,34680651554
https://pennant.wd1.myworkdayjobs.com/SouthgateSeniorLivingCareerSite,wd1,1,34680651554,34680651554,34680651554
https://pennant.wd1.myworkdayjobs.com/SunsetWoods,wd1,1,34680651554,34680651554,34680651554
https://pennant.wd1.myworkdayjobs.com/SynergySharedServices,wd1,1,34678849986,34678849986,34678849986
https://pennant.wd1.myworkdayjobs.com/TheShoresofSheboyganALCareerSite,wd1,1,34680651554,34680651554,34680651554
https://pennant.wd1.myworkdayjobs.com/UniversityTN,wd1,1,34680651554,34680651554,34680651554
https://pennant.wd1.myworkdayjobs.com/benefithomehealthcareersite,wd1,1,34678849986,34678849986,34678849986
https://pennant.wd1.myworkdayjobs.com/bridgewatermccareersite,wd1,1,34680651554,34680651554,34680651554
https://pennant.wd1.myworkdayjobs.com/cambridgesquarecareersite,wd1,2,"34678849986,34680651554",34678849986,34680651554
https://pennant.wd1.myworkdayjobs.com/canyoncreekmccareersite,wd1,1,34676823343,34676823343,34676823343
https://pennant.wd1.myworkdayjobs.com/elitehhhcareersite,wd1,1,34678849986,34678849986,34678849986
https://pennant.wd1.myworkdayjobs.com/emblemhospicetucsoncareersite,wd1,1,34678849986,34678849986,34678849986
https://pennant.wd1.myworkdayjobs.com/grandcourtslcareersite,wd1,1,34680651554,34680651554,34680651554
https://pennant.wd1.myworkdayjobs.com/madisonpointeseniorliving,wd1,2,"34676823343,34678849986",34676823343,34678849986
https://pennant.wd1.myworkdayjobs.com/myhospiceaustincareersite,wd1,1,34678849986,34678849986,34678849986
https://pennant.wd1.myworkdayjobs.com/sherwoodvillagealcareersite,wd1,1,34680651554,34680651554,34680651554
https://pennant.wd1.myworkdayjobs.com/signaturehcoregoncoast,wd1,1,34678849986,34678849986,34678849986
https://pennant.wd1.myworkdayjobs.com/symbiihealthcareersite,wd1,2,"34678849986,34680651554",34678849986,34680651554
https://pennant.wd1.myworkdayjobs.com/thegrovealcareersite,wd1,1,34680651554,34680651554,34680651554
https://penncolor.wd5.myworkdayjobs.com/penn_color_careers,wd5,2,"34678849986,34680651554",34678849986,34680651554
https://penncolor.wd5.myworkdayjobs.com/penn_color_careers_thailand,wd5,1,34678849986,34678849986,34678849986
https://pentair.wd5.myworkdayjobs.com/Pentair_Careers,wd5,2,"34678849986,34680651554",34678849986,34680651554
https://peopleservices.wd3.myworkdayjobs.com/External,wd3,1,34676823343,34676823343,34676823343
https://performant.wd1.myworkdayjobs.com/performant,wd1,1,34680651554,34680651554,34680651554
https://perpetual.wd3.myworkdayjobs.com/johcm_external,wd3,2,"34676823343,34678849986",34676823343,34678849986
https://petvalu.wd3.myworkdayjobs.com/External_Career_Site_Pet_Valu_Canada,wd3,1,34676823343,34676823343,34676823343
https://pewtrusts.wd5.myworkdayjobs.com/CenterInternships,wd5,1,34676823343,34676823343,34676823343
https://pewtrusts.wd5.myworkdayjobs.com/TrustsExternal,wd5,1,34678849986,34678849986,34678849986
https://pfg.wd3.myworkdayjobs.com/QFCareers,wd3,1,34676823343,34676823343,34676823343
https://pfizer.wd1.myworkdayjobs.com/Canada_Only_External,wd1,1,34678849986,34678849986,34678849986
https://pfizer.wd1.myworkdayjobs.com/Costa_Rica_External,wd1,2,"34676823343,34678849986",34676823343,34678849986
https://pfizer.wd1.myworkdayjobs.com/PfizerCareers,wd1,2,"34678849986,34680651554",34678849986,34680651554
https://pfizer.wd1.myworkdayjobs.com/internaljobs,wd1,2,"34678849986,34680651554",34678849986,34680651554
https://pfm.wd5.myworkdayjobs.com/PFM-ENT,wd5,1,34676823343,34676823343,34676823343
https://pg.wd5.myworkdayjobs.com/1000,wd5,2,"34678849986,34680651554",34678849986,34680651554
https://pgahq.wd1.myworkdayjobs.com/pgacoachingcenter,wd1,1,34678849986,34678849986,34678849986
https://pgahq.wd1.myworkdayjobs.com/pgahq,wd1,1,34680651554,34680651554,34680651554
https://phcgroup.wd3.myworkdayjobs.com/Direct_Employers,wd3,1,34676823343,34676823343,34676823343
https://phcgroup.wd3.myworkdayjobs.com/LIRC,wd3,1,34678849986,34678849986,34678849986
https://phcgroup.wd3.myworkdayjobs.com/PHC_Indonesia_Careers,wd3,1,34676823343,34676823343,34676823343
https://phcgroup.wd3.myworkdayjobs.com/scimed_careers,wd3,1,34676823343,34676823343,34676823343
https://philips.wd3.myworkdayjobs.com/Internal-Job-Postings-List-for-Philips-Contingent-Workers,wd3,1,34678849986,34678849986,34678849986
https://philips.wd3.myworkdayjobs.com/jobs-and-careers,wd3,1,34678849986,34678849986,34678849986
https://phinia.wd5.myworkdayjobs.com/PHINIA_Careers,wd5,1,34678849986,34678849986,34678849986
https://phsorg.wd1.myworkdayjobs.com/Careers,wd1,1,34678849986,34678849986,34678849986
https://phsorg.wd1.myworkdayjobs.com/Providers,wd1,2,"34678849986,34680651554",34678849986,34680651554
https://pinnacle.wd1.myworkdayjobs.com/Pinnacle,wd1,1,34680651554,34680651554,34680651554
https://pitneybowes.wd1.myworkdayjobs.com/PBCareers,wd1,3,"34676823343,34678849986,34680651554",34676823343,34680651554
https://pjm.wd5.myworkdayjobs.com/pjmcareers,wd5,1,34678849986,34678849986,34678849986
https://pjtpartners.wd1.myworkdayjobs.com/Students,wd1,1,34680651554,34680651554,34680651554
https://pjtpartners.wd1.myworkdayjobs.com/careers,wd1,1,34680651554,34680651554,34680651554
https://pladis.wd3.myworkdayjobs.com/Godiva_Careers,wd3,1,34676823343,34676823343,34676823343
https://plains.wd1.myworkdayjobs.com/Rancho,wd1,1,34680651554,34680651554,34680651554
https://planet.wd3.myworkdayjobs.com/planet,wd3,1,34678849986,34678849986,34678849986
https://plantemoran.wd1.myworkdayjobs.com/opportunity,wd1,1,34676823343,34676823343,34676823343
https://plastipak.wd1.myworkdayjobs.com/Plastipak,wd1,1,34678849986,34678849986,34678849986
https://plugpower.wd5.myworkdayjobs.com/Indeed,wd5,1,34678849986,34678849986,34678849986
https://plugpower.wd5.myworkdayjobs.com/Plug_Power_Inc,wd5,1,34678849986,34678849986,34678849986
https://pluxee.wd3.myworkdayjobs.com/Pluxee_Career_Site,wd3,1,34678849986,34678849986,34678849986
https://pmpediatrics.wd5.myworkdayjobs.com/BehavioralHealth,wd5,1,34676823343,34676823343,34676823343
https://pmpediatrics.wd5.myworkdayjobs.com/provider,wd5,1,34678849986,34678849986,34678849986
https://pnc.wd5.myworkdayjobs.com/External,wd5,2,"34678849986,34680651554",34678849986,34680651554
https://poet.wd1.myworkdayjobs.com/POET,wd1,2,"34678849986,34680651554",34678849986,34680651554
https://polaris.wd5.myworkdayjobs.com/PolarisJobs,wd5,2,"34678849986,34680651554",34678849986,34680651554
https://ponsse.wd3.myworkdayjobs.com/EpecCareers,wd3,1,34678849986,34678849986,34678849986
https://ponsse.wd3.myworkdayjobs.com/PonsseCareers,wd3,1,34678849986,34678849986,34678849986
https://poolcorp.wd1.myworkdayjobs.com/POOLCORP,wd1,1,34680651554,34680651554,34680651554
https://poolcorp.wd1.myworkdayjobs.com/pinchapenny,wd1,1,34680651554,34680651554,34680651554
https://porch.wd1.myworkdayjobs.com/careers,wd1,1,34680651554,34680651554,34680651554
https://powerdesigninc.wd5.myworkdayjobs.com/ExternalJobBoards,wd5,2,"34678849986,34680651554",34678849986,34680651554
https://powerdesigninc.wd5.myworkdayjobs.com/PDI,wd5,2,"34678849986,34680651554",34678849986,34680651554
https://ppg.wd5.myworkdayjobs.com/ppg_careers,wd5,2,"34678849986,34680651554",34678849986,34680651554
https://pra.wd1.myworkdayjobs.com/PRA_Australia_External_Jobs,wd1,1,34680651554,34680651554,34680651554
https://pra.wd1.myworkdayjobs.com/PRA_Conversions,wd1,1,34676823343,34676823343,34676823343
https://pra.wd1.myworkdayjobs.com/PRA_Spain_External_Jobs,wd1,1,34678849986,34678849986,34678849986
https://premera.wd5.myworkdayjobs.com/premera,wd5,1,34678849986,34678849986,34678849986
https://pressganey.wd1.myworkdayjobs.com/Careers,wd1,1,34678849986,34678849986,34678849986
https://pretiumenterpriseservices.wd1.myworkdayjobs.com/anchorloans,wd1,1,34680651554,34680651554,34680651554
https://pretiumenterpriseservices.wd1.myworkdayjobs.com/selene,wd1,1,34680651554,34680651554,34680651554
https://priceline.wd1.myworkdayjobs.com/Priceline,wd1,2,"34678849986,34680651554",34678849986,34680651554
https://priceline.wd1.myworkdayjobs.com/Priceline-CollegeHiring,wd1,1,34678849986,34678849986,34678849986
https://primerica.wd1.myworkdayjobs.com/PRI,wd1,1,34680651554,34680651554,34680651554
https://printpack.wd1.myworkdayjobs.com/agencyrecruiting,wd1,1,34680651554,34680651554,34680651554
https://printpack.wd1.myworkdayjobs.com/printpackcareers,wd1,1,34680651554,34680651554,34680651554
https://priorityoneinc.wd1.myworkdayjobs.com/Priority1,wd1,1,34680651554,34680651554,34680651554
https://prometeia.wd3.myworkdayjobs.com/Prometeia_External_Career_Portal,wd3,1,34678849986,34678849986,34678849986
https://proofpoint.wd5.myworkdayjobs.com/ProofpointCareers,wd5,2,"34678849986,34680651554",34678849986,34680651554
https://propetroservices.wd5.myworkdayjobs.com/propetro_careers,wd5,1,34680651554,34680651554,34680651554
https://propetroservices.wd5.myworkdayjobs.com/propwr_careers,wd5,1,34678849986,34678849986,34678849986
https://pru.wd5.myworkdayjobs.com/Careers,wd5,2,"34678849986,34680651554",34678849986,34680651554
https://prudential.wd3.myworkdayjobs.com/prudential,wd3,1,34678849986,34678849986,34678849986
https://prysmiangroup.wd3.myworkdayjobs.com/Careers,wd3,1,34678849986,34678849986,34678849986
https://psgequity.wd5.myworkdayjobs.com/PSG_External_Careers,wd5,2,"34676823343,34678849986",34676823343,34678849986
https://psu.wd1.myworkdayjobs.com/PSU_Academic,wd1,2,"34678849986,34680651554",34678849986,34680651554
https://psu.wd1.myworkdayjobs.com/PSU_Staff,wd1,2,"34678849986,34680651554",34678849986,34680651554
https://ptc.wd1.myworkdayjobs.com/PTC,wd1,2,"34678849986,34680651554",34678849986,34680651554
https://pullmanregionalhospital.wd1.myworkdayjobs.com/Careers,wd1,2,"34676823343,34680651554",34676823343,34680651554
https://pureinsurance.wd5.myworkdayjobs.com/PURE,wd5,1,34678849986,34678849986,34678849986
https://pwc.wd3.myworkdayjobs.com/Global_Campus_Careers,wd3,1,34678849986,34678849986,34678849986
https://pwc.wd3.myworkdayjobs.com/Global_Experienced_Careers,wd3,1,34678849986,34678849986,34678849986
https://pwc.wd3.myworkdayjobs.com/US_Entry_Level_Careers,wd3,1,34678849986,34678849986,34678849986
https://pwc.wd3.myworkdayjobs.com/US_Experienced_Careers,wd3,1,34678849986,34678849986,34678849986
https://pwc.wd3.myworkdayjobs.com/crm_experienced_careers_site,wd3,1,34678849986,34678849986,34678849986
https://pwc.wd3.myworkdayjobs.com/nonpublic_postings,wd3,1,34678849986,34678849986,34678849986
https://q2ebanking.wd5.myworkdayjobs.com/Q2,wd5,2,"34678849986,34680651554",34678849986,34680651554
https://q8hcm.wd3.myworkdayjobs.com/External_KUPIT,wd3,1,34678849986,34678849986,34678849986
https://q8hcm.wd3.myworkdayjobs.com/External_Tango,wd3,1,34676823343,34676823343,34676823343
https://q8hcm.wd3.myworkdayjobs.com/external_kpes,wd3,1,34678849986,34678849986,34678849986
https://qantas.wd3.myworkdayjobs.com/jetstar_careers,wd3,1,34678849986,34678849986,34678849986
https://qantas.wd3.myworkdayjobs.com/qantas_offline_applications,wd3,1,34678849986,34678849986,34678849986
https://qbe.wd3.myworkdayjobs.com/qbe-careers,wd3,1,34678849986,34678849986,34678849986
https://qtsdatacenters.wd5.myworkdayjobs.com/qts,wd5,2,"34678849986,34680651554",34678849986,34680651554
https://quadient.wd3.myworkdayjobs.com/beanworkscareers,wd3,1,34676823343,34676823343,34676823343
https://quadient.wd3.myworkdayjobs.com/external_career_site,wd3,1,34678849986,34678849986,34678849986
https://qualys.wd5.myworkdayjobs.com/Careers,wd5,2,"34678849986,34680651554",34678849986,34680651554
https://quantiphi.wd1.myworkdayjobs.com/Careers_at_Quantiphi,wd1,2,"34678849986,34680651554",34678849986,34680651554
https://quickenloans.wd5.myworkdayjobs.com/rocket_careers,wd5,2,"34678849986,34680651554",34678849986,34680651554
https://quickenloans.wd5.myworkdayjobs.com/rocket_india,wd5,2,"34678849986,34680651554",34678849986,34680651554
https://quickenloans.wd5.myworkdayjobs.com/rocket_professional,wd5,1,34680651554,34680651554,34680651554
https://r1rcm.wd1.myworkdayjobs.com/R1RCM,wd1,2,"34678849986,34680651554",34678849986,34680651554
https://rabobank.wd3.myworkdayjobs.com/jobs,wd3,1,34678849986,34678849986,34678849986
https://rackspace.wd1.myworkdayjobs.com/External,wd1,2,"34678849986,34680651554",34678849986,34680651554
https://racwa.wd3.myworkdayjobs.com/RAC-Ningaloo-Reef-Resort-Careers,wd3,1,34678849986,34678849986,34678849986
https://rakuten.wd1.myworkdayjobs.com/RakutenAsia,wd1,2,"34678849986,34680651554",34678849986,34680651554
https://rakuten.wd1.myworkdayjobs.com/RakutenEUTD,wd1,1,34676823343,34676823343,34676823343
https://rakuten.wd1.myworkdayjobs.com/RakutenInc,wd1,2,"34678849986,34680651554",34678849986,34680651554
https://rakuten.wd1.myworkdayjobs.com/RakutenRewards,wd1,1,34680651554,34680651554,34680651554
https://rakuten.wd1.myworkdayjobs.com/rakuteneurope,wd1,2,"34678849986,34680651554",34678849986,34680651554
https://rakuten.wd1.myworkdayjobs.com/rakutenfrance,wd1,2,"34678849986,34680651554",34678849986,34680651554
https://rakuten.wd1.myworkdayjobs.com/rakutensymphony,wd1,2,"34678849986,34680651554",34678849986,34680651554
https://rallyhouse.wd5.myworkdayjobs.com/Rally_House_External_Career_Site,wd5,1,34678849986,34678849986,34678849986
https://rand.wd5.myworkdayjobs.com/Adjunct,wd5,1,34676823343,34676823343,34676823343
https://rangersmlb.wd5.myworkdayjobs.com/AIMNoblesville,wd5,1,34678849986,34678849986,34678849986
https://rangersmlb.wd5.myworkdayjobs.com/Cleburne,wd5,1,34678849986,34678849986,34678849986
https://rangersmlb.wd5.myworkdayjobs.com/KCCougars,wd5,1,34678849986,34678849986,34678849986
https://rangersmlb.wd5.myworkdayjobs.com/NMProHockey,wd5,1,34678849986,34678849986,34678849986
https://rangersmlb.wd5.myworkdayjobs.com/Schaumburg,wd5,1,34676823343,34676823343,34676823343
https://raymondjames.wd1.myworkdayjobs.com/RaymondJamesCareers,wd1,2,"34678849986,34680651554",34678849986,34680651554
https://raymondjames.wd1.myworkdayjobs.com/RaymondJamesEarlyCareers,wd1,2,"34676823343,34678849986",34676823343,34678849986
https://razer.wd3.myworkdayjobs.com/Careers,wd3,1,34678849986,34678849986,34678849986
https://rb.wd5.myworkdayjobs.com/FRS,wd5,2,"34678849986,34680651554",34678849986,34680651554
https://rbc.wd3.myworkdayjobs.com/RBCEARLYTALENT1,wd3,1,34678849986,34678849986,34678849986
https://rbc.wd3.myworkdayjobs.com/RBCGLOBAL1,wd3,1,34678849986,34678849986,34678849986
https://rbi.wd3.myworkdayjobs.com/RBI_External_Career_Site_FR,wd3,1,34678849986,34678849986,34678849986
https://rbnz.wd3.myworkdayjobs.com/rbnz,wd3,1,34676823343,34676823343,34676823343
https://rbs.wd3.myworkdayjobs.com/rbs,wd3,1,34678849986,34678849986,34678849986
https://rcgt.wd3.myworkdayjobs.com/External,wd3,1,34678849986,34678849986,34678849986
https://reagroup.wd3.myworkdayjobs.com/productdesign,wd3,1,34678849986,34678849986,34678849986
https://reagroup.wd3.myworkdayjobs.com/reacareers,wd3,1,34678849986,34678849986,34678849986
https://reagroup.wd3.myworkdayjobs.com/springboardtotech,wd3,1,34676823343,34676823343,34676823343
https://reagroup.wd3.myworkdayjobs.com/techdata,wd3,1,34678849986,34678849986,34678849986
https://red.wd1.myworkdayjobs.com/vv,wd1,1,34678849986,34678849986,34678849986
https://redbulltechnology.wd3.myworkdayjobs.com/rb_advanced,wd3,1,34678849986,34678849986,34678849986
https://redhat.wd5.myworkdayjobs.com/jobs,wd5,2,"34678849986,34680651554",34678849986,34680651554
https://redriver.wd5.myworkdayjobs.com/redriver2,wd5,1,34676823343,34676823343,34676823343
https://redriver.wd5.myworkdayjobs.com/redrivercareers,wd5,1,34678849986,34678849986,34678849986
https://reed.wd3.myworkdayjobs.com/Reed_Online_Careers,wd3,1,34678849986,34678849986,34678849986
https://reed.wd3.myworkdayjobs.com/reed_in_partnership_careers,wd3,1,34678849986,34678849986,34678849986
https://regalrexnord.wd1.myworkdayjobs.com/Careers,wd1,2,"34678849986,34680651554",34678849986,34680651554
https://regeneron.wd1.myworkdayjobs.com/Careers,wd1,2,"34678849986,34680651554",34678849986,34680651554
https://regeneron.wd1.myworkdayjobs.com/US_Only_University_Relations_Career,wd1,1,34680651554,34680651554,34680651554
https://regions.wd5.myworkdayjobs.com/regions_careers,wd5,2,"34678849986,34680651554",34678849986,34680651554
https://reitmr.wd5.myworkdayjobs.com/Sonesta,wd5,2,"34678849986,34680651554",34678849986,34680651554
https://reliaquest.wd5.myworkdayjobs.com/ReliaQuest_Careers,wd5,1,34678849986,34678849986,34678849986
https://relx.wd3.myworkdayjobs.com/ElsevierJobs,wd3,1,34678849986,34678849986,34678849986
https://relx.wd3.myworkdayjobs.com/ReedExhibitions,wd3,1,34678849986,34678849986,34678849986
https://relx.wd3.myworkdayjobs.com/RiskSolutions,wd3,1,34678849986,34678849986,34678849986
https://relx.wd3.myworkdayjobs.com/lexisnexislegal,wd3,1,34678849986,34678849986,34678849986
https://relx.wd3.myworkdayjobs.com/relx,wd3,1,34678849986,34678849986,34678849986
https://remitly.wd5.myworkdayjobs.com/Friends_Family_Intern,wd5,1,34678849986,34678849986,34678849986
https://remitly.wd5.myworkdayjobs.com/Remitly_Careers,wd5,2,"34678849986,34680651554",34678849986,34680651554
https://renishaw.wd3.myworkdayjobs.com/renishaw,wd3,1,34678849986,34678849986,34678849986
https://repsol.wd3.myworkdayjobs.com/Repsol,wd3,1,34678849986,34678849986,34678849986
https://repsol.wd3.myworkdayjobs.com/sinopec,wd3,1,34676823343,34676823343,34676823343
https://republic.wd5.myworkdayjobs.com/Republic,wd5,2,"34678849986,34680651554",34678849986,34680651554
https://republic.wd5.myworkdayjobs.com/Stablex,wd5,1,34678849986,34678849986,34678849986
https://resilience.wd1.myworkdayjobs.com/Resilience_Careers,wd1,3,"34676823343,34678849986,34680651554",34676823343,34680651554
https://resmed.wd3.myworkdayjobs.com/ResMed_External_Careers,wd3,1,34678849986,34678849986,34678849986
https://resolutionlife.wd5.myworkdayjobs.com/resolutionlife_jobs,wd5,1,34678849986,34678849986,34678849986
https://resolvetech.wd1.myworkdayjobs.com/RTS,wd1,2,"34678849986,34680651554",34678849986,34680651554
https://revantage.wd1.myworkdayjobs.com/April_Housing,wd1,1,34678849986,34678849986,34678849986
https://revantage.wd1.myworkdayjobs.com/Binomial,wd1,1,34678849986,34678849986,34678849986
https://rhahealthservices.wd1.myworkdayjobs.com/1,wd1,1,34680651554,34680651554,34680651554
https://rhe.wd3.myworkdayjobs.com/0041,wd3,1,34676823343,34676823343,34676823343
https://rhe.wd3.myworkdayjobs.com/1989,wd3,1,34676823343,34676823343,34676823343
https://rhe.wd3.myworkdayjobs.com/2222,wd3,1,34678849986,34678849986,34678849986
https://rhe.wd3.myworkdayjobs.com/R1111,wd3,1,34678849986,34678849986,34678849986
https://rhodes.wd5.myworkdayjobs.com/Rhodes_Careers,wd5,1,34678849986,34678849986,34678849986
https://rhsc.wd5.myworkdayjobs.com/Red_Cedar_Investment_Management,wd5,1,34678849986,34678849986,34678849986
https://rhsc.wd5.myworkdayjobs.com/the4100group,wd5,1,34678849986,34678849986,34678849986
https://ri.wd5.myworkdayjobs.com/RI,wd5,1,34676823343,34676823343,34676823343
https://richemont.wd3.myworkdayjobs.com/richemont,wd3,1,34678849986,34678849986,34678849986
https://richmond.wd5.myworkdayjobs.com/staff_faculty,wd5,1,34680651554,34680651554,34680651554
https://richmond.wd5.myworkdayjobs.com/student,wd5,1,34680651554,34680651554,34680651554
https://riministreet.wd1.myworkdayjobs.com/RiminiStreet,wd1,2,"34678849986,34680651554",34678849986,34680651554
https://ringcentral.wd1.myworkdayjobs.com/RingCentral_Careers,wd1,2,"34678849986,34680651554",34678849986,34680651554
https://ringling.wd1.myworkdayjobs.com/RinglingExternalCareersFaculty,wd1,2,"34678849986,34680651554",34678849986,34680651554
https://riotinto.wd3.myworkdayjobs.com/RioTinto_Careers,wd3,1,34678849986,34678849986,34678849986
https://riteaid.wd1.myworkdayjobs.com/External,wd1,1,34678849986,34678849986,34678849986
https://rivhs.wd1.myworkdayjobs.com/linkedincareersite,wd1,1,34680651554,34680651554,34680651554
https://roberthalf.wd1.myworkdayjobs.com/ProtivitiGermanyCareers,wd1,1,34678849986,34678849986,34678849986
https://roberthalf.wd1.myworkdayjobs.com/ProtivitiGraduate,wd1,1,34680651554,34680651554,34680651554
https://roberthalf.wd1.myworkdayjobs.com/ProtivitiHongKong,wd1,1,34678849986,34678849986,34678849986
https://roberthalf.wd1.myworkdayjobs.com/ProtivitiItalyCareers,wd1,2,"34678849986,34680651554",34678849986,34680651554
https://roberthalf.wd1.myworkdayjobs.com/ProtivitiNA,wd1,2,"34678849986,34680651554",34678849986,34680651554
https://roberthalf.wd1.myworkdayjobs.com/RHAPACCareers,wd1,1,34678849986,34678849986,34678849986
https://roberthalf.wd1.myworkdayjobs.com/SouthAmericaCareers,wd1,1,34680651554,34680651554,34680651554
https://roberthalf.wd1.myworkdayjobs.com/protivitiexperiencedcareers,wd1,3,"34676823343,34678849986,34680651554",34676823343,34680651554
https://roberthalf.wd1.myworkdayjobs.com/protivitiindia,wd1,1,34678849986,34678849986,34678849986
https://roberthalf.wd1.myworkdayjobs.com/roberthalfcareers,wd1,2,"34678849986,34680651554",34678849986,34680651554
https://roche.wd3.myworkdayjobs.com/ROG-A2O-GENE,wd3,1,34678849986,34678849986,34678849986
https://roche.wd3.myworkdayjobs.com/roche-ext,wd3,1,34678849986,34678849986,34678849986
https://rochester.wd5.myworkdayjobs.com/UR_Nursing,wd5,1,34678849986,34678849986,34678849986
https://rocket.wd5.myworkdayjobs.com/rocket_careers,wd5,2,"34678849986,34680651554",34678849986,34680651554
https://rockwellautomation.wd1.myworkdayjobs.com/External_Rockwell_Automation,wd1,2,"34678849986,34680651554",34678849986,34680651554
https://rockwellautomation.wd1.myworkdayjobs.com/external-rockwell-automation-early-careers,wd1,1,34678849986,34678849986,34678849986
https://rockwoolgroup.wd3.myworkdayjobs.com/ROCKWOOL,wd3,1,34678849986,34678849986,34678849986
https://rockwoolgroup.wd3.myworkdayjobs.com/rockwool_groupevergreens,wd3,1,34676823343,34676823343,34676823343
https://roguefitness.wd1.myworkdayjobs.com/RogueFitness_External_Careers,wd1,1,34680651554,34680651554,34680651554
https://rollsroyce.wd3.myworkdayjobs.com/Intern_Graduate,wd3,1,34678849986,34678849986,34678849986
https://rollsroyce.wd3.myworkdayjobs.com/contingent,wd3,1,34678849986,34678849986,34678849986
https://rollsroyce.wd3.myworkdayjobs.com/professional,wd3,1,34678849986,34678849986,34678849986
https://rollsroyce.wd3.myworkdayjobs.com/rrpowersystems,wd3,1,34678849986,34678849986,34678849986
https://rosendin.wd1.myworkdayjobs.com/Careers,wd1,2,"34678849986,34680651554",34678849986,34680651554
https://roskambakingcompany.wd5.myworkdayjobs.com/Roskam_Careers,wd5,1,34678849986,34678849986,34678849986
https://roswellpark.wd5.myworkdayjobs.com/Ext-RP-Faculty-Executive-Careers,wd5,3,"34676823343,34678849986,34680651554",34676823343,34680651554
https://rpcinc.wd1.myworkdayjobs.com/bronci,wd1,1,34678849986,34678849986,34678849986
https://rpcinc.wd1.myworkdayjobs.com/patterson,wd1,1,34678849986,34678849986,34678849986
https://rpcinc.wd1.myworkdayjobs.com/rpc,wd1,1,34680651554,34680651554,34680651554
https://rpcinc.wd1.myworkdayjobs.com/wellcontrol,wd1,1,34678849986,34678849986,34678849986
https://rrhs.wd5.myworkdayjobs.com/Appcast,wd5,1,34678849986,34678849986,34678849986
https://rrhs.wd5.myworkdayjobs.com/ESS,wd5,1,34678849986,34678849986,34678849986
https://rrhs.wd5.myworkdayjobs.com/RRH,wd5,2,"34678849986,34680651554",34678849986,34680651554
https://rrhs.wd5.myworkdayjobs.com/acm,wd5,1,34676823343,34676823343,34676823343
https://rrhs.wd5.myworkdayjobs.com/maynewgradrns,wd5,1,34678849986,34678849986,34678849986
https://rsm.wd1.myworkdayjobs.com/RSMCareers,wd1,2,"34678849986,34680651554",34678849986,34680651554
https://rumcsi.wd5.myworkdayjobs.com/RUMC,wd5,1,34678849986,34678849986,34678849986
https://ryan.wd1.myworkdayjobs.com/Experienced-Professionals,wd1,2,"34678849986,34680651554",34678849986,34680651554
https://ryan.wd1.myworkdayjobs.com/RyanCareers,wd1,2,"34678849986,34680651554",34678849986,34680651554
https://ryan.wd1.myworkdayjobs.com/TaxJobs,wd1,1,34680651554,34680651554,34680651554
https://ryancompanies.wd5.myworkdayjobs.com/ryancompanies,wd5,2,"34678849986,34680651554",34678849986,34680651554
https://ryansg.wd5.myworkdayjobs.com/broadbean_external,wd5,1,34680651554,34680651554,34680651554
https://ryder.wd5.myworkdayjobs.com/RyderCareers,wd5,2,"34678849986,34680651554",34678849986,34680651554
https://rytbank.wd3.myworkdayjobs.com/External_Career,wd3,1,34678849986,34678849986,34678849986
https://s2cp.wd5.myworkdayjobs.com/fortmanagement,wd5,1,34678849986,34678849986,34678849986
https://s2cp.wd5.myworkdayjobs.com/s2r,wd5,1,34678849986,34678849986,34678849986
https://s7risk.wd5.myworkdayjobs.com/Careers,wd5,1,34676823343,34676823343,34676823343
https://saabusa.wd1.myworkdayjobs.com/saab_careers,wd1,2,"34678849986,34680651554",34678849986,34680651554
https://sabre.wd1.myworkdayjobs.com/SabreJobs,wd1,2,"34678849986,34680651554",34678849986,34680651554
https://sagility.wd1.myworkdayjobs.com/PHP_Bulk_Campus_Hiring_Job_Posting,wd1,1,34678849986,34678849986,34678849986
https://sagility.wd1.myworkdayjobs.com/sagility,wd1,1,34678849986,34678849986,34678849986
https://saica.wd3.myworkdayjobs.com/vonqjp,wd3,1,34678849986,34678849986,34678849986
https://sailpoint.wd1.myworkdayjobs.com/SailPoint,wd1,2,"34678849986,34680651554",34678849986,34680651554
https://salvationarmy.wd3.myworkdayjobs.com/Salvos,wd3,1,34678849986,34678849986,34678849986
https://salvationarmy.wd3.myworkdayjobs.com/broadbean_external,wd3,1,34676823343,34676823343,34676823343
https://salvationarmy.wd3.myworkdayjobs.com/volunteer,wd3,1,34676823343,34676823343,34676823343
https://salvationarmyca.wd3.myworkdayjobs.com/tsacb,wd3,1,34678849986,34678849986,34678849986
https://sands.wd1.myworkdayjobs.com/fortis_careers,wd1,2,"34678849986,34680651554",34678849986,34680651554
https://sandvik.wd3.myworkdayjobs.com/Sandvik_Internal_for_nonWD_employees,wd3,1,34678849986,34678849986,34678849986
https://sandvik.wd3.myworkdayjobs.com/dormerpramet-jobs,wd3,1,34676823343,34676823343,34676823343
https://sandvik.wd3.myworkdayjobs.com/dsiunderground-jobs,wd3,1,34678849986,34678849986,34678849986
https://sandvik.wd3.myworkdayjobs.com/sandvik-jobs,wd3,1,34678849986,34678849986,34678849986
https://sanimax.wd3.myworkdayjobs.com/SanimaxEXT,wd3,1,34676823343,34676823343,34676823343
https://sanmanuel.wd1.myworkdayjobs.com/san_manuel,wd1,1,34680651554,34680651554,34680651554
https://sanmanuel.wd1.myworkdayjobs.com/smghanevada,wd1,1,34678849986,34678849986,34678849986
https://sanofi.wd3.myworkdayjobs.com/SanofiCareers,wd3,1,34678849986,34678849986,34678849986
https://santacruzbicycles.wd1.myworkdayjobs.com/santacruzbicycles,wd1,1,34676823343,34676823343,34676823343
https://santander.wd3.myworkdayjobs.com/SantanderCareers,wd3,1,34678849986,34678849986,34678849986
https://sarepta.wd5.myworkdayjobs.com/co-ops,wd5,1,34678849986,34678849986,34678849986
https://sartorius.wd3.myworkdayjobs.com/sartoriuscareers,wd3,1,34678849986,34678849986,34678849986
https://sasllc.wd1.myworkdayjobs.com/Careers,wd1,1,34678849986,34678849986,34678849986
https://savista.wd1.myworkdayjobs.com/TRANSITION,wd1,1,34678849986,34678849986,34678849986
https://savista.wd1.myworkdayjobs.com/registry,wd1,1,34680651554,34680651554,34680651554
https://saxobank.wd3.myworkdayjobs.com/CareeratSaxoBank,wd3,1,34678849986,34678849986,34678849986
https://sbcos.wd1.myworkdayjobs.com/SBCOS2,wd1,1,34678849986,34678849986,34678849986
https://sbdinc.wd1.myworkdayjobs.com/Stanley_Black_Decker_Career_Site,wd1,2,"34678849986,34680651554",34678849986,34680651554
https://schnucks.wd5.myworkdayjobs.com/SchnucksCareers,wd5,1,34680651554,34680651554,34680651554
https://scholastic.wd5.myworkdayjobs.com/External,wd5,1,34680651554,34680651554,34680651554
https://schomp.wd5.myworkdayjobs.com/SchompCareer,wd5,1,34676823343,34676823343,34676823343
https://schomp.wd5.myworkdayjobs.com/faymyerscareer,wd5,1,34676823343,34676823343,34676823343
https://schumacher.wd1.myworkdayjobs.com/corporate-careers,wd1,1,34680651554,34680651554,34680651554
https://scj.wd5.myworkdayjobs.com/External_Career_Site,wd5,1,34680651554,34680651554,34680651554
https://scj.wd5.myworkdayjobs.com/External_Career_Site_Lifestyle_Brands,wd5,1,34676823343,34676823343,34676823343
https://scottishwater.wd3.myworkdayjobs.com/external_careers,wd3,1,34676823343,34676823343,34676823343
https://scottsmiraclegro.wd5.myworkdayjobs.com/HGCExternal,wd5,1,34678849986,34678849986,34678849986
https://scottsmiraclegro.wd5.myworkdayjobs.com/SMGExternal,wd5,1,34678849986,34678849986,34678849986
https://scottsmiraclegro.wd5.myworkdayjobs.com/SMGIntern,wd5,1,34676823343,34676823343,34676823343
https://sdguthrie.wd3.myworkdayjobs.com/nbpol,wd3,1,34678849986,34678849986,34678849986
https://seacor.wd1.myworkdayjobs.com/fairwater,wd1,2,"34676823343,34678849986",34676823343,34678849986
https://seacor.wd1.myworkdayjobs.com/fairwater-crew,wd1,1,34680651554,34680651554,34680651554
https://seafrigo.wd3.myworkdayjobs.com/external_career_site_seafrigo,wd3,1,34676823343,34676823343,34676823343
https://searhc.wd5.myworkdayjobs.com/SEARHC,wd5,1,34678849986,34678849986,34678849986
https://seatrium.wd3.myworkdayjobs.com/SeatriumCareers,wd3,1,34678849986,34678849986,34678849986
https://seaworldentertainment.wd1.myworkdayjobs.com/SEA,wd1,1,34680651554,34680651554,34680651554
https://sec.wd3.myworkdayjobs.com/Samsung_Careers,wd3,1,34678849986,34678849986,34678849986
https://secretariat.wd5.myworkdayjobs.com/Secretariat_careers,wd5,1,34676823343,34676823343,34676823343
https://sees.wd1.myworkdayjobs.com/sees_candies,wd1,1,34678849986,34678849986,34678849986
https://seic.wd1.myworkdayjobs.com/SEI_Global_Services,wd1,2,"34678849986,34680651554",34678849986,34680651554
https://selinc.wd1.myworkdayjobs.com/SEL,wd1,2,"34678849986,34680651554",34678849986,34680651554
https://sellagroup.wd3.myworkdayjobs.com/ID02,wd3,1,34678849986,34678849986,34678849986
https://semrush.wd5.myworkdayjobs.com/semrushcareers,wd5,1,34680651554,34680651554,34680651554
https://semtech.wd1.myworkdayjobs.com/semtechcareers,wd1,2,"34678849986,34680651554",34678849986,34680651554
https://sensata.wd1.myworkdayjobs.com/Sensata-Careers,wd1,2,"34678849986,34680651554",34678849986,34680651554
https://servco.wd5.myworkdayjobs.com/Servco_Careers,wd5,1,34676823343,34676823343,34676823343
https://servicesourceinc.wd1.myworkdayjobs.com/ServiceSource_Community_Employment_Program,wd1,1,34676823343,34676823343,34676823343
https://servicesourceinc.wd1.myworkdayjobs.com/ServiceSource_Staff,wd1,1,34676823343,34676823343,34676823343
https://servicestream.wd3.myworkdayjobs.com/ServiceStream_Careers,wd3,1,34678849986,34678849986,34678849986
https://servicetitan.wd1.myworkdayjobs.com/servicetitan,wd1,2,"34678849986,34680651554",34678849986,34680651554
https://sfmc.wd1.myworkdayjobs.com/sfhsproviders,wd1,2,"34676823343,34680651554",34676823343,34680651554
https://sglottery.wd5.myworkdayjobs.com/ScientificGamesExternalCareers,wd5,2,"34678849986,34680651554",34678849986,34680651554
https://shakeshack.wd5.myworkdayjobs.com/External,wd5,1,34680651554,34680651554,34680651554
https://sharpservices.wd3.myworkdayjobs.com/AshfieldHealth,wd3,1,34678849986,34678849986,34678849986
https://sharpservices.wd3.myworkdayjobs.com/Canale_Comm,wd3,2,"34676823343,34678849986",34676823343,34678849986
https://sharpservices.wd3.myworkdayjobs.com/Evoke,wd3,1,34678849986,34678849986,34678849986
https://sharpservices.wd3.myworkdayjobs.com/Inizio_Health,wd3,1,34676823343,34676823343,34676823343
https://sharpservices.wd3.myworkdayjobs.com/broadbean_external,wd3,1,34678849986,34678849986,34678849986
https://shawinc.wd1.myworkdayjobs.com/external,wd1,2,"34678849986,34680651554",34678849986,34680651554
https://shell.wd3.myworkdayjobs.com/BrightNetwork,wd3,1,34676823343,34676823343,34676823343
https://shell.wd3.myworkdayjobs.com/SEEK,wd3,1,34676823343,34676823343,34676823343
https://shell.wd3.myworkdayjobs.com/ShellCareers,wd3,1,34678849986,34678849986,34678849986
https://shell.wd3.myworkdayjobs.com/avature,wd3,1,34678849986,34678849986,34678849986
https://shell.wd3.myworkdayjobs.com/stepstone,wd3,1,34676823343,34676823343,34676823343
https://shelterinsurance.wd5.myworkdayjobs.com/careers,wd5,1,34678849986,34678849986,34678849986
https://sierraspace.wd1.myworkdayjobs.com/Sierra_Space_External_Career_Site,wd1,2,"34678849986,34680651554",34678849986,34680651554
https://sifive.wd1.myworkdayjobs.com/sifivecareers,wd1,2,"34678849986,34680651554",34678849986,34680651554
https://signetjewelers.wd1.myworkdayjobs.com/Banter,wd1,1,34680651554,34680651554,34680651554
https://signetjewelers.wd1.myworkdayjobs.com/Jared_Jewelers,wd1,1,34678849986,34678849986,34678849986
https://signetjewelers.wd1.myworkdayjobs.com/bluenile,wd1,1,34678849986,34678849986,34678849986
https://sih.wd5.myworkdayjobs.com/SIH_External,wd5,1,34676823343,34676823343,34676823343
https://silabs.wd1.myworkdayjobs.com/SiliconlabsCareers,wd1,2,"34678849986,34680651554",34678849986,34680651554
https://silabs.wd1.myworkdayjobs.com/experiencedjobs,wd1,2,"34678849986,34680651554",34678849986,34680651554
https://silabs.wd1.myworkdayjobs.com/internships,wd1,1,34680651554,34680651554,34680651554
https://silabs.wd1.myworkdayjobs.com/newcollegegraduates,wd1,2,"34678849986,34680651554",34678849986,34680651554
https://silgancontainers.wd1.myworkdayjobs.com/silgan,wd1,3,"34676823343,34678849986,34680651554",34676823343,34680651554
https://simcorp.wd3.myworkdayjobs.com/SimCorp_Jobs,wd3,1,34678849986,34678849986,34678849986
https://simcorp.wd3.myworkdayjobs.com/SimCorp_Private,wd3,1,34678849986,34678849986,34678849986
https://simedarby.wd3.myworkdayjobs.com/SimeCareerSite,wd3,1,34678849986,34678849986,34678849986
https://simonsfoundation.wd1.myworkdayjobs.com/SCCCareers,wd1,1,34680651554,34680651554,34680651554
https://situsamc.wd1.myworkdayjobs.com/SitusAMC,wd1,1,34680651554,34680651554,34680651554
https://sizemoreco.wd5.myworkdayjobs.com/SizemoreCareers,wd5,1,34676823343,34676823343,34676823343
https://sjrmc.wd1.myworkdayjobs.com/sjrmc_student,wd1,1,34678849986,34678849986,34678849986
https://skadden.wd5.myworkdayjobs.com/Skadden_Careers,wd5,2,"34676823343,34678849986",34676823343,34678849986
https://sky.wd3.myworkdayjobs.com/tux,wd3,1,34678849986,34678849986,34678849986
https://slihrms.wd3.myworkdayjobs.com/Careers,wd3,1,34678849986,34678849986,34678849986
https://slihrms.wd3.myworkdayjobs.com/linxon,wd3,1,34678849986,34678849986,34678849986
https://sluhn.wd1.myworkdayjobs.com/Career_Builder,wd1,1,34678849986,34678849986,34678849986
https://sluhn.wd1.myworkdayjobs.com/SLUHN,wd1,1,34678849986,34678849986,34678849986
https://sluhn.wd1.myworkdayjobs.com/Y_St_Lukes_Resident_Postings,wd1,1,34678849986,34678849986,34678849986
https://sluhn.wd1.myworkdayjobs.com/sluhnphysician,wd1,1,34680651554,34680651554,34680651554
https://smithcollege.wd5.myworkdayjobs.com/smithcollege,wd5,1,34680651554,34680651554,34680651554
https://smithfieldfoods.wd1.myworkdayjobs.com/Careers,wd1,2,"34678849986,34680651554",34678849986,34680651554
https://smithnephew.wd5.myworkdayjobs.com/External,wd5,2,"34678849986,34680651554",34678849986,34680651554
https://smucker.wd5.myworkdayjobs.com/US_External_Careers,wd5,2,"34678849986,34680651554",34678849986,34680651554
https://snapchat.wd1.myworkdayjobs.com/immigration,wd1,2,"34678849986,34680651554",34678849986,34680651554
https://snapchat.wd1.myworkdayjobs.com/snap,wd1,2,"34678849986,34680651554",34678849986,34680651554
https://snapchat.wd1.myworkdayjobs.com/sourced,wd1,2,"34678849986,34680651554",34678849986,34680651554
https://snapchat.wd1.myworkdayjobs.com/zenly,wd1,1,34678849986,34678849986,34678849986
https://snapfinance.wd1.myworkdayjobs.com/Seen_External_Careers,wd1,1,34678849986,34678849986,34678849986
https://snapfinance.wd1.myworkdayjobs.com/Snap_External_Careers,wd1,1,34680651554,34680651554,34680651554
https://snc.wd1.myworkdayjobs.com/SNC_External_Career_Site,wd1,2,"34678849986,34680651554",34678849986,34680651554
https://snc.wd1.myworkdayjobs.com/sierra_space_external_career_site,wd1,1,34678849986,34678849986,34678849986
https://soka.wd5.myworkdayjobs.com/nonpubliccareersite,wd5,1,34678849986,34678849986,34678849986
https://soka.wd5.myworkdayjobs.com/sokacareersite,wd5,1,34678849986,34678849986,34678849986
https://solenis.wd1.myworkdayjobs.com/Solenis,wd1,2,"34678849986,34680651554",34678849986,34680651554
https://solera.wd5.myworkdayjobs.com/global_career_site,wd5,2,"34678849986,34680651554",34678849986,34680651554
https://solutionhealth.wd1.myworkdayjobs.com/careers,wd1,2,"34674940258,34678849986",34674940258,34678849986
https://solvenergy.wd1.myworkdayjobs.com/SOLV_External_Career,wd1,2,"34678849986,34680651554",34678849986,34680651554
https://sonoco.wd1.myworkdayjobs.com/CorporateCareers,wd1,2,"34678849986,34680651554",34678849986,34680651554
https://sonoco.wd1.myworkdayjobs.com/toppan-packaging,wd1,1,34676823343,34676823343,34676823343
https://sonos.wd1.myworkdayjobs.com/Sonos,wd1,2,"34678849986,34680651554",34678849986,34680651554
https://sonyglobal.wd1.myworkdayjobs.com/sony_europe_careers,wd1,1,34680651554,34680651554,34680651554
https://sonyglobal.wd1.myworkdayjobs.com/sonyglobalcareers,wd1,2,"34678849986,34680651554",34678849986,34680651554
https://soti.wd3.myworkdayjobs.com/Careers,wd3,1,34678849986,34678849986,34678849986
https://soti.wd3.myworkdayjobs.com/Referral_Job_Posting_Site,wd3,1,34678849986,34678849986,34678849986
https://soti.wd3.myworkdayjobs.com/SOTI-Next-Gen,wd3,1,34678849986,34678849986,34678849986
https://sourcewell.wd1.myworkdayjobs.com/SWCareers,wd1,1,34678849986,34678849986,34678849986
https://southshorehealth.wd5.myworkdayjobs.com/SSH_Careers,wd5,2,"34676823343,34678849986",34676823343,34678849986
https://southstatebank.wd5.myworkdayjobs.com/IFJobBoard,wd5,1,34678849986,34678849986,34678849986
https://spe.wd1.myworkdayjobs.com/sonypicturesentertainment,wd1,1,34678849986,34678849986,34678849986
https://specialized.wd5.myworkdayjobs.com/Specialized_External_Career_Site,wd5,2,"34678849986,34680651554",34678849986,34680651554
https://spectris.wd3.myworkdayjobs.com/PMS_Careers,wd3,1,34678849986,34678849986,34678849986
https://spectris.wd3.myworkdayjobs.com/Spectris_Careers,wd3,1,34676823343,34676823343,34676823343
https://spectris.wd3.myworkdayjobs.com/hbk_careers,wd3,1,34678849986,34678849986,34678849986
https://spectris.wd3.myworkdayjobs.com/malvern_panalytical_careers,wd3,1,34678849986,34678849986,34678849986
https://spectrumcontrol.wd1.myworkdayjobs.com/SpectrumControl,wd1,2,"34678849986,34680651554",34678849986,34680651554
https://spencerstuart.wd5.myworkdayjobs.com/Evergreen_Requisitions,wd5,1,34676823343,34676823343,34676823343
https://spencerstuart.wd5.myworkdayjobs.com/Spencer_Stuart_External_Careers,wd5,2,"34676823343,34678849986",34676823343,34678849986
https://spgi.wd5.myworkdayjobs.com/SPGI_Careers,wd5,2,"34678849986,34680651554",34678849986,34680651554
https://spgi.wd5.myworkdayjobs.com/SPGI_Internal,wd5,2,"34678849986,34680651554",34678849986,34680651554
https://spgi.wd5.myworkdayjobs.com/osttra_careers,wd5,1,34676823343,34676823343,34676823343
https://sphera.wd1.myworkdayjobs.com/Careers,wd1,1,34678849986,34678849986,34678849986
https://spinmaster.wd3.myworkdayjobs.com/SpinMaster_Careers,wd3,1,34678849986,34678849986,34678849986
https://spinmaster.wd3.myworkdayjobs.com/TocaBoca_Careers,wd3,1,34678849986,34678849986,34678849986
https://sprinklr.wd1.myworkdayjobs.com/careers,wd1,2,"34678849986,34680651554",34678849986,34680651554
https://srsdistribution.wd1.myworkdayjobs.com/dnu_broadbean_external,wd1,1,34678849986,34678849986,34678849986
https://srsdistribution.wd1.myworkdayjobs.com/heritage-pool,wd1,1,34680651554,34680651554,34680651554
https://ssctech.wd1.myworkdayjobs.com/SSCTechnologies,wd1,2,"34678849986,34680651554",34678849986,34680651554
https://stagecoach.wd3.myworkdayjobs.com/External,wd3,1,34678849986,34678849986,34678849986
https://stageentertainment.wd3.myworkdayjobs.com/stageentertainmentnl,wd3,2,"34676823343,34678849986",34676823343,34678849986
https://standardmeat.wd1.myworkdayjobs.com/SMC,wd1,1,34678849986,34678849986,34678849986
https://starrcompanies.wd1.myworkdayjobs.com/careers,wd1,1,34680651554,34680651554,34680651554
https://stars.wd1.myworkdayjobs.com/search,wd1,1,34678849986,34678849986,34678849986
https://statestreet.wd1.myworkdayjobs.com/Global,wd1,2,"34678849986,34680651554",34678849986,34680651554
https://statestreet.wd1.myworkdayjobs.com/eQuest,wd1,2,"34678849986,34680651554",34678849986,34680651554
https://stedin.wd3.myworkdayjobs.com/DNWG_intra,wd3,1,34678849986,34678849986,34678849986
https://stedin.wd3.myworkdayjobs.com/werkenbijstedin,wd3,1,34678849986,34678849986,34678849986
https://steeleurope.wd3.myworkdayjobs.com/tk_Confidential,wd3,1,34676823343,34676823343,34676823343
https://stewart.wd1.myworkdayjobs.com/OTF,wd1,1,34678849986,34678849986,34678849986
https://stjude.wd1.myworkdayjobs.com/stjude,wd1,2,"34678849986,34680651554",34678849986,34680651554
https://stoneridge.wd5.myworkdayjobs.com/Careers,wd5,2,"34678849986,34680651554",34678849986,34680651554
https://stph.wd5.myworkdayjobs.com/STPH,wd5,2,"34676823343,34680651554",34676823343,34680651554
https://strayer.wd1.myworkdayjobs.com/FWS_Careers,wd1,1,34678849986,34678849986,34678849986
https://strayer.wd1.myworkdayjobs.com/dm_careers,wd1,1,34680651554,34680651554,34680651554
https://strayer.wd1.myworkdayjobs.com/sei,wd1,1,34680651554,34680651554,34680651554
https://stryker.wd1.myworkdayjobs.com/StrykerAgencySite,wd1,2,"34678849986,34680651554",34678849986,34680651554
https://stryker.wd1.myworkdayjobs.com/StrykerCareers,wd1,2,"34678849986,34680651554",34678849986,34680651554
https://stvinc.wd5.myworkdayjobs.com/stv,wd5,2,"34678849986,34680651554",34678849986,34680651554
https://suddath.wd5.myworkdayjobs.com/phase_integration,wd5,2,"34676823343,34678849986",34676823343,34678849986
https://suddath.wd5.myworkdayjobs.com/seasonal,wd5,1,34676823343,34676823343,34676823343
https://suffolkcountyny.wd1.myworkdayjobs.com/Suffolkcounty1,wd1,1,34680651554,34680651554,34680651554
https://summitbhc.wd1.myworkdayjobs.com/Summit_BHC,wd1,1,34678849986,34678849986,34678849986
https://summitracing.wd5.myworkdayjobs.com/SummitRacing-Partner-External-Site,wd5,2,"34676823343,34678849986",34676823343,34678849986
https://sunlife.wd3.myworkdayjobs.com/Experienced,wd3,1,34678849986,34678849986,34678849986
https://sunlife.wd3.myworkdayjobs.com/Experienced-Jobs,wd3,1,34678849986,34678849986,34678849986
https://sunlife.wd3.myworkdayjobs.com/PinnacleCare,wd3,1,34678849986,34678849986,34678849986
https://sunlife.wd3.myworkdayjobs.com/SLCManagement,wd3,1,34676823343,34676823343,34676823343
https://sunrun.wd5.myworkdayjobs.com/Sunrun_Careers,wd5,1,34678849986,34678849986,34678849986
https://superiorconstruction.wd5.myworkdayjobs.com/supconstr,wd5,1,34678849986,34678849986,34678849986
https://surbanajurong.wd3.myworkdayjobs.com/SJ_Careers,wd3,1,34678849986,34678849986,34678849986
https://surbanajurong.wd3.myworkdayjobs.com/careersatsmec,wd3,1,34678849986,34678849986,34678849986
https://svb.wd5.myworkdayjobs.com/firstcitizensindia,wd5,2,"34678849986,34680651554",34678849986,34680651554
https://svha.wd3.myworkdayjobs.com/SVHA_SVPCHG,wd3,2,"34676823343,34678849986",34676823343,34678849986
https://svha.wd3.myworkdayjobs.com/svha_svphb,wd3,1,34676823343,34676823343,34676823343
https://svitzer.wd3.myworkdayjobs.com/svitzer_careers,wd3,2,"34676823343,34678849986",34676823343,34678849986
https://swbc.wd1.myworkdayjobs.com/Claims,wd1,1,34678849986,34678849986,34678849986
https://swbc.wd1.myworkdayjobs.com/CollegeInternships,wd1,1,34678849986,34678849986,34678849986
https://swbc.wd1.myworkdayjobs.com/SMC1,wd1,1,34676823343,34676823343,34676823343
https://swbc.wd1.myworkdayjobs.com/collections,wd1,1,34678849986,34678849986,34678849986
https://swbc.wd1.myworkdayjobs.com/humanresources-training,wd1,1,34678849986,34678849986,34678849986
https://swbc.wd1.myworkdayjobs.com/marketing,wd1,1,34680651554,34680651554,34680651554
https://swbc.wd1.myworkdayjobs.com/ssmc1,wd1,1,34678849986,34678849986,34678849986
https://swbc.wd1.myworkdayjobs.com/ssmc2,wd1,1,34678849986,34678849986,34678849986
https://swbc.wd1.myworkdayjobs.com/swbccareers,wd1,2,"34678849986,34680651554",34678849986,34680651554
https://swift.wd3.myworkdayjobs.com/Join-Swift,wd3,1,34678849986,34678849986,34678849986
https://swinerton.wd1.myworkdayjobs.com/M_D_Builders,wd1,1,34680651554,34680651554,34680651554
https://swinerton.wd1.myworkdayjobs.com/Swinerton_External_Career,wd1,2,"34678849986,34680651554",34678849986,34680651554
https://swinerton.wd1.myworkdayjobs.com/sak_builders,wd1,2,"34676823343,34680651554",34676823343,34680651554
https://swinerton.wd1.myworkdayjobs.com/swinenergy,wd1,1,34680651554,34680651554,34680651554
https://swinerton.wd1.myworkdayjobs.com/timberlab,wd1,1,34680651554,34680651554,34680651554
https://swisslife.wd3.myworkdayjobs.com/swiss_life_division_france_career_site,wd3,1,34678849986,34678849986,34678849986
https://synchronyfinancial.wd5.myworkdayjobs.com/AgencyCareerSite,wd5,1,34678849986,34678849986,34678849986
https://synchronyfinancial.wd5.myworkdayjobs.com/careers,wd5,1,34678849986,34678849986,34678849986
https://synechron.wd1.myworkdayjobs.com/SynechronCareers,wd1,2,"34678849986,34680651554",34678849986,34680651554
https://syniverse.wd1.myworkdayjobs.com/syniversecareers,wd1,2,"34678849986,34680651554",34678849986,34680651554
https://synnex.wd5.myworkdayjobs.com/hyvecareers,wd5,2,"34678849986,34680651554",34678849986,34680651554
https://synnex.wd5.myworkdayjobs.com/tdsynnexcareers,wd5,2,"34678849986,34680651554",34678849986,34680651554
https://synthomer.wd3.myworkdayjobs.com/synthomercareers,wd3,1,34678849986,34678849986,34678849986
https://tag.wd3.myworkdayjobs.com/Tag_Careers,wd3,1,34676823343,34676823343,34676823343
https://tag.wd3.myworkdayjobs.com/WLT_Careers_DNU,wd3,1,34678849986,34678849986,34678849986
https://takeaway.wd3.myworkdayjobs.com/jet-ecs-r,wd3,1,34678849986,34678849986,34678849986
https://tal.wd3.myworkdayjobs.com/SKL-TAL,wd3,1,34678849986,34678849986,34678849986
https://talentmanagementsolution.wd3.myworkdayjobs.com/Benbria,wd3,1,34676823343,34676823343,34676823343
https://talentmanagementsolution.wd3.myworkdayjobs.com/Bookassist_IE,wd3,1,34678849986,34678849986,34678849986
https://talentmanagementsolution.wd3.myworkdayjobs.com/CareerSeekom,wd3,1,34676823343,34676823343,34676823343
https://talentmanagementsolution.wd3.myworkdayjobs.com/Centaman_Career,wd3,1,34676823343,34676823343,34676823343
https://talentmanagementsolution.wd3.myworkdayjobs.com/CommonCentsSolutions-Careers,wd3,2,"34676823343,34678849986",34676823343,34678849986
https://talentmanagementsolution.wd3.myworkdayjobs.com/ConstellationPaymentProcessing-Career,wd3,1,34678849986,34678849986,34678849986
https://talentmanagementsolution.wd3.myworkdayjobs.com/ContourSoftware-Careers,wd3,1,34678849986,34678849986,34678849986
https://talentmanagementsolution.wd3.myworkdayjobs.com/CriticalImpact-Careers,wd3,1,34678849986,34678849986,34678849986
https://talentmanagementsolution.wd3.myworkdayjobs.com/Fuel-Career,wd3,1,34676823343,34676823343,34676823343
https://talentmanagementsolution.wd3.myworkdayjobs.com/HuntingtonBusiness_Systems,wd3,1,34678849986,34678849986,34678849986
https://talentmanagementsolution.wd3.myworkdayjobs.com/ITWERCS-CareerSite,wd3,1,34678849986,34678849986,34678849986
https://talentmanagementsolution.wd3.myworkdayjobs.com/ImagineEverything,wd3,1,34676823343,34676823343,34676823343
https://talentmanagementsolution.wd3.myworkdayjobs.com/InfomaxCareer,wd3,1,34676823343,34676823343,34676823343
https://talentmanagementsolution.wd3.myworkdayjobs.com/JonasLeisure,wd3,1,34678849986,34678849986,34678849986
https://talentmanagementsolution.wd3.myworkdayjobs.com/KestralCareer,wd3,1,34676823343,34676823343,34676823343
https://talentmanagementsolution.wd3.myworkdayjobs.com/Kitomba--Careers,wd3,1,34678849986,34678849986,34678849986
https://talentmanagementsolution.wd3.myworkdayjobs.com/LilYPad_POS-Career,wd3,1,34678849986,34678849986,34678849986
https://talentmanagementsolution.wd3.myworkdayjobs.com/MembersFirst-Career,wd3,1,34676823343,34676823343,34676823343
https://talentmanagementsolution.wd3.myworkdayjobs.com/Omniterm,wd3,1,34678849986,34678849986,34678849986
https://talentmanagementsolution.wd3.myworkdayjobs.com/RBROSolutions-Career,wd3,1,34676823343,34676823343,34676823343
https://talentmanagementsolution.wd3.myworkdayjobs.com/ShortcutSoftware,wd3,1,34676823343,34676823343,34676823343
https://talentmanagementsolution.wd3.myworkdayjobs.com/ShortcutsAUS-Careers,wd3,2,"34676823343,34678849986",34676823343,34678849986
https://talentmanagementsolution.wd3.myworkdayjobs.com/ShowdataSystems-Careers,wd3,1,34678849986,34678849986,34678849986
https://talentmanagementsolution.wd3.myworkdayjobs.com/SignMeUp-Careers,wd3,1,34678849986,34678849986,34678849986
https://talentmanagementsolution.wd3.myworkdayjobs.com/Tangerine,wd3,1,34676823343,34676823343,34676823343
https://talentmanagementsolution.wd3.myworkdayjobs.com/WheatleySoftwareSolutions,wd3,1,34676823343,34676823343,34676823343
https://talentmanagementsolution.wd3.myworkdayjobs.com/amieducationsolutionslimited-careers,wd3,1,34678849986,34678849986,34678849986
https://talentmanagementsolution.wd3.myworkdayjobs.com/eFit_Financial-Careers,wd3,1,34676823343,34676823343,34676823343
https://talentmanagementsolution.wd3.myworkdayjobs.com/fitronics-uk,wd3,1,34678849986,34678849986,34678849986
https://talentmanagementsolution.wd3.myworkdayjobs.com/granburyfood-career,wd3,1,34676823343,34676823343,34676823343
https://talentmanagementsolution.wd3.myworkdayjobs.com/hopewiser,wd3,1,34678849986,34678849986,34678849986
https://talentmanagementsolution.wd3.myworkdayjobs.com/inreach-careers,wd3,1,34678849986,34678849986,34678849986
https://talentmanagementsolution.wd3.myworkdayjobs.com/jonasconstruction-careers,wd3,1,34678849986,34678849986,34678849986
https://talentmanagementsolution.wd3.myworkdayjobs.com/jonasconstruction-developmentandqualityassurance-careers,wd3,1,34678849986,34678849986,34678849986
https://talentmanagementsolution.wd3.myworkdayjobs.com/jonaseventtechnology-careers,wd3,1,34678849986,34678849986,34678849986
https://talentmanagementsolution.wd3.myworkdayjobs.com/mcr_systems,wd3,1,34676823343,34676823343,34676823343
https://talentmanagementsolution.wd3.myworkdayjobs.com/monarq-careers,wd3,1,34678849986,34678849986,34678849986
https://talentmanagementsolution.wd3.myworkdayjobs.com/orion-careers,wd3,1,34676823343,34676823343,34676823343
https://talentmanagementsolution.wd3.myworkdayjobs.com/perseus-careers1,wd3,2,"34676823343,34678849986",34676823343,34678849986
https://talentmanagementsolution.wd3.myworkdayjobs.com/salonsoftwaresolutionltd-careers,wd3,1,34676823343,34676823343,34676823343
https://talentmanagementsolution.wd3.myworkdayjobs.com/tucasi-careers,wd3,2,"34676823343,34678849986",34676823343,34678849986
https://talentmanagementsolution.wd3.myworkdayjobs.com/uniware,wd3,1,34678849986,34678849986,34678849986
https://tamus.wd1.myworkdayjobs.com/ETAMU_Student_Employment,wd1,1,34680651554,34680651554,34680651554
https://tamus.wd1.myworkdayjobs.com/System-wide_External,wd1,2,"34678849986,34680651554",34678849986,34680651554
https://tamus.wd1.myworkdayjobs.com/TAMUCC_External,wd1,1,34678849986,34678849986,34678849986
https://tamus.wd1.myworkdayjobs.com/TAMUT_External,wd1,2,"34678849986,34680651554",34678849986,34680651554
https://tamus.wd1.myworkdayjobs.com/TAMU_External,wd1,1,34680651554,34680651554,34680651554
https://tamus.wd1.myworkdayjobs.com/TARLETON_External,wd1,1,34680651554,34680651554,34680651554
https://tamus.wd1.myworkdayjobs.com/WTAMU_External,wd1,1,34676823343,34676823343,34676823343
https://tamus.wd1.myworkdayjobs.com/tees_external,wd1,2,"34676823343,34678849986",34676823343,34678849986
https://tamus.wd1.myworkdayjobs.com/tfs_external,wd1,1,34678849986,34678849986,34678849986
https://tamus.wd1.myworkdayjobs.com/tti_external,wd1,1,34676823343,34676823343,34676823343
https://target.wd5.myworkdayjobs.com/targetcareers,wd5,2,"34678849986,34680651554",34678849986,34680651554
https://taskus.wd1.myworkdayjobs.com/Careers,wd1,2,"34678849986,34680651554",34678849986,34680651554
https://taxwell.wd1.myworkdayjobs.com/TaxwellCareers,wd1,1,34676823343,34676823343,34676823343
https://taymax.wd5.myworkdayjobs.com/External_Careers,wd5,2,"34678849986,34680651554",34678849986,34680651554
https://tbkbank.wd1.myworkdayjobs.com/Acquisition,wd1,1,34680651554,34680651554,34680651554
https://tbkbank.wd1.myworkdayjobs.com/tfin,wd1,1,34680651554,34680651554,34680651554
https://tcbrands.wd1.myworkdayjobs.com/Jack-wolfskin-Careers,wd1,1,34680651554,34680651554,34680651554
https://tcenergy.wd3.myworkdayjobs.com/CAREER_SITE_TC,wd3,1,34678849986,34678849986,34678849986
https://tcsedsystem.wd1.myworkdayjobs.com/UWS_SW,wd1,1,34678849986,34678849986,34678849986
https://tcsedsystem.wd1.myworkdayjobs.com/colcareers,wd1,2,"34676823343,34680651554",34676823343,34680651554
https://tcsedsystem.wd1.myworkdayjobs.com/pacificoakscareers,wd1,1,34680651554,34680651554,34680651554
https://td.wd3.myworkdayjobs.com/TD_Bank_Careers,wd3,1,34678849986,34678849986,34678849986
https://teachforamerica.wd1.myworkdayjobs.com/TFA_Careers,wd1,1,34678849986,34678849986,34678849986
https://tealium.wd1.myworkdayjobs.com/careers,wd1,1,34680651554,34680651554,34680651554
https://techem.wd3.myworkdayjobs.com/TechemGermanyCareerApprentice,wd3,1,34678849986,34678849986,34678849986
https://techem.wd3.myworkdayjobs.com/TechemGermanyExternalCareerSiteAllJobs,wd3,1,34678849986,34678849986,34678849986
https://tel.wd3.myworkdayjobs.com/TEL-Careers,wd3,1,34678849986,34678849986,34678849986
https://tel.wd3.myworkdayjobs.com/TET_Career,wd3,1,34678849986,34678849986,34678849986
https://tel.wd3.myworkdayjobs.com/TMY_Career,wd3,1,34678849986,34678849986,34678849986
https://teleperformance.wd1.myworkdayjobs.com/teleperformance,wd1,1,34680651554,34680651554,34680651554
https://teliacompany.wd3.myworkdayjobs.com/Telia_careers,wd3,1,34678849986,34678849986,34678849986
https://tempus.wd5.myworkdayjobs.com/Tempus_Careers,wd5,2,"34678849986,34680651554",34678849986,34680651554
https://tenbrinke.wd3.myworkdayjobs.com/tenbrinke,wd3,1,34678849986,34678849986,34678849986
https://tencent.wd1.myworkdayjobs.com/Lightspeed,wd1,2,"34678849986,34680651554",34678849986,34680651554
https://tencent.wd1.myworkdayjobs.com/OA_Huoshui_Platform,wd1,2,"34678849986,34680651554",34678849986,34680651554
https://tencent.wd1.myworkdayjobs.com/Tencent_Careers,wd1,2,"34678849986,34680651554",34678849986,34680651554
https://tencent.wd1.myworkdayjobs.com/internal_bole,wd1,1,34678849986,34678849986,34678849986
https://tencent.wd1.myworkdayjobs.com/timi_montreal_careers,wd1,1,34678849986,34678849986,34678849986
https://tennis.wd3.myworkdayjobs.com/ta_blind,wd3,1,34678849986,34678849986,34678849986
https://terex.wd1.myworkdayjobs.com/terexcareers,wd1,2,"34678849986,34680651554",34678849986,34680651554
https://terminix.wd1.myworkdayjobs.com/Active,wd1,1,34680651554,34680651554,34680651554
https://terminix.wd1.myworkdayjobs.com/RentokilNorthAmerica,wd1,1,34678849986,34678849986,34678849986
https://terminix.wd1.myworkdayjobs.com/Steritech,wd1,1,34678849986,34678849986,34678849986
https://terminix.wd1.myworkdayjobs.com/TargetSpecialtyProducts,wd1,1,34680651554,34680651554,34680651554
https://terminix.wd1.myworkdayjobs.com/ambius,wd1,1,34680651554,34680651554,34680651554
https://terumo.wd3.myworkdayjobs.com/External,wd3,1,34678849986,34678849986,34678849986
https://thales.wd3.myworkdayjobs.com/Careers,wd3,1,34678849986,34678849986,34678849986
https://theahsg.wd5.myworkdayjobs.com/triowfs_jobs,wd5,1,34678849986,34678849986,34678849986
https://theapexgroup.wd3.myworkdayjobs.com/apexgroupcareers,wd3,1,34678849986,34678849986,34678849986
https://theclaremontcolleges.wd1.myworkdayjobs.com/CGU_Careers,wd1,1,34678849986,34678849986,34678849986
https://theclaremontcolleges.wd1.myworkdayjobs.com/KGI_Careers,wd1,1,34680651554,34680651554,34680651554
https://theclaremontcolleges.wd1.myworkdayjobs.com/SCR_Careers_Faculty,wd1,1,34680651554,34680651554,34680651554
https://thehartford.wd5.myworkdayjobs.com/Careers_External,wd5,2,"34678849986,34680651554",34678849986,34680651554
https://theirc.wd1.myworkdayjobs.com/External_Careers,wd1,1,34680651554,34680651554,34680651554
https://theocc.wd5.myworkdayjobs.com/careers,wd5,2,"34678849986,34680651554",34678849986,34680651554
https://thermofisher.wd5.myworkdayjobs.com/thermofishercareers,wd5,2,"34678849986,34680651554",34678849986,34680651554
https://thomsonreuters.wd5.myworkdayjobs.com/External_Career_Site,wd5,2,"34678849986,34680651554",34678849986,34680651554
https://thrivent.wd5.myworkdayjobs.com/external,wd5,2,"34678849986,34680651554",34678849986,34680651554
https://tibco.wd5.myworkdayjobs.com/Cloud_Software_Group,wd5,2,"34678849986,34680651554",34678849986,34680651554
https://tihinsurance.wd1.myworkdayjobs.com/CRC_Careers,wd1,1,34680651554,34680651554,34680651554
https://tilray.wd3.myworkdayjobs.com/Tilray,wd3,1,34678849986,34678849986,34678849986
https://tjx.wd1.myworkdayjobs.com/TJX_EXTERNAL,wd1,2,"34678849986,34680651554",34678849986,34680651554
https://tjx.wd1.myworkdayjobs.com/TJX_PRIVATE_POSTINGS,wd1,2,"34678849986,34680651554",34678849986,34680651554
https://tmnas.wd5.myworkdayjobs.com/ExternalCareersTMA,wd5,1,34678849986,34678849986,34678849986
https://tmnas.wd5.myworkdayjobs.com/ExternalCareersTMX,wd5,1,34678849986,34678849986,34678849986
https://tmnas.wd5.myworkdayjobs.com/externalcareersficoh,wd5,1,34676823343,34676823343,34676823343
https://tmx.wd3.myworkdayjobs.com/TMX_Careers,wd3,1,34678849986,34678849986,34678849986
https://tnsi.wd1.myworkdayjobs.com/search,wd1,2,"34678849986,34680651554",34678849986,34680651554
https://topcon.wd1.myworkdayjobs.com/TopconPositioningCareers,wd1,2,"34678849986,34680651554",34678849986,34680651554
https://totalwine.wd1.myworkdayjobs.com/Oklahomafws,wd1,2,"34678849986,34680651554",34678849986,34680651554
https://totalwine.wd1.myworkdayjobs.com/twm,wd1,2,"34678849986,34680651554",34678849986,34680651554
https://toyotaau.wd3.myworkdayjobs.com/Jobs,wd3,1,34678849986,34678849986,34678849986
https://toyotaau.wd3.myworkdayjobs.com/broadbean_external,wd3,1,34678849986,34678849986,34678849986
https://trafigura.wd3.myworkdayjobs.com/TrafiguraCareerSite,wd3,1,34678849986,34678849986,34678849986
https://trafigura.wd3.myworkdayjobs.com/trafigurafoundationcareersite,wd3,1,34676823343,34676823343,34676823343
https://transamerica.wd5.myworkdayjobs.com/AegonGBSC,wd5,1,34678849986,34678849986,34678849986
https://transamerica.wd5.myworkdayjobs.com/Japan,wd5,1,34676823343,34676823343,34676823343
https://transamerica.wd5.myworkdayjobs.com/US,wd5,3,"34676823343,34678849986,34680651554",34676823343,34680651554
https://transperfect.wd5.myworkdayjobs.com/transperfect,wd5,2,"34678849986,34680651554",34678849986,34680651554
https://transportationinsight.wd1.myworkdayjobs.com/TI_NTG_External_Careers,wd1,1,34678849986,34678849986,34678849986
https://transre.wd1.myworkdayjobs.com/Transrecareers_Confidential,wd1,1,34680651554,34680651554,34680651554
https://transunion.wd5.myworkdayjobs.com/transunion,wd5,2,"34678849986,34680651554",34678849986,34680651554
https://transurban.wd3.myworkdayjobs.com/TU_US,wd3,1,34678849986,34678849986,34678849986
https://transwestern.wd1.myworkdayjobs.com/twcareers,wd1,2,"34678849986,34680651554",34678849986,34680651554
https://travelers.wd5.myworkdayjobs.com/External,wd5,2,"34678849986,34680651554",34678849986,34680651554
https://travelhrportal.wd1.myworkdayjobs.com/Jobs,wd1,2,"34678849986,34680651554",34678849986,34680651554
https://treehouse.wd1.myworkdayjobs.com/TreeHouseCareers,wd1,1,34678849986,34678849986,34678849986
https://trekbikes.wd1.myworkdayjobs.com/Diamant,wd1,1,34678849986,34678849986,34678849986
https://trekbikes.wd1.myworkdayjobs.com/SkillBridge,wd1,1,34680651554,34680651554,34680651554
https://trellix.wd1.myworkdayjobs.com/EnterpriseCareers,wd1,2,"34678849986,34680651554",34678849986,34680651554
https://trendmicro.wd3.myworkdayjobs.com/External,wd3,1,34678849986,34678849986,34678849986
https://trimble.wd1.myworkdayjobs.com/trimblecareers,wd1,2,"34678849986,34680651554",34678849986,34680651554
https://trimedx.wd1.myworkdayjobs.com/TMX,wd1,2,"34678849986,34680651554",34678849986,34680651554
https://troweprice.wd5.myworkdayjobs.com/TRowePrice,wd5,2,"34678849986,34680651554",34678849986,34680651554
https://trugreen.wd1.myworkdayjobs.com/RetEmp,wd1,2,"34676823343,34680651554",34676823343,34680651554
https://truist.wd1.myworkdayjobs.com/Careers,wd1,2,"34678849986,34680651554",34678849986,34680651554
https://truist.wd1.myworkdayjobs.com/LDP,wd1,1,34680651554,34680651554,34680651554
https://trumpf.wd3.myworkdayjobs.com/TRUMPF_Graduates_and_Professionals,wd3,1,34678849986,34678849986,34678849986
https://trustmark.wd1.myworkdayjobs.com/healthfitnesscareers,wd1,1,34680651554,34680651554,34680651554
https://trwd.wd1.myworkdayjobs.com/trwdcareers,wd1,1,34680651554,34680651554,34680651554
https://ts.wd5.myworkdayjobs.com/Studio,wd5,1,34676823343,34676823343,34676823343
https://ts.wd5.myworkdayjobs.com/rainbowroom,wd5,1,34678849986,34678849986,34678849986
https://tstc.wd1.myworkdayjobs.com/C4EO,wd1,1,34680651554,34680651554,34680651554
https://tstc.wd1.myworkdayjobs.com/TSTC_Jobs,wd1,1,34680651554,34680651554,34680651554
https://tsys.wd1.myworkdayjobs.com/TSYS,wd1,2,"34678849986,34680651554",34678849986,34680651554
https://ttc.wd1.myworkdayjobs.com/Toro_External_Careers,wd1,2,"34678849986,34680651554",34678849986,34680651554
https://tti.wd1.myworkdayjobs.com/HQ1,wd1,1,34680651554,34680651554,34680651554
https://tti.wd1.myworkdayjobs.com/TTI_PE,wd1,2,"34678849986,34680651554",34678849986,34680651554
https://tti.wd1.myworkdayjobs.com/cda,wd1,1,34678849986,34678849986,34678849986
https://tti.wd1.myworkdayjobs.com/milwaaukeemxtalento,wd1,2,"34678849986,34680651554",34678849986,34680651554
https://tti.wd1.myworkdayjobs.com/milwaukee,wd1,2,"34678849986,34680651554",34678849986,34680651554
https://ttmtech.wd5.myworkdayjobs.com/jobs,wd5,2,"34678849986,34680651554",34678849986,34680651554
https://tuftsmedicine.wd1.myworkdayjobs.com/jobs,wd1,2,"34676823343,34680651554",34676823343,34680651554
https://tvc.wd1.myworkdayjobs.com/external,wd1,1,34678849986,34678849986,34678849986
https://tvc.wd1.myworkdayjobs.com/tvc_medical_affairs,wd1,2,"34678849986,34680651554",34678849986,34680651554
https://tvh.wd3.myworkdayjobs.com/jobsattvh,wd3,1,34678849986,34678849986,34678849986
https://tysonfoods.wd5.myworkdayjobs.com/CVT,wd5,1,34678849986,34678849986,34678849986
https://tysonfoods.wd5.myworkdayjobs.com/TSN,wd5,2,"34678849986,34680651554",34678849986,34680651554
https://tysonfoods.wd5.myworkdayjobs.com/tsn5,wd5,1,34678849986,34678849986,34678849986
https://tysonfoods.wd5.myworkdayjobs.com/tyit,wd5,2,"34678849986,34680651554",34678849986,34680651554
https://uasys.wd5.myworkdayjobs.com/UACCHT_External_Career_Site,wd5,1,34678849986,34678849986,34678849986
https://uasys.wd5.myworkdayjobs.com/UAMS_CW_Career_Site,wd5,1,34678849986,34678849986,34678849986
https://uasys.wd5.myworkdayjobs.com/UAM_-_External_Career_SIte,wd5,1,34678849986,34678849986,34678849986
https://uasys.wd5.myworkdayjobs.com/UASYS,wd5,2,"34678849986,34680651554",34678849986,34680651554
https://uasys.wd5.myworkdayjobs.com/uasyswaiverexternalcareersite,wd5,1,34678849986,34678849986,34678849986
https://ucf.wd1.myworkdayjobs.com/Non_Salaried_Faculty_at_College_of_Medicine,wd1,1,34680651554,34680651554,34680651554
https://uchicago.wd5.myworkdayjobs.com/External,wd5,2,"34678849986,34680651554",34678849986,34680651554
https://ukgrantt.wd3.myworkdayjobs.com/TraineeCareersGrantThornton,wd3,1,34676823343,34676823343,34676823343
https://uline.wd1.myworkdayjobs.com/eau_careers,wd1,1,34678849986,34678849986,34678849986
https://uline.wd1.myworkdayjobs.com/uline_careers,wd1,2,"34678849986,34680651554",34678849986,34680651554
https://ulse.wd5.myworkdayjobs.com/ulricareers,wd5,1,34678849986,34678849986,34678849986
https://ulsuno.wd1.myworkdayjobs.com/UniversityOfNewOrleans,wd1,1,34680651554,34680651554,34680651554
https://ultra.wd3.myworkdayjobs.com/UICCareers,wd3,1,34678849986,34678849986,34678849986
https://ultra.wd3.myworkdayjobs.com/ultra-careers,wd3,1,34678849986,34678849986,34678849986
https://ultra.wd3.myworkdayjobs.com/um-careers,wd3,1,34678849986,34678849986,34678849986
https://ultradent.wd1.myworkdayjobs.com/careers,wd1,1,34680651554,34680651554,34680651554
https://umd.wd1.myworkdayjobs.com/UMCP,wd1,2,"34678849986,34680651554",34678849986,34680651554
https://umd.wd1.myworkdayjobs.com/UMES,wd1,1,34680651554,34680651554,34680651554
https://umgc.wd1.myworkdayjobs.com/umgc_careers,wd1,1,34676823343,34676823343,34676823343
https://ummc.wd5.myworkdayjobs.com/communityHospitals,wd5,1,34676823343,34676823343,34676823343
https://umusic.wd5.myworkdayjobs.com/UMGUS,wd5,1,34680651554,34680651554,34680651554
https://umusic.wd5.myworkdayjobs.com/umgapac,wd5,1,34678849986,34678849986,34678849986
https://uncommonschools.wd1.myworkdayjobs.com/External_Careers,wd1,1,34680651554,34680651554,34680651554
https://unilever.wd3.myworkdayjobs.com/UK_TemporaryWorkersite,wd3,1,34678849986,34678849986,34678849986
https://unilever.wd3.myworkdayjobs.com/Unilever_Experienced_Professionals,wd3,1,34678849986,34678849986,34678849986
https://unioncollege.wd5.myworkdayjobs.com/UnionCollegeStudentCareers,wd5,1,34678849986,34678849986,34678849986
https://unisys.wd5.myworkdayjobs.com/External,wd5,2,"34678849986,34680651554",34678849986,34680651554
https://universalproperty.wd1.myworkdayjobs.com/universal_careers,wd1,1,34676823343,34676823343,34676823343
https://univision.wd1.myworkdayjobs.com/External,wd1,1,34678849986,34678849986,34678849986
https://unum.wd1.myworkdayjobs.com/External,wd1,2,"34678849986,34680651554",34678849986,34680651554
https://unum.wd1.myworkdayjobs.com/confidential,wd1,2,"34678849986,34680651554",34678849986,34680651554
https://uobgroup.wd3.myworkdayjobs.com/UOBExternal,wd3,1,34678849986,34678849986,34678849986
https://upenn.wd1.myworkdayjobs.com/DAR,wd1,1,34676823343,34676823343,34676823343
https://upenn.wd1.myworkdayjobs.com/PennVet,wd1,2,"34678849986,34680651554",34678849986,34680651554
https://upenn.wd1.myworkdayjobs.com/Wharton,wd1,1,34680651554,34680651554,34680651554
https://upenn.wd1.myworkdayjobs.com/careers-at-penn,wd1,2,"34678849986,34680651554",34678849986,34680651554
https://upenn.wd1.myworkdayjobs.com/isc,wd1,1,34678849986,34678849986,34678849986
https://upenn.wd1.myworkdayjobs.com/psom,wd1,1,34680651554,34680651554,34680651554
https://uq.wd3.myworkdayjobs.com/uqaboriginalandtorresstraitislanderpeoplesemployment,wd3,1,34678849986,34678849986,34678849986
https://uq.wd3.myworkdayjobs.com/uqcareers,wd3,1,34678849986,34678849986,34678849986
https://uq.wd3.myworkdayjobs.com/uqopportunities,wd3,1,34678849986,34678849986,34678849986
https://ur.wd1.myworkdayjobs.com/unitedrentals-belgium,wd1,1,34676823343,34676823343,34676823343
https://ura.wd3.myworkdayjobs.com/ura,wd3,1,34676823343,34676823343,34676823343
https://usaa.wd1.myworkdayjobs.com/CONFIDENTIAL,wd1,1,34678849986,34678849986,34678849986
https://usaa.wd1.myworkdayjobs.com/USAAJOBSWD,wd1,1,34678849986,34678849986,34678849986
https://usacs.wd1.myworkdayjobs.com/usacscareers,wd1,2,"34676823343,34680651554",34676823343,34680651554
https://usacs.wd1.myworkdayjobs.com/usacsprivate,wd1,1,34678849986,34678849986,34678849986
https://usbank.wd1.myworkdayjobs.com/US_Bank_Careers,wd1,2,"34678849986,34680651554",34678849986,34680651554
https://usc.wd5.myworkdayjobs.com/ExternalUSCCareers,wd5,2,"34678849986,34680651554",34678849986,34680651554
https://usfca.wd5.myworkdayjobs.com/USF_Adjunct,wd5,1,34678849986,34678849986,34678849986
https://usfca.wd5.myworkdayjobs.com/usf_staff,wd5,1,34678849986,34678849986,34678849986
https://usicinc.wd5.myworkdayjobs.com/RECONNCareers,wd5,1,34678849986,34678849986,34678849986
https://uslbm.wd1.myworkdayjobs.com/USLBM,wd1,1,34678849986,34678849986,34678849986
https://usuro.wd1.myworkdayjobs.com/COUG_Careers,wd1,2,"34678849986,34680651554",34678849986,34680651554
https://usuro.wd1.myworkdayjobs.com/urologyindiana_career,wd1,1,34678849986,34678849986,34678849986
https://usuro.wd1.myworkdayjobs.com/usurology_careers,wd1,1,34678849986,34678849986,34678849986
https://utampa.wd1.myworkdayjobs.com/Staff,wd1,1,34680651554,34680651554,34680651554
https://utampa.wd1.myworkdayjobs.com/faculty,wd1,1,34680651554,34680651554,34680651554
https://utaustin.wd1.myworkdayjobs.com/UTstaff,wd1,2,"34678849986,34680651554",34678849986,34680651554
https://utaustin.wd1.myworkdayjobs.com/UTstudent,wd1,1,34680651554,34680651554,34680651554
https://uvmhealth.wd1.myworkdayjobs.com/cvph,wd1,1,34680651554,34680651554,34680651554
https://uvmhealth.wd1.myworkdayjobs.com/external,wd1,1,34680651554,34680651554,34680651554
https://uvmhealth.wd1.myworkdayjobs.com/porter,wd1,1,34678849986,34678849986,34678849986
https://valeo.wd3.myworkdayjobs.com/spheros_jobs,wd3,1,34678849986,34678849986,34678849986
https://valeo.wd3.myworkdayjobs.com/valeo_jobs,wd3,1,34678849986,34678849986,34678849986
https://valmont.wd1.myworkdayjobs.com/ValmontCareers,wd1,2,"34678849986,34680651554",34678849986,34680651554
https://vanderlande.wd3.myworkdayjobs.com/careers,wd3,1,34678849986,34678849986,34678849986
https://vanguard.wd5.myworkdayjobs.com/contractors_restricted,wd5,2,"34678849986,34680651554",34678849986,34680651554
https://vanguard.wd5.myworkdayjobs.com/vanguard_external,wd5,2,"34678849986,34680651554",34678849986,34680651554
https://vantage.wd1.myworkdayjobs.com/vantage_careers,wd1,1,34678849986,34678849986,34678849986
https://vantagedc.wd1.myworkdayjobs.com/vantage,wd1,2,"34678849986,34680651554",34678849986,34680651554
https://vcuhealth.wd1.myworkdayjobs.com/VCUHealth_careers,wd1,1,34678849986,34678849986,34678849986
https://venator.wd1.myworkdayjobs.com/Venator,wd1,2,"34676823343,34678849986",34676823343,34678849986
https://veoliauki.wd3.myworkdayjobs.com/VESCareers,wd3,1,34678849986,34678849986,34678849986
https://veoliauki.wd3.myworkdayjobs.com/vwtcareers,wd3,1,34678849986,34678849986,34678849986
https://verabradley.wd5.myworkdayjobs.com/vbcareers,wd5,1,34680651554,34680651554,34680651554
https://veralto.wd1.myworkdayjobs.com/AlltecFOBACareerSite,wd1,1,34678849986,34678849986,34678849986
https://veralto.wd1.myworkdayjobs.com/EskoJobs,wd1,2,"34678849986,34680651554",34678849986,34680651554
https://veralto.wd1.myworkdayjobs.com/HachJobs,wd1,2,"34678849986,34680651554",34678849986,34680651554
https://veralto.wd1.myworkdayjobs.com/LaetusCareerSite,wd1,1,34680651554,34680651554,34680651554
https://veralto.wd1.myworkdayjobs.com/VideojetJobs,wd1,2,"34678849986,34680651554",34678849986,34680651554
https://verawholehealth.wd1.myworkdayjobs.com/caremore,wd1,1,34678849986,34678849986,34678849986
https://verily.wd1.myworkdayjobs.com/Verily_Careers,wd1,2,"34678849986,34680651554",34678849986,34680651554
https://veritiv.wd5.myworkdayjobs.com/VeritivCareers-Mexico,wd5,1,34678849986,34678849986,34678849986
https://vermeer.wd5.myworkdayjobs.com/externalcareersite,wd5,1,34678849986,34678849986,34678849986
https://vertexeducation.wd1.myworkdayjobs.com/LegacyCareers,wd1,1,34680651554,34680651554,34680651554
https://veteransunited.wd1.myworkdayjobs.com/FirstResidential,wd1,1,34680651554,34680651554,34680651554
https://veteransunited.wd1.myworkdayjobs.com/Flourish,wd1,1,34678849986,34678849986,34678849986
https://vfc.wd5.myworkdayjobs.com/northface_careers,wd5,1,34678849986,34678849986,34678849986
https://vfc.wd5.myworkdayjobs.com/supreme_careers,wd5,1,34680651554,34680651554,34680651554
https://vfc.wd5.myworkdayjobs.com/vfc_careers,wd5,2,"34678849986,34680651554",34678849986,34680651554
https://viatris.wd5.myworkdayjobs.com/External,wd5,1,34680651554,34680651554,34680651554
https://viavisolutions.wd1.myworkdayjobs.com/careers,wd1,2,"34678849986,34680651554",34678849986,34680651554
https://victaulic.wd1.myworkdayjobs.com/victaulic_careers,wd1,2,"34678849986,34680651554",34678849986,34680651554
https://villeroyboch.wd3.myworkdayjobs.com/careers,wd3,1,34678849986,34678849986,34678849986
https://virtus.wd5.myworkdayjobs.com/SGA_Career_Site,wd5,1,34676823343,34676823343,34676823343
https://visa.wd5.myworkdayjobs.com/Visa,wd5,2,"34678849986,34680651554",34678849986,34680651554
https://visa.wd5.myworkdayjobs.com/Visa_Early_Careers,wd5,1,34680651554,34680651554,34680651554
https://vishay.wd3.myworkdayjobs.com/VishayCareers,wd3,1,34678849986,34678849986,34678849986
https://vishay.wd3.myworkdayjobs.com/broadbean_external,wd3,1,34678849986,34678849986,34678849986
https://vizient.wd1.myworkdayjobs.com/Vizient_Careers,wd1,2,"34678849986,34680651554",34678849986,34680651554
https://vizient.wd1.myworkdayjobs.com/vizient_careers_insourcing_acquisition,wd1,1,34680651554,34680651554,34680651554
https://volarisgroup.wd3.myworkdayjobs.com/Alemba,wd3,1,34678849986,34678849986,34678849986
https://volarisgroup.wd3.myworkdayjobs.com/Elovate,wd3,1,34676823343,34676823343,34676823343
https://volarisgroup.wd3.myworkdayjobs.com/HelmOperations,wd3,1,34678849986,34678849986,34678849986
https://volarisgroup.wd3.myworkdayjobs.com/Omegro,wd3,1,34678849986,34678849986,34678849986
https://volarisgroup.wd3.myworkdayjobs.com/PortfolioPlus,wd3,1,34676823343,34676823343,34676823343
https://volarisgroup.wd3.myworkdayjobs.com/Quarzo,wd3,1,34678849986,34678849986,34678849986
https://volarisgroup.wd3.myworkdayjobs.com/Smartrak,wd3,1,34678849986,34678849986,34678849986
https://volarisgroup.wd3.myworkdayjobs.com/SoftChalk,wd3,1,34676823343,34676823343,34676823343
https://volarisgroup.wd3.myworkdayjobs.com/Tadera,wd3,1,34676823343,34676823343,34676823343
https://volarisgroup.wd3.myworkdayjobs.com/Travisoft,wd3,1,34676823343,34676823343,34676823343
https://volarisgroup.wd3.myworkdayjobs.com/Trellint,wd3,1,34678849986,34678849986,34678849986
https://volarisgroup.wd3.myworkdayjobs.com/Vencora,wd3,1,34676823343,34676823343,34676823343
https://volarisgroup.wd3.myworkdayjobs.com/Verilocation,wd3,1,34678849986,34678849986,34678849986
https://volarisgroup.wd3.myworkdayjobs.com/dragintra,wd3,1,34678849986,34678849986,34678849986
https://volarisgroup.wd3.myworkdayjobs.com/envisionware,wd3,1,34678849986,34678849986,34678849986
https://volarisgroup.wd3.myworkdayjobs.com/incadea,wd3,1,34678849986,34678849986,34678849986
https://volarisgroup.wd3.myworkdayjobs.com/medaptus,wd3,1,34678849986,34678849986,34678849986
https://volarisgroup.wd3.myworkdayjobs.com/momentm,wd3,1,34676823343,34676823343,34676823343
https://volarisgroup.wd3.myworkdayjobs.com/redriversoftware,wd3,1,34678849986,34678849986,34678849986
https://volarisgroup.wd3.myworkdayjobs.com/sansio,wd3,1,34678849986,34678849986,34678849986
https://vontobel.wd3.myworkdayjobs.com/Vontobel_External_Career,wd3,1,34678849986,34678849986,34678849986
https://vroom.wd5.myworkdayjobs.com/uacc,wd5,1,34678849986,34678849986,34678849986
https://vroom.wd5.myworkdayjobs.com/vroom,wd5,1,34678849986,34678849986,34678849986
https://vsp.wd1.myworkdayjobs.com/VSPVisionCareers,wd1,1,34678849986,34678849986,34678849986
https://vsp.wd1.myworkdayjobs.com/doctorcareers,wd1,1,34678849986,34678849986,34678849986
https://vst.wd5.myworkdayjobs.com/equest,wd5,2,"34678849986,34680651554",34678849986,34680651554
https://vst.wd5.myworkdayjobs.com/luminant_careers,wd5,2,"34678849986,34680651554",34678849986,34680651554
https://vst.wd5.myworkdayjobs.com/txu_careers,wd5,2,"34678849986,34680651554",34678849986,34680651554
https://vst.wd5.myworkdayjobs.com/vistra_careers,wd5,2,"34678849986,34680651554",34678849986,34680651554
https://vwr.wd1.myworkdayjobs.com/avantorJobs,wd1,2,"34678849986,34680651554",34678849986,34680651554
https://vystarcu.wd1.myworkdayjobs.com/careers,wd1,1,34680651554,34680651554,34680651554
https://warnerbros.wd5.myworkdayjobs.com/francais,wd5,1,34676823343,34676823343,34676823343
https://warnerbros.wd5.myworkdayjobs.com/global,wd5,2,"34678849986,34680651554",34678849986,34680651554
https://wasatchproperty.wd1.myworkdayjobs.com/AmbientCareers,wd1,1,34678849986,34678849986,34678849986
https://wasatchproperty.wd1.myworkdayjobs.com/Avanti-Workspace-External,wd1,1,34678849986,34678849986,34678849986
https://wasatchproperty.wd1.myworkdayjobs.com/summit,wd1,1,34678849986,34678849986,34678849986
https://waterbridge.wd5.myworkdayjobs.com/DesertEnv_Careers,wd5,1,34676823343,34676823343,34676823343
https://wattswater.wd5.myworkdayjobs.com/External,wd5,2,"34678849986,34680651554",34678849986,34680651554
https://wawa.wd1.myworkdayjobs.com/careers,wd1,1,34680651554,34680651554,34680651554
https://waynefarms.wd1.myworkdayjobs.com/WayneFarms,wd1,1,34680651554,34680651554,34680651554
https://waynestatephysicians.wd1.myworkdayjobs.com/waynestatephysicianscareers,wd1,1,34676823343,34676823343,34676823343
https://waystar.wd1.myworkdayjobs.com/rise_with_waystar,wd1,2,"34678849986,34680651554",34678849986,34680651554
https://waystar.wd1.myworkdayjobs.com/waystar,wd1,2,"34678849986,34680651554",34678849986,34680651554
https://wealthenhancement.wd1.myworkdayjobs.com/WEG_Careers,wd1,1,34680651554,34680651554,34680651554
https://web.wd1.myworkdayjobs.com/externalcareersite,wd1,2,"34678849986,34680651554",34678849986,34680651554
https://web.wd1.myworkdayjobs.com/hostgator,wd1,1,34678849986,34678849986,34678849986
https://weforum.wd3.myworkdayjobs.com/Forum_Careers,wd3,1,34676823343,34676823343,34676823343
https://wehi.wd3.myworkdayjobs.com/WEHI,wd3,1,34676823343,34676823343,34676823343
https://weil.wd1.myworkdayjobs.com/AdamsMartinGroup,wd1,1,34680651554,34680651554,34680651554
https://weil.wd1.myworkdayjobs.com/ApTask,wd1,1,34678849986,34678849986,34678849986
https://weil.wd1.myworkdayjobs.com/BindingMindsInc,wd1,1,34678849986,34678849986,34678849986
https://weil.wd1.myworkdayjobs.com/BlueLegal,wd1,2,"34678849986,34680651554",34678849986,34680651554
https://weil.wd1.myworkdayjobs.com/BurnettSpecialists,wd1,1,34678849986,34678849986,34678849986
https://weil.wd1.myworkdayjobs.com/CardinalSearchPartners,wd1,1,34680651554,34680651554,34680651554
https://weil.wd1.myworkdayjobs.com/CavitGroup,wd1,1,34678849986,34678849986,34678849986
https://weil.wd1.myworkdayjobs.com/DebraM,wd1,1,34680651554,34680651554,34680651554
https://weil.wd1.myworkdayjobs.com/ElementProfessionalStaffing,wd1,1,34676823343,34676823343,34676823343
https://weil.wd1.myworkdayjobs.com/ExecuSearchGroup,wd1,1,34678849986,34678849986,34678849986
https://weil.wd1.myworkdayjobs.com/FSS,wd1,1,34678849986,34678849986,34678849986
https://weil.wd1.myworkdayjobs.com/GQR,wd1,1,34678849986,34678849986,34678849986
https://weil.wd1.myworkdayjobs.com/GeriKarpAssociates,wd1,1,34680651554,34680651554,34680651554
https://weil.wd1.myworkdayjobs.com/ICS,wd1,1,34678849986,34678849986,34678849986
https://weil.wd1.myworkdayjobs.com/JBCHoldings,wd1,1,34680651554,34680651554,34680651554
https://weil.wd1.myworkdayjobs.com/JP,wd1,1,34678849986,34678849986,34678849986
https://weil.wd1.myworkdayjobs.com/KCS,wd1,1,34680651554,34680651554,34680651554
https://weil.wd1.myworkdayjobs.com/KarenWhitakerAssociates,wd1,1,34676823343,34676823343,34676823343
https://weil.wd1.myworkdayjobs.com/LiniumResources,wd1,1,34680651554,34680651554,34680651554
https://weil.wd1.myworkdayjobs.com/LyneerSearch,wd1,1,34676823343,34676823343,34676823343
https://weil.wd1.myworkdayjobs.com/Mark-etingRecruitment,wd1,1,34680651554,34680651554,34680651554
https://weil.wd1.myworkdayjobs.com/MaturaFarrington,wd1,1,34676823343,34676823343,34676823343
https://weil.wd1.myworkdayjobs.com/MissionStaffing,wd1,1,34676823343,34676823343,34676823343
https://weil.wd1.myworkdayjobs.com/NRIStaffingAgency,wd1,1,34680651554,34680651554,34680651554
https://weil.wd1.myworkdayjobs.com/NielsenAssociates,wd1,1,34680651554,34680651554,34680651554
https://weil.wd1.myworkdayjobs.com/PCSG,wd1,1,34678849986,34678849986,34678849986
https://weil.wd1.myworkdayjobs.com/RandstadTechnologies,wd1,1,34678849986,34678849986,34678849986
https://weil.wd1.myworkdayjobs.com/RisusTalentPartnersLLC,wd1,1,34678849986,34678849986,34678849986
https://weil.wd1.myworkdayjobs.com/SPNA,wd1,1,34680651554,34680651554,34680651554
https://weil.wd1.myworkdayjobs.com/TRITECHCommunications,wd1,1,34678849986,34678849986,34678849986
https://weil.wd1.myworkdayjobs.com/TheAgencyLegalStaffing,wd1,1,34676823343,34676823343,34676823343
https://weil.wd1.myworkdayjobs.com/TheCustomGroup,wd1,2,"34678849986,34680651554",34678849986,34680651554
https://weil.wd1.myworkdayjobs.com/TheONeilSearchGroup,wd1,2,"34676823343,34678849986",34676823343,34678849986
https://weil.wd1.myworkdayjobs.com/TwoPointConsulting,wd1,2,"34676823343,34680651554",34676823343,34680651554
https://weil.wd1.myworkdayjobs.com/WegmanSystems,wd1,1,34678849986,34678849986,34678849986
https://weil.wd1.myworkdayjobs.com/abacusgroup,wd1,2,"34678849986,34680651554",34678849986,34680651554
https://weil.wd1.myworkdayjobs.com/alchemylegal,wd1,1,34680651554,34680651554,34680651554
https://weil.wd1.myworkdayjobs.com/execalliance,wd1,1,34678849986,34678849986,34678849986
https://weil.wd1.myworkdayjobs.com/firstchoicestaffing,wd1,1,34680651554,34680651554,34680651554
https://weil.wd1.myworkdayjobs.com/greenwoodlegal,wd1,2,"34676823343,34678849986",34676823343,34678849986
https://weil.wd1.myworkdayjobs.com/lucasgroupnyhr,wd1,1,34678849986,34678849986,34678849986
https://weil.wd1.myworkdayjobs.com/michaelpagesearch,wd1,1,34678849986,34678849986,34678849986
https://weil.wd1.myworkdayjobs.com/teksystems,wd1,1,34678849986,34678849986,34678849986
https://weil.wd1.myworkdayjobs.com/wisnik,wd1,1,34676823343,34676823343,34676823343
https://weil.wd1.myworkdayjobs.com/work_at_weil,wd1,1,34680651554,34680651554,34680651554
https://weil.wd1.myworkdayjobs.com/yorksonlegal,wd1,1,34680651554,34680651554,34680651554
https://weir.wd3.myworkdayjobs.com/Weir_External_Careers,wd3,1,34678849986,34678849986,34678849986
https://weldgov.wd5.myworkdayjobs.com/WeldCountyCareers,wd5,1,34678849986,34678849986,34678849986
https://wellcarehealth.wd1.myworkdayjobs.com/External,wd1,1,34680651554,34680651554,34680651554
https://wellesley.wd1.myworkdayjobs.com/wellesley-contingent,wd1,2,"34676823343,34680651554",34676823343,34680651554
https://wellesley.wd1.myworkdayjobs.com/wellesley-fellowships,wd1,1,34680651554,34680651554,34680651554
https://wellesley.wd1.myworkdayjobs.com/wellesley-prilla,wd1,1,34680651554,34680651554,34680651554
https://wellesley.wd1.myworkdayjobs.com/wellesley-staff,wd1,2,"34678849986,34680651554",34678849986,34680651554
https://wellington.wd5.myworkdayjobs.com/External,wd5,1,34678849986,34678849986,34678849986
https://wellington.wd5.myworkdayjobs.com/efc,wd5,2,"34678849986,34680651554",34678849986,34680651554
https://wellsky.wd1.myworkdayjobs.com/WellSkyCareers,wd1,2,"34678849986,34680651554",34678849986,34680651554
https://welocalize.wd1.myworkdayjobs.com/Park-IP,wd1,1,34678849986,34678849986,34678849986
https://westernalliancebank.wd5.myworkdayjobs.com/DST,wd5,1,34678849986,34678849986,34678849986
https://westernalliancebank.wd5.myworkdayjobs.com/WAB,wd5,2,"34678849986,34680651554",34678849986,34680651554
https://westlake.wd1.myworkdayjobs.com/royalbuildingproducts,wd1,1,34676823343,34676823343,34676823343
https://westlake.wd1.myworkdayjobs.com/westlake,wd1,2,"34678849986,34680651554",34678849986,34680651554
https://wexinc.wd5.myworkdayjobs.com/WEXInc,wd5,2,"34678849986,34680651554",34678849986,34680651554
https://wf.wd1.myworkdayjobs.com/wellsfargojobs,wd1,2,"34678849986,34680651554",34678849986,34680651554
https://wf.wd1.myworkdayjobs.com/wellsfargojobstargeted,wd1,2,"34678849986,34680651554",34678849986,34680651554
https://wfp.wd3.myworkdayjobs.com/job_openings,wd3,1,34678849986,34678849986,34678849986
https://wfscorp.wd5.myworkdayjobs.com/wfscareers-uk,wd5,1,34676823343,34676823343,34676823343
https://wfu.wd1.myworkdayjobs.com/Staff_Career_Website_live,wd1,1,34678849986,34678849986,34678849986
https://wgu.wd5.myworkdayjobs.com/External,wd5,2,"34678849986,34680651554",34678849986,34680651554
https://whataburger.wd5.myworkdayjobs.com/WAB_AGENCY_CAREER,wd5,1,34676823343,34676823343,34676823343
https://wheels.wd5.myworkdayjobs.com/Wheels_Careers,wd5,1,34678849986,34678849986,34678849986
https://whitecap.wd1.myworkdayjobs.com/Careers,wd1,1,34680651554,34680651554,34680651554
https://whoi.wd5.myworkdayjobs.com/WHOI-GI-Adjuncts,wd5,1,34678849986,34678849986,34678849986
https://wibr.wd1.myworkdayjobs.com/WIBR-Careers,wd1,1,34676823343,34676823343,34676823343
https://wiley.wd1.myworkdayjobs.com/leadership,wd1,1,34680651554,34680651554,34680651554
https://wiley.wd1.myworkdayjobs.com/wiley_careers,wd1,2,"34678849986,34680651554",34678849986,34680651554
https://wilhelmsen.wd3.myworkdayjobs.com/Norsea,wd3,1,34678849986,34678849986,34678849986
https://wilhelmsen.wd3.myworkdayjobs.com/Pelagus,wd3,1,34678849986,34678849986,34678849986
https://wilhelmsen.wd3.myworkdayjobs.com/Wilhelmsen,wd3,1,34678849986,34678849986,34678849986
https://wilhelmsen.wd3.myworkdayjobs.com/norsea_norway,wd3,1,34678849986,34678849986,34678849986
https://wilhelmsen.wd3.myworkdayjobs.com/raalabs,wd3,1,34676823343,34676823343,34676823343
https://williams.wd5.myworkdayjobs.com/External,wd5,2,"34678849986,34680651554",34678849986,34680651554
https://williams.wd5.myworkdayjobs.com/powerexternal,wd5,1,34678849986,34678849986,34678849986
https://williamscollege.wd5.myworkdayjobs.com/external_career_site,wd5,1,34676823343,34676823343,34676823343
https://wilsonco.wd5.myworkdayjobs.com/careers,wd5,2,"34678849986,34680651554",34678849986,34680651554
https://wilsonhcg.wd5.myworkdayjobs.com/Wilson_Careers,wd5,3,"34676823343,34678849986,34680651554",34676823343,34680651554
https://wingate.wd5.myworkdayjobs.com/Stonebridge-Golf-Course,wd5,1,34676823343,34676823343,34676823343
https://wintrust.wd1.myworkdayjobs.com/casearch,wd1,1,34676823343,34676823343,34676823343
https://wk.wd3.myworkdayjobs.com/External,wd3,1,34678849986,34678849986,34678849986
https://wlt.wd3.myworkdayjobs.com/WLT_Careers_DNU,wd3,1,34676823343,34676823343,34676823343
https://wmeimg.wd1.myworkdayjobs.com/160over90US,wd1,1,34680651554,34680651554,34680651554
https://wmeimg.wd1.myworkdayjobs.com/WMEGRPEARLYCAREERS,wd1,1,34678849986,34678849986,34678849986
https://wmg.wd1.myworkdayjobs.com/WMGGLOBAL,wd1,1,34680651554,34680651554,34680651554
https://wmg.wd1.myworkdayjobs.com/WMGUS,wd1,1,34678849986,34678849986,34678849986
https://wnc.wd3.myworkdayjobs.com/WNC_External,wd3,1,34678849986,34678849986,34678849986
https://wonder.wd1.myworkdayjobs.com/WG,wd1,2,"34678849986,34680651554",34678849986,34680651554
https://woodward.wd5.myworkdayjobs.com/woodward,wd5,2,"34678849986,34680651554",34678849986,34680651554
https://workday.wd5.myworkdayjobs.com/Workday,wd5,2,"34678849986,34680651554",34678849986,34680651554
https://workday.wd5.myworkdayjobs.com/Workday_Early_Career,wd5,2,"34676823343,34680651554",34676823343,34680651554
https://workday.wd5.myworkdayjobs.com/Workday_Executive_Site,wd5,1,34678849986,34678849986,34678849986
https://workday.wd5.myworkdayjobs.com/Workday_Jobs,wd5,2,"34678849986,34680651554",34678849986,34680651554
https://worldmarket.wd5.myworkdayjobs.com/cost_plus_world_market_jobs,wd5,1,34678849986,34678849986,34678849986
https://worldpay.wd5.myworkdayjobs.com/Worldpay_External_Careers_Site,wd5,2,"34678849986,34680651554",34678849986,34680651554
https://worldvision.wd1.myworkdayjobs.com/WorldVisionInternational,wd1,1,34678849986,34678849986,34678849986
https://worldwide.wd1.myworkdayjobs.com/External,wd1,2,"34678849986,34680651554",34678849986,34680651554
https://wpengine.wd1.myworkdayjobs.com/wpengine_intern_jobs,wd1,1,34678849986,34678849986,34678849986
https://wpunj.wd1.myworkdayjobs.com/ext,wd1,1,34678849986,34678849986,34678849986
https://wsc.wd1.myworkdayjobs.com/WOS,wd1,1,34678849986,34678849986,34678849986
https://wsc.wd1.myworkdayjobs.com/eoc,wd1,1,34676823343,34676823343,34676823343
https://wsc.wd1.myworkdayjobs.com/wch,wd1,2,"34678849986,34680651554",34678849986,34680651554
https://wsecu.wd5.myworkdayjobs.com/wsecu,wd5,1,34676823343,34676823343,34676823343
https://wsfsbank.wd1.myworkdayjobs.com/bmtcareers,wd1,2,"34678849986,34680651554",34678849986,34680651554
https://wsfsbank.wd1.myworkdayjobs.com/wsfscareers,wd1,1,34680651554,34680651554,34680651554
https://wvumedicine.wd1.myworkdayjobs.com/ASH,wd1,1,34678849986,34678849986,34678849986
https://wvumedicine.wd1.myworkdayjobs.com/UHA,wd1,2,"34678849986,34680651554",34678849986,34680651554
https://ww.wd1.myworkdayjobs.com/careers,wd1,1,34680651554,34680651554,34680651554
https://wwecorp.wd5.myworkdayjobs.com/On_Location,wd5,1,34680651554,34680651554,34680651554
https://wwecorp.wd5.myworkdayjobs.com/wweagency,wd5,1,34676823343,34676823343,34676823343
https://wycliffe.wd1.myworkdayjobs.com/wusa_paid_staff,wd1,1,34676823343,34676823343,34676823343
https://xboxgaming.wd1.myworkdayjobs.com/External,wd1,2,"34678849986,34680651554",34678849986,34680651554
https://xboxgaming.wd1.myworkdayjobs.com/SS_external,wd1,1,34680651554,34680651554,34680651554
https://xcelenergy.wd1.myworkdayjobs.com/External,wd1,2,"34678849986,34680651554",34678849986,34680651554
https://xenergy.wd5.myworkdayjobs.com/X-energyUS,wd5,2,"34678849986,34680651554",34678849986,34680651554
https://xenergy.wd5.myworkdayjobs.com/XECampus,wd5,1,34678849986,34678849986,34678849986
https://xpel.wd5.myworkdayjobs.com/XPEL_Careers,wd5,1,34676823343,34676823343,34676823343
https://xylem.wd5.myworkdayjobs.com/xylem-careers,wd5,2,"34678849986,34680651554",34678849986,34680651554
https://yai.wd5.myworkdayjobs.com/CareersIHOPE,wd5,2,"34676823343,34678849986",34676823343,34678849986
https://yakimacounty.wd5.myworkdayjobs.com/YakimaCountyWA-Recall,wd5,1,34678849986,34678849986,34678849986
https://yale.wd1.myworkdayjobs.com/external_career_site,wd1,2,"34678849986,34680651554",34678849986,34680651554
https://yale.wd1.myworkdayjobs.com/terminated_layoff_external_career_site,wd1,1,34678849986,34678849986,34678849986
https://yeticoolers.wd5.myworkdayjobs.com/YETI,wd5,2,"34678849986,34680651554",34678849986,34680651554
https://ymcaatlanta.wd1.myworkdayjobs.com/YMCA-Careers,wd1,1,34680651554,34680651554,34680651554
https://yokogawa.wd3.myworkdayjobs.com/yokogawa-career-site,wd3,1,34678849986,34678849986,34678849986
https://ypo.wd1.myworkdayjobs.com/YPO_External,wd1,1,34678849986,34678849986,34678849986
https://zalando.wd3.myworkdayjobs.com/ZalandoSiteWD,wd3,1,34678849986,34678849986,34678849986
https://zayo.wd1.myworkdayjobs.com/Zayo_Careers,wd1,2,"34678849986,34680651554",34678849986,34680651554
https://zeissgroup.wd3.myworkdayjobs.com/External,wd3,1,34678849986,34678849986,34678849986
https://zendesk.wd1.myworkdayjobs.com/zendesk,wd1,2,"34678849986,34680651554",34678849986,34680651554
https://zieglercat.wd1.myworkdayjobs.com/zieglercat,wd1,1,34678849986,34678849986,34678849986
https://zillow.wd5.myworkdayjobs.com/Zillow_Group_External,wd5,2,"34678849986,34680651554",34678849986,34680651554
https://zoetis.wd5.myworkdayjobs.com/zoetis,wd5,2,"34678849986,34680651554",34678849986,34680651554
https://zoll.wd5.myworkdayjobs.com/ZOLLMedicalCorp,wd5,2,"34678849986,34680651554",34678849986,34680651554
https://zoom.wd5.myworkdayjobs.com/Zoom,wd5,2,"34678849986,34680651554",34678849986,34680651554
https://zrsmanagement.wd5.myworkdayjobs.com/ZRS_Careers,wd5,2,"34676823343,34678849986",34676823343,34678849986
https://zuehlke.wd3.myworkdayjobs.com/Zuhlke-Careers,wd3,1,34678849986,34678849986,34678849986
