# Hand-curated company names, keyed by board_key (ADR-0212). An entry here overrides every other
# name source, at scrape time (the served `company`) and on the Hot and Trends tabs. It is for
# Boards that state no name anywhere we read, and for joining one employer's Boards into one
# company; `evidence` says where a person read this one.
#
# An entry is also the company directory's cross-ATS identity (ADR-0185): Boards sharing a name
# here are one company there, and their counts are summed. So a pair whose Boards mirror each
# other must not share a name until the index keeps one copy — as it now does for the Eightfold
# pairs in data/validate/eightfold_backing.csv (#649), which are named below. Lockheed Martin is
# still such a pair: its
# Eightfold Board lists the same requisitions as its SuccessFactors one (1,248 of 1,249 distinct
# titles, 2026-09-23), so only the SuccessFactors Board is here. The Eightfold one states
# "Lockheed Martin" itself.
board_key,name,evidence
successfactors:lockheed.jobs.hr.cloud.sap,Lockheed Martin,board_naming alias (ADR-0185)
workday:globalhr/REC_RTX_Ext_Gateway,RTX,board_naming alias (ADR-0185)
workday:bah/BAH_Jobs,Booz Allen Hamilton,board_naming alias (ADR-0185)
workday:swa/external,Southwest Airlines,board_naming alias (ADR-0185)
workday:caci/external,CACI,board_naming alias (ADR-0185)
workday:gdit/External_Career_Site,GDIT,board_naming alias (ADR-0185)
workday:ngc/Northrop_Grumman_External_Site,Northrop Grumman,board_naming alias (ADR-0185)
successfactors:careers.hcltech.com,HCLTech,board_naming alias (ADR-0185)
successfactors:careers.capgemini.com,Capgemini,board_naming alias (ADR-0185)
successfactors:careers.wipro.com,Wipro,board_naming alias (ADR-0185)
successfactors:careers-inc.nttdata.com,NTT Data,board_naming alias (ADR-0185)
oracle:jpmc.fa.oraclecloud.com,JPMorgan Chase,"site calls itself ""JPMC Candidate Experience page"" (2026-09-24)"
oracle:fa-evjm-saasfaprod1.fa.ocs.oraclecloud.com,Ali & Sons Contracting,"reqs 2554 and 4572: OrganizationDescriptionStr opens ""Ali & Sons Contracting""; LegalEmployer, Organization and BusinessUnit null; page title ""Global Career Site"" (2026-09-26)"
icims:careers-apac-atlassian.icims.com,Atlassian,Atlassian's own pages (2026-09-24)
icims:globalcareers-atlassian.icims.com,Atlassian,Atlassian's own pages (2026-09-24)
icims:campus-globalcareers-atlassian.icims.com,Atlassian,Atlassian's own pages (2026-09-24)
cornerstone:gmv,GMV,"career site 4 titles itself ""Career site | GMV"" (2026-09-24)"
cornerstone:bba,BBA,"career sites 4 and 7: logo alt ""BBA"", footer ""BBA 2026"" (2026-09-24)"
cornerstone:aswatsonph,Watsons,"career site 5: logo alt ""Watsons Logo"" (2026-09-24)"
cornerstone:shopdirect,Shop Direct,"career sites 2 and 6: logo alt ""Shop Direct"" (2026-09-24)"
cornerstone:uis,University of Illinois at Springfield,"career sites 1, 4 and 5: logo alt ""University of Illinois at Springfield Logo"" (2026-09-24)"
jibe:amd,AMD,"site title ""AMD Jobs and Career Opportunities"" (2026-09-25)"
successfactors:southasiacareers.deloitte.com,Deloitte South Asia,"Deloitte's own host: ""Join Deloitte India, Sri Lanka and Mauritius"" (2026-09-25)"
successfactors:careers.rogerscorp.com,Rogers Corporation,"Its job pages' logo reads aria-label=""Rogers Corporation""; the title and hiringOrganization state the code ""rogersco"" (2026-09-28)"
workday:ms/External,Morgan Stanley,tenant page names Morgan Stanley (2026-09-25); casing duplicate of ms/external
workday:ms/external,Morgan Stanley,tenant page names Morgan Stanley (2026-09-25)
workday:ms/private,Morgan Stanley,tenant page names Morgan Stanley (2026-09-25)
# Mirrored pairs joined once the index keeps one copy: #649 (DEDUP_VERSION 5) drops an Eightfold
# row whose backing row is served (data/validate/eightfold_backing.csv pairs each one below), in
# the pipeline run that rebuilds the directory with these names. Before, one Search card opened
# "NVIDIA Corporation" and the next "Nvidia", two trends of ~2,045 (2026-09-25 critique).
eightfold:jobs.nvidia.com,NVIDIA,eightfold_backing.csv: backed by workday:nvidia/nvidiaexternalcareersite (#649)
workday:nvidia/NVIDIAExternalCareerSite,NVIDIA,backing Board of eightfold:jobs.nvidia.com (#649)
eightfold:careers.micron.com,Micron,eightfold_backing.csv: backed by workday:micron/external (#649)
workday:micron/External,Micron,backing Board of eightfold:careers.micron.com (#649)
eightfold:morganstanley.eightfold.ai,Morgan Stanley,eightfold_backing.csv: backed by workday:ms/external and ms/private (#649)
# One employer's separate Boards, no posting in common (titles compared on the served table,
# 2026-09-25), so joined they count each job once. Picking "Paytm" showed 9 openings, above a
# "Paytm Payments Services Limited" of 77 (2026-09-25 critique).
lever:paytm,Paytm,Lever board titled "Paytm"; no title shared with the other Paytm Boards
lever:paytmpayments,Paytm,"Lever board titled ""Paytm Payments Services"", a Paytm company; no shared title"
ripplehire:paytm,Paytm,RippleHire tenant paytm (Paytm Payments Services Limited); no shared title
trakstar:razorpay,Razorpay,Trakstar tenant razorpay (an inactive account: 0 openings on 2026-09-25)
greenhouse:razorpaysoftwareprivatelimited,Razorpay,Razorpay Software Private Limited's Greenhouse Board; no shared title
smartrecruiters:Infosys2,Infosys,SmartRecruiters company Infosys; no title shared with trakstar:infosys
trakstar:infosys,Infosys,Trakstar tenant infosys; no title shared with smartrecruiters:Infosys2
# Workday (ADR-0216): Boards the hiringOrganization cascade leaves unnamed, and big Boards it
# names partially or wrongly, each read from the Board's own og tags, sidebar, approot and
# posting text on 2026-09-24/25. The cascade's own answers are data/validate/company_names/workday.csv.
workday:2020companies/External_Careers,2020 Companies,"cascade gave Companies (a leading number reads as an entity code); hiringOrganization ""2020 Companies, Inc."""
workday:407etr/407_ETR_Careers,407 ETR,"cascade gave ETR (a leading number reads as an entity code); hiringOrganization ""407 ETR Concession Company Limited"""
workday:7eleven/7eleven,7-Eleven,"og:description ""Our purpose at 7-Eleven is to make every day easier"""
workday:a1group/A1_Jobs_bg,A1 Bulgaria,"postings' hiringOrganization ""A1 Bulgaria"""
workday:a1group/A1_Jobs_mk,A1 Macedonia,"postings' hiringOrganization ""A1 Macedonia""; sidebar logo alt ""A1 Logo"""
workday:aah/External,Advocate Health,"postings' hiringOrganization ""125 Advocate Health and Hospitals Corporation""; og:description ""integrated health systems"""
workday:aamc/aamc,AAMC,"og:description ""The AAMC's strong sense of community""; sidebar logo alt ""AAMC Blue Logo"""
workday:abbluecross/careers,Alberta Blue Cross,"og:description ""Alberta Blue Cross® is an Alberta based not-for-profit""; cascade gave its legal entity ABC Benefits"
workday:abglobal/abcampuscareers,AllianceBernstein,"postings' hiringOrganization ""105 AllianceBernstein LP."""
workday:abinbev/MEX,Grupo Modelo,"og:description ""Grupo Modelo fundado en 1925…"""
workday:academy/Careers,Academy Sports + Outdoors,"sidebar ""Academy® Sports + Outdoors is one of the nation's largest…"""
workday:academyofartuniversity/Academy_of_Art,Academy of Art University,"og:title ""Academy of Art University"""
workday:advisorgroup/advisor_career_site,Osaic,"postings' hiringOrganization ""Osaic, Inc.""; home page careers.osaic.com"
workday:aegistherapies/AegisCareers,Aegis Therapies,"posting text ""Why Aegis Therapies"", ""At Aegis Therapies"""
workday:aero/External,The Aerospace Corporation,"cascade gave Aerospace; og:description ""The Aerospace Corporation has over 26 locations""; hiringOrganization ""The Aerospace Corporation"""
workday:aes/AES_US,AES,"og:description ""transformed AES into the type of energy company…"""
workday:aeso/external,AESO,"og:description ""AESO is embarking on a transformation journey""; hiringOrganization ""Alberta Electric System Operator"""
workday:agp/AGP_Careers,AGP,"og:description ""AGP is a leading U.S. agribusiness"""
workday:aha/AHA,American Hospital Association,"postings' hiringOrganization ""American Hospital Association""; og:description ""At AHA"""
workday:airliquidehr/AirgasExternalCareer,Airgas,"og:description ""Airgas, an Air Liquide company"""
workday:airliquidehr/AirLiquideExternalCareer,Air Liquide,"og:description ""Air Liquide leverages…"""
workday:alchemy/alchemy,Alchemy,"og:description ""Alchemy offers services, tools…""; posting text ""At Alchemy"""
workday:alliancedata/breadfinancial_private,Bread Financial,"og:description ""About Bread Financial"""
workday:aman/AmanGroupExternal,Aman Group,"og:description ""Since its inception in 1988, Aman Group has strategically evolved"""
workday:amat/external,Applied Materials,"postings' hiringOrganization ""0001 Applied Materials, Inc"""
workday:amcn/amcnetworks,AMC Global Media,"og:description ""AMC Global Media is home to many of the greatest stories"""
workday:amerch/AMerchCareers,Anderson Merchandisers,"og:description ""Anderson Merchandisers is far beyond just a place to work"""
workday:americanredcross/american_red_cross_careers,American Red Cross,"og:title ""American Red Cross"""
workday:amh/External_Careers,AMH,"posting text ""At AMH""; hiringOrganization ""American Homes 4 Rent, L.P."""
workday:andela/External,Andela,"og:description ""Andela extends engineering teams"""
workday:andersonsinc/theandersonscareers,The Andersons,"og:description ""The Andersons, Inc., is a North American agriculture…"""
workday:apgfcu/apgfcu,Aberdeen Proving Ground Federal Credit Union,"postings' hiringOrganization ""Aberdeen Proving Ground Federal Credit Union"""
workday:appliedis/CloudOne,AIS,"og:title ""AIS Cloud One""; og:description ""AIS is the place for you"""
workday:argenx/External_Careers,argenx,"og:description ""argenx is a global immunology company"""
workday:arkbluecross/abcbs_external_careers,Arkansas Blue Cross,"og:description ""Arkansas Blue Cross is consistently ranked…"""
workday:asmglobal/careers,ASM Global,"postings' hiringOrganization ""ASM Global-SMG"""
workday:aspca/ASPCAWebsite,ASPCA,"og:description ""The ASPCA was founded in 1866"""
workday:astound/Astound_Careers,Astound,"og:description ""Welcome to Astound Careers!"""
workday:atd/American_Tire_Distributors,ATD,"sidebar image alt ""Why ATD"""
workday:athenahealth/External,athenahealth,"og:description ""our work at athenahealth is collaborative"""
workday:att/ATTCollege,AT&T,"posting text ""At AT&T""; hiringOrganization ""AT&T Services, Inc."""
workday:att/ATTGeneral,AT&T,"postings' hiringOrganization ""AT&T Mobility Services LLC"""
workday:aureliusinvest/AURELIUS,AURELIUS,"sidebar logo alt ""Aurelius_Logo""; home page career.aurelius-group.com"
workday:availity/availity_careers_india,Availity,"posting text ""About Availity"""
workday:avid/avid,Avid,"og:description ""Avid makes technology and collaboration tools"""
workday:avisbudget/ABG_Careers,Avis Budget Group,"og:description ""Avis Budget Group is powered by our people"""
workday:awg/A1,Anglian Water @one Alliance,"og:description ""The Anglian Water @one Alliance is a collaborative organisation"""
workday:awg/broadbean_external,Anglian Water,"postings' hiringOrganization ""Anglian Water Services Ltd"""
workday:axiscapital/axiscareers,AXIS,"posting text ""At AXIS"""
workday:ayvens/SG-Ayvens,Ayvens,"og:description ""Welcome to the SG - Ayvens Careers Page""; posting text ""At Ayvens"""
workday:baltimorecity/External,City of Baltimore,"og:title ""The City of Baltimore Job Opportunities"""
workday:bankatfirst/FFB,First Financial Bank,"og:description ""At first financial bank, our mission is clear"""
workday:baptistfirst/baptistfirst,Baptist Health,"og:description ""Baptist Health is recognized by Forbes…"""
workday:barrywehmiller/BWCareers,Barry-Wehmiller,"og:description ""Throughout Barry-Wehmiller"""
workday:barrywehmiller/bwconfidential,Barry-Wehmiller,"og:description ""Throughout Barry-Wehmiller"""
workday:bb/secusmart,Secusmart,"og:description ""Secusmart, a BlackBerry subsidiary since 2014"""
workday:bcbsks/External,Blue Cross and Blue Shield of Kansas,"og:description ""Blue Cross and Blue Shield of Kansas has built a reputation of trust"""
workday:bcbsmn/coupehealth,Coupe Health,"og:description ""Coupe Health changes that""; sidebar logo alt ""Coupe Health Logo"""
workday:bcbsnj/hc,Horizon,"posting text ""Why Horizon"", ""At Horizon""; hiringOrganization ""Horizon Healthcare Services, Inc"""
workday:bcbsri/BCBSRICareers,Blue Cross & Blue Shield of Rhode Island,"postings' hiringOrganization ""Blue Cross & Blue Shield of Rhode Island""; sidebar logo alt ""BCBSRI Logo"""
workday:bci/BCI_Careers,BCI,"og:description ""visit our BCI website""; posting text ""At BCI"""
workday:beachbody/BB_Conf_Site,Beachbody,"og:description ""Beachbody, a worldwide leader in health and fitness"""
workday:beckgroup/beckgroupexternal,The Beck Group,"og:description ""Every team member shapes life at The Beck Group"""
workday:becu/External,BECU,"postings' hiringOrganization ""Boeing Employees' Credit Union""; home page becu.org"
workday:biibhr/external,Biogen,"og:description ""As Biogen recently acquired Apellis"""
workday:blackrock/blackrock_professional,BlackRock,"og:description ""BlackRock's purpose is…"""
workday:boltonclarke/Careers,Bolton Clarke,"posting text ""At Bolton Clarke""; home page boltonclarke.com.au"
workday:bpinternational/bpcareers,BP,"postings' hiringOrganization ""BP BSC KFT"", ""BP Exploration Services India Limited"""
workday:bpinternational/bpcwcareerssite,BP,"og:description ""This careers site is for bp contractors only""; hiringOrganization ""GB02 BP Oil UK Ltd"""
workday:bpinternational/bpEarlyCareers,BP,"postings' hiringOrganization ""USC3 BP America Prod Co (EP)"""
workday:bpinternational/bpprivateexternalcareerssite,BP,"postings' hiringOrganization ""GB62 BP PLC"""
workday:bridgestone/wf_external_careers,Webfleet,"posting text ""At Webfleet""; hiringOrganization ""Webfleet Solutions Sales B.V."""
workday:brilliancanada/volaris,Volaris Group,"og:description ""At Volaris Group we are all about finding the right people"""
workday:bristolmyerssquibb/BMS,Bristol Myers Squibb,"cascade gave Squibb; posting text ""At Bristol Myers Squibb, our employees…"""
workday:bristow/airnorth,Airnorth,"sidebar logo alt ""Airnorth Logo""; posting text ""At Airnorth"""
workday:brookfield/maymonthomes,Maymont Homes,"og:description ""At Maymont Homes, we're committed…"""
workday:cadence/addl_jobs,Cadence,"og:description ""Cadence plays a critical role…"""
workday:callaghaninnovation/external,Callaghan Innovation,"og:description ""Callaghan Innovation is being disestablished in 2026"""
workday:campbellsoup/ExternalCareers_GlobalSite,Campbell's,"posting text ""Why Campbell's"""
workday:campingworld/Jobs,Camping World,"og:description ""Camping World Holdings, Inc., headquartered in Lincolnshire, IL"""
workday:candescent/Hiring,Candescent,"og:description ""Join Candescent"""
workday:cardinalhealth/EXT,Cardinal Health,"og:description ""Cardinal Health, Inc. (NYSE: CAH)"""
workday:cat/CaterpillarCareers,Caterpillar,"og:description ""There's more to work at Caterpillar"""
workday:cat/solarturbines,Solar Turbines,"og:description ""Solar Turbines Incorporated, headquartered in San Diego"""
workday:cba/CommBank_Careers,Commonwealth Bank of Australia,"postings' hiringOrganization ""Commonwealth Bank of Australia""; og:description ""a career with CommBank"""
workday:cba/private_ad,Commonwealth Bank of Australia,"postings' hiringOrganization ""Commonwealth Bank of Australia""; posting text ""At CommBank"""
workday:cbrands/CBI_External_Careers,Constellation Brands,"og:description ""Constellation Brands (NYSE: STZ)"""
workday:cefcu/CEFCU,CEFCU,"og:description ""Put the ""U"" in CEFCU""; hiringOrganization ""Citizens Equity First Credit Union"""
workday:ceh/CEH_Careers,UK Centre for Ecology and Hydrology,"postings' hiringOrganization ""UK Centre for Ecology and Hydrology"""
workday:cff/explore-career-opportunities,Cystic Fibrosis Foundation,"sidebar logo alt ""Cystic Fibrosis Foundation""; hiringOrganization ""Cystic Fibrosis Foundation"""
workday:cgg/viridiengraduate,Viridien,"sidebar logo alt ""Viridien Logo"""
workday:championx/ChampionX_External,ChampionX,"og:description ""ChampionX is now part of SLB"""
workday:cherryhealth/CH,Cherry Health,"og:description ""Cherry Health, Michigan's largest Federally Qualified Health Center"""
workday:chghealthcare/External,CHG Healthcare,"og:description ""CHG Healthcare has been dedicated to serving the healthcare workforce"""
workday:choa/externalcareers,Children's Healthcare of Atlanta,"og:description ""Children's Healthcare of Atlanta has been 100 percent committed to kids"""
workday:choicehotels/hotelexternal,Choice Hotels,"og:description ""Choice Hotels is the industry's…"""
workday:churchs/corporate,Church's Texas Chicken,"og:description ""Church's Texas Chicken® is a highly recognized brand"""
workday:citi/2,Citi,"sidebar logo alt ""Citi"""
workday:clarkcountywashington/ClarkCountyJobs,"Clark County, Washington","og:description ""Clark County, Washington, always has attracted people"""
workday:claytonhomes/ClaytonCareers,Clayton,"sidebar logo alt ""Clayton Logo""; posting text ""At Clayton"""
workday:comfortsystemsusa/Corpcareers,Comfort Systems USA,"og:description ""Comfort Systems USA is composed of more than 45 operating companies"""
workday:communicarehealth/CHSExternalCareerSite,CommuniCare,"og:description ""Since 1984, CommuniCare Family of Companies…"""
workday:consertus/consertuscareers,Consertus,"og:description ""Consertus drives positive outcomes"""
workday:corebridgefinancial/CorebridgeFinancial,Corebridge Financial,"og:description ""careers at Corebridge Financial"""
workday:coverys/External_Site,Coverys,"og:description ""Here at Coverys, we believe…"""
workday:coxhealth/CoxHealth_External,CoxHealth,"sidebar logo alt ""CoxHealth Logo"""
workday:crateandbarrel/CBH,Crate & Barrel Holdings,"og:description ""Crate & Barrel Holdings is an international destination…"""
workday:cswg/CS_Careers,C&S Wholesale Grocers,"og:description ""C&S Wholesale Grocers, LLC is an industry leader"""
workday:cubic/cubic_USA_careers,Cubic,"og:description ""Cubic creates and delivers technology solutions"""
workday:curtisswright/CW_External_Career_Site,Curtiss-Wright,"cascade gave Curtiss Wright; og:description ""Curtiss-Wright is an in…"""
workday:cvshealth/CVS_Health_Careers,CVS Health,"sidebar logo alt ""CVS Health""; posting text ""At CVS Health"""
workday:cw/External,Cushman & Wakefield,"cascade gave Cushman; og:description ""About Cushman & Wakefield"""
workday:cwi/CW_Careers,Children's Wisconsin,"posting text ""At Children's Wisconsin""; sidebar logo alt ""Children's of Wisconsin"""
workday:davisconstruction/DAVIS-Careers,DAVIS,"og:description ""Join us at DAVIS""; hiringOrganization ""James G. Davis Construction Corp."""
workday:db/DBWebsite,Deutsche Bank,"postings' hiringOrganization ""0010 Deutsche Bank Aktiengesellschaft"""
workday:dcsd/DCSD,Douglas County School District,"og:description ""A career in Colorado's Douglas County School District"""
workday:diconium/diconium,Diconium,"og:title ""Diconium Jobs""; og:description ""At Diconium"""
workday:disney/disneycareerdc,The Walt Disney Company,"og:description ""About The Walt Disney Company"""
workday:dowjones/New_York_Post_Careers,New York Post Media Group,"og:description ""New York Post Media Group is home to the oldest…"""
workday:dowjones/news_corp_australia_careers,News Corp Australia,"posting text ""Why News Corp Australia""; sidebar logo alt ""News Corp Logo"""
workday:dtna/dtna_affiliate,Daimler Truck North America,"postings' hiringOrganization ""Daimler Truck North America LLC"""
workday:dtna/DTNA_external,Daimler Truck North America,"postings' hiringOrganization ""Daimler Truck North America LLC"""
workday:duboischemicals/External,DuBois Chemicals,"postings' hiringOrganization ""USA – DuBois Chemicals, Inc""; og:description ""Working at DuBois"""
workday:ecolab/ecolab_external,Ecolab,"og:description ""Ecolab (NYSE:ECL) is a global sustainability leader"""
workday:embecta/embectacareers,embecta,"og:description ""At embecta, a career is more than a job""; sidebar logo alt ""embecta logo"""
workday:embl/EMBL,EMBL,"posting text ""At EMBL""; hiringOrganization ""European Molecular Biology Laboratory"""
workday:emcins/EMC_Careers,EMC,"sidebar logo alt ""EMC Logo""; og:description ""apply for a position at EMC"""
workday:eml/EML,EML,"sidebar logo alt ""EML Logo""; posting text ""Why Join EML"""
workday:employeeownedbrands/Dexter_Laundry,Dexter Laundry,"og:description ""Dexter Laundry has been manufacturing laundry equipment since 1894"""
workday:energynorthwest/External,Energy Northwest,"og:description ""Current Energy Northwest employees must apply…"""
workday:enovis/enovis,Enovis,"og:description ""Enovis Corporation (NYSE: ENOV)"""
workday:eosgroup/eos,EOS,"sidebar logo alt ""EOS Logo""; posting text ""At EOS"""
workday:ercot/ercot_careers,ERCOT,"og:description ""The Electric Reliability Council of Texas (ERCOT)"""
workday:essc/ESSC_Careers,Easter Seals Southern California,"postings' hiringOrganization ""Easter Seals Southern California, Inc."""
workday:essers/Careersite_External,H.Essers,"postings' hiringOrganization ""H.Essers Logistics Services Company nv"""
workday:esswd/External,Faegre Drinker,"postings' hiringOrganization ""Faegre Drinker Biddle & Reath LLP""; posting text ""At Faegre Drinker"""
workday:evoila/evoilajobs,evoila,"sidebar logo alt ""evoila logo""; hiringOrganization ""evoila Germany GmbH"""
workday:ezcorp/ezcorp,EZCORP,"posting text ""At EZCORP""; sidebar image alt ""Map of US where EZCORP operates"""
workday:fbhwa/Search,Frontier Behavioral Health,"posting text ""At Frontier Behavioral Health""; hiringOrganization ""Frontier Behavioral Health"""
workday:fca/FCA_Careers,FCA,"og:description ""At the FCA, we're creating…""; hiringOrganization ""The Financial Conduct Authority"""
workday:feam/FEAM_AERO,FEAM Aero,"og:description ""At FEAM Aero, your future is more than just a job"""
workday:fedex/fdw_eu_external_career_site,FedEx,"og:description ""other career opportunities with FedEx""; og:title ""FDW-EU Career Site"""
workday:ferring/ferring,Ferring Pharmaceuticals,"og:description ""Ferring Pharmaceuticals a privately owned…"""
workday:fhi/FHI_360_External_Career_Portal,FHI 360,"og:description ""FHI 360 is a global organization""; sidebar logo alt ""FHI 360 full color logo"""
workday:fhlbtopeka/FHLBT,FHLBank Topeka,"og:description ""FHLBank Topeka promotes affordable housing""; hiringOrganization ""Federal Home Loan Bank of Topeka"""
workday:fico/External,FICO,"og:description ""FICO powers decisions…"""
workday:finra/FINRA,FINRA,"postings' hiringOrganization ""Financial Industry Regulatory Authority, Inc."""
workday:fis/searchjobs,FIS,"postings' hiringOrganization ""FIS Management Services LLC"""
workday:flextronics/Careers,Flex,"cascade gave Flextronics; og:description ""Flex is the diversified manufacturing partner of choice"""
workday:flpoly/external-faculty,Florida Polytechnic University,"og:description ""Florida Polytechnic University, started as a university of engineering"""
workday:flutterbe/Blip_External,Blip,"posting text ""At Blip""; home page blip.pt"
workday:flutterbe/FlutterInt_External,Flutter,"posting text ""About Flutter CEE"", ""As part of Flutter"""
workday:fnbcorp/FNBCORP,F.N.B. Corporation,"og:description ""F.N.B. Corporation (FNB) offers…"""
workday:fntg/FNF-Careers,Fidelity National Financial,"sidebar logo alt ""Fidelity National Financial (FNF) - Family of Companies Logo"""
workday:folkehjelp/NPA_Career,Norwegian People's Aid,"og:description ""Norwegian People's Aid will always strive…""; sidebar logo alt ""NPA logo"""
workday:foresters/forestersfinancialcareers,Foresters Financial,"og:description ""Foresters Financial™ is an international financial services provider"""
workday:franklintempleton/Jobs-ClearBridge-Private,ClearBridge Investments,"og:description ""ClearBridge Investments has been recognized…""; sidebar logo alt ""ClearBridge Logo"""
workday:freddiemac/external,Freddie Mac,"og:description ""Freddie Mac makes homeownership…"""
workday:gafsgi/bmide,BMI,"og:description ""…die BMI zu einem Unternehmen…"""
workday:gafsgi/GAF_Careers,GAF,"og:description ""GAF is the leading roofing manufacturer in North America"""
workday:gafsgi/SGI_Careers,Specialty Granules,"og:description ""Specialty Granules LLC (SGI) has been a leading…"""
workday:gafsgi/siplast_careers,Siplast,"og:description ""The Siplast story…""; posting text ""At Siplast"""
workday:galileo/istituto_marangoni_career_site,Istituto Marangoni,"og:description ""Istituto Marangoni Founded in 1935 in Milan""; hiringOrganization ""IM_HQ Istituto Marangoni Srl"""
workday:garlandtx/Garlandcareers,City of Garland,"postings' hiringOrganization ""City of Garland"""
workday:gdit/incumbent_career_site,GDIT,"home page www.gdit.com; hiringOrganization ""GD Information Technology, Inc.""; the name this file gives workday:gdit/External_Career_Site"
workday:geaerospace/GE_ExternalSite,GE Aerospace,"cascade gave GE; og:description ""At GE Aerospace, we invent the future of flight"""
workday:georgetown/Georgetown_Admin_Careers,Georgetown University,"og:title ""Georgetown Career Opportunities""; home page careers.georgetown.edu"
workday:gevernova/Only_Confidential_Executive_Recruiting,GE Vernova,"cascade gave GE; og:title ""GE Vernova Executive Careers"""
workday:gflenv/Careers,GFL Environmental,"og:title ""GFL Environmental"""
workday:ghc/csi_careers,CSI Pharmacy,"og:title ""CSI Pharmacy""; posting text ""At CSI Pharmacy"""
workday:ghc/framebridge_careers,Framebridge,"og:title ""FRAMEBRIDGE""; posting text ""At Framebridge"""
workday:ghc/Joyce_Dayton_Careers,Joyce/Dayton,"og:description ""When you join Joyce/Dayton"""
workday:ghr/lateral-apac,Bank of America,"og:description ""At Bank of America, we are guided…"""
workday:ghr/lateral-ba_continuum,Bank of America,"og:description ""At Bank of America, we are guided…"""
workday:ghr/lateral-latam,Bank of America,"og:description ""At Bank of America, we are guided…"""
workday:gianttiger/GiantTiger,Giant Tiger,"posting text ""At Giant Tiger"""
workday:gladstone/careers,Gladstone Institutes,"postings' hiringOrganization ""The J David Gladstone Institutes""; og:description ""Gladstone is an independent…"""
workday:global/globalpartnerscareers,Global Partners,"og:description ""visit our Global Partners Careers site""; posting text ""At Global Partners"""
workday:globalhr/private_posting_no_tmp,RTX,"posting text ""At RTX"""
workday:golimitless/staff_external_career_site,IMB,"og:description ""joining IMB""; sidebar logo alt ""IMB Logo""; hiringOrganization ""International Mission Board"""
workday:graybar/Valin_Careers,Valin,"og:description ""Valin Corporation, a subsidiary of Graybar""; posting text ""At Valin"""
workday:gsk/gskcareers,GSK,"sidebar logo alt ""GSK New Logo 2026""; posting text ""Why GSK"""
workday:harriscomputer/amazingcharts,Amazing Charts,"og:description ""Amazing Charts was founded in 2001"""
workday:harriscomputer/globys,Globys,"og:description ""Globys was founded in 2008"""
workday:healthfirst/healthfirst,Healthfirst,"og:description ""Healthfirst is New York's largest not-for-profit health insurer"""
workday:hexcel/HexcelCareers,Hexcel,"og:description ""more information about working at Hexcel"""
workday:highpoint/HighPoint,High Point University,"og:description ""At High Point University the faculty and staff…"""
workday:highpoint/Highpoint-Faculty,High Point University,"og:description ""At High Point University the faculty and staff…"""
workday:hillenbrand/Global,Hillenbrand,"og:description ""Hillenbrand is a…"""
workday:holmesmurphy/HolmesMurphyCareers,Holmes Murphy,"og:description ""when you join Holmes Murphy!"""
workday:homedepot/CareerDepot,The Home Depot,"cascade gave HOME DEPOT; posting text ""With a career at The Home Depot"""
workday:hp/externalcareersite,HP,"sidebar logo alt ""HP Logo"""
workday:hp/exteu-ac-careersite,HP,"sidebar logo alt ""HP Logo"""
workday:hpe/ACJobSite,Hewlett Packard Enterprise,"og:description ""Hewlett Packard Enterprise Technology innovation…"""
workday:hpe/Jobsathpe,Hewlett Packard Enterprise,"og:description ""Hewlett Packard Enterprise Technology innovation…"""
workday:hpe/wfmathpe,Hewlett Packard Enterprise,"og:description ""Hewlett Packard Enterprise Technology innovation…"""
workday:hriproperties/HRI_Hospitality,HRI Hospitality,"sidebar image alt ""Why Join HRI Hospitality"""
workday:hrone/Universal_Logistics_Holdings,Universal Logistics Holdings,"og:description ""Universal Logistics Holdings, Inc. (NASDAQ: ULH)"""
workday:iberdrola/Iberdrola,Iberdrola,"og:title ""Iberdrola Group | Careers"""
workday:icc/External_AOP,ICC,"og:description ""Welcome to ICC. We are glad you are here."""
workday:iesabroad/ies_abroad_careers,IES Abroad,"og:title ""IES Abroad"""
workday:ifg/KH,King's Hawaiian,"postings' hiringOrganization ""King's Hawaiian Bakery West, Inc"""
workday:ih/iha_careers,Independent Health,"og:description ""The Independent Health Family of Companies, headquartered in Buffalo, NY"""
workday:inmar/inmarcareers,Inmar,"sidebar logo alt ""Inmar Logo"""
workday:internationalschools/ISPCareers,International Schools Partnership,"og:description ""a career at International Schools Partnership"""
workday:investpsp/psp_careers,PSP Investments,"posting text ""At PSP Investments"""
workday:isc/isc,ISC,"og:description ""ISC is a leading provider of registry…""; posting text ""At ISC"""
workday:issgovernance/ISScareers,ISS STOXX,"og:description ""ISS STOXX delivers world-class research"""
workday:jbtm/JBT_Marel_Career_Site,JBT Marel,"og:description ""start your career journey with JBT Marel"""
workday:jeffersonhealth/ThomasJeffersonExternal,Jefferson Health,"postings' hiringOrganization ""Jefferson Health Northeast""; og:description ""Jefferson's Mission"""
workday:jj/JJ,Johnson & Johnson,"cascade gave Johnson; og:description ""At Johnson & Johnson, we believe health is everything"""
workday:jpi/JPIcareers,JPI,"postings' hiringOrganization ""JPI Employment Services, LLC""; home page jpi.com"
workday:k2services/Opensity,Opensity,"posting text ""At Opensity"""
workday:kaodata/KAO-External-Recruiting,Kao Data,"og:description ""A career at Kao Data""; posting text ""Why Kao Data"""
workday:kbi/Kontoor,Kontoor Brands,"og:description ""Kontoor Brands, Inc. Kontoor Brands is a lifestyle apparel company"""
workday:kei/GlobalKimballCareers,Kimball Electronics,"postings' hiringOrganization ""Kimball Electronics, Inc."""
workday:kimberlyclark/Arbex,Arbex,"og:description ""Thank you for your interest in Arbex""; posting text ""At Arbex"""
workday:kimberlyclark/GLOBAL,Kimberly-Clark,"posting text ""At Kimberly-Clark"""
workday:kiongroup/KIONGroup,KION,"og:description ""KION is the Supply Chain Solutions Company"""
workday:lbg/LBG_Careers,Lloyds Banking Group,"posting text ""At Lloyds Banking Group"""
workday:lgi/LGI_Careers,LGI,"og:description ""LGI's foundation began in 1916"""
workday:lifetime/lifetime,Life Time,"og:description ""…Life Time's…""; home page careers.lifetime.life"
workday:lilly/LLY,Eli Lilly and Company,"og:description ""At Lilly""; hiringOrganization ""100 Eli Lilly and Company"""
workday:livanova/search,LivaNova,"postings' hiringOrganization ""Company 432 LivaNova, Inc."""
workday:lkqcorp/ExternalCareerSite-LKQ,LKQ,"sidebar logo alt ""LKQ Logo""; og:description ""LKQ is at the industry's forefront"""
workday:lnw/LightWonderExternalCareers,Light & Wonder,"og:description ""Light & Wonder, Inc. is the leading cross-platform global games company"""
workday:lplfinancial/India_Ext,LPL,"sidebar logo alt ""LPL GCC""; posting text ""At LPL's Global Capability Center"""
workday:lseg/Careers,LSEG,"og:description ""LSEG (London Stock Exchange Group) is a leading global financial markets infrastructure…"""
workday:lseg/Graduate_Careers,LSEG,"posting text ""At LSEG""; home page lseg.com/careers"
workday:lthc/CDPHPCareers,CDPHP,"og:description ""At CDPHP, we're on a mission…"""
workday:lumeris/LC,Lumeris,"og:description ""Lumeris is bringing common sense back…""; posting text ""At Lumeris"""
workday:lumeris/UR,Lumeris,"og:description ""Lumeris serves as a long-term operating partner""; posting text ""At Lumeris"""
workday:luminegrp/kansys,Lumine Group,"og:description ""Lumine Group architects the future of connectivity"""
workday:luminegrp/Openwave,Openwave,"og:description ""Openwave provides a white label Email & Messaging Platform"""
workday:luminegrp/Tarantula,Lumine Group,"og:description ""Lumine Group architects the future of connectivity"""
workday:lvhn/HNL,Health Network Laboratories,"postings' hiringOrganization ""1046 Health Network Laboratories LLC"""
workday:madisoncollege/jobsatMadisonCollege,Madison College,"og:title ""Jobs at Madison College"""
workday:magnitudesoftware/Confidential,insightsoftware,"og:description ""insightsoftware is a global provider…""; sidebar logo alt ""insightsoftware logo"""
workday:magnitudesoftware/external,insightsoftware,"og:description ""insightsoftware is a global provider…"""
workday:manulife/mfcjh_adminjobs,Manulife,"sidebar ""We're Manulife""; posting text ""At Manulife"""
workday:marmon/Marmon_Careers_SWE,Marmon Holdings,"og:title ""Marmon Holdings, Inc."""
workday:marmon/Marmon_Internships,Marmon Holdings,"og:title ""Internships at Marmon Holdings, Inc"""
workday:mastercard/campus,Mastercard,"postings' hiringOrganization ""US: Mastercard Technologies, LLC"""
workday:mastercard/campusapplyonly,Mastercard,"postings' hiringOrganization ""UAE: Mastercard Middle East Africa FZ-LLC"""
workday:mastercard/contractorconversion,Mastercard,"postings' hiringOrganization ""US: Mastercard Technologies, LLC"""
workday:mdlz/external,Mondelēz International,"cascade gave MDLZ; og:description ""At Mondelēz International, our purpose is…"""
workday:melcoresorts/career,Melco Resorts & Entertainment,"og:description ""Melco Resorts & Entertainment Limited (""Melco"")"""
workday:menasha/MenashaCorp,Menasha Corporation,"og:description ""Menasha Corporation consists of two companies"""
workday:mercy/mercycareers,Mercy,"sidebar logo alt ""Mercy""; posting text ""At Mercy"""
workday:mgic/MGIC,MGIC,"og:description ""MGIC pioneered the modern form of private mortgage insurance"""
workday:mgk/mgk,MGK,"og:description ""MGK sells insect control products throughout the world"""
workday:microfocus/ACJobSite,Micro Focus,"og:description ""The Unique Value of Micro Focus"""
workday:microfocus/Jobsatmicrofocus123,Micro Focus,"og:description ""The Unique Value of Micro Focus"""
workday:microfocus/WFMatmicrofocus,Micro Focus,"og:description ""The Unique Value of Micro Focus"""
workday:miwd/miter_careers,MITER Brands,"posting text ""About MITER Brands"""
workday:mlse/MLSE,Maple Leaf Sports & Entertainment,"posting text ""At Maple Leaf Sports & Entertainment""; hiringOrganization ""Maple Leaf Sports & Entertainment Partnership"""
workday:mobettahs/MoBettahs,Mo' Bettahs,"og:title ""Mo' Bettahs"""
workday:mobility/Mobility,Mobility Global,"posting text ""At Mobility Global"""
workday:modaxo/ebbloInternational,ebblo,"og:description ""ebblo helps public transport providers…""; hiringOrganization ""ebblo UK Limited"""
workday:modec/ExternalCareersMalaysia,MODEC,"og:description ""At MODEC, we're looking for…""; sidebar logo alt ""MODEC"""
workday:modernatx/m_tx,Moderna,"cascade gave ModernaTX; og:description ""At Moderna we are pioneering…"""
workday:morningstar/Americas,Morningstar,"og:description ""How to Apply for a Job at Morningstar"""
workday:morningstar/Asia_Pacific,Morningstar,"og:description ""How to Apply for a Job at Morningstar"""
workday:morningstar/Confidential,Morningstar,"og:description ""How to Apply for a Job at Morningstar""; posting text ""At Morningstar"""
workday:morsco/Reece_Mexico_Careers,Reece,"og:description ""Reece es un distribuidor líder""; sidebar logo alt ""Reece Logo"""
workday:msd/searchjobs,MSD,"postings' hiringOrganization ""1147 MSD Ireland (Ballydine)""; home page jobs.msd.com"
workday:msigna/gbl,MSIG,"og:description ""the success and continued growth of MSIG""; sidebar image alt ""MSIG sidebar image"""
workday:msk/mskcc_careers_primary,Memorial Sloan Kettering Cancer Center,"postings' hiringOrganization ""Memorial Sloan Kettering Cancer Center"""
workday:mtb/MTB,M&T,"og:description ""At M&T, our purpose is…"""
workday:mwe/mwe_careers,McDermott Will & Schulte,"postings' hiringOrganization ""McDermott Will & Schulte LLP""; posting text ""At McDermott"""
workday:myhcm/digioutsource,Digital Outsource Services,"postings' hiringOrganization ""Digital Outsource Services (Pty) Ltd"""
workday:myhr/PlanseeGroup_Career,Plansee,"postings' hiringOrganization ""AUT.Plansee SE"""
workday:myhrabc/Global,Cencora,"cascade gave AmerisourceBergen; og:title ""AmerisourceBergen is now Cencora""; og:description ""Cencora is a leading global pharmaceutical solutions company"""
workday:mymvw/HVOCareers,HVO,"sidebar logo alt ""HVO""; home page hvocareers.com"
workday:myview/paradox_careers,Loblaw Companies Limited,"og:description ""Loblaw Companies Limited, its subsidiaries…""; hiringOrganization ""L001 Loblaws Inc."""
workday:nab/bnz_careers,BNZ,"og:description ""Welcome to BNZ Careers""; hiringOrganization ""Bank of New Zealand"""
workday:nbn/nbncareers,nbn,"og:description ""nbn is the team behind the design, build and operation of the nbn™ network"""
workday:ncino/nCinoCareers,nCino,"og:description ""At nCino, we believe…""; sidebar logo alt ""nCino Logo"""
workday:nclh/NCL_Shoreside_Careers,Norwegian Cruise Line Holdings,"posting text ""At Norwegian Cruise Line Holdings"""
workday:ncr/ext_apac,NCR Voyix,"cascade gave NCR; og:description ""At NCR Voyix, we specialize…"""
workday:ncr/ext_jp,NCR,"og:description ""NCRは消費者の生活を…""; hiringOrganization ""NCR Commerce Japan Ltd."""
workday:ncr/ext_non_us,NCR Voyix,"og:description ""At NCR Voyix, we specialize…"""
workday:ncratleos/ext_apacatleos,NCR Atleos,"og:description ""At NCR Atleos, you'll have…"""
workday:ncratleos/ext_atleos_us,NCR Atleos,"og:description ""At NCR Atleos, you'll have…"""
workday:ncratleos/ext_contractors,NCR Atleos,"og:description ""At NCR Atleos, you'll have…"""
workday:ncratleos/ext_non_usalteos,NCR Atleos,"og:description ""At NCR Atleos, you'll have…"""
workday:neso/Careers,National Energy System Operator,"og:description ""At the National Energy System Operator (NESO)"""
workday:newchartertech/ElementTechnologies,Element,"sidebar logo alt ""Element, a New Charter Company"""
workday:newchartertech/icg,ICG,"og:description ""ICG, a New Charter Company""; sidebar logo alt ""ICG, a New Charter Company"""
workday:newchartertech/NetTech,NetTech,"og:description ""NetTech, a New Charter Company""; sidebar logo alt ""Nettech, a New Charter Company"""
workday:newchartertech/olmecsystems,Olmec Systems,"og:description ""Olmec Systems, a New Charter Company"""
workday:nextlinkinternet/Telecom-Jobs,Nextlink,"og:description ""Why Work For Nextlink?"""
workday:njm/njm,NJM,"og:description ""What Makes NJM Different?"""
workday:njm/njm_confidential,New Jersey Manufacturers,"postings' hiringOrganization ""New Jersey Manufacturers Ins."""
workday:nngroup/WDExternal,NN Group,"cascade gave NN; og:description ""NN Netherlands is the head office of NN Group"""
workday:novartis/Novartis_Careers,Novartis,"postings' hiringOrganization ""Novartis Pharma AG"""
workday:nrel/NLR,National Laboratory of the Rockies,"og:description ""The National Laboratory of the Rockies (NLR)"""
workday:nttlimited/internal_employees_not_on_workday,NTT DATA,"posting text ""At NTT DATA"""
workday:nwtc/CareerBuilder,NWTC,"og:description ""NWTC recognizes that people come with…"""
workday:nwtc/NWTC1,Northeast Wisconsin Technical College,"og:title ""NWTC""; hiringOrganization ""Northeast Wisconsin Technical College"""
workday:nztagovtnz/nztagovtnz,Waka Kotahi NZ Transport Agency,"og:description ""At Waka Kotahi NZ Transport Agency, it all starts with our people"""
workday:olemiss/External__Staff,University of Mississippi,"postings' hiringOrganization ""University of Mississippi"""
workday:olg/Career-Fair,OLG,"og:title ""OLG Career Fair - Job Opportunities""; og:description ""Join team OLG"""
workday:onehealthineers/IJMHRMS,Siemens Healthineers,"postings' hiringOrganization ""Siemens Healthcare Diagnostics Inc.""; sidebar logo alt ""SHS Logo"""
workday:onehealthineers/SHSJB,Siemens Healthineers,"posting text ""When you join Siemens Healthineers""; hiringOrganization ""Siemens Medical Solutions USA, Inc."""
workday:oneoncology/CCI,Clearview Cancer Institute,"postings' hiringOrganization ""CCI Clearview Cancer Institute"""
workday:openlane/openlane_careers,OPENLANE,"og:description ""OPENLANE makes wholesale easy"""
workday:operasoftware/external,Opera Software,"og:description ""Opera Software crafts products and services"""
workday:optiva/Qvantel_external_career_site,Qvantel,"og:description ""Qvantel, established in 1995, is a leading provider"""
workday:otis/REC_Ext_Gateway,Otis,"posting text ""Otis is the world's leading elevator…"", ""When you join Otis"""
workday:oxford/LillyPulitzer,Lilly Pulitzer,"og:description ""Lilly Pulitzer's mission is to inspire confidence"""
workday:oxy/OmanPetroJobs,Oxy,"og:description ""Oxy has bold ambitions to achieve net zero"""
workday:pacourts/PACourts,Pennsylvania Courts,"og:description ""In the Pennsylvania Courts, people are our priority"""
workday:pae/Amentum_Careers,Amentum,"sidebar logo alt ""Amentum"""
workday:pae/UK_Careers,Amentum,"sidebar logo alt ""Amentum""; posting text ""At Amentum"""
workday:patientfirst/patientfirst,Patient First,"og:description ""Patient First's vision remains the same"""
workday:pbv/external,Pepsi Bottling Ventures,"postings' hiringOrganization ""Pepsi Bottling Ventures LLC"""
workday:peak6group/capman,PEAK6,"postings' hiringOrganization ""PEAK6 Capital Management LLC"""
workday:peak6group/PEAK6,PEAK6,"postings' hiringOrganization ""PEAK6 Services LLC""; home page peak6.com/careers"
workday:pensacolastate/adjunct_faculty_site,Pensacola State College,"og:description ""Pensacola State College is the oldest of the 28 institutions"""
workday:pensacolastate/PSC_Employment_Opportunities,Pensacola State College,"og:description ""Pensacola State College is the oldest of the 28 institutions"""
workday:peoplecorporation/People_Corporation,People Corporation,"sidebar logo alt ""People Corporation Logo"""
workday:pg/1000,P&G,"og:description ""P&G was founded over 180 years ago"""
workday:pg/1001,P&G,"og:description ""P&G was founded over 180 years ago""; posting text ""At P&G"""
workday:pimco/pimco-careers,PIMCO,"sidebar logo alt ""PIMCO Logo"""
workday:polpharma/polpharma,Polpharma,"postings' hiringOrganization ""Zakłady Farmaceutyczne Polpharma SA"""
workday:polypipe/careers,Genuit Group,"sidebar logo alt ""Genuit Group plc""; og:description ""Here at Genuit"""
workday:pra/pra_careers,PRA Group,"og:description ""PRA Group returns capital to banks""; og:title ""Discover your passion at PRA"""
workday:priceline/Priceline-CollegeHiring,Priceline,"og:description ""WE ARE PRICELINE""; posting text ""At Priceline"""
workday:primient/iProof_External_Careers,iPROOF,"og:description ""At iPROOF, we are building…""; sidebar logo alt ""iProof Logo"""
workday:psu/PSU_Academic,Penn State,"og:description ""There's a reason Penn State consistently ranks…"""
workday:psu/PSU_Staff,Penn State,"cascade gave Pennsylvania; og:description ""There's a reason Penn State consistently ranks…"""
workday:puma/work_at_stichd,STICHD,"posting text ""At STICHD""; hiringOrganization ""stichd BV"""
workday:pureinsurance/PURE,PURE,"posting text ""At PURE"""
workday:pwc/crm_experienced_careers_site,PwC,"og:description ""You can grow exponentially at PwC"""
workday:pwc/nonpublic_postings,PwC,"og:description ""You can grow exponentially at PwC"""
workday:pwc/US_Experienced_Careers,PwC,"og:description ""To view other PwC job opportunities"""
workday:q2ebanking/Q2,Q2,"og:description ""Q2's mission is…""; hiringOrganization ""Q2 Software, Inc."""
workday:q8hcm/External_KPNWE,Q8,"og:description ""it is time to meet Q8""; sidebar logo alt ""Q8"""
workday:qnity/Jobs,Qnity,"sidebar logo alt ""Qnity New Logo""; posting text ""At Qnity"""
workday:quickenloans/rocket_india,Rocket,"og:description ""As part of the ecosystem of Rocket®"""
workday:radiancetech/Radiance_External,Radiance Technologies,"cascade gave Radiance; postings' hiringOrganization ""Radiance Technologies, Inc."""
workday:rakuten/RakutenRewards,Rakuten International,"og:description ""Rakuten International oversees 7 businesses"""
workday:rba/RBA_Careers,Reserve Bank of Australia,"postings' hiringOrganization ""Reserve Bank of Australia"""
workday:rbc/RBCGLOBAL1,Royal Bank of Canada,"og:description ""Royal Bank of Canada is a global financial institution"""
workday:rch/Careers,Children's Hospital of Orange County,"postings' hiringOrganization ""Children's Hospital of Orange County""; posting text ""Why CHOC"""
workday:reagroup/reacareers,REA Group,"sidebar logo alt ""REA Group logo"""
workday:repsol/Repsol,Repsol,"og:description ""At Repsol, more than 24,000 people work…"""
workday:republic/Republic,Republic Services,"og:description ""Republic Services is a place where…"""
workday:rgare/careers,RGA,"approot title ""RGA Careers""; sidebar ""Understanding RGA's story"""
workday:ri/RI,State of Rhode Island,"og:title ""State of Rhode Island External Careers"""
workday:rideuta/uta,UTA,"og:description ""We are UTA, together""; hiringOrganization ""1 Utah Transit Authority"""
workday:ritzcarltonyachtcollection/External_Career_Site,The Ritz-Carlton Yacht Collection,"posting text ""At The Ritz-Carlton""; Board site ritzcarltonyachtcollection"
workday:robeco/robecoexternalcareers,Robeco,"og:description ""Robeco has always combined the best of both worlds"""
workday:rockwellautomation/External_Rockwell_Automation,Rockwell Automation,"og:description ""Rockwell Automation, Inc. (NYSE: ROK)"""
workday:rollsroyce/DestinationNuclear,Rolls-Royce,"og:description ""Rolls-Royce pioneers cutting-edge technologies""; posting text ""At Rolls-Royce"""
workday:rollsroyce/Intern_Graduate,Rolls-Royce,"og:description ""Rolls-Royce pioneers cutting-edge technologies"""
workday:rollsroyce/professional,Rolls-Royce,"og:description ""Rolls-Royce pioneers cutting-edge technologies"""
workday:rollsroyce/rrpowersystems,Rolls-Royce,"posting text ""Why Rolls-Royce"", ""At Rolls-Royce"""
workday:rtddenver/Careers,Regional Transportation District,"posting text ""At Regional Transportation District""; og:description ""RTD provides public transportation"""
workday:rxo/rxojobs,RXO,"sidebar image alt ""Smart Solutions RXO""; hiringOrganization ""RXO CORPORATE SOLUTIONS, LLC"""
workday:sandoz/Sandoz_Careers,Sandoz,"og:description ""Our Purpose here at Sandoz"""
workday:sandvik/sigmanest-jobs,SigmaNEST,"og:description ""SigmaNEST software suite optimizes the entire fabrication process"""
workday:saxobank/CareeratSaxoBank,Saxo Bank,"og:description ""About Saxo Bank"""
workday:sbdinc/Stanley_Black_Decker_Career_Site,Stanley Black & Decker,"cascade gave Black & Decker; postings' hiringOrganization ""Stanley Black & Decker India Private Limited"""
workday:schumacher/corporate-careers,SCP Health,"posting text ""At SCP Health""; home page scphealth.com"
workday:scj/External_Career_Site,SC Johnson,"og:title ""SC Johnson Candidate Portal"""
workday:scm/DaviesNorthAmerica,Davies,"og:description ""Davies has distinguished itself as a leader""; sidebar logo alt ""Davies Logo"""
workday:seatrium/SeatriumCareers,Seatrium,"og:description ""Seatrium Limited provides innovative engineering solutions"""
workday:sehinc/SEH,SEH,"og:description ""SEH is an employee-owned engineering…"""
workday:semtech/semtechcareers,Semtech,"cascade gave SEMTECH; og:description ""Semtech Corporation (Nasdaq: SMTC)"""
workday:sevenwestmedia/SWM,Seven West Media,"og:title ""Seven West""; home page sevenwestmedia; hiringOrganization ""Seven Network (Operations) Ltd"""
workday:sggovterp/PublicServiceCareers,Singapore Public Service,"cascade gave Singapore; og:description ""The Singapore Public Service plays a key role"""
workday:shell/avature,Shell,"og:description ""A key role for society – and for Shell – is to find ways…"""
workday:shusa/External,Sonic Healthcare USA,"og:description ""About Sonic Healthcare USA"""
workday:silabs/experiencedjobs,Silicon Labs,"cascade gave Silabs; og:title ""Silicon Labs Experienced Jobs""; og:description ""At Silicon Labs"""
workday:simons/Simons_Site,Simons,"og:description ""Simons was founded in 1840""; hiringOrganization ""La Maison Simons Inc."""
workday:sjog/SJGHC_Blind_Posting,St John of God Health Care,"og:description ""At St John of God Health Care we support you…"""
workday:sjrmc/SJRMC,San Juan Regional Medical Center,"posting text ""At San Juan Regional Medical Center"""
workday:sky/sky_careers,Sky,"posting text ""At Sky""; hiringOrganization ""Sky UK"""
workday:sky/tux,Sky,"postings' hiringOrganization ""Sky CP Ltd"", ""Sky Retail Stores"""
workday:smithcollege/smithcollege,Smith College,"og:description ""Smith College seeks to attract individuals…"""
workday:smucker/US_External_Careers,J. M. Smucker,"postings' hiringOrganization ""J. M. Smucker LLC"""
workday:snhu/External_Career_Site,Southern New Hampshire University,"postings' hiringOrganization ""Southern New Hampshire University"""
workday:snhu/Private,Southern New Hampshire University,"postings' hiringOrganization ""Southern New Hampshire University"""
workday:som/External,"Skidmore, Owings & Merrill","og:description ""Skidmore, Owings & Merrill (SOM) is a global practice"""
workday:son/NebraskaStateCareers,State of Nebraska,"og:title ""Nebraska Government""; hiringOrganization ""State of Nebraska"""
workday:sonaca/Sonaca_Careers,Sonaca North America,"og:title ""Sonaca North America"""
workday:southerncross/InviteOnly,Southern Cross Health Insurance,"og:description ""Southern Cross Health Insurance is shaping a healthier Aotearoa"""
workday:spe/sonypicturesentertainment,Sony Pictures Entertainment,"og:description ""Hi, we're Sony Pictures Entertainment"""
workday:spectris/hbk_careers,HBK,"og:description ""HBK Hottinger Brüel & Kjaer (HBK) is a global leader"""
workday:spgi/SPGI_Careers,S&P Global,"og:description ""S&P Global enables businesses…"""
workday:spgi/SPGI_Internal,S&P Global,"sidebar logo alt ""S&P Logo""; posting text ""At S&P Global"""
workday:spw/lw_careers,Lloyds Wealth,"og:description ""Lloyds Wealth aims to improve the way financial advice is offered"""
workday:src/ScottishRiteforChildren,Scottish Rite for Children,"og:description ""At Scottish Rite for Children, we work together…"""
workday:steeleurope/job_board,thyssenkrupp Steel,"og:description ""thyssenkrupp Steel is one of the world's leading manufacturers"""
workday:strideinc/SK,Stride,"og:description ""Stride, Inc. has transformed the teaching and learning experience"""
workday:strsoh/STRS_Jobs,STRS Ohio,"og:description ""STRS Ohio associates are highly talented…"""
workday:suddath/Suddath,Suddath,"og:description ""The Suddath Companies moves people…""; posting text ""At Suddath"""
workday:summitracing/SummitRacing-External-Career-Site,Summit Racing,"og:description ""Join the Summit Racing…"""
workday:super/GLT,Global Modern Services,"postings' hiringOrganization ""500.1 Global Modern Services, Inc. (USA)""; og:description ""The GMS Experience"""
workday:super/GMS,Global Modern Services,"postings' hiringOrganization ""500.1 Global Modern Services, Inc. (USA)""; og:description ""The GMS Experience"""
workday:super/search,Global Modern Services,"postings' hiringOrganization ""500.1 Global Modern Services, Inc. (USA)"""
workday:surbanajurong/SJ_Careers,Surbana Jurong,"sidebar logo alt ""SJ logo""; posting text ""At Surbana Jurong"""
workday:takeaway/jet-ecs-r,Just Eat Takeaway.com,"og:description ""here at Just Eat Takeaway.com we're a global food tech company"""
workday:talentmanagementsolution/ContourSoftware-Careers,Contour Software,"og:description ""Contour Software serves as a dedicated Global Centre"""
workday:talentmanagementsolution/JonasSoftwareCanada,Jonas,"og:description ""At Jonas we have long realized…"""
workday:talentmanagementsolution/JonasSoftwareUSA,Jonas Software,"posting text ""About Jonas Software""; og:description ""At Jonas"""
workday:talentmanagementsolution/perseus-careers,Perseus,"og:description ""Perseus, an operating group of Constellation Software"""
workday:talentmanagementsolution/perseus-careers1,Perseus,"og:description ""Perseus, an operating group of Constellation Software"""
workday:talentmanagementsolution/RBROSolutions-Career,RBRO Solutions,"og:description ""RBRO Solutions is not your typical iManage partner"""
workday:tamus/TAMIU_Student_Employment,Texas A&M International University,"postings' hiringOrganization ""Texas A&M International University"""
workday:tcbrands/Jack-wolfskin-Careers,Jack Wolfskin,"og:description ""A career with Jack Wolfskin is anything but ordinary"""
workday:tdecu/TDECU,TDECU,"og:description ""Founded in 1955, TDECU formed…""; hiringOrganization ""Texas Dow Employees Credit Union"""
workday:teamselecthh/TSHC,Team Select Home Care,"og:description ""Team Select Home Care is dedicated to transforming lives"""
workday:teamwass/WassermanCareers,THE·TEAM,"og:description ""THE·TEAM is proudly an equal opportunity employer""; sidebar logo alt ""THE·TEAM LOGO"""
workday:tel/TEE_Careers,Tokyo Electron,"sidebar logo alt ""TEL""; hiringOrganization ""Tokyo Electron Europe Ltd."""
workday:tel/TEL-Careers,Tokyo Electron,"og:title ""TEL Career""; hiringOrganization ""TOKYO ELECTRON AMERICA, INC."""
workday:tencent/Tencent_Careers,Tencent,"og:description ""Tencent is a world-leading internet and technology company"""
workday:terex/terexcareers,Terex,"og:description ""Terex Corporation is a global leader in specialized equipment"""
workday:terminix/TargetSpecialtyProducts,Target Specialty Products,"sidebar logo alt ""Target Specialty Products"""
workday:terminix/terminix,Terminix,"og:description ""Since 1927, Terminix has been an industry leader in pest control"""
workday:theapexgroup/apexgroupcareers,Apex Group,"cascade gave Apex; og:description ""About Apex Group"""
workday:thehartford/Careers_External,The Hartford,"cascade gave Hartford; posting text ""The Hartford currently has an in-house opportunity"""
workday:thekineticgroup/EXTERNAL_TKG,The Kinetic Group,"posting text ""At The Kinetic Group"""
workday:thermofisher/thermofishercareers,Thermo Fisher Scientific,"cascade gave PPD (a subsidiary); posting text ""As part of the Thermo Fisher Scientific team""; hiringOrganization ""04-2209186 Thermo Fisher Scientific Inc."""
workday:tiketdotcom/Tiket_Careers,tiket.com,"og:description ""tiket.com is the pioneer of online travel agent (OTA) in Indonesia"""
workday:tilray/Tilray,Tilray Brands,"sidebar logo alt ""Tilray Brands Logo""; posting text ""About Tilray Brands"""
workday:tnsi/search,TNS,"og:description ""TNS is a leading global provider…"""
workday:topbloc/topbloc_careers,Everforth TopBloc,"sidebar logo alt ""Everforth TopBloc""; posting text ""At Everforth TopBloc"""
workday:topbuild/DI_External,Distribution International,"posting text ""At Distribution International""; sidebar image alt ""DI Sidebar"""
workday:totalwine/twm,Total Wine & More,"posting text ""Total Wine & More is an equal opportunity employer"""
workday:trafigura/ImpalaCareerSite,Impala,"og:description ""At Impala, we store and handle…"""
workday:trafigura/TrafiguraCareerSite,Trafigura,"og:description ""Trafigura connects vital resources"""
workday:transamerica/AegonGBSC,Aegon,"sidebar logo alt ""Aegon""; og:description ""Aegon Global Business Solutions Center is Aegon's global partner"""
workday:transamerica/tlb,Transamerica Life Bermuda,"og:description ""Transamerica Life (Bermuda) Ltd. (Transamerica Life Bermuda)""; sidebar logo alt ""TLB Logo"""
workday:triumf/student-jobs,TRIUMF,"og:description ""TRIUMF is Canada's particle accelerator centre"""
workday:trumed/TMC_External_Career_Site,University Health,"og:description ""Working at University Health is about making a difference""; sidebar logo alt ""UH Primary Logo"""
workday:trustage/TruStage,TruStage,"sidebar logo alt ""TruStage Logo""; posting text ""At TruStage"""
workday:ts/tishmanspeyer,Tishman Speyer,"sidebar image alt ""Tishman Speyer""; og:description ""Tishman Speyer has acquired…"""
workday:tsc/TSC-Careers,TSC,"og:description ""TSC is an employee-owned company""; hiringOrganization ""Technology Service Corporation"""
workday:tti/milwaukee,Milwaukee Tool,"cascade gave Milwaukee; og:description ""Milwaukee Tool, founded in 1924, is a global leader"""
workday:tutorperini/external,Tutor Perini,"posting text ""Fisk Electric, a Tutor Perini Company""; ""Tutor Perini builds extraordinary projects"""
workday:tvh/jobsattvh,TVH,"postings' hiringOrganization ""Tvh Parts Co""; home page jobs.tvh.com"
workday:umchealthsystem/External,University Medical Center,"postings' hiringOrganization ""University Medical Center"""
workday:umiami/UMCareerStaff,University of Miami,"og:description ""The mission of the University of Miami"""
workday:umiami/UMFaculty,University of Miami,"og:description ""The mission of the University of Miami"""
workday:umusic/UMGUS,Universal Music Group,"og:description ""We are Universal Music Group"""
workday:univofky/UKKD,UK King's Daughters,"posting text ""At UK King's Daughters"""
workday:univofky/UKSC,UK St. Claire,"posting text ""At UK St. Claire"""
workday:upenn/careers-at-penn,University of Pennsylvania,"og:description ""The University of Pennsylvania's special character"""
workday:us/Tobii_Dynavox,Tobii Dynavox,"posting text ""At Tobii Dynavox""; home page tobiidynavox.com"
workday:usventure/usvexternal,U.S. Venture,"og:description ""For 75 years, U.S. Venture, Inc. has been recognized…"""
workday:uva/UVAStudentJobs,University of Virginia,"og:description ""Thomas Jefferson founded the University of Virginia"""
workday:valorhospitality/who-we-are,Valor,"posting text ""At Valor""; home page valorhospitality.com"
workday:velsera/Velsera,Velsera,"og:description ""Velsera is the precision engine company"""
workday:ventas/agency_careers,Ventas,"og:description ""Ventas, Inc. (NYSE: VTR)""; approot title ""Unrivaled Experience Awaits You at Ventas"""
workday:veralto/EnvironmentalJobs,Veralto,"posting text ""At Veralto"""
workday:veralto/EskoJobs,Esko,"postings' hiringOrganization ""Esko-Graphics India Private Limited"""
workday:veritiv/VeritivCareers,Veritiv,"og:description ""Veritiv Corporation, headquartered in Atlanta"""
workday:verizon/contractor_external_careers,Verizon,"og:description ""a career at Verizon""; sidebar logo alt ""Verizon V logo"""
workday:vernon/Vernon-Career_EXT,City of Vernon,"sidebar logo alt ""City of Vernon Logo""; hiringOrganization ""City of Vernon"""
workday:volarisgroup/Andar,Andar Software,"og:description ""Nonprofit organizations use Andar Software's integrated technology"""
workday:volarisgroup/ASSETInterTech,ASSET InterTech,"og:description ""In 1995, ASSET InterTech, Inc. was spun off from Texas Instruments"""
workday:volarisgroup/Omegro,Omegro,"og:description ""At Omegro, we believe…""; sidebar logo alt ""Omegro Logo"""
workday:volarisgroup/silvervine,Silvervine,"og:description ""Silvervine has provided one of the most complete…"""
workday:volarisgroup/sparktsl,SPARK TSL,"og:description ""SPARK TSL's software and hardware solutions…"""
workday:walshgroup/walshgroup,The Walsh Group,"og:title ""The Walsh Group"""
workday:warnerbros/global,Warner Bros. Discovery,"og:description ""Warner Bros. Discovery, a premier global media…"""
workday:washpost/washingtonpostcareers,The Washington Post,"og:description ""At The Washington Post, you'll help…"""
workday:waynefarms/WayneFarms,Wayne-Sanderson Farms,"og:description ""A career that makes an amazing difference starts at Wayne-Sanderson Farms"""
workday:weber/WB,Weber Blackstone,"og:description ""Weber Blackstone brings together two iconic names"""
workday:websteronline/HSAExternalCareerSite,HSA Bank,"sidebar logo alt ""HSA Bank"""
workday:websteronline/WebsterExternalCareerSite,Webster Bank,"sidebar logo alt ""Webster Bank Logo"""
workday:weg/Careers,WEG,"og:description ""Founded in 1961, WEG is a global electric-electronic equipment company""; sidebar logo alt ""WEG Logo"""
workday:weldgov/WeldCountyCareers,Weld County,"og:title ""Weld County Employment Opportunities"""
workday:whitby/EXT,Town of Whitby,"postings' hiringOrganization ""The Corporation of the Town of Whitby""; og:description ""Look no further than Whitby!"""
workday:whitecase/external,White & Case,"og:description ""White & Case is an elite global law firm"""
workday:whoi/WHOI-External,Woods Hole Oceanographic Institution,"og:title ""Careers@WHOI""; hiringOrganization ""Woods Hole Oceanographic Institution"""
workday:whoi/whoi-private,Woods Hole Oceanographic Institution,"og:title ""Careers@WHOI""; hiringOrganization ""Woods Hole Oceanographic Institution"""
workday:wisconsin/UW_Comprehensives,Universities of Wisconsin,"og:description ""The Universities of Wisconsin serve approximately 161,000 students"""
workday:wisconsin/uw_students,Universities of Wisconsin,"og:description ""The Universities of Wisconsin serve approximately 161,000 students"""
workday:wlt/WLT_Careers_DNU,Williams Lea,"postings' hiringOrganization ""Williams Lea LLC"""
workday:wmg/WMGUS,Warner Music Group,"og:description ""Warner Music Group is all about our people"""
workday:wnc/WNC_External,WNC,"cascade gave (WNC) WNC; og:description ""WNC established in 1996""; hiringOrganization ""(WNC) WNC Corporation"""
workday:workday/Workday_Executive_Site,Workday,"og:title ""Executive Careers at Workday"""
workday:worldvision/WorldVisionInternational,World Vision,"sidebar logo alt ""World Vision Logo"""
workday:wow/wowcareers,WOW!,"sidebar logo alt ""WOW!""; posting text ""At WOW"""
workday:wvumedicine/WVUH,WVUM,"og:description ""Thank you for your interest in working for WVUM"""
workday:wwecorp/private_postings,TKO Group Holdings,"og:description ""TKO Group Holdings, Inc. (NYSE: TKO)""; sidebar logo alt ""TKO Logo"""
workday:wwecorp/TKO,TKO Group Holdings,"og:description ""TKO Group Holdings, Inc. (NYSE: TKO)""; sidebar logo alt ""TKO Logo"""
workday:wycokck/RECExternalCareers,Unified Government of Wyandotte County,"postings' hiringOrganization ""Unified Government of Wyandotte County"""
# Boards still unnamed or misnamed on served table v298 (#703), biggest first by served rows, each
# read from the Board's own pages on 2026-09-29. A front over a Board curated above is given its
# own brand spelling, not that Board's name, so the directory does not sum a mirrored pair:
# avature:boozallen serves workday:bah/BAH_Jobs, radancy:www.disneycareers.com serves
# workday:disney/disneycareer. For the same reason smartrecruiters:Bertelsmann-Jobs, which lists
# the same postings as the SuccessFactors Board below (title and city pairs, 2026-09-29), is not
# here; it states "Bertelsmann-Jobs" itself.
avature:boozallen,Booz Allen,"job 115617 (R0226192) on careers.boozallen.com: logo aria-label ""Booz Allen Logo"", JSON-LD hiringOrganization ""Booz Allen Hamilton""; a front over workday:bah/BAH_Jobs (Apply 302s there, 7 of 7 req ids match), so not given that Board's curated name (2026-09-29)"
successfactors:jobs.l3harris.com,L3Harris,"Root titles itself ""Working at L3Harris Technologies""; job 1418964300 text ""L3Harris also offers a variety of benefits"" and ""L3Harris is committed to providing reasonable accommodation""; its hiringOrganization states the code ""L3HHCM20"" (2026-09-29)"
peoplestrong:careers-qualitykiosk,QualityKiosk Technologies,"portal logo (urlinfo leftLogo ""QK Logo.png"") reads ""QUALITYKIOSK TECHNOLOGIES""; reqs QK10873 and QK10888 organizationUnitComplete ""EQPM>...>QualityKiosk Technologies Private Limited>Navi Mumbai""; urlinfo title empty, page title ""Candidate Portal"" (2026-09-29)"
oracle:edel.fa.us2.oraclecloud.com,Fortinet,"11 of 11 reqs read name Fortinet: req 22266 CorporateDescriptionStr opens ""Fortinet makes possible a digital world"", req 24469 ""Fortinet is an equal opportunity employer""; inactive site CX_1 is named ""Fortinet Careers""; default site CX_2001 titles itself ""Candidate Experience site"" (2026-09-29)"
successfactors:www.careers.homeofindustrialideas.com,Atlas Copco,"Root text ""Life at Atlas Copco Group"" (title ""Working with us""); job pages ""In the Atlas Copco Group, we emphasize collaboration"" and ""Atlas Copco Group headquartered""; titles and hiringOrganization state only ""our company""; read on 7 job pages (2026-09-29)"
oracle:hctz.fa.us2.oraclecloud.com,onsemi,"default site CX_1001 titles itself ""Jobs onsemi"" and its siteSettings seoConfiguration name is ""onsemi""; reqs 2506711 and 2506441: CorporateDescriptionStr opens ""onsemi (Nasdaq: ON)"" (2026-09-29)"
oracle:hcbt.fa.em2.oraclecloud.com,Kotak,"siteSettings talent-community box reads ""Join Kotak Talent Community"" / ""Register here for Kotak Career Opportunities"", logo kotak.com/bank/mailers/Kotak-Logo-for-Careers.png; sibling sites ""Kotak Additional Career Site"" and ""Candidate Experience site - Kotak Relaunch""; req 222926 title ""...Digital Banking Kotak 811...""; default site CX titles itself ""Candidate Experience site"" (2026-09-29)"
trakstar:sphinixusa,Sphinix Solutions,"RSS feed sphinixusa.hire.trakstar.com/jobfeeds/sphinixusa titled ""Jobs at Sphinix Solutions""; one jsapi posting says ""Sphinix Solution is proud to be"" (2026-09-29)"
radancy:www.disneycareers.com,Disney,"job pages titled ""<job> at DISNEY - Disney Careers"", posting text ""About The Walt Disney Company""; a front over workday:disney/disneycareer (4 of 4 Apply links), so not given workday:disney/disneycareerdc's curated name (2026-09-29)"
successfactors:careers.a-star.edu.sg,A*STAR,"Root footer ""©2024, Agency for Science, Technology and Research (A*STAR)"" and link ""About A*STAR""; job pages say ""A*STAR may include"" and titles end ""| ASTARPRD""; read on 3 job pages (2026-09-29)"
oracle:hdpc.fa.us2.oraclecloud.com,Goldman Sachs,"11 of 11 reqs read name Goldman Sachs, e.g. req 163036 ""Goldman Sachs is an equal opportunity employer"" and footer ""© The Goldman Sachs Group, Inc.""; default site titles itself ""Candidate Experience Site - Campus"" (sibling ""Candidate Experience Site - Lateral"") (2026-09-29)"
oracle:iaheme.fa.ocs.oraclecloud.com,Ascendion,"default site CX_1003 ""Career Site - Mexico"": siteSettings talent-community box reads ""Ascendion Mexico Talent Community"", logo ascendion.com/wp-content/uploads/2022/08/logo.png; inactive site CX_1001 has URL name ""Ascendion""; req 21106987 reads ""About Ascendion: Ascendion is a leading provider of AI-first software engineering services"" (2026-09-29)"
avature:deloittece,Deloitte Central Europe,"apply.deloittece.com jobs 19739 and 20697: header logo h1 reads ""Deloitte CE""; footer ""For more information contact Deloitte Central Europe."" (2026-09-29)"
freshteam:ecsme,ECS ME,"ecsme.freshteam.com/jobs: <title> and header h4 ""Careers at ECS ME""; og:title ""Careers - ECS | Enterprise Change Specialists"" (2026-09-29)"
oracle:iaceiz.fa.ocs.oraclecloud.com,Digitide,"only site CX_1 (""Career Site"") has site code ""Digitide_Career_Production"" and logo digitide.com/wp-content/uploads/2025/02/footer-logo.svg; 10 of 11 reqs read name Digitide, e.g. req 261595 CorporateDescriptionStr opens ""Digitide started with a simple vision"" (2026-09-29)"
successfactors:career-legacy.globant.com,Globant,"Root titles itself ""Careers | Globant"", logo aria-label ""Globant_Logo""; job pages say ""Globant is an Equal Opportunity employer""; hiringOrganization states the code ""sistemasgl""; read on 2 job pages (2026-09-29)"
greenhouse:cssmerge,Atoms,"board API name ""ATOMS Careers page"", logo alt ""ATOMS Careers page Logo"" (image reads ""ATOMS""); postings say ""Atoms builds Physical AI"" (136 of 286) and ""Atoms accepts applications"" (202) (2026-09-29)"
oracle:ejov.fa.ca2.oraclecloud.com,GHD,"11 of 11 reqs read name GHD, 7 with ""GHD is an equal opportunity employer"" (e.g. req 28917); siteSettings talent-community box ""GHD Talent Community"", logo ghd.com/dist/assets/GHD-logo.svg; only site CX titles itself ""Candidate Experience site"" (2026-09-29)"
oracle:eijc.fa.em2.oraclecloud.com,Al Shirawi Group,"7 of 11 reqs read (e.g. 220, 292) carry CorporateDescriptionStr ""Founded in 1971, the Al Shirawi Group has been serving people & industry""; their OrganizationDescriptionStr names the subsidiary (Leminar, ASFM); default site CX titles itself ""Candidate Experience site"", sibling site CX_1 is ""Leminar Air Conditioning LLC"" (2026-09-29)"
avature:rohdeschwarz,Rohde & Schwarz,"jobs.rohde-schwarz.com jobs 16745, 16892, 17390: footer ""© 2026 Rohde & Schwarz""; posting text ""Rohde & Schwarz is an equal opportunity employer"" (2026-09-29)"
avature:tesco,Tesco,"careers.tesco.com: og:site_name ""Tesco Careers"", job titles end ""- Tesco Careers"", footer ""Tesco Careers 2026"" (2026-09-29)"
taleo_enterprise:https://baesystems.taleo.net/careersection/1,BAE Systems,"Career section shell and job pages title ""BAE Systems Taleo"" (logo alt the same); job 1160965 says ""At BAE Systems, we provide"" and ""BAE Systems Saudi Arabia is committed"" (2026-09-29)"
cornerstone:linde,Linde,"job ads 29944 and 32235 (linde.csod.com): ""At Linde, your opportunities are limitless. Be Linde."" (2026-09-29)"
peoplestrong:abgcareers,Aditya Birla Group,"portal logo (urlinfo leftLogo ""ABG_GROUP LOGO_3D"") reads ""ADITYA BIRLA GROUP""; req ABG113185 text names ""Aditya Birla Financial Services Group""; urlinfo title empty, page title ""Candidate Portal"" (2026-09-29)"
darwinbox:smileshrms,Happiest Minds,"smileshrms.darwinbox.com: companyinfo logo reads ""happiest minds / AI FIRST. AGILE ALWAYS."" beside ""MySmiles""; job a66598c1344273 JD opens ""Happiest Minds Technologies Limited (NSE: HAPPSTMNDS), a Mindful IT Company""; companyinfo company_name is the slug ""Smileshrms"" (2026-09-29)"
successfactors:careers.tataconsultingengineers.com,Tata Consulting Engineers,"Root footer ""© Tata Consulting Engineers Limited. All Rights Reserved"", title ""TCE Careers""; job pages open ""About Us Tata Consulting Engineers Limited (TCE)""; hiringOrganization states the code ""tatacons02""; read on 3 job pages (2026-09-29)"
successfactors:jobsearch.createyourowncareer.com,Bertelsmann,"Root logo alt ""Bertelsmann Careers"" (title ""Create Your Own Career""); the page script's default hiringOrganization is ""Bertelsmann SE & Co. KGaA""; job pages' hiringOrganization is the label ""Apply now!""; read on 4 job pages (2026-09-29)"
successfactors:candidate.pmicareers.com,Philip Morris International,"Job pages say ""At Philip Morris International (PMI), we are transforming our business"" and ""PMI is an Equal Opportunity Employer""; root nav ""LIFE AT PMI"", footer ""© Philip Morris Products S.A.""; title suffix and hiringOrganization state the code ""PMIProd""; read on 3 job pages (2026-09-29)"
sensehq:ltts,L&T Technology Services,"ltts.sensehq.com/careers: og:description ""L&T Technology Services Limited (LTTS) is a global leader in Engineering and R&D""; og:title ""Job openings at LTTS""; postings ""L&T Technology Services LTD is an equal opportunity employer"" (2026-09-29)"
lever:latitudeinc,Latitude Inc,"api.lever.co postings: ""Latitude Inc. is seeking a cleared Software Engineer"" (TS/SCI Software Engineer) and ""latitude Inc seeking an experienced Residential CAD Drafter"" (2026-09-29)"
successfactors:careers.sbmoffshore.com,SBM Offshore,"Root logo aria-label ""SBM Offshore"", footer ""©SBM Offshore N.V.""; job pages say ""SBM Offshore is a global leader in""; hiringOrganization states the code ""singlebuoy""; read on 2 job pages (2026-09-29)"
oracle:edyo.fa.us2.oraclecloud.com,Pike,"9 of 11 reqs read carry CorporateDescriptionStr ""About Us Founded in 1945, Pike is a leading provider of construction, repair and engineering services""; 7 end ""Pike Electric, LLC, is an equal opportunity employer""; siteSettings talent-community box ""PIKE Talent Community""; default site CX titles itself ""Candidate Experience site"" (2026-09-29)"
icims:hubcareers-docusign.icims.com,Docusign,"search page <title> ""Docusign Careers""; jobs 30251 and 29799: ""Docusign is an Equal Opportunity Employer"", og:description ""Docusign brings agreements to life"" (2026-09-29)"
zoho:deloitte.zohorecruit.eu,Deloitte,"deloitte.zohorecruit.eu/jobs/Careers: <title>/og:title ""Jobs at Deloitte"", og:site_name ""Deloitte - Recruitment"", header subtitle ""Deloitte Job Listings"" (2026-09-29)"
oracle:hcib.fa.us2.oraclecloud.com,Hill International,"default site CX_1001 titles itself ""Hill Minimal 112022""; its talent-community box reads ""...life at Hill International..."", logo hillintl.com/.../01-Hill-Logo-Full-Color-Standard-RGB.png; 9 of 11 reqs read name Hill International, e.g. req 15155 ""Hill International is an Equal Opportunity Employer/Veteran/Disabled"" (2026-09-29)"
oracle:fa-ewmy-saasfaprod1.fa.ocs.oraclecloud.com,Verisk,"only site CX_1 titles itself ""Verisk Careers | Verisk""; 11 of 11 reqs read carry CorporateDescriptionStr ""For over 50 years, Verisk has been the leading data analytics and technology partner"" and ""Verisk Analytics is an equal opportunity employer"" (2026-09-29)"
greenhouse:artefactlinkedin,Artefact,"board content ""Artefact transforms data into value and business impact""; postings ""Artefact is a next...""/""Artefact is a new generation..."" (Artefact named 205 times in 119 postings); board name ""LinkedIn Job Wrapping"" is a feed label (2026-09-29)"
oracle:fa-euwp-saasfaprod1.fa.ocs.oraclecloud.com,Mayo Clinic,"default site CX_1 titles itself ""Mayo Career Site US"" (siblings ""Mayo Career Site UK/UAE/International""); 11 of 11 reqs read carry CorporateDescriptionStr headed ""Why Mayo Clinic"" then ""Mayo Clinic is top-ranked in more specialties""; logo design.mayoclinic.org/assets/img/mclogos/mayoclinic.png (2026-09-29)"
oracle:iadugs.fa.ocs.oraclecloud.com,Legrand,"default site CX_1001 titles itself ""Legrand Group Opportunities - Join us"" and its SeoOrganizationName is ""Legrand Group""; 7 of 11 reqs read (e.g. 351, 1316) CorporateDescriptionStr opens ""Legrand is the global specialist in electrical and digital building infrastructures"" (2026-09-29)"
icims:careers-commonspirit.icims.com,CommonSpirit Health,"search page <title>/og:title ""Working at CommonSpirit Health"", footer ""© 2026 CommonSpirit Health""; all 15 sampled job pages titled ""CommonSpirit Health Careers | Job Search | ..."" (2026-09-29)"
oracle:hcgn.fa.us2.oraclecloud.com,Citizens,"11 of 11 reqs read carry CorporateDescriptionStr ""Equal Employment Opportunity Citizens, its parent, subsidiaries, and related companies (Citizens) provide equal employment""; reqs link jobs.citizensbank.com/benefits; site CX_1 (code ""CB_CX_ExternalCareerSite_Minimal"") titles itself ""Candidate Experience site"" (2026-09-29)"
oracle:egcu.fa.us6.oraclecloud.com,Masimo,"inactive site CX is named ""Masimo""; siteSettings logo masimo.com/Static/images/masimo_logo_white.png; 8 of 11 reqs read name Masimo, e.g. req 4006 ""To learn more about us, please visit: www.masimo.com"", req 3264 ""Masimo Japan's five-year strategy"" (2026-09-29)"
taleo_enterprise:https://dasstateoh.taleo.net/careersection/oh_ext,State of Ohio,"Career section shell titles ""Ohio Careers Job Search"" then ""State of Ohio""; jobs 146708 and 146686 title ""State of Ohio"" and say ""The State of Ohio is an Equal Opportunity Employer"" (2026-09-29)"
oracle:hcwx.fa.us2.oraclecloud.com,RPM International,"default site CX_3001 titles itself ""Global"" and its ""Company Career Sites"" page links ~20 subsidiary sites (Rust-Oleum, Carboline, Tremco CPG Inc., DAP, Euclid Chemical...), one of them named ""RPM International"" (CX_8); reqs 15942 and 15994 read ""Carboline is part of RPM International Inc."", req 15969 ""RPM Industrial Coatings Group is part of RPM International Inc."" (2026-09-29)"
successfactors:careers.wecenergygroup.com,WEC Energy Group,"Root logo aria-label ""WEC Energy Group"", footer ""© WEC Energy Group"", title ""WEC Careers""; job pages' Company field reads ""WEC Energy Group (WEC)"" or ""We Energies (WE)""; hiringOrganization is the label ""Career finder""; read on 3 job pages (2026-09-29)"
workday:idexcorp/IDEX_Careers,IDEX,"og:title ""IDEX Careers | North America""; og:description ""IDEX (NYSE: IEX) is a company that has undoubtedly touched your life""; postings' hiringOrganization name seven IDEX businesses (Gast, Hale, Mott, IDEX Health & Science…) (2026-09-29)"
workday:homedepot/CareerDepotCanada,The Home Depot,"Posting details (3 of 512): jobDescription ""career with us at The Home Depot"", hiringOrganization ""1019 HOME DEPOT CANADA, INC.""; site og:title empty (2026-09-29)"
cornerstone:ebmpapst,ebm-papst,"job ads 3943, 3784, 3781, 3664 (ebmpapst.csod.com site 4): ""ebm-papst ist weltweit führender Hersteller von Ventilatoren"" (2026-09-29)"
taleo_enterprise:https://baesystems.taleo.net/careersection/2,BAE Systems,"Career section shell and job pages title ""BAE Systems Taleo"" (logo alt the same); job 1181592 says ""At BAE Systems, we provide"" and ""BAE Systems Saudi Arabia is committed"" (2026-09-29)"
workday:luriechildrens/externalportal,Ann & Robert H. Lurie Children's Hospital of Chicago,"og:description ""Ann &amp;amp; Robert H. Lurie Children’s Hospital of Chicago provides superior pediatric care"" (double-escaped); postings' hiringOrganization ""10 HOSP Ann & Robert H. Lurie Children's Hospital of Chicago"" (2026-09-29)"
workday:bcbsa/Careers,Blue Cross Blue Shield Association,"og:description ""Begin your career at Blue Cross Blue Shield Association (BCBSA)""; postings' hiringOrganization ""001_BCBSA Blue Cross and Blue Shield Association"" (2026-09-29)"
workday:evotecgroup/just_bio_career_site,Just – Evotec Biologics,"og:description ""Just – Evotec Biologics, wholly owned by Evotec SE, is a first-to-industry biologics platform""; the cascade's vote splits between Evotec and Sandoz entities (2026-09-29)"
workday:cowlitz/ilani,ilani,"og:description ""…in Ridgefield, Washington, ilani, is the Pacific Northwest’s premier gaming, dining, entertainment and meeting destination""; postings' hiringOrganization ""800_ilani Cowlitz Tribal Gaming Authority"" (2026-09-29)"
workday:exactsciences/Exact_Sciences,Exact Sciences,"Site sidebar (cxs .../sidebar) is titled ""Exact Sciences is now Abbott""; site og:title empty (2026-09-29)"
# Workday Boards landed since the cascade cache was written (#710), where the cascade's answer is
# partial or wrong, or it gives none (2026-09-29).
workday:aampower/AAM-Career-Site,Dauch Corporation,"og:description ""Dauch Corporation is a premier Driveline and Metal Forming supplier serving the global automotive industry""; the cascade voted ""GKN"" from one subsidiary's postings (2026-09-29)"
workday:sutterhealth/SH,Sutter Health,"og:description ""Working at Sutter Health""; the cascade gave ""Sutter"" from its hospitals' names (2026-09-29)"
workday:jamfsoftware/Jamf,Jamf,"og:description ""Jamf is a culmination of passion, commitment and really smart people""; postings' hiringOrganization ""JAMF Software, LLC"" (2026-09-29)"
workday:vhr_otsuka/MegaFood,MegaFood,"og:description ""MegaFood has been crafting high-quality""; postings' hiringOrganization ""FoodState, Inc."" (2026-09-29)"
# Boards still serving an empty company or their humanised tenant on served table v320 (#703),
# each read from the Board's own pages on 2026-09-29. Oracle: the Boards whose default site titles
# itself as a page and whose settings state no SEO name (ADR-0302). Five Taleo Enterprise sections
# list the same requisitions as a section of another host, and only one of each pair is here, so
# the directory does not sum a mirrored pair: hyundaicapital (careerglobalhc), elsewedyelectric
# (aa010), hkmu's two sections (ouhk's) and pruitthealth (pruitthealthcareers).
oracle:eiej.fa.em2.oraclecloud.com,REDCON,"4 of 5 reqs read (e.g. 10049, 11537) state ""the HSE procedures and policies established by REDCON""; default site CX_8001 titles itself ""REDCON - Candidate Career site"" (2026-09-29)"
oracle:ejis.fa.us6.oraclecloud.com,Mount Sinai Health System,"5 of 5 reqs read (e.g. 3035512) carry CorporateDescriptionStr ""The Mount Sinai Health System is committed to fostering an environment""; default site CX titles itself ""Candidate Experience site"" (2026-09-29)"
oracle:fa-eocc-saasfaprod1.fa.ocs.oraclecloud.com,Hutchinson,"siteSettings talent-community box reads ""Hutchinson Talent Community"" and links hutchinson.com; req 8811 names ""la Division O-Rings & Bonded Seals (ORBS) du Groupe Hutchinson""; all 14 sites title themselves ""Candidate Experience site"" (2026-09-29)"
oracle:ehzq.fa.us2.oraclecloud.com,Grant Thornton,"default site CX_1 titles itself ""Grant Thornton - US""; its 11 active sites are all Grant Thornton member firms (Ireland, Philippines, Cayman...); 5 of 5 reqs read (e.g. 115804) open ""At Grant Thornton, we believe in making business more personal"" (2026-09-29)"
oracle:ecnf.fa.us2.oraclecloud.com,Tradeweb,"5 of 5 reqs read (e.g. 301714) open ""Company Description Tradeweb is a global leader in electronic trading""; siteSettings talent-community box ""Tradeweb Talent Community""; only site CX titles itself ""Candidate Experience site"" (2026-09-29)"
oracle:ebet.fa.em3.oraclecloud.com,Compare the Market,"5 of 5 reqs read (e.g. 100243) read ""Join Compare the Market""; siteSettings seoConfiguration sameAs jobs.comparethemarketcareers.com; site CX_1 (code ""MKCTMCareer"") titles itself ""Candidate Experience site"" (2026-09-29)"
oracle:elij.fa.em2.oraclecloud.com,Spire Healthcare,"5 of 5 reqs read (e.g. 20360, 28075) state ""Spire Healthcare are proud to be an equal opportunities employer"" or name a Spire hospital; site CX titles itself ""Candidate Experience site"" (2026-09-29)"
oracle:elhe.fa.us8.oraclecloud.com,Idaho National Laboratory,"default site CX_1001 titles itself ""Search Jobs - INL Professional Careers""; 5 of 5 reqs read (e.g. 1930) state ""At Idaho National Laboratory compensation decisions are determined"" (2026-09-29)"
oracle:fa-esau-saasfaprod1.fa.ocs.oraclecloud.com,Crawford,"default site CX_1001 titles itself ""Crawford Job Listings - Global""; siteSettings talent-community box ""Join Crawford Talent Network""; 3 of 5 reqs read (e.g. 4793) carry CorporateDescriptionStr ""Why Crawford?"" (2026-09-29)"
oracle:fa-emad-saasfaprod1.fa.ocs.oraclecloud.com,Majesco,"5 of 5 reqs read name Majesco, e.g. req 5469 ""Majesco is seeking a National Taft Hartley/Multiemployer Sales Director""; all 7 sites title themselves ""Candidate Experience site"" or a test label (2026-09-29)"
oracle:eoja.fa.ap1.oraclecloud.com,Hansen,"5 of 5 reqs read name Hansen, e.g. req 5020 CorporateDescriptionStr ""Hansen (ASX: HSN) is a global provider of software and services""; site CX titles itself ""Candidate Experience site"" (2026-09-29)"
oracle:ekpl.fa.us6.oraclecloud.com,Glaukos,"5 of 5 reqs read (e.g. 2401) carry CorporateDescriptionStr ""Founded in 1998, Glaukos Corporation is an ophthalmic pharmaceutical and medical""; siteSettings talent-community box ""Glaukos Talent Network""; inactive site CX_2001 is named ""Glaukos""; default site titles itself ""Global Careers"" (2026-09-29)"
oracle:hdhy.fa.em3.oraclecloud.com,Aperam,"3 of 5 reqs read (e.g. 1425) carry CorporateDescriptionStr ""Aperam is a global leader in stainless, electrical, and specialty steels""; site code ""Aperam_Career_Portal""; default site titles itself ""Home Page"" (2026-09-29)"
oracle:fa-eosa-saasfaprod1.fa.ocs.oraclecloud.com,L&L Products,"siteSettings talent-community box reads ""L&L Products Talent Community""; reqs 1691 and 1708 state ""L&L Products will make reasonable accommodations""; all sites title themselves ""LLP"" (2026-09-29)"
oracle:ebhu.fa.us2.oraclecloud.com,Cetera,"4 of 5 reqs read name Cetera, e.g. req 6743 ""Cetera is seeking a Service Professional"" and CorporateDescriptionStr ""About Cetera Cetera Financial Group (Cetera) is a leading network""; site CX titles itself ""Candidate Experience site"" (2026-09-29)"
oracle:icbpjb.fa.ocs.oraclecloud.com,Lazard,"default site CX_3 titles itself ""Lazard Career Confidential"", siblings ""Lazard Professional"" and ""Lazard Student""; siteSettings talent-community box ""Lazard Talent Network""; 5 of 5 reqs read name Lazard (2026-09-29)"
oracle:fa-eopd-saasfaprod1.fa.ocs.oraclecloud.com,VodafoneZiggo,"req 6686 ends ""Solliciteer dan bij VodafoneZiggo"" and names it six times; only site CX titles itself ""Site kandidaatervaring"" (2026-09-29)"
oracle:epyz.fa.us2.oraclecloud.com,Nemours Children's Health,"5 of 5 reqs read (e.g. 15448) carry CorporateDescriptionStr ""Nemours Children's Health is an internationally recognized pediatric health system""; default site titles itself ""NemoursCareerSite"" (2026-09-29)"
oracle:eoko.fa.us2.oraclecloud.com,Entertainment Partners,"default site CX_1001 titles itself ""EP | Central Casting""; 4 of 5 reqs read (e.g. 1233) state ""At Entertainment Partners and Central Casting, we are committed"", req 1278 ""your interest in EP!""; logo downloads.adc.ep.com (2026-09-29)"
oracle:elhr.fa.us2.oraclecloud.com,Boscov's,"req 12606 reads ""Boscov's is a chain of full service department stores""; inactive sites are named ""Boscov's"" and ""Boscovs""; default site CX_1001 titles itself ""Candidate Experience site"" (2026-09-29)"
oracle:ehjd.fa.em2.oraclecloud.com,First Abu Dhabi Bank,"default site CX_2001 titles itself ""FAB |""; 5 of 5 reqs read (e.g. 1114) carry CorporateDescriptionStr ""About Us: First Abu Dhabi Bank (FAB) is the largest bank in the UAE"" (2026-09-29)"
oracle:eexs.fa.us2.oraclecloud.com,Life Care Services,"site CX_1 is named ""LCS"" and the landing image is ""Splash Page LCS""; req 40311 reads ""When you enter a community managed by Life Care Services""; default site titles itself ""All Jobs"" (2026-09-29)"
oracle:ebtw.fa.us2.oraclecloud.com,Southwest Gas,"5 of 5 reqs read (e.g. 4138) carry CorporateDescriptionStr ""Southwest Gas Corporation was founded in 1931""; siteSettings talent-community box ""Join Our SWG Talent Community""; default site titles itself ""Career Site - New Applicants"" (2026-09-29)"
oracle:ekcm.fa.us6.oraclecloud.com,Indiana University Health,"5 of 5 reqs read (e.g. 396836) carry CorporateDescriptionStr ""Indiana University Health has nearly 40,000 team members""; site CX titles itself ""Candidate Experience site"" (2026-09-29)"
oracle:egvv.fa.us6.oraclecloud.com,Office Depot,"reqs read name Office Depot: 103295 ""As a Part Time Retail Store Associate at Office Depot"", 105488 ""Back in 1986, Office Depot OfficeMax started""; 103295 adds ""About The ODP Group: The ODP Group, through its business entities ODP Business Solutions and Office Depot""; site CX titles itself ""Candidate Experience site"" (2026-09-29)"
oracle:hdhe.fa.em3.oraclecloud.com,Sainsbury's,"siteSettings logo is the ""Sainsbury's"" wordmark and its links read ""WORKING AT SAINSBURYS"" (sainsburys.jobs); reqs read are Argos roles offering ""Sainsbury's share schemes"" (e.g. 400071250); site CX titles itself ""Candidate Experience site"" (2026-09-29)"
oracle:fa-ewvh-saasfaprod1.fa.ocs.oraclecloud.com,Meezan Bank,"default site CX_3002 titles itself ""Meezan Bank - Careers | Job Opportunities | Islamic Banking"", inactive sibling ""Meezan Bank""; req 10372 ""Meezan Justuju Batch"" (2026-09-29)"
oracle:fa-eoic-saasfaprod1.fa.ocs.oraclecloud.com,Hermès,"inactive sites CX_4001 and CX_1001 are named ""Hermès"" and ""Hermes""; 5 of 5 reqs read name Hermès, e.g. 22616 CorporateDescriptionStr ""Hermès est, depuis 1837, une maison française""; default site titles itself ""Join"" (2026-09-29)"
oracle:fa-elzs-saasfaprod1.fa.ocs.oraclecloud.com,New York County District Attorney's Office,"default site CX titles itself ""Manhattan DA - Support Staff Openings""; req 3181 CorporateDescriptionStr ""The New York County District Attorney's Office is an Equal Opportunity Employer"" (2026-09-29)"
oracle:eieb.fa.us6.oraclecloud.com,Lucas County,"siteSettings logo reads ""Lucas County""; reqs 1275 and 1483 name ""Lucas County Court of Common Pleas"" and ""Lucas County Building Regulations""; sites title themselves ""Candidate Experience site"" (2026-09-29)"
oracle:ehwy.fa.us2.oraclecloud.com,Ithaca College,"5 of 5 reqs read (e.g. 3051) carry CorporateDescriptionStr ""Ithaca College's student employment program"" or ""At Ithaca College""; sites title themselves ""Student"" and ""Staff and Faculty"" (2026-09-29)"
oracle:eeik.fa.us2.oraclecloud.com,University of Wyoming,"5 of 5 reqs read (e.g. 261938) read ""Thank you for your interest in joining the University of Wyoming""; default site titles itself ""UW Candidate Experience with Application Error Message"" (2026-09-29)"
oracle:fa-epod-saasfaprod1.fa.ocs.oraclecloud.com,Ma'aden,"reqs 8458, 8868 and 8924 name Ma'aden (""Ma'aden's mining and minerals processing operations""); siteSettings logo maaden.com.sa/assets/images/jobs/logo-vertical.png; site CX titles itself ""Candidate Experience site"" (2026-09-29)"
oracle:enpk.fa.em8.oraclecloud.com,Miral,"siteSettings logo reads ""MIRAL Experiences""; 5 of 5 reqs read carry CorporateDescriptionStr ""Miral Experiences"" or ""Miral""; sites include ""Miral Talent Acquisition"" and ""Miral L.L.C""; default site titles itself ""Talent Acquisition"" (2026-09-29)"
oracle:ekif.fa.em2.oraclecloud.com,Gulf Drilling International,"default site CX_1003 titles itself ""GDI|""; req 3 reads ""Contracts Lead (Supply Chain) Gulf Drilling International"" and ""for the GDI organization"" (2026-09-29)"
oracle:ekac.fa.ap1.oraclecloud.com,I-MED Radiology,"5 of 5 reqs read (e.g. 1007215) carry CorporateDescriptionStr ""I-MED Radiology is Australia's largest private diagnostic imaging network""; default site CX_1001 titles itself ""Candidate Experience site"" (2026-09-29)"
oracle:hcqq.fa.us2.oraclecloud.com,RH,"5 of 5 reqs read (e.g. 40085) carry CorporateDescriptionStr ""RH is an equal opportunity employer""; default site CX_5004 titles itself ""Explore RH Careers"" (2026-09-29)"
oracle:fa-eufa-saasfaprod1.fa.ocs.oraclecloud.com,AGS Health,"default site CX_1 titles itself ""AGS Health - India"", siblings ""AGS Health - Philippines"" and ""AGS Health - US""; siteSettings logo agshealth.com AGS-Career-Logo.svg (2026-09-29)"
oracle:fa-epba-saasfaprod1.fa.ocs.oraclecloud.com,Tata Realty and Infrastructure,"siteSettings logo (TRILlogo-01.png) reads ""TATA REALTY AND INFRASTRUCTURE LIMITED""; reqs read state no name; sites title themselves ""HR"" (2026-09-29)"
oracle:ekez.fa.em2.oraclecloud.com,Natixis,"5 of 5 reqs read name Natixis, e.g. 16722 ""Natixis Corporate & Investment Banking met à disposition""; inactive sites ""Site mobilité interne Natixis"" and ""Site externe BPCE""; default site titles itself ""External Site"" (2026-09-29)"
oracle:ejye.fa.ap1.oraclecloud.com,Te Herenga Waka—Victoria University of Wellington,"only site CX_1 titles itself ""Te Herenga Waka—Victoria University of Wellington""; 5 of 5 reqs read (e.g. 1010099) open ""Te Herenga Waka - Victoria University of Wellington is renowned"" (2026-09-29)"
oracle:egpa.fa.em3.oraclecloud.com,Croydon Council,"5 of 5 reqs read (e.g. 1752) carry CorporateDescriptionStr ""Croydon Council's priorities""; siteSettings talent-community box ""Croydon Talent Community""; sites title themselves ""Candidate Experience site"" (2026-09-29)"
taleo_enterprise:https://easyjet.taleo.net/careersection/2,easyJet,"Career section titles itself ""easyJet Careers | Apply"", footer reads ""© 2014 easyJet""; 4 of 4 postings read write easyJet (e.g. 254708 ""Make it easyJet holidays"") (2026-09-29)"
taleo_enterprise:https://molgroup.taleo.net/careersection/external,MOL Group,"Career section titles itself ""MOL Group - eRecruiter""; posting 274899 reads ""Join MOL Group as a Group M&S Finance Business Partner"" (2026-09-29)"
taleo_enterprise:https://hyundaicapital.taleo.net/careersection/hca,Hyundai Capital America,"4 of 4 postings read (e.g. 121547) open ""Hyundai Capital America (HCA) helps people move forward""; career section title ""Job Search"" (2026-09-29)"
taleo_enterprise:https://elsewedyelectric.taleo.net/careersection/swd_external,Elsewedy Electric,"Career section meta description reads ""Elsewedy Electric is a world leader in products and services for energy, digital and infrastructure"", footer ""Copyright 2019 ElsewedyElectric.com""; title ""Support"", logo alt ""logo"" (2026-09-29)"
taleo_enterprise:https://aa270.taleo.net/careersection/in,Texas Workforce Commission,"10 of 10 postings read name ""Texas Workforce Commission"" (e.g. 36803 ""WHO WE ARE: Texas Workforce Commission connects people with careers across the state""); organization field ""TEXAS WORKFORCE COMMISSION""; career section title ""Job Search"" (2026-09-29)"
taleo_enterprise:https://stonybrooku.taleo.net/careersection/12external,Stony Brook University,"4 of 4 postings read (e.g. 740637) state ""Stony Brook University is committed to excellence in diversity""; organization field ""Stony Brook University""; career section title ""SBHU"" (2026-09-29)"
taleo_enterprise:https://stonybrooku.taleo.net/careersection/sbsh,Stony Brook University,"Section header lists ""STONY BROOK UNIVERSITY / STONY BROOK UNIVERSITY HOSPITAL / LONG ISLAND STATE VETERANS HOME / STONY BROOK SOUTHAMPTON HOSPITAL""; 4 of 4 postings read (e.g. 738506) state ""Stony Brook Southampton Hospital as part of Stony Brook Medicine""; title ""SBHU"" (2026-09-29)"
taleo_enterprise:https://hkmu.taleo.net/careersection/ex_non_full_time,Hong Kong Metropolitan University,"4 of 4 postings read (e.g. 149879) open ""Founded in 1989, Hong Kong Metropolitan University (HKMU)""; logo image hkmu.png; career section title empty (2026-09-29)"
taleo_enterprise:https://hkmu.taleo.net/careersection/ex_full_time,Hong Kong Metropolitan University,"4 of 4 postings read (e.g. 149924) open ""Founded in 1989, Hong Kong Metropolitan University (HKMU)""; logo image hkmu.png; career section title empty (2026-09-29)"
taleo_enterprise:https://kpmgza.taleo.net/careersection/kpmg_external,KPMG,"Posting 51940 opens ""Introduction to KPMG ... KPMG provides Audit, Tax, and Advisory services""; footer ""© 2021 KPMG Services Proprietary Limited, a South African company ... member firm of the KPMG global organization""; title ""Job Search"" (2026-09-29)"
taleo_enterprise:https://jazz.taleo.net/careersection/2,Jazz Aviation,"Career section titles itself ""Jazz Aviation LP"", footer ""© 2019 Jazz Aviation LP""; 4 of 4 postings read (e.g. 142539) read ""About Jazz Aviation LP Jazz Aviation LP (Jazz) is Canada’s largest regional airline"" (2026-09-29)"
taleo_enterprise:https://bwcareers.taleo.net/careersection/bw_external,Babcock & Wilcox,"Career section titles itself ""Babcock & Wilcox""; posting 73281 reads ""About Us Babcock & Wilcox is a leader and innovator in the energy transition"" (2026-09-29)"
taleo_enterprise:https://groupeseb.taleo.net/careersection/gx,Groupe SEB,"4 of 4 postings read name Groupe SEB (e.g. 328771 ""As a member of Groupe SEB, we combine..."", 311788 ""Groupe SEB WMF Consumer GmbH""); banner alt ""WMF GROUP Banner""; title ""Oracle Taleo"" (2026-09-29)"
taleo_enterprise:https://tenet.taleo.net/careersection/10000,Tenet Healthcare,"Logo alt reads ""Tenet Healthcare""; 3 of 4 postings read (e.g. 4306024) end ""The employment practices of Tenet Healthcare and its companies comply with all applicable laws""; title ""Job Search"" (2026-09-29)"
taleo_enterprise:https://tas-moxa.taleo.net/careersection/mx_ext,Moxa,"Footer reads ""© Moxa Inc. All rights reserved.""; 4 of 4 postings read (e.g. 46708) open ""Moxa is a leading provider of industrial networking""; title ""MOXA External Career Section"" (2026-09-29)"
taleo_enterprise:https://pruitthealth.taleo.net/careersection/1,PruittHealth,"4 of 4 postings read (e.g. 742261) end ""Apply Now to get started at PruittHealth!""; career section title ""Pruitt Health"" (2026-09-29)"
taleo_enterprise:https://kate.taleo.net/careersection/ex,Kforce,"Career section titles itself ""Kforce Career Section""; 4 of 4 postings read (e.g. 224554) end ""Kforce is an equal opportunity employer"" (2026-09-29)"
taleo_enterprise:https://cbe.taleo.net/careersection/cbe_ex,Central Bank of Egypt,"Career section titles itself ""Central Bank of Egypt""; logo alt ""CBE""; 3 of 4 postings read name it (e.g. 21395 ""accurately represent the Central Bank of Egypt data requirements"") (2026-09-29)"
taleo_enterprise:https://adb.taleo.net/careersection/2,Asian Development Bank,"Section header h1 reads ""Asian Development Bank"" and footer ""© Asian Development Bank. All Rights Reserved.""; 4 of 4 postings read (e.g. 90117) read ""the prestigious Asian Development Bank (ADB)""; title ""Home"" (2026-09-29)"
taleo_enterprise:https://wipo.taleo.net/careersection/wp_2,WIPO,"Career section titles itself ""WIPO"" and logo alt reads ""Wipo""; 4 of 4 postings read write WIPO (8 to 14 times each); the full organisation name appears nowhere on the pages (2026-09-29)"
taleo_enterprise:https://tcnj.taleo.net/careersection/00_ex_staff,The College of New Jersey,"4 of 4 postings read name ""The College of New Jersey"" (e.g. 159888 ""About TCNJ The College of New Jersey (TCNJ) is a highly selective institution""); logo alt ""tcnj wordmark""; title ""Job Search"" (2026-09-29)"
taleo_enterprise:https://followmont.taleo.net/careersection/1_xxa_external_career_portal,Followmont Transport,"Footer reads ""© 2020 Followmont Transport.""; 4 of 4 postings read (e.g. 67047) name ""Followmont Transport""; title ""Oracle Taleo"" (2026-09-29)"
taleo_enterprise:https://durham.taleo.net/careersection/du_ext,Durham University,"Logo alt reads ""Durham University""; 4 of 4 postings read name Durham University (e.g. 127194 ""At Durham University we are proud of our people""); title ""Oracle Taleo"" (2026-09-29)"
taleo_enterprise:https://durham.taleo.net/careersection/du_cas_cs,Durham University,"Logo alt reads ""Durham University""; 4 of 4 postings read name Durham University (e.g. 128337 ""At Durham University we are proud of our people""); title ""Oracle Taleo"" (2026-09-29)"
taleo_enterprise:https://ccsd.taleo.net/careersection/7,Clark County School District,"Career section titles itself ""Clark County School District"" (2026-09-29)"
taleo_enterprise:https://aicpa.taleo.net/careersection/aicpa_externalcs,AICPA,"Postings read 73288 ""Collaborate with other AICPA teams"" and 73448 ""Support AICPA strategies""; all 14 read call the employer ""The Association""; title ""Job Search"" (2026-09-29)"
taleo_enterprise:https://aa328.taleo.net/careersection/corpex,Consumer Cellular,"Career section titles itself ""Jobs & Careers | Consumer Cellular"", logo alt ""Consumer Cellular, Inc.""; 4 of 4 postings read (e.g. 57067) read ""About Consumer Cellular Founded in 1995"" (2026-09-29)"
freshteam:travclan,TravClan,"18 of 18 postings name ""TravClan"" (e.g. ""SDE I (Backend) at TravClan is a key role""); the /jobs page og:title reads ""Careers - Travclan"" (2026-09-29)"
freshteam:fintastic,fintastic,"6 of 6 postings read ""About fintastic: fintastic is on a mission to reinvent financial planning and analysis""; the /jobs page og:title reads ""Careers - Fintastic"" (2026-09-29)"
freshteam:moonlabor,MoonLabor,"2 of 3 postings read ""PadelOS is a new SaaS platform being built by MoonLabor""; the /jobs page title reads ""Moonlabor Careers"" and og:title ""Careers - Moonlabor"" (2026-09-29)"
freshteam:kmutt-ets,KMUTT ETS,"The /jobs page titles itself ""KMUTT ETS Careers"" and og:title reads ""Careers - KMUTT ETS""; its 2 postings do not name the employer (2026-09-29)"
freshteam:coing,CAKE.com,"The /jobs page titles itself ""CAKE.com | Careers"" and og:title reads ""CAKE.com""; 3 of 3 postings read ""CAKE.com is a unicorn product-based company"" (2026-09-29)"
